<?xml version="1.0"?>
<apps>
<app>
  <id>App1</id>
<comp>
  <id>Comp:1-0-0</id>
  <CPU>0.899Gf</CPU>
  <RAM>0.923GB</RAM>
  <DISK>0.933GB</DISK>
</comp>
<comp>
  <id>Comp:1-0-1</id>
  <CPU>0.899Gf</CPU>
  <RAM>0.923GB</RAM>
  <DISK>0.933GB</DISK>
</comp>
<comp>
  <id>Comp:1-1-0</id>
  <CPU>0.485Gf</CPU>
  <RAM>0.81GB</RAM>
  <DISK>1.86GB</DISK>
</comp>
<comp>
  <id>Comp:1-1-1</id>
  <CPU>0.485Gf</CPU>
  <RAM>0.81GB</RAM>
  <DISK>1.86GB</DISK>
</comp>
<comp>
  <id>Comp:1-1-2</id>
  <CPU>0.485Gf</CPU>
  <RAM>0.81GB</RAM>
  <DISK>1.86GB</DISK>
</comp>
<comp>
  <id>Comp:1-2-0</id>
  <CPU>0.101Gf</CPU>
  <RAM>0.752GB</RAM>
  <DISK>0.849GB</DISK>
</comp>
<comp>
  <id>Comp:1-2-1</id>
  <CPU>0.101Gf</CPU>
  <RAM>0.752GB</RAM>
  <DISK>0.849GB</DISK>
</comp>
<comp>
  <id>Comp:1-2-2</id>
  <CPU>0.101Gf</CPU>
  <RAM>0.752GB</RAM>
  <DISK>0.849GB</DISK>
</comp>
<comp>
  <id>Comp:1-2-3</id>
  <CPU>0.101Gf</CPU>
  <RAM>0.752GB</RAM>
  <DISK>0.849GB</DISK>
</comp>
<comp>
  <id>Comp:1-2-4</id>
  <CPU>0.101Gf</CPU>
  <RAM>0.752GB</RAM>
  <DISK>0.849GB</DISK>
</comp>
<comp>
  <id>Comp:1-2-5</id>
  <CPU>0.101Gf</CPU>
  <RAM>0.752GB</RAM>
  <DISK>0.849GB</DISK>
</comp>
  <bind>Comp:1-1-0 Comp:1-0-0 0.446MBps 29.3ms</bind>
  <bind>Comp:1-0-0 Comp:1-1-0 0.446MBps 29.3ms</bind>
  <bind>Comp:1-1-1 Comp:1-0-1 0.446MBps 29.3ms</bind>
  <bind>Comp:1-0-1 Comp:1-1-1 0.446MBps 29.3ms</bind>
  <bind>Comp:1-1-2 Comp:1-0-0 0.446MBps 29.3ms</bind>
  <bind>Comp:1-0-0 Comp:1-1-2 0.446MBps 29.3ms</bind>
  <bind>Comp:1-2-0 Comp:1-1-0 0.384MBps 41.5ms</bind>
  <bind>Comp:1-1-0 Comp:1-2-0 0.384MBps 41.5ms</bind>
  <bind>Comp:1-2-1 Comp:1-1-1 0.384MBps 41.5ms</bind>
  <bind>Comp:1-1-1 Comp:1-2-1 0.384MBps 41.5ms</bind>
  <bind>Comp:1-2-2 Comp:1-1-2 0.384MBps 41.5ms</bind>
  <bind>Comp:1-1-2 Comp:1-2-2 0.384MBps 41.5ms</bind>
  <bind>Comp:1-2-3 Comp:1-1-0 0.384MBps 41.5ms</bind>
  <bind>Comp:1-1-0 Comp:1-2-3 0.384MBps 41.5ms</bind>
  <bind>Comp:1-2-4 Comp:1-1-1 0.384MBps 41.5ms</bind>
  <bind>Comp:1-1-1 Comp:1-2-4 0.384MBps 41.5ms</bind>
  <bind>Comp:1-2-5 Comp:1-1-2 0.384MBps 41.5ms</bind>
  <bind>Comp:1-1-2 Comp:1-2-5 0.384MBps 41.5ms</bind>
  <bind>Comp:1-2-0 Appliance-38 0.741MBps 44.6ms</bind>
  <bind>Appliance-38 Comp:1-2-0 0.741MBps 44.6ms</bind>
  <bind>Comp:1-2-1 Appliance-0 0.741MBps 44.6ms</bind>
  <bind>Appliance-0 Comp:1-2-1 0.741MBps 44.6ms</bind>
  <bind>Comp:1-2-2 Appliance-12 0.741MBps 44.6ms</bind>
  <bind>Appliance-12 Comp:1-2-2 0.741MBps 44.6ms</bind>
  <bind>Comp:1-2-3 Appliance-8 0.741MBps 44.6ms</bind>
  <bind>Appliance-8 Comp:1-2-3 0.741MBps 44.6ms</bind>
  <bind>Comp:1-2-4 Appliance-22 0.741MBps 44.6ms</bind>
  <bind>Appliance-22 Comp:1-2-4 0.741MBps 44.6ms</bind>
  <bind>Comp:1-2-5 Appliance-30 0.741MBps 44.6ms</bind>
  <bind>Appliance-30 Comp:1-2-5 0.741MBps 44.6ms</bind>
</app>
</apps>
