<?xml version="1.0"?>
<apps>
<app>
  <id>App1</id>
<comp>
  <id>Comp:1-0-0</id>
  <CPU>0.899Gf</CPU>
  <RAM>0.923GB</RAM>
  <DISK>0.933GB</DISK>
</comp>
<comp>
  <id>Comp:1-0-1</id>
  <CPU>0.899Gf</CPU>
  <RAM>0.923GB</RAM>
  <DISK>0.933GB</DISK>
</comp>
<comp>
  <id>Comp:1-1-0</id>
  <CPU>0.485Gf</CPU>
  <RAM>0.81GB</RAM>
  <DISK>1.86GB</DISK>
</comp>
<comp>
  <id>Comp:1-1-1</id>
  <CPU>0.485Gf</CPU>
  <RAM>0.81GB</RAM>
  <DISK>1.86GB</DISK>
</comp>
<comp>
  <id>Comp:1-1-2</id>
  <CPU>0.485Gf</CPU>
  <RAM>0.81GB</RAM>
  <DISK>1.86GB</DISK>
</comp>
<comp>
  <id>Comp:1-2-0</id>
  <CPU>0.101Gf</CPU>
  <RAM>0.752GB</RAM>
  <DISK>0.849GB</DISK>
</comp>
<comp>
  <id>Comp:1-2-1</id>
  <CPU>0.101Gf</CPU>
  <RAM>0.752GB</RAM>
  <DISK>0.849GB</DISK>
</comp>
<comp>
  <id>Comp:1-2-2</id>
  <CPU>0.101Gf</CPU>
  <RAM>0.752GB</RAM>
  <DISK>0.849GB</DISK>
</comp>
<comp>
  <id>Comp:1-2-3</id>
  <CPU>0.101Gf</CPU>
  <RAM>0.752GB</RAM>
  <DISK>0.849GB</DISK>
</comp>
<comp>
  <id>Comp:1-2-4</id>
  <CPU>0.101Gf</CPU>
  <RAM>0.752GB</RAM>
  <DISK>0.849GB</DISK>
</comp>
<comp>
  <id>Comp:1-2-5</id>
  <CPU>0.101Gf</CPU>
  <RAM>0.752GB</RAM>
  <DISK>0.849GB</DISK>
</comp>
  <bind>Comp:1-1-0 Comp:1-0-0 0.446MBps 29.3ms</bind>
  <bind>Comp:1-0-0 Comp:1-1-0 0.446MBps 29.3ms</bind>
  <bind>Comp:1-1-1 Comp:1-0-1 0.446MBps 29.3ms</bind>
  <bind>Comp:1-0-1 Comp:1-1-1 0.446MBps 29.3ms</bind>
  <bind>Comp:1-1-2 Comp:1-0-0 0.446MBps 29.3ms</bind>
  <bind>Comp:1-0-0 Comp:1-1-2 0.446MBps 29.3ms</bind>
  <bind>Comp:1-2-0 Comp:1-1-0 0.384MBps 41.5ms</bind>
  <bind>Comp:1-1-0 Comp:1-2-0 0.384MBps 41.5ms</bind>
  <bind>Comp:1-2-1 Comp:1-1-1 0.384MBps 41.5ms</bind>
  <bind>Comp:1-1-1 Comp:1-2-1 0.384MBps 41.5ms</bind>
  <bind>Comp:1-2-2 Comp:1-1-2 0.384MBps 41.5ms</bind>
  <bind>Comp:1-1-2 Comp:1-2-2 0.384MBps 41.5ms</bind>
  <bind>Comp:1-2-3 Comp:1-1-0 0.384MBps 41.5ms</bind>
  <bind>Comp:1-1-0 Comp:1-2-3 0.384MBps 41.5ms</bind>
  <bind>Comp:1-2-4 Comp:1-1-1 0.384MBps 41.5ms</bind>
  <bind>Comp:1-1-1 Comp:1-2-4 0.384MBps 41.5ms</bind>
  <bind>Comp:1-2-5 Comp:1-1-2 0.384MBps 41.5ms</bind>
  <bind>Comp:1-1-2 Comp:1-2-5 0.384MBps 41.5ms</bind>
  <bind>Comp:1-2-0 Appliance-38 0.741MBps 44.6ms</bind>
  <bind>Appliance-38 Comp:1-2-0 0.741MBps 44.6ms</bind>
  <bind>Comp:1-2-1 Appliance-0 0.741MBps 44.6ms</bind>
  <bind>Appliance-0 Comp:1-2-1 0.741MBps 44.6ms</bind>
  <bind>Comp:1-2-2 Appliance-12 0.741MBps 44.6ms</bind>
  <bind>Appliance-12 Comp:1-2-2 0.741MBps 44.6ms</bind>
  <bind>Comp:1-2-3 Appliance-8 0.741MBps 44.6ms</bind>
  <bind>Appliance-8 Comp:1-2-3 0.741MBps 44.6ms</bind>
  <bind>Comp:1-2-4 Appliance-22 0.741MBps 44.6ms</bind>
  <bind>Appliance-22 Comp:1-2-4 0.741MBps 44.6ms</bind>
  <bind>Comp:1-2-5 Appliance-30 0.741MBps 44.6ms</bind>
  <bind>Appliance-30 Comp:1-2-5 0.741MBps 44.6ms</bind>
</app>
<app>
  <id>App10</id>
<comp>
  <id>Comp:10-1-0</id>
  <CPU>0.193Gf</CPU>
  <RAM>0.531GB</RAM>
  <DISK>0.839GB</DISK>
</comp>
<comp>
  <id>Comp:10-2-0</id>
  <CPU>0.951Gf</CPU>
  <RAM>0.252GB</RAM>
  <DISK>1.7GB</DISK>
</comp>
<comp>
  <id>Comp:10-2-1</id>
  <CPU>0.951Gf</CPU>
  <RAM>0.252GB</RAM>
  <DISK>1.7GB</DISK>
</comp>
<comp>
  <id>Comp:10-3-0</id>
  <CPU>0.459Gf</CPU>
  <RAM>0.128GB</RAM>
  <DISK>0.192GB</DISK>
</comp>
<comp>
  <id>Comp:10-3-1</id>
  <CPU>0.459Gf</CPU>
  <RAM>0.128GB</RAM>
  <DISK>0.192GB</DISK>
</comp>
<comp>
  <id>Comp:10-3-2</id>
  <CPU>0.459Gf</CPU>
  <RAM>0.128GB</RAM>
  <DISK>0.192GB</DISK>
</comp>
<comp>
  <id>Comp:10-3-3</id>
  <CPU>0.459Gf</CPU>
  <RAM>0.128GB</RAM>
  <DISK>0.192GB</DISK>
</comp>
<comp>
  <id>Comp:10-3-4</id>
  <CPU>0.459Gf</CPU>
  <RAM>0.128GB</RAM>
  <DISK>0.192GB</DISK>
</comp>
<comp>
  <id>Comp:10-3-5</id>
  <CPU>0.459Gf</CPU>
  <RAM>0.128GB</RAM>
  <DISK>0.192GB</DISK>
</comp>
<comp>
  <id>Comp:10-3-6</id>
  <CPU>0.459Gf</CPU>
  <RAM>0.128GB</RAM>
  <DISK>0.192GB</DISK>
</comp>
<comp>
  <id>Comp:10-3-7</id>
  <CPU>0.459Gf</CPU>
  <RAM>0.128GB</RAM>
  <DISK>0.192GB</DISK>
</comp>
<comp>
  <id>Comp:10-4-0</id>
  <CPU>0.188Gf</CPU>
  <RAM>0.138GB</RAM>
  <DISK>1.89GB</DISK>
</comp>
<comp>
  <id>Comp:10-4-1</id>
  <CPU>0.188Gf</CPU>
  <RAM>0.138GB</RAM>
  <DISK>1.89GB</DISK>
</comp>
<comp>
  <id>Comp:10-4-2</id>
  <CPU>0.188Gf</CPU>
  <RAM>0.138GB</RAM>
  <DISK>1.89GB</DISK>
</comp>
  <bind>Comp:10-1-0 Appliance-24 0.908MBps 41.9ms</bind>
  <bind>Appliance-24 Comp:10-1-0 0.908MBps 41.9ms</bind>
  <bind>Comp:10-1-0 Appliance-4 0.908MBps 41.9ms</bind>
  <bind>Appliance-4 Comp:10-1-0 0.908MBps 41.9ms</bind>
  <bind>Comp:10-1-0 Appliance-20 0.908MBps 41.9ms</bind>
  <bind>Appliance-20 Comp:10-1-0 0.908MBps 41.9ms</bind>
  <bind>Comp:10-1-0 Appliance-20 0.908MBps 41.9ms</bind>
  <bind>Appliance-20 Comp:10-1-0 0.908MBps 41.9ms</bind>
  <bind>Comp:10-1-0 Appliance-11 0.908MBps 41.9ms</bind>
  <bind>Appliance-11 Comp:10-1-0 0.908MBps 41.9ms</bind>
  <bind>Comp:10-1-0 Appliance-39 0.908MBps 41.9ms</bind>
  <bind>Appliance-39 Comp:10-1-0 0.908MBps 41.9ms</bind>
  <bind>Comp:10-1-0 Appliance-7 0.908MBps 41.9ms</bind>
  <bind>Appliance-7 Comp:10-1-0 0.908MBps 41.9ms</bind>
  <bind>Comp:10-2-0 Comp:10-1-0 0.3MBps 48.0ms</bind>
  <bind>Comp:10-1-0 Comp:10-2-0 0.3MBps 48.0ms</bind>
  <bind>Comp:10-2-1 Comp:10-1-0 0.3MBps 48.0ms</bind>
  <bind>Comp:10-1-0 Comp:10-2-1 0.3MBps 48.0ms</bind>
  <bind>Comp:10-3-0 Comp:10-2-0 0.853MBps 42.5ms</bind>
  <bind>Comp:10-2-0 Comp:10-3-0 0.853MBps 42.5ms</bind>
  <bind>Comp:10-3-1 Comp:10-2-1 0.853MBps 42.5ms</bind>
  <bind>Comp:10-2-1 Comp:10-3-1 0.853MBps 42.5ms</bind>
  <bind>Comp:10-3-2 Comp:10-2-0 0.853MBps 42.5ms</bind>
  <bind>Comp:10-2-0 Comp:10-3-2 0.853MBps 42.5ms</bind>
  <bind>Comp:10-3-3 Comp:10-2-1 0.853MBps 42.5ms</bind>
  <bind>Comp:10-2-1 Comp:10-3-3 0.853MBps 42.5ms</bind>
  <bind>Comp:10-3-4 Comp:10-2-0 0.853MBps 42.5ms</bind>
  <bind>Comp:10-2-0 Comp:10-3-4 0.853MBps 42.5ms</bind>
  <bind>Comp:10-3-5 Comp:10-2-1 0.853MBps 42.5ms</bind>
  <bind>Comp:10-2-1 Comp:10-3-5 0.853MBps 42.5ms</bind>
  <bind>Comp:10-3-6 Comp:10-2-0 0.853MBps 42.5ms</bind>
  <bind>Comp:10-2-0 Comp:10-3-6 0.853MBps 42.5ms</bind>
  <bind>Comp:10-3-7 Comp:10-2-1 0.853MBps 42.5ms</bind>
  <bind>Comp:10-2-1 Comp:10-3-7 0.853MBps 42.5ms</bind>
  <bind>Comp:10-4-0 Comp:10-3-0 0.0867MBps 34.4ms</bind>
  <bind>Comp:10-3-0 Comp:10-4-0 0.0867MBps 34.4ms</bind>
  <bind>Comp:10-4-1 Comp:10-3-1 0.0867MBps 34.4ms</bind>
  <bind>Comp:10-3-1 Comp:10-4-1 0.0867MBps 34.4ms</bind>
  <bind>Comp:10-4-2 Comp:10-3-2 0.0867MBps 34.4ms</bind>
  <bind>Comp:10-3-2 Comp:10-4-2 0.0867MBps 34.4ms</bind>
  <bind>Comp:10-4-0 Comp:10-3-3 0.0867MBps 34.4ms</bind>
  <bind>Comp:10-3-3 Comp:10-4-0 0.0867MBps 34.4ms</bind>
  <bind>Comp:10-4-1 Comp:10-3-4 0.0867MBps 34.4ms</bind>
  <bind>Comp:10-3-4 Comp:10-4-1 0.0867MBps 34.4ms</bind>
  <bind>Comp:10-4-2 Comp:10-3-5 0.0867MBps 34.4ms</bind>
  <bind>Comp:10-3-5 Comp:10-4-2 0.0867MBps 34.4ms</bind>
  <bind>Comp:10-4-0 Comp:10-3-6 0.0867MBps 34.4ms</bind>
  <bind>Comp:10-3-6 Comp:10-4-0 0.0867MBps 34.4ms</bind>
  <bind>Comp:10-4-1 Comp:10-3-7 0.0867MBps 34.4ms</bind>
  <bind>Comp:10-3-7 Comp:10-4-1 0.0867MBps 34.4ms</bind>
  <bind>Comp:10-4-0 Appliance-23 0.329MBps 31.5ms</bind>
  <bind>Appliance-23 Comp:10-4-0 0.329MBps 31.5ms</bind>
  <bind>Comp:10-4-1 Appliance-23 0.329MBps 31.5ms</bind>
  <bind>Appliance-23 Comp:10-4-1 0.329MBps 31.5ms</bind>
  <bind>Comp:10-4-2 Appliance-23 0.329MBps 31.5ms</bind>
  <bind>Appliance-23 Comp:10-4-2 0.329MBps 31.5ms</bind>
</app>
<app>
  <id>App11</id>
<comp>
  <id>Comp:11-1-0</id>
  <CPU>0.154Gf</CPU>
  <RAM>0.662GB</RAM>
  <DISK>1.1GB</DISK>
</comp>
<comp>
  <id>Comp:11-1-1</id>
  <CPU>0.154Gf</CPU>
  <RAM>0.662GB</RAM>
  <DISK>1.1GB</DISK>
</comp>
<comp>
  <id>Comp:11-1-2</id>
  <CPU>0.154Gf</CPU>
  <RAM>0.662GB</RAM>
  <DISK>1.1GB</DISK>
</comp>
<comp>
  <id>Comp:11-1-3</id>
  <CPU>0.154Gf</CPU>
  <RAM>0.662GB</RAM>
  <DISK>1.1GB</DISK>
</comp>
<comp>
  <id>Comp:11-1-4</id>
  <CPU>0.154Gf</CPU>
  <RAM>0.662GB</RAM>
  <DISK>1.1GB</DISK>
</comp>
<comp>
  <id>Comp:11-1-5</id>
  <CPU>0.154Gf</CPU>
  <RAM>0.662GB</RAM>
  <DISK>1.1GB</DISK>
</comp>
<comp>
  <id>Comp:11-1-6</id>
  <CPU>0.154Gf</CPU>
  <RAM>0.662GB</RAM>
  <DISK>1.1GB</DISK>
</comp>
  <bind>Comp:11-1-0 Appliance-25 0.973MBps 27.7ms</bind>
  <bind>Appliance-25 Comp:11-1-0 0.973MBps 27.7ms</bind>
  <bind>Comp:11-1-1 Appliance-36 0.973MBps 27.7ms</bind>
  <bind>Appliance-36 Comp:11-1-1 0.973MBps 27.7ms</bind>
  <bind>Comp:11-1-2 Appliance-12 0.973MBps 27.7ms</bind>
  <bind>Appliance-12 Comp:11-1-2 0.973MBps 27.7ms</bind>
  <bind>Comp:11-1-3 Appliance-22 0.973MBps 27.7ms</bind>
  <bind>Appliance-22 Comp:11-1-3 0.973MBps 27.7ms</bind>
  <bind>Comp:11-1-4 Appliance-33 0.973MBps 27.7ms</bind>
  <bind>Appliance-33 Comp:11-1-4 0.973MBps 27.7ms</bind>
  <bind>Comp:11-1-5 Appliance-30 0.973MBps 27.7ms</bind>
  <bind>Appliance-30 Comp:11-1-5 0.973MBps 27.7ms</bind>
  <bind>Comp:11-1-6 Appliance-37 0.973MBps 27.7ms</bind>
  <bind>Appliance-37 Comp:11-1-6 0.973MBps 27.7ms</bind>
  <bind>Comp:11-1-0 Appliance-8 0.583MBps 35.6ms</bind>
  <bind>Appliance-8 Comp:11-1-0 0.583MBps 35.6ms</bind>
  <bind>Comp:11-1-1 Appliance-14 0.583MBps 35.6ms</bind>
  <bind>Appliance-14 Comp:11-1-1 0.583MBps 35.6ms</bind>
  <bind>Comp:11-1-2 Appliance-13 0.583MBps 35.6ms</bind>
  <bind>Appliance-13 Comp:11-1-2 0.583MBps 35.6ms</bind>
  <bind>Comp:11-1-3 Appliance-8 0.583MBps 35.6ms</bind>
  <bind>Appliance-8 Comp:11-1-3 0.583MBps 35.6ms</bind>
  <bind>Comp:11-1-4 Appliance-14 0.583MBps 35.6ms</bind>
  <bind>Appliance-14 Comp:11-1-4 0.583MBps 35.6ms</bind>
  <bind>Comp:11-1-5 Appliance-13 0.583MBps 35.6ms</bind>
  <bind>Appliance-13 Comp:11-1-5 0.583MBps 35.6ms</bind>
  <bind>Comp:11-1-6 Appliance-8 0.583MBps 35.6ms</bind>
  <bind>Appliance-8 Comp:11-1-6 0.583MBps 35.6ms</bind>
</app>
<app>
  <id>App12</id>
<comp>
  <id>Comp:12-1-0</id>
  <CPU>0.398Gf</CPU>
  <RAM>0.844GB</RAM>
  <DISK>0.163GB</DISK>
</comp>
<comp>
  <id>Comp:12-1-1</id>
  <CPU>0.398Gf</CPU>
  <RAM>0.844GB</RAM>
  <DISK>0.163GB</DISK>
</comp>
<comp>
  <id>Comp:12-1-2</id>
  <CPU>0.398Gf</CPU>
  <RAM>0.844GB</RAM>
  <DISK>0.163GB</DISK>
</comp>
<comp>
  <id>Comp:12-1-3</id>
  <CPU>0.398Gf</CPU>
  <RAM>0.844GB</RAM>
  <DISK>0.163GB</DISK>
</comp>
<comp>
  <id>Comp:12-1-4</id>
  <CPU>0.398Gf</CPU>
  <RAM>0.844GB</RAM>
  <DISK>0.163GB</DISK>
</comp>
<comp>
  <id>Comp:12-1-5</id>
  <CPU>0.398Gf</CPU>
  <RAM>0.844GB</RAM>
  <DISK>0.163GB</DISK>
</comp>
<comp>
  <id>Comp:12-1-6</id>
  <CPU>0.398Gf</CPU>
  <RAM>0.844GB</RAM>
  <DISK>0.163GB</DISK>
</comp>
<comp>
  <id>Comp:12-1-7</id>
  <CPU>0.398Gf</CPU>
  <RAM>0.844GB</RAM>
  <DISK>0.163GB</DISK>
</comp>
<comp>
  <id>Comp:12-1-8</id>
  <CPU>0.398Gf</CPU>
  <RAM>0.844GB</RAM>
  <DISK>0.163GB</DISK>
</comp>
<comp>
  <id>Comp:12-2-0</id>
  <CPU>0.577Gf</CPU>
  <RAM>0.937GB</RAM>
  <DISK>0.6GB</DISK>
</comp>
<comp>
  <id>Comp:12-2-1</id>
  <CPU>0.577Gf</CPU>
  <RAM>0.937GB</RAM>
  <DISK>0.6GB</DISK>
</comp>
<comp>
  <id>Comp:12-2-2</id>
  <CPU>0.577Gf</CPU>
  <RAM>0.937GB</RAM>
  <DISK>0.6GB</DISK>
</comp>
<comp>
  <id>Comp:12-2-3</id>
  <CPU>0.577Gf</CPU>
  <RAM>0.937GB</RAM>
  <DISK>0.6GB</DISK>
</comp>
<comp>
  <id>Comp:12-2-4</id>
  <CPU>0.577Gf</CPU>
  <RAM>0.937GB</RAM>
  <DISK>0.6GB</DISK>
</comp>
<comp>
  <id>Comp:12-2-5</id>
  <CPU>0.577Gf</CPU>
  <RAM>0.937GB</RAM>
  <DISK>0.6GB</DISK>
</comp>
<comp>
  <id>Comp:12-2-6</id>
  <CPU>0.577Gf</CPU>
  <RAM>0.937GB</RAM>
  <DISK>0.6GB</DISK>
</comp>
<comp>
  <id>Comp:12-3-0</id>
  <CPU>0.673Gf</CPU>
  <RAM>0.941GB</RAM>
  <DISK>1.54GB</DISK>
</comp>
<comp>
  <id>Comp:12-3-1</id>
  <CPU>0.673Gf</CPU>
  <RAM>0.941GB</RAM>
  <DISK>1.54GB</DISK>
</comp>
<comp>
  <id>Comp:12-4-0</id>
  <CPU>0.288Gf</CPU>
  <RAM>0.314GB</RAM>
  <DISK>1.6GB</DISK>
</comp>
<comp>
  <id>Comp:12-4-1</id>
  <CPU>0.288Gf</CPU>
  <RAM>0.314GB</RAM>
  <DISK>1.6GB</DISK>
</comp>
<comp>
  <id>Comp:12-4-2</id>
  <CPU>0.288Gf</CPU>
  <RAM>0.314GB</RAM>
  <DISK>1.6GB</DISK>
</comp>
<comp>
  <id>Comp:12-4-3</id>
  <CPU>0.288Gf</CPU>
  <RAM>0.314GB</RAM>
  <DISK>1.6GB</DISK>
</comp>
  <bind>Comp:12-1-0 Appliance-0 0.0935MBps 49.2ms</bind>
  <bind>Appliance-0 Comp:12-1-0 0.0935MBps 49.2ms</bind>
  <bind>Comp:12-1-1 Appliance-18 0.0935MBps 49.2ms</bind>
  <bind>Appliance-18 Comp:12-1-1 0.0935MBps 49.2ms</bind>
  <bind>Comp:12-1-2 Appliance-28 0.0935MBps 49.2ms</bind>
  <bind>Appliance-28 Comp:12-1-2 0.0935MBps 49.2ms</bind>
  <bind>Comp:12-1-3 Appliance-12 0.0935MBps 49.2ms</bind>
  <bind>Appliance-12 Comp:12-1-3 0.0935MBps 49.2ms</bind>
  <bind>Comp:12-1-4 Appliance-0 0.0935MBps 49.2ms</bind>
  <bind>Appliance-0 Comp:12-1-4 0.0935MBps 49.2ms</bind>
  <bind>Comp:12-1-5 Appliance-18 0.0935MBps 49.2ms</bind>
  <bind>Appliance-18 Comp:12-1-5 0.0935MBps 49.2ms</bind>
  <bind>Comp:12-1-6 Appliance-28 0.0935MBps 49.2ms</bind>
  <bind>Appliance-28 Comp:12-1-6 0.0935MBps 49.2ms</bind>
  <bind>Comp:12-1-7 Appliance-12 0.0935MBps 49.2ms</bind>
  <bind>Appliance-12 Comp:12-1-7 0.0935MBps 49.2ms</bind>
  <bind>Comp:12-1-8 Appliance-0 0.0935MBps 49.2ms</bind>
  <bind>Appliance-0 Comp:12-1-8 0.0935MBps 49.2ms</bind>
  <bind>Comp:12-2-0 Comp:12-1-0 0.445MBps 35.2ms</bind>
  <bind>Comp:12-1-0 Comp:12-2-0 0.445MBps 35.2ms</bind>
  <bind>Comp:12-2-1 Comp:12-1-1 0.445MBps 35.2ms</bind>
  <bind>Comp:12-1-1 Comp:12-2-1 0.445MBps 35.2ms</bind>
  <bind>Comp:12-2-2 Comp:12-1-2 0.445MBps 35.2ms</bind>
  <bind>Comp:12-1-2 Comp:12-2-2 0.445MBps 35.2ms</bind>
  <bind>Comp:12-2-3 Comp:12-1-3 0.445MBps 35.2ms</bind>
  <bind>Comp:12-1-3 Comp:12-2-3 0.445MBps 35.2ms</bind>
  <bind>Comp:12-2-4 Comp:12-1-4 0.445MBps 35.2ms</bind>
  <bind>Comp:12-1-4 Comp:12-2-4 0.445MBps 35.2ms</bind>
  <bind>Comp:12-2-5 Comp:12-1-5 0.445MBps 35.2ms</bind>
  <bind>Comp:12-1-5 Comp:12-2-5 0.445MBps 35.2ms</bind>
  <bind>Comp:12-2-6 Comp:12-1-6 0.445MBps 35.2ms</bind>
  <bind>Comp:12-1-6 Comp:12-2-6 0.445MBps 35.2ms</bind>
  <bind>Comp:12-2-0 Comp:12-1-7 0.445MBps 35.2ms</bind>
  <bind>Comp:12-1-7 Comp:12-2-0 0.445MBps 35.2ms</bind>
  <bind>Comp:12-2-1 Comp:12-1-8 0.445MBps 35.2ms</bind>
  <bind>Comp:12-1-8 Comp:12-2-1 0.445MBps 35.2ms</bind>
  <bind>Comp:12-3-0 Comp:12-2-0 0.0552MBps 26.6ms</bind>
  <bind>Comp:12-2-0 Comp:12-3-0 0.0552MBps 26.6ms</bind>
  <bind>Comp:12-3-1 Comp:12-2-1 0.0552MBps 26.6ms</bind>
  <bind>Comp:12-2-1 Comp:12-3-1 0.0552MBps 26.6ms</bind>
  <bind>Comp:12-3-0 Comp:12-2-2 0.0552MBps 26.6ms</bind>
  <bind>Comp:12-2-2 Comp:12-3-0 0.0552MBps 26.6ms</bind>
  <bind>Comp:12-3-1 Comp:12-2-3 0.0552MBps 26.6ms</bind>
  <bind>Comp:12-2-3 Comp:12-3-1 0.0552MBps 26.6ms</bind>
  <bind>Comp:12-3-0 Comp:12-2-4 0.0552MBps 26.6ms</bind>
  <bind>Comp:12-2-4 Comp:12-3-0 0.0552MBps 26.6ms</bind>
  <bind>Comp:12-3-1 Comp:12-2-5 0.0552MBps 26.6ms</bind>
  <bind>Comp:12-2-5 Comp:12-3-1 0.0552MBps 26.6ms</bind>
  <bind>Comp:12-3-0 Comp:12-2-6 0.0552MBps 26.6ms</bind>
  <bind>Comp:12-2-6 Comp:12-3-0 0.0552MBps 26.6ms</bind>
  <bind>Comp:12-4-0 Comp:12-3-0 0.746MBps 37.1ms</bind>
  <bind>Comp:12-3-0 Comp:12-4-0 0.746MBps 37.1ms</bind>
  <bind>Comp:12-4-1 Comp:12-3-1 0.746MBps 37.1ms</bind>
  <bind>Comp:12-3-1 Comp:12-4-1 0.746MBps 37.1ms</bind>
  <bind>Comp:12-4-2 Comp:12-3-0 0.746MBps 37.1ms</bind>
  <bind>Comp:12-3-0 Comp:12-4-2 0.746MBps 37.1ms</bind>
  <bind>Comp:12-4-3 Comp:12-3-1 0.746MBps 37.1ms</bind>
  <bind>Comp:12-3-1 Comp:12-4-3 0.746MBps 37.1ms</bind>
  <bind>Comp:12-4-0 Appliance-26 0.292MBps 44.4ms</bind>
  <bind>Appliance-26 Comp:12-4-0 0.292MBps 44.4ms</bind>
  <bind>Comp:12-4-1 Appliance-26 0.292MBps 44.4ms</bind>
  <bind>Appliance-26 Comp:12-4-1 0.292MBps 44.4ms</bind>
  <bind>Comp:12-4-2 Appliance-32 0.292MBps 44.4ms</bind>
  <bind>Appliance-32 Comp:12-4-2 0.292MBps 44.4ms</bind>
  <bind>Comp:12-4-3 Appliance-25 0.292MBps 44.4ms</bind>
  <bind>Appliance-25 Comp:12-4-3 0.292MBps 44.4ms</bind>
  <bind>Comp:12-4-0 Appliance-32 0.292MBps 44.4ms</bind>
  <bind>Appliance-32 Comp:12-4-0 0.292MBps 44.4ms</bind>
  <bind>Comp:12-4-1 Appliance-16 0.292MBps 44.4ms</bind>
  <bind>Appliance-16 Comp:12-4-1 0.292MBps 44.4ms</bind>
  <bind>Comp:12-4-2 Appliance-25 0.292MBps 44.4ms</bind>
  <bind>Appliance-25 Comp:12-4-2 0.292MBps 44.4ms</bind>
</app>
<app>
  <id>App13</id>
<comp>
  <id>Comp:13-1-0</id>
  <CPU>0.728Gf</CPU>
  <RAM>0.76GB</RAM>
  <DISK>1.49GB</DISK>
</comp>
<comp>
  <id>Comp:13-1-1</id>
  <CPU>0.728Gf</CPU>
  <RAM>0.76GB</RAM>
  <DISK>1.49GB</DISK>
</comp>
<comp>
  <id>Comp:13-1-2</id>
  <CPU>0.728Gf</CPU>
  <RAM>0.76GB</RAM>
  <DISK>1.49GB</DISK>
</comp>
<comp>
  <id>Comp:13-1-3</id>
  <CPU>0.728Gf</CPU>
  <RAM>0.76GB</RAM>
  <DISK>1.49GB</DISK>
</comp>
<comp>
  <id>Comp:13-2-0</id>
  <CPU>0.878Gf</CPU>
  <RAM>0.877GB</RAM>
  <DISK>1.07GB</DISK>
</comp>
<comp>
  <id>Comp:13-2-1</id>
  <CPU>0.878Gf</CPU>
  <RAM>0.877GB</RAM>
  <DISK>1.07GB</DISK>
</comp>
<comp>
  <id>Comp:13-2-2</id>
  <CPU>0.878Gf</CPU>
  <RAM>0.877GB</RAM>
  <DISK>1.07GB</DISK>
</comp>
<comp>
  <id>Comp:13-2-3</id>
  <CPU>0.878Gf</CPU>
  <RAM>0.877GB</RAM>
  <DISK>1.07GB</DISK>
</comp>
<comp>
  <id>Comp:13-2-4</id>
  <CPU>0.878Gf</CPU>
  <RAM>0.877GB</RAM>
  <DISK>1.07GB</DISK>
</comp>
<comp>
  <id>Comp:13-2-5</id>
  <CPU>0.878Gf</CPU>
  <RAM>0.877GB</RAM>
  <DISK>1.07GB</DISK>
</comp>
<comp>
  <id>Comp:13-2-6</id>
  <CPU>0.878Gf</CPU>
  <RAM>0.877GB</RAM>
  <DISK>1.07GB</DISK>
</comp>
<comp>
  <id>Comp:13-3-0</id>
  <CPU>0.26Gf</CPU>
  <RAM>0.926GB</RAM>
  <DISK>1.34GB</DISK>
</comp>
<comp>
  <id>Comp:13-3-1</id>
  <CPU>0.26Gf</CPU>
  <RAM>0.926GB</RAM>
  <DISK>1.34GB</DISK>
</comp>
<comp>
  <id>Comp:13-4-0</id>
  <CPU>0.843Gf</CPU>
  <RAM>0.706GB</RAM>
  <DISK>1.69GB</DISK>
</comp>
<comp>
  <id>Comp:13-4-1</id>
  <CPU>0.843Gf</CPU>
  <RAM>0.706GB</RAM>
  <DISK>1.69GB</DISK>
</comp>
<comp>
  <id>Comp:13-4-2</id>
  <CPU>0.843Gf</CPU>
  <RAM>0.706GB</RAM>
  <DISK>1.69GB</DISK>
</comp>
<comp>
  <id>Comp:13-4-3</id>
  <CPU>0.843Gf</CPU>
  <RAM>0.706GB</RAM>
  <DISK>1.69GB</DISK>
</comp>
<comp>
  <id>Comp:13-4-4</id>
  <CPU>0.843Gf</CPU>
  <RAM>0.706GB</RAM>
  <DISK>1.69GB</DISK>
</comp>
<comp>
  <id>Comp:13-4-5</id>
  <CPU>0.843Gf</CPU>
  <RAM>0.706GB</RAM>
  <DISK>1.69GB</DISK>
</comp>
<comp>
  <id>Comp:13-5-0</id>
  <CPU>0.53Gf</CPU>
  <RAM>0.566GB</RAM>
  <DISK>0.304GB</DISK>
</comp>
<comp>
  <id>Comp:13-5-1</id>
  <CPU>0.53Gf</CPU>
  <RAM>0.566GB</RAM>
  <DISK>0.304GB</DISK>
</comp>
  <bind>Comp:13-1-0 Appliance-4 0.137MBps 33.5ms</bind>
  <bind>Appliance-4 Comp:13-1-0 0.137MBps 33.5ms</bind>
  <bind>Comp:13-1-1 Appliance-4 0.137MBps 33.5ms</bind>
  <bind>Appliance-4 Comp:13-1-1 0.137MBps 33.5ms</bind>
  <bind>Comp:13-1-2 Appliance-4 0.137MBps 33.5ms</bind>
  <bind>Appliance-4 Comp:13-1-2 0.137MBps 33.5ms</bind>
  <bind>Comp:13-1-3 Appliance-5 0.137MBps 33.5ms</bind>
  <bind>Appliance-5 Comp:13-1-3 0.137MBps 33.5ms</bind>
  <bind>Comp:13-1-0 Appliance-20 0.137MBps 33.5ms</bind>
  <bind>Appliance-20 Comp:13-1-0 0.137MBps 33.5ms</bind>
  <bind>Comp:13-1-1 Appliance-27 0.137MBps 33.5ms</bind>
  <bind>Appliance-27 Comp:13-1-1 0.137MBps 33.5ms</bind>
  <bind>Comp:13-1-2 Appliance-10 0.137MBps 33.5ms</bind>
  <bind>Appliance-10 Comp:13-1-2 0.137MBps 33.5ms</bind>
  <bind>Comp:13-2-0 Comp:13-1-0 0.934MBps 46.2ms</bind>
  <bind>Comp:13-1-0 Comp:13-2-0 0.934MBps 46.2ms</bind>
  <bind>Comp:13-2-1 Comp:13-1-1 0.934MBps 46.2ms</bind>
  <bind>Comp:13-1-1 Comp:13-2-1 0.934MBps 46.2ms</bind>
  <bind>Comp:13-2-2 Comp:13-1-2 0.934MBps 46.2ms</bind>
  <bind>Comp:13-1-2 Comp:13-2-2 0.934MBps 46.2ms</bind>
  <bind>Comp:13-2-3 Comp:13-1-3 0.934MBps 46.2ms</bind>
  <bind>Comp:13-1-3 Comp:13-2-3 0.934MBps 46.2ms</bind>
  <bind>Comp:13-2-4 Comp:13-1-0 0.934MBps 46.2ms</bind>
  <bind>Comp:13-1-0 Comp:13-2-4 0.934MBps 46.2ms</bind>
  <bind>Comp:13-2-5 Comp:13-1-1 0.934MBps 46.2ms</bind>
  <bind>Comp:13-1-1 Comp:13-2-5 0.934MBps 46.2ms</bind>
  <bind>Comp:13-2-6 Comp:13-1-2 0.934MBps 46.2ms</bind>
  <bind>Comp:13-1-2 Comp:13-2-6 0.934MBps 46.2ms</bind>
  <bind>Comp:13-3-0 Comp:13-2-0 0.545MBps 35.8ms</bind>
  <bind>Comp:13-2-0 Comp:13-3-0 0.545MBps 35.8ms</bind>
  <bind>Comp:13-3-1 Comp:13-2-1 0.545MBps 35.8ms</bind>
  <bind>Comp:13-2-1 Comp:13-3-1 0.545MBps 35.8ms</bind>
  <bind>Comp:13-3-0 Comp:13-2-2 0.545MBps 35.8ms</bind>
  <bind>Comp:13-2-2 Comp:13-3-0 0.545MBps 35.8ms</bind>
  <bind>Comp:13-3-1 Comp:13-2-3 0.545MBps 35.8ms</bind>
  <bind>Comp:13-2-3 Comp:13-3-1 0.545MBps 35.8ms</bind>
  <bind>Comp:13-3-0 Comp:13-2-4 0.545MBps 35.8ms</bind>
  <bind>Comp:13-2-4 Comp:13-3-0 0.545MBps 35.8ms</bind>
  <bind>Comp:13-3-1 Comp:13-2-5 0.545MBps 35.8ms</bind>
  <bind>Comp:13-2-5 Comp:13-3-1 0.545MBps 35.8ms</bind>
  <bind>Comp:13-3-0 Comp:13-2-6 0.545MBps 35.8ms</bind>
  <bind>Comp:13-2-6 Comp:13-3-0 0.545MBps 35.8ms</bind>
  <bind>Comp:13-4-0 Comp:13-3-0 0.849MBps 29.0ms</bind>
  <bind>Comp:13-3-0 Comp:13-4-0 0.849MBps 29.0ms</bind>
  <bind>Comp:13-4-1 Comp:13-3-1 0.849MBps 29.0ms</bind>
  <bind>Comp:13-3-1 Comp:13-4-1 0.849MBps 29.0ms</bind>
  <bind>Comp:13-4-2 Comp:13-3-0 0.849MBps 29.0ms</bind>
  <bind>Comp:13-3-0 Comp:13-4-2 0.849MBps 29.0ms</bind>
  <bind>Comp:13-4-3 Comp:13-3-1 0.849MBps 29.0ms</bind>
  <bind>Comp:13-3-1 Comp:13-4-3 0.849MBps 29.0ms</bind>
  <bind>Comp:13-4-4 Comp:13-3-0 0.849MBps 29.0ms</bind>
  <bind>Comp:13-3-0 Comp:13-4-4 0.849MBps 29.0ms</bind>
  <bind>Comp:13-4-5 Comp:13-3-1 0.849MBps 29.0ms</bind>
  <bind>Comp:13-3-1 Comp:13-4-5 0.849MBps 29.0ms</bind>
  <bind>Comp:13-4-0 Comp:13-5-0 0.238MBps 41.8ms</bind>
  <bind>Comp:13-5-0 Comp:13-4-0 0.238MBps 41.8ms</bind>
  <bind>Comp:13-4-1 Comp:13-5-1 0.238MBps 41.8ms</bind>
  <bind>Comp:13-5-1 Comp:13-4-1 0.238MBps 41.8ms</bind>
  <bind>Comp:13-4-2 Comp:13-5-0 0.238MBps 41.8ms</bind>
  <bind>Comp:13-5-0 Comp:13-4-2 0.238MBps 41.8ms</bind>
  <bind>Comp:13-4-3 Comp:13-5-1 0.238MBps 41.8ms</bind>
  <bind>Comp:13-5-1 Comp:13-4-3 0.238MBps 41.8ms</bind>
  <bind>Comp:13-4-4 Comp:13-5-0 0.238MBps 41.8ms</bind>
  <bind>Comp:13-5-0 Comp:13-4-4 0.238MBps 41.8ms</bind>
  <bind>Comp:13-4-5 Comp:13-5-1 0.238MBps 41.8ms</bind>
  <bind>Comp:13-5-1 Comp:13-4-5 0.238MBps 41.8ms</bind>
</app>
<app>
  <id>App14</id>
<comp>
  <id>Comp:14-1-0</id>
  <CPU>0.621Gf</CPU>
  <RAM>0.547GB</RAM>
  <DISK>1.02GB</DISK>
</comp>
<comp>
  <id>Comp:14-2-0</id>
  <CPU>0.793Gf</CPU>
  <RAM>0.92GB</RAM>
  <DISK>1.28GB</DISK>
</comp>
<comp>
  <id>Comp:14-2-1</id>
  <CPU>0.793Gf</CPU>
  <RAM>0.92GB</RAM>
  <DISK>1.28GB</DISK>
</comp>
<comp>
  <id>Comp:14-2-2</id>
  <CPU>0.793Gf</CPU>
  <RAM>0.92GB</RAM>
  <DISK>1.28GB</DISK>
</comp>
<comp>
  <id>Comp:14-3-0</id>
  <CPU>0.172Gf</CPU>
  <RAM>0.14GB</RAM>
  <DISK>0.979GB</DISK>
</comp>
<comp>
  <id>Comp:14-3-1</id>
  <CPU>0.172Gf</CPU>
  <RAM>0.14GB</RAM>
  <DISK>0.979GB</DISK>
</comp>
<comp>
  <id>Comp:14-3-2</id>
  <CPU>0.172Gf</CPU>
  <RAM>0.14GB</RAM>
  <DISK>0.979GB</DISK>
</comp>
<comp>
  <id>Comp:14-3-3</id>
  <CPU>0.172Gf</CPU>
  <RAM>0.14GB</RAM>
  <DISK>0.979GB</DISK>
</comp>
<comp>
  <id>Comp:14-3-4</id>
  <CPU>0.172Gf</CPU>
  <RAM>0.14GB</RAM>
  <DISK>0.979GB</DISK>
</comp>
  <bind>Comp:14-1-0 Appliance-35 0.836MBps 35.1ms</bind>
  <bind>Appliance-35 Comp:14-1-0 0.836MBps 35.1ms</bind>
  <bind>Comp:14-2-0 Comp:14-1-0 0.599MBps 47.5ms</bind>
  <bind>Comp:14-1-0 Comp:14-2-0 0.599MBps 47.5ms</bind>
  <bind>Comp:14-2-1 Comp:14-1-0 0.599MBps 47.5ms</bind>
  <bind>Comp:14-1-0 Comp:14-2-1 0.599MBps 47.5ms</bind>
  <bind>Comp:14-2-2 Comp:14-1-0 0.599MBps 47.5ms</bind>
  <bind>Comp:14-1-0 Comp:14-2-2 0.599MBps 47.5ms</bind>
  <bind>Comp:14-2-0 Comp:14-3-0 0.433MBps 36.2ms</bind>
  <bind>Comp:14-3-0 Comp:14-2-0 0.433MBps 36.2ms</bind>
  <bind>Comp:14-2-1 Comp:14-3-1 0.433MBps 36.2ms</bind>
  <bind>Comp:14-3-1 Comp:14-2-1 0.433MBps 36.2ms</bind>
  <bind>Comp:14-2-2 Comp:14-3-2 0.433MBps 36.2ms</bind>
  <bind>Comp:14-3-2 Comp:14-2-2 0.433MBps 36.2ms</bind>
  <bind>Comp:14-2-0 Comp:14-3-3 0.433MBps 36.2ms</bind>
  <bind>Comp:14-3-3 Comp:14-2-0 0.433MBps 36.2ms</bind>
  <bind>Comp:14-2-1 Comp:14-3-4 0.433MBps 36.2ms</bind>
  <bind>Comp:14-3-4 Comp:14-2-1 0.433MBps 36.2ms</bind>
</app>
<app>
  <id>App15</id>
<comp>
  <id>Comp:15-1-0</id>
  <CPU>0.698Gf</CPU>
  <RAM>0.388GB</RAM>
  <DISK>0.023GB</DISK>
</comp>
<comp>
  <id>Comp:15-1-1</id>
  <CPU>0.698Gf</CPU>
  <RAM>0.388GB</RAM>
  <DISK>0.023GB</DISK>
</comp>
<comp>
  <id>Comp:15-1-2</id>
  <CPU>0.698Gf</CPU>
  <RAM>0.388GB</RAM>
  <DISK>0.023GB</DISK>
</comp>
<comp>
  <id>Comp:15-1-3</id>
  <CPU>0.698Gf</CPU>
  <RAM>0.388GB</RAM>
  <DISK>0.023GB</DISK>
</comp>
<comp>
  <id>Comp:15-1-4</id>
  <CPU>0.698Gf</CPU>
  <RAM>0.388GB</RAM>
  <DISK>0.023GB</DISK>
</comp>
<comp>
  <id>Comp:15-1-5</id>
  <CPU>0.698Gf</CPU>
  <RAM>0.388GB</RAM>
  <DISK>0.023GB</DISK>
</comp>
<comp>
  <id>Comp:15-1-6</id>
  <CPU>0.698Gf</CPU>
  <RAM>0.388GB</RAM>
  <DISK>0.023GB</DISK>
</comp>
<comp>
  <id>Comp:15-2-0</id>
  <CPU>0.269Gf</CPU>
  <RAM>0.697GB</RAM>
  <DISK>1.83GB</DISK>
</comp>
<comp>
  <id>Comp:15-2-1</id>
  <CPU>0.269Gf</CPU>
  <RAM>0.697GB</RAM>
  <DISK>1.83GB</DISK>
</comp>
<comp>
  <id>Comp:15-3-0</id>
  <CPU>0.45Gf</CPU>
  <RAM>0.548GB</RAM>
  <DISK>0.985GB</DISK>
</comp>
<comp>
  <id>Comp:15-3-1</id>
  <CPU>0.45Gf</CPU>
  <RAM>0.548GB</RAM>
  <DISK>0.985GB</DISK>
</comp>
<comp>
  <id>Comp:15-3-2</id>
  <CPU>0.45Gf</CPU>
  <RAM>0.548GB</RAM>
  <DISK>0.985GB</DISK>
</comp>
<comp>
  <id>Comp:15-3-3</id>
  <CPU>0.45Gf</CPU>
  <RAM>0.548GB</RAM>
  <DISK>0.985GB</DISK>
</comp>
<comp>
  <id>Comp:15-3-4</id>
  <CPU>0.45Gf</CPU>
  <RAM>0.548GB</RAM>
  <DISK>0.985GB</DISK>
</comp>
<comp>
  <id>Comp:15-3-5</id>
  <CPU>0.45Gf</CPU>
  <RAM>0.548GB</RAM>
  <DISK>0.985GB</DISK>
</comp>
<comp>
  <id>Comp:15-4-0</id>
  <CPU>0.257Gf</CPU>
  <RAM>0.216GB</RAM>
  <DISK>0.0251GB</DISK>
</comp>
<comp>
  <id>Comp:15-4-1</id>
  <CPU>0.257Gf</CPU>
  <RAM>0.216GB</RAM>
  <DISK>0.0251GB</DISK>
</comp>
<comp>
  <id>Comp:15-4-2</id>
  <CPU>0.257Gf</CPU>
  <RAM>0.216GB</RAM>
  <DISK>0.0251GB</DISK>
</comp>
<comp>
  <id>Comp:15-4-3</id>
  <CPU>0.257Gf</CPU>
  <RAM>0.216GB</RAM>
  <DISK>0.0251GB</DISK>
</comp>
<comp>
  <id>Comp:15-4-4</id>
  <CPU>0.257Gf</CPU>
  <RAM>0.216GB</RAM>
  <DISK>0.0251GB</DISK>
</comp>
<comp>
  <id>Comp:15-4-5</id>
  <CPU>0.257Gf</CPU>
  <RAM>0.216GB</RAM>
  <DISK>0.0251GB</DISK>
</comp>
<comp>
  <id>Comp:15-4-6</id>
  <CPU>0.257Gf</CPU>
  <RAM>0.216GB</RAM>
  <DISK>0.0251GB</DISK>
</comp>
<comp>
  <id>Comp:15-4-7</id>
  <CPU>0.257Gf</CPU>
  <RAM>0.216GB</RAM>
  <DISK>0.0251GB</DISK>
</comp>
<comp>
  <id>Comp:15-4-8</id>
  <CPU>0.257Gf</CPU>
  <RAM>0.216GB</RAM>
  <DISK>0.0251GB</DISK>
</comp>
  <bind>Comp:15-1-0 Appliance-32 0.0441MBps 29.1ms</bind>
  <bind>Appliance-32 Comp:15-1-0 0.0441MBps 29.1ms</bind>
  <bind>Comp:15-1-1 Appliance-19 0.0441MBps 29.1ms</bind>
  <bind>Appliance-19 Comp:15-1-1 0.0441MBps 29.1ms</bind>
  <bind>Comp:15-1-2 Appliance-26 0.0441MBps 29.1ms</bind>
  <bind>Appliance-26 Comp:15-1-2 0.0441MBps 29.1ms</bind>
  <bind>Comp:15-1-3 Appliance-37 0.0441MBps 29.1ms</bind>
  <bind>Appliance-37 Comp:15-1-3 0.0441MBps 29.1ms</bind>
  <bind>Comp:15-1-4 Appliance-25 0.0441MBps 29.1ms</bind>
  <bind>Appliance-25 Comp:15-1-4 0.0441MBps 29.1ms</bind>
  <bind>Comp:15-1-5 Appliance-12 0.0441MBps 29.1ms</bind>
  <bind>Appliance-12 Comp:15-1-5 0.0441MBps 29.1ms</bind>
  <bind>Comp:15-1-6 Appliance-22 0.0441MBps 29.1ms</bind>
  <bind>Appliance-22 Comp:15-1-6 0.0441MBps 29.1ms</bind>
  <bind>Comp:15-1-0 Appliance-14 0.0441MBps 29.1ms</bind>
  <bind>Appliance-14 Comp:15-1-0 0.0441MBps 29.1ms</bind>
  <bind>Comp:15-2-0 Comp:15-1-0 0.325MBps 44.6ms</bind>
  <bind>Comp:15-1-0 Comp:15-2-0 0.325MBps 44.6ms</bind>
  <bind>Comp:15-2-1 Comp:15-1-1 0.325MBps 44.6ms</bind>
  <bind>Comp:15-1-1 Comp:15-2-1 0.325MBps 44.6ms</bind>
  <bind>Comp:15-2-0 Comp:15-1-2 0.325MBps 44.6ms</bind>
  <bind>Comp:15-1-2 Comp:15-2-0 0.325MBps 44.6ms</bind>
  <bind>Comp:15-2-1 Comp:15-1-3 0.325MBps 44.6ms</bind>
  <bind>Comp:15-1-3 Comp:15-2-1 0.325MBps 44.6ms</bind>
  <bind>Comp:15-2-0 Comp:15-1-4 0.325MBps 44.6ms</bind>
  <bind>Comp:15-1-4 Comp:15-2-0 0.325MBps 44.6ms</bind>
  <bind>Comp:15-2-1 Comp:15-1-5 0.325MBps 44.6ms</bind>
  <bind>Comp:15-1-5 Comp:15-2-1 0.325MBps 44.6ms</bind>
  <bind>Comp:15-2-0 Comp:15-1-6 0.325MBps 44.6ms</bind>
  <bind>Comp:15-1-6 Comp:15-2-0 0.325MBps 44.6ms</bind>
  <bind>Comp:15-3-0 Comp:15-2-0 0.0161MBps 28.4ms</bind>
  <bind>Comp:15-2-0 Comp:15-3-0 0.0161MBps 28.4ms</bind>
  <bind>Comp:15-3-1 Comp:15-2-1 0.0161MBps 28.4ms</bind>
  <bind>Comp:15-2-1 Comp:15-3-1 0.0161MBps 28.4ms</bind>
  <bind>Comp:15-3-2 Comp:15-2-0 0.0161MBps 28.4ms</bind>
  <bind>Comp:15-2-0 Comp:15-3-2 0.0161MBps 28.4ms</bind>
  <bind>Comp:15-3-3 Comp:15-2-1 0.0161MBps 28.4ms</bind>
  <bind>Comp:15-2-1 Comp:15-3-3 0.0161MBps 28.4ms</bind>
  <bind>Comp:15-3-4 Comp:15-2-0 0.0161MBps 28.4ms</bind>
  <bind>Comp:15-2-0 Comp:15-3-4 0.0161MBps 28.4ms</bind>
  <bind>Comp:15-3-5 Comp:15-2-1 0.0161MBps 28.4ms</bind>
  <bind>Comp:15-2-1 Comp:15-3-5 0.0161MBps 28.4ms</bind>
  <bind>Comp:15-4-0 Comp:15-3-0 0.346MBps 48.2ms</bind>
  <bind>Comp:15-3-0 Comp:15-4-0 0.346MBps 48.2ms</bind>
  <bind>Comp:15-4-1 Comp:15-3-1 0.346MBps 48.2ms</bind>
  <bind>Comp:15-3-1 Comp:15-4-1 0.346MBps 48.2ms</bind>
  <bind>Comp:15-4-2 Comp:15-3-2 0.346MBps 48.2ms</bind>
  <bind>Comp:15-3-2 Comp:15-4-2 0.346MBps 48.2ms</bind>
  <bind>Comp:15-4-3 Comp:15-3-3 0.346MBps 48.2ms</bind>
  <bind>Comp:15-3-3 Comp:15-4-3 0.346MBps 48.2ms</bind>
  <bind>Comp:15-4-4 Comp:15-3-4 0.346MBps 48.2ms</bind>
  <bind>Comp:15-3-4 Comp:15-4-4 0.346MBps 48.2ms</bind>
  <bind>Comp:15-4-5 Comp:15-3-5 0.346MBps 48.2ms</bind>
  <bind>Comp:15-3-5 Comp:15-4-5 0.346MBps 48.2ms</bind>
  <bind>Comp:15-4-6 Comp:15-3-0 0.346MBps 48.2ms</bind>
  <bind>Comp:15-3-0 Comp:15-4-6 0.346MBps 48.2ms</bind>
  <bind>Comp:15-4-7 Comp:15-3-1 0.346MBps 48.2ms</bind>
  <bind>Comp:15-3-1 Comp:15-4-7 0.346MBps 48.2ms</bind>
  <bind>Comp:15-4-8 Comp:15-3-2 0.346MBps 48.2ms</bind>
  <bind>Comp:15-3-2 Comp:15-4-8 0.346MBps 48.2ms</bind>
  <bind>Comp:15-4-0 Appliance-37 0.283MBps 40.4ms</bind>
  <bind>Appliance-37 Comp:15-4-0 0.283MBps 40.4ms</bind>
  <bind>Comp:15-4-1 Appliance-22 0.283MBps 40.4ms</bind>
  <bind>Appliance-22 Comp:15-4-1 0.283MBps 40.4ms</bind>
  <bind>Comp:15-4-2 Appliance-12 0.283MBps 40.4ms</bind>
  <bind>Appliance-12 Comp:15-4-2 0.283MBps 40.4ms</bind>
  <bind>Comp:15-4-3 Appliance-26 0.283MBps 40.4ms</bind>
  <bind>Appliance-26 Comp:15-4-3 0.283MBps 40.4ms</bind>
  <bind>Comp:15-4-4 Appliance-37 0.283MBps 40.4ms</bind>
  <bind>Appliance-37 Comp:15-4-4 0.283MBps 40.4ms</bind>
  <bind>Comp:15-4-5 Appliance-22 0.283MBps 40.4ms</bind>
  <bind>Appliance-22 Comp:15-4-5 0.283MBps 40.4ms</bind>
  <bind>Comp:15-4-6 Appliance-12 0.283MBps 40.4ms</bind>
  <bind>Appliance-12 Comp:15-4-6 0.283MBps 40.4ms</bind>
  <bind>Comp:15-4-7 Appliance-26 0.283MBps 40.4ms</bind>
  <bind>Appliance-26 Comp:15-4-7 0.283MBps 40.4ms</bind>
  <bind>Comp:15-4-8 Appliance-37 0.283MBps 40.4ms</bind>
  <bind>Appliance-37 Comp:15-4-8 0.283MBps 40.4ms</bind>
</app>
<app>
  <id>App16</id>
<comp>
  <id>Comp:16-0-0</id>
  <CPU>0.678Gf</CPU>
  <RAM>0.689GB</RAM>
  <DISK>0.564GB</DISK>
</comp>
<comp>
  <id>Comp:16-0-1</id>
  <CPU>0.678Gf</CPU>
  <RAM>0.689GB</RAM>
  <DISK>0.564GB</DISK>
</comp>
<comp>
  <id>Comp:16-0-2</id>
  <CPU>0.678Gf</CPU>
  <RAM>0.689GB</RAM>
  <DISK>0.564GB</DISK>
</comp>
<comp>
  <id>Comp:16-0-3</id>
  <CPU>0.678Gf</CPU>
  <RAM>0.689GB</RAM>
  <DISK>0.564GB</DISK>
</comp>
<comp>
  <id>Comp:16-1-0</id>
  <CPU>0.434Gf</CPU>
  <RAM>0.187GB</RAM>
  <DISK>1.54GB</DISK>
</comp>
<comp>
  <id>Comp:16-1-1</id>
  <CPU>0.434Gf</CPU>
  <RAM>0.187GB</RAM>
  <DISK>1.54GB</DISK>
</comp>
<comp>
  <id>Comp:16-1-2</id>
  <CPU>0.434Gf</CPU>
  <RAM>0.187GB</RAM>
  <DISK>1.54GB</DISK>
</comp>
<comp>
  <id>Comp:16-1-3</id>
  <CPU>0.434Gf</CPU>
  <RAM>0.187GB</RAM>
  <DISK>1.54GB</DISK>
</comp>
<comp>
  <id>Comp:16-1-4</id>
  <CPU>0.434Gf</CPU>
  <RAM>0.187GB</RAM>
  <DISK>1.54GB</DISK>
</comp>
<comp>
  <id>Comp:16-1-5</id>
  <CPU>0.434Gf</CPU>
  <RAM>0.187GB</RAM>
  <DISK>1.54GB</DISK>
</comp>
<comp>
  <id>Comp:16-1-6</id>
  <CPU>0.434Gf</CPU>
  <RAM>0.187GB</RAM>
  <DISK>1.54GB</DISK>
</comp>
<comp>
  <id>Comp:16-2-0</id>
  <CPU>0.29Gf</CPU>
  <RAM>0.843GB</RAM>
  <DISK>0.907GB</DISK>
</comp>
<comp>
  <id>Comp:16-2-1</id>
  <CPU>0.29Gf</CPU>
  <RAM>0.843GB</RAM>
  <DISK>0.907GB</DISK>
</comp>
<comp>
  <id>Comp:16-2-2</id>
  <CPU>0.29Gf</CPU>
  <RAM>0.843GB</RAM>
  <DISK>0.907GB</DISK>
</comp>
<comp>
  <id>Comp:16-2-3</id>
  <CPU>0.29Gf</CPU>
  <RAM>0.843GB</RAM>
  <DISK>0.907GB</DISK>
</comp>
<comp>
  <id>Comp:16-2-4</id>
  <CPU>0.29Gf</CPU>
  <RAM>0.843GB</RAM>
  <DISK>0.907GB</DISK>
</comp>
<comp>
  <id>Comp:16-2-5</id>
  <CPU>0.29Gf</CPU>
  <RAM>0.843GB</RAM>
  <DISK>0.907GB</DISK>
</comp>
<comp>
  <id>Comp:16-2-6</id>
  <CPU>0.29Gf</CPU>
  <RAM>0.843GB</RAM>
  <DISK>0.907GB</DISK>
</comp>
<comp>
  <id>Comp:16-3-0</id>
  <CPU>0.699Gf</CPU>
  <RAM>0.466GB</RAM>
  <DISK>1.8GB</DISK>
</comp>
<comp>
  <id>Comp:16-3-1</id>
  <CPU>0.699Gf</CPU>
  <RAM>0.466GB</RAM>
  <DISK>1.8GB</DISK>
</comp>
<comp>
  <id>Comp:16-3-2</id>
  <CPU>0.699Gf</CPU>
  <RAM>0.466GB</RAM>
  <DISK>1.8GB</DISK>
</comp>
<comp>
  <id>Comp:16-3-3</id>
  <CPU>0.699Gf</CPU>
  <RAM>0.466GB</RAM>
  <DISK>1.8GB</DISK>
</comp>
<comp>
  <id>Comp:16-3-4</id>
  <CPU>0.699Gf</CPU>
  <RAM>0.466GB</RAM>
  <DISK>1.8GB</DISK>
</comp>
<comp>
  <id>Comp:16-3-5</id>
  <CPU>0.699Gf</CPU>
  <RAM>0.466GB</RAM>
  <DISK>1.8GB</DISK>
</comp>
<comp>
  <id>Comp:16-3-6</id>
  <CPU>0.699Gf</CPU>
  <RAM>0.466GB</RAM>
  <DISK>1.8GB</DISK>
</comp>
<comp>
  <id>Comp:16-3-7</id>
  <CPU>0.699Gf</CPU>
  <RAM>0.466GB</RAM>
  <DISK>1.8GB</DISK>
</comp>
<comp>
  <id>Comp:16-4-0</id>
  <CPU>0.605Gf</CPU>
  <RAM>0.834GB</RAM>
  <DISK>1.87GB</DISK>
</comp>
<comp>
  <id>Comp:16-4-1</id>
  <CPU>0.605Gf</CPU>
  <RAM>0.834GB</RAM>
  <DISK>1.87GB</DISK>
</comp>
<comp>
  <id>Comp:16-4-2</id>
  <CPU>0.605Gf</CPU>
  <RAM>0.834GB</RAM>
  <DISK>1.87GB</DISK>
</comp>
<comp>
  <id>Comp:16-4-3</id>
  <CPU>0.605Gf</CPU>
  <RAM>0.834GB</RAM>
  <DISK>1.87GB</DISK>
</comp>
<comp>
  <id>Comp:16-4-4</id>
  <CPU>0.605Gf</CPU>
  <RAM>0.834GB</RAM>
  <DISK>1.87GB</DISK>
</comp>
<comp>
  <id>Comp:16-4-5</id>
  <CPU>0.605Gf</CPU>
  <RAM>0.834GB</RAM>
  <DISK>1.87GB</DISK>
</comp>
  <bind>Comp:16-1-0 Comp:16-0-0 0.685MBps 28.5ms</bind>
  <bind>Comp:16-0-0 Comp:16-1-0 0.685MBps 28.5ms</bind>
  <bind>Comp:16-1-1 Comp:16-0-1 0.685MBps 28.5ms</bind>
  <bind>Comp:16-0-1 Comp:16-1-1 0.685MBps 28.5ms</bind>
  <bind>Comp:16-1-2 Comp:16-0-2 0.685MBps 28.5ms</bind>
  <bind>Comp:16-0-2 Comp:16-1-2 0.685MBps 28.5ms</bind>
  <bind>Comp:16-1-3 Comp:16-0-3 0.685MBps 28.5ms</bind>
  <bind>Comp:16-0-3 Comp:16-1-3 0.685MBps 28.5ms</bind>
  <bind>Comp:16-1-4 Comp:16-0-0 0.685MBps 28.5ms</bind>
  <bind>Comp:16-0-0 Comp:16-1-4 0.685MBps 28.5ms</bind>
  <bind>Comp:16-1-5 Comp:16-0-1 0.685MBps 28.5ms</bind>
  <bind>Comp:16-0-1 Comp:16-1-5 0.685MBps 28.5ms</bind>
  <bind>Comp:16-1-6 Comp:16-0-2 0.685MBps 28.5ms</bind>
  <bind>Comp:16-0-2 Comp:16-1-6 0.685MBps 28.5ms</bind>
  <bind>Comp:16-2-0 Comp:16-1-0 0.546MBps 43.8ms</bind>
  <bind>Comp:16-1-0 Comp:16-2-0 0.546MBps 43.8ms</bind>
  <bind>Comp:16-2-1 Comp:16-1-1 0.546MBps 43.8ms</bind>
  <bind>Comp:16-1-1 Comp:16-2-1 0.546MBps 43.8ms</bind>
  <bind>Comp:16-2-2 Comp:16-1-2 0.546MBps 43.8ms</bind>
  <bind>Comp:16-1-2 Comp:16-2-2 0.546MBps 43.8ms</bind>
  <bind>Comp:16-2-3 Comp:16-1-3 0.546MBps 43.8ms</bind>
  <bind>Comp:16-1-3 Comp:16-2-3 0.546MBps 43.8ms</bind>
  <bind>Comp:16-2-4 Comp:16-1-4 0.546MBps 43.8ms</bind>
  <bind>Comp:16-1-4 Comp:16-2-4 0.546MBps 43.8ms</bind>
  <bind>Comp:16-2-5 Comp:16-1-5 0.546MBps 43.8ms</bind>
  <bind>Comp:16-1-5 Comp:16-2-5 0.546MBps 43.8ms</bind>
  <bind>Comp:16-2-6 Comp:16-1-6 0.546MBps 43.8ms</bind>
  <bind>Comp:16-1-6 Comp:16-2-6 0.546MBps 43.8ms</bind>
  <bind>Comp:16-3-0 Comp:16-2-0 0.942MBps 29.1ms</bind>
  <bind>Comp:16-2-0 Comp:16-3-0 0.942MBps 29.1ms</bind>
  <bind>Comp:16-3-1 Comp:16-2-1 0.942MBps 29.1ms</bind>
  <bind>Comp:16-2-1 Comp:16-3-1 0.942MBps 29.1ms</bind>
  <bind>Comp:16-3-2 Comp:16-2-2 0.942MBps 29.1ms</bind>
  <bind>Comp:16-2-2 Comp:16-3-2 0.942MBps 29.1ms</bind>
  <bind>Comp:16-3-3 Comp:16-2-3 0.942MBps 29.1ms</bind>
  <bind>Comp:16-2-3 Comp:16-3-3 0.942MBps 29.1ms</bind>
  <bind>Comp:16-3-4 Comp:16-2-4 0.942MBps 29.1ms</bind>
  <bind>Comp:16-2-4 Comp:16-3-4 0.942MBps 29.1ms</bind>
  <bind>Comp:16-3-5 Comp:16-2-5 0.942MBps 29.1ms</bind>
  <bind>Comp:16-2-5 Comp:16-3-5 0.942MBps 29.1ms</bind>
  <bind>Comp:16-3-6 Comp:16-2-6 0.942MBps 29.1ms</bind>
  <bind>Comp:16-2-6 Comp:16-3-6 0.942MBps 29.1ms</bind>
  <bind>Comp:16-3-7 Comp:16-2-0 0.942MBps 29.1ms</bind>
  <bind>Comp:16-2-0 Comp:16-3-7 0.942MBps 29.1ms</bind>
  <bind>Comp:16-4-0 Comp:16-3-0 0.736MBps 46.7ms</bind>
  <bind>Comp:16-3-0 Comp:16-4-0 0.736MBps 46.7ms</bind>
  <bind>Comp:16-4-1 Comp:16-3-1 0.736MBps 46.7ms</bind>
  <bind>Comp:16-3-1 Comp:16-4-1 0.736MBps 46.7ms</bind>
  <bind>Comp:16-4-2 Comp:16-3-2 0.736MBps 46.7ms</bind>
  <bind>Comp:16-3-2 Comp:16-4-2 0.736MBps 46.7ms</bind>
  <bind>Comp:16-4-3 Comp:16-3-3 0.736MBps 46.7ms</bind>
  <bind>Comp:16-3-3 Comp:16-4-3 0.736MBps 46.7ms</bind>
  <bind>Comp:16-4-4 Comp:16-3-4 0.736MBps 46.7ms</bind>
  <bind>Comp:16-3-4 Comp:16-4-4 0.736MBps 46.7ms</bind>
  <bind>Comp:16-4-5 Comp:16-3-5 0.736MBps 46.7ms</bind>
  <bind>Comp:16-3-5 Comp:16-4-5 0.736MBps 46.7ms</bind>
  <bind>Comp:16-4-0 Comp:16-3-6 0.736MBps 46.7ms</bind>
  <bind>Comp:16-3-6 Comp:16-4-0 0.736MBps 46.7ms</bind>
  <bind>Comp:16-4-1 Comp:16-3-7 0.736MBps 46.7ms</bind>
  <bind>Comp:16-3-7 Comp:16-4-1 0.736MBps 46.7ms</bind>
  <bind>Comp:16-4-0 Appliance-33 0.449MBps 35.3ms</bind>
  <bind>Appliance-33 Comp:16-4-0 0.449MBps 35.3ms</bind>
  <bind>Comp:16-4-1 Appliance-37 0.449MBps 35.3ms</bind>
  <bind>Appliance-37 Comp:16-4-1 0.449MBps 35.3ms</bind>
  <bind>Comp:16-4-2 Appliance-33 0.449MBps 35.3ms</bind>
  <bind>Appliance-33 Comp:16-4-2 0.449MBps 35.3ms</bind>
  <bind>Comp:16-4-3 Appliance-37 0.449MBps 35.3ms</bind>
  <bind>Appliance-37 Comp:16-4-3 0.449MBps 35.3ms</bind>
  <bind>Comp:16-4-4 Appliance-33 0.449MBps 35.3ms</bind>
  <bind>Appliance-33 Comp:16-4-4 0.449MBps 35.3ms</bind>
  <bind>Comp:16-4-5 Appliance-37 0.449MBps 35.3ms</bind>
  <bind>Appliance-37 Comp:16-4-5 0.449MBps 35.3ms</bind>
</app>
<app>
  <id>App17</id>
<comp>
  <id>Comp:17-0-0</id>
  <CPU>0.646Gf</CPU>
  <RAM>0.865GB</RAM>
  <DISK>0.465GB</DISK>
</comp>
<comp>
  <id>Comp:17-0-1</id>
  <CPU>0.646Gf</CPU>
  <RAM>0.865GB</RAM>
  <DISK>0.465GB</DISK>
</comp>
<comp>
  <id>Comp:17-0-2</id>
  <CPU>0.646Gf</CPU>
  <RAM>0.865GB</RAM>
  <DISK>0.465GB</DISK>
</comp>
<comp>
  <id>Comp:17-0-3</id>
  <CPU>0.646Gf</CPU>
  <RAM>0.865GB</RAM>
  <DISK>0.465GB</DISK>
</comp>
<comp>
  <id>Comp:17-0-4</id>
  <CPU>0.646Gf</CPU>
  <RAM>0.865GB</RAM>
  <DISK>0.465GB</DISK>
</comp>
<comp>
  <id>Comp:17-0-5</id>
  <CPU>0.646Gf</CPU>
  <RAM>0.865GB</RAM>
  <DISK>0.465GB</DISK>
</comp>
<comp>
  <id>Comp:17-0-6</id>
  <CPU>0.646Gf</CPU>
  <RAM>0.865GB</RAM>
  <DISK>0.465GB</DISK>
</comp>
<comp>
  <id>Comp:17-0-7</id>
  <CPU>0.646Gf</CPU>
  <RAM>0.865GB</RAM>
  <DISK>0.465GB</DISK>
</comp>
<comp>
  <id>Comp:17-0-8</id>
  <CPU>0.646Gf</CPU>
  <RAM>0.865GB</RAM>
  <DISK>0.465GB</DISK>
</comp>
<comp>
  <id>Comp:17-1-0</id>
  <CPU>0.269Gf</CPU>
  <RAM>0.408GB</RAM>
  <DISK>0.0924GB</DISK>
</comp>
  <bind>Comp:17-1-0 Comp:17-0-0 0.679MBps 25.9ms</bind>
  <bind>Comp:17-0-0 Comp:17-1-0 0.679MBps 25.9ms</bind>
  <bind>Comp:17-1-0 Comp:17-0-1 0.679MBps 25.9ms</bind>
  <bind>Comp:17-0-1 Comp:17-1-0 0.679MBps 25.9ms</bind>
  <bind>Comp:17-1-0 Comp:17-0-2 0.679MBps 25.9ms</bind>
  <bind>Comp:17-0-2 Comp:17-1-0 0.679MBps 25.9ms</bind>
  <bind>Comp:17-1-0 Comp:17-0-3 0.679MBps 25.9ms</bind>
  <bind>Comp:17-0-3 Comp:17-1-0 0.679MBps 25.9ms</bind>
  <bind>Comp:17-1-0 Comp:17-0-4 0.679MBps 25.9ms</bind>
  <bind>Comp:17-0-4 Comp:17-1-0 0.679MBps 25.9ms</bind>
  <bind>Comp:17-1-0 Comp:17-0-5 0.679MBps 25.9ms</bind>
  <bind>Comp:17-0-5 Comp:17-1-0 0.679MBps 25.9ms</bind>
  <bind>Comp:17-1-0 Comp:17-0-6 0.679MBps 25.9ms</bind>
  <bind>Comp:17-0-6 Comp:17-1-0 0.679MBps 25.9ms</bind>
  <bind>Comp:17-1-0 Comp:17-0-7 0.679MBps 25.9ms</bind>
  <bind>Comp:17-0-7 Comp:17-1-0 0.679MBps 25.9ms</bind>
  <bind>Comp:17-1-0 Comp:17-0-8 0.679MBps 25.9ms</bind>
  <bind>Comp:17-0-8 Comp:17-1-0 0.679MBps 25.9ms</bind>
  <bind>Comp:17-1-0 Appliance-11 0.792MBps 49.8ms</bind>
  <bind>Appliance-11 Comp:17-1-0 0.792MBps 49.8ms</bind>
  <bind>Comp:17-1-0 Appliance-9 0.792MBps 49.8ms</bind>
  <bind>Appliance-9 Comp:17-1-0 0.792MBps 49.8ms</bind>
  <bind>Comp:17-1-0 Appliance-11 0.792MBps 49.8ms</bind>
  <bind>Appliance-11 Comp:17-1-0 0.792MBps 49.8ms</bind>
  <bind>Comp:17-1-0 Appliance-39 0.792MBps 49.8ms</bind>
  <bind>Appliance-39 Comp:17-1-0 0.792MBps 49.8ms</bind>
  <bind>Comp:17-1-0 Appliance-10 0.792MBps 49.8ms</bind>
  <bind>Appliance-10 Comp:17-1-0 0.792MBps 49.8ms</bind>
  <bind>Comp:17-1-0 Appliance-27 0.792MBps 49.8ms</bind>
  <bind>Appliance-27 Comp:17-1-0 0.792MBps 49.8ms</bind>
  <bind>Comp:17-1-0 Appliance-21 0.792MBps 49.8ms</bind>
  <bind>Appliance-21 Comp:17-1-0 0.792MBps 49.8ms</bind>
  <bind>Comp:17-1-0 Appliance-10 0.792MBps 49.8ms</bind>
  <bind>Appliance-10 Comp:17-1-0 0.792MBps 49.8ms</bind>
</app>
<app>
  <id>App18</id>
<comp>
  <id>Comp:18-0-0</id>
  <CPU>0.391Gf</CPU>
  <RAM>0.334GB</RAM>
  <DISK>1.4GB</DISK>
</comp>
<comp>
  <id>Comp:18-0-1</id>
  <CPU>0.391Gf</CPU>
  <RAM>0.334GB</RAM>
  <DISK>1.4GB</DISK>
</comp>
<comp>
  <id>Comp:18-0-2</id>
  <CPU>0.391Gf</CPU>
  <RAM>0.334GB</RAM>
  <DISK>1.4GB</DISK>
</comp>
<comp>
  <id>Comp:18-0-3</id>
  <CPU>0.391Gf</CPU>
  <RAM>0.334GB</RAM>
  <DISK>1.4GB</DISK>
</comp>
<comp>
  <id>Comp:18-0-4</id>
  <CPU>0.391Gf</CPU>
  <RAM>0.334GB</RAM>
  <DISK>1.4GB</DISK>
</comp>
<comp>
  <id>Comp:18-0-5</id>
  <CPU>0.391Gf</CPU>
  <RAM>0.334GB</RAM>
  <DISK>1.4GB</DISK>
</comp>
<comp>
  <id>Comp:18-1-0</id>
  <CPU>0.735Gf</CPU>
  <RAM>0.545GB</RAM>
  <DISK>0.394GB</DISK>
</comp>
<comp>
  <id>Comp:18-1-1</id>
  <CPU>0.735Gf</CPU>
  <RAM>0.545GB</RAM>
  <DISK>0.394GB</DISK>
</comp>
<comp>
  <id>Comp:18-1-2</id>
  <CPU>0.735Gf</CPU>
  <RAM>0.545GB</RAM>
  <DISK>0.394GB</DISK>
</comp>
<comp>
  <id>Comp:18-1-3</id>
  <CPU>0.735Gf</CPU>
  <RAM>0.545GB</RAM>
  <DISK>0.394GB</DISK>
</comp>
<comp>
  <id>Comp:18-1-4</id>
  <CPU>0.735Gf</CPU>
  <RAM>0.545GB</RAM>
  <DISK>0.394GB</DISK>
</comp>
<comp>
  <id>Comp:18-1-5</id>
  <CPU>0.735Gf</CPU>
  <RAM>0.545GB</RAM>
  <DISK>0.394GB</DISK>
</comp>
<comp>
  <id>Comp:18-1-6</id>
  <CPU>0.735Gf</CPU>
  <RAM>0.545GB</RAM>
  <DISK>0.394GB</DISK>
</comp>
<comp>
  <id>Comp:18-2-0</id>
  <CPU>0.121Gf</CPU>
  <RAM>0.571GB</RAM>
  <DISK>0.488GB</DISK>
</comp>
<comp>
  <id>Comp:18-3-0</id>
  <CPU>0.679Gf</CPU>
  <RAM>0.208GB</RAM>
  <DISK>1.09GB</DISK>
</comp>
<comp>
  <id>Comp:18-3-1</id>
  <CPU>0.679Gf</CPU>
  <RAM>0.208GB</RAM>
  <DISK>1.09GB</DISK>
</comp>
<comp>
  <id>Comp:18-3-2</id>
  <CPU>0.679Gf</CPU>
  <RAM>0.208GB</RAM>
  <DISK>1.09GB</DISK>
</comp>
<comp>
  <id>Comp:18-3-3</id>
  <CPU>0.679Gf</CPU>
  <RAM>0.208GB</RAM>
  <DISK>1.09GB</DISK>
</comp>
<comp>
  <id>Comp:18-3-4</id>
  <CPU>0.679Gf</CPU>
  <RAM>0.208GB</RAM>
  <DISK>1.09GB</DISK>
</comp>
<comp>
  <id>Comp:18-3-5</id>
  <CPU>0.679Gf</CPU>
  <RAM>0.208GB</RAM>
  <DISK>1.09GB</DISK>
</comp>
<comp>
  <id>Comp:18-3-6</id>
  <CPU>0.679Gf</CPU>
  <RAM>0.208GB</RAM>
  <DISK>1.09GB</DISK>
</comp>
<comp>
  <id>Comp:18-3-7</id>
  <CPU>0.679Gf</CPU>
  <RAM>0.208GB</RAM>
  <DISK>1.09GB</DISK>
</comp>
  <bind>Comp:18-1-0 Comp:18-0-0 0.291MBps 49.0ms</bind>
  <bind>Comp:18-0-0 Comp:18-1-0 0.291MBps 49.0ms</bind>
  <bind>Comp:18-1-1 Comp:18-0-1 0.291MBps 49.0ms</bind>
  <bind>Comp:18-0-1 Comp:18-1-1 0.291MBps 49.0ms</bind>
  <bind>Comp:18-1-2 Comp:18-0-2 0.291MBps 49.0ms</bind>
  <bind>Comp:18-0-2 Comp:18-1-2 0.291MBps 49.0ms</bind>
  <bind>Comp:18-1-3 Comp:18-0-3 0.291MBps 49.0ms</bind>
  <bind>Comp:18-0-3 Comp:18-1-3 0.291MBps 49.0ms</bind>
  <bind>Comp:18-1-4 Comp:18-0-4 0.291MBps 49.0ms</bind>
  <bind>Comp:18-0-4 Comp:18-1-4 0.291MBps 49.0ms</bind>
  <bind>Comp:18-1-5 Comp:18-0-5 0.291MBps 49.0ms</bind>
  <bind>Comp:18-0-5 Comp:18-1-5 0.291MBps 49.0ms</bind>
  <bind>Comp:18-1-6 Comp:18-0-0 0.291MBps 49.0ms</bind>
  <bind>Comp:18-0-0 Comp:18-1-6 0.291MBps 49.0ms</bind>
  <bind>Comp:18-2-0 Comp:18-1-0 0.546MBps 26.0ms</bind>
  <bind>Comp:18-1-0 Comp:18-2-0 0.546MBps 26.0ms</bind>
  <bind>Comp:18-2-0 Comp:18-1-1 0.546MBps 26.0ms</bind>
  <bind>Comp:18-1-1 Comp:18-2-0 0.546MBps 26.0ms</bind>
  <bind>Comp:18-2-0 Comp:18-1-2 0.546MBps 26.0ms</bind>
  <bind>Comp:18-1-2 Comp:18-2-0 0.546MBps 26.0ms</bind>
  <bind>Comp:18-2-0 Comp:18-1-3 0.546MBps 26.0ms</bind>
  <bind>Comp:18-1-3 Comp:18-2-0 0.546MBps 26.0ms</bind>
  <bind>Comp:18-2-0 Comp:18-1-4 0.546MBps 26.0ms</bind>
  <bind>Comp:18-1-4 Comp:18-2-0 0.546MBps 26.0ms</bind>
  <bind>Comp:18-2-0 Comp:18-1-5 0.546MBps 26.0ms</bind>
  <bind>Comp:18-1-5 Comp:18-2-0 0.546MBps 26.0ms</bind>
  <bind>Comp:18-2-0 Comp:18-1-6 0.546MBps 26.0ms</bind>
  <bind>Comp:18-1-6 Comp:18-2-0 0.546MBps 26.0ms</bind>
  <bind>Comp:18-3-0 Comp:18-2-0 0.84MBps 28.4ms</bind>
  <bind>Comp:18-2-0 Comp:18-3-0 0.84MBps 28.4ms</bind>
  <bind>Comp:18-3-1 Comp:18-2-0 0.84MBps 28.4ms</bind>
  <bind>Comp:18-2-0 Comp:18-3-1 0.84MBps 28.4ms</bind>
  <bind>Comp:18-3-2 Comp:18-2-0 0.84MBps 28.4ms</bind>
  <bind>Comp:18-2-0 Comp:18-3-2 0.84MBps 28.4ms</bind>
  <bind>Comp:18-3-3 Comp:18-2-0 0.84MBps 28.4ms</bind>
  <bind>Comp:18-2-0 Comp:18-3-3 0.84MBps 28.4ms</bind>
  <bind>Comp:18-3-4 Comp:18-2-0 0.84MBps 28.4ms</bind>
  <bind>Comp:18-2-0 Comp:18-3-4 0.84MBps 28.4ms</bind>
  <bind>Comp:18-3-5 Comp:18-2-0 0.84MBps 28.4ms</bind>
  <bind>Comp:18-2-0 Comp:18-3-5 0.84MBps 28.4ms</bind>
  <bind>Comp:18-3-6 Comp:18-2-0 0.84MBps 28.4ms</bind>
  <bind>Comp:18-2-0 Comp:18-3-6 0.84MBps 28.4ms</bind>
  <bind>Comp:18-3-7 Comp:18-2-0 0.84MBps 28.4ms</bind>
  <bind>Comp:18-2-0 Comp:18-3-7 0.84MBps 28.4ms</bind>
  <bind>Comp:18-3-0 Appliance-26 0.333MBps 35.8ms</bind>
  <bind>Appliance-26 Comp:18-3-0 0.333MBps 35.8ms</bind>
  <bind>Comp:18-3-1 Appliance-0 0.333MBps 35.8ms</bind>
  <bind>Appliance-0 Comp:18-3-1 0.333MBps 35.8ms</bind>
  <bind>Comp:18-3-2 Appliance-14 0.333MBps 35.8ms</bind>
  <bind>Appliance-14 Comp:18-3-2 0.333MBps 35.8ms</bind>
  <bind>Comp:18-3-3 Appliance-36 0.333MBps 35.8ms</bind>
  <bind>Appliance-36 Comp:18-3-3 0.333MBps 35.8ms</bind>
  <bind>Comp:18-3-4 Appliance-12 0.333MBps 35.8ms</bind>
  <bind>Appliance-12 Comp:18-3-4 0.333MBps 35.8ms</bind>
  <bind>Comp:18-3-5 Appliance-1 0.333MBps 35.8ms</bind>
  <bind>Appliance-1 Comp:18-3-5 0.333MBps 35.8ms</bind>
  <bind>Comp:18-3-6 Appliance-15 0.333MBps 35.8ms</bind>
  <bind>Appliance-15 Comp:18-3-6 0.333MBps 35.8ms</bind>
  <bind>Comp:18-3-7 Appliance-26 0.333MBps 35.8ms</bind>
  <bind>Appliance-26 Comp:18-3-7 0.333MBps 35.8ms</bind>
</app>
<app>
  <id>App19</id>
<comp>
  <id>Comp:19-1-0</id>
  <CPU>0.367Gf</CPU>
  <RAM>0.703GB</RAM>
  <DISK>0.646GB</DISK>
</comp>
<comp>
  <id>Comp:19-1-1</id>
  <CPU>0.367Gf</CPU>
  <RAM>0.703GB</RAM>
  <DISK>0.646GB</DISK>
</comp>
<comp>
  <id>Comp:19-1-2</id>
  <CPU>0.367Gf</CPU>
  <RAM>0.703GB</RAM>
  <DISK>0.646GB</DISK>
</comp>
<comp>
  <id>Comp:19-1-3</id>
  <CPU>0.367Gf</CPU>
  <RAM>0.703GB</RAM>
  <DISK>0.646GB</DISK>
</comp>
<comp>
  <id>Comp:19-1-4</id>
  <CPU>0.367Gf</CPU>
  <RAM>0.703GB</RAM>
  <DISK>0.646GB</DISK>
</comp>
<comp>
  <id>Comp:19-2-0</id>
  <CPU>0.587Gf</CPU>
  <RAM>0.46GB</RAM>
  <DISK>0.551GB</DISK>
</comp>
<comp>
  <id>Comp:19-2-1</id>
  <CPU>0.587Gf</CPU>
  <RAM>0.46GB</RAM>
  <DISK>0.551GB</DISK>
</comp>
<comp>
  <id>Comp:19-2-2</id>
  <CPU>0.587Gf</CPU>
  <RAM>0.46GB</RAM>
  <DISK>0.551GB</DISK>
</comp>
<comp>
  <id>Comp:19-3-0</id>
  <CPU>0.148Gf</CPU>
  <RAM>0.133GB</RAM>
  <DISK>1.92GB</DISK>
</comp>
<comp>
  <id>Comp:19-3-1</id>
  <CPU>0.148Gf</CPU>
  <RAM>0.133GB</RAM>
  <DISK>1.92GB</DISK>
</comp>
  <bind>Comp:19-1-0 Appliance-7 0.0977MBps 36.8ms</bind>
  <bind>Appliance-7 Comp:19-1-0 0.0977MBps 36.8ms</bind>
  <bind>Comp:19-1-1 Appliance-20 0.0977MBps 36.8ms</bind>
  <bind>Appliance-20 Comp:19-1-1 0.0977MBps 36.8ms</bind>
  <bind>Comp:19-1-2 Appliance-5 0.0977MBps 36.8ms</bind>
  <bind>Appliance-5 Comp:19-1-2 0.0977MBps 36.8ms</bind>
  <bind>Comp:19-1-3 Appliance-35 0.0977MBps 36.8ms</bind>
  <bind>Appliance-35 Comp:19-1-3 0.0977MBps 36.8ms</bind>
  <bind>Comp:19-1-4 Appliance-7 0.0977MBps 36.8ms</bind>
  <bind>Appliance-7 Comp:19-1-4 0.0977MBps 36.8ms</bind>
  <bind>Comp:19-2-0 Comp:19-1-0 0.47MBps 38.3ms</bind>
  <bind>Comp:19-1-0 Comp:19-2-0 0.47MBps 38.3ms</bind>
  <bind>Comp:19-2-1 Comp:19-1-1 0.47MBps 38.3ms</bind>
  <bind>Comp:19-1-1 Comp:19-2-1 0.47MBps 38.3ms</bind>
  <bind>Comp:19-2-2 Comp:19-1-2 0.47MBps 38.3ms</bind>
  <bind>Comp:19-1-2 Comp:19-2-2 0.47MBps 38.3ms</bind>
  <bind>Comp:19-2-0 Comp:19-1-3 0.47MBps 38.3ms</bind>
  <bind>Comp:19-1-3 Comp:19-2-0 0.47MBps 38.3ms</bind>
  <bind>Comp:19-2-1 Comp:19-1-4 0.47MBps 38.3ms</bind>
  <bind>Comp:19-1-4 Comp:19-2-1 0.47MBps 38.3ms</bind>
  <bind>Comp:19-3-0 Comp:19-2-0 0.0947MBps 36.3ms</bind>
  <bind>Comp:19-2-0 Comp:19-3-0 0.0947MBps 36.3ms</bind>
  <bind>Comp:19-3-1 Comp:19-2-1 0.0947MBps 36.3ms</bind>
  <bind>Comp:19-2-1 Comp:19-3-1 0.0947MBps 36.3ms</bind>
  <bind>Comp:19-3-0 Comp:19-2-2 0.0947MBps 36.3ms</bind>
  <bind>Comp:19-2-2 Comp:19-3-0 0.0947MBps 36.3ms</bind>
  <bind>Comp:19-3-0 Appliance-5 0.912MBps 42.8ms</bind>
  <bind>Appliance-5 Comp:19-3-0 0.912MBps 42.8ms</bind>
  <bind>Comp:19-3-1 Appliance-24 0.912MBps 42.8ms</bind>
  <bind>Appliance-24 Comp:19-3-1 0.912MBps 42.8ms</bind>
  <bind>Comp:19-3-0 Appliance-20 0.912MBps 42.8ms</bind>
  <bind>Appliance-20 Comp:19-3-0 0.912MBps 42.8ms</bind>
  <bind>Comp:19-3-1 Appliance-17 0.912MBps 42.8ms</bind>
  <bind>Appliance-17 Comp:19-3-1 0.912MBps 42.8ms</bind>
</app>
<app>
  <id>App3</id>
<comp>
  <id>Comp:3-1-0</id>
  <CPU>0.27Gf</CPU>
  <RAM>0.967GB</RAM>
  <DISK>0.0457GB</DISK>
</comp>
<comp>
  <id>Comp:3-1-1</id>
  <CPU>0.27Gf</CPU>
  <RAM>0.967GB</RAM>
  <DISK>0.0457GB</DISK>
</comp>
<comp>
  <id>Comp:3-2-0</id>
  <CPU>0.299Gf</CPU>
  <RAM>0.586GB</RAM>
  <DISK>1.67GB</DISK>
</comp>
<comp>
  <id>Comp:3-2-1</id>
  <CPU>0.299Gf</CPU>
  <RAM>0.586GB</RAM>
  <DISK>1.67GB</DISK>
</comp>
<comp>
  <id>Comp:3-3-0</id>
  <CPU>0.765Gf</CPU>
  <RAM>0.49GB</RAM>
  <DISK>0.322GB</DISK>
</comp>
<comp>
  <id>Comp:3-3-1</id>
  <CPU>0.765Gf</CPU>
  <RAM>0.49GB</RAM>
  <DISK>0.322GB</DISK>
</comp>
<comp>
  <id>Comp:3-3-2</id>
  <CPU>0.765Gf</CPU>
  <RAM>0.49GB</RAM>
  <DISK>0.322GB</DISK>
</comp>
<comp>
  <id>Comp:3-3-3</id>
  <CPU>0.765Gf</CPU>
  <RAM>0.49GB</RAM>
  <DISK>0.322GB</DISK>
</comp>
<comp>
  <id>Comp:3-3-4</id>
  <CPU>0.765Gf</CPU>
  <RAM>0.49GB</RAM>
  <DISK>0.322GB</DISK>
</comp>
<comp>
  <id>Comp:3-3-5</id>
  <CPU>0.765Gf</CPU>
  <RAM>0.49GB</RAM>
  <DISK>0.322GB</DISK>
</comp>
  <bind>Comp:3-1-0 Appliance-26 0.307MBps 27.0ms</bind>
  <bind>Appliance-26 Comp:3-1-0 0.307MBps 27.0ms</bind>
  <bind>Comp:3-1-1 Appliance-16 0.307MBps 27.0ms</bind>
  <bind>Appliance-16 Comp:3-1-1 0.307MBps 27.0ms</bind>
  <bind>Comp:3-2-0 Comp:3-1-0 0.272MBps 47.7ms</bind>
  <bind>Comp:3-1-0 Comp:3-2-0 0.272MBps 47.7ms</bind>
  <bind>Comp:3-2-1 Comp:3-1-1 0.272MBps 47.7ms</bind>
  <bind>Comp:3-1-1 Comp:3-2-1 0.272MBps 47.7ms</bind>
  <bind>Comp:3-3-0 Comp:3-2-0 0.0775MBps 31.8ms</bind>
  <bind>Comp:3-2-0 Comp:3-3-0 0.0775MBps 31.8ms</bind>
  <bind>Comp:3-3-1 Comp:3-2-1 0.0775MBps 31.8ms</bind>
  <bind>Comp:3-2-1 Comp:3-3-1 0.0775MBps 31.8ms</bind>
  <bind>Comp:3-3-2 Comp:3-2-0 0.0775MBps 31.8ms</bind>
  <bind>Comp:3-2-0 Comp:3-3-2 0.0775MBps 31.8ms</bind>
  <bind>Comp:3-3-3 Comp:3-2-1 0.0775MBps 31.8ms</bind>
  <bind>Comp:3-2-1 Comp:3-3-3 0.0775MBps 31.8ms</bind>
  <bind>Comp:3-3-4 Comp:3-2-0 0.0775MBps 31.8ms</bind>
  <bind>Comp:3-2-0 Comp:3-3-4 0.0775MBps 31.8ms</bind>
  <bind>Comp:3-3-5 Comp:3-2-1 0.0775MBps 31.8ms</bind>
  <bind>Comp:3-2-1 Comp:3-3-5 0.0775MBps 31.8ms</bind>
  <bind>Comp:3-3-0 Appliance-32 0.266MBps 44.0ms</bind>
  <bind>Appliance-32 Comp:3-3-0 0.266MBps 44.0ms</bind>
  <bind>Comp:3-3-1 Appliance-15 0.266MBps 44.0ms</bind>
  <bind>Appliance-15 Comp:3-3-1 0.266MBps 44.0ms</bind>
  <bind>Comp:3-3-2 Appliance-22 0.266MBps 44.0ms</bind>
  <bind>Appliance-22 Comp:3-3-2 0.266MBps 44.0ms</bind>
  <bind>Comp:3-3-3 Appliance-19 0.266MBps 44.0ms</bind>
  <bind>Appliance-19 Comp:3-3-3 0.266MBps 44.0ms</bind>
  <bind>Comp:3-3-4 Appliance-32 0.266MBps 44.0ms</bind>
  <bind>Appliance-32 Comp:3-3-4 0.266MBps 44.0ms</bind>
  <bind>Comp:3-3-5 Appliance-15 0.266MBps 44.0ms</bind>
  <bind>Appliance-15 Comp:3-3-5 0.266MBps 44.0ms</bind>
</app>
<app>
  <id>App4</id>
<comp>
  <id>Comp:4-0-0</id>
  <CPU>0.79Gf</CPU>
  <RAM>0.729GB</RAM>
  <DISK>0.947GB</DISK>
</comp>
<comp>
  <id>Comp:4-0-1</id>
  <CPU>0.79Gf</CPU>
  <RAM>0.729GB</RAM>
  <DISK>0.947GB</DISK>
</comp>
<comp>
  <id>Comp:4-0-2</id>
  <CPU>0.79Gf</CPU>
  <RAM>0.729GB</RAM>
  <DISK>0.947GB</DISK>
</comp>
<comp>
  <id>Comp:4-0-3</id>
  <CPU>0.79Gf</CPU>
  <RAM>0.729GB</RAM>
  <DISK>0.947GB</DISK>
</comp>
<comp>
  <id>Comp:4-0-4</id>
  <CPU>0.79Gf</CPU>
  <RAM>0.729GB</RAM>
  <DISK>0.947GB</DISK>
</comp>
<comp>
  <id>Comp:4-0-5</id>
  <CPU>0.79Gf</CPU>
  <RAM>0.729GB</RAM>
  <DISK>0.947GB</DISK>
</comp>
<comp>
  <id>Comp:4-0-6</id>
  <CPU>0.79Gf</CPU>
  <RAM>0.729GB</RAM>
  <DISK>0.947GB</DISK>
</comp>
<comp>
  <id>Comp:4-1-0</id>
  <CPU>0.874Gf</CPU>
  <RAM>0.621GB</RAM>
  <DISK>0.0413GB</DISK>
</comp>
<comp>
  <id>Comp:4-1-1</id>
  <CPU>0.874Gf</CPU>
  <RAM>0.621GB</RAM>
  <DISK>0.0413GB</DISK>
</comp>
<comp>
  <id>Comp:4-1-2</id>
  <CPU>0.874Gf</CPU>
  <RAM>0.621GB</RAM>
  <DISK>0.0413GB</DISK>
</comp>
<comp>
  <id>Comp:4-1-3</id>
  <CPU>0.874Gf</CPU>
  <RAM>0.621GB</RAM>
  <DISK>0.0413GB</DISK>
</comp>
<comp>
  <id>Comp:4-1-4</id>
  <CPU>0.874Gf</CPU>
  <RAM>0.621GB</RAM>
  <DISK>0.0413GB</DISK>
</comp>
<comp>
  <id>Comp:4-1-5</id>
  <CPU>0.874Gf</CPU>
  <RAM>0.621GB</RAM>
  <DISK>0.0413GB</DISK>
</comp>
<comp>
  <id>Comp:4-1-6</id>
  <CPU>0.874Gf</CPU>
  <RAM>0.621GB</RAM>
  <DISK>0.0413GB</DISK>
</comp>
<comp>
  <id>Comp:4-2-0</id>
  <CPU>0.987Gf</CPU>
  <RAM>0.666GB</RAM>
  <DISK>1.84GB</DISK>
</comp>
<comp>
  <id>Comp:4-2-1</id>
  <CPU>0.987Gf</CPU>
  <RAM>0.666GB</RAM>
  <DISK>1.84GB</DISK>
</comp>
<comp>
  <id>Comp:4-2-2</id>
  <CPU>0.987Gf</CPU>
  <RAM>0.666GB</RAM>
  <DISK>1.84GB</DISK>
</comp>
<comp>
  <id>Comp:4-2-3</id>
  <CPU>0.987Gf</CPU>
  <RAM>0.666GB</RAM>
  <DISK>1.84GB</DISK>
</comp>
<comp>
  <id>Comp:4-3-0</id>
  <CPU>0.557Gf</CPU>
  <RAM>0.232GB</RAM>
  <DISK>1.81GB</DISK>
</comp>
<comp>
  <id>Comp:4-3-1</id>
  <CPU>0.557Gf</CPU>
  <RAM>0.232GB</RAM>
  <DISK>1.81GB</DISK>
</comp>
<comp>
  <id>Comp:4-3-2</id>
  <CPU>0.557Gf</CPU>
  <RAM>0.232GB</RAM>
  <DISK>1.81GB</DISK>
</comp>
<comp>
  <id>Comp:4-3-3</id>
  <CPU>0.557Gf</CPU>
  <RAM>0.232GB</RAM>
  <DISK>1.81GB</DISK>
</comp>
<comp>
  <id>Comp:4-3-4</id>
  <CPU>0.557Gf</CPU>
  <RAM>0.232GB</RAM>
  <DISK>1.81GB</DISK>
</comp>
<comp>
  <id>Comp:4-3-5</id>
  <CPU>0.557Gf</CPU>
  <RAM>0.232GB</RAM>
  <DISK>1.81GB</DISK>
</comp>
<comp>
  <id>Comp:4-3-6</id>
  <CPU>0.557Gf</CPU>
  <RAM>0.232GB</RAM>
  <DISK>1.81GB</DISK>
</comp>
<comp>
  <id>Comp:4-3-7</id>
  <CPU>0.557Gf</CPU>
  <RAM>0.232GB</RAM>
  <DISK>1.81GB</DISK>
</comp>
<comp>
  <id>Comp:4-3-8</id>
  <CPU>0.557Gf</CPU>
  <RAM>0.232GB</RAM>
  <DISK>1.81GB</DISK>
</comp>
<comp>
  <id>Comp:4-4-0</id>
  <CPU>0.505Gf</CPU>
  <RAM>0.578GB</RAM>
  <DISK>0.821GB</DISK>
</comp>
<comp>
  <id>Comp:4-4-1</id>
  <CPU>0.505Gf</CPU>
  <RAM>0.578GB</RAM>
  <DISK>0.821GB</DISK>
</comp>
<comp>
  <id>Comp:4-4-2</id>
  <CPU>0.505Gf</CPU>
  <RAM>0.578GB</RAM>
  <DISK>0.821GB</DISK>
</comp>
<comp>
  <id>Comp:4-4-3</id>
  <CPU>0.505Gf</CPU>
  <RAM>0.578GB</RAM>
  <DISK>0.821GB</DISK>
</comp>
<comp>
  <id>Comp:4-4-4</id>
  <CPU>0.505Gf</CPU>
  <RAM>0.578GB</RAM>
  <DISK>0.821GB</DISK>
</comp>
<comp>
  <id>Comp:4-4-5</id>
  <CPU>0.505Gf</CPU>
  <RAM>0.578GB</RAM>
  <DISK>0.821GB</DISK>
</comp>
<comp>
  <id>Comp:4-4-6</id>
  <CPU>0.505Gf</CPU>
  <RAM>0.578GB</RAM>
  <DISK>0.821GB</DISK>
</comp>
<comp>
  <id>Comp:4-5-0</id>
  <CPU>0.741Gf</CPU>
  <RAM>0.695GB</RAM>
  <DISK>1.83GB</DISK>
</comp>
<comp>
  <id>Comp:4-5-1</id>
  <CPU>0.741Gf</CPU>
  <RAM>0.695GB</RAM>
  <DISK>1.83GB</DISK>
</comp>
<comp>
  <id>Comp:4-5-2</id>
  <CPU>0.741Gf</CPU>
  <RAM>0.695GB</RAM>
  <DISK>1.83GB</DISK>
</comp>
<comp>
  <id>Comp:4-5-3</id>
  <CPU>0.741Gf</CPU>
  <RAM>0.695GB</RAM>
  <DISK>1.83GB</DISK>
</comp>
<comp>
  <id>Comp:4-5-4</id>
  <CPU>0.741Gf</CPU>
  <RAM>0.695GB</RAM>
  <DISK>1.83GB</DISK>
</comp>
<comp>
  <id>Comp:4-5-5</id>
  <CPU>0.741Gf</CPU>
  <RAM>0.695GB</RAM>
  <DISK>1.83GB</DISK>
</comp>
<comp>
  <id>Comp:4-5-6</id>
  <CPU>0.741Gf</CPU>
  <RAM>0.695GB</RAM>
  <DISK>1.83GB</DISK>
</comp>
  <bind>Comp:4-1-0 Comp:4-0-0 0.357MBps 39.0ms</bind>
  <bind>Comp:4-0-0 Comp:4-1-0 0.357MBps 39.0ms</bind>
  <bind>Comp:4-1-1 Comp:4-0-1 0.357MBps 39.0ms</bind>
  <bind>Comp:4-0-1 Comp:4-1-1 0.357MBps 39.0ms</bind>
  <bind>Comp:4-1-2 Comp:4-0-2 0.357MBps 39.0ms</bind>
  <bind>Comp:4-0-2 Comp:4-1-2 0.357MBps 39.0ms</bind>
  <bind>Comp:4-1-3 Comp:4-0-3 0.357MBps 39.0ms</bind>
  <bind>Comp:4-0-3 Comp:4-1-3 0.357MBps 39.0ms</bind>
  <bind>Comp:4-1-4 Comp:4-0-4 0.357MBps 39.0ms</bind>
  <bind>Comp:4-0-4 Comp:4-1-4 0.357MBps 39.0ms</bind>
  <bind>Comp:4-1-5 Comp:4-0-5 0.357MBps 39.0ms</bind>
  <bind>Comp:4-0-5 Comp:4-1-5 0.357MBps 39.0ms</bind>
  <bind>Comp:4-1-6 Comp:4-0-6 0.357MBps 39.0ms</bind>
  <bind>Comp:4-0-6 Comp:4-1-6 0.357MBps 39.0ms</bind>
  <bind>Comp:4-2-0 Comp:4-1-0 0.12MBps 26.9ms</bind>
  <bind>Comp:4-1-0 Comp:4-2-0 0.12MBps 26.9ms</bind>
  <bind>Comp:4-2-1 Comp:4-1-1 0.12MBps 26.9ms</bind>
  <bind>Comp:4-1-1 Comp:4-2-1 0.12MBps 26.9ms</bind>
  <bind>Comp:4-2-2 Comp:4-1-2 0.12MBps 26.9ms</bind>
  <bind>Comp:4-1-2 Comp:4-2-2 0.12MBps 26.9ms</bind>
  <bind>Comp:4-2-3 Comp:4-1-3 0.12MBps 26.9ms</bind>
  <bind>Comp:4-1-3 Comp:4-2-3 0.12MBps 26.9ms</bind>
  <bind>Comp:4-2-0 Comp:4-1-4 0.12MBps 26.9ms</bind>
  <bind>Comp:4-1-4 Comp:4-2-0 0.12MBps 26.9ms</bind>
  <bind>Comp:4-2-1 Comp:4-1-5 0.12MBps 26.9ms</bind>
  <bind>Comp:4-1-5 Comp:4-2-1 0.12MBps 26.9ms</bind>
  <bind>Comp:4-2-2 Comp:4-1-6 0.12MBps 26.9ms</bind>
  <bind>Comp:4-1-6 Comp:4-2-2 0.12MBps 26.9ms</bind>
  <bind>Comp:4-3-0 Comp:4-2-0 0.543MBps 40.3ms</bind>
  <bind>Comp:4-2-0 Comp:4-3-0 0.543MBps 40.3ms</bind>
  <bind>Comp:4-3-1 Comp:4-2-1 0.543MBps 40.3ms</bind>
  <bind>Comp:4-2-1 Comp:4-3-1 0.543MBps 40.3ms</bind>
  <bind>Comp:4-3-2 Comp:4-2-2 0.543MBps 40.3ms</bind>
  <bind>Comp:4-2-2 Comp:4-3-2 0.543MBps 40.3ms</bind>
  <bind>Comp:4-3-3 Comp:4-2-3 0.543MBps 40.3ms</bind>
  <bind>Comp:4-2-3 Comp:4-3-3 0.543MBps 40.3ms</bind>
  <bind>Comp:4-3-4 Comp:4-2-0 0.543MBps 40.3ms</bind>
  <bind>Comp:4-2-0 Comp:4-3-4 0.543MBps 40.3ms</bind>
  <bind>Comp:4-3-5 Comp:4-2-1 0.543MBps 40.3ms</bind>
  <bind>Comp:4-2-1 Comp:4-3-5 0.543MBps 40.3ms</bind>
  <bind>Comp:4-3-6 Comp:4-2-2 0.543MBps 40.3ms</bind>
  <bind>Comp:4-2-2 Comp:4-3-6 0.543MBps 40.3ms</bind>
  <bind>Comp:4-3-7 Comp:4-2-3 0.543MBps 40.3ms</bind>
  <bind>Comp:4-2-3 Comp:4-3-7 0.543MBps 40.3ms</bind>
  <bind>Comp:4-3-8 Comp:4-2-0 0.543MBps 40.3ms</bind>
  <bind>Comp:4-2-0 Comp:4-3-8 0.543MBps 40.3ms</bind>
  <bind>Comp:4-4-0 Comp:4-3-0 0.271MBps 35.0ms</bind>
  <bind>Comp:4-3-0 Comp:4-4-0 0.271MBps 35.0ms</bind>
  <bind>Comp:4-4-1 Comp:4-3-1 0.271MBps 35.0ms</bind>
  <bind>Comp:4-3-1 Comp:4-4-1 0.271MBps 35.0ms</bind>
  <bind>Comp:4-4-2 Comp:4-3-2 0.271MBps 35.0ms</bind>
  <bind>Comp:4-3-2 Comp:4-4-2 0.271MBps 35.0ms</bind>
  <bind>Comp:4-4-3 Comp:4-3-3 0.271MBps 35.0ms</bind>
  <bind>Comp:4-3-3 Comp:4-4-3 0.271MBps 35.0ms</bind>
  <bind>Comp:4-4-4 Comp:4-3-4 0.271MBps 35.0ms</bind>
  <bind>Comp:4-3-4 Comp:4-4-4 0.271MBps 35.0ms</bind>
  <bind>Comp:4-4-5 Comp:4-3-5 0.271MBps 35.0ms</bind>
  <bind>Comp:4-3-5 Comp:4-4-5 0.271MBps 35.0ms</bind>
  <bind>Comp:4-4-6 Comp:4-3-6 0.271MBps 35.0ms</bind>
  <bind>Comp:4-3-6 Comp:4-4-6 0.271MBps 35.0ms</bind>
  <bind>Comp:4-4-0 Comp:4-3-7 0.271MBps 35.0ms</bind>
  <bind>Comp:4-3-7 Comp:4-4-0 0.271MBps 35.0ms</bind>
  <bind>Comp:4-4-1 Comp:4-3-8 0.271MBps 35.0ms</bind>
  <bind>Comp:4-3-8 Comp:4-4-1 0.271MBps 35.0ms</bind>
  <bind>Comp:4-5-0 Comp:4-4-0 0.367MBps 41.7ms</bind>
  <bind>Comp:4-4-0 Comp:4-5-0 0.367MBps 41.7ms</bind>
  <bind>Comp:4-5-1 Comp:4-4-1 0.367MBps 41.7ms</bind>
  <bind>Comp:4-4-1 Comp:4-5-1 0.367MBps 41.7ms</bind>
  <bind>Comp:4-5-2 Comp:4-4-2 0.367MBps 41.7ms</bind>
  <bind>Comp:4-4-2 Comp:4-5-2 0.367MBps 41.7ms</bind>
  <bind>Comp:4-5-3 Comp:4-4-3 0.367MBps 41.7ms</bind>
  <bind>Comp:4-4-3 Comp:4-5-3 0.367MBps 41.7ms</bind>
  <bind>Comp:4-5-4 Comp:4-4-4 0.367MBps 41.7ms</bind>
  <bind>Comp:4-4-4 Comp:4-5-4 0.367MBps 41.7ms</bind>
  <bind>Comp:4-5-5 Comp:4-4-5 0.367MBps 41.7ms</bind>
  <bind>Comp:4-4-5 Comp:4-5-5 0.367MBps 41.7ms</bind>
  <bind>Comp:4-5-6 Comp:4-4-6 0.367MBps 41.7ms</bind>
  <bind>Comp:4-4-6 Comp:4-5-6 0.367MBps 41.7ms</bind>
  <bind>Comp:4-5-0 Appliance-3 0.804MBps 27.3ms</bind>
  <bind>Appliance-3 Comp:4-5-0 0.804MBps 27.3ms</bind>
  <bind>Comp:4-5-1 Appliance-16 0.804MBps 27.3ms</bind>
  <bind>Appliance-16 Comp:4-5-1 0.804MBps 27.3ms</bind>
  <bind>Comp:4-5-2 Appliance-37 0.804MBps 27.3ms</bind>
  <bind>Appliance-37 Comp:4-5-2 0.804MBps 27.3ms</bind>
  <bind>Comp:4-5-3 Appliance-32 0.804MBps 27.3ms</bind>
  <bind>Appliance-32 Comp:4-5-3 0.804MBps 27.3ms</bind>
  <bind>Comp:4-5-4 Appliance-28 0.804MBps 27.3ms</bind>
  <bind>Appliance-28 Comp:4-5-4 0.804MBps 27.3ms</bind>
  <bind>Comp:4-5-5 Appliance-2 0.804MBps 27.3ms</bind>
  <bind>Appliance-2 Comp:4-5-5 0.804MBps 27.3ms</bind>
  <bind>Comp:4-5-6 Appliance-3 0.804MBps 27.3ms</bind>
  <bind>Appliance-3 Comp:4-5-6 0.804MBps 27.3ms</bind>
</app>
<app>
  <id>App5</id>
<comp>
  <id>Comp:5-0-0</id>
  <CPU>0.684Gf</CPU>
  <RAM>0.254GB</RAM>
  <DISK>0.245GB</DISK>
</comp>
<comp>
  <id>Comp:5-1-0</id>
  <CPU>0.981Gf</CPU>
  <RAM>0.332GB</RAM>
  <DISK>1.95GB</DISK>
</comp>
<comp>
  <id>Comp:5-1-1</id>
  <CPU>0.981Gf</CPU>
  <RAM>0.332GB</RAM>
  <DISK>1.95GB</DISK>
</comp>
<comp>
  <id>Comp:5-1-2</id>
  <CPU>0.981Gf</CPU>
  <RAM>0.332GB</RAM>
  <DISK>1.95GB</DISK>
</comp>
<comp>
  <id>Comp:5-1-3</id>
  <CPU>0.981Gf</CPU>
  <RAM>0.332GB</RAM>
  <DISK>1.95GB</DISK>
</comp>
<comp>
  <id>Comp:5-1-4</id>
  <CPU>0.981Gf</CPU>
  <RAM>0.332GB</RAM>
  <DISK>1.95GB</DISK>
</comp>
<comp>
  <id>Comp:5-1-5</id>
  <CPU>0.981Gf</CPU>
  <RAM>0.332GB</RAM>
  <DISK>1.95GB</DISK>
</comp>
<comp>
  <id>Comp:5-1-6</id>
  <CPU>0.981Gf</CPU>
  <RAM>0.332GB</RAM>
  <DISK>1.95GB</DISK>
</comp>
<comp>
  <id>Comp:5-1-7</id>
  <CPU>0.981Gf</CPU>
  <RAM>0.332GB</RAM>
  <DISK>1.95GB</DISK>
</comp>
<comp>
  <id>Comp:5-1-8</id>
  <CPU>0.981Gf</CPU>
  <RAM>0.332GB</RAM>
  <DISK>1.95GB</DISK>
</comp>
<comp>
  <id>Comp:5-2-0</id>
  <CPU>0.239Gf</CPU>
  <RAM>0.482GB</RAM>
  <DISK>0.354GB</DISK>
</comp>
<comp>
  <id>Comp:5-2-1</id>
  <CPU>0.239Gf</CPU>
  <RAM>0.482GB</RAM>
  <DISK>0.354GB</DISK>
</comp>
<comp>
  <id>Comp:5-2-2</id>
  <CPU>0.239Gf</CPU>
  <RAM>0.482GB</RAM>
  <DISK>0.354GB</DISK>
</comp>
  <bind>Comp:5-1-0 Comp:5-0-0 0.223MBps 30.1ms</bind>
  <bind>Comp:5-0-0 Comp:5-1-0 0.223MBps 30.1ms</bind>
  <bind>Comp:5-1-1 Comp:5-0-0 0.223MBps 30.1ms</bind>
  <bind>Comp:5-0-0 Comp:5-1-1 0.223MBps 30.1ms</bind>
  <bind>Comp:5-1-2 Comp:5-0-0 0.223MBps 30.1ms</bind>
  <bind>Comp:5-0-0 Comp:5-1-2 0.223MBps 30.1ms</bind>
  <bind>Comp:5-1-3 Comp:5-0-0 0.223MBps 30.1ms</bind>
  <bind>Comp:5-0-0 Comp:5-1-3 0.223MBps 30.1ms</bind>
  <bind>Comp:5-1-4 Comp:5-0-0 0.223MBps 30.1ms</bind>
  <bind>Comp:5-0-0 Comp:5-1-4 0.223MBps 30.1ms</bind>
  <bind>Comp:5-1-5 Comp:5-0-0 0.223MBps 30.1ms</bind>
  <bind>Comp:5-0-0 Comp:5-1-5 0.223MBps 30.1ms</bind>
  <bind>Comp:5-1-6 Comp:5-0-0 0.223MBps 30.1ms</bind>
  <bind>Comp:5-0-0 Comp:5-1-6 0.223MBps 30.1ms</bind>
  <bind>Comp:5-1-7 Comp:5-0-0 0.223MBps 30.1ms</bind>
  <bind>Comp:5-0-0 Comp:5-1-7 0.223MBps 30.1ms</bind>
  <bind>Comp:5-1-8 Comp:5-0-0 0.223MBps 30.1ms</bind>
  <bind>Comp:5-0-0 Comp:5-1-8 0.223MBps 30.1ms</bind>
  <bind>Comp:5-2-0 Comp:5-1-0 0.011MBps 34.4ms</bind>
  <bind>Comp:5-1-0 Comp:5-2-0 0.011MBps 34.4ms</bind>
  <bind>Comp:5-2-1 Comp:5-1-1 0.011MBps 34.4ms</bind>
  <bind>Comp:5-1-1 Comp:5-2-1 0.011MBps 34.4ms</bind>
  <bind>Comp:5-2-2 Comp:5-1-2 0.011MBps 34.4ms</bind>
  <bind>Comp:5-1-2 Comp:5-2-2 0.011MBps 34.4ms</bind>
  <bind>Comp:5-2-0 Comp:5-1-3 0.011MBps 34.4ms</bind>
  <bind>Comp:5-1-3 Comp:5-2-0 0.011MBps 34.4ms</bind>
  <bind>Comp:5-2-1 Comp:5-1-4 0.011MBps 34.4ms</bind>
  <bind>Comp:5-1-4 Comp:5-2-1 0.011MBps 34.4ms</bind>
  <bind>Comp:5-2-2 Comp:5-1-5 0.011MBps 34.4ms</bind>
  <bind>Comp:5-1-5 Comp:5-2-2 0.011MBps 34.4ms</bind>
  <bind>Comp:5-2-0 Comp:5-1-6 0.011MBps 34.4ms</bind>
  <bind>Comp:5-1-6 Comp:5-2-0 0.011MBps 34.4ms</bind>
  <bind>Comp:5-2-1 Comp:5-1-7 0.011MBps 34.4ms</bind>
  <bind>Comp:5-1-7 Comp:5-2-1 0.011MBps 34.4ms</bind>
  <bind>Comp:5-2-2 Comp:5-1-8 0.011MBps 34.4ms</bind>
  <bind>Comp:5-1-8 Comp:5-2-2 0.011MBps 34.4ms</bind>
  <bind>Comp:5-2-0 Appliance-21 0.0195MBps 42.4ms</bind>
  <bind>Appliance-21 Comp:5-2-0 0.0195MBps 42.4ms</bind>
  <bind>Comp:5-2-1 Appliance-17 0.0195MBps 42.4ms</bind>
  <bind>Appliance-17 Comp:5-2-1 0.0195MBps 42.4ms</bind>
  <bind>Comp:5-2-2 Appliance-24 0.0195MBps 42.4ms</bind>
  <bind>Appliance-24 Comp:5-2-2 0.0195MBps 42.4ms</bind>
  <bind>Comp:5-2-0 Appliance-20 0.0195MBps 42.4ms</bind>
  <bind>Appliance-20 Comp:5-2-0 0.0195MBps 42.4ms</bind>
  <bind>Comp:5-2-1 Appliance-21 0.0195MBps 42.4ms</bind>
  <bind>Appliance-21 Comp:5-2-1 0.0195MBps 42.4ms</bind>
</app>
<app>
  <id>App9</id>
<comp>
  <id>Comp:9-0-0</id>
  <CPU>0.872Gf</CPU>
  <RAM>0.598GB</RAM>
  <DISK>1.8GB</DISK>
</comp>
<comp>
  <id>Comp:9-0-1</id>
  <CPU>0.872Gf</CPU>
  <RAM>0.598GB</RAM>
  <DISK>1.8GB</DISK>
</comp>
<comp>
  <id>Comp:9-0-2</id>
  <CPU>0.872Gf</CPU>
  <RAM>0.598GB</RAM>
  <DISK>1.8GB</DISK>
</comp>
<comp>
  <id>Comp:9-0-3</id>
  <CPU>0.872Gf</CPU>
  <RAM>0.598GB</RAM>
  <DISK>1.8GB</DISK>
</comp>
<comp>
  <id>Comp:9-0-4</id>
  <CPU>0.872Gf</CPU>
  <RAM>0.598GB</RAM>
  <DISK>1.8GB</DISK>
</comp>
<comp>
  <id>Comp:9-0-5</id>
  <CPU>0.872Gf</CPU>
  <RAM>0.598GB</RAM>
  <DISK>1.8GB</DISK>
</comp>
<comp>
  <id>Comp:9-0-6</id>
  <CPU>0.872Gf</CPU>
  <RAM>0.598GB</RAM>
  <DISK>1.8GB</DISK>
</comp>
<comp>
  <id>Comp:9-0-7</id>
  <CPU>0.872Gf</CPU>
  <RAM>0.598GB</RAM>
  <DISK>1.8GB</DISK>
</comp>
<comp>
  <id>Comp:9-0-8</id>
  <CPU>0.872Gf</CPU>
  <RAM>0.598GB</RAM>
  <DISK>1.8GB</DISK>
</comp>
<comp>
  <id>Comp:9-1-0</id>
  <CPU>0.217Gf</CPU>
  <RAM>0.21GB</RAM>
  <DISK>1.34GB</DISK>
</comp>
<comp>
  <id>Comp:9-1-1</id>
  <CPU>0.217Gf</CPU>
  <RAM>0.21GB</RAM>
  <DISK>1.34GB</DISK>
</comp>
<comp>
  <id>Comp:9-1-2</id>
  <CPU>0.217Gf</CPU>
  <RAM>0.21GB</RAM>
  <DISK>1.34GB</DISK>
</comp>
<comp>
  <id>Comp:9-2-0</id>
  <CPU>0.618Gf</CPU>
  <RAM>0.847GB</RAM>
  <DISK>1.37GB</DISK>
</comp>
<comp>
  <id>Comp:9-2-1</id>
  <CPU>0.618Gf</CPU>
  <RAM>0.847GB</RAM>
  <DISK>1.37GB</DISK>
</comp>
<comp>
  <id>Comp:9-2-2</id>
  <CPU>0.618Gf</CPU>
  <RAM>0.847GB</RAM>
  <DISK>1.37GB</DISK>
</comp>
<comp>
  <id>Comp:9-2-3</id>
  <CPU>0.618Gf</CPU>
  <RAM>0.847GB</RAM>
  <DISK>1.37GB</DISK>
</comp>
<comp>
  <id>Comp:9-3-0</id>
  <CPU>0.601Gf</CPU>
  <RAM>0.418GB</RAM>
  <DISK>0.198GB</DISK>
</comp>
<comp>
  <id>Comp:9-3-1</id>
  <CPU>0.601Gf</CPU>
  <RAM>0.418GB</RAM>
  <DISK>0.198GB</DISK>
</comp>
<comp>
  <id>Comp:9-3-2</id>
  <CPU>0.601Gf</CPU>
  <RAM>0.418GB</RAM>
  <DISK>0.198GB</DISK>
</comp>
<comp>
  <id>Comp:9-3-3</id>
  <CPU>0.601Gf</CPU>
  <RAM>0.418GB</RAM>
  <DISK>0.198GB</DISK>
</comp>
<comp>
  <id>Comp:9-3-4</id>
  <CPU>0.601Gf</CPU>
  <RAM>0.418GB</RAM>
  <DISK>0.198GB</DISK>
</comp>
<comp>
  <id>Comp:9-3-5</id>
  <CPU>0.601Gf</CPU>
  <RAM>0.418GB</RAM>
  <DISK>0.198GB</DISK>
</comp>
<comp>
  <id>Comp:9-3-6</id>
  <CPU>0.601Gf</CPU>
  <RAM>0.418GB</RAM>
  <DISK>0.198GB</DISK>
</comp>
<comp>
  <id>Comp:9-3-7</id>
  <CPU>0.601Gf</CPU>
  <RAM>0.418GB</RAM>
  <DISK>0.198GB</DISK>
</comp>
<comp>
  <id>Comp:9-4-0</id>
  <CPU>0.237Gf</CPU>
  <RAM>0.241GB</RAM>
  <DISK>0.79GB</DISK>
</comp>
<comp>
  <id>Comp:9-4-1</id>
  <CPU>0.237Gf</CPU>
  <RAM>0.241GB</RAM>
  <DISK>0.79GB</DISK>
</comp>
<comp>
  <id>Comp:9-4-2</id>
  <CPU>0.237Gf</CPU>
  <RAM>0.241GB</RAM>
  <DISK>0.79GB</DISK>
</comp>
<comp>
  <id>Comp:9-4-3</id>
  <CPU>0.237Gf</CPU>
  <RAM>0.241GB</RAM>
  <DISK>0.79GB</DISK>
</comp>
<comp>
  <id>Comp:9-4-4</id>
  <CPU>0.237Gf</CPU>
  <RAM>0.241GB</RAM>
  <DISK>0.79GB</DISK>
</comp>
<comp>
  <id>Comp:9-5-0</id>
  <CPU>0.384Gf</CPU>
  <RAM>0.357GB</RAM>
  <DISK>0.47GB</DISK>
</comp>
<comp>
  <id>Comp:9-5-1</id>
  <CPU>0.384Gf</CPU>
  <RAM>0.357GB</RAM>
  <DISK>0.47GB</DISK>
</comp>
<comp>
  <id>Comp:9-5-2</id>
  <CPU>0.384Gf</CPU>
  <RAM>0.357GB</RAM>
  <DISK>0.47GB</DISK>
</comp>
<comp>
  <id>Comp:9-5-3</id>
  <CPU>0.384Gf</CPU>
  <RAM>0.357GB</RAM>
  <DISK>0.47GB</DISK>
</comp>
<comp>
  <id>Comp:9-5-4</id>
  <CPU>0.384Gf</CPU>
  <RAM>0.357GB</RAM>
  <DISK>0.47GB</DISK>
</comp>
<comp>
  <id>Comp:9-5-5</id>
  <CPU>0.384Gf</CPU>
  <RAM>0.357GB</RAM>
  <DISK>0.47GB</DISK>
</comp>
<comp>
  <id>Comp:9-5-6</id>
  <CPU>0.384Gf</CPU>
  <RAM>0.357GB</RAM>
  <DISK>0.47GB</DISK>
</comp>
<comp>
  <id>Comp:9-5-7</id>
  <CPU>0.384Gf</CPU>
  <RAM>0.357GB</RAM>
  <DISK>0.47GB</DISK>
</comp>
<comp>
  <id>Comp:9-5-8</id>
  <CPU>0.384Gf</CPU>
  <RAM>0.357GB</RAM>
  <DISK>0.47GB</DISK>
</comp>
<comp>
  <id>Comp:9-5-9</id>
  <CPU>0.384Gf</CPU>
  <RAM>0.357GB</RAM>
  <DISK>0.47GB</DISK>
</comp>
  <bind>Comp:9-1-0 Comp:9-0-0 0.726MBps 40.2ms</bind>
  <bind>Comp:9-0-0 Comp:9-1-0 0.726MBps 40.2ms</bind>
  <bind>Comp:9-1-1 Comp:9-0-1 0.726MBps 40.2ms</bind>
  <bind>Comp:9-0-1 Comp:9-1-1 0.726MBps 40.2ms</bind>
  <bind>Comp:9-1-2 Comp:9-0-2 0.726MBps 40.2ms</bind>
  <bind>Comp:9-0-2 Comp:9-1-2 0.726MBps 40.2ms</bind>
  <bind>Comp:9-1-0 Comp:9-0-3 0.726MBps 40.2ms</bind>
  <bind>Comp:9-0-3 Comp:9-1-0 0.726MBps 40.2ms</bind>
  <bind>Comp:9-1-1 Comp:9-0-4 0.726MBps 40.2ms</bind>
  <bind>Comp:9-0-4 Comp:9-1-1 0.726MBps 40.2ms</bind>
  <bind>Comp:9-1-2 Comp:9-0-5 0.726MBps 40.2ms</bind>
  <bind>Comp:9-0-5 Comp:9-1-2 0.726MBps 40.2ms</bind>
  <bind>Comp:9-1-0 Comp:9-0-6 0.726MBps 40.2ms</bind>
  <bind>Comp:9-0-6 Comp:9-1-0 0.726MBps 40.2ms</bind>
  <bind>Comp:9-1-1 Comp:9-0-7 0.726MBps 40.2ms</bind>
  <bind>Comp:9-0-7 Comp:9-1-1 0.726MBps 40.2ms</bind>
  <bind>Comp:9-1-2 Comp:9-0-8 0.726MBps 40.2ms</bind>
  <bind>Comp:9-0-8 Comp:9-1-2 0.726MBps 40.2ms</bind>
  <bind>Comp:9-2-0 Comp:9-1-0 0.692MBps 29.6ms</bind>
  <bind>Comp:9-1-0 Comp:9-2-0 0.692MBps 29.6ms</bind>
  <bind>Comp:9-2-1 Comp:9-1-1 0.692MBps 29.6ms</bind>
  <bind>Comp:9-1-1 Comp:9-2-1 0.692MBps 29.6ms</bind>
  <bind>Comp:9-2-2 Comp:9-1-2 0.692MBps 29.6ms</bind>
  <bind>Comp:9-1-2 Comp:9-2-2 0.692MBps 29.6ms</bind>
  <bind>Comp:9-2-3 Comp:9-1-0 0.692MBps 29.6ms</bind>
  <bind>Comp:9-1-0 Comp:9-2-3 0.692MBps 29.6ms</bind>
  <bind>Comp:9-3-0 Comp:9-2-0 0.284MBps 31.3ms</bind>
  <bind>Comp:9-2-0 Comp:9-3-0 0.284MBps 31.3ms</bind>
  <bind>Comp:9-3-1 Comp:9-2-1 0.284MBps 31.3ms</bind>
  <bind>Comp:9-2-1 Comp:9-3-1 0.284MBps 31.3ms</bind>
  <bind>Comp:9-3-2 Comp:9-2-2 0.284MBps 31.3ms</bind>
  <bind>Comp:9-2-2 Comp:9-3-2 0.284MBps 31.3ms</bind>
  <bind>Comp:9-3-3 Comp:9-2-3 0.284MBps 31.3ms</bind>
  <bind>Comp:9-2-3 Comp:9-3-3 0.284MBps 31.3ms</bind>
  <bind>Comp:9-3-4 Comp:9-2-0 0.284MBps 31.3ms</bind>
  <bind>Comp:9-2-0 Comp:9-3-4 0.284MBps 31.3ms</bind>
  <bind>Comp:9-3-5 Comp:9-2-1 0.284MBps 31.3ms</bind>
  <bind>Comp:9-2-1 Comp:9-3-5 0.284MBps 31.3ms</bind>
  <bind>Comp:9-3-6 Comp:9-2-2 0.284MBps 31.3ms</bind>
  <bind>Comp:9-2-2 Comp:9-3-6 0.284MBps 31.3ms</bind>
  <bind>Comp:9-3-7 Comp:9-2-3 0.284MBps 31.3ms</bind>
  <bind>Comp:9-2-3 Comp:9-3-7 0.284MBps 31.3ms</bind>
  <bind>Comp:9-4-0 Comp:9-3-0 0.293MBps 42.5ms</bind>
  <bind>Comp:9-3-0 Comp:9-4-0 0.293MBps 42.5ms</bind>
  <bind>Comp:9-4-1 Comp:9-3-1 0.293MBps 42.5ms</bind>
  <bind>Comp:9-3-1 Comp:9-4-1 0.293MBps 42.5ms</bind>
  <bind>Comp:9-4-2 Comp:9-3-2 0.293MBps 42.5ms</bind>
  <bind>Comp:9-3-2 Comp:9-4-2 0.293MBps 42.5ms</bind>
  <bind>Comp:9-4-3 Comp:9-3-3 0.293MBps 42.5ms</bind>
  <bind>Comp:9-3-3 Comp:9-4-3 0.293MBps 42.5ms</bind>
  <bind>Comp:9-4-4 Comp:9-3-4 0.293MBps 42.5ms</bind>
  <bind>Comp:9-3-4 Comp:9-4-4 0.293MBps 42.5ms</bind>
  <bind>Comp:9-4-0 Comp:9-3-5 0.293MBps 42.5ms</bind>
  <bind>Comp:9-3-5 Comp:9-4-0 0.293MBps 42.5ms</bind>
  <bind>Comp:9-4-1 Comp:9-3-6 0.293MBps 42.5ms</bind>
  <bind>Comp:9-3-6 Comp:9-4-1 0.293MBps 42.5ms</bind>
  <bind>Comp:9-4-2 Comp:9-3-7 0.293MBps 42.5ms</bind>
  <bind>Comp:9-3-7 Comp:9-4-2 0.293MBps 42.5ms</bind>
  <bind>Comp:9-5-0 Comp:9-4-0 0.806MBps 46.2ms</bind>
  <bind>Comp:9-4-0 Comp:9-5-0 0.806MBps 46.2ms</bind>
  <bind>Comp:9-5-1 Comp:9-4-1 0.806MBps 46.2ms</bind>
  <bind>Comp:9-4-1 Comp:9-5-1 0.806MBps 46.2ms</bind>
  <bind>Comp:9-5-2 Comp:9-4-2 0.806MBps 46.2ms</bind>
  <bind>Comp:9-4-2 Comp:9-5-2 0.806MBps 46.2ms</bind>
  <bind>Comp:9-5-3 Comp:9-4-3 0.806MBps 46.2ms</bind>
  <bind>Comp:9-4-3 Comp:9-5-3 0.806MBps 46.2ms</bind>
  <bind>Comp:9-5-4 Comp:9-4-4 0.806MBps 46.2ms</bind>
  <bind>Comp:9-4-4 Comp:9-5-4 0.806MBps 46.2ms</bind>
  <bind>Comp:9-5-5 Comp:9-4-0 0.806MBps 46.2ms</bind>
  <bind>Comp:9-4-0 Comp:9-5-5 0.806MBps 46.2ms</bind>
  <bind>Comp:9-5-6 Comp:9-4-1 0.806MBps 46.2ms</bind>
  <bind>Comp:9-4-1 Comp:9-5-6 0.806MBps 46.2ms</bind>
  <bind>Comp:9-5-7 Comp:9-4-2 0.806MBps 46.2ms</bind>
  <bind>Comp:9-4-2 Comp:9-5-7 0.806MBps 46.2ms</bind>
  <bind>Comp:9-5-8 Comp:9-4-3 0.806MBps 46.2ms</bind>
  <bind>Comp:9-4-3 Comp:9-5-8 0.806MBps 46.2ms</bind>
  <bind>Comp:9-5-9 Comp:9-4-4 0.806MBps 46.2ms</bind>
  <bind>Comp:9-4-4 Comp:9-5-9 0.806MBps 46.2ms</bind>
  <bind>Comp:9-5-0 Appliance-35 0.705MBps 30.8ms</bind>
  <bind>Appliance-35 Comp:9-5-0 0.705MBps 30.8ms</bind>
  <bind>Comp:9-5-1 Appliance-35 0.705MBps 30.8ms</bind>
  <bind>Appliance-35 Comp:9-5-1 0.705MBps 30.8ms</bind>
  <bind>Comp:9-5-2 Appliance-27 0.705MBps 30.8ms</bind>
  <bind>Appliance-27 Comp:9-5-2 0.705MBps 30.8ms</bind>
  <bind>Comp:9-5-3 Appliance-4 0.705MBps 30.8ms</bind>
  <bind>Appliance-4 Comp:9-5-3 0.705MBps 30.8ms</bind>
  <bind>Comp:9-5-4 Appliance-5 0.705MBps 30.8ms</bind>
  <bind>Appliance-5 Comp:9-5-4 0.705MBps 30.8ms</bind>
  <bind>Comp:9-5-5 Appliance-20 0.705MBps 30.8ms</bind>
  <bind>Appliance-20 Comp:9-5-5 0.705MBps 30.8ms</bind>
  <bind>Comp:9-5-6 Appliance-27 0.705MBps 30.8ms</bind>
  <bind>Appliance-27 Comp:9-5-6 0.705MBps 30.8ms</bind>
  <bind>Comp:9-5-7 Appliance-35 0.705MBps 30.8ms</bind>
  <bind>Appliance-35 Comp:9-5-7 0.705MBps 30.8ms</bind>
  <bind>Comp:9-5-8 Appliance-35 0.705MBps 30.8ms</bind>
  <bind>Appliance-35 Comp:9-5-8 0.705MBps 30.8ms</bind>
  <bind>Comp:9-5-9 Appliance-27 0.705MBps 30.8ms</bind>
  <bind>Appliance-27 Comp:9-5-9 0.705MBps 30.8ms</bind>
</app>
</apps>
