<?xml version="1.0"?>
<apps>
<app>
  <id>App1</id>
<comp>
  <id>Comp:1-1-0</id>
  <CPU>0.864Gf</CPU>
  <RAM>0.357GB</RAM>
  <DISK>0.289GB</DISK>
</comp>
<comp>
  <id>Comp:1-1-1</id>
  <CPU>0.864Gf</CPU>
  <RAM>0.357GB</RAM>
  <DISK>0.289GB</DISK>
</comp>
<comp>
  <id>Comp:1-1-2</id>
  <CPU>0.864Gf</CPU>
  <RAM>0.357GB</RAM>
  <DISK>0.289GB</DISK>
</comp>
<comp>
  <id>Comp:1-1-3</id>
  <CPU>0.864Gf</CPU>
  <RAM>0.357GB</RAM>
  <DISK>0.289GB</DISK>
</comp>
<comp>
  <id>Comp:1-1-4</id>
  <CPU>0.864Gf</CPU>
  <RAM>0.357GB</RAM>
  <DISK>0.289GB</DISK>
</comp>
<comp>
  <id>Comp:1-1-5</id>
  <CPU>0.864Gf</CPU>
  <RAM>0.357GB</RAM>
  <DISK>0.289GB</DISK>
</comp>
<comp>
  <id>Comp:1-1-6</id>
  <CPU>0.864Gf</CPU>
  <RAM>0.357GB</RAM>
  <DISK>0.289GB</DISK>
</comp>
<comp>
  <id>Comp:1-1-7</id>
  <CPU>0.864Gf</CPU>
  <RAM>0.357GB</RAM>
  <DISK>0.289GB</DISK>
</comp>
<comp>
  <id>Comp:1-1-8</id>
  <CPU>0.864Gf</CPU>
  <RAM>0.357GB</RAM>
  <DISK>0.289GB</DISK>
</comp>
<comp>
  <id>Comp:1-1-9</id>
  <CPU>0.864Gf</CPU>
  <RAM>0.357GB</RAM>
  <DISK>0.289GB</DISK>
</comp>
<comp>
  <id>Comp:1-2-0</id>
  <CPU>0.494Gf</CPU>
  <RAM>0.743GB</RAM>
  <DISK>1.34GB</DISK>
</comp>
<comp>
  <id>Comp:1-2-1</id>
  <CPU>0.494Gf</CPU>
  <RAM>0.743GB</RAM>
  <DISK>1.34GB</DISK>
</comp>
<comp>
  <id>Comp:1-2-2</id>
  <CPU>0.494Gf</CPU>
  <RAM>0.743GB</RAM>
  <DISK>1.34GB</DISK>
</comp>
<comp>
  <id>Comp:1-2-3</id>
  <CPU>0.494Gf</CPU>
  <RAM>0.743GB</RAM>
  <DISK>1.34GB</DISK>
</comp>
<comp>
  <id>Comp:1-2-4</id>
  <CPU>0.494Gf</CPU>
  <RAM>0.743GB</RAM>
  <DISK>1.34GB</DISK>
</comp>
<comp>
  <id>Comp:1-2-5</id>
  <CPU>0.494Gf</CPU>
  <RAM>0.743GB</RAM>
  <DISK>1.34GB</DISK>
</comp>
<comp>
  <id>Comp:1-3-0</id>
  <CPU>0.63Gf</CPU>
  <RAM>0.436GB</RAM>
  <DISK>1.14GB</DISK>
</comp>
<comp>
  <id>Comp:1-3-1</id>
  <CPU>0.63Gf</CPU>
  <RAM>0.436GB</RAM>
  <DISK>1.14GB</DISK>
</comp>
<comp>
  <id>Comp:1-3-2</id>
  <CPU>0.63Gf</CPU>
  <RAM>0.436GB</RAM>
  <DISK>1.14GB</DISK>
</comp>
<comp>
  <id>Comp:1-3-3</id>
  <CPU>0.63Gf</CPU>
  <RAM>0.436GB</RAM>
  <DISK>1.14GB</DISK>
</comp>
<comp>
  <id>Comp:1-3-4</id>
  <CPU>0.63Gf</CPU>
  <RAM>0.436GB</RAM>
  <DISK>1.14GB</DISK>
</comp>
<comp>
  <id>Comp:1-4-0</id>
  <CPU>0.899Gf</CPU>
  <RAM>0.527GB</RAM>
  <DISK>0.65GB</DISK>
</comp>
<comp>
  <id>Comp:1-4-1</id>
  <CPU>0.899Gf</CPU>
  <RAM>0.527GB</RAM>
  <DISK>0.65GB</DISK>
</comp>
<comp>
  <id>Comp:1-4-2</id>
  <CPU>0.899Gf</CPU>
  <RAM>0.527GB</RAM>
  <DISK>0.65GB</DISK>
</comp>
<comp>
  <id>Comp:1-4-3</id>
  <CPU>0.899Gf</CPU>
  <RAM>0.527GB</RAM>
  <DISK>0.65GB</DISK>
</comp>
<comp>
  <id>Comp:1-4-4</id>
  <CPU>0.899Gf</CPU>
  <RAM>0.527GB</RAM>
  <DISK>0.65GB</DISK>
</comp>
<comp>
  <id>Comp:1-4-5</id>
  <CPU>0.899Gf</CPU>
  <RAM>0.527GB</RAM>
  <DISK>0.65GB</DISK>
</comp>
<comp>
  <id>Comp:1-4-6</id>
  <CPU>0.899Gf</CPU>
  <RAM>0.527GB</RAM>
  <DISK>0.65GB</DISK>
</comp>
<comp>
  <id>Comp:1-4-7</id>
  <CPU>0.899Gf</CPU>
  <RAM>0.527GB</RAM>
  <DISK>0.65GB</DISK>
</comp>
<comp>
  <id>Comp:1-5-0</id>
  <CPU>0.553Gf</CPU>
  <RAM>0.794GB</RAM>
  <DISK>1.37GB</DISK>
</comp>
<comp>
  <id>Comp:1-5-1</id>
  <CPU>0.553Gf</CPU>
  <RAM>0.794GB</RAM>
  <DISK>1.37GB</DISK>
</comp>
<comp>
  <id>Comp:1-5-2</id>
  <CPU>0.553Gf</CPU>
  <RAM>0.794GB</RAM>
  <DISK>1.37GB</DISK>
</comp>
<comp>
  <id>Comp:1-5-3</id>
  <CPU>0.553Gf</CPU>
  <RAM>0.794GB</RAM>
  <DISK>1.37GB</DISK>
</comp>
<comp>
  <id>Comp:1-6-0</id>
  <CPU>0.464Gf</CPU>
  <RAM>0.81GB</RAM>
  <DISK>0.394GB</DISK>
</comp>
<comp>
  <id>Comp:1-6-1</id>
  <CPU>0.464Gf</CPU>
  <RAM>0.81GB</RAM>
  <DISK>0.394GB</DISK>
</comp>
<comp>
  <id>Comp:1-6-2</id>
  <CPU>0.464Gf</CPU>
  <RAM>0.81GB</RAM>
  <DISK>0.394GB</DISK>
</comp>
<comp>
  <id>Comp:1-6-3</id>
  <CPU>0.464Gf</CPU>
  <RAM>0.81GB</RAM>
  <DISK>0.394GB</DISK>
</comp>
<comp>
  <id>Comp:1-6-4</id>
  <CPU>0.464Gf</CPU>
  <RAM>0.81GB</RAM>
  <DISK>0.394GB</DISK>
</comp>
<comp>
  <id>Comp:1-6-5</id>
  <CPU>0.464Gf</CPU>
  <RAM>0.81GB</RAM>
  <DISK>0.394GB</DISK>
</comp>
<comp>
  <id>Comp:1-6-6</id>
  <CPU>0.464Gf</CPU>
  <RAM>0.81GB</RAM>
  <DISK>0.394GB</DISK>
</comp>
<comp>
  <id>Comp:1-6-7</id>
  <CPU>0.464Gf</CPU>
  <RAM>0.81GB</RAM>
  <DISK>0.394GB</DISK>
</comp>
<comp>
  <id>Comp:1-6-8</id>
  <CPU>0.464Gf</CPU>
  <RAM>0.81GB</RAM>
  <DISK>0.394GB</DISK>
</comp>
  <bind>Comp:1-1-0 Appliance-398 0.421MBps 45.8ms</bind>
  <bind>Appliance-398 Comp:1-1-0 0.421MBps 45.8ms</bind>
  <bind>Comp:1-1-1 Appliance-277 0.421MBps 45.8ms</bind>
  <bind>Appliance-277 Comp:1-1-1 0.421MBps 45.8ms</bind>
  <bind>Comp:1-1-2 Appliance-392 0.421MBps 45.8ms</bind>
  <bind>Appliance-392 Comp:1-1-2 0.421MBps 45.8ms</bind>
  <bind>Comp:1-1-3 Appliance-380 0.421MBps 45.8ms</bind>
  <bind>Appliance-380 Comp:1-1-3 0.421MBps 45.8ms</bind>
  <bind>Comp:1-1-4 Appliance-292 0.421MBps 45.8ms</bind>
  <bind>Appliance-292 Comp:1-1-4 0.421MBps 45.8ms</bind>
  <bind>Comp:1-1-5 Appliance-370 0.421MBps 45.8ms</bind>
  <bind>Appliance-370 Comp:1-1-5 0.421MBps 45.8ms</bind>
  <bind>Comp:1-1-6 Appliance-189 0.421MBps 45.8ms</bind>
  <bind>Appliance-189 Comp:1-1-6 0.421MBps 45.8ms</bind>
  <bind>Comp:1-1-7 Appliance-436 0.421MBps 45.8ms</bind>
  <bind>Appliance-436 Comp:1-1-7 0.421MBps 45.8ms</bind>
  <bind>Comp:1-1-8 Appliance-443 0.421MBps 45.8ms</bind>
  <bind>Appliance-443 Comp:1-1-8 0.421MBps 45.8ms</bind>
  <bind>Comp:1-1-9 Appliance-251 0.421MBps 45.8ms</bind>
  <bind>Appliance-251 Comp:1-1-9 0.421MBps 45.8ms</bind>
  <bind>Comp:1-2-0 Comp:1-1-0 0.265MBps 43.3ms</bind>
  <bind>Comp:1-1-0 Comp:1-2-0 0.265MBps 43.3ms</bind>
  <bind>Comp:1-2-1 Comp:1-1-1 0.265MBps 43.3ms</bind>
  <bind>Comp:1-1-1 Comp:1-2-1 0.265MBps 43.3ms</bind>
  <bind>Comp:1-2-2 Comp:1-1-2 0.265MBps 43.3ms</bind>
  <bind>Comp:1-1-2 Comp:1-2-2 0.265MBps 43.3ms</bind>
  <bind>Comp:1-2-3 Comp:1-1-3 0.265MBps 43.3ms</bind>
  <bind>Comp:1-1-3 Comp:1-2-3 0.265MBps 43.3ms</bind>
  <bind>Comp:1-2-4 Comp:1-1-4 0.265MBps 43.3ms</bind>
  <bind>Comp:1-1-4 Comp:1-2-4 0.265MBps 43.3ms</bind>
  <bind>Comp:1-2-5 Comp:1-1-5 0.265MBps 43.3ms</bind>
  <bind>Comp:1-1-5 Comp:1-2-5 0.265MBps 43.3ms</bind>
  <bind>Comp:1-2-0 Comp:1-1-6 0.265MBps 43.3ms</bind>
  <bind>Comp:1-1-6 Comp:1-2-0 0.265MBps 43.3ms</bind>
  <bind>Comp:1-2-1 Comp:1-1-7 0.265MBps 43.3ms</bind>
  <bind>Comp:1-1-7 Comp:1-2-1 0.265MBps 43.3ms</bind>
  <bind>Comp:1-2-2 Comp:1-1-8 0.265MBps 43.3ms</bind>
  <bind>Comp:1-1-8 Comp:1-2-2 0.265MBps 43.3ms</bind>
  <bind>Comp:1-2-3 Comp:1-1-9 0.265MBps 43.3ms</bind>
  <bind>Comp:1-1-9 Comp:1-2-3 0.265MBps 43.3ms</bind>
  <bind>Comp:1-3-0 Comp:1-2-0 0.24MBps 27.6ms</bind>
  <bind>Comp:1-2-0 Comp:1-3-0 0.24MBps 27.6ms</bind>
  <bind>Comp:1-3-1 Comp:1-2-1 0.24MBps 27.6ms</bind>
  <bind>Comp:1-2-1 Comp:1-3-1 0.24MBps 27.6ms</bind>
  <bind>Comp:1-3-2 Comp:1-2-2 0.24MBps 27.6ms</bind>
  <bind>Comp:1-2-2 Comp:1-3-2 0.24MBps 27.6ms</bind>
  <bind>Comp:1-3-3 Comp:1-2-3 0.24MBps 27.6ms</bind>
  <bind>Comp:1-2-3 Comp:1-3-3 0.24MBps 27.6ms</bind>
  <bind>Comp:1-3-4 Comp:1-2-4 0.24MBps 27.6ms</bind>
  <bind>Comp:1-2-4 Comp:1-3-4 0.24MBps 27.6ms</bind>
  <bind>Comp:1-3-0 Comp:1-2-5 0.24MBps 27.6ms</bind>
  <bind>Comp:1-2-5 Comp:1-3-0 0.24MBps 27.6ms</bind>
  <bind>Comp:1-4-0 Comp:1-3-0 0.292MBps 28.0ms</bind>
  <bind>Comp:1-3-0 Comp:1-4-0 0.292MBps 28.0ms</bind>
  <bind>Comp:1-4-1 Comp:1-3-1 0.292MBps 28.0ms</bind>
  <bind>Comp:1-3-1 Comp:1-4-1 0.292MBps 28.0ms</bind>
  <bind>Comp:1-4-2 Comp:1-3-2 0.292MBps 28.0ms</bind>
  <bind>Comp:1-3-2 Comp:1-4-2 0.292MBps 28.0ms</bind>
  <bind>Comp:1-4-3 Comp:1-3-3 0.292MBps 28.0ms</bind>
  <bind>Comp:1-3-3 Comp:1-4-3 0.292MBps 28.0ms</bind>
  <bind>Comp:1-4-4 Comp:1-3-4 0.292MBps 28.0ms</bind>
  <bind>Comp:1-3-4 Comp:1-4-4 0.292MBps 28.0ms</bind>
  <bind>Comp:1-4-5 Comp:1-3-0 0.292MBps 28.0ms</bind>
  <bind>Comp:1-3-0 Comp:1-4-5 0.292MBps 28.0ms</bind>
  <bind>Comp:1-4-6 Comp:1-3-1 0.292MBps 28.0ms</bind>
  <bind>Comp:1-3-1 Comp:1-4-6 0.292MBps 28.0ms</bind>
  <bind>Comp:1-4-7 Comp:1-3-2 0.292MBps 28.0ms</bind>
  <bind>Comp:1-3-2 Comp:1-4-7 0.292MBps 28.0ms</bind>
  <bind>Comp:1-5-0 Comp:1-4-0 0.0863MBps 29.4ms</bind>
  <bind>Comp:1-4-0 Comp:1-5-0 0.0863MBps 29.4ms</bind>
  <bind>Comp:1-5-1 Comp:1-4-1 0.0863MBps 29.4ms</bind>
  <bind>Comp:1-4-1 Comp:1-5-1 0.0863MBps 29.4ms</bind>
  <bind>Comp:1-5-2 Comp:1-4-2 0.0863MBps 29.4ms</bind>
  <bind>Comp:1-4-2 Comp:1-5-2 0.0863MBps 29.4ms</bind>
  <bind>Comp:1-5-3 Comp:1-4-3 0.0863MBps 29.4ms</bind>
  <bind>Comp:1-4-3 Comp:1-5-3 0.0863MBps 29.4ms</bind>
  <bind>Comp:1-5-0 Comp:1-4-4 0.0863MBps 29.4ms</bind>
  <bind>Comp:1-4-4 Comp:1-5-0 0.0863MBps 29.4ms</bind>
  <bind>Comp:1-5-1 Comp:1-4-5 0.0863MBps 29.4ms</bind>
  <bind>Comp:1-4-5 Comp:1-5-1 0.0863MBps 29.4ms</bind>
  <bind>Comp:1-5-2 Comp:1-4-6 0.0863MBps 29.4ms</bind>
  <bind>Comp:1-4-6 Comp:1-5-2 0.0863MBps 29.4ms</bind>
  <bind>Comp:1-5-3 Comp:1-4-7 0.0863MBps 29.4ms</bind>
  <bind>Comp:1-4-7 Comp:1-5-3 0.0863MBps 29.4ms</bind>
  <bind>Comp:1-5-0 Comp:1-6-0 0.821MBps 39.8ms</bind>
  <bind>Comp:1-6-0 Comp:1-5-0 0.821MBps 39.8ms</bind>
  <bind>Comp:1-5-1 Comp:1-6-1 0.821MBps 39.8ms</bind>
  <bind>Comp:1-6-1 Comp:1-5-1 0.821MBps 39.8ms</bind>
  <bind>Comp:1-5-2 Comp:1-6-2 0.821MBps 39.8ms</bind>
  <bind>Comp:1-6-2 Comp:1-5-2 0.821MBps 39.8ms</bind>
  <bind>Comp:1-5-3 Comp:1-6-3 0.821MBps 39.8ms</bind>
  <bind>Comp:1-6-3 Comp:1-5-3 0.821MBps 39.8ms</bind>
  <bind>Comp:1-5-0 Comp:1-6-4 0.821MBps 39.8ms</bind>
  <bind>Comp:1-6-4 Comp:1-5-0 0.821MBps 39.8ms</bind>
  <bind>Comp:1-5-1 Comp:1-6-5 0.821MBps 39.8ms</bind>
  <bind>Comp:1-6-5 Comp:1-5-1 0.821MBps 39.8ms</bind>
  <bind>Comp:1-5-2 Comp:1-6-6 0.821MBps 39.8ms</bind>
  <bind>Comp:1-6-6 Comp:1-5-2 0.821MBps 39.8ms</bind>
  <bind>Comp:1-5-3 Comp:1-6-7 0.821MBps 39.8ms</bind>
  <bind>Comp:1-6-7 Comp:1-5-3 0.821MBps 39.8ms</bind>
  <bind>Comp:1-5-0 Comp:1-6-8 0.821MBps 39.8ms</bind>
  <bind>Comp:1-6-8 Comp:1-5-0 0.821MBps 39.8ms</bind>
</app>
</apps>
