<?xml version="1.0"?>
<apps>
<app>
  <id>App1</id>
<comp>
  <id>Comp:1-1-0</id>
  <CPU>0.864Gf</CPU>
  <RAM>0.357GB</RAM>
  <DISK>0.289GB</DISK>
</comp>
<comp>
  <id>Comp:1-1-1</id>
  <CPU>0.864Gf</CPU>
  <RAM>0.357GB</RAM>
  <DISK>0.289GB</DISK>
</comp>
<comp>
  <id>Comp:1-1-2</id>
  <CPU>0.864Gf</CPU>
  <RAM>0.357GB</RAM>
  <DISK>0.289GB</DISK>
</comp>
<comp>
  <id>Comp:1-1-3</id>
  <CPU>0.864Gf</CPU>
  <RAM>0.357GB</RAM>
  <DISK>0.289GB</DISK>
</comp>
<comp>
  <id>Comp:1-1-4</id>
  <CPU>0.864Gf</CPU>
  <RAM>0.357GB</RAM>
  <DISK>0.289GB</DISK>
</comp>
<comp>
  <id>Comp:1-1-5</id>
  <CPU>0.864Gf</CPU>
  <RAM>0.357GB</RAM>
  <DISK>0.289GB</DISK>
</comp>
<comp>
  <id>Comp:1-1-6</id>
  <CPU>0.864Gf</CPU>
  <RAM>0.357GB</RAM>
  <DISK>0.289GB</DISK>
</comp>
<comp>
  <id>Comp:1-1-7</id>
  <CPU>0.864Gf</CPU>
  <RAM>0.357GB</RAM>
  <DISK>0.289GB</DISK>
</comp>
<comp>
  <id>Comp:1-1-8</id>
  <CPU>0.864Gf</CPU>
  <RAM>0.357GB</RAM>
  <DISK>0.289GB</DISK>
</comp>
<comp>
  <id>Comp:1-1-9</id>
  <CPU>0.864Gf</CPU>
  <RAM>0.357GB</RAM>
  <DISK>0.289GB</DISK>
</comp>
<comp>
  <id>Comp:1-2-0</id>
  <CPU>0.494Gf</CPU>
  <RAM>0.743GB</RAM>
  <DISK>1.34GB</DISK>
</comp>
<comp>
  <id>Comp:1-2-1</id>
  <CPU>0.494Gf</CPU>
  <RAM>0.743GB</RAM>
  <DISK>1.34GB</DISK>
</comp>
<comp>
  <id>Comp:1-2-2</id>
  <CPU>0.494Gf</CPU>
  <RAM>0.743GB</RAM>
  <DISK>1.34GB</DISK>
</comp>
<comp>
  <id>Comp:1-2-3</id>
  <CPU>0.494Gf</CPU>
  <RAM>0.743GB</RAM>
  <DISK>1.34GB</DISK>
</comp>
<comp>
  <id>Comp:1-2-4</id>
  <CPU>0.494Gf</CPU>
  <RAM>0.743GB</RAM>
  <DISK>1.34GB</DISK>
</comp>
<comp>
  <id>Comp:1-2-5</id>
  <CPU>0.494Gf</CPU>
  <RAM>0.743GB</RAM>
  <DISK>1.34GB</DISK>
</comp>
<comp>
  <id>Comp:1-3-0</id>
  <CPU>0.63Gf</CPU>
  <RAM>0.436GB</RAM>
  <DISK>1.14GB</DISK>
</comp>
<comp>
  <id>Comp:1-3-1</id>
  <CPU>0.63Gf</CPU>
  <RAM>0.436GB</RAM>
  <DISK>1.14GB</DISK>
</comp>
<comp>
  <id>Comp:1-3-2</id>
  <CPU>0.63Gf</CPU>
  <RAM>0.436GB</RAM>
  <DISK>1.14GB</DISK>
</comp>
<comp>
  <id>Comp:1-3-3</id>
  <CPU>0.63Gf</CPU>
  <RAM>0.436GB</RAM>
  <DISK>1.14GB</DISK>
</comp>
<comp>
  <id>Comp:1-3-4</id>
  <CPU>0.63Gf</CPU>
  <RAM>0.436GB</RAM>
  <DISK>1.14GB</DISK>
</comp>
<comp>
  <id>Comp:1-4-0</id>
  <CPU>0.899Gf</CPU>
  <RAM>0.527GB</RAM>
  <DISK>0.65GB</DISK>
</comp>
<comp>
  <id>Comp:1-4-1</id>
  <CPU>0.899Gf</CPU>
  <RAM>0.527GB</RAM>
  <DISK>0.65GB</DISK>
</comp>
<comp>
  <id>Comp:1-4-2</id>
  <CPU>0.899Gf</CPU>
  <RAM>0.527GB</RAM>
  <DISK>0.65GB</DISK>
</comp>
<comp>
  <id>Comp:1-4-3</id>
  <CPU>0.899Gf</CPU>
  <RAM>0.527GB</RAM>
  <DISK>0.65GB</DISK>
</comp>
<comp>
  <id>Comp:1-4-4</id>
  <CPU>0.899Gf</CPU>
  <RAM>0.527GB</RAM>
  <DISK>0.65GB</DISK>
</comp>
<comp>
  <id>Comp:1-4-5</id>
  <CPU>0.899Gf</CPU>
  <RAM>0.527GB</RAM>
  <DISK>0.65GB</DISK>
</comp>
<comp>
  <id>Comp:1-4-6</id>
  <CPU>0.899Gf</CPU>
  <RAM>0.527GB</RAM>
  <DISK>0.65GB</DISK>
</comp>
<comp>
  <id>Comp:1-4-7</id>
  <CPU>0.899Gf</CPU>
  <RAM>0.527GB</RAM>
  <DISK>0.65GB</DISK>
</comp>
<comp>
  <id>Comp:1-5-0</id>
  <CPU>0.553Gf</CPU>
  <RAM>0.794GB</RAM>
  <DISK>1.37GB</DISK>
</comp>
<comp>
  <id>Comp:1-5-1</id>
  <CPU>0.553Gf</CPU>
  <RAM>0.794GB</RAM>
  <DISK>1.37GB</DISK>
</comp>
<comp>
  <id>Comp:1-5-2</id>
  <CPU>0.553Gf</CPU>
  <RAM>0.794GB</RAM>
  <DISK>1.37GB</DISK>
</comp>
<comp>
  <id>Comp:1-5-3</id>
  <CPU>0.553Gf</CPU>
  <RAM>0.794GB</RAM>
  <DISK>1.37GB</DISK>
</comp>
<comp>
  <id>Comp:1-6-0</id>
  <CPU>0.464Gf</CPU>
  <RAM>0.81GB</RAM>
  <DISK>0.394GB</DISK>
</comp>
<comp>
  <id>Comp:1-6-1</id>
  <CPU>0.464Gf</CPU>
  <RAM>0.81GB</RAM>
  <DISK>0.394GB</DISK>
</comp>
<comp>
  <id>Comp:1-6-2</id>
  <CPU>0.464Gf</CPU>
  <RAM>0.81GB</RAM>
  <DISK>0.394GB</DISK>
</comp>
<comp>
  <id>Comp:1-6-3</id>
  <CPU>0.464Gf</CPU>
  <RAM>0.81GB</RAM>
  <DISK>0.394GB</DISK>
</comp>
<comp>
  <id>Comp:1-6-4</id>
  <CPU>0.464Gf</CPU>
  <RAM>0.81GB</RAM>
  <DISK>0.394GB</DISK>
</comp>
<comp>
  <id>Comp:1-6-5</id>
  <CPU>0.464Gf</CPU>
  <RAM>0.81GB</RAM>
  <DISK>0.394GB</DISK>
</comp>
<comp>
  <id>Comp:1-6-6</id>
  <CPU>0.464Gf</CPU>
  <RAM>0.81GB</RAM>
  <DISK>0.394GB</DISK>
</comp>
<comp>
  <id>Comp:1-6-7</id>
  <CPU>0.464Gf</CPU>
  <RAM>0.81GB</RAM>
  <DISK>0.394GB</DISK>
</comp>
<comp>
  <id>Comp:1-6-8</id>
  <CPU>0.464Gf</CPU>
  <RAM>0.81GB</RAM>
  <DISK>0.394GB</DISK>
</comp>
  <bind>Comp:1-1-0 Appliance-398 0.421MBps 45.8ms</bind>
  <bind>Appliance-398 Comp:1-1-0 0.421MBps 45.8ms</bind>
  <bind>Comp:1-1-1 Appliance-277 0.421MBps 45.8ms</bind>
  <bind>Appliance-277 Comp:1-1-1 0.421MBps 45.8ms</bind>
  <bind>Comp:1-1-2 Appliance-392 0.421MBps 45.8ms</bind>
  <bind>Appliance-392 Comp:1-1-2 0.421MBps 45.8ms</bind>
  <bind>Comp:1-1-3 Appliance-380 0.421MBps 45.8ms</bind>
  <bind>Appliance-380 Comp:1-1-3 0.421MBps 45.8ms</bind>
  <bind>Comp:1-1-4 Appliance-292 0.421MBps 45.8ms</bind>
  <bind>Appliance-292 Comp:1-1-4 0.421MBps 45.8ms</bind>
  <bind>Comp:1-1-5 Appliance-370 0.421MBps 45.8ms</bind>
  <bind>Appliance-370 Comp:1-1-5 0.421MBps 45.8ms</bind>
  <bind>Comp:1-1-6 Appliance-189 0.421MBps 45.8ms</bind>
  <bind>Appliance-189 Comp:1-1-6 0.421MBps 45.8ms</bind>
  <bind>Comp:1-1-7 Appliance-436 0.421MBps 45.8ms</bind>
  <bind>Appliance-436 Comp:1-1-7 0.421MBps 45.8ms</bind>
  <bind>Comp:1-1-8 Appliance-443 0.421MBps 45.8ms</bind>
  <bind>Appliance-443 Comp:1-1-8 0.421MBps 45.8ms</bind>
  <bind>Comp:1-1-9 Appliance-251 0.421MBps 45.8ms</bind>
  <bind>Appliance-251 Comp:1-1-9 0.421MBps 45.8ms</bind>
  <bind>Comp:1-2-0 Comp:1-1-0 0.265MBps 43.3ms</bind>
  <bind>Comp:1-1-0 Comp:1-2-0 0.265MBps 43.3ms</bind>
  <bind>Comp:1-2-1 Comp:1-1-1 0.265MBps 43.3ms</bind>
  <bind>Comp:1-1-1 Comp:1-2-1 0.265MBps 43.3ms</bind>
  <bind>Comp:1-2-2 Comp:1-1-2 0.265MBps 43.3ms</bind>
  <bind>Comp:1-1-2 Comp:1-2-2 0.265MBps 43.3ms</bind>
  <bind>Comp:1-2-3 Comp:1-1-3 0.265MBps 43.3ms</bind>
  <bind>Comp:1-1-3 Comp:1-2-3 0.265MBps 43.3ms</bind>
  <bind>Comp:1-2-4 Comp:1-1-4 0.265MBps 43.3ms</bind>
  <bind>Comp:1-1-4 Comp:1-2-4 0.265MBps 43.3ms</bind>
  <bind>Comp:1-2-5 Comp:1-1-5 0.265MBps 43.3ms</bind>
  <bind>Comp:1-1-5 Comp:1-2-5 0.265MBps 43.3ms</bind>
  <bind>Comp:1-2-0 Comp:1-1-6 0.265MBps 43.3ms</bind>
  <bind>Comp:1-1-6 Comp:1-2-0 0.265MBps 43.3ms</bind>
  <bind>Comp:1-2-1 Comp:1-1-7 0.265MBps 43.3ms</bind>
  <bind>Comp:1-1-7 Comp:1-2-1 0.265MBps 43.3ms</bind>
  <bind>Comp:1-2-2 Comp:1-1-8 0.265MBps 43.3ms</bind>
  <bind>Comp:1-1-8 Comp:1-2-2 0.265MBps 43.3ms</bind>
  <bind>Comp:1-2-3 Comp:1-1-9 0.265MBps 43.3ms</bind>
  <bind>Comp:1-1-9 Comp:1-2-3 0.265MBps 43.3ms</bind>
  <bind>Comp:1-3-0 Comp:1-2-0 0.24MBps 27.6ms</bind>
  <bind>Comp:1-2-0 Comp:1-3-0 0.24MBps 27.6ms</bind>
  <bind>Comp:1-3-1 Comp:1-2-1 0.24MBps 27.6ms</bind>
  <bind>Comp:1-2-1 Comp:1-3-1 0.24MBps 27.6ms</bind>
  <bind>Comp:1-3-2 Comp:1-2-2 0.24MBps 27.6ms</bind>
  <bind>Comp:1-2-2 Comp:1-3-2 0.24MBps 27.6ms</bind>
  <bind>Comp:1-3-3 Comp:1-2-3 0.24MBps 27.6ms</bind>
  <bind>Comp:1-2-3 Comp:1-3-3 0.24MBps 27.6ms</bind>
  <bind>Comp:1-3-4 Comp:1-2-4 0.24MBps 27.6ms</bind>
  <bind>Comp:1-2-4 Comp:1-3-4 0.24MBps 27.6ms</bind>
  <bind>Comp:1-3-0 Comp:1-2-5 0.24MBps 27.6ms</bind>
  <bind>Comp:1-2-5 Comp:1-3-0 0.24MBps 27.6ms</bind>
  <bind>Comp:1-4-0 Comp:1-3-0 0.292MBps 28.0ms</bind>
  <bind>Comp:1-3-0 Comp:1-4-0 0.292MBps 28.0ms</bind>
  <bind>Comp:1-4-1 Comp:1-3-1 0.292MBps 28.0ms</bind>
  <bind>Comp:1-3-1 Comp:1-4-1 0.292MBps 28.0ms</bind>
  <bind>Comp:1-4-2 Comp:1-3-2 0.292MBps 28.0ms</bind>
  <bind>Comp:1-3-2 Comp:1-4-2 0.292MBps 28.0ms</bind>
  <bind>Comp:1-4-3 Comp:1-3-3 0.292MBps 28.0ms</bind>
  <bind>Comp:1-3-3 Comp:1-4-3 0.292MBps 28.0ms</bind>
  <bind>Comp:1-4-4 Comp:1-3-4 0.292MBps 28.0ms</bind>
  <bind>Comp:1-3-4 Comp:1-4-4 0.292MBps 28.0ms</bind>
  <bind>Comp:1-4-5 Comp:1-3-0 0.292MBps 28.0ms</bind>
  <bind>Comp:1-3-0 Comp:1-4-5 0.292MBps 28.0ms</bind>
  <bind>Comp:1-4-6 Comp:1-3-1 0.292MBps 28.0ms</bind>
  <bind>Comp:1-3-1 Comp:1-4-6 0.292MBps 28.0ms</bind>
  <bind>Comp:1-4-7 Comp:1-3-2 0.292MBps 28.0ms</bind>
  <bind>Comp:1-3-2 Comp:1-4-7 0.292MBps 28.0ms</bind>
  <bind>Comp:1-5-0 Comp:1-4-0 0.0863MBps 29.4ms</bind>
  <bind>Comp:1-4-0 Comp:1-5-0 0.0863MBps 29.4ms</bind>
  <bind>Comp:1-5-1 Comp:1-4-1 0.0863MBps 29.4ms</bind>
  <bind>Comp:1-4-1 Comp:1-5-1 0.0863MBps 29.4ms</bind>
  <bind>Comp:1-5-2 Comp:1-4-2 0.0863MBps 29.4ms</bind>
  <bind>Comp:1-4-2 Comp:1-5-2 0.0863MBps 29.4ms</bind>
  <bind>Comp:1-5-3 Comp:1-4-3 0.0863MBps 29.4ms</bind>
  <bind>Comp:1-4-3 Comp:1-5-3 0.0863MBps 29.4ms</bind>
  <bind>Comp:1-5-0 Comp:1-4-4 0.0863MBps 29.4ms</bind>
  <bind>Comp:1-4-4 Comp:1-5-0 0.0863MBps 29.4ms</bind>
  <bind>Comp:1-5-1 Comp:1-4-5 0.0863MBps 29.4ms</bind>
  <bind>Comp:1-4-5 Comp:1-5-1 0.0863MBps 29.4ms</bind>
  <bind>Comp:1-5-2 Comp:1-4-6 0.0863MBps 29.4ms</bind>
  <bind>Comp:1-4-6 Comp:1-5-2 0.0863MBps 29.4ms</bind>
  <bind>Comp:1-5-3 Comp:1-4-7 0.0863MBps 29.4ms</bind>
  <bind>Comp:1-4-7 Comp:1-5-3 0.0863MBps 29.4ms</bind>
  <bind>Comp:1-5-0 Comp:1-6-0 0.821MBps 39.8ms</bind>
  <bind>Comp:1-6-0 Comp:1-5-0 0.821MBps 39.8ms</bind>
  <bind>Comp:1-5-1 Comp:1-6-1 0.821MBps 39.8ms</bind>
  <bind>Comp:1-6-1 Comp:1-5-1 0.821MBps 39.8ms</bind>
  <bind>Comp:1-5-2 Comp:1-6-2 0.821MBps 39.8ms</bind>
  <bind>Comp:1-6-2 Comp:1-5-2 0.821MBps 39.8ms</bind>
  <bind>Comp:1-5-3 Comp:1-6-3 0.821MBps 39.8ms</bind>
  <bind>Comp:1-6-3 Comp:1-5-3 0.821MBps 39.8ms</bind>
  <bind>Comp:1-5-0 Comp:1-6-4 0.821MBps 39.8ms</bind>
  <bind>Comp:1-6-4 Comp:1-5-0 0.821MBps 39.8ms</bind>
  <bind>Comp:1-5-1 Comp:1-6-5 0.821MBps 39.8ms</bind>
  <bind>Comp:1-6-5 Comp:1-5-1 0.821MBps 39.8ms</bind>
  <bind>Comp:1-5-2 Comp:1-6-6 0.821MBps 39.8ms</bind>
  <bind>Comp:1-6-6 Comp:1-5-2 0.821MBps 39.8ms</bind>
  <bind>Comp:1-5-3 Comp:1-6-7 0.821MBps 39.8ms</bind>
  <bind>Comp:1-6-7 Comp:1-5-3 0.821MBps 39.8ms</bind>
  <bind>Comp:1-5-0 Comp:1-6-8 0.821MBps 39.8ms</bind>
  <bind>Comp:1-6-8 Comp:1-5-0 0.821MBps 39.8ms</bind>
</app>
<app>
  <id>App10</id>
<comp>
  <id>Comp:10-0-0</id>
  <CPU>0.823Gf</CPU>
  <RAM>0.616GB</RAM>
  <DISK>1.63GB</DISK>
</comp>
<comp>
  <id>Comp:10-0-1</id>
  <CPU>0.823Gf</CPU>
  <RAM>0.616GB</RAM>
  <DISK>1.63GB</DISK>
</comp>
<comp>
  <id>Comp:10-0-2</id>
  <CPU>0.823Gf</CPU>
  <RAM>0.616GB</RAM>
  <DISK>1.63GB</DISK>
</comp>
<comp>
  <id>Comp:10-0-3</id>
  <CPU>0.823Gf</CPU>
  <RAM>0.616GB</RAM>
  <DISK>1.63GB</DISK>
</comp>
<comp>
  <id>Comp:10-0-4</id>
  <CPU>0.823Gf</CPU>
  <RAM>0.616GB</RAM>
  <DISK>1.63GB</DISK>
</comp>
<comp>
  <id>Comp:10-0-5</id>
  <CPU>0.823Gf</CPU>
  <RAM>0.616GB</RAM>
  <DISK>1.63GB</DISK>
</comp>
<comp>
  <id>Comp:10-0-6</id>
  <CPU>0.823Gf</CPU>
  <RAM>0.616GB</RAM>
  <DISK>1.63GB</DISK>
</comp>
<comp>
  <id>Comp:10-0-7</id>
  <CPU>0.823Gf</CPU>
  <RAM>0.616GB</RAM>
  <DISK>1.63GB</DISK>
</comp>
<comp>
  <id>Comp:10-0-8</id>
  <CPU>0.823Gf</CPU>
  <RAM>0.616GB</RAM>
  <DISK>1.63GB</DISK>
</comp>
<comp>
  <id>Comp:10-1-0</id>
  <CPU>0.204Gf</CPU>
  <RAM>0.712GB</RAM>
  <DISK>0.3GB</DISK>
</comp>
<comp>
  <id>Comp:10-2-0</id>
  <CPU>0.605Gf</CPU>
  <RAM>0.426GB</RAM>
  <DISK>0.762GB</DISK>
</comp>
<comp>
  <id>Comp:10-2-1</id>
  <CPU>0.605Gf</CPU>
  <RAM>0.426GB</RAM>
  <DISK>0.762GB</DISK>
</comp>
<comp>
  <id>Comp:10-2-2</id>
  <CPU>0.605Gf</CPU>
  <RAM>0.426GB</RAM>
  <DISK>0.762GB</DISK>
</comp>
<comp>
  <id>Comp:10-2-3</id>
  <CPU>0.605Gf</CPU>
  <RAM>0.426GB</RAM>
  <DISK>0.762GB</DISK>
</comp>
<comp>
  <id>Comp:10-2-4</id>
  <CPU>0.605Gf</CPU>
  <RAM>0.426GB</RAM>
  <DISK>0.762GB</DISK>
</comp>
  <bind>Comp:10-1-0 Comp:10-0-0 0.469MBps 46.0ms</bind>
  <bind>Comp:10-0-0 Comp:10-1-0 0.469MBps 46.0ms</bind>
  <bind>Comp:10-1-0 Comp:10-0-1 0.469MBps 46.0ms</bind>
  <bind>Comp:10-0-1 Comp:10-1-0 0.469MBps 46.0ms</bind>
  <bind>Comp:10-1-0 Comp:10-0-2 0.469MBps 46.0ms</bind>
  <bind>Comp:10-0-2 Comp:10-1-0 0.469MBps 46.0ms</bind>
  <bind>Comp:10-1-0 Comp:10-0-3 0.469MBps 46.0ms</bind>
  <bind>Comp:10-0-3 Comp:10-1-0 0.469MBps 46.0ms</bind>
  <bind>Comp:10-1-0 Comp:10-0-4 0.469MBps 46.0ms</bind>
  <bind>Comp:10-0-4 Comp:10-1-0 0.469MBps 46.0ms</bind>
  <bind>Comp:10-1-0 Comp:10-0-5 0.469MBps 46.0ms</bind>
  <bind>Comp:10-0-5 Comp:10-1-0 0.469MBps 46.0ms</bind>
  <bind>Comp:10-1-0 Comp:10-0-6 0.469MBps 46.0ms</bind>
  <bind>Comp:10-0-6 Comp:10-1-0 0.469MBps 46.0ms</bind>
  <bind>Comp:10-1-0 Comp:10-0-7 0.469MBps 46.0ms</bind>
  <bind>Comp:10-0-7 Comp:10-1-0 0.469MBps 46.0ms</bind>
  <bind>Comp:10-1-0 Comp:10-0-8 0.469MBps 46.0ms</bind>
  <bind>Comp:10-0-8 Comp:10-1-0 0.469MBps 46.0ms</bind>
  <bind>Comp:10-2-0 Comp:10-1-0 0.117MBps 47.7ms</bind>
  <bind>Comp:10-1-0 Comp:10-2-0 0.117MBps 47.7ms</bind>
  <bind>Comp:10-2-1 Comp:10-1-0 0.117MBps 47.7ms</bind>
  <bind>Comp:10-1-0 Comp:10-2-1 0.117MBps 47.7ms</bind>
  <bind>Comp:10-2-2 Comp:10-1-0 0.117MBps 47.7ms</bind>
  <bind>Comp:10-1-0 Comp:10-2-2 0.117MBps 47.7ms</bind>
  <bind>Comp:10-2-3 Comp:10-1-0 0.117MBps 47.7ms</bind>
  <bind>Comp:10-1-0 Comp:10-2-3 0.117MBps 47.7ms</bind>
  <bind>Comp:10-2-4 Comp:10-1-0 0.117MBps 47.7ms</bind>
  <bind>Comp:10-1-0 Comp:10-2-4 0.117MBps 47.7ms</bind>
  <bind>Comp:10-2-0 Appliance-305 0.214MBps 43.8ms</bind>
  <bind>Appliance-305 Comp:10-2-0 0.214MBps 43.8ms</bind>
  <bind>Comp:10-2-1 Appliance-487 0.214MBps 43.8ms</bind>
  <bind>Appliance-487 Comp:10-2-1 0.214MBps 43.8ms</bind>
  <bind>Comp:10-2-2 Appliance-487 0.214MBps 43.8ms</bind>
  <bind>Appliance-487 Comp:10-2-2 0.214MBps 43.8ms</bind>
  <bind>Comp:10-2-3 Appliance-478 0.214MBps 43.8ms</bind>
  <bind>Appliance-478 Comp:10-2-3 0.214MBps 43.8ms</bind>
  <bind>Comp:10-2-4 Appliance-288 0.214MBps 43.8ms</bind>
  <bind>Appliance-288 Comp:10-2-4 0.214MBps 43.8ms</bind>
  <bind>Comp:10-2-0 Appliance-87 0.214MBps 43.8ms</bind>
  <bind>Appliance-87 Comp:10-2-0 0.214MBps 43.8ms</bind>
  <bind>Comp:10-2-1 Appliance-492 0.214MBps 43.8ms</bind>
  <bind>Appliance-492 Comp:10-2-1 0.214MBps 43.8ms</bind>
  <bind>Comp:10-2-2 Appliance-495 0.214MBps 43.8ms</bind>
  <bind>Appliance-495 Comp:10-2-2 0.214MBps 43.8ms</bind>
</app>
<app>
  <id>App100</id>
<comp>
  <id>Comp:100-1-0</id>
  <CPU>0.799Gf</CPU>
  <RAM>0.631GB</RAM>
  <DISK>0.0317GB</DISK>
</comp>
<comp>
  <id>Comp:100-1-1</id>
  <CPU>0.799Gf</CPU>
  <RAM>0.631GB</RAM>
  <DISK>0.0317GB</DISK>
</comp>
<comp>
  <id>Comp:100-1-2</id>
  <CPU>0.799Gf</CPU>
  <RAM>0.631GB</RAM>
  <DISK>0.0317GB</DISK>
</comp>
<comp>
  <id>Comp:100-1-3</id>
  <CPU>0.799Gf</CPU>
  <RAM>0.631GB</RAM>
  <DISK>0.0317GB</DISK>
</comp>
<comp>
  <id>Comp:100-1-4</id>
  <CPU>0.799Gf</CPU>
  <RAM>0.631GB</RAM>
  <DISK>0.0317GB</DISK>
</comp>
<comp>
  <id>Comp:100-2-0</id>
  <CPU>0.575Gf</CPU>
  <RAM>0.641GB</RAM>
  <DISK>1.27GB</DISK>
</comp>
<comp>
  <id>Comp:100-2-1</id>
  <CPU>0.575Gf</CPU>
  <RAM>0.641GB</RAM>
  <DISK>1.27GB</DISK>
</comp>
<comp>
  <id>Comp:100-2-2</id>
  <CPU>0.575Gf</CPU>
  <RAM>0.641GB</RAM>
  <DISK>1.27GB</DISK>
</comp>
<comp>
  <id>Comp:100-2-3</id>
  <CPU>0.575Gf</CPU>
  <RAM>0.641GB</RAM>
  <DISK>1.27GB</DISK>
</comp>
<comp>
  <id>Comp:100-2-4</id>
  <CPU>0.575Gf</CPU>
  <RAM>0.641GB</RAM>
  <DISK>1.27GB</DISK>
</comp>
<comp>
  <id>Comp:100-2-5</id>
  <CPU>0.575Gf</CPU>
  <RAM>0.641GB</RAM>
  <DISK>1.27GB</DISK>
</comp>
<comp>
  <id>Comp:100-2-6</id>
  <CPU>0.575Gf</CPU>
  <RAM>0.641GB</RAM>
  <DISK>1.27GB</DISK>
</comp>
<comp>
  <id>Comp:100-2-7</id>
  <CPU>0.575Gf</CPU>
  <RAM>0.641GB</RAM>
  <DISK>1.27GB</DISK>
</comp>
<comp>
  <id>Comp:100-2-8</id>
  <CPU>0.575Gf</CPU>
  <RAM>0.641GB</RAM>
  <DISK>1.27GB</DISK>
</comp>
<comp>
  <id>Comp:100-2-9</id>
  <CPU>0.575Gf</CPU>
  <RAM>0.641GB</RAM>
  <DISK>1.27GB</DISK>
</comp>
<comp>
  <id>Comp:100-3-0</id>
  <CPU>0.751Gf</CPU>
  <RAM>0.958GB</RAM>
  <DISK>0.599GB</DISK>
</comp>
<comp>
  <id>Comp:100-3-1</id>
  <CPU>0.751Gf</CPU>
  <RAM>0.958GB</RAM>
  <DISK>0.599GB</DISK>
</comp>
<comp>
  <id>Comp:100-3-2</id>
  <CPU>0.751Gf</CPU>
  <RAM>0.958GB</RAM>
  <DISK>0.599GB</DISK>
</comp>
<comp>
  <id>Comp:100-3-3</id>
  <CPU>0.751Gf</CPU>
  <RAM>0.958GB</RAM>
  <DISK>0.599GB</DISK>
</comp>
<comp>
  <id>Comp:100-3-4</id>
  <CPU>0.751Gf</CPU>
  <RAM>0.958GB</RAM>
  <DISK>0.599GB</DISK>
</comp>
<comp>
  <id>Comp:100-3-5</id>
  <CPU>0.751Gf</CPU>
  <RAM>0.958GB</RAM>
  <DISK>0.599GB</DISK>
</comp>
<comp>
  <id>Comp:100-3-6</id>
  <CPU>0.751Gf</CPU>
  <RAM>0.958GB</RAM>
  <DISK>0.599GB</DISK>
</comp>
<comp>
  <id>Comp:100-3-7</id>
  <CPU>0.751Gf</CPU>
  <RAM>0.958GB</RAM>
  <DISK>0.599GB</DISK>
</comp>
<comp>
  <id>Comp:100-3-8</id>
  <CPU>0.751Gf</CPU>
  <RAM>0.958GB</RAM>
  <DISK>0.599GB</DISK>
</comp>
<comp>
  <id>Comp:100-3-9</id>
  <CPU>0.751Gf</CPU>
  <RAM>0.958GB</RAM>
  <DISK>0.599GB</DISK>
</comp>
<comp>
  <id>Comp:100-4-0</id>
  <CPU>0.605Gf</CPU>
  <RAM>0.59GB</RAM>
  <DISK>0.569GB</DISK>
</comp>
<comp>
  <id>Comp:100-4-1</id>
  <CPU>0.605Gf</CPU>
  <RAM>0.59GB</RAM>
  <DISK>0.569GB</DISK>
</comp>
<comp>
  <id>Comp:100-4-2</id>
  <CPU>0.605Gf</CPU>
  <RAM>0.59GB</RAM>
  <DISK>0.569GB</DISK>
</comp>
<comp>
  <id>Comp:100-4-3</id>
  <CPU>0.605Gf</CPU>
  <RAM>0.59GB</RAM>
  <DISK>0.569GB</DISK>
</comp>
<comp>
  <id>Comp:100-4-4</id>
  <CPU>0.605Gf</CPU>
  <RAM>0.59GB</RAM>
  <DISK>0.569GB</DISK>
</comp>
<comp>
  <id>Comp:100-4-5</id>
  <CPU>0.605Gf</CPU>
  <RAM>0.59GB</RAM>
  <DISK>0.569GB</DISK>
</comp>
<comp>
  <id>Comp:100-4-6</id>
  <CPU>0.605Gf</CPU>
  <RAM>0.59GB</RAM>
  <DISK>0.569GB</DISK>
</comp>
<comp>
  <id>Comp:100-4-7</id>
  <CPU>0.605Gf</CPU>
  <RAM>0.59GB</RAM>
  <DISK>0.569GB</DISK>
</comp>
<comp>
  <id>Comp:100-4-8</id>
  <CPU>0.605Gf</CPU>
  <RAM>0.59GB</RAM>
  <DISK>0.569GB</DISK>
</comp>
<comp>
  <id>Comp:100-4-9</id>
  <CPU>0.605Gf</CPU>
  <RAM>0.59GB</RAM>
  <DISK>0.569GB</DISK>
</comp>
  <bind>Comp:100-1-0 Appliance-294 0.646MBps 40.2ms</bind>
  <bind>Appliance-294 Comp:100-1-0 0.646MBps 40.2ms</bind>
  <bind>Comp:100-1-1 Appliance-278 0.646MBps 40.2ms</bind>
  <bind>Appliance-278 Comp:100-1-1 0.646MBps 40.2ms</bind>
  <bind>Comp:100-1-2 Appliance-436 0.646MBps 40.2ms</bind>
  <bind>Appliance-436 Comp:100-1-2 0.646MBps 40.2ms</bind>
  <bind>Comp:100-1-3 Appliance-317 0.646MBps 40.2ms</bind>
  <bind>Appliance-317 Comp:100-1-3 0.646MBps 40.2ms</bind>
  <bind>Comp:100-1-4 Appliance-331 0.646MBps 40.2ms</bind>
  <bind>Appliance-331 Comp:100-1-4 0.646MBps 40.2ms</bind>
  <bind>Comp:100-1-0 Appliance-222 0.646MBps 40.2ms</bind>
  <bind>Appliance-222 Comp:100-1-0 0.646MBps 40.2ms</bind>
  <bind>Comp:100-2-0 Comp:100-1-0 0.0144MBps 34.9ms</bind>
  <bind>Comp:100-1-0 Comp:100-2-0 0.0144MBps 34.9ms</bind>
  <bind>Comp:100-2-1 Comp:100-1-1 0.0144MBps 34.9ms</bind>
  <bind>Comp:100-1-1 Comp:100-2-1 0.0144MBps 34.9ms</bind>
  <bind>Comp:100-2-2 Comp:100-1-2 0.0144MBps 34.9ms</bind>
  <bind>Comp:100-1-2 Comp:100-2-2 0.0144MBps 34.9ms</bind>
  <bind>Comp:100-2-3 Comp:100-1-3 0.0144MBps 34.9ms</bind>
  <bind>Comp:100-1-3 Comp:100-2-3 0.0144MBps 34.9ms</bind>
  <bind>Comp:100-2-4 Comp:100-1-4 0.0144MBps 34.9ms</bind>
  <bind>Comp:100-1-4 Comp:100-2-4 0.0144MBps 34.9ms</bind>
  <bind>Comp:100-2-5 Comp:100-1-0 0.0144MBps 34.9ms</bind>
  <bind>Comp:100-1-0 Comp:100-2-5 0.0144MBps 34.9ms</bind>
  <bind>Comp:100-2-6 Comp:100-1-1 0.0144MBps 34.9ms</bind>
  <bind>Comp:100-1-1 Comp:100-2-6 0.0144MBps 34.9ms</bind>
  <bind>Comp:100-2-7 Comp:100-1-2 0.0144MBps 34.9ms</bind>
  <bind>Comp:100-1-2 Comp:100-2-7 0.0144MBps 34.9ms</bind>
  <bind>Comp:100-2-8 Comp:100-1-3 0.0144MBps 34.9ms</bind>
  <bind>Comp:100-1-3 Comp:100-2-8 0.0144MBps 34.9ms</bind>
  <bind>Comp:100-2-9 Comp:100-1-4 0.0144MBps 34.9ms</bind>
  <bind>Comp:100-1-4 Comp:100-2-9 0.0144MBps 34.9ms</bind>
  <bind>Comp:100-3-0 Comp:100-2-0 0.651MBps 28.1ms</bind>
  <bind>Comp:100-2-0 Comp:100-3-0 0.651MBps 28.1ms</bind>
  <bind>Comp:100-3-1 Comp:100-2-1 0.651MBps 28.1ms</bind>
  <bind>Comp:100-2-1 Comp:100-3-1 0.651MBps 28.1ms</bind>
  <bind>Comp:100-3-2 Comp:100-2-2 0.651MBps 28.1ms</bind>
  <bind>Comp:100-2-2 Comp:100-3-2 0.651MBps 28.1ms</bind>
  <bind>Comp:100-3-3 Comp:100-2-3 0.651MBps 28.1ms</bind>
  <bind>Comp:100-2-3 Comp:100-3-3 0.651MBps 28.1ms</bind>
  <bind>Comp:100-3-4 Comp:100-2-4 0.651MBps 28.1ms</bind>
  <bind>Comp:100-2-4 Comp:100-3-4 0.651MBps 28.1ms</bind>
  <bind>Comp:100-3-5 Comp:100-2-5 0.651MBps 28.1ms</bind>
  <bind>Comp:100-2-5 Comp:100-3-5 0.651MBps 28.1ms</bind>
  <bind>Comp:100-3-6 Comp:100-2-6 0.651MBps 28.1ms</bind>
  <bind>Comp:100-2-6 Comp:100-3-6 0.651MBps 28.1ms</bind>
  <bind>Comp:100-3-7 Comp:100-2-7 0.651MBps 28.1ms</bind>
  <bind>Comp:100-2-7 Comp:100-3-7 0.651MBps 28.1ms</bind>
  <bind>Comp:100-3-8 Comp:100-2-8 0.651MBps 28.1ms</bind>
  <bind>Comp:100-2-8 Comp:100-3-8 0.651MBps 28.1ms</bind>
  <bind>Comp:100-3-9 Comp:100-2-9 0.651MBps 28.1ms</bind>
  <bind>Comp:100-2-9 Comp:100-3-9 0.651MBps 28.1ms</bind>
  <bind>Comp:100-3-0 Comp:100-4-0 0.23MBps 37.0ms</bind>
  <bind>Comp:100-4-0 Comp:100-3-0 0.23MBps 37.0ms</bind>
  <bind>Comp:100-3-1 Comp:100-4-1 0.23MBps 37.0ms</bind>
  <bind>Comp:100-4-1 Comp:100-3-1 0.23MBps 37.0ms</bind>
  <bind>Comp:100-3-2 Comp:100-4-2 0.23MBps 37.0ms</bind>
  <bind>Comp:100-4-2 Comp:100-3-2 0.23MBps 37.0ms</bind>
  <bind>Comp:100-3-3 Comp:100-4-3 0.23MBps 37.0ms</bind>
  <bind>Comp:100-4-3 Comp:100-3-3 0.23MBps 37.0ms</bind>
  <bind>Comp:100-3-4 Comp:100-4-4 0.23MBps 37.0ms</bind>
  <bind>Comp:100-4-4 Comp:100-3-4 0.23MBps 37.0ms</bind>
  <bind>Comp:100-3-5 Comp:100-4-5 0.23MBps 37.0ms</bind>
  <bind>Comp:100-4-5 Comp:100-3-5 0.23MBps 37.0ms</bind>
  <bind>Comp:100-3-6 Comp:100-4-6 0.23MBps 37.0ms</bind>
  <bind>Comp:100-4-6 Comp:100-3-6 0.23MBps 37.0ms</bind>
  <bind>Comp:100-3-7 Comp:100-4-7 0.23MBps 37.0ms</bind>
  <bind>Comp:100-4-7 Comp:100-3-7 0.23MBps 37.0ms</bind>
  <bind>Comp:100-3-8 Comp:100-4-8 0.23MBps 37.0ms</bind>
  <bind>Comp:100-4-8 Comp:100-3-8 0.23MBps 37.0ms</bind>
  <bind>Comp:100-3-9 Comp:100-4-9 0.23MBps 37.0ms</bind>
  <bind>Comp:100-4-9 Comp:100-3-9 0.23MBps 37.0ms</bind>
</app>
</apps>
