<?xml version="1.0"?>
<apps>
<app>
  <id>App1</id>
<comp>
  <id>Comp:1-1-0</id>
  <CPU>0.864Gf</CPU>
  <RAM>0.357GB</RAM>
  <DISK>0.289GB</DISK>
</comp>
<comp>
  <id>Comp:1-1-1</id>
  <CPU>0.864Gf</CPU>
  <RAM>0.357GB</RAM>
  <DISK>0.289GB</DISK>
</comp>
<comp>
  <id>Comp:1-1-2</id>
  <CPU>0.864Gf</CPU>
  <RAM>0.357GB</RAM>
  <DISK>0.289GB</DISK>
</comp>
<comp>
  <id>Comp:1-1-3</id>
  <CPU>0.864Gf</CPU>
  <RAM>0.357GB</RAM>
  <DISK>0.289GB</DISK>
</comp>
<comp>
  <id>Comp:1-1-4</id>
  <CPU>0.864Gf</CPU>
  <RAM>0.357GB</RAM>
  <DISK>0.289GB</DISK>
</comp>
<comp>
  <id>Comp:1-1-5</id>
  <CPU>0.864Gf</CPU>
  <RAM>0.357GB</RAM>
  <DISK>0.289GB</DISK>
</comp>
<comp>
  <id>Comp:1-1-6</id>
  <CPU>0.864Gf</CPU>
  <RAM>0.357GB</RAM>
  <DISK>0.289GB</DISK>
</comp>
<comp>
  <id>Comp:1-1-7</id>
  <CPU>0.864Gf</CPU>
  <RAM>0.357GB</RAM>
  <DISK>0.289GB</DISK>
</comp>
<comp>
  <id>Comp:1-1-8</id>
  <CPU>0.864Gf</CPU>
  <RAM>0.357GB</RAM>
  <DISK>0.289GB</DISK>
</comp>
<comp>
  <id>Comp:1-1-9</id>
  <CPU>0.864Gf</CPU>
  <RAM>0.357GB</RAM>
  <DISK>0.289GB</DISK>
</comp>
<comp>
  <id>Comp:1-2-0</id>
  <CPU>0.494Gf</CPU>
  <RAM>0.743GB</RAM>
  <DISK>1.34GB</DISK>
</comp>
<comp>
  <id>Comp:1-2-1</id>
  <CPU>0.494Gf</CPU>
  <RAM>0.743GB</RAM>
  <DISK>1.34GB</DISK>
</comp>
<comp>
  <id>Comp:1-2-2</id>
  <CPU>0.494Gf</CPU>
  <RAM>0.743GB</RAM>
  <DISK>1.34GB</DISK>
</comp>
<comp>
  <id>Comp:1-2-3</id>
  <CPU>0.494Gf</CPU>
  <RAM>0.743GB</RAM>
  <DISK>1.34GB</DISK>
</comp>
<comp>
  <id>Comp:1-2-4</id>
  <CPU>0.494Gf</CPU>
  <RAM>0.743GB</RAM>
  <DISK>1.34GB</DISK>
</comp>
<comp>
  <id>Comp:1-2-5</id>
  <CPU>0.494Gf</CPU>
  <RAM>0.743GB</RAM>
  <DISK>1.34GB</DISK>
</comp>
<comp>
  <id>Comp:1-3-0</id>
  <CPU>0.63Gf</CPU>
  <RAM>0.436GB</RAM>
  <DISK>1.14GB</DISK>
</comp>
<comp>
  <id>Comp:1-3-1</id>
  <CPU>0.63Gf</CPU>
  <RAM>0.436GB</RAM>
  <DISK>1.14GB</DISK>
</comp>
<comp>
  <id>Comp:1-3-2</id>
  <CPU>0.63Gf</CPU>
  <RAM>0.436GB</RAM>
  <DISK>1.14GB</DISK>
</comp>
<comp>
  <id>Comp:1-3-3</id>
  <CPU>0.63Gf</CPU>
  <RAM>0.436GB</RAM>
  <DISK>1.14GB</DISK>
</comp>
<comp>
  <id>Comp:1-3-4</id>
  <CPU>0.63Gf</CPU>
  <RAM>0.436GB</RAM>
  <DISK>1.14GB</DISK>
</comp>
<comp>
  <id>Comp:1-4-0</id>
  <CPU>0.899Gf</CPU>
  <RAM>0.527GB</RAM>
  <DISK>0.65GB</DISK>
</comp>
<comp>
  <id>Comp:1-4-1</id>
  <CPU>0.899Gf</CPU>
  <RAM>0.527GB</RAM>
  <DISK>0.65GB</DISK>
</comp>
<comp>
  <id>Comp:1-4-2</id>
  <CPU>0.899Gf</CPU>
  <RAM>0.527GB</RAM>
  <DISK>0.65GB</DISK>
</comp>
<comp>
  <id>Comp:1-4-3</id>
  <CPU>0.899Gf</CPU>
  <RAM>0.527GB</RAM>
  <DISK>0.65GB</DISK>
</comp>
<comp>
  <id>Comp:1-4-4</id>
  <CPU>0.899Gf</CPU>
  <RAM>0.527GB</RAM>
  <DISK>0.65GB</DISK>
</comp>
<comp>
  <id>Comp:1-4-5</id>
  <CPU>0.899Gf</CPU>
  <RAM>0.527GB</RAM>
  <DISK>0.65GB</DISK>
</comp>
<comp>
  <id>Comp:1-4-6</id>
  <CPU>0.899Gf</CPU>
  <RAM>0.527GB</RAM>
  <DISK>0.65GB</DISK>
</comp>
<comp>
  <id>Comp:1-4-7</id>
  <CPU>0.899Gf</CPU>
  <RAM>0.527GB</RAM>
  <DISK>0.65GB</DISK>
</comp>
<comp>
  <id>Comp:1-5-0</id>
  <CPU>0.553Gf</CPU>
  <RAM>0.794GB</RAM>
  <DISK>1.37GB</DISK>
</comp>
<comp>
  <id>Comp:1-5-1</id>
  <CPU>0.553Gf</CPU>
  <RAM>0.794GB</RAM>
  <DISK>1.37GB</DISK>
</comp>
<comp>
  <id>Comp:1-5-2</id>
  <CPU>0.553Gf</CPU>
  <RAM>0.794GB</RAM>
  <DISK>1.37GB</DISK>
</comp>
<comp>
  <id>Comp:1-5-3</id>
  <CPU>0.553Gf</CPU>
  <RAM>0.794GB</RAM>
  <DISK>1.37GB</DISK>
</comp>
<comp>
  <id>Comp:1-6-0</id>
  <CPU>0.464Gf</CPU>
  <RAM>0.81GB</RAM>
  <DISK>0.394GB</DISK>
</comp>
<comp>
  <id>Comp:1-6-1</id>
  <CPU>0.464Gf</CPU>
  <RAM>0.81GB</RAM>
  <DISK>0.394GB</DISK>
</comp>
<comp>
  <id>Comp:1-6-2</id>
  <CPU>0.464Gf</CPU>
  <RAM>0.81GB</RAM>
  <DISK>0.394GB</DISK>
</comp>
<comp>
  <id>Comp:1-6-3</id>
  <CPU>0.464Gf</CPU>
  <RAM>0.81GB</RAM>
  <DISK>0.394GB</DISK>
</comp>
<comp>
  <id>Comp:1-6-4</id>
  <CPU>0.464Gf</CPU>
  <RAM>0.81GB</RAM>
  <DISK>0.394GB</DISK>
</comp>
<comp>
  <id>Comp:1-6-5</id>
  <CPU>0.464Gf</CPU>
  <RAM>0.81GB</RAM>
  <DISK>0.394GB</DISK>
</comp>
<comp>
  <id>Comp:1-6-6</id>
  <CPU>0.464Gf</CPU>
  <RAM>0.81GB</RAM>
  <DISK>0.394GB</DISK>
</comp>
<comp>
  <id>Comp:1-6-7</id>
  <CPU>0.464Gf</CPU>
  <RAM>0.81GB</RAM>
  <DISK>0.394GB</DISK>
</comp>
<comp>
  <id>Comp:1-6-8</id>
  <CPU>0.464Gf</CPU>
  <RAM>0.81GB</RAM>
  <DISK>0.394GB</DISK>
</comp>
  <bind>Comp:1-1-0 Appliance-398 0.421MBps 45.8ms</bind>
  <bind>Appliance-398 Comp:1-1-0 0.421MBps 45.8ms</bind>
  <bind>Comp:1-1-1 Appliance-277 0.421MBps 45.8ms</bind>
  <bind>Appliance-277 Comp:1-1-1 0.421MBps 45.8ms</bind>
  <bind>Comp:1-1-2 Appliance-392 0.421MBps 45.8ms</bind>
  <bind>Appliance-392 Comp:1-1-2 0.421MBps 45.8ms</bind>
  <bind>Comp:1-1-3 Appliance-380 0.421MBps 45.8ms</bind>
  <bind>Appliance-380 Comp:1-1-3 0.421MBps 45.8ms</bind>
  <bind>Comp:1-1-4 Appliance-292 0.421MBps 45.8ms</bind>
  <bind>Appliance-292 Comp:1-1-4 0.421MBps 45.8ms</bind>
  <bind>Comp:1-1-5 Appliance-370 0.421MBps 45.8ms</bind>
  <bind>Appliance-370 Comp:1-1-5 0.421MBps 45.8ms</bind>
  <bind>Comp:1-1-6 Appliance-189 0.421MBps 45.8ms</bind>
  <bind>Appliance-189 Comp:1-1-6 0.421MBps 45.8ms</bind>
  <bind>Comp:1-1-7 Appliance-436 0.421MBps 45.8ms</bind>
  <bind>Appliance-436 Comp:1-1-7 0.421MBps 45.8ms</bind>
  <bind>Comp:1-1-8 Appliance-443 0.421MBps 45.8ms</bind>
  <bind>Appliance-443 Comp:1-1-8 0.421MBps 45.8ms</bind>
  <bind>Comp:1-1-9 Appliance-251 0.421MBps 45.8ms</bind>
  <bind>Appliance-251 Comp:1-1-9 0.421MBps 45.8ms</bind>
  <bind>Comp:1-2-0 Comp:1-1-0 0.265MBps 43.3ms</bind>
  <bind>Comp:1-1-0 Comp:1-2-0 0.265MBps 43.3ms</bind>
  <bind>Comp:1-2-1 Comp:1-1-1 0.265MBps 43.3ms</bind>
  <bind>Comp:1-1-1 Comp:1-2-1 0.265MBps 43.3ms</bind>
  <bind>Comp:1-2-2 Comp:1-1-2 0.265MBps 43.3ms</bind>
  <bind>Comp:1-1-2 Comp:1-2-2 0.265MBps 43.3ms</bind>
  <bind>Comp:1-2-3 Comp:1-1-3 0.265MBps 43.3ms</bind>
  <bind>Comp:1-1-3 Comp:1-2-3 0.265MBps 43.3ms</bind>
  <bind>Comp:1-2-4 Comp:1-1-4 0.265MBps 43.3ms</bind>
  <bind>Comp:1-1-4 Comp:1-2-4 0.265MBps 43.3ms</bind>
  <bind>Comp:1-2-5 Comp:1-1-5 0.265MBps 43.3ms</bind>
  <bind>Comp:1-1-5 Comp:1-2-5 0.265MBps 43.3ms</bind>
  <bind>Comp:1-2-0 Comp:1-1-6 0.265MBps 43.3ms</bind>
  <bind>Comp:1-1-6 Comp:1-2-0 0.265MBps 43.3ms</bind>
  <bind>Comp:1-2-1 Comp:1-1-7 0.265MBps 43.3ms</bind>
  <bind>Comp:1-1-7 Comp:1-2-1 0.265MBps 43.3ms</bind>
  <bind>Comp:1-2-2 Comp:1-1-8 0.265MBps 43.3ms</bind>
  <bind>Comp:1-1-8 Comp:1-2-2 0.265MBps 43.3ms</bind>
  <bind>Comp:1-2-3 Comp:1-1-9 0.265MBps 43.3ms</bind>
  <bind>Comp:1-1-9 Comp:1-2-3 0.265MBps 43.3ms</bind>
  <bind>Comp:1-3-0 Comp:1-2-0 0.24MBps 27.6ms</bind>
  <bind>Comp:1-2-0 Comp:1-3-0 0.24MBps 27.6ms</bind>
  <bind>Comp:1-3-1 Comp:1-2-1 0.24MBps 27.6ms</bind>
  <bind>Comp:1-2-1 Comp:1-3-1 0.24MBps 27.6ms</bind>
  <bind>Comp:1-3-2 Comp:1-2-2 0.24MBps 27.6ms</bind>
  <bind>Comp:1-2-2 Comp:1-3-2 0.24MBps 27.6ms</bind>
  <bind>Comp:1-3-3 Comp:1-2-3 0.24MBps 27.6ms</bind>
  <bind>Comp:1-2-3 Comp:1-3-3 0.24MBps 27.6ms</bind>
  <bind>Comp:1-3-4 Comp:1-2-4 0.24MBps 27.6ms</bind>
  <bind>Comp:1-2-4 Comp:1-3-4 0.24MBps 27.6ms</bind>
  <bind>Comp:1-3-0 Comp:1-2-5 0.24MBps 27.6ms</bind>
  <bind>Comp:1-2-5 Comp:1-3-0 0.24MBps 27.6ms</bind>
  <bind>Comp:1-4-0 Comp:1-3-0 0.292MBps 28.0ms</bind>
  <bind>Comp:1-3-0 Comp:1-4-0 0.292MBps 28.0ms</bind>
  <bind>Comp:1-4-1 Comp:1-3-1 0.292MBps 28.0ms</bind>
  <bind>Comp:1-3-1 Comp:1-4-1 0.292MBps 28.0ms</bind>
  <bind>Comp:1-4-2 Comp:1-3-2 0.292MBps 28.0ms</bind>
  <bind>Comp:1-3-2 Comp:1-4-2 0.292MBps 28.0ms</bind>
  <bind>Comp:1-4-3 Comp:1-3-3 0.292MBps 28.0ms</bind>
  <bind>Comp:1-3-3 Comp:1-4-3 0.292MBps 28.0ms</bind>
  <bind>Comp:1-4-4 Comp:1-3-4 0.292MBps 28.0ms</bind>
  <bind>Comp:1-3-4 Comp:1-4-4 0.292MBps 28.0ms</bind>
  <bind>Comp:1-4-5 Comp:1-3-0 0.292MBps 28.0ms</bind>
  <bind>Comp:1-3-0 Comp:1-4-5 0.292MBps 28.0ms</bind>
  <bind>Comp:1-4-6 Comp:1-3-1 0.292MBps 28.0ms</bind>
  <bind>Comp:1-3-1 Comp:1-4-6 0.292MBps 28.0ms</bind>
  <bind>Comp:1-4-7 Comp:1-3-2 0.292MBps 28.0ms</bind>
  <bind>Comp:1-3-2 Comp:1-4-7 0.292MBps 28.0ms</bind>
  <bind>Comp:1-5-0 Comp:1-4-0 0.0863MBps 29.4ms</bind>
  <bind>Comp:1-4-0 Comp:1-5-0 0.0863MBps 29.4ms</bind>
  <bind>Comp:1-5-1 Comp:1-4-1 0.0863MBps 29.4ms</bind>
  <bind>Comp:1-4-1 Comp:1-5-1 0.0863MBps 29.4ms</bind>
  <bind>Comp:1-5-2 Comp:1-4-2 0.0863MBps 29.4ms</bind>
  <bind>Comp:1-4-2 Comp:1-5-2 0.0863MBps 29.4ms</bind>
  <bind>Comp:1-5-3 Comp:1-4-3 0.0863MBps 29.4ms</bind>
  <bind>Comp:1-4-3 Comp:1-5-3 0.0863MBps 29.4ms</bind>
  <bind>Comp:1-5-0 Comp:1-4-4 0.0863MBps 29.4ms</bind>
  <bind>Comp:1-4-4 Comp:1-5-0 0.0863MBps 29.4ms</bind>
  <bind>Comp:1-5-1 Comp:1-4-5 0.0863MBps 29.4ms</bind>
  <bind>Comp:1-4-5 Comp:1-5-1 0.0863MBps 29.4ms</bind>
  <bind>Comp:1-5-2 Comp:1-4-6 0.0863MBps 29.4ms</bind>
  <bind>Comp:1-4-6 Comp:1-5-2 0.0863MBps 29.4ms</bind>
  <bind>Comp:1-5-3 Comp:1-4-7 0.0863MBps 29.4ms</bind>
  <bind>Comp:1-4-7 Comp:1-5-3 0.0863MBps 29.4ms</bind>
  <bind>Comp:1-5-0 Comp:1-6-0 0.821MBps 39.8ms</bind>
  <bind>Comp:1-6-0 Comp:1-5-0 0.821MBps 39.8ms</bind>
  <bind>Comp:1-5-1 Comp:1-6-1 0.821MBps 39.8ms</bind>
  <bind>Comp:1-6-1 Comp:1-5-1 0.821MBps 39.8ms</bind>
  <bind>Comp:1-5-2 Comp:1-6-2 0.821MBps 39.8ms</bind>
  <bind>Comp:1-6-2 Comp:1-5-2 0.821MBps 39.8ms</bind>
  <bind>Comp:1-5-3 Comp:1-6-3 0.821MBps 39.8ms</bind>
  <bind>Comp:1-6-3 Comp:1-5-3 0.821MBps 39.8ms</bind>
  <bind>Comp:1-5-0 Comp:1-6-4 0.821MBps 39.8ms</bind>
  <bind>Comp:1-6-4 Comp:1-5-0 0.821MBps 39.8ms</bind>
  <bind>Comp:1-5-1 Comp:1-6-5 0.821MBps 39.8ms</bind>
  <bind>Comp:1-6-5 Comp:1-5-1 0.821MBps 39.8ms</bind>
  <bind>Comp:1-5-2 Comp:1-6-6 0.821MBps 39.8ms</bind>
  <bind>Comp:1-6-6 Comp:1-5-2 0.821MBps 39.8ms</bind>
  <bind>Comp:1-5-3 Comp:1-6-7 0.821MBps 39.8ms</bind>
  <bind>Comp:1-6-7 Comp:1-5-3 0.821MBps 39.8ms</bind>
  <bind>Comp:1-5-0 Comp:1-6-8 0.821MBps 39.8ms</bind>
  <bind>Comp:1-6-8 Comp:1-5-0 0.821MBps 39.8ms</bind>
</app>
<app>
  <id>App10</id>
<comp>
  <id>Comp:10-0-0</id>
  <CPU>0.823Gf</CPU>
  <RAM>0.616GB</RAM>
  <DISK>1.63GB</DISK>
</comp>
<comp>
  <id>Comp:10-0-1</id>
  <CPU>0.823Gf</CPU>
  <RAM>0.616GB</RAM>
  <DISK>1.63GB</DISK>
</comp>
<comp>
  <id>Comp:10-0-2</id>
  <CPU>0.823Gf</CPU>
  <RAM>0.616GB</RAM>
  <DISK>1.63GB</DISK>
</comp>
<comp>
  <id>Comp:10-0-3</id>
  <CPU>0.823Gf</CPU>
  <RAM>0.616GB</RAM>
  <DISK>1.63GB</DISK>
</comp>
<comp>
  <id>Comp:10-0-4</id>
  <CPU>0.823Gf</CPU>
  <RAM>0.616GB</RAM>
  <DISK>1.63GB</DISK>
</comp>
<comp>
  <id>Comp:10-0-5</id>
  <CPU>0.823Gf</CPU>
  <RAM>0.616GB</RAM>
  <DISK>1.63GB</DISK>
</comp>
<comp>
  <id>Comp:10-0-6</id>
  <CPU>0.823Gf</CPU>
  <RAM>0.616GB</RAM>
  <DISK>1.63GB</DISK>
</comp>
<comp>
  <id>Comp:10-0-7</id>
  <CPU>0.823Gf</CPU>
  <RAM>0.616GB</RAM>
  <DISK>1.63GB</DISK>
</comp>
<comp>
  <id>Comp:10-0-8</id>
  <CPU>0.823Gf</CPU>
  <RAM>0.616GB</RAM>
  <DISK>1.63GB</DISK>
</comp>
<comp>
  <id>Comp:10-1-0</id>
  <CPU>0.204Gf</CPU>
  <RAM>0.712GB</RAM>
  <DISK>0.3GB</DISK>
</comp>
<comp>
  <id>Comp:10-2-0</id>
  <CPU>0.605Gf</CPU>
  <RAM>0.426GB</RAM>
  <DISK>0.762GB</DISK>
</comp>
<comp>
  <id>Comp:10-2-1</id>
  <CPU>0.605Gf</CPU>
  <RAM>0.426GB</RAM>
  <DISK>0.762GB</DISK>
</comp>
<comp>
  <id>Comp:10-2-2</id>
  <CPU>0.605Gf</CPU>
  <RAM>0.426GB</RAM>
  <DISK>0.762GB</DISK>
</comp>
<comp>
  <id>Comp:10-2-3</id>
  <CPU>0.605Gf</CPU>
  <RAM>0.426GB</RAM>
  <DISK>0.762GB</DISK>
</comp>
<comp>
  <id>Comp:10-2-4</id>
  <CPU>0.605Gf</CPU>
  <RAM>0.426GB</RAM>
  <DISK>0.762GB</DISK>
</comp>
  <bind>Comp:10-1-0 Comp:10-0-0 0.469MBps 46.0ms</bind>
  <bind>Comp:10-0-0 Comp:10-1-0 0.469MBps 46.0ms</bind>
  <bind>Comp:10-1-0 Comp:10-0-1 0.469MBps 46.0ms</bind>
  <bind>Comp:10-0-1 Comp:10-1-0 0.469MBps 46.0ms</bind>
  <bind>Comp:10-1-0 Comp:10-0-2 0.469MBps 46.0ms</bind>
  <bind>Comp:10-0-2 Comp:10-1-0 0.469MBps 46.0ms</bind>
  <bind>Comp:10-1-0 Comp:10-0-3 0.469MBps 46.0ms</bind>
  <bind>Comp:10-0-3 Comp:10-1-0 0.469MBps 46.0ms</bind>
  <bind>Comp:10-1-0 Comp:10-0-4 0.469MBps 46.0ms</bind>
  <bind>Comp:10-0-4 Comp:10-1-0 0.469MBps 46.0ms</bind>
  <bind>Comp:10-1-0 Comp:10-0-5 0.469MBps 46.0ms</bind>
  <bind>Comp:10-0-5 Comp:10-1-0 0.469MBps 46.0ms</bind>
  <bind>Comp:10-1-0 Comp:10-0-6 0.469MBps 46.0ms</bind>
  <bind>Comp:10-0-6 Comp:10-1-0 0.469MBps 46.0ms</bind>
  <bind>Comp:10-1-0 Comp:10-0-7 0.469MBps 46.0ms</bind>
  <bind>Comp:10-0-7 Comp:10-1-0 0.469MBps 46.0ms</bind>
  <bind>Comp:10-1-0 Comp:10-0-8 0.469MBps 46.0ms</bind>
  <bind>Comp:10-0-8 Comp:10-1-0 0.469MBps 46.0ms</bind>
  <bind>Comp:10-2-0 Comp:10-1-0 0.117MBps 47.7ms</bind>
  <bind>Comp:10-1-0 Comp:10-2-0 0.117MBps 47.7ms</bind>
  <bind>Comp:10-2-1 Comp:10-1-0 0.117MBps 47.7ms</bind>
  <bind>Comp:10-1-0 Comp:10-2-1 0.117MBps 47.7ms</bind>
  <bind>Comp:10-2-2 Comp:10-1-0 0.117MBps 47.7ms</bind>
  <bind>Comp:10-1-0 Comp:10-2-2 0.117MBps 47.7ms</bind>
  <bind>Comp:10-2-3 Comp:10-1-0 0.117MBps 47.7ms</bind>
  <bind>Comp:10-1-0 Comp:10-2-3 0.117MBps 47.7ms</bind>
  <bind>Comp:10-2-4 Comp:10-1-0 0.117MBps 47.7ms</bind>
  <bind>Comp:10-1-0 Comp:10-2-4 0.117MBps 47.7ms</bind>
  <bind>Comp:10-2-0 Appliance-305 0.214MBps 43.8ms</bind>
  <bind>Appliance-305 Comp:10-2-0 0.214MBps 43.8ms</bind>
  <bind>Comp:10-2-1 Appliance-487 0.214MBps 43.8ms</bind>
  <bind>Appliance-487 Comp:10-2-1 0.214MBps 43.8ms</bind>
  <bind>Comp:10-2-2 Appliance-487 0.214MBps 43.8ms</bind>
  <bind>Appliance-487 Comp:10-2-2 0.214MBps 43.8ms</bind>
  <bind>Comp:10-2-3 Appliance-478 0.214MBps 43.8ms</bind>
  <bind>Appliance-478 Comp:10-2-3 0.214MBps 43.8ms</bind>
  <bind>Comp:10-2-4 Appliance-288 0.214MBps 43.8ms</bind>
  <bind>Appliance-288 Comp:10-2-4 0.214MBps 43.8ms</bind>
  <bind>Comp:10-2-0 Appliance-87 0.214MBps 43.8ms</bind>
  <bind>Appliance-87 Comp:10-2-0 0.214MBps 43.8ms</bind>
  <bind>Comp:10-2-1 Appliance-492 0.214MBps 43.8ms</bind>
  <bind>Appliance-492 Comp:10-2-1 0.214MBps 43.8ms</bind>
  <bind>Comp:10-2-2 Appliance-495 0.214MBps 43.8ms</bind>
  <bind>Appliance-495 Comp:10-2-2 0.214MBps 43.8ms</bind>
</app>
<app>
  <id>App100</id>
<comp>
  <id>Comp:100-1-0</id>
  <CPU>0.799Gf</CPU>
  <RAM>0.631GB</RAM>
  <DISK>0.0317GB</DISK>
</comp>
<comp>
  <id>Comp:100-1-1</id>
  <CPU>0.799Gf</CPU>
  <RAM>0.631GB</RAM>
  <DISK>0.0317GB</DISK>
</comp>
<comp>
  <id>Comp:100-1-2</id>
  <CPU>0.799Gf</CPU>
  <RAM>0.631GB</RAM>
  <DISK>0.0317GB</DISK>
</comp>
<comp>
  <id>Comp:100-1-3</id>
  <CPU>0.799Gf</CPU>
  <RAM>0.631GB</RAM>
  <DISK>0.0317GB</DISK>
</comp>
<comp>
  <id>Comp:100-1-4</id>
  <CPU>0.799Gf</CPU>
  <RAM>0.631GB</RAM>
  <DISK>0.0317GB</DISK>
</comp>
<comp>
  <id>Comp:100-2-0</id>
  <CPU>0.575Gf</CPU>
  <RAM>0.641GB</RAM>
  <DISK>1.27GB</DISK>
</comp>
<comp>
  <id>Comp:100-2-1</id>
  <CPU>0.575Gf</CPU>
  <RAM>0.641GB</RAM>
  <DISK>1.27GB</DISK>
</comp>
<comp>
  <id>Comp:100-2-2</id>
  <CPU>0.575Gf</CPU>
  <RAM>0.641GB</RAM>
  <DISK>1.27GB</DISK>
</comp>
<comp>
  <id>Comp:100-2-3</id>
  <CPU>0.575Gf</CPU>
  <RAM>0.641GB</RAM>
  <DISK>1.27GB</DISK>
</comp>
<comp>
  <id>Comp:100-2-4</id>
  <CPU>0.575Gf</CPU>
  <RAM>0.641GB</RAM>
  <DISK>1.27GB</DISK>
</comp>
<comp>
  <id>Comp:100-2-5</id>
  <CPU>0.575Gf</CPU>
  <RAM>0.641GB</RAM>
  <DISK>1.27GB</DISK>
</comp>
<comp>
  <id>Comp:100-2-6</id>
  <CPU>0.575Gf</CPU>
  <RAM>0.641GB</RAM>
  <DISK>1.27GB</DISK>
</comp>
<comp>
  <id>Comp:100-2-7</id>
  <CPU>0.575Gf</CPU>
  <RAM>0.641GB</RAM>
  <DISK>1.27GB</DISK>
</comp>
<comp>
  <id>Comp:100-2-8</id>
  <CPU>0.575Gf</CPU>
  <RAM>0.641GB</RAM>
  <DISK>1.27GB</DISK>
</comp>
<comp>
  <id>Comp:100-2-9</id>
  <CPU>0.575Gf</CPU>
  <RAM>0.641GB</RAM>
  <DISK>1.27GB</DISK>
</comp>
<comp>
  <id>Comp:100-3-0</id>
  <CPU>0.751Gf</CPU>
  <RAM>0.958GB</RAM>
  <DISK>0.599GB</DISK>
</comp>
<comp>
  <id>Comp:100-3-1</id>
  <CPU>0.751Gf</CPU>
  <RAM>0.958GB</RAM>
  <DISK>0.599GB</DISK>
</comp>
<comp>
  <id>Comp:100-3-2</id>
  <CPU>0.751Gf</CPU>
  <RAM>0.958GB</RAM>
  <DISK>0.599GB</DISK>
</comp>
<comp>
  <id>Comp:100-3-3</id>
  <CPU>0.751Gf</CPU>
  <RAM>0.958GB</RAM>
  <DISK>0.599GB</DISK>
</comp>
<comp>
  <id>Comp:100-3-4</id>
  <CPU>0.751Gf</CPU>
  <RAM>0.958GB</RAM>
  <DISK>0.599GB</DISK>
</comp>
<comp>
  <id>Comp:100-3-5</id>
  <CPU>0.751Gf</CPU>
  <RAM>0.958GB</RAM>
  <DISK>0.599GB</DISK>
</comp>
<comp>
  <id>Comp:100-3-6</id>
  <CPU>0.751Gf</CPU>
  <RAM>0.958GB</RAM>
  <DISK>0.599GB</DISK>
</comp>
<comp>
  <id>Comp:100-3-7</id>
  <CPU>0.751Gf</CPU>
  <RAM>0.958GB</RAM>
  <DISK>0.599GB</DISK>
</comp>
<comp>
  <id>Comp:100-3-8</id>
  <CPU>0.751Gf</CPU>
  <RAM>0.958GB</RAM>
  <DISK>0.599GB</DISK>
</comp>
<comp>
  <id>Comp:100-3-9</id>
  <CPU>0.751Gf</CPU>
  <RAM>0.958GB</RAM>
  <DISK>0.599GB</DISK>
</comp>
<comp>
  <id>Comp:100-4-0</id>
  <CPU>0.605Gf</CPU>
  <RAM>0.59GB</RAM>
  <DISK>0.569GB</DISK>
</comp>
<comp>
  <id>Comp:100-4-1</id>
  <CPU>0.605Gf</CPU>
  <RAM>0.59GB</RAM>
  <DISK>0.569GB</DISK>
</comp>
<comp>
  <id>Comp:100-4-2</id>
  <CPU>0.605Gf</CPU>
  <RAM>0.59GB</RAM>
  <DISK>0.569GB</DISK>
</comp>
<comp>
  <id>Comp:100-4-3</id>
  <CPU>0.605Gf</CPU>
  <RAM>0.59GB</RAM>
  <DISK>0.569GB</DISK>
</comp>
<comp>
  <id>Comp:100-4-4</id>
  <CPU>0.605Gf</CPU>
  <RAM>0.59GB</RAM>
  <DISK>0.569GB</DISK>
</comp>
<comp>
  <id>Comp:100-4-5</id>
  <CPU>0.605Gf</CPU>
  <RAM>0.59GB</RAM>
  <DISK>0.569GB</DISK>
</comp>
<comp>
  <id>Comp:100-4-6</id>
  <CPU>0.605Gf</CPU>
  <RAM>0.59GB</RAM>
  <DISK>0.569GB</DISK>
</comp>
<comp>
  <id>Comp:100-4-7</id>
  <CPU>0.605Gf</CPU>
  <RAM>0.59GB</RAM>
  <DISK>0.569GB</DISK>
</comp>
<comp>
  <id>Comp:100-4-8</id>
  <CPU>0.605Gf</CPU>
  <RAM>0.59GB</RAM>
  <DISK>0.569GB</DISK>
</comp>
<comp>
  <id>Comp:100-4-9</id>
  <CPU>0.605Gf</CPU>
  <RAM>0.59GB</RAM>
  <DISK>0.569GB</DISK>
</comp>
  <bind>Comp:100-1-0 Appliance-294 0.646MBps 40.2ms</bind>
  <bind>Appliance-294 Comp:100-1-0 0.646MBps 40.2ms</bind>
  <bind>Comp:100-1-1 Appliance-278 0.646MBps 40.2ms</bind>
  <bind>Appliance-278 Comp:100-1-1 0.646MBps 40.2ms</bind>
  <bind>Comp:100-1-2 Appliance-436 0.646MBps 40.2ms</bind>
  <bind>Appliance-436 Comp:100-1-2 0.646MBps 40.2ms</bind>
  <bind>Comp:100-1-3 Appliance-317 0.646MBps 40.2ms</bind>
  <bind>Appliance-317 Comp:100-1-3 0.646MBps 40.2ms</bind>
  <bind>Comp:100-1-4 Appliance-331 0.646MBps 40.2ms</bind>
  <bind>Appliance-331 Comp:100-1-4 0.646MBps 40.2ms</bind>
  <bind>Comp:100-1-0 Appliance-222 0.646MBps 40.2ms</bind>
  <bind>Appliance-222 Comp:100-1-0 0.646MBps 40.2ms</bind>
  <bind>Comp:100-2-0 Comp:100-1-0 0.0144MBps 34.9ms</bind>
  <bind>Comp:100-1-0 Comp:100-2-0 0.0144MBps 34.9ms</bind>
  <bind>Comp:100-2-1 Comp:100-1-1 0.0144MBps 34.9ms</bind>
  <bind>Comp:100-1-1 Comp:100-2-1 0.0144MBps 34.9ms</bind>
  <bind>Comp:100-2-2 Comp:100-1-2 0.0144MBps 34.9ms</bind>
  <bind>Comp:100-1-2 Comp:100-2-2 0.0144MBps 34.9ms</bind>
  <bind>Comp:100-2-3 Comp:100-1-3 0.0144MBps 34.9ms</bind>
  <bind>Comp:100-1-3 Comp:100-2-3 0.0144MBps 34.9ms</bind>
  <bind>Comp:100-2-4 Comp:100-1-4 0.0144MBps 34.9ms</bind>
  <bind>Comp:100-1-4 Comp:100-2-4 0.0144MBps 34.9ms</bind>
  <bind>Comp:100-2-5 Comp:100-1-0 0.0144MBps 34.9ms</bind>
  <bind>Comp:100-1-0 Comp:100-2-5 0.0144MBps 34.9ms</bind>
  <bind>Comp:100-2-6 Comp:100-1-1 0.0144MBps 34.9ms</bind>
  <bind>Comp:100-1-1 Comp:100-2-6 0.0144MBps 34.9ms</bind>
  <bind>Comp:100-2-7 Comp:100-1-2 0.0144MBps 34.9ms</bind>
  <bind>Comp:100-1-2 Comp:100-2-7 0.0144MBps 34.9ms</bind>
  <bind>Comp:100-2-8 Comp:100-1-3 0.0144MBps 34.9ms</bind>
  <bind>Comp:100-1-3 Comp:100-2-8 0.0144MBps 34.9ms</bind>
  <bind>Comp:100-2-9 Comp:100-1-4 0.0144MBps 34.9ms</bind>
  <bind>Comp:100-1-4 Comp:100-2-9 0.0144MBps 34.9ms</bind>
  <bind>Comp:100-3-0 Comp:100-2-0 0.651MBps 28.1ms</bind>
  <bind>Comp:100-2-0 Comp:100-3-0 0.651MBps 28.1ms</bind>
  <bind>Comp:100-3-1 Comp:100-2-1 0.651MBps 28.1ms</bind>
  <bind>Comp:100-2-1 Comp:100-3-1 0.651MBps 28.1ms</bind>
  <bind>Comp:100-3-2 Comp:100-2-2 0.651MBps 28.1ms</bind>
  <bind>Comp:100-2-2 Comp:100-3-2 0.651MBps 28.1ms</bind>
  <bind>Comp:100-3-3 Comp:100-2-3 0.651MBps 28.1ms</bind>
  <bind>Comp:100-2-3 Comp:100-3-3 0.651MBps 28.1ms</bind>
  <bind>Comp:100-3-4 Comp:100-2-4 0.651MBps 28.1ms</bind>
  <bind>Comp:100-2-4 Comp:100-3-4 0.651MBps 28.1ms</bind>
  <bind>Comp:100-3-5 Comp:100-2-5 0.651MBps 28.1ms</bind>
  <bind>Comp:100-2-5 Comp:100-3-5 0.651MBps 28.1ms</bind>
  <bind>Comp:100-3-6 Comp:100-2-6 0.651MBps 28.1ms</bind>
  <bind>Comp:100-2-6 Comp:100-3-6 0.651MBps 28.1ms</bind>
  <bind>Comp:100-3-7 Comp:100-2-7 0.651MBps 28.1ms</bind>
  <bind>Comp:100-2-7 Comp:100-3-7 0.651MBps 28.1ms</bind>
  <bind>Comp:100-3-8 Comp:100-2-8 0.651MBps 28.1ms</bind>
  <bind>Comp:100-2-8 Comp:100-3-8 0.651MBps 28.1ms</bind>
  <bind>Comp:100-3-9 Comp:100-2-9 0.651MBps 28.1ms</bind>
  <bind>Comp:100-2-9 Comp:100-3-9 0.651MBps 28.1ms</bind>
  <bind>Comp:100-3-0 Comp:100-4-0 0.23MBps 37.0ms</bind>
  <bind>Comp:100-4-0 Comp:100-3-0 0.23MBps 37.0ms</bind>
  <bind>Comp:100-3-1 Comp:100-4-1 0.23MBps 37.0ms</bind>
  <bind>Comp:100-4-1 Comp:100-3-1 0.23MBps 37.0ms</bind>
  <bind>Comp:100-3-2 Comp:100-4-2 0.23MBps 37.0ms</bind>
  <bind>Comp:100-4-2 Comp:100-3-2 0.23MBps 37.0ms</bind>
  <bind>Comp:100-3-3 Comp:100-4-3 0.23MBps 37.0ms</bind>
  <bind>Comp:100-4-3 Comp:100-3-3 0.23MBps 37.0ms</bind>
  <bind>Comp:100-3-4 Comp:100-4-4 0.23MBps 37.0ms</bind>
  <bind>Comp:100-4-4 Comp:100-3-4 0.23MBps 37.0ms</bind>
  <bind>Comp:100-3-5 Comp:100-4-5 0.23MBps 37.0ms</bind>
  <bind>Comp:100-4-5 Comp:100-3-5 0.23MBps 37.0ms</bind>
  <bind>Comp:100-3-6 Comp:100-4-6 0.23MBps 37.0ms</bind>
  <bind>Comp:100-4-6 Comp:100-3-6 0.23MBps 37.0ms</bind>
  <bind>Comp:100-3-7 Comp:100-4-7 0.23MBps 37.0ms</bind>
  <bind>Comp:100-4-7 Comp:100-3-7 0.23MBps 37.0ms</bind>
  <bind>Comp:100-3-8 Comp:100-4-8 0.23MBps 37.0ms</bind>
  <bind>Comp:100-4-8 Comp:100-3-8 0.23MBps 37.0ms</bind>
  <bind>Comp:100-3-9 Comp:100-4-9 0.23MBps 37.0ms</bind>
  <bind>Comp:100-4-9 Comp:100-3-9 0.23MBps 37.0ms</bind>
</app>
<app>
  <id>App11</id>
<comp>
  <id>Comp:11-1-0</id>
  <CPU>0.32Gf</CPU>
  <RAM>0.813GB</RAM>
  <DISK>0.345GB</DISK>
</comp>
<comp>
  <id>Comp:11-1-1</id>
  <CPU>0.32Gf</CPU>
  <RAM>0.813GB</RAM>
  <DISK>0.345GB</DISK>
</comp>
<comp>
  <id>Comp:11-1-2</id>
  <CPU>0.32Gf</CPU>
  <RAM>0.813GB</RAM>
  <DISK>0.345GB</DISK>
</comp>
<comp>
  <id>Comp:11-1-3</id>
  <CPU>0.32Gf</CPU>
  <RAM>0.813GB</RAM>
  <DISK>0.345GB</DISK>
</comp>
<comp>
  <id>Comp:11-1-4</id>
  <CPU>0.32Gf</CPU>
  <RAM>0.813GB</RAM>
  <DISK>0.345GB</DISK>
</comp>
<comp>
  <id>Comp:11-1-5</id>
  <CPU>0.32Gf</CPU>
  <RAM>0.813GB</RAM>
  <DISK>0.345GB</DISK>
</comp>
<comp>
  <id>Comp:11-1-6</id>
  <CPU>0.32Gf</CPU>
  <RAM>0.813GB</RAM>
  <DISK>0.345GB</DISK>
</comp>
<comp>
  <id>Comp:11-2-0</id>
  <CPU>0.135Gf</CPU>
  <RAM>0.503GB</RAM>
  <DISK>1.54GB</DISK>
</comp>
<comp>
  <id>Comp:11-2-1</id>
  <CPU>0.135Gf</CPU>
  <RAM>0.503GB</RAM>
  <DISK>1.54GB</DISK>
</comp>
<comp>
  <id>Comp:11-2-2</id>
  <CPU>0.135Gf</CPU>
  <RAM>0.503GB</RAM>
  <DISK>1.54GB</DISK>
</comp>
<comp>
  <id>Comp:11-2-3</id>
  <CPU>0.135Gf</CPU>
  <RAM>0.503GB</RAM>
  <DISK>1.54GB</DISK>
</comp>
<comp>
  <id>Comp:11-2-4</id>
  <CPU>0.135Gf</CPU>
  <RAM>0.503GB</RAM>
  <DISK>1.54GB</DISK>
</comp>
<comp>
  <id>Comp:11-2-5</id>
  <CPU>0.135Gf</CPU>
  <RAM>0.503GB</RAM>
  <DISK>1.54GB</DISK>
</comp>
<comp>
  <id>Comp:11-2-6</id>
  <CPU>0.135Gf</CPU>
  <RAM>0.503GB</RAM>
  <DISK>1.54GB</DISK>
</comp>
<comp>
  <id>Comp:11-2-7</id>
  <CPU>0.135Gf</CPU>
  <RAM>0.503GB</RAM>
  <DISK>1.54GB</DISK>
</comp>
<comp>
  <id>Comp:11-2-8</id>
  <CPU>0.135Gf</CPU>
  <RAM>0.503GB</RAM>
  <DISK>1.54GB</DISK>
</comp>
<comp>
  <id>Comp:11-3-0</id>
  <CPU>0.831Gf</CPU>
  <RAM>0.295GB</RAM>
  <DISK>0.664GB</DISK>
</comp>
<comp>
  <id>Comp:11-3-1</id>
  <CPU>0.831Gf</CPU>
  <RAM>0.295GB</RAM>
  <DISK>0.664GB</DISK>
</comp>
<comp>
  <id>Comp:11-3-2</id>
  <CPU>0.831Gf</CPU>
  <RAM>0.295GB</RAM>
  <DISK>0.664GB</DISK>
</comp>
<comp>
  <id>Comp:11-3-3</id>
  <CPU>0.831Gf</CPU>
  <RAM>0.295GB</RAM>
  <DISK>0.664GB</DISK>
</comp>
<comp>
  <id>Comp:11-3-4</id>
  <CPU>0.831Gf</CPU>
  <RAM>0.295GB</RAM>
  <DISK>0.664GB</DISK>
</comp>
<comp>
  <id>Comp:11-3-5</id>
  <CPU>0.831Gf</CPU>
  <RAM>0.295GB</RAM>
  <DISK>0.664GB</DISK>
</comp>
<comp>
  <id>Comp:11-3-6</id>
  <CPU>0.831Gf</CPU>
  <RAM>0.295GB</RAM>
  <DISK>0.664GB</DISK>
</comp>
<comp>
  <id>Comp:11-4-0</id>
  <CPU>0.161Gf</CPU>
  <RAM>0.116GB</RAM>
  <DISK>0.509GB</DISK>
</comp>
<comp>
  <id>Comp:11-4-1</id>
  <CPU>0.161Gf</CPU>
  <RAM>0.116GB</RAM>
  <DISK>0.509GB</DISK>
</comp>
<comp>
  <id>Comp:11-4-2</id>
  <CPU>0.161Gf</CPU>
  <RAM>0.116GB</RAM>
  <DISK>0.509GB</DISK>
</comp>
<comp>
  <id>Comp:11-4-3</id>
  <CPU>0.161Gf</CPU>
  <RAM>0.116GB</RAM>
  <DISK>0.509GB</DISK>
</comp>
<comp>
  <id>Comp:11-4-4</id>
  <CPU>0.161Gf</CPU>
  <RAM>0.116GB</RAM>
  <DISK>0.509GB</DISK>
</comp>
<comp>
  <id>Comp:11-4-5</id>
  <CPU>0.161Gf</CPU>
  <RAM>0.116GB</RAM>
  <DISK>0.509GB</DISK>
</comp>
<comp>
  <id>Comp:11-4-6</id>
  <CPU>0.161Gf</CPU>
  <RAM>0.116GB</RAM>
  <DISK>0.509GB</DISK>
</comp>
<comp>
  <id>Comp:11-4-7</id>
  <CPU>0.161Gf</CPU>
  <RAM>0.116GB</RAM>
  <DISK>0.509GB</DISK>
</comp>
<comp>
  <id>Comp:11-4-8</id>
  <CPU>0.161Gf</CPU>
  <RAM>0.116GB</RAM>
  <DISK>0.509GB</DISK>
</comp>
  <bind>Comp:11-1-0 Appliance-294 0.732MBps 49.5ms</bind>
  <bind>Appliance-294 Comp:11-1-0 0.732MBps 49.5ms</bind>
  <bind>Comp:11-1-1 Appliance-65 0.732MBps 49.5ms</bind>
  <bind>Appliance-65 Comp:11-1-1 0.732MBps 49.5ms</bind>
  <bind>Comp:11-1-2 Appliance-172 0.732MBps 49.5ms</bind>
  <bind>Appliance-172 Comp:11-1-2 0.732MBps 49.5ms</bind>
  <bind>Comp:11-1-3 Appliance-407 0.732MBps 49.5ms</bind>
  <bind>Appliance-407 Comp:11-1-3 0.732MBps 49.5ms</bind>
  <bind>Comp:11-1-4 Appliance-291 0.732MBps 49.5ms</bind>
  <bind>Appliance-291 Comp:11-1-4 0.732MBps 49.5ms</bind>
  <bind>Comp:11-1-5 Appliance-25 0.732MBps 49.5ms</bind>
  <bind>Appliance-25 Comp:11-1-5 0.732MBps 49.5ms</bind>
  <bind>Comp:11-1-6 Appliance-396 0.732MBps 49.5ms</bind>
  <bind>Appliance-396 Comp:11-1-6 0.732MBps 49.5ms</bind>
  <bind>Comp:11-2-0 Comp:11-1-0 0.764MBps 45.4ms</bind>
  <bind>Comp:11-1-0 Comp:11-2-0 0.764MBps 45.4ms</bind>
  <bind>Comp:11-2-1 Comp:11-1-1 0.764MBps 45.4ms</bind>
  <bind>Comp:11-1-1 Comp:11-2-1 0.764MBps 45.4ms</bind>
  <bind>Comp:11-2-2 Comp:11-1-2 0.764MBps 45.4ms</bind>
  <bind>Comp:11-1-2 Comp:11-2-2 0.764MBps 45.4ms</bind>
  <bind>Comp:11-2-3 Comp:11-1-3 0.764MBps 45.4ms</bind>
  <bind>Comp:11-1-3 Comp:11-2-3 0.764MBps 45.4ms</bind>
  <bind>Comp:11-2-4 Comp:11-1-4 0.764MBps 45.4ms</bind>
  <bind>Comp:11-1-4 Comp:11-2-4 0.764MBps 45.4ms</bind>
  <bind>Comp:11-2-5 Comp:11-1-5 0.764MBps 45.4ms</bind>
  <bind>Comp:11-1-5 Comp:11-2-5 0.764MBps 45.4ms</bind>
  <bind>Comp:11-2-6 Comp:11-1-6 0.764MBps 45.4ms</bind>
  <bind>Comp:11-1-6 Comp:11-2-6 0.764MBps 45.4ms</bind>
  <bind>Comp:11-2-7 Comp:11-1-0 0.764MBps 45.4ms</bind>
  <bind>Comp:11-1-0 Comp:11-2-7 0.764MBps 45.4ms</bind>
  <bind>Comp:11-2-8 Comp:11-1-1 0.764MBps 45.4ms</bind>
  <bind>Comp:11-1-1 Comp:11-2-8 0.764MBps 45.4ms</bind>
  <bind>Comp:11-3-0 Comp:11-2-0 0.9MBps 41.5ms</bind>
  <bind>Comp:11-2-0 Comp:11-3-0 0.9MBps 41.5ms</bind>
  <bind>Comp:11-3-1 Comp:11-2-1 0.9MBps 41.5ms</bind>
  <bind>Comp:11-2-1 Comp:11-3-1 0.9MBps 41.5ms</bind>
  <bind>Comp:11-3-2 Comp:11-2-2 0.9MBps 41.5ms</bind>
  <bind>Comp:11-2-2 Comp:11-3-2 0.9MBps 41.5ms</bind>
  <bind>Comp:11-3-3 Comp:11-2-3 0.9MBps 41.5ms</bind>
  <bind>Comp:11-2-3 Comp:11-3-3 0.9MBps 41.5ms</bind>
  <bind>Comp:11-3-4 Comp:11-2-4 0.9MBps 41.5ms</bind>
  <bind>Comp:11-2-4 Comp:11-3-4 0.9MBps 41.5ms</bind>
  <bind>Comp:11-3-5 Comp:11-2-5 0.9MBps 41.5ms</bind>
  <bind>Comp:11-2-5 Comp:11-3-5 0.9MBps 41.5ms</bind>
  <bind>Comp:11-3-6 Comp:11-2-6 0.9MBps 41.5ms</bind>
  <bind>Comp:11-2-6 Comp:11-3-6 0.9MBps 41.5ms</bind>
  <bind>Comp:11-3-0 Comp:11-2-7 0.9MBps 41.5ms</bind>
  <bind>Comp:11-2-7 Comp:11-3-0 0.9MBps 41.5ms</bind>
  <bind>Comp:11-3-1 Comp:11-2-8 0.9MBps 41.5ms</bind>
  <bind>Comp:11-2-8 Comp:11-3-1 0.9MBps 41.5ms</bind>
  <bind>Comp:11-4-0 Comp:11-3-0 0.485MBps 37.5ms</bind>
  <bind>Comp:11-3-0 Comp:11-4-0 0.485MBps 37.5ms</bind>
  <bind>Comp:11-4-1 Comp:11-3-1 0.485MBps 37.5ms</bind>
  <bind>Comp:11-3-1 Comp:11-4-1 0.485MBps 37.5ms</bind>
  <bind>Comp:11-4-2 Comp:11-3-2 0.485MBps 37.5ms</bind>
  <bind>Comp:11-3-2 Comp:11-4-2 0.485MBps 37.5ms</bind>
  <bind>Comp:11-4-3 Comp:11-3-3 0.485MBps 37.5ms</bind>
  <bind>Comp:11-3-3 Comp:11-4-3 0.485MBps 37.5ms</bind>
  <bind>Comp:11-4-4 Comp:11-3-4 0.485MBps 37.5ms</bind>
  <bind>Comp:11-3-4 Comp:11-4-4 0.485MBps 37.5ms</bind>
  <bind>Comp:11-4-5 Comp:11-3-5 0.485MBps 37.5ms</bind>
  <bind>Comp:11-3-5 Comp:11-4-5 0.485MBps 37.5ms</bind>
  <bind>Comp:11-4-6 Comp:11-3-6 0.485MBps 37.5ms</bind>
  <bind>Comp:11-3-6 Comp:11-4-6 0.485MBps 37.5ms</bind>
  <bind>Comp:11-4-7 Comp:11-3-0 0.485MBps 37.5ms</bind>
  <bind>Comp:11-3-0 Comp:11-4-7 0.485MBps 37.5ms</bind>
  <bind>Comp:11-4-8 Comp:11-3-1 0.485MBps 37.5ms</bind>
  <bind>Comp:11-3-1 Comp:11-4-8 0.485MBps 37.5ms</bind>
  <bind>Comp:11-4-0 Appliance-203 0.169MBps 43.3ms</bind>
  <bind>Appliance-203 Comp:11-4-0 0.169MBps 43.3ms</bind>
  <bind>Comp:11-4-1 Appliance-349 0.169MBps 43.3ms</bind>
  <bind>Appliance-349 Comp:11-4-1 0.169MBps 43.3ms</bind>
  <bind>Comp:11-4-2 Appliance-361 0.169MBps 43.3ms</bind>
  <bind>Appliance-361 Comp:11-4-2 0.169MBps 43.3ms</bind>
  <bind>Comp:11-4-3 Appliance-145 0.169MBps 43.3ms</bind>
  <bind>Appliance-145 Comp:11-4-3 0.169MBps 43.3ms</bind>
  <bind>Comp:11-4-4 Appliance-203 0.169MBps 43.3ms</bind>
  <bind>Appliance-203 Comp:11-4-4 0.169MBps 43.3ms</bind>
  <bind>Comp:11-4-5 Appliance-302 0.169MBps 43.3ms</bind>
  <bind>Appliance-302 Comp:11-4-5 0.169MBps 43.3ms</bind>
  <bind>Comp:11-4-6 Appliance-108 0.169MBps 43.3ms</bind>
  <bind>Appliance-108 Comp:11-4-6 0.169MBps 43.3ms</bind>
  <bind>Comp:11-4-7 Appliance-94 0.169MBps 43.3ms</bind>
  <bind>Appliance-94 Comp:11-4-7 0.169MBps 43.3ms</bind>
  <bind>Comp:11-4-8 Appliance-408 0.169MBps 43.3ms</bind>
  <bind>Appliance-408 Comp:11-4-8 0.169MBps 43.3ms</bind>
</app>
<app>
  <id>App12</id>
<comp>
  <id>Comp:12-1-0</id>
  <CPU>0.922Gf</CPU>
  <RAM>0.268GB</RAM>
  <DISK>0.815GB</DISK>
</comp>
<comp>
  <id>Comp:12-1-1</id>
  <CPU>0.922Gf</CPU>
  <RAM>0.268GB</RAM>
  <DISK>0.815GB</DISK>
</comp>
<comp>
  <id>Comp:12-1-2</id>
  <CPU>0.922Gf</CPU>
  <RAM>0.268GB</RAM>
  <DISK>0.815GB</DISK>
</comp>
<comp>
  <id>Comp:12-1-3</id>
  <CPU>0.922Gf</CPU>
  <RAM>0.268GB</RAM>
  <DISK>0.815GB</DISK>
</comp>
<comp>
  <id>Comp:12-1-4</id>
  <CPU>0.922Gf</CPU>
  <RAM>0.268GB</RAM>
  <DISK>0.815GB</DISK>
</comp>
<comp>
  <id>Comp:12-1-5</id>
  <CPU>0.922Gf</CPU>
  <RAM>0.268GB</RAM>
  <DISK>0.815GB</DISK>
</comp>
<comp>
  <id>Comp:12-2-0</id>
  <CPU>0.541Gf</CPU>
  <RAM>0.215GB</RAM>
  <DISK>1.05GB</DISK>
</comp>
<comp>
  <id>Comp:12-2-1</id>
  <CPU>0.541Gf</CPU>
  <RAM>0.215GB</RAM>
  <DISK>1.05GB</DISK>
</comp>
<comp>
  <id>Comp:12-2-2</id>
  <CPU>0.541Gf</CPU>
  <RAM>0.215GB</RAM>
  <DISK>1.05GB</DISK>
</comp>
<comp>
  <id>Comp:12-2-3</id>
  <CPU>0.541Gf</CPU>
  <RAM>0.215GB</RAM>
  <DISK>1.05GB</DISK>
</comp>
<comp>
  <id>Comp:12-3-0</id>
  <CPU>0.549Gf</CPU>
  <RAM>0.114GB</RAM>
  <DISK>0.576GB</DISK>
</comp>
<comp>
  <id>Comp:12-3-1</id>
  <CPU>0.549Gf</CPU>
  <RAM>0.114GB</RAM>
  <DISK>0.576GB</DISK>
</comp>
<comp>
  <id>Comp:12-3-2</id>
  <CPU>0.549Gf</CPU>
  <RAM>0.114GB</RAM>
  <DISK>0.576GB</DISK>
</comp>
<comp>
  <id>Comp:12-3-3</id>
  <CPU>0.549Gf</CPU>
  <RAM>0.114GB</RAM>
  <DISK>0.576GB</DISK>
</comp>
<comp>
  <id>Comp:12-4-0</id>
  <CPU>0.716Gf</CPU>
  <RAM>0.632GB</RAM>
  <DISK>1.87GB</DISK>
</comp>
<comp>
  <id>Comp:12-4-1</id>
  <CPU>0.716Gf</CPU>
  <RAM>0.632GB</RAM>
  <DISK>1.87GB</DISK>
</comp>
<comp>
  <id>Comp:12-4-2</id>
  <CPU>0.716Gf</CPU>
  <RAM>0.632GB</RAM>
  <DISK>1.87GB</DISK>
</comp>
<comp>
  <id>Comp:12-4-3</id>
  <CPU>0.716Gf</CPU>
  <RAM>0.632GB</RAM>
  <DISK>1.87GB</DISK>
</comp>
<comp>
  <id>Comp:12-4-4</id>
  <CPU>0.716Gf</CPU>
  <RAM>0.632GB</RAM>
  <DISK>1.87GB</DISK>
</comp>
<comp>
  <id>Comp:12-4-5</id>
  <CPU>0.716Gf</CPU>
  <RAM>0.632GB</RAM>
  <DISK>1.87GB</DISK>
</comp>
<comp>
  <id>Comp:12-4-6</id>
  <CPU>0.716Gf</CPU>
  <RAM>0.632GB</RAM>
  <DISK>1.87GB</DISK>
</comp>
  <bind>Comp:12-1-0 Appliance-265 0.22MBps 32.0ms</bind>
  <bind>Appliance-265 Comp:12-1-0 0.22MBps 32.0ms</bind>
  <bind>Comp:12-1-1 Appliance-337 0.22MBps 32.0ms</bind>
  <bind>Appliance-337 Comp:12-1-1 0.22MBps 32.0ms</bind>
  <bind>Comp:12-1-2 Appliance-348 0.22MBps 32.0ms</bind>
  <bind>Appliance-348 Comp:12-1-2 0.22MBps 32.0ms</bind>
  <bind>Comp:12-1-3 Appliance-351 0.22MBps 32.0ms</bind>
  <bind>Appliance-351 Comp:12-1-3 0.22MBps 32.0ms</bind>
  <bind>Comp:12-1-4 Appliance-104 0.22MBps 32.0ms</bind>
  <bind>Appliance-104 Comp:12-1-4 0.22MBps 32.0ms</bind>
  <bind>Comp:12-1-5 Appliance-220 0.22MBps 32.0ms</bind>
  <bind>Appliance-220 Comp:12-1-5 0.22MBps 32.0ms</bind>
  <bind>Comp:12-1-0 Appliance-39 0.22MBps 32.0ms</bind>
  <bind>Appliance-39 Comp:12-1-0 0.22MBps 32.0ms</bind>
  <bind>Comp:12-1-1 Appliance-221 0.22MBps 32.0ms</bind>
  <bind>Appliance-221 Comp:12-1-1 0.22MBps 32.0ms</bind>
  <bind>Comp:12-2-0 Comp:12-1-0 0.675MBps 28.7ms</bind>
  <bind>Comp:12-1-0 Comp:12-2-0 0.675MBps 28.7ms</bind>
  <bind>Comp:12-2-1 Comp:12-1-1 0.675MBps 28.7ms</bind>
  <bind>Comp:12-1-1 Comp:12-2-1 0.675MBps 28.7ms</bind>
  <bind>Comp:12-2-2 Comp:12-1-2 0.675MBps 28.7ms</bind>
  <bind>Comp:12-1-2 Comp:12-2-2 0.675MBps 28.7ms</bind>
  <bind>Comp:12-2-3 Comp:12-1-3 0.675MBps 28.7ms</bind>
  <bind>Comp:12-1-3 Comp:12-2-3 0.675MBps 28.7ms</bind>
  <bind>Comp:12-2-0 Comp:12-1-4 0.675MBps 28.7ms</bind>
  <bind>Comp:12-1-4 Comp:12-2-0 0.675MBps 28.7ms</bind>
  <bind>Comp:12-2-1 Comp:12-1-5 0.675MBps 28.7ms</bind>
  <bind>Comp:12-1-5 Comp:12-2-1 0.675MBps 28.7ms</bind>
  <bind>Comp:12-3-0 Comp:12-2-0 0.597MBps 43.5ms</bind>
  <bind>Comp:12-2-0 Comp:12-3-0 0.597MBps 43.5ms</bind>
  <bind>Comp:12-3-1 Comp:12-2-1 0.597MBps 43.5ms</bind>
  <bind>Comp:12-2-1 Comp:12-3-1 0.597MBps 43.5ms</bind>
  <bind>Comp:12-3-2 Comp:12-2-2 0.597MBps 43.5ms</bind>
  <bind>Comp:12-2-2 Comp:12-3-2 0.597MBps 43.5ms</bind>
  <bind>Comp:12-3-3 Comp:12-2-3 0.597MBps 43.5ms</bind>
  <bind>Comp:12-2-3 Comp:12-3-3 0.597MBps 43.5ms</bind>
  <bind>Comp:12-3-0 Comp:12-4-0 0.805MBps 45.1ms</bind>
  <bind>Comp:12-4-0 Comp:12-3-0 0.805MBps 45.1ms</bind>
  <bind>Comp:12-3-1 Comp:12-4-1 0.805MBps 45.1ms</bind>
  <bind>Comp:12-4-1 Comp:12-3-1 0.805MBps 45.1ms</bind>
  <bind>Comp:12-3-2 Comp:12-4-2 0.805MBps 45.1ms</bind>
  <bind>Comp:12-4-2 Comp:12-3-2 0.805MBps 45.1ms</bind>
  <bind>Comp:12-3-3 Comp:12-4-3 0.805MBps 45.1ms</bind>
  <bind>Comp:12-4-3 Comp:12-3-3 0.805MBps 45.1ms</bind>
  <bind>Comp:12-3-0 Comp:12-4-4 0.805MBps 45.1ms</bind>
  <bind>Comp:12-4-4 Comp:12-3-0 0.805MBps 45.1ms</bind>
  <bind>Comp:12-3-1 Comp:12-4-5 0.805MBps 45.1ms</bind>
  <bind>Comp:12-4-5 Comp:12-3-1 0.805MBps 45.1ms</bind>
  <bind>Comp:12-3-2 Comp:12-4-6 0.805MBps 45.1ms</bind>
  <bind>Comp:12-4-6 Comp:12-3-2 0.805MBps 45.1ms</bind>
</app>
<app>
  <id>App13</id>
<comp>
  <id>Comp:13-1-0</id>
  <CPU>0.777Gf</CPU>
  <RAM>0.787GB</RAM>
  <DISK>1.86GB</DISK>
</comp>
<comp>
  <id>Comp:13-1-1</id>
  <CPU>0.777Gf</CPU>
  <RAM>0.787GB</RAM>
  <DISK>1.86GB</DISK>
</comp>
<comp>
  <id>Comp:13-1-2</id>
  <CPU>0.777Gf</CPU>
  <RAM>0.787GB</RAM>
  <DISK>1.86GB</DISK>
</comp>
<comp>
  <id>Comp:13-1-3</id>
  <CPU>0.777Gf</CPU>
  <RAM>0.787GB</RAM>
  <DISK>1.86GB</DISK>
</comp>
<comp>
  <id>Comp:13-1-4</id>
  <CPU>0.777Gf</CPU>
  <RAM>0.787GB</RAM>
  <DISK>1.86GB</DISK>
</comp>
<comp>
  <id>Comp:13-2-0</id>
  <CPU>0.918Gf</CPU>
  <RAM>0.413GB</RAM>
  <DISK>0.547GB</DISK>
</comp>
<comp>
  <id>Comp:13-2-1</id>
  <CPU>0.918Gf</CPU>
  <RAM>0.413GB</RAM>
  <DISK>0.547GB</DISK>
</comp>
<comp>
  <id>Comp:13-2-2</id>
  <CPU>0.918Gf</CPU>
  <RAM>0.413GB</RAM>
  <DISK>0.547GB</DISK>
</comp>
<comp>
  <id>Comp:13-2-3</id>
  <CPU>0.918Gf</CPU>
  <RAM>0.413GB</RAM>
  <DISK>0.547GB</DISK>
</comp>
<comp>
  <id>Comp:13-2-4</id>
  <CPU>0.918Gf</CPU>
  <RAM>0.413GB</RAM>
  <DISK>0.547GB</DISK>
</comp>
<comp>
  <id>Comp:13-2-5</id>
  <CPU>0.918Gf</CPU>
  <RAM>0.413GB</RAM>
  <DISK>0.547GB</DISK>
</comp>
<comp>
  <id>Comp:13-2-6</id>
  <CPU>0.918Gf</CPU>
  <RAM>0.413GB</RAM>
  <DISK>0.547GB</DISK>
</comp>
<comp>
  <id>Comp:13-2-7</id>
  <CPU>0.918Gf</CPU>
  <RAM>0.413GB</RAM>
  <DISK>0.547GB</DISK>
</comp>
<comp>
  <id>Comp:13-2-8</id>
  <CPU>0.918Gf</CPU>
  <RAM>0.413GB</RAM>
  <DISK>0.547GB</DISK>
</comp>
  <bind>Comp:13-1-0 Appliance-85 0.112MBps 29.3ms</bind>
  <bind>Appliance-85 Comp:13-1-0 0.112MBps 29.3ms</bind>
  <bind>Comp:13-1-1 Appliance-284 0.112MBps 29.3ms</bind>
  <bind>Appliance-284 Comp:13-1-1 0.112MBps 29.3ms</bind>
  <bind>Comp:13-1-2 Appliance-184 0.112MBps 29.3ms</bind>
  <bind>Appliance-184 Comp:13-1-2 0.112MBps 29.3ms</bind>
  <bind>Comp:13-1-3 Appliance-164 0.112MBps 29.3ms</bind>
  <bind>Appliance-164 Comp:13-1-3 0.112MBps 29.3ms</bind>
  <bind>Comp:13-1-4 Appliance-186 0.112MBps 29.3ms</bind>
  <bind>Appliance-186 Comp:13-1-4 0.112MBps 29.3ms</bind>
  <bind>Comp:13-1-0 Appliance-231 0.112MBps 29.3ms</bind>
  <bind>Appliance-231 Comp:13-1-0 0.112MBps 29.3ms</bind>
  <bind>Comp:13-1-0 Comp:13-2-0 0.253MBps 44.4ms</bind>
  <bind>Comp:13-2-0 Comp:13-1-0 0.253MBps 44.4ms</bind>
  <bind>Comp:13-1-1 Comp:13-2-1 0.253MBps 44.4ms</bind>
  <bind>Comp:13-2-1 Comp:13-1-1 0.253MBps 44.4ms</bind>
  <bind>Comp:13-1-2 Comp:13-2-2 0.253MBps 44.4ms</bind>
  <bind>Comp:13-2-2 Comp:13-1-2 0.253MBps 44.4ms</bind>
  <bind>Comp:13-1-3 Comp:13-2-3 0.253MBps 44.4ms</bind>
  <bind>Comp:13-2-3 Comp:13-1-3 0.253MBps 44.4ms</bind>
  <bind>Comp:13-1-4 Comp:13-2-4 0.253MBps 44.4ms</bind>
  <bind>Comp:13-2-4 Comp:13-1-4 0.253MBps 44.4ms</bind>
  <bind>Comp:13-1-0 Comp:13-2-5 0.253MBps 44.4ms</bind>
  <bind>Comp:13-2-5 Comp:13-1-0 0.253MBps 44.4ms</bind>
  <bind>Comp:13-1-1 Comp:13-2-6 0.253MBps 44.4ms</bind>
  <bind>Comp:13-2-6 Comp:13-1-1 0.253MBps 44.4ms</bind>
  <bind>Comp:13-1-2 Comp:13-2-7 0.253MBps 44.4ms</bind>
  <bind>Comp:13-2-7 Comp:13-1-2 0.253MBps 44.4ms</bind>
  <bind>Comp:13-1-3 Comp:13-2-8 0.253MBps 44.4ms</bind>
  <bind>Comp:13-2-8 Comp:13-1-3 0.253MBps 44.4ms</bind>
</app>
<app>
  <id>App14</id>
<comp>
  <id>Comp:14-0-0</id>
  <CPU>0.77Gf</CPU>
  <RAM>0.878GB</RAM>
  <DISK>0.365GB</DISK>
</comp>
<comp>
  <id>Comp:14-0-1</id>
  <CPU>0.77Gf</CPU>
  <RAM>0.878GB</RAM>
  <DISK>0.365GB</DISK>
</comp>
<comp>
  <id>Comp:14-0-2</id>
  <CPU>0.77Gf</CPU>
  <RAM>0.878GB</RAM>
  <DISK>0.365GB</DISK>
</comp>
<comp>
  <id>Comp:14-0-3</id>
  <CPU>0.77Gf</CPU>
  <RAM>0.878GB</RAM>
  <DISK>0.365GB</DISK>
</comp>
<comp>
  <id>Comp:14-0-4</id>
  <CPU>0.77Gf</CPU>
  <RAM>0.878GB</RAM>
  <DISK>0.365GB</DISK>
</comp>
<comp>
  <id>Comp:14-0-5</id>
  <CPU>0.77Gf</CPU>
  <RAM>0.878GB</RAM>
  <DISK>0.365GB</DISK>
</comp>
<comp>
  <id>Comp:14-0-6</id>
  <CPU>0.77Gf</CPU>
  <RAM>0.878GB</RAM>
  <DISK>0.365GB</DISK>
</comp>
<comp>
  <id>Comp:14-0-7</id>
  <CPU>0.77Gf</CPU>
  <RAM>0.878GB</RAM>
  <DISK>0.365GB</DISK>
</comp>
<comp>
  <id>Comp:14-1-0</id>
  <CPU>0.206Gf</CPU>
  <RAM>0.977GB</RAM>
  <DISK>1.92GB</DISK>
</comp>
<comp>
  <id>Comp:14-2-0</id>
  <CPU>0.983Gf</CPU>
  <RAM>0.201GB</RAM>
  <DISK>0.725GB</DISK>
</comp>
<comp>
  <id>Comp:14-3-0</id>
  <CPU>0.689Gf</CPU>
  <RAM>0.408GB</RAM>
  <DISK>0.0574GB</DISK>
</comp>
<comp>
  <id>Comp:14-3-1</id>
  <CPU>0.689Gf</CPU>
  <RAM>0.408GB</RAM>
  <DISK>0.0574GB</DISK>
</comp>
<comp>
  <id>Comp:14-3-2</id>
  <CPU>0.689Gf</CPU>
  <RAM>0.408GB</RAM>
  <DISK>0.0574GB</DISK>
</comp>
<comp>
  <id>Comp:14-4-0</id>
  <CPU>0.626Gf</CPU>
  <RAM>0.548GB</RAM>
  <DISK>1.6GB</DISK>
</comp>
<comp>
  <id>Comp:14-4-1</id>
  <CPU>0.626Gf</CPU>
  <RAM>0.548GB</RAM>
  <DISK>1.6GB</DISK>
</comp>
<comp>
  <id>Comp:14-4-2</id>
  <CPU>0.626Gf</CPU>
  <RAM>0.548GB</RAM>
  <DISK>1.6GB</DISK>
</comp>
<comp>
  <id>Comp:14-4-3</id>
  <CPU>0.626Gf</CPU>
  <RAM>0.548GB</RAM>
  <DISK>1.6GB</DISK>
</comp>
<comp>
  <id>Comp:14-4-4</id>
  <CPU>0.626Gf</CPU>
  <RAM>0.548GB</RAM>
  <DISK>1.6GB</DISK>
</comp>
<comp>
  <id>Comp:14-4-5</id>
  <CPU>0.626Gf</CPU>
  <RAM>0.548GB</RAM>
  <DISK>1.6GB</DISK>
</comp>
<comp>
  <id>Comp:14-4-6</id>
  <CPU>0.626Gf</CPU>
  <RAM>0.548GB</RAM>
  <DISK>1.6GB</DISK>
</comp>
  <bind>Comp:14-1-0 Comp:14-0-0 0.13MBps 32.2ms</bind>
  <bind>Comp:14-0-0 Comp:14-1-0 0.13MBps 32.2ms</bind>
  <bind>Comp:14-1-0 Comp:14-0-1 0.13MBps 32.2ms</bind>
  <bind>Comp:14-0-1 Comp:14-1-0 0.13MBps 32.2ms</bind>
  <bind>Comp:14-1-0 Comp:14-0-2 0.13MBps 32.2ms</bind>
  <bind>Comp:14-0-2 Comp:14-1-0 0.13MBps 32.2ms</bind>
  <bind>Comp:14-1-0 Comp:14-0-3 0.13MBps 32.2ms</bind>
  <bind>Comp:14-0-3 Comp:14-1-0 0.13MBps 32.2ms</bind>
  <bind>Comp:14-1-0 Comp:14-0-4 0.13MBps 32.2ms</bind>
  <bind>Comp:14-0-4 Comp:14-1-0 0.13MBps 32.2ms</bind>
  <bind>Comp:14-1-0 Comp:14-0-5 0.13MBps 32.2ms</bind>
  <bind>Comp:14-0-5 Comp:14-1-0 0.13MBps 32.2ms</bind>
  <bind>Comp:14-1-0 Comp:14-0-6 0.13MBps 32.2ms</bind>
  <bind>Comp:14-0-6 Comp:14-1-0 0.13MBps 32.2ms</bind>
  <bind>Comp:14-1-0 Comp:14-0-7 0.13MBps 32.2ms</bind>
  <bind>Comp:14-0-7 Comp:14-1-0 0.13MBps 32.2ms</bind>
  <bind>Comp:14-2-0 Comp:14-1-0 0.755MBps 33.8ms</bind>
  <bind>Comp:14-1-0 Comp:14-2-0 0.755MBps 33.8ms</bind>
  <bind>Comp:14-3-0 Comp:14-2-0 0.237MBps 33.9ms</bind>
  <bind>Comp:14-2-0 Comp:14-3-0 0.237MBps 33.9ms</bind>
  <bind>Comp:14-3-1 Comp:14-2-0 0.237MBps 33.9ms</bind>
  <bind>Comp:14-2-0 Comp:14-3-1 0.237MBps 33.9ms</bind>
  <bind>Comp:14-3-2 Comp:14-2-0 0.237MBps 33.9ms</bind>
  <bind>Comp:14-2-0 Comp:14-3-2 0.237MBps 33.9ms</bind>
  <bind>Comp:14-4-0 Comp:14-3-0 0.718MBps 36.0ms</bind>
  <bind>Comp:14-3-0 Comp:14-4-0 0.718MBps 36.0ms</bind>
  <bind>Comp:14-4-1 Comp:14-3-1 0.718MBps 36.0ms</bind>
  <bind>Comp:14-3-1 Comp:14-4-1 0.718MBps 36.0ms</bind>
  <bind>Comp:14-4-2 Comp:14-3-2 0.718MBps 36.0ms</bind>
  <bind>Comp:14-3-2 Comp:14-4-2 0.718MBps 36.0ms</bind>
  <bind>Comp:14-4-3 Comp:14-3-0 0.718MBps 36.0ms</bind>
  <bind>Comp:14-3-0 Comp:14-4-3 0.718MBps 36.0ms</bind>
  <bind>Comp:14-4-4 Comp:14-3-1 0.718MBps 36.0ms</bind>
  <bind>Comp:14-3-1 Comp:14-4-4 0.718MBps 36.0ms</bind>
  <bind>Comp:14-4-5 Comp:14-3-2 0.718MBps 36.0ms</bind>
  <bind>Comp:14-3-2 Comp:14-4-5 0.718MBps 36.0ms</bind>
  <bind>Comp:14-4-6 Comp:14-3-0 0.718MBps 36.0ms</bind>
  <bind>Comp:14-3-0 Comp:14-4-6 0.718MBps 36.0ms</bind>
  <bind>Comp:14-4-0 Appliance-30 0.0923MBps 43.9ms</bind>
  <bind>Appliance-30 Comp:14-4-0 0.0923MBps 43.9ms</bind>
  <bind>Comp:14-4-1 Appliance-149 0.0923MBps 43.9ms</bind>
  <bind>Appliance-149 Comp:14-4-1 0.0923MBps 43.9ms</bind>
  <bind>Comp:14-4-2 Appliance-28 0.0923MBps 43.9ms</bind>
  <bind>Appliance-28 Comp:14-4-2 0.0923MBps 43.9ms</bind>
  <bind>Comp:14-4-3 Appliance-191 0.0923MBps 43.9ms</bind>
  <bind>Appliance-191 Comp:14-4-3 0.0923MBps 43.9ms</bind>
  <bind>Comp:14-4-4 Appliance-449 0.0923MBps 43.9ms</bind>
  <bind>Appliance-449 Comp:14-4-4 0.0923MBps 43.9ms</bind>
  <bind>Comp:14-4-5 Appliance-30 0.0923MBps 43.9ms</bind>
  <bind>Appliance-30 Comp:14-4-5 0.0923MBps 43.9ms</bind>
  <bind>Comp:14-4-6 Appliance-149 0.0923MBps 43.9ms</bind>
  <bind>Appliance-149 Comp:14-4-6 0.0923MBps 43.9ms</bind>
</app>
<app>
  <id>App15</id>
<comp>
  <id>Comp:15-0-0</id>
  <CPU>0.793Gf</CPU>
  <RAM>0.28GB</RAM>
  <DISK>1.52GB</DISK>
</comp>
<comp>
  <id>Comp:15-0-1</id>
  <CPU>0.793Gf</CPU>
  <RAM>0.28GB</RAM>
  <DISK>1.52GB</DISK>
</comp>
<comp>
  <id>Comp:15-0-2</id>
  <CPU>0.793Gf</CPU>
  <RAM>0.28GB</RAM>
  <DISK>1.52GB</DISK>
</comp>
<comp>
  <id>Comp:15-1-0</id>
  <CPU>0.808Gf</CPU>
  <RAM>0.277GB</RAM>
  <DISK>1.17GB</DISK>
</comp>
<comp>
  <id>Comp:15-1-1</id>
  <CPU>0.808Gf</CPU>
  <RAM>0.277GB</RAM>
  <DISK>1.17GB</DISK>
</comp>
<comp>
  <id>Comp:15-1-2</id>
  <CPU>0.808Gf</CPU>
  <RAM>0.277GB</RAM>
  <DISK>1.17GB</DISK>
</comp>
<comp>
  <id>Comp:15-1-3</id>
  <CPU>0.808Gf</CPU>
  <RAM>0.277GB</RAM>
  <DISK>1.17GB</DISK>
</comp>
<comp>
  <id>Comp:15-1-4</id>
  <CPU>0.808Gf</CPU>
  <RAM>0.277GB</RAM>
  <DISK>1.17GB</DISK>
</comp>
<comp>
  <id>Comp:15-1-5</id>
  <CPU>0.808Gf</CPU>
  <RAM>0.277GB</RAM>
  <DISK>1.17GB</DISK>
</comp>
<comp>
  <id>Comp:15-1-6</id>
  <CPU>0.808Gf</CPU>
  <RAM>0.277GB</RAM>
  <DISK>1.17GB</DISK>
</comp>
<comp>
  <id>Comp:15-1-7</id>
  <CPU>0.808Gf</CPU>
  <RAM>0.277GB</RAM>
  <DISK>1.17GB</DISK>
</comp>
<comp>
  <id>Comp:15-1-8</id>
  <CPU>0.808Gf</CPU>
  <RAM>0.277GB</RAM>
  <DISK>1.17GB</DISK>
</comp>
<comp>
  <id>Comp:15-2-0</id>
  <CPU>0.362Gf</CPU>
  <RAM>0.103GB</RAM>
  <DISK>0.368GB</DISK>
</comp>
<comp>
  <id>Comp:15-2-1</id>
  <CPU>0.362Gf</CPU>
  <RAM>0.103GB</RAM>
  <DISK>0.368GB</DISK>
</comp>
<comp>
  <id>Comp:15-2-2</id>
  <CPU>0.362Gf</CPU>
  <RAM>0.103GB</RAM>
  <DISK>0.368GB</DISK>
</comp>
<comp>
  <id>Comp:15-2-3</id>
  <CPU>0.362Gf</CPU>
  <RAM>0.103GB</RAM>
  <DISK>0.368GB</DISK>
</comp>
<comp>
  <id>Comp:15-2-4</id>
  <CPU>0.362Gf</CPU>
  <RAM>0.103GB</RAM>
  <DISK>0.368GB</DISK>
</comp>
<comp>
  <id>Comp:15-2-5</id>
  <CPU>0.362Gf</CPU>
  <RAM>0.103GB</RAM>
  <DISK>0.368GB</DISK>
</comp>
<comp>
  <id>Comp:15-3-0</id>
  <CPU>0.168Gf</CPU>
  <RAM>0.564GB</RAM>
  <DISK>0.567GB</DISK>
</comp>
<comp>
  <id>Comp:15-3-1</id>
  <CPU>0.168Gf</CPU>
  <RAM>0.564GB</RAM>
  <DISK>0.567GB</DISK>
</comp>
<comp>
  <id>Comp:15-3-2</id>
  <CPU>0.168Gf</CPU>
  <RAM>0.564GB</RAM>
  <DISK>0.567GB</DISK>
</comp>
<comp>
  <id>Comp:15-3-3</id>
  <CPU>0.168Gf</CPU>
  <RAM>0.564GB</RAM>
  <DISK>0.567GB</DISK>
</comp>
<comp>
  <id>Comp:15-3-4</id>
  <CPU>0.168Gf</CPU>
  <RAM>0.564GB</RAM>
  <DISK>0.567GB</DISK>
</comp>
<comp>
  <id>Comp:15-4-0</id>
  <CPU>0.931Gf</CPU>
  <RAM>0.114GB</RAM>
  <DISK>1.31GB</DISK>
</comp>
<comp>
  <id>Comp:15-5-0</id>
  <CPU>0.574Gf</CPU>
  <RAM>0.253GB</RAM>
  <DISK>0.105GB</DISK>
</comp>
<comp>
  <id>Comp:15-5-1</id>
  <CPU>0.574Gf</CPU>
  <RAM>0.253GB</RAM>
  <DISK>0.105GB</DISK>
</comp>
<comp>
  <id>Comp:15-5-2</id>
  <CPU>0.574Gf</CPU>
  <RAM>0.253GB</RAM>
  <DISK>0.105GB</DISK>
</comp>
<comp>
  <id>Comp:15-5-3</id>
  <CPU>0.574Gf</CPU>
  <RAM>0.253GB</RAM>
  <DISK>0.105GB</DISK>
</comp>
<comp>
  <id>Comp:15-5-4</id>
  <CPU>0.574Gf</CPU>
  <RAM>0.253GB</RAM>
  <DISK>0.105GB</DISK>
</comp>
<comp>
  <id>Comp:15-5-5</id>
  <CPU>0.574Gf</CPU>
  <RAM>0.253GB</RAM>
  <DISK>0.105GB</DISK>
</comp>
<comp>
  <id>Comp:15-5-6</id>
  <CPU>0.574Gf</CPU>
  <RAM>0.253GB</RAM>
  <DISK>0.105GB</DISK>
</comp>
<comp>
  <id>Comp:15-5-7</id>
  <CPU>0.574Gf</CPU>
  <RAM>0.253GB</RAM>
  <DISK>0.105GB</DISK>
</comp>
  <bind>Comp:15-1-0 Comp:15-0-0 0.0133MBps 49.5ms</bind>
  <bind>Comp:15-0-0 Comp:15-1-0 0.0133MBps 49.5ms</bind>
  <bind>Comp:15-1-1 Comp:15-0-1 0.0133MBps 49.5ms</bind>
  <bind>Comp:15-0-1 Comp:15-1-1 0.0133MBps 49.5ms</bind>
  <bind>Comp:15-1-2 Comp:15-0-2 0.0133MBps 49.5ms</bind>
  <bind>Comp:15-0-2 Comp:15-1-2 0.0133MBps 49.5ms</bind>
  <bind>Comp:15-1-3 Comp:15-0-0 0.0133MBps 49.5ms</bind>
  <bind>Comp:15-0-0 Comp:15-1-3 0.0133MBps 49.5ms</bind>
  <bind>Comp:15-1-4 Comp:15-0-1 0.0133MBps 49.5ms</bind>
  <bind>Comp:15-0-1 Comp:15-1-4 0.0133MBps 49.5ms</bind>
  <bind>Comp:15-1-5 Comp:15-0-2 0.0133MBps 49.5ms</bind>
  <bind>Comp:15-0-2 Comp:15-1-5 0.0133MBps 49.5ms</bind>
  <bind>Comp:15-1-6 Comp:15-0-0 0.0133MBps 49.5ms</bind>
  <bind>Comp:15-0-0 Comp:15-1-6 0.0133MBps 49.5ms</bind>
  <bind>Comp:15-1-7 Comp:15-0-1 0.0133MBps 49.5ms</bind>
  <bind>Comp:15-0-1 Comp:15-1-7 0.0133MBps 49.5ms</bind>
  <bind>Comp:15-1-8 Comp:15-0-2 0.0133MBps 49.5ms</bind>
  <bind>Comp:15-0-2 Comp:15-1-8 0.0133MBps 49.5ms</bind>
  <bind>Comp:15-2-0 Comp:15-1-0 0.345MBps 34.8ms</bind>
  <bind>Comp:15-1-0 Comp:15-2-0 0.345MBps 34.8ms</bind>
  <bind>Comp:15-2-1 Comp:15-1-1 0.345MBps 34.8ms</bind>
  <bind>Comp:15-1-1 Comp:15-2-1 0.345MBps 34.8ms</bind>
  <bind>Comp:15-2-2 Comp:15-1-2 0.345MBps 34.8ms</bind>
  <bind>Comp:15-1-2 Comp:15-2-2 0.345MBps 34.8ms</bind>
  <bind>Comp:15-2-3 Comp:15-1-3 0.345MBps 34.8ms</bind>
  <bind>Comp:15-1-3 Comp:15-2-3 0.345MBps 34.8ms</bind>
  <bind>Comp:15-2-4 Comp:15-1-4 0.345MBps 34.8ms</bind>
  <bind>Comp:15-1-4 Comp:15-2-4 0.345MBps 34.8ms</bind>
  <bind>Comp:15-2-5 Comp:15-1-5 0.345MBps 34.8ms</bind>
  <bind>Comp:15-1-5 Comp:15-2-5 0.345MBps 34.8ms</bind>
  <bind>Comp:15-2-0 Comp:15-1-6 0.345MBps 34.8ms</bind>
  <bind>Comp:15-1-6 Comp:15-2-0 0.345MBps 34.8ms</bind>
  <bind>Comp:15-2-1 Comp:15-1-7 0.345MBps 34.8ms</bind>
  <bind>Comp:15-1-7 Comp:15-2-1 0.345MBps 34.8ms</bind>
  <bind>Comp:15-2-2 Comp:15-1-8 0.345MBps 34.8ms</bind>
  <bind>Comp:15-1-8 Comp:15-2-2 0.345MBps 34.8ms</bind>
  <bind>Comp:15-3-0 Comp:15-2-0 0.398MBps 43.0ms</bind>
  <bind>Comp:15-2-0 Comp:15-3-0 0.398MBps 43.0ms</bind>
  <bind>Comp:15-3-1 Comp:15-2-1 0.398MBps 43.0ms</bind>
  <bind>Comp:15-2-1 Comp:15-3-1 0.398MBps 43.0ms</bind>
  <bind>Comp:15-3-2 Comp:15-2-2 0.398MBps 43.0ms</bind>
  <bind>Comp:15-2-2 Comp:15-3-2 0.398MBps 43.0ms</bind>
  <bind>Comp:15-3-3 Comp:15-2-3 0.398MBps 43.0ms</bind>
  <bind>Comp:15-2-3 Comp:15-3-3 0.398MBps 43.0ms</bind>
  <bind>Comp:15-3-4 Comp:15-2-4 0.398MBps 43.0ms</bind>
  <bind>Comp:15-2-4 Comp:15-3-4 0.398MBps 43.0ms</bind>
  <bind>Comp:15-3-0 Comp:15-2-5 0.398MBps 43.0ms</bind>
  <bind>Comp:15-2-5 Comp:15-3-0 0.398MBps 43.0ms</bind>
  <bind>Comp:15-4-0 Comp:15-3-0 0.26MBps 35.6ms</bind>
  <bind>Comp:15-3-0 Comp:15-4-0 0.26MBps 35.6ms</bind>
  <bind>Comp:15-4-0 Comp:15-3-1 0.26MBps 35.6ms</bind>
  <bind>Comp:15-3-1 Comp:15-4-0 0.26MBps 35.6ms</bind>
  <bind>Comp:15-4-0 Comp:15-3-2 0.26MBps 35.6ms</bind>
  <bind>Comp:15-3-2 Comp:15-4-0 0.26MBps 35.6ms</bind>
  <bind>Comp:15-4-0 Comp:15-3-3 0.26MBps 35.6ms</bind>
  <bind>Comp:15-3-3 Comp:15-4-0 0.26MBps 35.6ms</bind>
  <bind>Comp:15-4-0 Comp:15-3-4 0.26MBps 35.6ms</bind>
  <bind>Comp:15-3-4 Comp:15-4-0 0.26MBps 35.6ms</bind>
  <bind>Comp:15-5-0 Comp:15-4-0 0.263MBps 41.7ms</bind>
  <bind>Comp:15-4-0 Comp:15-5-0 0.263MBps 41.7ms</bind>
  <bind>Comp:15-5-1 Comp:15-4-0 0.263MBps 41.7ms</bind>
  <bind>Comp:15-4-0 Comp:15-5-1 0.263MBps 41.7ms</bind>
  <bind>Comp:15-5-2 Comp:15-4-0 0.263MBps 41.7ms</bind>
  <bind>Comp:15-4-0 Comp:15-5-2 0.263MBps 41.7ms</bind>
  <bind>Comp:15-5-3 Comp:15-4-0 0.263MBps 41.7ms</bind>
  <bind>Comp:15-4-0 Comp:15-5-3 0.263MBps 41.7ms</bind>
  <bind>Comp:15-5-4 Comp:15-4-0 0.263MBps 41.7ms</bind>
  <bind>Comp:15-4-0 Comp:15-5-4 0.263MBps 41.7ms</bind>
  <bind>Comp:15-5-5 Comp:15-4-0 0.263MBps 41.7ms</bind>
  <bind>Comp:15-4-0 Comp:15-5-5 0.263MBps 41.7ms</bind>
  <bind>Comp:15-5-6 Comp:15-4-0 0.263MBps 41.7ms</bind>
  <bind>Comp:15-4-0 Comp:15-5-6 0.263MBps 41.7ms</bind>
  <bind>Comp:15-5-7 Comp:15-4-0 0.263MBps 41.7ms</bind>
  <bind>Comp:15-4-0 Comp:15-5-7 0.263MBps 41.7ms</bind>
  <bind>Comp:15-5-0 Appliance-440 0.609MBps 38.1ms</bind>
  <bind>Appliance-440 Comp:15-5-0 0.609MBps 38.1ms</bind>
  <bind>Comp:15-5-1 Appliance-279 0.609MBps 38.1ms</bind>
  <bind>Appliance-279 Comp:15-5-1 0.609MBps 38.1ms</bind>
  <bind>Comp:15-5-2 Appliance-458 0.609MBps 38.1ms</bind>
  <bind>Appliance-458 Comp:15-5-2 0.609MBps 38.1ms</bind>
  <bind>Comp:15-5-3 Appliance-440 0.609MBps 38.1ms</bind>
  <bind>Appliance-440 Comp:15-5-3 0.609MBps 38.1ms</bind>
  <bind>Comp:15-5-4 Appliance-279 0.609MBps 38.1ms</bind>
  <bind>Appliance-279 Comp:15-5-4 0.609MBps 38.1ms</bind>
  <bind>Comp:15-5-5 Appliance-458 0.609MBps 38.1ms</bind>
  <bind>Appliance-458 Comp:15-5-5 0.609MBps 38.1ms</bind>
  <bind>Comp:15-5-6 Appliance-440 0.609MBps 38.1ms</bind>
  <bind>Appliance-440 Comp:15-5-6 0.609MBps 38.1ms</bind>
  <bind>Comp:15-5-7 Appliance-279 0.609MBps 38.1ms</bind>
  <bind>Appliance-279 Comp:15-5-7 0.609MBps 38.1ms</bind>
</app>
</apps>
