<?xml version="1.0"?>
<apps>
<app>
  <id>App1</id>
<comp>
  <id>Comp:1-1-0</id>
  <CPU>0.366Gf</CPU>
  <RAM>0.703GB</RAM>
  <DISK>0.789GB</DISK>
</comp>
<comp>
  <id>Comp:1-1-1</id>
  <CPU>0.366Gf</CPU>
  <RAM>0.703GB</RAM>
  <DISK>0.789GB</DISK>
</comp>
<comp>
  <id>Comp:1-1-2</id>
  <CPU>0.366Gf</CPU>
  <RAM>0.703GB</RAM>
  <DISK>0.789GB</DISK>
</comp>
<comp>
  <id>Comp:1-1-3</id>
  <CPU>0.366Gf</CPU>
  <RAM>0.703GB</RAM>
  <DISK>0.789GB</DISK>
</comp>
<comp>
  <id>Comp:1-1-4</id>
  <CPU>0.366Gf</CPU>
  <RAM>0.703GB</RAM>
  <DISK>0.789GB</DISK>
</comp>
<comp>
  <id>Comp:1-2-0</id>
  <CPU>0.571Gf</CPU>
  <RAM>0.188GB</RAM>
  <DISK>0.818GB</DISK>
</comp>
<comp>
  <id>Comp:1-2-1</id>
  <CPU>0.571Gf</CPU>
  <RAM>0.188GB</RAM>
  <DISK>0.818GB</DISK>
</comp>
<comp>
  <id>Comp:1-2-2</id>
  <CPU>0.571Gf</CPU>
  <RAM>0.188GB</RAM>
  <DISK>0.818GB</DISK>
</comp>
<comp>
  <id>Comp:1-3-0</id>
  <CPU>0.203Gf</CPU>
  <RAM>0.696GB</RAM>
  <DISK>0.415GB</DISK>
</comp>
<comp>
  <id>Comp:1-3-1</id>
  <CPU>0.203Gf</CPU>
  <RAM>0.696GB</RAM>
  <DISK>0.415GB</DISK>
</comp>
<comp>
  <id>Comp:1-3-2</id>
  <CPU>0.203Gf</CPU>
  <RAM>0.696GB</RAM>
  <DISK>0.415GB</DISK>
</comp>
<comp>
  <id>Comp:1-3-3</id>
  <CPU>0.203Gf</CPU>
  <RAM>0.696GB</RAM>
  <DISK>0.415GB</DISK>
</comp>
<comp>
  <id>Comp:1-4-0</id>
  <CPU>0.756Gf</CPU>
  <RAM>0.791GB</RAM>
  <DISK>1.41GB</DISK>
</comp>
<comp>
  <id>Comp:1-4-1</id>
  <CPU>0.756Gf</CPU>
  <RAM>0.791GB</RAM>
  <DISK>1.41GB</DISK>
</comp>
<comp>
  <id>Comp:1-4-2</id>
  <CPU>0.756Gf</CPU>
  <RAM>0.791GB</RAM>
  <DISK>1.41GB</DISK>
</comp>
<comp>
  <id>Comp:1-4-3</id>
  <CPU>0.756Gf</CPU>
  <RAM>0.791GB</RAM>
  <DISK>1.41GB</DISK>
</comp>
<comp>
  <id>Comp:1-4-4</id>
  <CPU>0.756Gf</CPU>
  <RAM>0.791GB</RAM>
  <DISK>1.41GB</DISK>
</comp>
<comp>
  <id>Comp:1-4-5</id>
  <CPU>0.756Gf</CPU>
  <RAM>0.791GB</RAM>
  <DISK>1.41GB</DISK>
</comp>
<comp>
  <id>Comp:1-4-6</id>
  <CPU>0.756Gf</CPU>
  <RAM>0.791GB</RAM>
  <DISK>1.41GB</DISK>
</comp>
<comp>
  <id>Comp:1-4-7</id>
  <CPU>0.756Gf</CPU>
  <RAM>0.791GB</RAM>
  <DISK>1.41GB</DISK>
</comp>
<comp>
  <id>Comp:1-5-0</id>
  <CPU>0.515Gf</CPU>
  <RAM>0.836GB</RAM>
  <DISK>0.477GB</DISK>
</comp>
<comp>
  <id>Comp:1-5-1</id>
  <CPU>0.515Gf</CPU>
  <RAM>0.836GB</RAM>
  <DISK>0.477GB</DISK>
</comp>
<comp>
  <id>Comp:1-5-2</id>
  <CPU>0.515Gf</CPU>
  <RAM>0.836GB</RAM>
  <DISK>0.477GB</DISK>
</comp>
<comp>
  <id>Comp:1-5-3</id>
  <CPU>0.515Gf</CPU>
  <RAM>0.836GB</RAM>
  <DISK>0.477GB</DISK>
</comp>
<comp>
  <id>Comp:1-5-4</id>
  <CPU>0.515Gf</CPU>
  <RAM>0.836GB</RAM>
  <DISK>0.477GB</DISK>
</comp>
<comp>
  <id>Comp:1-5-5</id>
  <CPU>0.515Gf</CPU>
  <RAM>0.836GB</RAM>
  <DISK>0.477GB</DISK>
</comp>
<comp>
  <id>Comp:1-5-6</id>
  <CPU>0.515Gf</CPU>
  <RAM>0.836GB</RAM>
  <DISK>0.477GB</DISK>
</comp>
<comp>
  <id>Comp:1-5-7</id>
  <CPU>0.515Gf</CPU>
  <RAM>0.836GB</RAM>
  <DISK>0.477GB</DISK>
</comp>
  <bind>Comp:1-1-0 Appliance-6 0.689MBps 48.1ms</bind>
  <bind>Appliance-6 Comp:1-1-0 0.689MBps 48.1ms</bind>
  <bind>Comp:1-1-1 Appliance-35 0.689MBps 48.1ms</bind>
  <bind>Appliance-35 Comp:1-1-1 0.689MBps 48.1ms</bind>
  <bind>Comp:1-1-2 Appliance-11 0.689MBps 48.1ms</bind>
  <bind>Appliance-11 Comp:1-1-2 0.689MBps 48.1ms</bind>
  <bind>Comp:1-1-3 Appliance-11 0.689MBps 48.1ms</bind>
  <bind>Appliance-11 Comp:1-1-3 0.689MBps 48.1ms</bind>
  <bind>Comp:1-1-4 Appliance-6 0.689MBps 48.1ms</bind>
  <bind>Appliance-6 Comp:1-1-4 0.689MBps 48.1ms</bind>
  <bind>Comp:1-2-0 Comp:1-1-0 0.224MBps 41.2ms</bind>
  <bind>Comp:1-1-0 Comp:1-2-0 0.224MBps 41.2ms</bind>
  <bind>Comp:1-2-1 Comp:1-1-1 0.224MBps 41.2ms</bind>
  <bind>Comp:1-1-1 Comp:1-2-1 0.224MBps 41.2ms</bind>
  <bind>Comp:1-2-2 Comp:1-1-2 0.224MBps 41.2ms</bind>
  <bind>Comp:1-1-2 Comp:1-2-2 0.224MBps 41.2ms</bind>
  <bind>Comp:1-2-0 Comp:1-1-3 0.224MBps 41.2ms</bind>
  <bind>Comp:1-1-3 Comp:1-2-0 0.224MBps 41.2ms</bind>
  <bind>Comp:1-2-1 Comp:1-1-4 0.224MBps 41.2ms</bind>
  <bind>Comp:1-1-4 Comp:1-2-1 0.224MBps 41.2ms</bind>
  <bind>Comp:1-3-0 Comp:1-2-0 0.419MBps 43.6ms</bind>
  <bind>Comp:1-2-0 Comp:1-3-0 0.419MBps 43.6ms</bind>
  <bind>Comp:1-3-1 Comp:1-2-1 0.419MBps 43.6ms</bind>
  <bind>Comp:1-2-1 Comp:1-3-1 0.419MBps 43.6ms</bind>
  <bind>Comp:1-3-2 Comp:1-2-2 0.419MBps 43.6ms</bind>
  <bind>Comp:1-2-2 Comp:1-3-2 0.419MBps 43.6ms</bind>
  <bind>Comp:1-3-3 Comp:1-2-0 0.419MBps 43.6ms</bind>
  <bind>Comp:1-2-0 Comp:1-3-3 0.419MBps 43.6ms</bind>
  <bind>Comp:1-4-0 Comp:1-3-0 0.925MBps 32.1ms</bind>
  <bind>Comp:1-3-0 Comp:1-4-0 0.925MBps 32.1ms</bind>
  <bind>Comp:1-4-1 Comp:1-3-1 0.925MBps 32.1ms</bind>
  <bind>Comp:1-3-1 Comp:1-4-1 0.925MBps 32.1ms</bind>
  <bind>Comp:1-4-2 Comp:1-3-2 0.925MBps 32.1ms</bind>
  <bind>Comp:1-3-2 Comp:1-4-2 0.925MBps 32.1ms</bind>
  <bind>Comp:1-4-3 Comp:1-3-3 0.925MBps 32.1ms</bind>
  <bind>Comp:1-3-3 Comp:1-4-3 0.925MBps 32.1ms</bind>
  <bind>Comp:1-4-4 Comp:1-3-0 0.925MBps 32.1ms</bind>
  <bind>Comp:1-3-0 Comp:1-4-4 0.925MBps 32.1ms</bind>
  <bind>Comp:1-4-5 Comp:1-3-1 0.925MBps 32.1ms</bind>
  <bind>Comp:1-3-1 Comp:1-4-5 0.925MBps 32.1ms</bind>
  <bind>Comp:1-4-6 Comp:1-3-2 0.925MBps 32.1ms</bind>
  <bind>Comp:1-3-2 Comp:1-4-6 0.925MBps 32.1ms</bind>
  <bind>Comp:1-4-7 Comp:1-3-3 0.925MBps 32.1ms</bind>
  <bind>Comp:1-3-3 Comp:1-4-7 0.925MBps 32.1ms</bind>
  <bind>Comp:1-5-0 Comp:1-4-0 0.821MBps 26.6ms</bind>
  <bind>Comp:1-4-0 Comp:1-5-0 0.821MBps 26.6ms</bind>
  <bind>Comp:1-5-1 Comp:1-4-1 0.821MBps 26.6ms</bind>
  <bind>Comp:1-4-1 Comp:1-5-1 0.821MBps 26.6ms</bind>
  <bind>Comp:1-5-2 Comp:1-4-2 0.821MBps 26.6ms</bind>
  <bind>Comp:1-4-2 Comp:1-5-2 0.821MBps 26.6ms</bind>
  <bind>Comp:1-5-3 Comp:1-4-3 0.821MBps 26.6ms</bind>
  <bind>Comp:1-4-3 Comp:1-5-3 0.821MBps 26.6ms</bind>
  <bind>Comp:1-5-4 Comp:1-4-4 0.821MBps 26.6ms</bind>
  <bind>Comp:1-4-4 Comp:1-5-4 0.821MBps 26.6ms</bind>
  <bind>Comp:1-5-5 Comp:1-4-5 0.821MBps 26.6ms</bind>
  <bind>Comp:1-4-5 Comp:1-5-5 0.821MBps 26.6ms</bind>
  <bind>Comp:1-5-6 Comp:1-4-6 0.821MBps 26.6ms</bind>
  <bind>Comp:1-4-6 Comp:1-5-6 0.821MBps 26.6ms</bind>
  <bind>Comp:1-5-7 Comp:1-4-7 0.821MBps 26.6ms</bind>
  <bind>Comp:1-4-7 Comp:1-5-7 0.821MBps 26.6ms</bind>
  <bind>Comp:1-5-0 Appliance-30 0.862MBps 28.8ms</bind>
  <bind>Appliance-30 Comp:1-5-0 0.862MBps 28.8ms</bind>
  <bind>Comp:1-5-1 Appliance-30 0.862MBps 28.8ms</bind>
  <bind>Appliance-30 Comp:1-5-1 0.862MBps 28.8ms</bind>
  <bind>Comp:1-5-2 Appliance-30 0.862MBps 28.8ms</bind>
  <bind>Appliance-30 Comp:1-5-2 0.862MBps 28.8ms</bind>
  <bind>Comp:1-5-3 Appliance-30 0.862MBps 28.8ms</bind>
  <bind>Appliance-30 Comp:1-5-3 0.862MBps 28.8ms</bind>
  <bind>Comp:1-5-4 Appliance-30 0.862MBps 28.8ms</bind>
  <bind>Appliance-30 Comp:1-5-4 0.862MBps 28.8ms</bind>
  <bind>Comp:1-5-5 Appliance-30 0.862MBps 28.8ms</bind>
  <bind>Appliance-30 Comp:1-5-5 0.862MBps 28.8ms</bind>
  <bind>Comp:1-5-6 Appliance-30 0.862MBps 28.8ms</bind>
  <bind>Appliance-30 Comp:1-5-6 0.862MBps 28.8ms</bind>
  <bind>Comp:1-5-7 Appliance-30 0.862MBps 28.8ms</bind>
  <bind>Appliance-30 Comp:1-5-7 0.862MBps 28.8ms</bind>
</app>
<app>
  <id>App10</id>
<comp>
  <id>Comp:10-0-0</id>
  <CPU>0.556Gf</CPU>
  <RAM>0.954GB</RAM>
  <DISK>1.29GB</DISK>
</comp>
<comp>
  <id>Comp:10-1-0</id>
  <CPU>0.814Gf</CPU>
  <RAM>0.129GB</RAM>
  <DISK>0.618GB</DISK>
</comp>
<comp>
  <id>Comp:10-1-1</id>
  <CPU>0.814Gf</CPU>
  <RAM>0.129GB</RAM>
  <DISK>0.618GB</DISK>
</comp>
<comp>
  <id>Comp:10-1-2</id>
  <CPU>0.814Gf</CPU>
  <RAM>0.129GB</RAM>
  <DISK>0.618GB</DISK>
</comp>
<comp>
  <id>Comp:10-1-3</id>
  <CPU>0.814Gf</CPU>
  <RAM>0.129GB</RAM>
  <DISK>0.618GB</DISK>
</comp>
<comp>
  <id>Comp:10-1-4</id>
  <CPU>0.814Gf</CPU>
  <RAM>0.129GB</RAM>
  <DISK>0.618GB</DISK>
</comp>
<comp>
  <id>Comp:10-2-0</id>
  <CPU>0.515Gf</CPU>
  <RAM>0.552GB</RAM>
  <DISK>0.119GB</DISK>
</comp>
<comp>
  <id>Comp:10-2-1</id>
  <CPU>0.515Gf</CPU>
  <RAM>0.552GB</RAM>
  <DISK>0.119GB</DISK>
</comp>
<comp>
  <id>Comp:10-2-2</id>
  <CPU>0.515Gf</CPU>
  <RAM>0.552GB</RAM>
  <DISK>0.119GB</DISK>
</comp>
<comp>
  <id>Comp:10-2-3</id>
  <CPU>0.515Gf</CPU>
  <RAM>0.552GB</RAM>
  <DISK>0.119GB</DISK>
</comp>
<comp>
  <id>Comp:10-2-4</id>
  <CPU>0.515Gf</CPU>
  <RAM>0.552GB</RAM>
  <DISK>0.119GB</DISK>
</comp>
<comp>
  <id>Comp:10-2-5</id>
  <CPU>0.515Gf</CPU>
  <RAM>0.552GB</RAM>
  <DISK>0.119GB</DISK>
</comp>
  <bind>Comp:10-1-0 Comp:10-0-0 0.967MBps 39.1ms</bind>
  <bind>Comp:10-0-0 Comp:10-1-0 0.967MBps 39.1ms</bind>
  <bind>Comp:10-1-1 Comp:10-0-0 0.967MBps 39.1ms</bind>
  <bind>Comp:10-0-0 Comp:10-1-1 0.967MBps 39.1ms</bind>
  <bind>Comp:10-1-2 Comp:10-0-0 0.967MBps 39.1ms</bind>
  <bind>Comp:10-0-0 Comp:10-1-2 0.967MBps 39.1ms</bind>
  <bind>Comp:10-1-3 Comp:10-0-0 0.967MBps 39.1ms</bind>
  <bind>Comp:10-0-0 Comp:10-1-3 0.967MBps 39.1ms</bind>
  <bind>Comp:10-1-4 Comp:10-0-0 0.967MBps 39.1ms</bind>
  <bind>Comp:10-0-0 Comp:10-1-4 0.967MBps 39.1ms</bind>
  <bind>Comp:10-2-0 Comp:10-1-0 0.0923MBps 36.0ms</bind>
  <bind>Comp:10-1-0 Comp:10-2-0 0.0923MBps 36.0ms</bind>
  <bind>Comp:10-2-1 Comp:10-1-1 0.0923MBps 36.0ms</bind>
  <bind>Comp:10-1-1 Comp:10-2-1 0.0923MBps 36.0ms</bind>
  <bind>Comp:10-2-2 Comp:10-1-2 0.0923MBps 36.0ms</bind>
  <bind>Comp:10-1-2 Comp:10-2-2 0.0923MBps 36.0ms</bind>
  <bind>Comp:10-2-3 Comp:10-1-3 0.0923MBps 36.0ms</bind>
  <bind>Comp:10-1-3 Comp:10-2-3 0.0923MBps 36.0ms</bind>
  <bind>Comp:10-2-4 Comp:10-1-4 0.0923MBps 36.0ms</bind>
  <bind>Comp:10-1-4 Comp:10-2-4 0.0923MBps 36.0ms</bind>
  <bind>Comp:10-2-5 Comp:10-1-0 0.0923MBps 36.0ms</bind>
  <bind>Comp:10-1-0 Comp:10-2-5 0.0923MBps 36.0ms</bind>
  <bind>Comp:10-2-0 Appliance-21 0.0106MBps 40.5ms</bind>
  <bind>Appliance-21 Comp:10-2-0 0.0106MBps 40.5ms</bind>
  <bind>Comp:10-2-1 Appliance-14 0.0106MBps 40.5ms</bind>
  <bind>Appliance-14 Comp:10-2-1 0.0106MBps 40.5ms</bind>
  <bind>Comp:10-2-2 Appliance-21 0.0106MBps 40.5ms</bind>
  <bind>Appliance-21 Comp:10-2-2 0.0106MBps 40.5ms</bind>
  <bind>Comp:10-2-3 Appliance-14 0.0106MBps 40.5ms</bind>
  <bind>Appliance-14 Comp:10-2-3 0.0106MBps 40.5ms</bind>
  <bind>Comp:10-2-4 Appliance-21 0.0106MBps 40.5ms</bind>
  <bind>Appliance-21 Comp:10-2-4 0.0106MBps 40.5ms</bind>
  <bind>Comp:10-2-5 Appliance-14 0.0106MBps 40.5ms</bind>
  <bind>Appliance-14 Comp:10-2-5 0.0106MBps 40.5ms</bind>
</app>
<app>
  <id>App11</id>
<comp>
  <id>Comp:11-0-0</id>
  <CPU>0.488Gf</CPU>
  <RAM>0.923GB</RAM>
  <DISK>0.429GB</DISK>
</comp>
<comp>
  <id>Comp:11-0-1</id>
  <CPU>0.488Gf</CPU>
  <RAM>0.923GB</RAM>
  <DISK>0.429GB</DISK>
</comp>
<comp>
  <id>Comp:11-0-2</id>
  <CPU>0.488Gf</CPU>
  <RAM>0.923GB</RAM>
  <DISK>0.429GB</DISK>
</comp>
<comp>
  <id>Comp:11-1-0</id>
  <CPU>0.28Gf</CPU>
  <RAM>0.237GB</RAM>
  <DISK>1.69GB</DISK>
</comp>
<comp>
  <id>Comp:11-1-1</id>
  <CPU>0.28Gf</CPU>
  <RAM>0.237GB</RAM>
  <DISK>1.69GB</DISK>
</comp>
<comp>
  <id>Comp:11-1-2</id>
  <CPU>0.28Gf</CPU>
  <RAM>0.237GB</RAM>
  <DISK>1.69GB</DISK>
</comp>
<comp>
  <id>Comp:11-1-3</id>
  <CPU>0.28Gf</CPU>
  <RAM>0.237GB</RAM>
  <DISK>1.69GB</DISK>
</comp>
<comp>
  <id>Comp:11-1-4</id>
  <CPU>0.28Gf</CPU>
  <RAM>0.237GB</RAM>
  <DISK>1.69GB</DISK>
</comp>
<comp>
  <id>Comp:11-1-5</id>
  <CPU>0.28Gf</CPU>
  <RAM>0.237GB</RAM>
  <DISK>1.69GB</DISK>
</comp>
<comp>
  <id>Comp:11-1-6</id>
  <CPU>0.28Gf</CPU>
  <RAM>0.237GB</RAM>
  <DISK>1.69GB</DISK>
</comp>
<comp>
  <id>Comp:11-1-7</id>
  <CPU>0.28Gf</CPU>
  <RAM>0.237GB</RAM>
  <DISK>1.69GB</DISK>
</comp>
<comp>
  <id>Comp:11-1-8</id>
  <CPU>0.28Gf</CPU>
  <RAM>0.237GB</RAM>
  <DISK>1.69GB</DISK>
</comp>
<comp>
  <id>Comp:11-1-9</id>
  <CPU>0.28Gf</CPU>
  <RAM>0.237GB</RAM>
  <DISK>1.69GB</DISK>
</comp>
<comp>
  <id>Comp:11-2-0</id>
  <CPU>0.91Gf</CPU>
  <RAM>0.232GB</RAM>
  <DISK>0.223GB</DISK>
</comp>
<comp>
  <id>Comp:11-2-1</id>
  <CPU>0.91Gf</CPU>
  <RAM>0.232GB</RAM>
  <DISK>0.223GB</DISK>
</comp>
<comp>
  <id>Comp:11-2-2</id>
  <CPU>0.91Gf</CPU>
  <RAM>0.232GB</RAM>
  <DISK>0.223GB</DISK>
</comp>
  <bind>Comp:11-1-0 Comp:11-0-0 0.53MBps 32.0ms</bind>
  <bind>Comp:11-0-0 Comp:11-1-0 0.53MBps 32.0ms</bind>
  <bind>Comp:11-1-1 Comp:11-0-1 0.53MBps 32.0ms</bind>
  <bind>Comp:11-0-1 Comp:11-1-1 0.53MBps 32.0ms</bind>
  <bind>Comp:11-1-2 Comp:11-0-2 0.53MBps 32.0ms</bind>
  <bind>Comp:11-0-2 Comp:11-1-2 0.53MBps 32.0ms</bind>
  <bind>Comp:11-1-3 Comp:11-0-0 0.53MBps 32.0ms</bind>
  <bind>Comp:11-0-0 Comp:11-1-3 0.53MBps 32.0ms</bind>
  <bind>Comp:11-1-4 Comp:11-0-1 0.53MBps 32.0ms</bind>
  <bind>Comp:11-0-1 Comp:11-1-4 0.53MBps 32.0ms</bind>
  <bind>Comp:11-1-5 Comp:11-0-2 0.53MBps 32.0ms</bind>
  <bind>Comp:11-0-2 Comp:11-1-5 0.53MBps 32.0ms</bind>
  <bind>Comp:11-1-6 Comp:11-0-0 0.53MBps 32.0ms</bind>
  <bind>Comp:11-0-0 Comp:11-1-6 0.53MBps 32.0ms</bind>
  <bind>Comp:11-1-7 Comp:11-0-1 0.53MBps 32.0ms</bind>
  <bind>Comp:11-0-1 Comp:11-1-7 0.53MBps 32.0ms</bind>
  <bind>Comp:11-1-8 Comp:11-0-2 0.53MBps 32.0ms</bind>
  <bind>Comp:11-0-2 Comp:11-1-8 0.53MBps 32.0ms</bind>
  <bind>Comp:11-1-9 Comp:11-0-0 0.53MBps 32.0ms</bind>
  <bind>Comp:11-0-0 Comp:11-1-9 0.53MBps 32.0ms</bind>
  <bind>Comp:11-2-0 Comp:11-1-0 0.581MBps 46.8ms</bind>
  <bind>Comp:11-1-0 Comp:11-2-0 0.581MBps 46.8ms</bind>
  <bind>Comp:11-2-1 Comp:11-1-1 0.581MBps 46.8ms</bind>
  <bind>Comp:11-1-1 Comp:11-2-1 0.581MBps 46.8ms</bind>
  <bind>Comp:11-2-2 Comp:11-1-2 0.581MBps 46.8ms</bind>
  <bind>Comp:11-1-2 Comp:11-2-2 0.581MBps 46.8ms</bind>
  <bind>Comp:11-2-0 Comp:11-1-3 0.581MBps 46.8ms</bind>
  <bind>Comp:11-1-3 Comp:11-2-0 0.581MBps 46.8ms</bind>
  <bind>Comp:11-2-1 Comp:11-1-4 0.581MBps 46.8ms</bind>
  <bind>Comp:11-1-4 Comp:11-2-1 0.581MBps 46.8ms</bind>
  <bind>Comp:11-2-2 Comp:11-1-5 0.581MBps 46.8ms</bind>
  <bind>Comp:11-1-5 Comp:11-2-2 0.581MBps 46.8ms</bind>
  <bind>Comp:11-2-0 Comp:11-1-6 0.581MBps 46.8ms</bind>
  <bind>Comp:11-1-6 Comp:11-2-0 0.581MBps 46.8ms</bind>
  <bind>Comp:11-2-1 Comp:11-1-7 0.581MBps 46.8ms</bind>
  <bind>Comp:11-1-7 Comp:11-2-1 0.581MBps 46.8ms</bind>
  <bind>Comp:11-2-2 Comp:11-1-8 0.581MBps 46.8ms</bind>
  <bind>Comp:11-1-8 Comp:11-2-2 0.581MBps 46.8ms</bind>
  <bind>Comp:11-2-0 Comp:11-1-9 0.581MBps 46.8ms</bind>
  <bind>Comp:11-1-9 Comp:11-2-0 0.581MBps 46.8ms</bind>
  <bind>Comp:11-2-0 Appliance-11 0.0578MBps 46.1ms</bind>
  <bind>Appliance-11 Comp:11-2-0 0.0578MBps 46.1ms</bind>
  <bind>Comp:11-2-1 Appliance-39 0.0578MBps 46.1ms</bind>
  <bind>Appliance-39 Comp:11-2-1 0.0578MBps 46.1ms</bind>
  <bind>Comp:11-2-2 Appliance-11 0.0578MBps 46.1ms</bind>
  <bind>Appliance-11 Comp:11-2-2 0.0578MBps 46.1ms</bind>
  <bind>Comp:11-2-0 Appliance-39 0.0578MBps 46.1ms</bind>
  <bind>Appliance-39 Comp:11-2-0 0.0578MBps 46.1ms</bind>
  <bind>Comp:11-2-1 Appliance-9 0.0578MBps 46.1ms</bind>
  <bind>Appliance-9 Comp:11-2-1 0.0578MBps 46.1ms</bind>
</app>
<app>
  <id>App12</id>
<comp>
  <id>Comp:12-1-0</id>
  <CPU>0.912Gf</CPU>
  <RAM>0.859GB</RAM>
  <DISK>1.19GB</DISK>
</comp>
<comp>
  <id>Comp:12-1-1</id>
  <CPU>0.912Gf</CPU>
  <RAM>0.859GB</RAM>
  <DISK>1.19GB</DISK>
</comp>
<comp>
  <id>Comp:12-1-2</id>
  <CPU>0.912Gf</CPU>
  <RAM>0.859GB</RAM>
  <DISK>1.19GB</DISK>
</comp>
<comp>
  <id>Comp:12-1-3</id>
  <CPU>0.912Gf</CPU>
  <RAM>0.859GB</RAM>
  <DISK>1.19GB</DISK>
</comp>
<comp>
  <id>Comp:12-1-4</id>
  <CPU>0.912Gf</CPU>
  <RAM>0.859GB</RAM>
  <DISK>1.19GB</DISK>
</comp>
<comp>
  <id>Comp:12-2-0</id>
  <CPU>0.654Gf</CPU>
  <RAM>0.855GB</RAM>
  <DISK>0.727GB</DISK>
</comp>
<comp>
  <id>Comp:12-2-1</id>
  <CPU>0.654Gf</CPU>
  <RAM>0.855GB</RAM>
  <DISK>0.727GB</DISK>
</comp>
  <bind>Comp:12-1-0 Appliance-15 0.365MBps 48.7ms</bind>
  <bind>Appliance-15 Comp:12-1-0 0.365MBps 48.7ms</bind>
  <bind>Comp:12-1-1 Appliance-8 0.365MBps 48.7ms</bind>
  <bind>Appliance-8 Comp:12-1-1 0.365MBps 48.7ms</bind>
  <bind>Comp:12-1-2 Appliance-24 0.365MBps 48.7ms</bind>
  <bind>Appliance-24 Comp:12-1-2 0.365MBps 48.7ms</bind>
  <bind>Comp:12-1-3 Appliance-15 0.365MBps 48.7ms</bind>
  <bind>Appliance-15 Comp:12-1-3 0.365MBps 48.7ms</bind>
  <bind>Comp:12-1-4 Appliance-36 0.365MBps 48.7ms</bind>
  <bind>Appliance-36 Comp:12-1-4 0.365MBps 48.7ms</bind>
  <bind>Comp:12-1-0 Comp:12-2-0 0.858MBps 42.4ms</bind>
  <bind>Comp:12-2-0 Comp:12-1-0 0.858MBps 42.4ms</bind>
  <bind>Comp:12-1-1 Comp:12-2-1 0.858MBps 42.4ms</bind>
  <bind>Comp:12-2-1 Comp:12-1-1 0.858MBps 42.4ms</bind>
  <bind>Comp:12-1-2 Comp:12-2-0 0.858MBps 42.4ms</bind>
  <bind>Comp:12-2-0 Comp:12-1-2 0.858MBps 42.4ms</bind>
  <bind>Comp:12-1-3 Comp:12-2-1 0.858MBps 42.4ms</bind>
  <bind>Comp:12-2-1 Comp:12-1-3 0.858MBps 42.4ms</bind>
  <bind>Comp:12-1-4 Comp:12-2-0 0.858MBps 42.4ms</bind>
  <bind>Comp:12-2-0 Comp:12-1-4 0.858MBps 42.4ms</bind>
</app>
<app>
  <id>App13</id>
<comp>
  <id>Comp:13-0-0</id>
  <CPU>0.16Gf</CPU>
  <RAM>0.644GB</RAM>
  <DISK>0.731GB</DISK>
</comp>
<comp>
  <id>Comp:13-0-1</id>
  <CPU>0.16Gf</CPU>
  <RAM>0.644GB</RAM>
  <DISK>0.731GB</DISK>
</comp>
<comp>
  <id>Comp:13-0-2</id>
  <CPU>0.16Gf</CPU>
  <RAM>0.644GB</RAM>
  <DISK>0.731GB</DISK>
</comp>
<comp>
  <id>Comp:13-0-3</id>
  <CPU>0.16Gf</CPU>
  <RAM>0.644GB</RAM>
  <DISK>0.731GB</DISK>
</comp>
<comp>
  <id>Comp:13-0-4</id>
  <CPU>0.16Gf</CPU>
  <RAM>0.644GB</RAM>
  <DISK>0.731GB</DISK>
</comp>
<comp>
  <id>Comp:13-0-5</id>
  <CPU>0.16Gf</CPU>
  <RAM>0.644GB</RAM>
  <DISK>0.731GB</DISK>
</comp>
<comp>
  <id>Comp:13-0-6</id>
  <CPU>0.16Gf</CPU>
  <RAM>0.644GB</RAM>
  <DISK>0.731GB</DISK>
</comp>
<comp>
  <id>Comp:13-0-7</id>
  <CPU>0.16Gf</CPU>
  <RAM>0.644GB</RAM>
  <DISK>0.731GB</DISK>
</comp>
<comp>
  <id>Comp:13-1-0</id>
  <CPU>0.572Gf</CPU>
  <RAM>0.226GB</RAM>
  <DISK>0.615GB</DISK>
</comp>
<comp>
  <id>Comp:13-1-1</id>
  <CPU>0.572Gf</CPU>
  <RAM>0.226GB</RAM>
  <DISK>0.615GB</DISK>
</comp>
<comp>
  <id>Comp:13-1-2</id>
  <CPU>0.572Gf</CPU>
  <RAM>0.226GB</RAM>
  <DISK>0.615GB</DISK>
</comp>
<comp>
  <id>Comp:13-1-3</id>
  <CPU>0.572Gf</CPU>
  <RAM>0.226GB</RAM>
  <DISK>0.615GB</DISK>
</comp>
<comp>
  <id>Comp:13-1-4</id>
  <CPU>0.572Gf</CPU>
  <RAM>0.226GB</RAM>
  <DISK>0.615GB</DISK>
</comp>
<comp>
  <id>Comp:13-1-5</id>
  <CPU>0.572Gf</CPU>
  <RAM>0.226GB</RAM>
  <DISK>0.615GB</DISK>
</comp>
<comp>
  <id>Comp:13-2-0</id>
  <CPU>0.19Gf</CPU>
  <RAM>0.138GB</RAM>
  <DISK>0.624GB</DISK>
</comp>
<comp>
  <id>Comp:13-2-1</id>
  <CPU>0.19Gf</CPU>
  <RAM>0.138GB</RAM>
  <DISK>0.624GB</DISK>
</comp>
<comp>
  <id>Comp:13-2-2</id>
  <CPU>0.19Gf</CPU>
  <RAM>0.138GB</RAM>
  <DISK>0.624GB</DISK>
</comp>
<comp>
  <id>Comp:13-2-3</id>
  <CPU>0.19Gf</CPU>
  <RAM>0.138GB</RAM>
  <DISK>0.624GB</DISK>
</comp>
<comp>
  <id>Comp:13-2-4</id>
  <CPU>0.19Gf</CPU>
  <RAM>0.138GB</RAM>
  <DISK>0.624GB</DISK>
</comp>
<comp>
  <id>Comp:13-2-5</id>
  <CPU>0.19Gf</CPU>
  <RAM>0.138GB</RAM>
  <DISK>0.624GB</DISK>
</comp>
<comp>
  <id>Comp:13-2-6</id>
  <CPU>0.19Gf</CPU>
  <RAM>0.138GB</RAM>
  <DISK>0.624GB</DISK>
</comp>
<comp>
  <id>Comp:13-2-7</id>
  <CPU>0.19Gf</CPU>
  <RAM>0.138GB</RAM>
  <DISK>0.624GB</DISK>
</comp>
  <bind>Comp:13-1-0 Comp:13-0-0 0.834MBps 35.6ms</bind>
  <bind>Comp:13-0-0 Comp:13-1-0 0.834MBps 35.6ms</bind>
  <bind>Comp:13-1-1 Comp:13-0-1 0.834MBps 35.6ms</bind>
  <bind>Comp:13-0-1 Comp:13-1-1 0.834MBps 35.6ms</bind>
  <bind>Comp:13-1-2 Comp:13-0-2 0.834MBps 35.6ms</bind>
  <bind>Comp:13-0-2 Comp:13-1-2 0.834MBps 35.6ms</bind>
  <bind>Comp:13-1-3 Comp:13-0-3 0.834MBps 35.6ms</bind>
  <bind>Comp:13-0-3 Comp:13-1-3 0.834MBps 35.6ms</bind>
  <bind>Comp:13-1-4 Comp:13-0-4 0.834MBps 35.6ms</bind>
  <bind>Comp:13-0-4 Comp:13-1-4 0.834MBps 35.6ms</bind>
  <bind>Comp:13-1-5 Comp:13-0-5 0.834MBps 35.6ms</bind>
  <bind>Comp:13-0-5 Comp:13-1-5 0.834MBps 35.6ms</bind>
  <bind>Comp:13-1-0 Comp:13-0-6 0.834MBps 35.6ms</bind>
  <bind>Comp:13-0-6 Comp:13-1-0 0.834MBps 35.6ms</bind>
  <bind>Comp:13-1-1 Comp:13-0-7 0.834MBps 35.6ms</bind>
  <bind>Comp:13-0-7 Comp:13-1-1 0.834MBps 35.6ms</bind>
  <bind>Comp:13-2-0 Comp:13-1-0 0.898MBps 33.2ms</bind>
  <bind>Comp:13-1-0 Comp:13-2-0 0.898MBps 33.2ms</bind>
  <bind>Comp:13-2-1 Comp:13-1-1 0.898MBps 33.2ms</bind>
  <bind>Comp:13-1-1 Comp:13-2-1 0.898MBps 33.2ms</bind>
  <bind>Comp:13-2-2 Comp:13-1-2 0.898MBps 33.2ms</bind>
  <bind>Comp:13-1-2 Comp:13-2-2 0.898MBps 33.2ms</bind>
  <bind>Comp:13-2-3 Comp:13-1-3 0.898MBps 33.2ms</bind>
  <bind>Comp:13-1-3 Comp:13-2-3 0.898MBps 33.2ms</bind>
  <bind>Comp:13-2-4 Comp:13-1-4 0.898MBps 33.2ms</bind>
  <bind>Comp:13-1-4 Comp:13-2-4 0.898MBps 33.2ms</bind>
  <bind>Comp:13-2-5 Comp:13-1-5 0.898MBps 33.2ms</bind>
  <bind>Comp:13-1-5 Comp:13-2-5 0.898MBps 33.2ms</bind>
  <bind>Comp:13-2-6 Comp:13-1-0 0.898MBps 33.2ms</bind>
  <bind>Comp:13-1-0 Comp:13-2-6 0.898MBps 33.2ms</bind>
  <bind>Comp:13-2-7 Comp:13-1-1 0.898MBps 33.2ms</bind>
  <bind>Comp:13-1-1 Comp:13-2-7 0.898MBps 33.2ms</bind>
  <bind>Comp:13-2-0 Appliance-34 0.435MBps 32.7ms</bind>
  <bind>Appliance-34 Comp:13-2-0 0.435MBps 32.7ms</bind>
  <bind>Comp:13-2-1 Appliance-16 0.435MBps 32.7ms</bind>
  <bind>Appliance-16 Comp:13-2-1 0.435MBps 32.7ms</bind>
  <bind>Comp:13-2-2 Appliance-34 0.435MBps 32.7ms</bind>
  <bind>Appliance-34 Comp:13-2-2 0.435MBps 32.7ms</bind>
  <bind>Comp:13-2-3 Appliance-25 0.435MBps 32.7ms</bind>
  <bind>Appliance-25 Comp:13-2-3 0.435MBps 32.7ms</bind>
  <bind>Comp:13-2-4 Appliance-6 0.435MBps 32.7ms</bind>
  <bind>Appliance-6 Comp:13-2-4 0.435MBps 32.7ms</bind>
  <bind>Comp:13-2-5 Appliance-34 0.435MBps 32.7ms</bind>
  <bind>Appliance-34 Comp:13-2-5 0.435MBps 32.7ms</bind>
  <bind>Comp:13-2-6 Appliance-39 0.435MBps 32.7ms</bind>
  <bind>Appliance-39 Comp:13-2-6 0.435MBps 32.7ms</bind>
  <bind>Comp:13-2-7 Appliance-11 0.435MBps 32.7ms</bind>
  <bind>Appliance-11 Comp:13-2-7 0.435MBps 32.7ms</bind>
</app>
<app>
  <id>App14</id>
<comp>
  <id>Comp:14-0-0</id>
  <CPU>0.629Gf</CPU>
  <RAM>0.318GB</RAM>
  <DISK>0.215GB</DISK>
</comp>
<comp>
  <id>Comp:14-0-1</id>
  <CPU>0.629Gf</CPU>
  <RAM>0.318GB</RAM>
  <DISK>0.215GB</DISK>
</comp>
<comp>
  <id>Comp:14-0-2</id>
  <CPU>0.629Gf</CPU>
  <RAM>0.318GB</RAM>
  <DISK>0.215GB</DISK>
</comp>
<comp>
  <id>Comp:14-0-3</id>
  <CPU>0.629Gf</CPU>
  <RAM>0.318GB</RAM>
  <DISK>0.215GB</DISK>
</comp>
<comp>
  <id>Comp:14-0-4</id>
  <CPU>0.629Gf</CPU>
  <RAM>0.318GB</RAM>
  <DISK>0.215GB</DISK>
</comp>
<comp>
  <id>Comp:14-0-5</id>
  <CPU>0.629Gf</CPU>
  <RAM>0.318GB</RAM>
  <DISK>0.215GB</DISK>
</comp>
<comp>
  <id>Comp:14-0-6</id>
  <CPU>0.629Gf</CPU>
  <RAM>0.318GB</RAM>
  <DISK>0.215GB</DISK>
</comp>
<comp>
  <id>Comp:14-1-0</id>
  <CPU>0.767Gf</CPU>
  <RAM>0.689GB</RAM>
  <DISK>1.68GB</DISK>
</comp>
<comp>
  <id>Comp:14-1-1</id>
  <CPU>0.767Gf</CPU>
  <RAM>0.689GB</RAM>
  <DISK>1.68GB</DISK>
</comp>
<comp>
  <id>Comp:14-1-2</id>
  <CPU>0.767Gf</CPU>
  <RAM>0.689GB</RAM>
  <DISK>1.68GB</DISK>
</comp>
<comp>
  <id>Comp:14-1-3</id>
  <CPU>0.767Gf</CPU>
  <RAM>0.689GB</RAM>
  <DISK>1.68GB</DISK>
</comp>
<comp>
  <id>Comp:14-1-4</id>
  <CPU>0.767Gf</CPU>
  <RAM>0.689GB</RAM>
  <DISK>1.68GB</DISK>
</comp>
<comp>
  <id>Comp:14-1-5</id>
  <CPU>0.767Gf</CPU>
  <RAM>0.689GB</RAM>
  <DISK>1.68GB</DISK>
</comp>
<comp>
  <id>Comp:14-1-6</id>
  <CPU>0.767Gf</CPU>
  <RAM>0.689GB</RAM>
  <DISK>1.68GB</DISK>
</comp>
<comp>
  <id>Comp:14-1-7</id>
  <CPU>0.767Gf</CPU>
  <RAM>0.689GB</RAM>
  <DISK>1.68GB</DISK>
</comp>
<comp>
  <id>Comp:14-2-0</id>
  <CPU>0.783Gf</CPU>
  <RAM>0.671GB</RAM>
  <DISK>1.17GB</DISK>
</comp>
<comp>
  <id>Comp:14-2-1</id>
  <CPU>0.783Gf</CPU>
  <RAM>0.671GB</RAM>
  <DISK>1.17GB</DISK>
</comp>
<comp>
  <id>Comp:14-2-2</id>
  <CPU>0.783Gf</CPU>
  <RAM>0.671GB</RAM>
  <DISK>1.17GB</DISK>
</comp>
<comp>
  <id>Comp:14-2-3</id>
  <CPU>0.783Gf</CPU>
  <RAM>0.671GB</RAM>
  <DISK>1.17GB</DISK>
</comp>
<comp>
  <id>Comp:14-2-4</id>
  <CPU>0.783Gf</CPU>
  <RAM>0.671GB</RAM>
  <DISK>1.17GB</DISK>
</comp>
<comp>
  <id>Comp:14-2-5</id>
  <CPU>0.783Gf</CPU>
  <RAM>0.671GB</RAM>
  <DISK>1.17GB</DISK>
</comp>
<comp>
  <id>Comp:14-2-6</id>
  <CPU>0.783Gf</CPU>
  <RAM>0.671GB</RAM>
  <DISK>1.17GB</DISK>
</comp>
<comp>
  <id>Comp:14-2-7</id>
  <CPU>0.783Gf</CPU>
  <RAM>0.671GB</RAM>
  <DISK>1.17GB</DISK>
</comp>
<comp>
  <id>Comp:14-2-8</id>
  <CPU>0.783Gf</CPU>
  <RAM>0.671GB</RAM>
  <DISK>1.17GB</DISK>
</comp>
  <bind>Comp:14-1-0 Comp:14-0-0 0.442MBps 38.8ms</bind>
  <bind>Comp:14-0-0 Comp:14-1-0 0.442MBps 38.8ms</bind>
  <bind>Comp:14-1-1 Comp:14-0-1 0.442MBps 38.8ms</bind>
  <bind>Comp:14-0-1 Comp:14-1-1 0.442MBps 38.8ms</bind>
  <bind>Comp:14-1-2 Comp:14-0-2 0.442MBps 38.8ms</bind>
  <bind>Comp:14-0-2 Comp:14-1-2 0.442MBps 38.8ms</bind>
  <bind>Comp:14-1-3 Comp:14-0-3 0.442MBps 38.8ms</bind>
  <bind>Comp:14-0-3 Comp:14-1-3 0.442MBps 38.8ms</bind>
  <bind>Comp:14-1-4 Comp:14-0-4 0.442MBps 38.8ms</bind>
  <bind>Comp:14-0-4 Comp:14-1-4 0.442MBps 38.8ms</bind>
  <bind>Comp:14-1-5 Comp:14-0-5 0.442MBps 38.8ms</bind>
  <bind>Comp:14-0-5 Comp:14-1-5 0.442MBps 38.8ms</bind>
  <bind>Comp:14-1-6 Comp:14-0-6 0.442MBps 38.8ms</bind>
  <bind>Comp:14-0-6 Comp:14-1-6 0.442MBps 38.8ms</bind>
  <bind>Comp:14-1-7 Comp:14-0-0 0.442MBps 38.8ms</bind>
  <bind>Comp:14-0-0 Comp:14-1-7 0.442MBps 38.8ms</bind>
  <bind>Comp:14-2-0 Comp:14-1-0 0.0739MBps 49.3ms</bind>
  <bind>Comp:14-1-0 Comp:14-2-0 0.0739MBps 49.3ms</bind>
  <bind>Comp:14-2-1 Comp:14-1-1 0.0739MBps 49.3ms</bind>
  <bind>Comp:14-1-1 Comp:14-2-1 0.0739MBps 49.3ms</bind>
  <bind>Comp:14-2-2 Comp:14-1-2 0.0739MBps 49.3ms</bind>
  <bind>Comp:14-1-2 Comp:14-2-2 0.0739MBps 49.3ms</bind>
  <bind>Comp:14-2-3 Comp:14-1-3 0.0739MBps 49.3ms</bind>
  <bind>Comp:14-1-3 Comp:14-2-3 0.0739MBps 49.3ms</bind>
  <bind>Comp:14-2-4 Comp:14-1-4 0.0739MBps 49.3ms</bind>
  <bind>Comp:14-1-4 Comp:14-2-4 0.0739MBps 49.3ms</bind>
  <bind>Comp:14-2-5 Comp:14-1-5 0.0739MBps 49.3ms</bind>
  <bind>Comp:14-1-5 Comp:14-2-5 0.0739MBps 49.3ms</bind>
  <bind>Comp:14-2-6 Comp:14-1-6 0.0739MBps 49.3ms</bind>
  <bind>Comp:14-1-6 Comp:14-2-6 0.0739MBps 49.3ms</bind>
  <bind>Comp:14-2-7 Comp:14-1-7 0.0739MBps 49.3ms</bind>
  <bind>Comp:14-1-7 Comp:14-2-7 0.0739MBps 49.3ms</bind>
  <bind>Comp:14-2-8 Comp:14-1-0 0.0739MBps 49.3ms</bind>
  <bind>Comp:14-1-0 Comp:14-2-8 0.0739MBps 49.3ms</bind>
  <bind>Comp:14-2-0 Appliance-30 0.519MBps 25.2ms</bind>
  <bind>Appliance-30 Comp:14-2-0 0.519MBps 25.2ms</bind>
  <bind>Comp:14-2-1 Appliance-16 0.519MBps 25.2ms</bind>
  <bind>Appliance-16 Comp:14-2-1 0.519MBps 25.2ms</bind>
  <bind>Comp:14-2-2 Appliance-29 0.519MBps 25.2ms</bind>
  <bind>Appliance-29 Comp:14-2-2 0.519MBps 25.2ms</bind>
  <bind>Comp:14-2-3 Appliance-6 0.519MBps 25.2ms</bind>
  <bind>Appliance-6 Comp:14-2-3 0.519MBps 25.2ms</bind>
  <bind>Comp:14-2-4 Appliance-16 0.519MBps 25.2ms</bind>
  <bind>Appliance-16 Comp:14-2-4 0.519MBps 25.2ms</bind>
  <bind>Comp:14-2-5 Appliance-25 0.519MBps 25.2ms</bind>
  <bind>Appliance-25 Comp:14-2-5 0.519MBps 25.2ms</bind>
  <bind>Comp:14-2-6 Appliance-34 0.519MBps 25.2ms</bind>
  <bind>Appliance-34 Comp:14-2-6 0.519MBps 25.2ms</bind>
  <bind>Comp:14-2-7 Appliance-34 0.519MBps 25.2ms</bind>
  <bind>Appliance-34 Comp:14-2-7 0.519MBps 25.2ms</bind>
  <bind>Comp:14-2-8 Appliance-6 0.519MBps 25.2ms</bind>
  <bind>Appliance-6 Comp:14-2-8 0.519MBps 25.2ms</bind>
  <bind>Comp:14-2-0 Appliance-6 0.519MBps 25.2ms</bind>
  <bind>Appliance-6 Comp:14-2-0 0.519MBps 25.2ms</bind>
</app>
<app>
  <id>App15</id>
<comp>
  <id>Comp:15-1-0</id>
  <CPU>0.863Gf</CPU>
  <RAM>0.792GB</RAM>
  <DISK>0.00173GB</DISK>
</comp>
<comp>
  <id>Comp:15-1-1</id>
  <CPU>0.863Gf</CPU>
  <RAM>0.792GB</RAM>
  <DISK>0.00173GB</DISK>
</comp>
<comp>
  <id>Comp:15-1-2</id>
  <CPU>0.863Gf</CPU>
  <RAM>0.792GB</RAM>
  <DISK>0.00173GB</DISK>
</comp>
<comp>
  <id>Comp:15-1-3</id>
  <CPU>0.863Gf</CPU>
  <RAM>0.792GB</RAM>
  <DISK>0.00173GB</DISK>
</comp>
<comp>
  <id>Comp:15-1-4</id>
  <CPU>0.863Gf</CPU>
  <RAM>0.792GB</RAM>
  <DISK>0.00173GB</DISK>
</comp>
<comp>
  <id>Comp:15-1-5</id>
  <CPU>0.863Gf</CPU>
  <RAM>0.792GB</RAM>
  <DISK>0.00173GB</DISK>
</comp>
<comp>
  <id>Comp:15-1-6</id>
  <CPU>0.863Gf</CPU>
  <RAM>0.792GB</RAM>
  <DISK>0.00173GB</DISK>
</comp>
<comp>
  <id>Comp:15-1-7</id>
  <CPU>0.863Gf</CPU>
  <RAM>0.792GB</RAM>
  <DISK>0.00173GB</DISK>
</comp>
<comp>
  <id>Comp:15-2-0</id>
  <CPU>0.705Gf</CPU>
  <RAM>0.389GB</RAM>
  <DISK>1.77GB</DISK>
</comp>
<comp>
  <id>Comp:15-2-1</id>
  <CPU>0.705Gf</CPU>
  <RAM>0.389GB</RAM>
  <DISK>1.77GB</DISK>
</comp>
<comp>
  <id>Comp:15-3-0</id>
  <CPU>0.573Gf</CPU>
  <RAM>0.755GB</RAM>
  <DISK>0.139GB</DISK>
</comp>
<comp>
  <id>Comp:15-3-1</id>
  <CPU>0.573Gf</CPU>
  <RAM>0.755GB</RAM>
  <DISK>0.139GB</DISK>
</comp>
<comp>
  <id>Comp:15-3-2</id>
  <CPU>0.573Gf</CPU>
  <RAM>0.755GB</RAM>
  <DISK>0.139GB</DISK>
</comp>
<comp>
  <id>Comp:15-3-3</id>
  <CPU>0.573Gf</CPU>
  <RAM>0.755GB</RAM>
  <DISK>0.139GB</DISK>
</comp>
<comp>
  <id>Comp:15-3-4</id>
  <CPU>0.573Gf</CPU>
  <RAM>0.755GB</RAM>
  <DISK>0.139GB</DISK>
</comp>
<comp>
  <id>Comp:15-3-5</id>
  <CPU>0.573Gf</CPU>
  <RAM>0.755GB</RAM>
  <DISK>0.139GB</DISK>
</comp>
<comp>
  <id>Comp:15-3-6</id>
  <CPU>0.573Gf</CPU>
  <RAM>0.755GB</RAM>
  <DISK>0.139GB</DISK>
</comp>
<comp>
  <id>Comp:15-3-7</id>
  <CPU>0.573Gf</CPU>
  <RAM>0.755GB</RAM>
  <DISK>0.139GB</DISK>
</comp>
<comp>
  <id>Comp:15-3-8</id>
  <CPU>0.573Gf</CPU>
  <RAM>0.755GB</RAM>
  <DISK>0.139GB</DISK>
</comp>
<comp>
  <id>Comp:15-3-9</id>
  <CPU>0.573Gf</CPU>
  <RAM>0.755GB</RAM>
  <DISK>0.139GB</DISK>
</comp>
<comp>
  <id>Comp:15-4-0</id>
  <CPU>0.541Gf</CPU>
  <RAM>0.245GB</RAM>
  <DISK>1.24GB</DISK>
</comp>
<comp>
  <id>Comp:15-4-1</id>
  <CPU>0.541Gf</CPU>
  <RAM>0.245GB</RAM>
  <DISK>1.24GB</DISK>
</comp>
<comp>
  <id>Comp:15-4-2</id>
  <CPU>0.541Gf</CPU>
  <RAM>0.245GB</RAM>
  <DISK>1.24GB</DISK>
</comp>
<comp>
  <id>Comp:15-4-3</id>
  <CPU>0.541Gf</CPU>
  <RAM>0.245GB</RAM>
  <DISK>1.24GB</DISK>
</comp>
<comp>
  <id>Comp:15-4-4</id>
  <CPU>0.541Gf</CPU>
  <RAM>0.245GB</RAM>
  <DISK>1.24GB</DISK>
</comp>
<comp>
  <id>Comp:15-4-5</id>
  <CPU>0.541Gf</CPU>
  <RAM>0.245GB</RAM>
  <DISK>1.24GB</DISK>
</comp>
<comp>
  <id>Comp:15-4-6</id>
  <CPU>0.541Gf</CPU>
  <RAM>0.245GB</RAM>
  <DISK>1.24GB</DISK>
</comp>
<comp>
  <id>Comp:15-4-7</id>
  <CPU>0.541Gf</CPU>
  <RAM>0.245GB</RAM>
  <DISK>1.24GB</DISK>
</comp>
<comp>
  <id>Comp:15-4-8</id>
  <CPU>0.541Gf</CPU>
  <RAM>0.245GB</RAM>
  <DISK>1.24GB</DISK>
</comp>
<comp>
  <id>Comp:15-5-0</id>
  <CPU>0.167Gf</CPU>
  <RAM>0.909GB</RAM>
  <DISK>0.329GB</DISK>
</comp>
<comp>
  <id>Comp:15-5-1</id>
  <CPU>0.167Gf</CPU>
  <RAM>0.909GB</RAM>
  <DISK>0.329GB</DISK>
</comp>
<comp>
  <id>Comp:15-5-2</id>
  <CPU>0.167Gf</CPU>
  <RAM>0.909GB</RAM>
  <DISK>0.329GB</DISK>
</comp>
<comp>
  <id>Comp:15-6-0</id>
  <CPU>0.259Gf</CPU>
  <RAM>0.907GB</RAM>
  <DISK>0.578GB</DISK>
</comp>
<comp>
  <id>Comp:15-6-1</id>
  <CPU>0.259Gf</CPU>
  <RAM>0.907GB</RAM>
  <DISK>0.578GB</DISK>
</comp>
<comp>
  <id>Comp:15-6-2</id>
  <CPU>0.259Gf</CPU>
  <RAM>0.907GB</RAM>
  <DISK>0.578GB</DISK>
</comp>
<comp>
  <id>Comp:15-6-3</id>
  <CPU>0.259Gf</CPU>
  <RAM>0.907GB</RAM>
  <DISK>0.578GB</DISK>
</comp>
<comp>
  <id>Comp:15-6-4</id>
  <CPU>0.259Gf</CPU>
  <RAM>0.907GB</RAM>
  <DISK>0.578GB</DISK>
</comp>
<comp>
  <id>Comp:15-6-5</id>
  <CPU>0.259Gf</CPU>
  <RAM>0.907GB</RAM>
  <DISK>0.578GB</DISK>
</comp>
<comp>
  <id>Comp:15-6-6</id>
  <CPU>0.259Gf</CPU>
  <RAM>0.907GB</RAM>
  <DISK>0.578GB</DISK>
</comp>
<comp>
  <id>Comp:15-6-7</id>
  <CPU>0.259Gf</CPU>
  <RAM>0.907GB</RAM>
  <DISK>0.578GB</DISK>
</comp>
  <bind>Comp:15-1-0 Appliance-34 0.502MBps 26.2ms</bind>
  <bind>Appliance-34 Comp:15-1-0 0.502MBps 26.2ms</bind>
  <bind>Comp:15-1-1 Appliance-35 0.502MBps 26.2ms</bind>
  <bind>Appliance-35 Comp:15-1-1 0.502MBps 26.2ms</bind>
  <bind>Comp:15-1-2 Appliance-34 0.502MBps 26.2ms</bind>
  <bind>Appliance-34 Comp:15-1-2 0.502MBps 26.2ms</bind>
  <bind>Comp:15-1-3 Appliance-35 0.502MBps 26.2ms</bind>
  <bind>Appliance-35 Comp:15-1-3 0.502MBps 26.2ms</bind>
  <bind>Comp:15-1-4 Appliance-34 0.502MBps 26.2ms</bind>
  <bind>Appliance-34 Comp:15-1-4 0.502MBps 26.2ms</bind>
  <bind>Comp:15-1-5 Appliance-35 0.502MBps 26.2ms</bind>
  <bind>Appliance-35 Comp:15-1-5 0.502MBps 26.2ms</bind>
  <bind>Comp:15-1-6 Appliance-34 0.502MBps 26.2ms</bind>
  <bind>Appliance-34 Comp:15-1-6 0.502MBps 26.2ms</bind>
  <bind>Comp:15-1-7 Appliance-35 0.502MBps 26.2ms</bind>
  <bind>Appliance-35 Comp:15-1-7 0.502MBps 26.2ms</bind>
  <bind>Comp:15-2-0 Comp:15-1-0 0.895MBps 46.6ms</bind>
  <bind>Comp:15-1-0 Comp:15-2-0 0.895MBps 46.6ms</bind>
  <bind>Comp:15-2-1 Comp:15-1-1 0.895MBps 46.6ms</bind>
  <bind>Comp:15-1-1 Comp:15-2-1 0.895MBps 46.6ms</bind>
  <bind>Comp:15-2-0 Comp:15-1-2 0.895MBps 46.6ms</bind>
  <bind>Comp:15-1-2 Comp:15-2-0 0.895MBps 46.6ms</bind>
  <bind>Comp:15-2-1 Comp:15-1-3 0.895MBps 46.6ms</bind>
  <bind>Comp:15-1-3 Comp:15-2-1 0.895MBps 46.6ms</bind>
  <bind>Comp:15-2-0 Comp:15-1-4 0.895MBps 46.6ms</bind>
  <bind>Comp:15-1-4 Comp:15-2-0 0.895MBps 46.6ms</bind>
  <bind>Comp:15-2-1 Comp:15-1-5 0.895MBps 46.6ms</bind>
  <bind>Comp:15-1-5 Comp:15-2-1 0.895MBps 46.6ms</bind>
  <bind>Comp:15-2-0 Comp:15-1-6 0.895MBps 46.6ms</bind>
  <bind>Comp:15-1-6 Comp:15-2-0 0.895MBps 46.6ms</bind>
  <bind>Comp:15-2-1 Comp:15-1-7 0.895MBps 46.6ms</bind>
  <bind>Comp:15-1-7 Comp:15-2-1 0.895MBps 46.6ms</bind>
  <bind>Comp:15-3-0 Comp:15-2-0 0.841MBps 49.6ms</bind>
  <bind>Comp:15-2-0 Comp:15-3-0 0.841MBps 49.6ms</bind>
  <bind>Comp:15-3-1 Comp:15-2-1 0.841MBps 49.6ms</bind>
  <bind>Comp:15-2-1 Comp:15-3-1 0.841MBps 49.6ms</bind>
  <bind>Comp:15-3-2 Comp:15-2-0 0.841MBps 49.6ms</bind>
  <bind>Comp:15-2-0 Comp:15-3-2 0.841MBps 49.6ms</bind>
  <bind>Comp:15-3-3 Comp:15-2-1 0.841MBps 49.6ms</bind>
  <bind>Comp:15-2-1 Comp:15-3-3 0.841MBps 49.6ms</bind>
  <bind>Comp:15-3-4 Comp:15-2-0 0.841MBps 49.6ms</bind>
  <bind>Comp:15-2-0 Comp:15-3-4 0.841MBps 49.6ms</bind>
  <bind>Comp:15-3-5 Comp:15-2-1 0.841MBps 49.6ms</bind>
  <bind>Comp:15-2-1 Comp:15-3-5 0.841MBps 49.6ms</bind>
  <bind>Comp:15-3-6 Comp:15-2-0 0.841MBps 49.6ms</bind>
  <bind>Comp:15-2-0 Comp:15-3-6 0.841MBps 49.6ms</bind>
  <bind>Comp:15-3-7 Comp:15-2-1 0.841MBps 49.6ms</bind>
  <bind>Comp:15-2-1 Comp:15-3-7 0.841MBps 49.6ms</bind>
  <bind>Comp:15-3-8 Comp:15-2-0 0.841MBps 49.6ms</bind>
  <bind>Comp:15-2-0 Comp:15-3-8 0.841MBps 49.6ms</bind>
  <bind>Comp:15-3-9 Comp:15-2-1 0.841MBps 49.6ms</bind>
  <bind>Comp:15-2-1 Comp:15-3-9 0.841MBps 49.6ms</bind>
  <bind>Comp:15-4-0 Comp:15-3-0 0.618MBps 25.2ms</bind>
  <bind>Comp:15-3-0 Comp:15-4-0 0.618MBps 25.2ms</bind>
  <bind>Comp:15-4-1 Comp:15-3-1 0.618MBps 25.2ms</bind>
  <bind>Comp:15-3-1 Comp:15-4-1 0.618MBps 25.2ms</bind>
  <bind>Comp:15-4-2 Comp:15-3-2 0.618MBps 25.2ms</bind>
  <bind>Comp:15-3-2 Comp:15-4-2 0.618MBps 25.2ms</bind>
  <bind>Comp:15-4-3 Comp:15-3-3 0.618MBps 25.2ms</bind>
  <bind>Comp:15-3-3 Comp:15-4-3 0.618MBps 25.2ms</bind>
  <bind>Comp:15-4-4 Comp:15-3-4 0.618MBps 25.2ms</bind>
  <bind>Comp:15-3-4 Comp:15-4-4 0.618MBps 25.2ms</bind>
  <bind>Comp:15-4-5 Comp:15-3-5 0.618MBps 25.2ms</bind>
  <bind>Comp:15-3-5 Comp:15-4-5 0.618MBps 25.2ms</bind>
  <bind>Comp:15-4-6 Comp:15-3-6 0.618MBps 25.2ms</bind>
  <bind>Comp:15-3-6 Comp:15-4-6 0.618MBps 25.2ms</bind>
  <bind>Comp:15-4-7 Comp:15-3-7 0.618MBps 25.2ms</bind>
  <bind>Comp:15-3-7 Comp:15-4-7 0.618MBps 25.2ms</bind>
  <bind>Comp:15-4-8 Comp:15-3-8 0.618MBps 25.2ms</bind>
  <bind>Comp:15-3-8 Comp:15-4-8 0.618MBps 25.2ms</bind>
  <bind>Comp:15-4-0 Comp:15-3-9 0.618MBps 25.2ms</bind>
  <bind>Comp:15-3-9 Comp:15-4-0 0.618MBps 25.2ms</bind>
  <bind>Comp:15-5-0 Comp:15-4-0 0.908MBps 44.9ms</bind>
  <bind>Comp:15-4-0 Comp:15-5-0 0.908MBps 44.9ms</bind>
  <bind>Comp:15-5-1 Comp:15-4-1 0.908MBps 44.9ms</bind>
  <bind>Comp:15-4-1 Comp:15-5-1 0.908MBps 44.9ms</bind>
  <bind>Comp:15-5-2 Comp:15-4-2 0.908MBps 44.9ms</bind>
  <bind>Comp:15-4-2 Comp:15-5-2 0.908MBps 44.9ms</bind>
  <bind>Comp:15-5-0 Comp:15-4-3 0.908MBps 44.9ms</bind>
  <bind>Comp:15-4-3 Comp:15-5-0 0.908MBps 44.9ms</bind>
  <bind>Comp:15-5-1 Comp:15-4-4 0.908MBps 44.9ms</bind>
  <bind>Comp:15-4-4 Comp:15-5-1 0.908MBps 44.9ms</bind>
  <bind>Comp:15-5-2 Comp:15-4-5 0.908MBps 44.9ms</bind>
  <bind>Comp:15-4-5 Comp:15-5-2 0.908MBps 44.9ms</bind>
  <bind>Comp:15-5-0 Comp:15-4-6 0.908MBps 44.9ms</bind>
  <bind>Comp:15-4-6 Comp:15-5-0 0.908MBps 44.9ms</bind>
  <bind>Comp:15-5-1 Comp:15-4-7 0.908MBps 44.9ms</bind>
  <bind>Comp:15-4-7 Comp:15-5-1 0.908MBps 44.9ms</bind>
  <bind>Comp:15-5-2 Comp:15-4-8 0.908MBps 44.9ms</bind>
  <bind>Comp:15-4-8 Comp:15-5-2 0.908MBps 44.9ms</bind>
  <bind>Comp:15-5-0 Comp:15-6-0 0.406MBps 32.3ms</bind>
  <bind>Comp:15-6-0 Comp:15-5-0 0.406MBps 32.3ms</bind>
  <bind>Comp:15-5-1 Comp:15-6-1 0.406MBps 32.3ms</bind>
  <bind>Comp:15-6-1 Comp:15-5-1 0.406MBps 32.3ms</bind>
  <bind>Comp:15-5-2 Comp:15-6-2 0.406MBps 32.3ms</bind>
  <bind>Comp:15-6-2 Comp:15-5-2 0.406MBps 32.3ms</bind>
  <bind>Comp:15-5-0 Comp:15-6-3 0.406MBps 32.3ms</bind>
  <bind>Comp:15-6-3 Comp:15-5-0 0.406MBps 32.3ms</bind>
  <bind>Comp:15-5-1 Comp:15-6-4 0.406MBps 32.3ms</bind>
  <bind>Comp:15-6-4 Comp:15-5-1 0.406MBps 32.3ms</bind>
  <bind>Comp:15-5-2 Comp:15-6-5 0.406MBps 32.3ms</bind>
  <bind>Comp:15-6-5 Comp:15-5-2 0.406MBps 32.3ms</bind>
  <bind>Comp:15-5-0 Comp:15-6-6 0.406MBps 32.3ms</bind>
  <bind>Comp:15-6-6 Comp:15-5-0 0.406MBps 32.3ms</bind>
  <bind>Comp:15-5-1 Comp:15-6-7 0.406MBps 32.3ms</bind>
  <bind>Comp:15-6-7 Comp:15-5-1 0.406MBps 32.3ms</bind>
</app>
<app>
  <id>App16</id>
<comp>
  <id>Comp:16-0-0</id>
  <CPU>0.733Gf</CPU>
  <RAM>0.894GB</RAM>
  <DISK>0.911GB</DISK>
</comp>
<comp>
  <id>Comp:16-0-1</id>
  <CPU>0.733Gf</CPU>
  <RAM>0.894GB</RAM>
  <DISK>0.911GB</DISK>
</comp>
<comp>
  <id>Comp:16-0-2</id>
  <CPU>0.733Gf</CPU>
  <RAM>0.894GB</RAM>
  <DISK>0.911GB</DISK>
</comp>
<comp>
  <id>Comp:16-0-3</id>
  <CPU>0.733Gf</CPU>
  <RAM>0.894GB</RAM>
  <DISK>0.911GB</DISK>
</comp>
<comp>
  <id>Comp:16-0-4</id>
  <CPU>0.733Gf</CPU>
  <RAM>0.894GB</RAM>
  <DISK>0.911GB</DISK>
</comp>
<comp>
  <id>Comp:16-0-5</id>
  <CPU>0.733Gf</CPU>
  <RAM>0.894GB</RAM>
  <DISK>0.911GB</DISK>
</comp>
<comp>
  <id>Comp:16-0-6</id>
  <CPU>0.733Gf</CPU>
  <RAM>0.894GB</RAM>
  <DISK>0.911GB</DISK>
</comp>
<comp>
  <id>Comp:16-0-7</id>
  <CPU>0.733Gf</CPU>
  <RAM>0.894GB</RAM>
  <DISK>0.911GB</DISK>
</comp>
<comp>
  <id>Comp:16-0-8</id>
  <CPU>0.733Gf</CPU>
  <RAM>0.894GB</RAM>
  <DISK>0.911GB</DISK>
</comp>
<comp>
  <id>Comp:16-0-9</id>
  <CPU>0.733Gf</CPU>
  <RAM>0.894GB</RAM>
  <DISK>0.911GB</DISK>
</comp>
<comp>
  <id>Comp:16-1-0</id>
  <CPU>0.155Gf</CPU>
  <RAM>0.961GB</RAM>
  <DISK>0.886GB</DISK>
</comp>
<comp>
  <id>Comp:16-1-1</id>
  <CPU>0.155Gf</CPU>
  <RAM>0.961GB</RAM>
  <DISK>0.886GB</DISK>
</comp>
<comp>
  <id>Comp:16-2-0</id>
  <CPU>0.569Gf</CPU>
  <RAM>0.331GB</RAM>
  <DISK>1.03GB</DISK>
</comp>
<comp>
  <id>Comp:16-2-1</id>
  <CPU>0.569Gf</CPU>
  <RAM>0.331GB</RAM>
  <DISK>1.03GB</DISK>
</comp>
<comp>
  <id>Comp:16-2-2</id>
  <CPU>0.569Gf</CPU>
  <RAM>0.331GB</RAM>
  <DISK>1.03GB</DISK>
</comp>
<comp>
  <id>Comp:16-2-3</id>
  <CPU>0.569Gf</CPU>
  <RAM>0.331GB</RAM>
  <DISK>1.03GB</DISK>
</comp>
<comp>
  <id>Comp:16-2-4</id>
  <CPU>0.569Gf</CPU>
  <RAM>0.331GB</RAM>
  <DISK>1.03GB</DISK>
</comp>
<comp>
  <id>Comp:16-2-5</id>
  <CPU>0.569Gf</CPU>
  <RAM>0.331GB</RAM>
  <DISK>1.03GB</DISK>
</comp>
<comp>
  <id>Comp:16-2-6</id>
  <CPU>0.569Gf</CPU>
  <RAM>0.331GB</RAM>
  <DISK>1.03GB</DISK>
</comp>
<comp>
  <id>Comp:16-3-0</id>
  <CPU>0.245Gf</CPU>
  <RAM>0.66GB</RAM>
  <DISK>1.38GB</DISK>
</comp>
<comp>
  <id>Comp:16-3-1</id>
  <CPU>0.245Gf</CPU>
  <RAM>0.66GB</RAM>
  <DISK>1.38GB</DISK>
</comp>
  <bind>Comp:16-1-0 Comp:16-0-0 0.0546MBps 29.0ms</bind>
  <bind>Comp:16-0-0 Comp:16-1-0 0.0546MBps 29.0ms</bind>
  <bind>Comp:16-1-1 Comp:16-0-1 0.0546MBps 29.0ms</bind>
  <bind>Comp:16-0-1 Comp:16-1-1 0.0546MBps 29.0ms</bind>
  <bind>Comp:16-1-0 Comp:16-0-2 0.0546MBps 29.0ms</bind>
  <bind>Comp:16-0-2 Comp:16-1-0 0.0546MBps 29.0ms</bind>
  <bind>Comp:16-1-1 Comp:16-0-3 0.0546MBps 29.0ms</bind>
  <bind>Comp:16-0-3 Comp:16-1-1 0.0546MBps 29.0ms</bind>
  <bind>Comp:16-1-0 Comp:16-0-4 0.0546MBps 29.0ms</bind>
  <bind>Comp:16-0-4 Comp:16-1-0 0.0546MBps 29.0ms</bind>
  <bind>Comp:16-1-1 Comp:16-0-5 0.0546MBps 29.0ms</bind>
  <bind>Comp:16-0-5 Comp:16-1-1 0.0546MBps 29.0ms</bind>
  <bind>Comp:16-1-0 Comp:16-0-6 0.0546MBps 29.0ms</bind>
  <bind>Comp:16-0-6 Comp:16-1-0 0.0546MBps 29.0ms</bind>
  <bind>Comp:16-1-1 Comp:16-0-7 0.0546MBps 29.0ms</bind>
  <bind>Comp:16-0-7 Comp:16-1-1 0.0546MBps 29.0ms</bind>
  <bind>Comp:16-1-0 Comp:16-0-8 0.0546MBps 29.0ms</bind>
  <bind>Comp:16-0-8 Comp:16-1-0 0.0546MBps 29.0ms</bind>
  <bind>Comp:16-1-1 Comp:16-0-9 0.0546MBps 29.0ms</bind>
  <bind>Comp:16-0-9 Comp:16-1-1 0.0546MBps 29.0ms</bind>
  <bind>Comp:16-2-0 Comp:16-1-0 0.1MBps 48.8ms</bind>
  <bind>Comp:16-1-0 Comp:16-2-0 0.1MBps 48.8ms</bind>
  <bind>Comp:16-2-1 Comp:16-1-1 0.1MBps 48.8ms</bind>
  <bind>Comp:16-1-1 Comp:16-2-1 0.1MBps 48.8ms</bind>
  <bind>Comp:16-2-2 Comp:16-1-0 0.1MBps 48.8ms</bind>
  <bind>Comp:16-1-0 Comp:16-2-2 0.1MBps 48.8ms</bind>
  <bind>Comp:16-2-3 Comp:16-1-1 0.1MBps 48.8ms</bind>
  <bind>Comp:16-1-1 Comp:16-2-3 0.1MBps 48.8ms</bind>
  <bind>Comp:16-2-4 Comp:16-1-0 0.1MBps 48.8ms</bind>
  <bind>Comp:16-1-0 Comp:16-2-4 0.1MBps 48.8ms</bind>
  <bind>Comp:16-2-5 Comp:16-1-1 0.1MBps 48.8ms</bind>
  <bind>Comp:16-1-1 Comp:16-2-5 0.1MBps 48.8ms</bind>
  <bind>Comp:16-2-6 Comp:16-1-0 0.1MBps 48.8ms</bind>
  <bind>Comp:16-1-0 Comp:16-2-6 0.1MBps 48.8ms</bind>
  <bind>Comp:16-3-0 Comp:16-2-0 0.0717MBps 46.1ms</bind>
  <bind>Comp:16-2-0 Comp:16-3-0 0.0717MBps 46.1ms</bind>
  <bind>Comp:16-3-1 Comp:16-2-1 0.0717MBps 46.1ms</bind>
  <bind>Comp:16-2-1 Comp:16-3-1 0.0717MBps 46.1ms</bind>
  <bind>Comp:16-3-0 Comp:16-2-2 0.0717MBps 46.1ms</bind>
  <bind>Comp:16-2-2 Comp:16-3-0 0.0717MBps 46.1ms</bind>
  <bind>Comp:16-3-1 Comp:16-2-3 0.0717MBps 46.1ms</bind>
  <bind>Comp:16-2-3 Comp:16-3-1 0.0717MBps 46.1ms</bind>
  <bind>Comp:16-3-0 Comp:16-2-4 0.0717MBps 46.1ms</bind>
  <bind>Comp:16-2-4 Comp:16-3-0 0.0717MBps 46.1ms</bind>
  <bind>Comp:16-3-1 Comp:16-2-5 0.0717MBps 46.1ms</bind>
  <bind>Comp:16-2-5 Comp:16-3-1 0.0717MBps 46.1ms</bind>
  <bind>Comp:16-3-0 Comp:16-2-6 0.0717MBps 46.1ms</bind>
  <bind>Comp:16-2-6 Comp:16-3-0 0.0717MBps 46.1ms</bind>
  <bind>Comp:16-3-0 Appliance-37 0.562MBps 32.4ms</bind>
  <bind>Appliance-37 Comp:16-3-0 0.562MBps 32.4ms</bind>
  <bind>Comp:16-3-1 Appliance-7 0.562MBps 32.4ms</bind>
  <bind>Appliance-7 Comp:16-3-1 0.562MBps 32.4ms</bind>
  <bind>Comp:16-3-0 Appliance-7 0.562MBps 32.4ms</bind>
  <bind>Appliance-7 Comp:16-3-0 0.562MBps 32.4ms</bind>
  <bind>Comp:16-3-1 Appliance-4 0.562MBps 32.4ms</bind>
  <bind>Appliance-4 Comp:16-3-1 0.562MBps 32.4ms</bind>
  <bind>Comp:16-3-0 Appliance-22 0.562MBps 32.4ms</bind>
  <bind>Appliance-22 Comp:16-3-0 0.562MBps 32.4ms</bind>
  <bind>Comp:16-3-1 Appliance-37 0.562MBps 32.4ms</bind>
  <bind>Appliance-37 Comp:16-3-1 0.562MBps 32.4ms</bind>
  <bind>Comp:16-3-0 Appliance-28 0.562MBps 32.4ms</bind>
  <bind>Appliance-28 Comp:16-3-0 0.562MBps 32.4ms</bind>
  <bind>Comp:16-3-1 Appliance-36 0.562MBps 32.4ms</bind>
  <bind>Appliance-36 Comp:16-3-1 0.562MBps 32.4ms</bind>
  <bind>Comp:16-3-0 Appliance-2 0.562MBps 32.4ms</bind>
  <bind>Appliance-2 Comp:16-3-0 0.562MBps 32.4ms</bind>
  <bind>Comp:16-3-1 Appliance-22 0.562MBps 32.4ms</bind>
  <bind>Appliance-22 Comp:16-3-1 0.562MBps 32.4ms</bind>
</app>
<app>
  <id>App17</id>
<comp>
  <id>Comp:17-0-0</id>
  <CPU>0.102Gf</CPU>
  <RAM>0.235GB</RAM>
  <DISK>1.63GB</DISK>
</comp>
<comp>
  <id>Comp:17-0-1</id>
  <CPU>0.102Gf</CPU>
  <RAM>0.235GB</RAM>
  <DISK>1.63GB</DISK>
</comp>
<comp>
  <id>Comp:17-0-2</id>
  <CPU>0.102Gf</CPU>
  <RAM>0.235GB</RAM>
  <DISK>1.63GB</DISK>
</comp>
<comp>
  <id>Comp:17-0-3</id>
  <CPU>0.102Gf</CPU>
  <RAM>0.235GB</RAM>
  <DISK>1.63GB</DISK>
</comp>
<comp>
  <id>Comp:17-0-4</id>
  <CPU>0.102Gf</CPU>
  <RAM>0.235GB</RAM>
  <DISK>1.63GB</DISK>
</comp>
<comp>
  <id>Comp:17-0-5</id>
  <CPU>0.102Gf</CPU>
  <RAM>0.235GB</RAM>
  <DISK>1.63GB</DISK>
</comp>
<comp>
  <id>Comp:17-0-6</id>
  <CPU>0.102Gf</CPU>
  <RAM>0.235GB</RAM>
  <DISK>1.63GB</DISK>
</comp>
<comp>
  <id>Comp:17-1-0</id>
  <CPU>0.661Gf</CPU>
  <RAM>0.255GB</RAM>
  <DISK>1.28GB</DISK>
</comp>
<comp>
  <id>Comp:17-2-0</id>
  <CPU>0.552Gf</CPU>
  <RAM>0.328GB</RAM>
  <DISK>0.237GB</DISK>
</comp>
<comp>
  <id>Comp:17-2-1</id>
  <CPU>0.552Gf</CPU>
  <RAM>0.328GB</RAM>
  <DISK>0.237GB</DISK>
</comp>
<comp>
  <id>Comp:17-2-2</id>
  <CPU>0.552Gf</CPU>
  <RAM>0.328GB</RAM>
  <DISK>0.237GB</DISK>
</comp>
<comp>
  <id>Comp:17-3-0</id>
  <CPU>0.706Gf</CPU>
  <RAM>0.437GB</RAM>
  <DISK>1.65GB</DISK>
</comp>
<comp>
  <id>Comp:17-3-1</id>
  <CPU>0.706Gf</CPU>
  <RAM>0.437GB</RAM>
  <DISK>1.65GB</DISK>
</comp>
<comp>
  <id>Comp:17-4-0</id>
  <CPU>0.277Gf</CPU>
  <RAM>0.355GB</RAM>
  <DISK>0.858GB</DISK>
</comp>
<comp>
  <id>Comp:17-4-1</id>
  <CPU>0.277Gf</CPU>
  <RAM>0.355GB</RAM>
  <DISK>0.858GB</DISK>
</comp>
<comp>
  <id>Comp:17-4-2</id>
  <CPU>0.277Gf</CPU>
  <RAM>0.355GB</RAM>
  <DISK>0.858GB</DISK>
</comp>
<comp>
  <id>Comp:17-4-3</id>
  <CPU>0.277Gf</CPU>
  <RAM>0.355GB</RAM>
  <DISK>0.858GB</DISK>
</comp>
<comp>
  <id>Comp:17-4-4</id>
  <CPU>0.277Gf</CPU>
  <RAM>0.355GB</RAM>
  <DISK>0.858GB</DISK>
</comp>
<comp>
  <id>Comp:17-4-5</id>
  <CPU>0.277Gf</CPU>
  <RAM>0.355GB</RAM>
  <DISK>0.858GB</DISK>
</comp>
<comp>
  <id>Comp:17-4-6</id>
  <CPU>0.277Gf</CPU>
  <RAM>0.355GB</RAM>
  <DISK>0.858GB</DISK>
</comp>
<comp>
  <id>Comp:17-4-7</id>
  <CPU>0.277Gf</CPU>
  <RAM>0.355GB</RAM>
  <DISK>0.858GB</DISK>
</comp>
<comp>
  <id>Comp:17-5-0</id>
  <CPU>0.503Gf</CPU>
  <RAM>0.798GB</RAM>
  <DISK>0.481GB</DISK>
</comp>
<comp>
  <id>Comp:17-5-1</id>
  <CPU>0.503Gf</CPU>
  <RAM>0.798GB</RAM>
  <DISK>0.481GB</DISK>
</comp>
<comp>
  <id>Comp:17-5-2</id>
  <CPU>0.503Gf</CPU>
  <RAM>0.798GB</RAM>
  <DISK>0.481GB</DISK>
</comp>
<comp>
  <id>Comp:17-5-3</id>
  <CPU>0.503Gf</CPU>
  <RAM>0.798GB</RAM>
  <DISK>0.481GB</DISK>
</comp>
<comp>
  <id>Comp:17-5-4</id>
  <CPU>0.503Gf</CPU>
  <RAM>0.798GB</RAM>
  <DISK>0.481GB</DISK>
</comp>
<comp>
  <id>Comp:17-5-5</id>
  <CPU>0.503Gf</CPU>
  <RAM>0.798GB</RAM>
  <DISK>0.481GB</DISK>
</comp>
<comp>
  <id>Comp:17-5-6</id>
  <CPU>0.503Gf</CPU>
  <RAM>0.798GB</RAM>
  <DISK>0.481GB</DISK>
</comp>
<comp>
  <id>Comp:17-5-7</id>
  <CPU>0.503Gf</CPU>
  <RAM>0.798GB</RAM>
  <DISK>0.481GB</DISK>
</comp>
  <bind>Comp:17-1-0 Comp:17-0-0 0.64MBps 41.8ms</bind>
  <bind>Comp:17-0-0 Comp:17-1-0 0.64MBps 41.8ms</bind>
  <bind>Comp:17-1-0 Comp:17-0-1 0.64MBps 41.8ms</bind>
  <bind>Comp:17-0-1 Comp:17-1-0 0.64MBps 41.8ms</bind>
  <bind>Comp:17-1-0 Comp:17-0-2 0.64MBps 41.8ms</bind>
  <bind>Comp:17-0-2 Comp:17-1-0 0.64MBps 41.8ms</bind>
  <bind>Comp:17-1-0 Comp:17-0-3 0.64MBps 41.8ms</bind>
  <bind>Comp:17-0-3 Comp:17-1-0 0.64MBps 41.8ms</bind>
  <bind>Comp:17-1-0 Comp:17-0-4 0.64MBps 41.8ms</bind>
  <bind>Comp:17-0-4 Comp:17-1-0 0.64MBps 41.8ms</bind>
  <bind>Comp:17-1-0 Comp:17-0-5 0.64MBps 41.8ms</bind>
  <bind>Comp:17-0-5 Comp:17-1-0 0.64MBps 41.8ms</bind>
  <bind>Comp:17-1-0 Comp:17-0-6 0.64MBps 41.8ms</bind>
  <bind>Comp:17-0-6 Comp:17-1-0 0.64MBps 41.8ms</bind>
  <bind>Comp:17-2-0 Comp:17-1-0 0.5MBps 38.1ms</bind>
  <bind>Comp:17-1-0 Comp:17-2-0 0.5MBps 38.1ms</bind>
  <bind>Comp:17-2-1 Comp:17-1-0 0.5MBps 38.1ms</bind>
  <bind>Comp:17-1-0 Comp:17-2-1 0.5MBps 38.1ms</bind>
  <bind>Comp:17-2-2 Comp:17-1-0 0.5MBps 38.1ms</bind>
  <bind>Comp:17-1-0 Comp:17-2-2 0.5MBps 38.1ms</bind>
  <bind>Comp:17-3-0 Comp:17-2-0 0.88MBps 41.9ms</bind>
  <bind>Comp:17-2-0 Comp:17-3-0 0.88MBps 41.9ms</bind>
  <bind>Comp:17-3-1 Comp:17-2-1 0.88MBps 41.9ms</bind>
  <bind>Comp:17-2-1 Comp:17-3-1 0.88MBps 41.9ms</bind>
  <bind>Comp:17-3-0 Comp:17-2-2 0.88MBps 41.9ms</bind>
  <bind>Comp:17-2-2 Comp:17-3-0 0.88MBps 41.9ms</bind>
  <bind>Comp:17-4-0 Comp:17-3-0 0.762MBps 31.2ms</bind>
  <bind>Comp:17-3-0 Comp:17-4-0 0.762MBps 31.2ms</bind>
  <bind>Comp:17-4-1 Comp:17-3-1 0.762MBps 31.2ms</bind>
  <bind>Comp:17-3-1 Comp:17-4-1 0.762MBps 31.2ms</bind>
  <bind>Comp:17-4-2 Comp:17-3-0 0.762MBps 31.2ms</bind>
  <bind>Comp:17-3-0 Comp:17-4-2 0.762MBps 31.2ms</bind>
  <bind>Comp:17-4-3 Comp:17-3-1 0.762MBps 31.2ms</bind>
  <bind>Comp:17-3-1 Comp:17-4-3 0.762MBps 31.2ms</bind>
  <bind>Comp:17-4-4 Comp:17-3-0 0.762MBps 31.2ms</bind>
  <bind>Comp:17-3-0 Comp:17-4-4 0.762MBps 31.2ms</bind>
  <bind>Comp:17-4-5 Comp:17-3-1 0.762MBps 31.2ms</bind>
  <bind>Comp:17-3-1 Comp:17-4-5 0.762MBps 31.2ms</bind>
  <bind>Comp:17-4-6 Comp:17-3-0 0.762MBps 31.2ms</bind>
  <bind>Comp:17-3-0 Comp:17-4-6 0.762MBps 31.2ms</bind>
  <bind>Comp:17-4-7 Comp:17-3-1 0.762MBps 31.2ms</bind>
  <bind>Comp:17-3-1 Comp:17-4-7 0.762MBps 31.2ms</bind>
  <bind>Comp:17-5-0 Comp:17-4-0 0.243MBps 34.9ms</bind>
  <bind>Comp:17-4-0 Comp:17-5-0 0.243MBps 34.9ms</bind>
  <bind>Comp:17-5-1 Comp:17-4-1 0.243MBps 34.9ms</bind>
  <bind>Comp:17-4-1 Comp:17-5-1 0.243MBps 34.9ms</bind>
  <bind>Comp:17-5-2 Comp:17-4-2 0.243MBps 34.9ms</bind>
  <bind>Comp:17-4-2 Comp:17-5-2 0.243MBps 34.9ms</bind>
  <bind>Comp:17-5-3 Comp:17-4-3 0.243MBps 34.9ms</bind>
  <bind>Comp:17-4-3 Comp:17-5-3 0.243MBps 34.9ms</bind>
  <bind>Comp:17-5-4 Comp:17-4-4 0.243MBps 34.9ms</bind>
  <bind>Comp:17-4-4 Comp:17-5-4 0.243MBps 34.9ms</bind>
  <bind>Comp:17-5-5 Comp:17-4-5 0.243MBps 34.9ms</bind>
  <bind>Comp:17-4-5 Comp:17-5-5 0.243MBps 34.9ms</bind>
  <bind>Comp:17-5-6 Comp:17-4-6 0.243MBps 34.9ms</bind>
  <bind>Comp:17-4-6 Comp:17-5-6 0.243MBps 34.9ms</bind>
  <bind>Comp:17-5-7 Comp:17-4-7 0.243MBps 34.9ms</bind>
  <bind>Comp:17-4-7 Comp:17-5-7 0.243MBps 34.9ms</bind>
  <bind>Comp:17-5-0 Appliance-3 0.304MBps 36.1ms</bind>
  <bind>Appliance-3 Comp:17-5-0 0.304MBps 36.1ms</bind>
  <bind>Comp:17-5-1 Appliance-3 0.304MBps 36.1ms</bind>
  <bind>Appliance-3 Comp:17-5-1 0.304MBps 36.1ms</bind>
  <bind>Comp:17-5-2 Appliance-32 0.304MBps 36.1ms</bind>
  <bind>Appliance-32 Comp:17-5-2 0.304MBps 36.1ms</bind>
  <bind>Comp:17-5-3 Appliance-10 0.304MBps 36.1ms</bind>
  <bind>Appliance-10 Comp:17-5-3 0.304MBps 36.1ms</bind>
  <bind>Comp:17-5-4 Appliance-27 0.304MBps 36.1ms</bind>
  <bind>Appliance-27 Comp:17-5-4 0.304MBps 36.1ms</bind>
  <bind>Comp:17-5-5 Appliance-4 0.304MBps 36.1ms</bind>
  <bind>Appliance-4 Comp:17-5-5 0.304MBps 36.1ms</bind>
  <bind>Comp:17-5-6 Appliance-37 0.304MBps 36.1ms</bind>
  <bind>Appliance-37 Comp:17-5-6 0.304MBps 36.1ms</bind>
  <bind>Comp:17-5-7 Appliance-3 0.304MBps 36.1ms</bind>
  <bind>Appliance-3 Comp:17-5-7 0.304MBps 36.1ms</bind>
</app>
<app>
  <id>App18</id>
<comp>
  <id>Comp:18-0-0</id>
  <CPU>0.401Gf</CPU>
  <RAM>0.42GB</RAM>
  <DISK>0.895GB</DISK>
</comp>
<comp>
  <id>Comp:18-0-1</id>
  <CPU>0.401Gf</CPU>
  <RAM>0.42GB</RAM>
  <DISK>0.895GB</DISK>
</comp>
<comp>
  <id>Comp:18-0-2</id>
  <CPU>0.401Gf</CPU>
  <RAM>0.42GB</RAM>
  <DISK>0.895GB</DISK>
</comp>
<comp>
  <id>Comp:18-0-3</id>
  <CPU>0.401Gf</CPU>
  <RAM>0.42GB</RAM>
  <DISK>0.895GB</DISK>
</comp>
<comp>
  <id>Comp:18-0-4</id>
  <CPU>0.401Gf</CPU>
  <RAM>0.42GB</RAM>
  <DISK>0.895GB</DISK>
</comp>
<comp>
  <id>Comp:18-0-5</id>
  <CPU>0.401Gf</CPU>
  <RAM>0.42GB</RAM>
  <DISK>0.895GB</DISK>
</comp>
<comp>
  <id>Comp:18-0-6</id>
  <CPU>0.401Gf</CPU>
  <RAM>0.42GB</RAM>
  <DISK>0.895GB</DISK>
</comp>
<comp>
  <id>Comp:18-0-7</id>
  <CPU>0.401Gf</CPU>
  <RAM>0.42GB</RAM>
  <DISK>0.895GB</DISK>
</comp>
<comp>
  <id>Comp:18-0-8</id>
  <CPU>0.401Gf</CPU>
  <RAM>0.42GB</RAM>
  <DISK>0.895GB</DISK>
</comp>
<comp>
  <id>Comp:18-1-0</id>
  <CPU>0.964Gf</CPU>
  <RAM>0.511GB</RAM>
  <DISK>0.319GB</DISK>
</comp>
<comp>
  <id>Comp:18-1-1</id>
  <CPU>0.964Gf</CPU>
  <RAM>0.511GB</RAM>
  <DISK>0.319GB</DISK>
</comp>
<comp>
  <id>Comp:18-1-2</id>
  <CPU>0.964Gf</CPU>
  <RAM>0.511GB</RAM>
  <DISK>0.319GB</DISK>
</comp>
<comp>
  <id>Comp:18-1-3</id>
  <CPU>0.964Gf</CPU>
  <RAM>0.511GB</RAM>
  <DISK>0.319GB</DISK>
</comp>
<comp>
  <id>Comp:18-1-4</id>
  <CPU>0.964Gf</CPU>
  <RAM>0.511GB</RAM>
  <DISK>0.319GB</DISK>
</comp>
<comp>
  <id>Comp:18-2-0</id>
  <CPU>0.357Gf</CPU>
  <RAM>0.984GB</RAM>
  <DISK>0.0968GB</DISK>
</comp>
<comp>
  <id>Comp:18-2-1</id>
  <CPU>0.357Gf</CPU>
  <RAM>0.984GB</RAM>
  <DISK>0.0968GB</DISK>
</comp>
<comp>
  <id>Comp:18-2-2</id>
  <CPU>0.357Gf</CPU>
  <RAM>0.984GB</RAM>
  <DISK>0.0968GB</DISK>
</comp>
<comp>
  <id>Comp:18-2-3</id>
  <CPU>0.357Gf</CPU>
  <RAM>0.984GB</RAM>
  <DISK>0.0968GB</DISK>
</comp>
<comp>
  <id>Comp:18-2-4</id>
  <CPU>0.357Gf</CPU>
  <RAM>0.984GB</RAM>
  <DISK>0.0968GB</DISK>
</comp>
<comp>
  <id>Comp:18-2-5</id>
  <CPU>0.357Gf</CPU>
  <RAM>0.984GB</RAM>
  <DISK>0.0968GB</DISK>
</comp>
<comp>
  <id>Comp:18-3-0</id>
  <CPU>0.874Gf</CPU>
  <RAM>0.514GB</RAM>
  <DISK>1.7GB</DISK>
</comp>
<comp>
  <id>Comp:18-4-0</id>
  <CPU>0.452Gf</CPU>
  <RAM>0.127GB</RAM>
  <DISK>1.41GB</DISK>
</comp>
<comp>
  <id>Comp:18-4-1</id>
  <CPU>0.452Gf</CPU>
  <RAM>0.127GB</RAM>
  <DISK>1.41GB</DISK>
</comp>
<comp>
  <id>Comp:18-4-2</id>
  <CPU>0.452Gf</CPU>
  <RAM>0.127GB</RAM>
  <DISK>1.41GB</DISK>
</comp>
<comp>
  <id>Comp:18-4-3</id>
  <CPU>0.452Gf</CPU>
  <RAM>0.127GB</RAM>
  <DISK>1.41GB</DISK>
</comp>
<comp>
  <id>Comp:18-4-4</id>
  <CPU>0.452Gf</CPU>
  <RAM>0.127GB</RAM>
  <DISK>1.41GB</DISK>
</comp>
<comp>
  <id>Comp:18-4-5</id>
  <CPU>0.452Gf</CPU>
  <RAM>0.127GB</RAM>
  <DISK>1.41GB</DISK>
</comp>
<comp>
  <id>Comp:18-4-6</id>
  <CPU>0.452Gf</CPU>
  <RAM>0.127GB</RAM>
  <DISK>1.41GB</DISK>
</comp>
<comp>
  <id>Comp:18-4-7</id>
  <CPU>0.452Gf</CPU>
  <RAM>0.127GB</RAM>
  <DISK>1.41GB</DISK>
</comp>
<comp>
  <id>Comp:18-4-8</id>
  <CPU>0.452Gf</CPU>
  <RAM>0.127GB</RAM>
  <DISK>1.41GB</DISK>
</comp>
<comp>
  <id>Comp:18-5-0</id>
  <CPU>0.835Gf</CPU>
  <RAM>0.267GB</RAM>
  <DISK>1.4GB</DISK>
</comp>
<comp>
  <id>Comp:18-5-1</id>
  <CPU>0.835Gf</CPU>
  <RAM>0.267GB</RAM>
  <DISK>1.4GB</DISK>
</comp>
<comp>
  <id>Comp:18-5-2</id>
  <CPU>0.835Gf</CPU>
  <RAM>0.267GB</RAM>
  <DISK>1.4GB</DISK>
</comp>
<comp>
  <id>Comp:18-5-3</id>
  <CPU>0.835Gf</CPU>
  <RAM>0.267GB</RAM>
  <DISK>1.4GB</DISK>
</comp>
  <bind>Comp:18-1-0 Comp:18-0-0 0.352MBps 49.4ms</bind>
  <bind>Comp:18-0-0 Comp:18-1-0 0.352MBps 49.4ms</bind>
  <bind>Comp:18-1-1 Comp:18-0-1 0.352MBps 49.4ms</bind>
  <bind>Comp:18-0-1 Comp:18-1-1 0.352MBps 49.4ms</bind>
  <bind>Comp:18-1-2 Comp:18-0-2 0.352MBps 49.4ms</bind>
  <bind>Comp:18-0-2 Comp:18-1-2 0.352MBps 49.4ms</bind>
  <bind>Comp:18-1-3 Comp:18-0-3 0.352MBps 49.4ms</bind>
  <bind>Comp:18-0-3 Comp:18-1-3 0.352MBps 49.4ms</bind>
  <bind>Comp:18-1-4 Comp:18-0-4 0.352MBps 49.4ms</bind>
  <bind>Comp:18-0-4 Comp:18-1-4 0.352MBps 49.4ms</bind>
  <bind>Comp:18-1-0 Comp:18-0-5 0.352MBps 49.4ms</bind>
  <bind>Comp:18-0-5 Comp:18-1-0 0.352MBps 49.4ms</bind>
  <bind>Comp:18-1-1 Comp:18-0-6 0.352MBps 49.4ms</bind>
  <bind>Comp:18-0-6 Comp:18-1-1 0.352MBps 49.4ms</bind>
  <bind>Comp:18-1-2 Comp:18-0-7 0.352MBps 49.4ms</bind>
  <bind>Comp:18-0-7 Comp:18-1-2 0.352MBps 49.4ms</bind>
  <bind>Comp:18-1-3 Comp:18-0-8 0.352MBps 49.4ms</bind>
  <bind>Comp:18-0-8 Comp:18-1-3 0.352MBps 49.4ms</bind>
  <bind>Comp:18-2-0 Comp:18-1-0 0.819MBps 33.4ms</bind>
  <bind>Comp:18-1-0 Comp:18-2-0 0.819MBps 33.4ms</bind>
  <bind>Comp:18-2-1 Comp:18-1-1 0.819MBps 33.4ms</bind>
  <bind>Comp:18-1-1 Comp:18-2-1 0.819MBps 33.4ms</bind>
  <bind>Comp:18-2-2 Comp:18-1-2 0.819MBps 33.4ms</bind>
  <bind>Comp:18-1-2 Comp:18-2-2 0.819MBps 33.4ms</bind>
  <bind>Comp:18-2-3 Comp:18-1-3 0.819MBps 33.4ms</bind>
  <bind>Comp:18-1-3 Comp:18-2-3 0.819MBps 33.4ms</bind>
  <bind>Comp:18-2-4 Comp:18-1-4 0.819MBps 33.4ms</bind>
  <bind>Comp:18-1-4 Comp:18-2-4 0.819MBps 33.4ms</bind>
  <bind>Comp:18-2-5 Comp:18-1-0 0.819MBps 33.4ms</bind>
  <bind>Comp:18-1-0 Comp:18-2-5 0.819MBps 33.4ms</bind>
  <bind>Comp:18-3-0 Comp:18-2-0 0.625MBps 32.8ms</bind>
  <bind>Comp:18-2-0 Comp:18-3-0 0.625MBps 32.8ms</bind>
  <bind>Comp:18-3-0 Comp:18-2-1 0.625MBps 32.8ms</bind>
  <bind>Comp:18-2-1 Comp:18-3-0 0.625MBps 32.8ms</bind>
  <bind>Comp:18-3-0 Comp:18-2-2 0.625MBps 32.8ms</bind>
  <bind>Comp:18-2-2 Comp:18-3-0 0.625MBps 32.8ms</bind>
  <bind>Comp:18-3-0 Comp:18-2-3 0.625MBps 32.8ms</bind>
  <bind>Comp:18-2-3 Comp:18-3-0 0.625MBps 32.8ms</bind>
  <bind>Comp:18-3-0 Comp:18-2-4 0.625MBps 32.8ms</bind>
  <bind>Comp:18-2-4 Comp:18-3-0 0.625MBps 32.8ms</bind>
  <bind>Comp:18-3-0 Comp:18-2-5 0.625MBps 32.8ms</bind>
  <bind>Comp:18-2-5 Comp:18-3-0 0.625MBps 32.8ms</bind>
  <bind>Comp:18-4-0 Comp:18-3-0 0.731MBps 42.3ms</bind>
  <bind>Comp:18-3-0 Comp:18-4-0 0.731MBps 42.3ms</bind>
  <bind>Comp:18-4-1 Comp:18-3-0 0.731MBps 42.3ms</bind>
  <bind>Comp:18-3-0 Comp:18-4-1 0.731MBps 42.3ms</bind>
  <bind>Comp:18-4-2 Comp:18-3-0 0.731MBps 42.3ms</bind>
  <bind>Comp:18-3-0 Comp:18-4-2 0.731MBps 42.3ms</bind>
  <bind>Comp:18-4-3 Comp:18-3-0 0.731MBps 42.3ms</bind>
  <bind>Comp:18-3-0 Comp:18-4-3 0.731MBps 42.3ms</bind>
  <bind>Comp:18-4-4 Comp:18-3-0 0.731MBps 42.3ms</bind>
  <bind>Comp:18-3-0 Comp:18-4-4 0.731MBps 42.3ms</bind>
  <bind>Comp:18-4-5 Comp:18-3-0 0.731MBps 42.3ms</bind>
  <bind>Comp:18-3-0 Comp:18-4-5 0.731MBps 42.3ms</bind>
  <bind>Comp:18-4-6 Comp:18-3-0 0.731MBps 42.3ms</bind>
  <bind>Comp:18-3-0 Comp:18-4-6 0.731MBps 42.3ms</bind>
  <bind>Comp:18-4-7 Comp:18-3-0 0.731MBps 42.3ms</bind>
  <bind>Comp:18-3-0 Comp:18-4-7 0.731MBps 42.3ms</bind>
  <bind>Comp:18-4-8 Comp:18-3-0 0.731MBps 42.3ms</bind>
  <bind>Comp:18-3-0 Comp:18-4-8 0.731MBps 42.3ms</bind>
  <bind>Comp:18-5-0 Comp:18-4-0 0.955MBps 36.1ms</bind>
  <bind>Comp:18-4-0 Comp:18-5-0 0.955MBps 36.1ms</bind>
  <bind>Comp:18-5-1 Comp:18-4-1 0.955MBps 36.1ms</bind>
  <bind>Comp:18-4-1 Comp:18-5-1 0.955MBps 36.1ms</bind>
  <bind>Comp:18-5-2 Comp:18-4-2 0.955MBps 36.1ms</bind>
  <bind>Comp:18-4-2 Comp:18-5-2 0.955MBps 36.1ms</bind>
  <bind>Comp:18-5-3 Comp:18-4-3 0.955MBps 36.1ms</bind>
  <bind>Comp:18-4-3 Comp:18-5-3 0.955MBps 36.1ms</bind>
  <bind>Comp:18-5-0 Comp:18-4-4 0.955MBps 36.1ms</bind>
  <bind>Comp:18-4-4 Comp:18-5-0 0.955MBps 36.1ms</bind>
  <bind>Comp:18-5-1 Comp:18-4-5 0.955MBps 36.1ms</bind>
  <bind>Comp:18-4-5 Comp:18-5-1 0.955MBps 36.1ms</bind>
  <bind>Comp:18-5-2 Comp:18-4-6 0.955MBps 36.1ms</bind>
  <bind>Comp:18-4-6 Comp:18-5-2 0.955MBps 36.1ms</bind>
  <bind>Comp:18-5-3 Comp:18-4-7 0.955MBps 36.1ms</bind>
  <bind>Comp:18-4-7 Comp:18-5-3 0.955MBps 36.1ms</bind>
  <bind>Comp:18-5-0 Comp:18-4-8 0.955MBps 36.1ms</bind>
  <bind>Comp:18-4-8 Comp:18-5-0 0.955MBps 36.1ms</bind>
  <bind>Comp:18-5-0 Appliance-25 0.883MBps 26.9ms</bind>
  <bind>Appliance-25 Comp:18-5-0 0.883MBps 26.9ms</bind>
  <bind>Comp:18-5-1 Appliance-34 0.883MBps 26.9ms</bind>
  <bind>Appliance-34 Comp:18-5-1 0.883MBps 26.9ms</bind>
  <bind>Comp:18-5-2 Appliance-39 0.883MBps 26.9ms</bind>
  <bind>Appliance-39 Comp:18-5-2 0.883MBps 26.9ms</bind>
  <bind>Comp:18-5-3 Appliance-25 0.883MBps 26.9ms</bind>
  <bind>Appliance-25 Comp:18-5-3 0.883MBps 26.9ms</bind>
</app>
<app>
  <id>App19</id>
<comp>
  <id>Comp:19-0-0</id>
  <CPU>0.61Gf</CPU>
  <RAM>0.187GB</RAM>
  <DISK>0.574GB</DISK>
</comp>
<comp>
  <id>Comp:19-0-1</id>
  <CPU>0.61Gf</CPU>
  <RAM>0.187GB</RAM>
  <DISK>0.574GB</DISK>
</comp>
<comp>
  <id>Comp:19-1-0</id>
  <CPU>0.215Gf</CPU>
  <RAM>0.173GB</RAM>
  <DISK>0.786GB</DISK>
</comp>
<comp>
  <id>Comp:19-1-1</id>
  <CPU>0.215Gf</CPU>
  <RAM>0.173GB</RAM>
  <DISK>0.786GB</DISK>
</comp>
<comp>
  <id>Comp:19-1-2</id>
  <CPU>0.215Gf</CPU>
  <RAM>0.173GB</RAM>
  <DISK>0.786GB</DISK>
</comp>
<comp>
  <id>Comp:19-1-3</id>
  <CPU>0.215Gf</CPU>
  <RAM>0.173GB</RAM>
  <DISK>0.786GB</DISK>
</comp>
<comp>
  <id>Comp:19-1-4</id>
  <CPU>0.215Gf</CPU>
  <RAM>0.173GB</RAM>
  <DISK>0.786GB</DISK>
</comp>
<comp>
  <id>Comp:19-1-5</id>
  <CPU>0.215Gf</CPU>
  <RAM>0.173GB</RAM>
  <DISK>0.786GB</DISK>
</comp>
<comp>
  <id>Comp:19-1-6</id>
  <CPU>0.215Gf</CPU>
  <RAM>0.173GB</RAM>
  <DISK>0.786GB</DISK>
</comp>
<comp>
  <id>Comp:19-1-7</id>
  <CPU>0.215Gf</CPU>
  <RAM>0.173GB</RAM>
  <DISK>0.786GB</DISK>
</comp>
<comp>
  <id>Comp:19-1-8</id>
  <CPU>0.215Gf</CPU>
  <RAM>0.173GB</RAM>
  <DISK>0.786GB</DISK>
</comp>
<comp>
  <id>Comp:19-1-9</id>
  <CPU>0.215Gf</CPU>
  <RAM>0.173GB</RAM>
  <DISK>0.786GB</DISK>
</comp>
<comp>
  <id>Comp:19-2-0</id>
  <CPU>0.96Gf</CPU>
  <RAM>0.349GB</RAM>
  <DISK>1.87GB</DISK>
</comp>
<comp>
  <id>Comp:19-3-0</id>
  <CPU>0.915Gf</CPU>
  <RAM>0.664GB</RAM>
  <DISK>0.384GB</DISK>
</comp>
<comp>
  <id>Comp:19-3-1</id>
  <CPU>0.915Gf</CPU>
  <RAM>0.664GB</RAM>
  <DISK>0.384GB</DISK>
</comp>
<comp>
  <id>Comp:19-3-2</id>
  <CPU>0.915Gf</CPU>
  <RAM>0.664GB</RAM>
  <DISK>0.384GB</DISK>
</comp>
<comp>
  <id>Comp:19-3-3</id>
  <CPU>0.915Gf</CPU>
  <RAM>0.664GB</RAM>
  <DISK>0.384GB</DISK>
</comp>
<comp>
  <id>Comp:19-3-4</id>
  <CPU>0.915Gf</CPU>
  <RAM>0.664GB</RAM>
  <DISK>0.384GB</DISK>
</comp>
<comp>
  <id>Comp:19-3-5</id>
  <CPU>0.915Gf</CPU>
  <RAM>0.664GB</RAM>
  <DISK>0.384GB</DISK>
</comp>
<comp>
  <id>Comp:19-4-0</id>
  <CPU>0.264Gf</CPU>
  <RAM>0.181GB</RAM>
  <DISK>1.82GB</DISK>
</comp>
<comp>
  <id>Comp:19-4-1</id>
  <CPU>0.264Gf</CPU>
  <RAM>0.181GB</RAM>
  <DISK>1.82GB</DISK>
</comp>
<comp>
  <id>Comp:19-4-2</id>
  <CPU>0.264Gf</CPU>
  <RAM>0.181GB</RAM>
  <DISK>1.82GB</DISK>
</comp>
<comp>
  <id>Comp:19-4-3</id>
  <CPU>0.264Gf</CPU>
  <RAM>0.181GB</RAM>
  <DISK>1.82GB</DISK>
</comp>
  <bind>Comp:19-1-0 Comp:19-0-0 0.74MBps 47.0ms</bind>
  <bind>Comp:19-0-0 Comp:19-1-0 0.74MBps 47.0ms</bind>
  <bind>Comp:19-1-1 Comp:19-0-1 0.74MBps 47.0ms</bind>
  <bind>Comp:19-0-1 Comp:19-1-1 0.74MBps 47.0ms</bind>
  <bind>Comp:19-1-2 Comp:19-0-0 0.74MBps 47.0ms</bind>
  <bind>Comp:19-0-0 Comp:19-1-2 0.74MBps 47.0ms</bind>
  <bind>Comp:19-1-3 Comp:19-0-1 0.74MBps 47.0ms</bind>
  <bind>Comp:19-0-1 Comp:19-1-3 0.74MBps 47.0ms</bind>
  <bind>Comp:19-1-4 Comp:19-0-0 0.74MBps 47.0ms</bind>
  <bind>Comp:19-0-0 Comp:19-1-4 0.74MBps 47.0ms</bind>
  <bind>Comp:19-1-5 Comp:19-0-1 0.74MBps 47.0ms</bind>
  <bind>Comp:19-0-1 Comp:19-1-5 0.74MBps 47.0ms</bind>
  <bind>Comp:19-1-6 Comp:19-0-0 0.74MBps 47.0ms</bind>
  <bind>Comp:19-0-0 Comp:19-1-6 0.74MBps 47.0ms</bind>
  <bind>Comp:19-1-7 Comp:19-0-1 0.74MBps 47.0ms</bind>
  <bind>Comp:19-0-1 Comp:19-1-7 0.74MBps 47.0ms</bind>
  <bind>Comp:19-1-8 Comp:19-0-0 0.74MBps 47.0ms</bind>
  <bind>Comp:19-0-0 Comp:19-1-8 0.74MBps 47.0ms</bind>
  <bind>Comp:19-1-9 Comp:19-0-1 0.74MBps 47.0ms</bind>
  <bind>Comp:19-0-1 Comp:19-1-9 0.74MBps 47.0ms</bind>
  <bind>Comp:19-2-0 Comp:19-1-0 0.658MBps 41.6ms</bind>
  <bind>Comp:19-1-0 Comp:19-2-0 0.658MBps 41.6ms</bind>
  <bind>Comp:19-2-0 Comp:19-1-1 0.658MBps 41.6ms</bind>
  <bind>Comp:19-1-1 Comp:19-2-0 0.658MBps 41.6ms</bind>
  <bind>Comp:19-2-0 Comp:19-1-2 0.658MBps 41.6ms</bind>
  <bind>Comp:19-1-2 Comp:19-2-0 0.658MBps 41.6ms</bind>
  <bind>Comp:19-2-0 Comp:19-1-3 0.658MBps 41.6ms</bind>
  <bind>Comp:19-1-3 Comp:19-2-0 0.658MBps 41.6ms</bind>
  <bind>Comp:19-2-0 Comp:19-1-4 0.658MBps 41.6ms</bind>
  <bind>Comp:19-1-4 Comp:19-2-0 0.658MBps 41.6ms</bind>
  <bind>Comp:19-2-0 Comp:19-1-5 0.658MBps 41.6ms</bind>
  <bind>Comp:19-1-5 Comp:19-2-0 0.658MBps 41.6ms</bind>
  <bind>Comp:19-2-0 Comp:19-1-6 0.658MBps 41.6ms</bind>
  <bind>Comp:19-1-6 Comp:19-2-0 0.658MBps 41.6ms</bind>
  <bind>Comp:19-2-0 Comp:19-1-7 0.658MBps 41.6ms</bind>
  <bind>Comp:19-1-7 Comp:19-2-0 0.658MBps 41.6ms</bind>
  <bind>Comp:19-2-0 Comp:19-1-8 0.658MBps 41.6ms</bind>
  <bind>Comp:19-1-8 Comp:19-2-0 0.658MBps 41.6ms</bind>
  <bind>Comp:19-2-0 Comp:19-1-9 0.658MBps 41.6ms</bind>
  <bind>Comp:19-1-9 Comp:19-2-0 0.658MBps 41.6ms</bind>
  <bind>Comp:19-3-0 Comp:19-2-0 0.849MBps 43.1ms</bind>
  <bind>Comp:19-2-0 Comp:19-3-0 0.849MBps 43.1ms</bind>
  <bind>Comp:19-3-1 Comp:19-2-0 0.849MBps 43.1ms</bind>
  <bind>Comp:19-2-0 Comp:19-3-1 0.849MBps 43.1ms</bind>
  <bind>Comp:19-3-2 Comp:19-2-0 0.849MBps 43.1ms</bind>
  <bind>Comp:19-2-0 Comp:19-3-2 0.849MBps 43.1ms</bind>
  <bind>Comp:19-3-3 Comp:19-2-0 0.849MBps 43.1ms</bind>
  <bind>Comp:19-2-0 Comp:19-3-3 0.849MBps 43.1ms</bind>
  <bind>Comp:19-3-4 Comp:19-2-0 0.849MBps 43.1ms</bind>
  <bind>Comp:19-2-0 Comp:19-3-4 0.849MBps 43.1ms</bind>
  <bind>Comp:19-3-5 Comp:19-2-0 0.849MBps 43.1ms</bind>
  <bind>Comp:19-2-0 Comp:19-3-5 0.849MBps 43.1ms</bind>
  <bind>Comp:19-4-0 Comp:19-3-0 0.939MBps 31.8ms</bind>
  <bind>Comp:19-3-0 Comp:19-4-0 0.939MBps 31.8ms</bind>
  <bind>Comp:19-4-1 Comp:19-3-1 0.939MBps 31.8ms</bind>
  <bind>Comp:19-3-1 Comp:19-4-1 0.939MBps 31.8ms</bind>
  <bind>Comp:19-4-2 Comp:19-3-2 0.939MBps 31.8ms</bind>
  <bind>Comp:19-3-2 Comp:19-4-2 0.939MBps 31.8ms</bind>
  <bind>Comp:19-4-3 Comp:19-3-3 0.939MBps 31.8ms</bind>
  <bind>Comp:19-3-3 Comp:19-4-3 0.939MBps 31.8ms</bind>
  <bind>Comp:19-4-0 Comp:19-3-4 0.939MBps 31.8ms</bind>
  <bind>Comp:19-3-4 Comp:19-4-0 0.939MBps 31.8ms</bind>
  <bind>Comp:19-4-1 Comp:19-3-5 0.939MBps 31.8ms</bind>
  <bind>Comp:19-3-5 Comp:19-4-1 0.939MBps 31.8ms</bind>
  <bind>Comp:19-4-0 Appliance-11 0.407MBps 25.7ms</bind>
  <bind>Appliance-11 Comp:19-4-0 0.407MBps 25.7ms</bind>
  <bind>Comp:19-4-1 Appliance-11 0.407MBps 25.7ms</bind>
  <bind>Appliance-11 Comp:19-4-1 0.407MBps 25.7ms</bind>
  <bind>Comp:19-4-2 Appliance-11 0.407MBps 25.7ms</bind>
  <bind>Appliance-11 Comp:19-4-2 0.407MBps 25.7ms</bind>
  <bind>Comp:19-4-3 Appliance-11 0.407MBps 25.7ms</bind>
  <bind>Appliance-11 Comp:19-4-3 0.407MBps 25.7ms</bind>
</app>
<app>
  <id>App2</id>
<comp>
  <id>Comp:2-1-0</id>
  <CPU>0.155Gf</CPU>
  <RAM>0.91GB</RAM>
  <DISK>0.393GB</DISK>
</comp>
<comp>
  <id>Comp:2-1-1</id>
  <CPU>0.155Gf</CPU>
  <RAM>0.91GB</RAM>
  <DISK>0.393GB</DISK>
</comp>
<comp>
  <id>Comp:2-1-2</id>
  <CPU>0.155Gf</CPU>
  <RAM>0.91GB</RAM>
  <DISK>0.393GB</DISK>
</comp>
<comp>
  <id>Comp:2-2-0</id>
  <CPU>0.102Gf</CPU>
  <RAM>0.478GB</RAM>
  <DISK>0.581GB</DISK>
</comp>
<comp>
  <id>Comp:2-2-1</id>
  <CPU>0.102Gf</CPU>
  <RAM>0.478GB</RAM>
  <DISK>0.581GB</DISK>
</comp>
<comp>
  <id>Comp:2-2-2</id>
  <CPU>0.102Gf</CPU>
  <RAM>0.478GB</RAM>
  <DISK>0.581GB</DISK>
</comp>
<comp>
  <id>Comp:2-2-3</id>
  <CPU>0.102Gf</CPU>
  <RAM>0.478GB</RAM>
  <DISK>0.581GB</DISK>
</comp>
<comp>
  <id>Comp:2-2-4</id>
  <CPU>0.102Gf</CPU>
  <RAM>0.478GB</RAM>
  <DISK>0.581GB</DISK>
</comp>
<comp>
  <id>Comp:2-2-5</id>
  <CPU>0.102Gf</CPU>
  <RAM>0.478GB</RAM>
  <DISK>0.581GB</DISK>
</comp>
<comp>
  <id>Comp:2-2-6</id>
  <CPU>0.102Gf</CPU>
  <RAM>0.478GB</RAM>
  <DISK>0.581GB</DISK>
</comp>
<comp>
  <id>Comp:2-2-7</id>
  <CPU>0.102Gf</CPU>
  <RAM>0.478GB</RAM>
  <DISK>0.581GB</DISK>
</comp>
<comp>
  <id>Comp:2-3-0</id>
  <CPU>0.16Gf</CPU>
  <RAM>0.571GB</RAM>
  <DISK>0.739GB</DISK>
</comp>
<comp>
  <id>Comp:2-3-1</id>
  <CPU>0.16Gf</CPU>
  <RAM>0.571GB</RAM>
  <DISK>0.739GB</DISK>
</comp>
<comp>
  <id>Comp:2-3-2</id>
  <CPU>0.16Gf</CPU>
  <RAM>0.571GB</RAM>
  <DISK>0.739GB</DISK>
</comp>
<comp>
  <id>Comp:2-3-3</id>
  <CPU>0.16Gf</CPU>
  <RAM>0.571GB</RAM>
  <DISK>0.739GB</DISK>
</comp>
<comp>
  <id>Comp:2-4-0</id>
  <CPU>0.845Gf</CPU>
  <RAM>0.534GB</RAM>
  <DISK>1.42GB</DISK>
</comp>
  <bind>Comp:2-1-0 Appliance-23 0.698MBps 34.0ms</bind>
  <bind>Appliance-23 Comp:2-1-0 0.698MBps 34.0ms</bind>
  <bind>Comp:2-1-1 Appliance-5 0.698MBps 34.0ms</bind>
  <bind>Appliance-5 Comp:2-1-1 0.698MBps 34.0ms</bind>
  <bind>Comp:2-1-2 Appliance-23 0.698MBps 34.0ms</bind>
  <bind>Appliance-23 Comp:2-1-2 0.698MBps 34.0ms</bind>
  <bind>Comp:2-2-0 Comp:2-1-0 0.22MBps 40.3ms</bind>
  <bind>Comp:2-1-0 Comp:2-2-0 0.22MBps 40.3ms</bind>
  <bind>Comp:2-2-1 Comp:2-1-1 0.22MBps 40.3ms</bind>
  <bind>Comp:2-1-1 Comp:2-2-1 0.22MBps 40.3ms</bind>
  <bind>Comp:2-2-2 Comp:2-1-2 0.22MBps 40.3ms</bind>
  <bind>Comp:2-1-2 Comp:2-2-2 0.22MBps 40.3ms</bind>
  <bind>Comp:2-2-3 Comp:2-1-0 0.22MBps 40.3ms</bind>
  <bind>Comp:2-1-0 Comp:2-2-3 0.22MBps 40.3ms</bind>
  <bind>Comp:2-2-4 Comp:2-1-1 0.22MBps 40.3ms</bind>
  <bind>Comp:2-1-1 Comp:2-2-4 0.22MBps 40.3ms</bind>
  <bind>Comp:2-2-5 Comp:2-1-2 0.22MBps 40.3ms</bind>
  <bind>Comp:2-1-2 Comp:2-2-5 0.22MBps 40.3ms</bind>
  <bind>Comp:2-2-6 Comp:2-1-0 0.22MBps 40.3ms</bind>
  <bind>Comp:2-1-0 Comp:2-2-6 0.22MBps 40.3ms</bind>
  <bind>Comp:2-2-7 Comp:2-1-1 0.22MBps 40.3ms</bind>
  <bind>Comp:2-1-1 Comp:2-2-7 0.22MBps 40.3ms</bind>
  <bind>Comp:2-3-0 Comp:2-2-0 0.253MBps 29.7ms</bind>
  <bind>Comp:2-2-0 Comp:2-3-0 0.253MBps 29.7ms</bind>
  <bind>Comp:2-3-1 Comp:2-2-1 0.253MBps 29.7ms</bind>
  <bind>Comp:2-2-1 Comp:2-3-1 0.253MBps 29.7ms</bind>
  <bind>Comp:2-3-2 Comp:2-2-2 0.253MBps 29.7ms</bind>
  <bind>Comp:2-2-2 Comp:2-3-2 0.253MBps 29.7ms</bind>
  <bind>Comp:2-3-3 Comp:2-2-3 0.253MBps 29.7ms</bind>
  <bind>Comp:2-2-3 Comp:2-3-3 0.253MBps 29.7ms</bind>
  <bind>Comp:2-3-0 Comp:2-2-4 0.253MBps 29.7ms</bind>
  <bind>Comp:2-2-4 Comp:2-3-0 0.253MBps 29.7ms</bind>
  <bind>Comp:2-3-1 Comp:2-2-5 0.253MBps 29.7ms</bind>
  <bind>Comp:2-2-5 Comp:2-3-1 0.253MBps 29.7ms</bind>
  <bind>Comp:2-3-2 Comp:2-2-6 0.253MBps 29.7ms</bind>
  <bind>Comp:2-2-6 Comp:2-3-2 0.253MBps 29.7ms</bind>
  <bind>Comp:2-3-3 Comp:2-2-7 0.253MBps 29.7ms</bind>
  <bind>Comp:2-2-7 Comp:2-3-3 0.253MBps 29.7ms</bind>
  <bind>Comp:2-4-0 Comp:2-3-0 0.905MBps 25.5ms</bind>
  <bind>Comp:2-3-0 Comp:2-4-0 0.905MBps 25.5ms</bind>
  <bind>Comp:2-4-0 Comp:2-3-1 0.905MBps 25.5ms</bind>
  <bind>Comp:2-3-1 Comp:2-4-0 0.905MBps 25.5ms</bind>
  <bind>Comp:2-4-0 Comp:2-3-2 0.905MBps 25.5ms</bind>
  <bind>Comp:2-3-2 Comp:2-4-0 0.905MBps 25.5ms</bind>
  <bind>Comp:2-4-0 Comp:2-3-3 0.905MBps 25.5ms</bind>
  <bind>Comp:2-3-3 Comp:2-4-0 0.905MBps 25.5ms</bind>
  <bind>Comp:2-4-0 Appliance-31 0.15MBps 36.8ms</bind>
  <bind>Appliance-31 Comp:2-4-0 0.15MBps 36.8ms</bind>
  <bind>Comp:2-4-0 Appliance-27 0.15MBps 36.8ms</bind>
  <bind>Appliance-27 Comp:2-4-0 0.15MBps 36.8ms</bind>
  <bind>Comp:2-4-0 Appliance-15 0.15MBps 36.8ms</bind>
  <bind>Appliance-15 Comp:2-4-0 0.15MBps 36.8ms</bind>
  <bind>Comp:2-4-0 Appliance-23 0.15MBps 36.8ms</bind>
  <bind>Appliance-23 Comp:2-4-0 0.15MBps 36.8ms</bind>
  <bind>Comp:2-4-0 Appliance-21 0.15MBps 36.8ms</bind>
  <bind>Appliance-21 Comp:2-4-0 0.15MBps 36.8ms</bind>
</app>
<app>
  <id>App20</id>
<comp>
  <id>Comp:20-0-0</id>
  <CPU>0.358Gf</CPU>
  <RAM>0.679GB</RAM>
  <DISK>0.791GB</DISK>
</comp>
<comp>
  <id>Comp:20-0-1</id>
  <CPU>0.358Gf</CPU>
  <RAM>0.679GB</RAM>
  <DISK>0.791GB</DISK>
</comp>
<comp>
  <id>Comp:20-0-2</id>
  <CPU>0.358Gf</CPU>
  <RAM>0.679GB</RAM>
  <DISK>0.791GB</DISK>
</comp>
<comp>
  <id>Comp:20-0-3</id>
  <CPU>0.358Gf</CPU>
  <RAM>0.679GB</RAM>
  <DISK>0.791GB</DISK>
</comp>
<comp>
  <id>Comp:20-0-4</id>
  <CPU>0.358Gf</CPU>
  <RAM>0.679GB</RAM>
  <DISK>0.791GB</DISK>
</comp>
<comp>
  <id>Comp:20-0-5</id>
  <CPU>0.358Gf</CPU>
  <RAM>0.679GB</RAM>
  <DISK>0.791GB</DISK>
</comp>
<comp>
  <id>Comp:20-0-6</id>
  <CPU>0.358Gf</CPU>
  <RAM>0.679GB</RAM>
  <DISK>0.791GB</DISK>
</comp>
<comp>
  <id>Comp:20-0-7</id>
  <CPU>0.358Gf</CPU>
  <RAM>0.679GB</RAM>
  <DISK>0.791GB</DISK>
</comp>
<comp>
  <id>Comp:20-0-8</id>
  <CPU>0.358Gf</CPU>
  <RAM>0.679GB</RAM>
  <DISK>0.791GB</DISK>
</comp>
<comp>
  <id>Comp:20-1-0</id>
  <CPU>0.558Gf</CPU>
  <RAM>0.207GB</RAM>
  <DISK>1.33GB</DISK>
</comp>
<comp>
  <id>Comp:20-1-1</id>
  <CPU>0.558Gf</CPU>
  <RAM>0.207GB</RAM>
  <DISK>1.33GB</DISK>
</comp>
<comp>
  <id>Comp:20-1-2</id>
  <CPU>0.558Gf</CPU>
  <RAM>0.207GB</RAM>
  <DISK>1.33GB</DISK>
</comp>
<comp>
  <id>Comp:20-2-0</id>
  <CPU>0.877Gf</CPU>
  <RAM>0.309GB</RAM>
  <DISK>0.937GB</DISK>
</comp>
<comp>
  <id>Comp:20-2-1</id>
  <CPU>0.877Gf</CPU>
  <RAM>0.309GB</RAM>
  <DISK>0.937GB</DISK>
</comp>
<comp>
  <id>Comp:20-3-0</id>
  <CPU>0.137Gf</CPU>
  <RAM>0.212GB</RAM>
  <DISK>0.00877GB</DISK>
</comp>
<comp>
  <id>Comp:20-3-1</id>
  <CPU>0.137Gf</CPU>
  <RAM>0.212GB</RAM>
  <DISK>0.00877GB</DISK>
</comp>
<comp>
  <id>Comp:20-3-2</id>
  <CPU>0.137Gf</CPU>
  <RAM>0.212GB</RAM>
  <DISK>0.00877GB</DISK>
</comp>
<comp>
  <id>Comp:20-3-3</id>
  <CPU>0.137Gf</CPU>
  <RAM>0.212GB</RAM>
  <DISK>0.00877GB</DISK>
</comp>
<comp>
  <id>Comp:20-4-0</id>
  <CPU>0.418Gf</CPU>
  <RAM>0.128GB</RAM>
  <DISK>1.61GB</DISK>
</comp>
<comp>
  <id>Comp:20-4-1</id>
  <CPU>0.418Gf</CPU>
  <RAM>0.128GB</RAM>
  <DISK>1.61GB</DISK>
</comp>
<comp>
  <id>Comp:20-4-2</id>
  <CPU>0.418Gf</CPU>
  <RAM>0.128GB</RAM>
  <DISK>1.61GB</DISK>
</comp>
<comp>
  <id>Comp:20-4-3</id>
  <CPU>0.418Gf</CPU>
  <RAM>0.128GB</RAM>
  <DISK>1.61GB</DISK>
</comp>
<comp>
  <id>Comp:20-4-4</id>
  <CPU>0.418Gf</CPU>
  <RAM>0.128GB</RAM>
  <DISK>1.61GB</DISK>
</comp>
  <bind>Comp:20-1-0 Comp:20-0-0 0.824MBps 26.3ms</bind>
  <bind>Comp:20-0-0 Comp:20-1-0 0.824MBps 26.3ms</bind>
  <bind>Comp:20-1-1 Comp:20-0-1 0.824MBps 26.3ms</bind>
  <bind>Comp:20-0-1 Comp:20-1-1 0.824MBps 26.3ms</bind>
  <bind>Comp:20-1-2 Comp:20-0-2 0.824MBps 26.3ms</bind>
  <bind>Comp:20-0-2 Comp:20-1-2 0.824MBps 26.3ms</bind>
  <bind>Comp:20-1-0 Comp:20-0-3 0.824MBps 26.3ms</bind>
  <bind>Comp:20-0-3 Comp:20-1-0 0.824MBps 26.3ms</bind>
  <bind>Comp:20-1-1 Comp:20-0-4 0.824MBps 26.3ms</bind>
  <bind>Comp:20-0-4 Comp:20-1-1 0.824MBps 26.3ms</bind>
  <bind>Comp:20-1-2 Comp:20-0-5 0.824MBps 26.3ms</bind>
  <bind>Comp:20-0-5 Comp:20-1-2 0.824MBps 26.3ms</bind>
  <bind>Comp:20-1-0 Comp:20-0-6 0.824MBps 26.3ms</bind>
  <bind>Comp:20-0-6 Comp:20-1-0 0.824MBps 26.3ms</bind>
  <bind>Comp:20-1-1 Comp:20-0-7 0.824MBps 26.3ms</bind>
  <bind>Comp:20-0-7 Comp:20-1-1 0.824MBps 26.3ms</bind>
  <bind>Comp:20-1-2 Comp:20-0-8 0.824MBps 26.3ms</bind>
  <bind>Comp:20-0-8 Comp:20-1-2 0.824MBps 26.3ms</bind>
  <bind>Comp:20-2-0 Comp:20-1-0 0.645MBps 36.1ms</bind>
  <bind>Comp:20-1-0 Comp:20-2-0 0.645MBps 36.1ms</bind>
  <bind>Comp:20-2-1 Comp:20-1-1 0.645MBps 36.1ms</bind>
  <bind>Comp:20-1-1 Comp:20-2-1 0.645MBps 36.1ms</bind>
  <bind>Comp:20-2-0 Comp:20-1-2 0.645MBps 36.1ms</bind>
  <bind>Comp:20-1-2 Comp:20-2-0 0.645MBps 36.1ms</bind>
  <bind>Comp:20-3-0 Comp:20-2-0 0.73MBps 46.7ms</bind>
  <bind>Comp:20-2-0 Comp:20-3-0 0.73MBps 46.7ms</bind>
  <bind>Comp:20-3-1 Comp:20-2-1 0.73MBps 46.7ms</bind>
  <bind>Comp:20-2-1 Comp:20-3-1 0.73MBps 46.7ms</bind>
  <bind>Comp:20-3-2 Comp:20-2-0 0.73MBps 46.7ms</bind>
  <bind>Comp:20-2-0 Comp:20-3-2 0.73MBps 46.7ms</bind>
  <bind>Comp:20-3-3 Comp:20-2-1 0.73MBps 46.7ms</bind>
  <bind>Comp:20-2-1 Comp:20-3-3 0.73MBps 46.7ms</bind>
  <bind>Comp:20-4-0 Comp:20-3-0 0.985MBps 31.0ms</bind>
  <bind>Comp:20-3-0 Comp:20-4-0 0.985MBps 31.0ms</bind>
  <bind>Comp:20-4-1 Comp:20-3-1 0.985MBps 31.0ms</bind>
  <bind>Comp:20-3-1 Comp:20-4-1 0.985MBps 31.0ms</bind>
  <bind>Comp:20-4-2 Comp:20-3-2 0.985MBps 31.0ms</bind>
  <bind>Comp:20-3-2 Comp:20-4-2 0.985MBps 31.0ms</bind>
  <bind>Comp:20-4-3 Comp:20-3-3 0.985MBps 31.0ms</bind>
  <bind>Comp:20-3-3 Comp:20-4-3 0.985MBps 31.0ms</bind>
  <bind>Comp:20-4-4 Comp:20-3-0 0.985MBps 31.0ms</bind>
  <bind>Comp:20-3-0 Comp:20-4-4 0.985MBps 31.0ms</bind>
  <bind>Comp:20-4-0 Appliance-29 0.509MBps 44.2ms</bind>
  <bind>Appliance-29 Comp:20-4-0 0.509MBps 44.2ms</bind>
  <bind>Comp:20-4-1 Appliance-6 0.509MBps 44.2ms</bind>
  <bind>Appliance-6 Comp:20-4-1 0.509MBps 44.2ms</bind>
  <bind>Comp:20-4-2 Appliance-35 0.509MBps 44.2ms</bind>
  <bind>Appliance-35 Comp:20-4-2 0.509MBps 44.2ms</bind>
  <bind>Comp:20-4-3 Appliance-30 0.509MBps 44.2ms</bind>
  <bind>Appliance-30 Comp:20-4-3 0.509MBps 44.2ms</bind>
  <bind>Comp:20-4-4 Appliance-39 0.509MBps 44.2ms</bind>
  <bind>Appliance-39 Comp:20-4-4 0.509MBps 44.2ms</bind>
</app>
<app>
  <id>App21</id>
<comp>
  <id>Comp:21-0-0</id>
  <CPU>0.949Gf</CPU>
  <RAM>0.68GB</RAM>
  <DISK>1.03GB</DISK>
</comp>
<comp>
  <id>Comp:21-0-1</id>
  <CPU>0.949Gf</CPU>
  <RAM>0.68GB</RAM>
  <DISK>1.03GB</DISK>
</comp>
<comp>
  <id>Comp:21-0-2</id>
  <CPU>0.949Gf</CPU>
  <RAM>0.68GB</RAM>
  <DISK>1.03GB</DISK>
</comp>
<comp>
  <id>Comp:21-0-3</id>
  <CPU>0.949Gf</CPU>
  <RAM>0.68GB</RAM>
  <DISK>1.03GB</DISK>
</comp>
<comp>
  <id>Comp:21-0-4</id>
  <CPU>0.949Gf</CPU>
  <RAM>0.68GB</RAM>
  <DISK>1.03GB</DISK>
</comp>
<comp>
  <id>Comp:21-0-5</id>
  <CPU>0.949Gf</CPU>
  <RAM>0.68GB</RAM>
  <DISK>1.03GB</DISK>
</comp>
<comp>
  <id>Comp:21-0-6</id>
  <CPU>0.949Gf</CPU>
  <RAM>0.68GB</RAM>
  <DISK>1.03GB</DISK>
</comp>
<comp>
  <id>Comp:21-0-7</id>
  <CPU>0.949Gf</CPU>
  <RAM>0.68GB</RAM>
  <DISK>1.03GB</DISK>
</comp>
<comp>
  <id>Comp:21-0-8</id>
  <CPU>0.949Gf</CPU>
  <RAM>0.68GB</RAM>
  <DISK>1.03GB</DISK>
</comp>
<comp>
  <id>Comp:21-0-9</id>
  <CPU>0.949Gf</CPU>
  <RAM>0.68GB</RAM>
  <DISK>1.03GB</DISK>
</comp>
<comp>
  <id>Comp:21-1-0</id>
  <CPU>0.483Gf</CPU>
  <RAM>0.399GB</RAM>
  <DISK>0.882GB</DISK>
</comp>
<comp>
  <id>Comp:21-1-1</id>
  <CPU>0.483Gf</CPU>
  <RAM>0.399GB</RAM>
  <DISK>0.882GB</DISK>
</comp>
<comp>
  <id>Comp:21-1-2</id>
  <CPU>0.483Gf</CPU>
  <RAM>0.399GB</RAM>
  <DISK>0.882GB</DISK>
</comp>
<comp>
  <id>Comp:21-1-3</id>
  <CPU>0.483Gf</CPU>
  <RAM>0.399GB</RAM>
  <DISK>0.882GB</DISK>
</comp>
<comp>
  <id>Comp:21-1-4</id>
  <CPU>0.483Gf</CPU>
  <RAM>0.399GB</RAM>
  <DISK>0.882GB</DISK>
</comp>
<comp>
  <id>Comp:21-1-5</id>
  <CPU>0.483Gf</CPU>
  <RAM>0.399GB</RAM>
  <DISK>0.882GB</DISK>
</comp>
<comp>
  <id>Comp:21-2-0</id>
  <CPU>0.515Gf</CPU>
  <RAM>0.47GB</RAM>
  <DISK>0.649GB</DISK>
</comp>
<comp>
  <id>Comp:21-2-1</id>
  <CPU>0.515Gf</CPU>
  <RAM>0.47GB</RAM>
  <DISK>0.649GB</DISK>
</comp>
<comp>
  <id>Comp:21-2-2</id>
  <CPU>0.515Gf</CPU>
  <RAM>0.47GB</RAM>
  <DISK>0.649GB</DISK>
</comp>
<comp>
  <id>Comp:21-2-3</id>
  <CPU>0.515Gf</CPU>
  <RAM>0.47GB</RAM>
  <DISK>0.649GB</DISK>
</comp>
<comp>
  <id>Comp:21-2-4</id>
  <CPU>0.515Gf</CPU>
  <RAM>0.47GB</RAM>
  <DISK>0.649GB</DISK>
</comp>
<comp>
  <id>Comp:21-2-5</id>
  <CPU>0.515Gf</CPU>
  <RAM>0.47GB</RAM>
  <DISK>0.649GB</DISK>
</comp>
<comp>
  <id>Comp:21-2-6</id>
  <CPU>0.515Gf</CPU>
  <RAM>0.47GB</RAM>
  <DISK>0.649GB</DISK>
</comp>
<comp>
  <id>Comp:21-2-7</id>
  <CPU>0.515Gf</CPU>
  <RAM>0.47GB</RAM>
  <DISK>0.649GB</DISK>
</comp>
<comp>
  <id>Comp:21-2-8</id>
  <CPU>0.515Gf</CPU>
  <RAM>0.47GB</RAM>
  <DISK>0.649GB</DISK>
</comp>
<comp>
  <id>Comp:21-2-9</id>
  <CPU>0.515Gf</CPU>
  <RAM>0.47GB</RAM>
  <DISK>0.649GB</DISK>
</comp>
<comp>
  <id>Comp:21-3-0</id>
  <CPU>0.531Gf</CPU>
  <RAM>0.921GB</RAM>
  <DISK>1.42GB</DISK>
</comp>
<comp>
  <id>Comp:21-3-1</id>
  <CPU>0.531Gf</CPU>
  <RAM>0.921GB</RAM>
  <DISK>1.42GB</DISK>
</comp>
<comp>
  <id>Comp:21-4-0</id>
  <CPU>0.54Gf</CPU>
  <RAM>0.354GB</RAM>
  <DISK>0.369GB</DISK>
</comp>
<comp>
  <id>Comp:21-4-1</id>
  <CPU>0.54Gf</CPU>
  <RAM>0.354GB</RAM>
  <DISK>0.369GB</DISK>
</comp>
<comp>
  <id>Comp:21-4-2</id>
  <CPU>0.54Gf</CPU>
  <RAM>0.354GB</RAM>
  <DISK>0.369GB</DISK>
</comp>
<comp>
  <id>Comp:21-4-3</id>
  <CPU>0.54Gf</CPU>
  <RAM>0.354GB</RAM>
  <DISK>0.369GB</DISK>
</comp>
<comp>
  <id>Comp:21-4-4</id>
  <CPU>0.54Gf</CPU>
  <RAM>0.354GB</RAM>
  <DISK>0.369GB</DISK>
</comp>
<comp>
  <id>Comp:21-4-5</id>
  <CPU>0.54Gf</CPU>
  <RAM>0.354GB</RAM>
  <DISK>0.369GB</DISK>
</comp>
<comp>
  <id>Comp:21-4-6</id>
  <CPU>0.54Gf</CPU>
  <RAM>0.354GB</RAM>
  <DISK>0.369GB</DISK>
</comp>
  <bind>Comp:21-1-0 Comp:21-0-0 0.117MBps 29.6ms</bind>
  <bind>Comp:21-0-0 Comp:21-1-0 0.117MBps 29.6ms</bind>
  <bind>Comp:21-1-1 Comp:21-0-1 0.117MBps 29.6ms</bind>
  <bind>Comp:21-0-1 Comp:21-1-1 0.117MBps 29.6ms</bind>
  <bind>Comp:21-1-2 Comp:21-0-2 0.117MBps 29.6ms</bind>
  <bind>Comp:21-0-2 Comp:21-1-2 0.117MBps 29.6ms</bind>
  <bind>Comp:21-1-3 Comp:21-0-3 0.117MBps 29.6ms</bind>
  <bind>Comp:21-0-3 Comp:21-1-3 0.117MBps 29.6ms</bind>
  <bind>Comp:21-1-4 Comp:21-0-4 0.117MBps 29.6ms</bind>
  <bind>Comp:21-0-4 Comp:21-1-4 0.117MBps 29.6ms</bind>
  <bind>Comp:21-1-5 Comp:21-0-5 0.117MBps 29.6ms</bind>
  <bind>Comp:21-0-5 Comp:21-1-5 0.117MBps 29.6ms</bind>
  <bind>Comp:21-1-0 Comp:21-0-6 0.117MBps 29.6ms</bind>
  <bind>Comp:21-0-6 Comp:21-1-0 0.117MBps 29.6ms</bind>
  <bind>Comp:21-1-1 Comp:21-0-7 0.117MBps 29.6ms</bind>
  <bind>Comp:21-0-7 Comp:21-1-1 0.117MBps 29.6ms</bind>
  <bind>Comp:21-1-2 Comp:21-0-8 0.117MBps 29.6ms</bind>
  <bind>Comp:21-0-8 Comp:21-1-2 0.117MBps 29.6ms</bind>
  <bind>Comp:21-1-3 Comp:21-0-9 0.117MBps 29.6ms</bind>
  <bind>Comp:21-0-9 Comp:21-1-3 0.117MBps 29.6ms</bind>
  <bind>Comp:21-2-0 Comp:21-1-0 0.514MBps 26.4ms</bind>
  <bind>Comp:21-1-0 Comp:21-2-0 0.514MBps 26.4ms</bind>
  <bind>Comp:21-2-1 Comp:21-1-1 0.514MBps 26.4ms</bind>
  <bind>Comp:21-1-1 Comp:21-2-1 0.514MBps 26.4ms</bind>
  <bind>Comp:21-2-2 Comp:21-1-2 0.514MBps 26.4ms</bind>
  <bind>Comp:21-1-2 Comp:21-2-2 0.514MBps 26.4ms</bind>
  <bind>Comp:21-2-3 Comp:21-1-3 0.514MBps 26.4ms</bind>
  <bind>Comp:21-1-3 Comp:21-2-3 0.514MBps 26.4ms</bind>
  <bind>Comp:21-2-4 Comp:21-1-4 0.514MBps 26.4ms</bind>
  <bind>Comp:21-1-4 Comp:21-2-4 0.514MBps 26.4ms</bind>
  <bind>Comp:21-2-5 Comp:21-1-5 0.514MBps 26.4ms</bind>
  <bind>Comp:21-1-5 Comp:21-2-5 0.514MBps 26.4ms</bind>
  <bind>Comp:21-2-6 Comp:21-1-0 0.514MBps 26.4ms</bind>
  <bind>Comp:21-1-0 Comp:21-2-6 0.514MBps 26.4ms</bind>
  <bind>Comp:21-2-7 Comp:21-1-1 0.514MBps 26.4ms</bind>
  <bind>Comp:21-1-1 Comp:21-2-7 0.514MBps 26.4ms</bind>
  <bind>Comp:21-2-8 Comp:21-1-2 0.514MBps 26.4ms</bind>
  <bind>Comp:21-1-2 Comp:21-2-8 0.514MBps 26.4ms</bind>
  <bind>Comp:21-2-9 Comp:21-1-3 0.514MBps 26.4ms</bind>
  <bind>Comp:21-1-3 Comp:21-2-9 0.514MBps 26.4ms</bind>
  <bind>Comp:21-3-0 Comp:21-2-0 0.694MBps 33.3ms</bind>
  <bind>Comp:21-2-0 Comp:21-3-0 0.694MBps 33.3ms</bind>
  <bind>Comp:21-3-1 Comp:21-2-1 0.694MBps 33.3ms</bind>
  <bind>Comp:21-2-1 Comp:21-3-1 0.694MBps 33.3ms</bind>
  <bind>Comp:21-3-0 Comp:21-2-2 0.694MBps 33.3ms</bind>
  <bind>Comp:21-2-2 Comp:21-3-0 0.694MBps 33.3ms</bind>
  <bind>Comp:21-3-1 Comp:21-2-3 0.694MBps 33.3ms</bind>
  <bind>Comp:21-2-3 Comp:21-3-1 0.694MBps 33.3ms</bind>
  <bind>Comp:21-3-0 Comp:21-2-4 0.694MBps 33.3ms</bind>
  <bind>Comp:21-2-4 Comp:21-3-0 0.694MBps 33.3ms</bind>
  <bind>Comp:21-3-1 Comp:21-2-5 0.694MBps 33.3ms</bind>
  <bind>Comp:21-2-5 Comp:21-3-1 0.694MBps 33.3ms</bind>
  <bind>Comp:21-3-0 Comp:21-2-6 0.694MBps 33.3ms</bind>
  <bind>Comp:21-2-6 Comp:21-3-0 0.694MBps 33.3ms</bind>
  <bind>Comp:21-3-1 Comp:21-2-7 0.694MBps 33.3ms</bind>
  <bind>Comp:21-2-7 Comp:21-3-1 0.694MBps 33.3ms</bind>
  <bind>Comp:21-3-0 Comp:21-2-8 0.694MBps 33.3ms</bind>
  <bind>Comp:21-2-8 Comp:21-3-0 0.694MBps 33.3ms</bind>
  <bind>Comp:21-3-1 Comp:21-2-9 0.694MBps 33.3ms</bind>
  <bind>Comp:21-2-9 Comp:21-3-1 0.694MBps 33.3ms</bind>
  <bind>Comp:21-4-0 Comp:21-3-0 0.621MBps 35.0ms</bind>
  <bind>Comp:21-3-0 Comp:21-4-0 0.621MBps 35.0ms</bind>
  <bind>Comp:21-4-1 Comp:21-3-1 0.621MBps 35.0ms</bind>
  <bind>Comp:21-3-1 Comp:21-4-1 0.621MBps 35.0ms</bind>
  <bind>Comp:21-4-2 Comp:21-3-0 0.621MBps 35.0ms</bind>
  <bind>Comp:21-3-0 Comp:21-4-2 0.621MBps 35.0ms</bind>
  <bind>Comp:21-4-3 Comp:21-3-1 0.621MBps 35.0ms</bind>
  <bind>Comp:21-3-1 Comp:21-4-3 0.621MBps 35.0ms</bind>
  <bind>Comp:21-4-4 Comp:21-3-0 0.621MBps 35.0ms</bind>
  <bind>Comp:21-3-0 Comp:21-4-4 0.621MBps 35.0ms</bind>
  <bind>Comp:21-4-5 Comp:21-3-1 0.621MBps 35.0ms</bind>
  <bind>Comp:21-3-1 Comp:21-4-5 0.621MBps 35.0ms</bind>
  <bind>Comp:21-4-6 Comp:21-3-0 0.621MBps 35.0ms</bind>
  <bind>Comp:21-3-0 Comp:21-4-6 0.621MBps 35.0ms</bind>
  <bind>Comp:21-4-0 Appliance-5 0.484MBps 47.2ms</bind>
  <bind>Appliance-5 Comp:21-4-0 0.484MBps 47.2ms</bind>
  <bind>Comp:21-4-1 Appliance-17 0.484MBps 47.2ms</bind>
  <bind>Appliance-17 Comp:21-4-1 0.484MBps 47.2ms</bind>
  <bind>Comp:21-4-2 Appliance-0 0.484MBps 47.2ms</bind>
  <bind>Appliance-0 Comp:21-4-2 0.484MBps 47.2ms</bind>
  <bind>Comp:21-4-3 Appliance-31 0.484MBps 47.2ms</bind>
  <bind>Appliance-31 Comp:21-4-3 0.484MBps 47.2ms</bind>
  <bind>Comp:21-4-4 Appliance-26 0.484MBps 47.2ms</bind>
  <bind>Appliance-26 Comp:21-4-4 0.484MBps 47.2ms</bind>
  <bind>Comp:21-4-5 Appliance-36 0.484MBps 47.2ms</bind>
  <bind>Appliance-36 Comp:21-4-5 0.484MBps 47.2ms</bind>
  <bind>Comp:21-4-6 Appliance-38 0.484MBps 47.2ms</bind>
  <bind>Appliance-38 Comp:21-4-6 0.484MBps 47.2ms</bind>
</app>
<app>
  <id>App22</id>
<comp>
  <id>Comp:22-1-0</id>
  <CPU>0.968Gf</CPU>
  <RAM>0.229GB</RAM>
  <DISK>1.62GB</DISK>
</comp>
<comp>
  <id>Comp:22-1-1</id>
  <CPU>0.968Gf</CPU>
  <RAM>0.229GB</RAM>
  <DISK>1.62GB</DISK>
</comp>
<comp>
  <id>Comp:22-1-2</id>
  <CPU>0.968Gf</CPU>
  <RAM>0.229GB</RAM>
  <DISK>1.62GB</DISK>
</comp>
<comp>
  <id>Comp:22-2-0</id>
  <CPU>0.462Gf</CPU>
  <RAM>0.339GB</RAM>
  <DISK>0.261GB</DISK>
</comp>
<comp>
  <id>Comp:22-2-1</id>
  <CPU>0.462Gf</CPU>
  <RAM>0.339GB</RAM>
  <DISK>0.261GB</DISK>
</comp>
<comp>
  <id>Comp:22-2-2</id>
  <CPU>0.462Gf</CPU>
  <RAM>0.339GB</RAM>
  <DISK>0.261GB</DISK>
</comp>
<comp>
  <id>Comp:22-2-3</id>
  <CPU>0.462Gf</CPU>
  <RAM>0.339GB</RAM>
  <DISK>0.261GB</DISK>
</comp>
<comp>
  <id>Comp:22-2-4</id>
  <CPU>0.462Gf</CPU>
  <RAM>0.339GB</RAM>
  <DISK>0.261GB</DISK>
</comp>
<comp>
  <id>Comp:22-2-5</id>
  <CPU>0.462Gf</CPU>
  <RAM>0.339GB</RAM>
  <DISK>0.261GB</DISK>
</comp>
<comp>
  <id>Comp:22-2-6</id>
  <CPU>0.462Gf</CPU>
  <RAM>0.339GB</RAM>
  <DISK>0.261GB</DISK>
</comp>
<comp>
  <id>Comp:22-2-7</id>
  <CPU>0.462Gf</CPU>
  <RAM>0.339GB</RAM>
  <DISK>0.261GB</DISK>
</comp>
  <bind>Comp:22-1-0 Appliance-29 0.198MBps 32.7ms</bind>
  <bind>Appliance-29 Comp:22-1-0 0.198MBps 32.7ms</bind>
  <bind>Comp:22-1-1 Appliance-11 0.198MBps 32.7ms</bind>
  <bind>Appliance-11 Comp:22-1-1 0.198MBps 32.7ms</bind>
  <bind>Comp:22-1-2 Appliance-29 0.198MBps 32.7ms</bind>
  <bind>Appliance-29 Comp:22-1-2 0.198MBps 32.7ms</bind>
  <bind>Comp:22-1-0 Comp:22-2-0 0.541MBps 48.2ms</bind>
  <bind>Comp:22-2-0 Comp:22-1-0 0.541MBps 48.2ms</bind>
  <bind>Comp:22-1-1 Comp:22-2-1 0.541MBps 48.2ms</bind>
  <bind>Comp:22-2-1 Comp:22-1-1 0.541MBps 48.2ms</bind>
  <bind>Comp:22-1-2 Comp:22-2-2 0.541MBps 48.2ms</bind>
  <bind>Comp:22-2-2 Comp:22-1-2 0.541MBps 48.2ms</bind>
  <bind>Comp:22-1-0 Comp:22-2-3 0.541MBps 48.2ms</bind>
  <bind>Comp:22-2-3 Comp:22-1-0 0.541MBps 48.2ms</bind>
  <bind>Comp:22-1-1 Comp:22-2-4 0.541MBps 48.2ms</bind>
  <bind>Comp:22-2-4 Comp:22-1-1 0.541MBps 48.2ms</bind>
  <bind>Comp:22-1-2 Comp:22-2-5 0.541MBps 48.2ms</bind>
  <bind>Comp:22-2-5 Comp:22-1-2 0.541MBps 48.2ms</bind>
  <bind>Comp:22-1-0 Comp:22-2-6 0.541MBps 48.2ms</bind>
  <bind>Comp:22-2-6 Comp:22-1-0 0.541MBps 48.2ms</bind>
  <bind>Comp:22-1-1 Comp:22-2-7 0.541MBps 48.2ms</bind>
  <bind>Comp:22-2-7 Comp:22-1-1 0.541MBps 48.2ms</bind>
</app>
</apps>
