<?xml version="1.0"?>
<infra>
<fogNode>
  <id>Cloud-0</id>
  <CPU>999999Gf</CPU>
  <RAM>999999GB</RAM>
  <DISK>999999GB</DISK>
</fogNode>
<fogNode>
  <id>EdgeServer-0</id>
  <CPU>39.5Gf</CPU>
  <RAM>6.68GB</RAM>
  <DISK>1950.0GB</DISK>
</fogNode>
<fogNode>
  <id>EdgeServer-1</id>
  <CPU>58.2Gf</CPU>
  <RAM>485.0GB</RAM>
  <DISK>1130.0GB</DISK>
</fogNode>
<fogNode>
  <id>EdgeServer-2</id>
  <CPU>92.6Gf</CPU>
  <RAM>213.0GB</RAM>
  <DISK>3460.0GB</DISK>
</fogNode>
<fogNode>
  <id>Gateway-0</id>
  <CPU>5.54Gf</CPU>
  <RAM>9.81GB</RAM>
  <DISK>200.0GB</DISK>
</fogNode>
<fogNode>
  <id>Gateway-1</id>
  <CPU>1.23Gf</CPU>
  <RAM>8.06GB</RAM>
  <DISK>446.0GB</DISK>
</fogNode>
<fogNode>
  <id>Gateway-2</id>
  <CPU>5.88Gf</CPU>
  <RAM>0.399GB</RAM>
  <DISK>63.1GB</DISK>
</fogNode>
<fogNode>
  <id>EndFogNode-0</id>
  <CPU>0.785Gf</CPU>
  <RAM>0.594GB</RAM>
  <DISK>123.0GB</DISK>
</fogNode>
<fogNode>
  <id>EndFogNode-1</id>
  <CPU>1.28Gf</CPU>
  <RAM>0.157GB</RAM>
  <DISK>16.5GB</DISK>
</fogNode>
<fogNode>
  <id>EndFogNode-2</id>
  <CPU>0.62Gf</CPU>
  <RAM>1.57GB</RAM>
  <DISK>27.7GB</DISK>
</fogNode>
<fogNode>
  <id>EndFogNode-3</id>
  <CPU>1.67Gf</CPU>
  <RAM>3.42GB</RAM>
  <DISK>24.8GB</DISK>
</fogNode>
<fogNode>
  <id>EndFogNode-4</id>
  <CPU>1.93Gf</CPU>
  <RAM>3.65GB</RAM>
  <DISK>62.9GB</DISK>
</fogNode>
<fogNode>
  <id>EndFogNode-5</id>
  <CPU>1.01Gf</CPU>
  <RAM>3.28GB</RAM>
  <DISK>119.0GB</DISK>
</fogNode>
<fogNode>
  <id>EndFogNode-6</id>
  <CPU>0.786Gf</CPU>
  <RAM>0.0721GB</RAM>
  <DISK>155.0GB</DISK>
</fogNode>
<fogNode>
  <id>EndFogNode-7</id>
  <CPU>0.0565Gf</CPU>
  <RAM>0.552GB</RAM>
  <DISK>66.7GB</DISK>
</fogNode>
<fogNode>
  <id>EndFogNode-8</id>
  <CPU>0.102Gf</CPU>
  <RAM>3.71GB</RAM>
  <DISK>1.01GB</DISK>
</fogNode>
<fogNode>
  <id>EndFogNode-9</id>
  <CPU>1.1Gf</CPU>
  <RAM>0.417GB</RAM>
  <DISK>124.0GB</DISK>
</fogNode>
<fogNode>
  <id>EndFogNode-10</id>
  <CPU>0.896Gf</CPU>
  <RAM>0.693GB</RAM>
  <DISK>114.0GB</DISK>
</fogNode>
<fogNode>
  <id>EndFogNode-11</id>
  <CPU>0.437Gf</CPU>
  <RAM>1.64GB</RAM>
  <DISK>191.0GB</DISK>
</fogNode>
<fogNode>
  <id>EndFogNode-12</id>
  <CPU>0.765Gf</CPU>
  <RAM>3.42GB</RAM>
  <DISK>96.4GB</DISK>
</fogNode>
<fogNode>
  <id>EndFogNode-13</id>
  <CPU>1.69Gf</CPU>
  <RAM>1.52GB</RAM>
  <DISK>105.0GB</DISK>
</fogNode>
<fogNode>
  <id>EndFogNode-14</id>
  <CPU>1.77Gf</CPU>
  <RAM>1.92GB</RAM>
  <DISK>108.0GB</DISK>
</fogNode>
<fogNode>
  <id>EndFogNode-15</id>
  <CPU>1.72Gf</CPU>
  <RAM>0.401GB</RAM>
  <DISK>194.0GB</DISK>
</fogNode>
<fogNode>
  <id>EndFogNode-16</id>
  <CPU>0.982Gf</CPU>
  <RAM>0.926GB</RAM>
  <DISK>188.0GB</DISK>
</fogNode>
<fogNode>
  <id>EndFogNode-17</id>
  <CPU>0.135Gf</CPU>
  <RAM>3.94GB</RAM>
  <DISK>25.1GB</DISK>
</fogNode>
<fogNode>
  <id>EndFogNode-18</id>
  <CPU>1.56Gf</CPU>
  <RAM>0.625GB</RAM>
  <DISK>188.0GB</DISK>
</fogNode>
<fogNode>
  <id>EndFogNode-19</id>
  <CPU>0.115Gf</CPU>
  <RAM>2.71GB</RAM>
  <DISK>79.4GB</DISK>
</fogNode>
<appliance>
  <id>Appliance-0</id>
</appliance>
<appliance>
  <id>Appliance-1</id>
</appliance>
<appliance>
  <id>Appliance-2</id>
</appliance>
<appliance>
  <id>Appliance-3</id>
</appliance>
<appliance>
  <id>Appliance-4</id>
</appliance>
<appliance>
  <id>Appliance-5</id>
</appliance>
<appliance>
  <id>Appliance-6</id>
</appliance>
<appliance>
  <id>Appliance-7</id>
</appliance>
<appliance>
  <id>Appliance-8</id>
</appliance>
<appliance>
  <id>Appliance-9</id>
</appliance>
<appliance>
  <id>Appliance-10</id>
</appliance>
<appliance>
  <id>Appliance-11</id>
</appliance>
<appliance>
  <id>Appliance-12</id>
</appliance>
<appliance>
  <id>Appliance-13</id>
</appliance>
<appliance>
  <id>Appliance-14</id>
</appliance>
<appliance>
  <id>Appliance-15</id>
</appliance>
<appliance>
  <id>Appliance-16</id>
</appliance>
<appliance>
  <id>Appliance-17</id>
</appliance>
<appliance>
  <id>Appliance-18</id>
</appliance>
<appliance>
  <id>Appliance-19</id>
</appliance>
<appliance>
  <id>Appliance-20</id>
</appliance>
<appliance>
  <id>Appliance-21</id>
</appliance>
<appliance>
  <id>Appliance-22</id>
</appliance>
<appliance>
  <id>Appliance-23</id>
</appliance>
<appliance>
  <id>Appliance-24</id>
</appliance>
<appliance>
  <id>Appliance-25</id>
</appliance>
<appliance>
  <id>Appliance-26</id>
</appliance>
<appliance>
  <id>Appliance-27</id>
</appliance>
<appliance>
  <id>Appliance-28</id>
</appliance>
<appliance>
  <id>Appliance-29</id>
</appliance>
<appliance>
  <id>Appliance-30</id>
</appliance>
<appliance>
  <id>Appliance-31</id>
</appliance>
<appliance>
  <id>Appliance-32</id>
</appliance>
<appliance>
  <id>Appliance-33</id>
</appliance>
<appliance>
  <id>Appliance-34</id>
</appliance>
<appliance>
  <id>Appliance-35</id>
</appliance>
<appliance>
  <id>Appliance-36</id>
</appliance>
<appliance>
  <id>Appliance-37</id>
</appliance>
<appliance>
  <id>Appliance-38</id>
</appliance>
<appliance>
  <id>Appliance-39</id>
</appliance>
  <link>EndFogNode-19 Gateway-2 506.0MBps 3.43ms</link>
  <link>Gateway-2 EndFogNode-19 506.0MBps 3.43ms</link>
  <link>Appliance-15 Gateway-1 967.0MBps 2.45ms</link>
  <link>Gateway-1 Appliance-15 967.0MBps 2.45ms</link>
  <link>Appliance-16 Gateway-1 462.0MBps 2.59ms</link>
  <link>Gateway-1 Appliance-16 462.0MBps 2.59ms</link>
  <link>Appliance-17 Gateway-1 210.0MBps 3.89ms</link>
  <link>Gateway-1 Appliance-17 210.0MBps 3.89ms</link>
  <link>Appliance-18 Gateway-2 41.6MBps 1.38ms</link>
  <link>Gateway-2 Appliance-18 41.6MBps 1.38ms</link>
  <link>Cloud-0 EdgeServer-0 605.0MBps 91.4ms</link>
  <link>EdgeServer-0 Cloud-0 605.0MBps 91.4ms</link>
  <link>Appliance-19 Gateway-2 831.0MBps 2.98ms</link>
  <link>Gateway-2 Appliance-19 831.0MBps 2.98ms</link>
  <link>Appliance-20 Gateway-0 936.0MBps 1.49ms</link>
  <link>Gateway-0 Appliance-20 936.0MBps 1.49ms</link>
  <link>Appliance-21 Gateway-2 417.0MBps 2.5ms</link>
  <link>Gateway-2 Appliance-21 417.0MBps 2.5ms</link>
  <link>Appliance-22 Gateway-0 501.0MBps 2.68ms</link>
  <link>Gateway-0 Appliance-22 501.0MBps 2.68ms</link>
  <link>Appliance-23 Gateway-1 300.0MBps 2.66ms</link>
  <link>Gateway-1 Appliance-23 300.0MBps 2.66ms</link>
  <link>Appliance-24 Gateway-2 305.0MBps 2.56ms</link>
  <link>Gateway-2 Appliance-24 305.0MBps 2.56ms</link>
  <link>Appliance-25 Gateway-1 169.0MBps 2.99ms</link>
  <link>Gateway-1 Appliance-25 169.0MBps 2.99ms</link>
  <link>Appliance-26 Gateway-2 159.0MBps 4.67ms</link>
  <link>Gateway-2 Appliance-26 159.0MBps 4.67ms</link>
  <link>Appliance-27 Gateway-1 578.0MBps 3.64ms</link>
  <link>Gateway-1 Appliance-27 578.0MBps 3.64ms</link>
  <link>Appliance-28 Gateway-0 876.0MBps 2.71ms</link>
  <link>Gateway-0 Appliance-28 876.0MBps 2.71ms</link>
  <link>Appliance-30 Gateway-1 690.0MBps 2.46ms</link>
  <link>Gateway-1 Appliance-30 690.0MBps 2.46ms</link>
  <link>Appliance-29 Gateway-1 927.0MBps 1.45ms</link>
  <link>Gateway-1 Appliance-29 927.0MBps 1.45ms</link>
  <link>Appliance-31 Gateway-2 817.0MBps 2.72ms</link>
  <link>Gateway-2 Appliance-31 817.0MBps 2.72ms</link>
  <link>EndFogNode-0 Gateway-0 205.0MBps 4.61ms</link>
  <link>Gateway-0 EndFogNode-0 205.0MBps 4.61ms</link>
  <link>Appliance-32 Gateway-1 560.0MBps 2.35ms</link>
  <link>Gateway-1 Appliance-32 560.0MBps 2.35ms</link>
  <link>EndFogNode-1 Gateway-2 918.0MBps 2.79ms</link>
  <link>Gateway-2 EndFogNode-1 918.0MBps 2.79ms</link>
  <link>Appliance-33 Gateway-2 117.0MBps 2.22ms</link>
  <link>Gateway-2 Appliance-33 117.0MBps 2.22ms</link>
  <link>EndFogNode-2 Gateway-0 668.0MBps 4.54ms</link>
  <link>Gateway-0 EndFogNode-2 668.0MBps 4.54ms</link>
  <link>Appliance-34 Gateway-0 664.0MBps 3.84ms</link>
  <link>Gateway-0 Appliance-34 664.0MBps 3.84ms</link>
  <link>EndFogNode-3 Gateway-2 602.0MBps 1.45ms</link>
  <link>Gateway-2 EndFogNode-3 602.0MBps 1.45ms</link>
  <link>Appliance-35 Gateway-2 975.0MBps 2.57ms</link>
  <link>Gateway-2 Appliance-35 975.0MBps 2.57ms</link>
  <link>EndFogNode-4 EdgeServer-1 49.8MBps 24.4ms</link>
  <link>EdgeServer-1 EndFogNode-4 49.8MBps 24.4ms</link>
  <link>Appliance-36 Gateway-0 211.0MBps 1.46ms</link>
  <link>Gateway-0 Appliance-36 211.0MBps 1.46ms</link>
  <link>EndFogNode-5 EdgeServer-2 59.2MBps 16.1ms</link>
  <link>EdgeServer-2 EndFogNode-5 59.2MBps 16.1ms</link>
  <link>Appliance-37 Gateway-0 429.0MBps 3.1ms</link>
  <link>Gateway-0 Appliance-37 429.0MBps 3.1ms</link>
  <link>EndFogNode-6 Gateway-2 922.0MBps 4.43ms</link>
  <link>Gateway-2 EndFogNode-6 922.0MBps 4.43ms</link>
  <link>Appliance-38 Gateway-2 817.0MBps 4.06ms</link>
  <link>Gateway-2 Appliance-38 817.0MBps 4.06ms</link>
  <link>EndFogNode-7 Gateway-2 151.0MBps 3.88ms</link>
  <link>Gateway-2 EndFogNode-7 151.0MBps 3.88ms</link>
  <link>Appliance-39 Gateway-0 334.0MBps 1.01ms</link>
  <link>Gateway-0 Appliance-39 334.0MBps 1.01ms</link>
  <link>EndFogNode-8 Gateway-1 628.0MBps 1.05ms</link>
  <link>Gateway-1 EndFogNode-8 628.0MBps 1.05ms</link>
  <link>EndFogNode-9 Gateway-0 599.0MBps 3.04ms</link>
  <link>Gateway-0 EndFogNode-9 599.0MBps 3.04ms</link>
  <link>Gateway-0 EdgeServer-2 53.7MBps 4.32ms</link>
  <link>EdgeServer-2 Gateway-0 53.7MBps 4.32ms</link>
  <link>Gateway-1 EdgeServer-1 58.2MBps 18.0ms</link>
  <link>EdgeServer-1 Gateway-1 58.2MBps 18.0ms</link>
  <link>Gateway-2 EdgeServer-1 99.9MBps 17.8ms</link>
  <link>EdgeServer-1 Gateway-2 99.9MBps 17.8ms</link>
  <link>EdgeServer-1 EdgeServer-0 42.1MBps 8.64ms</link>
  <link>EdgeServer-0 EdgeServer-1 42.1MBps 8.64ms</link>
  <link>EdgeServer-2 EdgeServer-0 572.0MBps 8.66ms</link>
  <link>EdgeServer-0 EdgeServer-2 572.0MBps 8.66ms</link>
  <link>Appliance-0 Gateway-0 584.0MBps 1.34ms</link>
  <link>Gateway-0 Appliance-0 584.0MBps 1.34ms</link>
  <link>Appliance-1 Gateway-1 336.0MBps 4.21ms</link>
  <link>Gateway-1 Appliance-1 336.0MBps 4.21ms</link>
  <link>Appliance-2 Gateway-0 466.0MBps 2.66ms</link>
  <link>Gateway-0 Appliance-2 466.0MBps 2.66ms</link>
  <link>Appliance-3 Gateway-0 521.0MBps 4.25ms</link>
  <link>Gateway-0 Appliance-3 521.0MBps 4.25ms</link>
  <link>Appliance-4 Gateway-0 225.0MBps 1.54ms</link>
  <link>Gateway-0 Appliance-4 225.0MBps 1.54ms</link>
  <link>EndFogNode-10 Gateway-2 546.0MBps 4.0ms</link>
  <link>Gateway-2 EndFogNode-10 546.0MBps 4.0ms</link>
  <link>Appliance-5 Gateway-0 392.0MBps 1.16ms</link>
  <link>Gateway-0 Appliance-5 392.0MBps 1.16ms</link>
  <link>EndFogNode-11 Gateway-0 381.0MBps 3.23ms</link>
  <link>Gateway-0 EndFogNode-11 381.0MBps 3.23ms</link>
  <link>Appliance-6 Gateway-2 213.0MBps 4.34ms</link>
  <link>Gateway-2 Appliance-6 213.0MBps 4.34ms</link>
  <link>EndFogNode-12 Gateway-2 973.0MBps 2.66ms</link>
  <link>Gateway-2 EndFogNode-12 973.0MBps 2.66ms</link>
  <link>Appliance-7 Gateway-1 850.0MBps 2.06ms</link>
  <link>Gateway-1 Appliance-7 850.0MBps 2.06ms</link>
  <link>EndFogNode-13 Gateway-0 530.0MBps 2.44ms</link>
  <link>Gateway-0 EndFogNode-13 530.0MBps 2.44ms</link>
  <link>Appliance-8 Gateway-1 611.0MBps 4.99ms</link>
  <link>Gateway-1 Appliance-8 611.0MBps 4.99ms</link>
  <link>EndFogNode-14 Gateway-2 105.0MBps 1.82ms</link>
  <link>Gateway-2 EndFogNode-14 105.0MBps 1.82ms</link>
  <link>Appliance-9 Gateway-2 266.0MBps 1.86ms</link>
  <link>Gateway-2 Appliance-9 266.0MBps 1.86ms</link>
  <link>Appliance-10 Gateway-2 858.0MBps 4.86ms</link>
  <link>Gateway-2 Appliance-10 858.0MBps 4.86ms</link>
  <link>EndFogNode-15 Gateway-2 545.0MBps 1.57ms</link>
  <link>Gateway-2 EndFogNode-15 545.0MBps 1.57ms</link>
  <link>Appliance-11 Gateway-0 384.0MBps 4.21ms</link>
  <link>Gateway-0 Appliance-11 384.0MBps 4.21ms</link>
  <link>EndFogNode-16 Gateway-1 202.0MBps 3.38ms</link>
  <link>Gateway-1 EndFogNode-16 202.0MBps 3.38ms</link>
  <link>Appliance-12 Gateway-2 530.0MBps 2.9ms</link>
  <link>Gateway-2 Appliance-12 530.0MBps 2.9ms</link>
  <link>EndFogNode-17 Gateway-1 211.0MBps 4.71ms</link>
  <link>Gateway-1 EndFogNode-17 211.0MBps 4.71ms</link>
  <link>Appliance-13 Gateway-0 803.0MBps 3.99ms</link>
  <link>Gateway-0 Appliance-13 803.0MBps 3.99ms</link>
  <link>EndFogNode-18 Gateway-0 237.0MBps 4.73ms</link>
  <link>Gateway-0 EndFogNode-18 237.0MBps 4.73ms</link>
  <link>Appliance-14 Gateway-0 683.0MBps 2.77ms</link>
  <link>Gateway-0 Appliance-14 683.0MBps 2.77ms</link>
</infra>
