<?xml version="1.0"?>
<infra>
<fogNode>
  <id>Cloud-0</id>
  <CPU>999999Gf</CPU>
  <RAM>999999GB</RAM>
  <DISK>999999GB</DISK>
</fogNode>
<fogNode>
  <id>EdgeServer-0</id>
  <CPU>69.4Gf</CPU>
  <RAM>53.6GB</RAM>
  <DISK>3940.0GB</DISK>
</fogNode>
<fogNode>
  <id>EdgeServer-1</id>
  <CPU>61.0Gf</CPU>
  <RAM>65.7GB</RAM>
  <DISK>4290.0GB</DISK>
</fogNode>
<fogNode>
  <id>EdgeServer-2</id>
  <CPU>98.2Gf</CPU>
  <RAM>51.9GB</RAM>
  <DISK>1590.0GB</DISK>
</fogNode>
<fogNode>
  <id>Gateway-0</id>
  <CPU>4.56Gf</CPU>
  <RAM>8.51GB</RAM>
  <DISK>336.0GB</DISK>
</fogNode>
<fogNode>
  <id>Gateway-1</id>
  <CPU>1.6Gf</CPU>
  <RAM>1.27GB</RAM>
  <DISK>322.0GB</DISK>
</fogNode>
<fogNode>
  <id>Gateway-2</id>
  <CPU>2.25Gf</CPU>
  <RAM>6.31GB</RAM>
  <DISK>125.0GB</DISK>
</fogNode>
<fogNode>
  <id>EndFogNode-0</id>
  <CPU>0.697Gf</CPU>
  <RAM>0.807GB</RAM>
  <DISK>151.0GB</DISK>
</fogNode>
<fogNode>
  <id>EndFogNode-1</id>
  <CPU>1.96Gf</CPU>
  <RAM>0.277GB</RAM>
  <DISK>134.0GB</DISK>
</fogNode>
<fogNode>
  <id>EndFogNode-2</id>
  <CPU>1.25Gf</CPU>
  <RAM>2.53GB</RAM>
  <DISK>106.0GB</DISK>
</fogNode>
<fogNode>
  <id>EndFogNode-3</id>
  <CPU>0.567Gf</CPU>
  <RAM>2.59GB</RAM>
  <DISK>134.0GB</DISK>
</fogNode>
<fogNode>
  <id>EndFogNode-4</id>
  <CPU>0.804Gf</CPU>
  <RAM>0.0223GB</RAM>
  <DISK>179.0GB</DISK>
</fogNode>
<fogNode>
  <id>EndFogNode-5</id>
  <CPU>0.305Gf</CPU>
  <RAM>0.917GB</RAM>
  <DISK>148.0GB</DISK>
</fogNode>
<fogNode>
  <id>EndFogNode-6</id>
  <CPU>0.863Gf</CPU>
  <RAM>1.53GB</RAM>
  <DISK>89.1GB</DISK>
</fogNode>
<fogNode>
  <id>EndFogNode-7</id>
  <CPU>1.76Gf</CPU>
  <RAM>2.66GB</RAM>
  <DISK>180.0GB</DISK>
</fogNode>
<fogNode>
  <id>EndFogNode-8</id>
  <CPU>1.11Gf</CPU>
  <RAM>0.456GB</RAM>
  <DISK>67.2GB</DISK>
</fogNode>
<fogNode>
  <id>EndFogNode-9</id>
  <CPU>1.58Gf</CPU>
  <RAM>3.8GB</RAM>
  <DISK>7.17GB</DISK>
</fogNode>
<fogNode>
  <id>EndFogNode-10</id>
  <CPU>1.8Gf</CPU>
  <RAM>0.599GB</RAM>
  <DISK>154.0GB</DISK>
</fogNode>
<fogNode>
  <id>EndFogNode-11</id>
  <CPU>0.489Gf</CPU>
  <RAM>1.33GB</RAM>
  <DISK>3.05GB</DISK>
</fogNode>
<fogNode>
  <id>EndFogNode-12</id>
  <CPU>0.38Gf</CPU>
  <RAM>2.37GB</RAM>
  <DISK>26.6GB</DISK>
</fogNode>
<fogNode>
  <id>EndFogNode-13</id>
  <CPU>0.831Gf</CPU>
  <RAM>2.19GB</RAM>
  <DISK>147.0GB</DISK>
</fogNode>
<fogNode>
  <id>EndFogNode-14</id>
  <CPU>0.749Gf</CPU>
  <RAM>3.61GB</RAM>
  <DISK>145.0GB</DISK>
</fogNode>
<fogNode>
  <id>EndFogNode-15</id>
  <CPU>1.97Gf</CPU>
  <RAM>0.308GB</RAM>
  <DISK>32.9GB</DISK>
</fogNode>
<fogNode>
  <id>EndFogNode-16</id>
  <CPU>1.99Gf</CPU>
  <RAM>3.93GB</RAM>
  <DISK>13.1GB</DISK>
</fogNode>
<fogNode>
  <id>EndFogNode-17</id>
  <CPU>0.4Gf</CPU>
  <RAM>0.253GB</RAM>
  <DISK>65.2GB</DISK>
</fogNode>
<fogNode>
  <id>EndFogNode-18</id>
  <CPU>1.36Gf</CPU>
  <RAM>2.79GB</RAM>
  <DISK>49.3GB</DISK>
</fogNode>
<fogNode>
  <id>EndFogNode-19</id>
  <CPU>1.51Gf</CPU>
  <RAM>0.719GB</RAM>
  <DISK>194.0GB</DISK>
</fogNode>
<appliance>
  <id>Appliance-0</id>
</appliance>
<appliance>
  <id>Appliance-1</id>
</appliance>
<appliance>
  <id>Appliance-2</id>
</appliance>
<appliance>
  <id>Appliance-3</id>
</appliance>
<appliance>
  <id>Appliance-4</id>
</appliance>
<appliance>
  <id>Appliance-5</id>
</appliance>
<appliance>
  <id>Appliance-6</id>
</appliance>
<appliance>
  <id>Appliance-7</id>
</appliance>
<appliance>
  <id>Appliance-8</id>
</appliance>
<appliance>
  <id>Appliance-9</id>
</appliance>
<appliance>
  <id>Appliance-10</id>
</appliance>
<appliance>
  <id>Appliance-11</id>
</appliance>
<appliance>
  <id>Appliance-12</id>
</appliance>
<appliance>
  <id>Appliance-13</id>
</appliance>
<appliance>
  <id>Appliance-14</id>
</appliance>
<appliance>
  <id>Appliance-15</id>
</appliance>
<appliance>
  <id>Appliance-16</id>
</appliance>
<appliance>
  <id>Appliance-17</id>
</appliance>
<appliance>
  <id>Appliance-18</id>
</appliance>
<appliance>
  <id>Appliance-19</id>
</appliance>
<appliance>
  <id>Appliance-20</id>
</appliance>
<appliance>
  <id>Appliance-21</id>
</appliance>
<appliance>
  <id>Appliance-22</id>
</appliance>
<appliance>
  <id>Appliance-23</id>
</appliance>
<appliance>
  <id>Appliance-24</id>
</appliance>
<appliance>
  <id>Appliance-25</id>
</appliance>
<appliance>
  <id>Appliance-26</id>
</appliance>
<appliance>
  <id>Appliance-27</id>
</appliance>
<appliance>
  <id>Appliance-28</id>
</appliance>
<appliance>
  <id>Appliance-29</id>
</appliance>
<appliance>
  <id>Appliance-30</id>
</appliance>
<appliance>
  <id>Appliance-31</id>
</appliance>
<appliance>
  <id>Appliance-32</id>
</appliance>
<appliance>
  <id>Appliance-33</id>
</appliance>
<appliance>
  <id>Appliance-34</id>
</appliance>
<appliance>
  <id>Appliance-35</id>
</appliance>
<appliance>
  <id>Appliance-36</id>
</appliance>
<appliance>
  <id>Appliance-37</id>
</appliance>
<appliance>
  <id>Appliance-38</id>
</appliance>
<appliance>
  <id>Appliance-39</id>
</appliance>
  <link>EndFogNode-19 Gateway-2 281.0MBps 1.21ms</link>
  <link>Gateway-2 EndFogNode-19 281.0MBps 1.21ms</link>
  <link>Appliance-15 Gateway-2 380.0MBps 2.91ms</link>
  <link>Gateway-2 Appliance-15 380.0MBps 2.91ms</link>
  <link>Appliance-16 Gateway-1 525.0MBps 3.93ms</link>
  <link>Gateway-1 Appliance-16 525.0MBps 3.93ms</link>
  <link>Appliance-17 Gateway-2 339.0MBps 1.76ms</link>
  <link>Gateway-2 Appliance-17 339.0MBps 1.76ms</link>
  <link>Appliance-18 Gateway-1 56.8MBps 3.49ms</link>
  <link>Gateway-1 Appliance-18 56.8MBps 3.49ms</link>
  <link>Cloud-0 EdgeServer-0 136.0MBps 75.9ms</link>
  <link>EdgeServer-0 Cloud-0 136.0MBps 75.9ms</link>
  <link>Appliance-19 Gateway-1 338.0MBps 1.76ms</link>
  <link>Gateway-1 Appliance-19 338.0MBps 1.76ms</link>
  <link>Appliance-20 Gateway-1 627.0MBps 1.53ms</link>
  <link>Gateway-1 Appliance-20 627.0MBps 1.53ms</link>
  <link>Appliance-21 Gateway-1 645.0MBps 3.88ms</link>
  <link>Gateway-1 Appliance-21 645.0MBps 3.88ms</link>
  <link>Appliance-22 Gateway-0 268.0MBps 4.1ms</link>
  <link>Gateway-0 Appliance-22 268.0MBps 4.1ms</link>
  <link>Appliance-23 Gateway-1 536.0MBps 1.33ms</link>
  <link>Gateway-1 Appliance-23 536.0MBps 1.33ms</link>
  <link>Appliance-24 Gateway-2 844.0MBps 2.36ms</link>
  <link>Gateway-2 Appliance-24 844.0MBps 2.36ms</link>
  <link>Appliance-25 Gateway-0 154.0MBps 2.48ms</link>
  <link>Gateway-0 Appliance-25 154.0MBps 2.48ms</link>
  <link>Appliance-26 Gateway-1 589.0MBps 3.11ms</link>
  <link>Gateway-1 Appliance-26 589.0MBps 3.11ms</link>
  <link>Appliance-27 Gateway-1 281.0MBps 4.23ms</link>
  <link>Gateway-1 Appliance-27 281.0MBps 4.23ms</link>
  <link>Appliance-28 Gateway-2 629.0MBps 1.13ms</link>
  <link>Gateway-2 Appliance-28 629.0MBps 1.13ms</link>
  <link>Appliance-30 Gateway-0 304.0MBps 3.77ms</link>
  <link>Gateway-0 Appliance-30 304.0MBps 3.77ms</link>
  <link>Appliance-29 Gateway-0 721.0MBps 3.11ms</link>
  <link>Gateway-0 Appliance-29 721.0MBps 3.11ms</link>
  <link>Appliance-31 Gateway-2 242.0MBps 3.66ms</link>
  <link>Gateway-2 Appliance-31 242.0MBps 3.66ms</link>
  <link>EndFogNode-0 Gateway-0 211.0MBps 2.65ms</link>
  <link>Gateway-0 EndFogNode-0 211.0MBps 2.65ms</link>
  <link>Appliance-32 Gateway-2 446.0MBps 1.31ms</link>
  <link>Gateway-2 Appliance-32 446.0MBps 1.31ms</link>
  <link>EndFogNode-1 Gateway-0 533.0MBps 1.24ms</link>
  <link>Gateway-0 EndFogNode-1 533.0MBps 1.24ms</link>
  <link>Appliance-33 Gateway-1 658.0MBps 2.48ms</link>
  <link>Gateway-1 Appliance-33 658.0MBps 2.48ms</link>
  <link>EndFogNode-2 Gateway-1 525.0MBps 1.04ms</link>
  <link>Gateway-1 EndFogNode-2 525.0MBps 1.04ms</link>
  <link>Appliance-34 Gateway-1 913.0MBps 2.21ms</link>
  <link>Gateway-1 Appliance-34 913.0MBps 2.21ms</link>
  <link>EndFogNode-3 Gateway-2 621.0MBps 3.01ms</link>
  <link>Gateway-2 EndFogNode-3 621.0MBps 3.01ms</link>
  <link>Appliance-35 Gateway-2 250.0MBps 4.13ms</link>
  <link>Gateway-2 Appliance-35 250.0MBps 4.13ms</link>
  <link>EndFogNode-4 Gateway-1 230.0MBps 3.32ms</link>
  <link>Gateway-1 EndFogNode-4 230.0MBps 3.32ms</link>
  <link>Appliance-36 Gateway-0 905.0MBps 1.35ms</link>
  <link>Gateway-0 Appliance-36 905.0MBps 1.35ms</link>
  <link>EndFogNode-5 Gateway-1 429.0MBps 4.03ms</link>
  <link>Gateway-1 EndFogNode-5 429.0MBps 4.03ms</link>
  <link>Appliance-37 Gateway-2 137.0MBps 3.75ms</link>
  <link>Gateway-2 Appliance-37 137.0MBps 3.75ms</link>
  <link>EndFogNode-6 Gateway-0 918.0MBps 4.49ms</link>
  <link>Gateway-0 EndFogNode-6 918.0MBps 4.49ms</link>
  <link>Appliance-38 Gateway-1 580.0MBps 1.44ms</link>
  <link>Gateway-1 Appliance-38 580.0MBps 1.44ms</link>
  <link>EndFogNode-7 Gateway-0 506.0MBps 4.71ms</link>
  <link>Gateway-0 EndFogNode-7 506.0MBps 4.71ms</link>
  <link>Appliance-39 Gateway-2 35.6MBps 1.64ms</link>
  <link>Gateway-2 Appliance-39 35.6MBps 1.64ms</link>
  <link>EndFogNode-8 Gateway-1 166.0MBps 1.72ms</link>
  <link>Gateway-1 EndFogNode-8 166.0MBps 1.72ms</link>
  <link>EndFogNode-9 EdgeServer-1 9.19MBps 14.4ms</link>
  <link>EdgeServer-1 EndFogNode-9 9.19MBps 14.4ms</link>
  <link>Gateway-0 EdgeServer-2 57.6MBps 16.0ms</link>
  <link>EdgeServer-2 Gateway-0 57.6MBps 16.0ms</link>
  <link>Gateway-1 EdgeServer-1 63.6MBps 8.75ms</link>
  <link>EdgeServer-1 Gateway-1 63.6MBps 8.75ms</link>
  <link>Gateway-2 EdgeServer-1 70.9MBps 5.95ms</link>
  <link>EdgeServer-1 Gateway-2 70.9MBps 5.95ms</link>
  <link>EdgeServer-1 EdgeServer-0 456.0MBps 6.14ms</link>
  <link>EdgeServer-0 EdgeServer-1 456.0MBps 6.14ms</link>
  <link>EdgeServer-2 EdgeServer-0 401.0MBps 3.54ms</link>
  <link>EdgeServer-0 EdgeServer-2 401.0MBps 3.54ms</link>
  <link>Appliance-0 Gateway-0 84.4MBps 3.49ms</link>
  <link>Gateway-0 Appliance-0 84.4MBps 3.49ms</link>
  <link>Appliance-1 Gateway-2 727.0MBps 2.48ms</link>
  <link>Gateway-2 Appliance-1 727.0MBps 2.48ms</link>
  <link>Appliance-2 Gateway-2 806.0MBps 3.9ms</link>
  <link>Gateway-2 Appliance-2 806.0MBps 3.9ms</link>
  <link>Appliance-3 Gateway-0 395.0MBps 4.28ms</link>
  <link>Gateway-0 Appliance-3 395.0MBps 4.28ms</link>
  <link>Appliance-4 Gateway-0 686.0MBps 3.22ms</link>
  <link>Gateway-0 Appliance-4 686.0MBps 3.22ms</link>
  <link>EndFogNode-10 Gateway-2 691.0MBps 3.15ms</link>
  <link>Gateway-2 EndFogNode-10 691.0MBps 3.15ms</link>
  <link>Appliance-5 Gateway-0 819.0MBps 2.0ms</link>
  <link>Gateway-0 Appliance-5 819.0MBps 2.0ms</link>
  <link>EndFogNode-11 Gateway-0 390.0MBps 2.77ms</link>
  <link>Gateway-0 EndFogNode-11 390.0MBps 2.77ms</link>
  <link>Appliance-6 Gateway-2 415.0MBps 4.19ms</link>
  <link>Gateway-2 Appliance-6 415.0MBps 4.19ms</link>
  <link>EndFogNode-12 EdgeServer-1 79.3MBps 16.4ms</link>
  <link>EdgeServer-1 EndFogNode-12 79.3MBps 16.4ms</link>
  <link>Appliance-7 Gateway-2 48.6MBps 1.64ms</link>
  <link>Gateway-2 Appliance-7 48.6MBps 1.64ms</link>
  <link>EndFogNode-13 EdgeServer-1 14.7MBps 23.3ms</link>
  <link>EdgeServer-1 EndFogNode-13 14.7MBps 23.3ms</link>
  <link>Appliance-8 Gateway-2 478.0MBps 1.63ms</link>
  <link>Gateway-2 Appliance-8 478.0MBps 1.63ms</link>
  <link>EndFogNode-14 Gateway-2 637.0MBps 2.64ms</link>
  <link>Gateway-2 EndFogNode-14 637.0MBps 2.64ms</link>
  <link>Appliance-9 Gateway-1 668.0MBps 2.42ms</link>
  <link>Gateway-1 Appliance-9 668.0MBps 2.42ms</link>
  <link>Appliance-10 Gateway-1 245.0MBps 3.63ms</link>
  <link>Gateway-1 Appliance-10 245.0MBps 3.63ms</link>
  <link>EndFogNode-15 Gateway-1 780.0MBps 1.66ms</link>
  <link>Gateway-1 EndFogNode-15 780.0MBps 1.66ms</link>
  <link>Appliance-11 Gateway-0 441.0MBps 1.03ms</link>
  <link>Gateway-0 Appliance-11 441.0MBps 1.03ms</link>
  <link>EndFogNode-16 Gateway-0 454.0MBps 2.81ms</link>
  <link>Gateway-0 EndFogNode-16 454.0MBps 2.81ms</link>
  <link>Appliance-12 Gateway-2 292.0MBps 3.73ms</link>
  <link>Gateway-2 Appliance-12 292.0MBps 3.73ms</link>
  <link>EndFogNode-17 Gateway-2 926.0MBps 2.14ms</link>
  <link>Gateway-2 EndFogNode-17 926.0MBps 2.14ms</link>
  <link>Appliance-13 Gateway-1 24.3MBps 1.79ms</link>
  <link>Gateway-1 Appliance-13 24.3MBps 1.79ms</link>
  <link>EndFogNode-18 Gateway-0 887.0MBps 2.16ms</link>
  <link>Gateway-0 EndFogNode-18 887.0MBps 2.16ms</link>
  <link>Appliance-14 Gateway-2 16.6MBps 1.84ms</link>
  <link>Gateway-2 Appliance-14 16.6MBps 1.84ms</link>
</infra>
