<?xml version="1.0"?>
<apps>
<app>
  <id>App1</id>
<comp>
  <id>Comp:1-0-0</id>
  <CPU>0.866Gf</CPU>
  <RAM>0.178GB</RAM>
  <DISK>0.616GB</DISK>
</comp>
<comp>
  <id>Comp:1-0-1</id>
  <CPU>0.866Gf</CPU>
  <RAM>0.178GB</RAM>
  <DISK>0.616GB</DISK>
</comp>
<comp>
  <id>Comp:1-0-2</id>
  <CPU>0.866Gf</CPU>
  <RAM>0.178GB</RAM>
  <DISK>0.616GB</DISK>
</comp>
<comp>
  <id>Comp:1-0-3</id>
  <CPU>0.866Gf</CPU>
  <RAM>0.178GB</RAM>
  <DISK>0.616GB</DISK>
</comp>
<comp>
  <id>Comp:1-0-4</id>
  <CPU>0.866Gf</CPU>
  <RAM>0.178GB</RAM>
  <DISK>0.616GB</DISK>
</comp>
<comp>
  <id>Comp:1-0-5</id>
  <CPU>0.866Gf</CPU>
  <RAM>0.178GB</RAM>
  <DISK>0.616GB</DISK>
</comp>
<comp>
  <id>Comp:1-0-6</id>
  <CPU>0.866Gf</CPU>
  <RAM>0.178GB</RAM>
  <DISK>0.616GB</DISK>
</comp>
<comp>
  <id>Comp:1-0-7</id>
  <CPU>0.866Gf</CPU>
  <RAM>0.178GB</RAM>
  <DISK>0.616GB</DISK>
</comp>
<comp>
  <id>Comp:1-1-0</id>
  <CPU>0.147Gf</CPU>
  <RAM>0.475GB</RAM>
  <DISK>0.376GB</DISK>
</comp>
<comp>
  <id>Comp:1-1-1</id>
  <CPU>0.147Gf</CPU>
  <RAM>0.475GB</RAM>
  <DISK>0.376GB</DISK>
</comp>
<comp>
  <id>Comp:1-1-2</id>
  <CPU>0.147Gf</CPU>
  <RAM>0.475GB</RAM>
  <DISK>0.376GB</DISK>
</comp>
<comp>
  <id>Comp:1-1-3</id>
  <CPU>0.147Gf</CPU>
  <RAM>0.475GB</RAM>
  <DISK>0.376GB</DISK>
</comp>
<comp>
  <id>Comp:1-1-4</id>
  <CPU>0.147Gf</CPU>
  <RAM>0.475GB</RAM>
  <DISK>0.376GB</DISK>
</comp>
<comp>
  <id>Comp:1-1-5</id>
  <CPU>0.147Gf</CPU>
  <RAM>0.475GB</RAM>
  <DISK>0.376GB</DISK>
</comp>
<comp>
  <id>Comp:1-1-6</id>
  <CPU>0.147Gf</CPU>
  <RAM>0.475GB</RAM>
  <DISK>0.376GB</DISK>
</comp>
<comp>
  <id>Comp:1-2-0</id>
  <CPU>0.46Gf</CPU>
  <RAM>0.824GB</RAM>
  <DISK>0.454GB</DISK>
</comp>
<comp>
  <id>Comp:1-2-1</id>
  <CPU>0.46Gf</CPU>
  <RAM>0.824GB</RAM>
  <DISK>0.454GB</DISK>
</comp>
<comp>
  <id>Comp:1-2-2</id>
  <CPU>0.46Gf</CPU>
  <RAM>0.824GB</RAM>
  <DISK>0.454GB</DISK>
</comp>
<comp>
  <id>Comp:1-2-3</id>
  <CPU>0.46Gf</CPU>
  <RAM>0.824GB</RAM>
  <DISK>0.454GB</DISK>
</comp>
<comp>
  <id>Comp:1-2-4</id>
  <CPU>0.46Gf</CPU>
  <RAM>0.824GB</RAM>
  <DISK>0.454GB</DISK>
</comp>
<comp>
  <id>Comp:1-2-5</id>
  <CPU>0.46Gf</CPU>
  <RAM>0.824GB</RAM>
  <DISK>0.454GB</DISK>
</comp>
<comp>
  <id>Comp:1-2-6</id>
  <CPU>0.46Gf</CPU>
  <RAM>0.824GB</RAM>
  <DISK>0.454GB</DISK>
</comp>
<comp>
  <id>Comp:1-3-0</id>
  <CPU>0.312Gf</CPU>
  <RAM>0.721GB</RAM>
  <DISK>1.94GB</DISK>
</comp>
<comp>
  <id>Comp:1-3-1</id>
  <CPU>0.312Gf</CPU>
  <RAM>0.721GB</RAM>
  <DISK>1.94GB</DISK>
</comp>
  <bind>Comp:1-1-0 Comp:1-0-0 0.498MBps 45.0ms</bind>
  <bind>Comp:1-0-0 Comp:1-1-0 0.498MBps 45.0ms</bind>
  <bind>Comp:1-1-1 Comp:1-0-1 0.498MBps 45.0ms</bind>
  <bind>Comp:1-0-1 Comp:1-1-1 0.498MBps 45.0ms</bind>
  <bind>Comp:1-1-2 Comp:1-0-2 0.498MBps 45.0ms</bind>
  <bind>Comp:1-0-2 Comp:1-1-2 0.498MBps 45.0ms</bind>
  <bind>Comp:1-1-3 Comp:1-0-3 0.498MBps 45.0ms</bind>
  <bind>Comp:1-0-3 Comp:1-1-3 0.498MBps 45.0ms</bind>
  <bind>Comp:1-1-4 Comp:1-0-4 0.498MBps 45.0ms</bind>
  <bind>Comp:1-0-4 Comp:1-1-4 0.498MBps 45.0ms</bind>
  <bind>Comp:1-1-5 Comp:1-0-5 0.498MBps 45.0ms</bind>
  <bind>Comp:1-0-5 Comp:1-1-5 0.498MBps 45.0ms</bind>
  <bind>Comp:1-1-6 Comp:1-0-6 0.498MBps 45.0ms</bind>
  <bind>Comp:1-0-6 Comp:1-1-6 0.498MBps 45.0ms</bind>
  <bind>Comp:1-1-0 Comp:1-0-7 0.498MBps 45.0ms</bind>
  <bind>Comp:1-0-7 Comp:1-1-0 0.498MBps 45.0ms</bind>
  <bind>Comp:1-2-0 Comp:1-1-0 0.286MBps 31.0ms</bind>
  <bind>Comp:1-1-0 Comp:1-2-0 0.286MBps 31.0ms</bind>
  <bind>Comp:1-2-1 Comp:1-1-1 0.286MBps 31.0ms</bind>
  <bind>Comp:1-1-1 Comp:1-2-1 0.286MBps 31.0ms</bind>
  <bind>Comp:1-2-2 Comp:1-1-2 0.286MBps 31.0ms</bind>
  <bind>Comp:1-1-2 Comp:1-2-2 0.286MBps 31.0ms</bind>
  <bind>Comp:1-2-3 Comp:1-1-3 0.286MBps 31.0ms</bind>
  <bind>Comp:1-1-3 Comp:1-2-3 0.286MBps 31.0ms</bind>
  <bind>Comp:1-2-4 Comp:1-1-4 0.286MBps 31.0ms</bind>
  <bind>Comp:1-1-4 Comp:1-2-4 0.286MBps 31.0ms</bind>
  <bind>Comp:1-2-5 Comp:1-1-5 0.286MBps 31.0ms</bind>
  <bind>Comp:1-1-5 Comp:1-2-5 0.286MBps 31.0ms</bind>
  <bind>Comp:1-2-6 Comp:1-1-6 0.286MBps 31.0ms</bind>
  <bind>Comp:1-1-6 Comp:1-2-6 0.286MBps 31.0ms</bind>
  <bind>Comp:1-3-0 Comp:1-2-0 0.584MBps 34.2ms</bind>
  <bind>Comp:1-2-0 Comp:1-3-0 0.584MBps 34.2ms</bind>
  <bind>Comp:1-3-1 Comp:1-2-1 0.584MBps 34.2ms</bind>
  <bind>Comp:1-2-1 Comp:1-3-1 0.584MBps 34.2ms</bind>
  <bind>Comp:1-3-0 Comp:1-2-2 0.584MBps 34.2ms</bind>
  <bind>Comp:1-2-2 Comp:1-3-0 0.584MBps 34.2ms</bind>
  <bind>Comp:1-3-1 Comp:1-2-3 0.584MBps 34.2ms</bind>
  <bind>Comp:1-2-3 Comp:1-3-1 0.584MBps 34.2ms</bind>
  <bind>Comp:1-3-0 Comp:1-2-4 0.584MBps 34.2ms</bind>
  <bind>Comp:1-2-4 Comp:1-3-0 0.584MBps 34.2ms</bind>
  <bind>Comp:1-3-1 Comp:1-2-5 0.584MBps 34.2ms</bind>
  <bind>Comp:1-2-5 Comp:1-3-1 0.584MBps 34.2ms</bind>
  <bind>Comp:1-3-0 Comp:1-2-6 0.584MBps 34.2ms</bind>
  <bind>Comp:1-2-6 Comp:1-3-0 0.584MBps 34.2ms</bind>
  <bind>Comp:1-3-0 Appliance-25 0.52MBps 34.7ms</bind>
  <bind>Appliance-25 Comp:1-3-0 0.52MBps 34.7ms</bind>
  <bind>Comp:1-3-1 Appliance-23 0.52MBps 34.7ms</bind>
  <bind>Appliance-23 Comp:1-3-1 0.52MBps 34.7ms</bind>
  <bind>Comp:1-3-0 Appliance-13 0.52MBps 34.7ms</bind>
  <bind>Appliance-13 Comp:1-3-0 0.52MBps 34.7ms</bind>
  <bind>Comp:1-3-1 Appliance-2 0.52MBps 34.7ms</bind>
  <bind>Appliance-2 Comp:1-3-1 0.52MBps 34.7ms</bind>
  <bind>Comp:1-3-0 Appliance-0 0.52MBps 34.7ms</bind>
  <bind>Appliance-0 Comp:1-3-0 0.52MBps 34.7ms</bind>
  <bind>Comp:1-3-1 Appliance-36 0.52MBps 34.7ms</bind>
  <bind>Appliance-36 Comp:1-3-1 0.52MBps 34.7ms</bind>
</app>
<app>
  <id>App10</id>
<comp>
  <id>Comp:10-1-0</id>
  <CPU>0.938Gf</CPU>
  <RAM>0.3GB</RAM>
  <DISK>1.55GB</DISK>
</comp>
<comp>
  <id>Comp:10-1-1</id>
  <CPU>0.938Gf</CPU>
  <RAM>0.3GB</RAM>
  <DISK>1.55GB</DISK>
</comp>
<comp>
  <id>Comp:10-1-2</id>
  <CPU>0.938Gf</CPU>
  <RAM>0.3GB</RAM>
  <DISK>1.55GB</DISK>
</comp>
<comp>
  <id>Comp:10-1-3</id>
  <CPU>0.938Gf</CPU>
  <RAM>0.3GB</RAM>
  <DISK>1.55GB</DISK>
</comp>
<comp>
  <id>Comp:10-1-4</id>
  <CPU>0.938Gf</CPU>
  <RAM>0.3GB</RAM>
  <DISK>1.55GB</DISK>
</comp>
<comp>
  <id>Comp:10-1-5</id>
  <CPU>0.938Gf</CPU>
  <RAM>0.3GB</RAM>
  <DISK>1.55GB</DISK>
</comp>
<comp>
  <id>Comp:10-1-6</id>
  <CPU>0.938Gf</CPU>
  <RAM>0.3GB</RAM>
  <DISK>1.55GB</DISK>
</comp>
<comp>
  <id>Comp:10-1-7</id>
  <CPU>0.938Gf</CPU>
  <RAM>0.3GB</RAM>
  <DISK>1.55GB</DISK>
</comp>
<comp>
  <id>Comp:10-1-8</id>
  <CPU>0.938Gf</CPU>
  <RAM>0.3GB</RAM>
  <DISK>1.55GB</DISK>
</comp>
<comp>
  <id>Comp:10-1-9</id>
  <CPU>0.938Gf</CPU>
  <RAM>0.3GB</RAM>
  <DISK>1.55GB</DISK>
</comp>
<comp>
  <id>Comp:10-2-0</id>
  <CPU>0.317Gf</CPU>
  <RAM>0.675GB</RAM>
  <DISK>1.0GB</DISK>
</comp>
<comp>
  <id>Comp:10-2-1</id>
  <CPU>0.317Gf</CPU>
  <RAM>0.675GB</RAM>
  <DISK>1.0GB</DISK>
</comp>
<comp>
  <id>Comp:10-2-2</id>
  <CPU>0.317Gf</CPU>
  <RAM>0.675GB</RAM>
  <DISK>1.0GB</DISK>
</comp>
<comp>
  <id>Comp:10-3-0</id>
  <CPU>0.269Gf</CPU>
  <RAM>0.504GB</RAM>
  <DISK>1.47GB</DISK>
</comp>
<comp>
  <id>Comp:10-3-1</id>
  <CPU>0.269Gf</CPU>
  <RAM>0.504GB</RAM>
  <DISK>1.47GB</DISK>
</comp>
<comp>
  <id>Comp:10-3-2</id>
  <CPU>0.269Gf</CPU>
  <RAM>0.504GB</RAM>
  <DISK>1.47GB</DISK>
</comp>
<comp>
  <id>Comp:10-3-3</id>
  <CPU>0.269Gf</CPU>
  <RAM>0.504GB</RAM>
  <DISK>1.47GB</DISK>
</comp>
<comp>
  <id>Comp:10-3-4</id>
  <CPU>0.269Gf</CPU>
  <RAM>0.504GB</RAM>
  <DISK>1.47GB</DISK>
</comp>
<comp>
  <id>Comp:10-3-5</id>
  <CPU>0.269Gf</CPU>
  <RAM>0.504GB</RAM>
  <DISK>1.47GB</DISK>
</comp>
<comp>
  <id>Comp:10-4-0</id>
  <CPU>0.446Gf</CPU>
  <RAM>0.211GB</RAM>
  <DISK>1.05GB</DISK>
</comp>
  <bind>Comp:10-1-0 Appliance-31 0.387MBps 47.1ms</bind>
  <bind>Appliance-31 Comp:10-1-0 0.387MBps 47.1ms</bind>
  <bind>Comp:10-1-1 Appliance-6 0.387MBps 47.1ms</bind>
  <bind>Appliance-6 Comp:10-1-1 0.387MBps 47.1ms</bind>
  <bind>Comp:10-1-2 Appliance-0 0.387MBps 47.1ms</bind>
  <bind>Appliance-0 Comp:10-1-2 0.387MBps 47.1ms</bind>
  <bind>Comp:10-1-3 Appliance-14 0.387MBps 47.1ms</bind>
  <bind>Appliance-14 Comp:10-1-3 0.387MBps 47.1ms</bind>
  <bind>Comp:10-1-4 Appliance-16 0.387MBps 47.1ms</bind>
  <bind>Appliance-16 Comp:10-1-4 0.387MBps 47.1ms</bind>
  <bind>Comp:10-1-5 Appliance-17 0.387MBps 47.1ms</bind>
  <bind>Appliance-17 Comp:10-1-5 0.387MBps 47.1ms</bind>
  <bind>Comp:10-1-6 Appliance-36 0.387MBps 47.1ms</bind>
  <bind>Appliance-36 Comp:10-1-6 0.387MBps 47.1ms</bind>
  <bind>Comp:10-1-7 Appliance-32 0.387MBps 47.1ms</bind>
  <bind>Appliance-32 Comp:10-1-7 0.387MBps 47.1ms</bind>
  <bind>Comp:10-1-8 Appliance-31 0.387MBps 47.1ms</bind>
  <bind>Appliance-31 Comp:10-1-8 0.387MBps 47.1ms</bind>
  <bind>Comp:10-1-9 Appliance-6 0.387MBps 47.1ms</bind>
  <bind>Appliance-6 Comp:10-1-9 0.387MBps 47.1ms</bind>
  <bind>Comp:10-2-0 Comp:10-1-0 0.215MBps 46.0ms</bind>
  <bind>Comp:10-1-0 Comp:10-2-0 0.215MBps 46.0ms</bind>
  <bind>Comp:10-2-1 Comp:10-1-1 0.215MBps 46.0ms</bind>
  <bind>Comp:10-1-1 Comp:10-2-1 0.215MBps 46.0ms</bind>
  <bind>Comp:10-2-2 Comp:10-1-2 0.215MBps 46.0ms</bind>
  <bind>Comp:10-1-2 Comp:10-2-2 0.215MBps 46.0ms</bind>
  <bind>Comp:10-2-0 Comp:10-1-3 0.215MBps 46.0ms</bind>
  <bind>Comp:10-1-3 Comp:10-2-0 0.215MBps 46.0ms</bind>
  <bind>Comp:10-2-1 Comp:10-1-4 0.215MBps 46.0ms</bind>
  <bind>Comp:10-1-4 Comp:10-2-1 0.215MBps 46.0ms</bind>
  <bind>Comp:10-2-2 Comp:10-1-5 0.215MBps 46.0ms</bind>
  <bind>Comp:10-1-5 Comp:10-2-2 0.215MBps 46.0ms</bind>
  <bind>Comp:10-2-0 Comp:10-1-6 0.215MBps 46.0ms</bind>
  <bind>Comp:10-1-6 Comp:10-2-0 0.215MBps 46.0ms</bind>
  <bind>Comp:10-2-1 Comp:10-1-7 0.215MBps 46.0ms</bind>
  <bind>Comp:10-1-7 Comp:10-2-1 0.215MBps 46.0ms</bind>
  <bind>Comp:10-2-2 Comp:10-1-8 0.215MBps 46.0ms</bind>
  <bind>Comp:10-1-8 Comp:10-2-2 0.215MBps 46.0ms</bind>
  <bind>Comp:10-2-0 Comp:10-1-9 0.215MBps 46.0ms</bind>
  <bind>Comp:10-1-9 Comp:10-2-0 0.215MBps 46.0ms</bind>
  <bind>Comp:10-3-0 Comp:10-2-0 0.856MBps 33.2ms</bind>
  <bind>Comp:10-2-0 Comp:10-3-0 0.856MBps 33.2ms</bind>
  <bind>Comp:10-3-1 Comp:10-2-1 0.856MBps 33.2ms</bind>
  <bind>Comp:10-2-1 Comp:10-3-1 0.856MBps 33.2ms</bind>
  <bind>Comp:10-3-2 Comp:10-2-2 0.856MBps 33.2ms</bind>
  <bind>Comp:10-2-2 Comp:10-3-2 0.856MBps 33.2ms</bind>
  <bind>Comp:10-3-3 Comp:10-2-0 0.856MBps 33.2ms</bind>
  <bind>Comp:10-2-0 Comp:10-3-3 0.856MBps 33.2ms</bind>
  <bind>Comp:10-3-4 Comp:10-2-1 0.856MBps 33.2ms</bind>
  <bind>Comp:10-2-1 Comp:10-3-4 0.856MBps 33.2ms</bind>
  <bind>Comp:10-3-5 Comp:10-2-2 0.856MBps 33.2ms</bind>
  <bind>Comp:10-2-2 Comp:10-3-5 0.856MBps 33.2ms</bind>
  <bind>Comp:10-3-0 Comp:10-4-0 0.806MBps 36.8ms</bind>
  <bind>Comp:10-4-0 Comp:10-3-0 0.806MBps 36.8ms</bind>
  <bind>Comp:10-3-1 Comp:10-4-0 0.806MBps 36.8ms</bind>
  <bind>Comp:10-4-0 Comp:10-3-1 0.806MBps 36.8ms</bind>
  <bind>Comp:10-3-2 Comp:10-4-0 0.806MBps 36.8ms</bind>
  <bind>Comp:10-4-0 Comp:10-3-2 0.806MBps 36.8ms</bind>
  <bind>Comp:10-3-3 Comp:10-4-0 0.806MBps 36.8ms</bind>
  <bind>Comp:10-4-0 Comp:10-3-3 0.806MBps 36.8ms</bind>
  <bind>Comp:10-3-4 Comp:10-4-0 0.806MBps 36.8ms</bind>
  <bind>Comp:10-4-0 Comp:10-3-4 0.806MBps 36.8ms</bind>
  <bind>Comp:10-3-5 Comp:10-4-0 0.806MBps 36.8ms</bind>
  <bind>Comp:10-4-0 Comp:10-3-5 0.806MBps 36.8ms</bind>
</app>
<app>
  <id>App11</id>
<comp>
  <id>Comp:11-0-0</id>
  <CPU>0.23Gf</CPU>
  <RAM>0.969GB</RAM>
  <DISK>1.03GB</DISK>
</comp>
<comp>
  <id>Comp:11-0-1</id>
  <CPU>0.23Gf</CPU>
  <RAM>0.969GB</RAM>
  <DISK>1.03GB</DISK>
</comp>
<comp>
  <id>Comp:11-0-2</id>
  <CPU>0.23Gf</CPU>
  <RAM>0.969GB</RAM>
  <DISK>1.03GB</DISK>
</comp>
<comp>
  <id>Comp:11-0-3</id>
  <CPU>0.23Gf</CPU>
  <RAM>0.969GB</RAM>
  <DISK>1.03GB</DISK>
</comp>
<comp>
  <id>Comp:11-0-4</id>
  <CPU>0.23Gf</CPU>
  <RAM>0.969GB</RAM>
  <DISK>1.03GB</DISK>
</comp>
<comp>
  <id>Comp:11-1-0</id>
  <CPU>0.867Gf</CPU>
  <RAM>0.494GB</RAM>
  <DISK>0.176GB</DISK>
</comp>
<comp>
  <id>Comp:11-1-1</id>
  <CPU>0.867Gf</CPU>
  <RAM>0.494GB</RAM>
  <DISK>0.176GB</DISK>
</comp>
<comp>
  <id>Comp:11-1-2</id>
  <CPU>0.867Gf</CPU>
  <RAM>0.494GB</RAM>
  <DISK>0.176GB</DISK>
</comp>
<comp>
  <id>Comp:11-1-3</id>
  <CPU>0.867Gf</CPU>
  <RAM>0.494GB</RAM>
  <DISK>0.176GB</DISK>
</comp>
<comp>
  <id>Comp:11-1-4</id>
  <CPU>0.867Gf</CPU>
  <RAM>0.494GB</RAM>
  <DISK>0.176GB</DISK>
</comp>
<comp>
  <id>Comp:11-1-5</id>
  <CPU>0.867Gf</CPU>
  <RAM>0.494GB</RAM>
  <DISK>0.176GB</DISK>
</comp>
<comp>
  <id>Comp:11-1-6</id>
  <CPU>0.867Gf</CPU>
  <RAM>0.494GB</RAM>
  <DISK>0.176GB</DISK>
</comp>
<comp>
  <id>Comp:11-1-7</id>
  <CPU>0.867Gf</CPU>
  <RAM>0.494GB</RAM>
  <DISK>0.176GB</DISK>
</comp>
<comp>
  <id>Comp:11-2-0</id>
  <CPU>0.784Gf</CPU>
  <RAM>0.972GB</RAM>
  <DISK>1.98GB</DISK>
</comp>
<comp>
  <id>Comp:11-2-1</id>
  <CPU>0.784Gf</CPU>
  <RAM>0.972GB</RAM>
  <DISK>1.98GB</DISK>
</comp>
<comp>
  <id>Comp:11-2-2</id>
  <CPU>0.784Gf</CPU>
  <RAM>0.972GB</RAM>
  <DISK>1.98GB</DISK>
</comp>
<comp>
  <id>Comp:11-2-3</id>
  <CPU>0.784Gf</CPU>
  <RAM>0.972GB</RAM>
  <DISK>1.98GB</DISK>
</comp>
<comp>
  <id>Comp:11-2-4</id>
  <CPU>0.784Gf</CPU>
  <RAM>0.972GB</RAM>
  <DISK>1.98GB</DISK>
</comp>
<comp>
  <id>Comp:11-3-0</id>
  <CPU>0.647Gf</CPU>
  <RAM>0.465GB</RAM>
  <DISK>0.137GB</DISK>
</comp>
<comp>
  <id>Comp:11-3-1</id>
  <CPU>0.647Gf</CPU>
  <RAM>0.465GB</RAM>
  <DISK>0.137GB</DISK>
</comp>
<comp>
  <id>Comp:11-3-2</id>
  <CPU>0.647Gf</CPU>
  <RAM>0.465GB</RAM>
  <DISK>0.137GB</DISK>
</comp>
<comp>
  <id>Comp:11-4-0</id>
  <CPU>0.586Gf</CPU>
  <RAM>0.821GB</RAM>
  <DISK>0.0368GB</DISK>
</comp>
<comp>
  <id>Comp:11-4-1</id>
  <CPU>0.586Gf</CPU>
  <RAM>0.821GB</RAM>
  <DISK>0.0368GB</DISK>
</comp>
<comp>
  <id>Comp:11-4-2</id>
  <CPU>0.586Gf</CPU>
  <RAM>0.821GB</RAM>
  <DISK>0.0368GB</DISK>
</comp>
<comp>
  <id>Comp:11-4-3</id>
  <CPU>0.586Gf</CPU>
  <RAM>0.821GB</RAM>
  <DISK>0.0368GB</DISK>
</comp>
  <bind>Comp:11-1-0 Comp:11-0-0 0.381MBps 41.6ms</bind>
  <bind>Comp:11-0-0 Comp:11-1-0 0.381MBps 41.6ms</bind>
  <bind>Comp:11-1-1 Comp:11-0-1 0.381MBps 41.6ms</bind>
  <bind>Comp:11-0-1 Comp:11-1-1 0.381MBps 41.6ms</bind>
  <bind>Comp:11-1-2 Comp:11-0-2 0.381MBps 41.6ms</bind>
  <bind>Comp:11-0-2 Comp:11-1-2 0.381MBps 41.6ms</bind>
  <bind>Comp:11-1-3 Comp:11-0-3 0.381MBps 41.6ms</bind>
  <bind>Comp:11-0-3 Comp:11-1-3 0.381MBps 41.6ms</bind>
  <bind>Comp:11-1-4 Comp:11-0-4 0.381MBps 41.6ms</bind>
  <bind>Comp:11-0-4 Comp:11-1-4 0.381MBps 41.6ms</bind>
  <bind>Comp:11-1-5 Comp:11-0-0 0.381MBps 41.6ms</bind>
  <bind>Comp:11-0-0 Comp:11-1-5 0.381MBps 41.6ms</bind>
  <bind>Comp:11-1-6 Comp:11-0-1 0.381MBps 41.6ms</bind>
  <bind>Comp:11-0-1 Comp:11-1-6 0.381MBps 41.6ms</bind>
  <bind>Comp:11-1-7 Comp:11-0-2 0.381MBps 41.6ms</bind>
  <bind>Comp:11-0-2 Comp:11-1-7 0.381MBps 41.6ms</bind>
  <bind>Comp:11-2-0 Comp:11-1-0 0.679MBps 27.5ms</bind>
  <bind>Comp:11-1-0 Comp:11-2-0 0.679MBps 27.5ms</bind>
  <bind>Comp:11-2-1 Comp:11-1-1 0.679MBps 27.5ms</bind>
  <bind>Comp:11-1-1 Comp:11-2-1 0.679MBps 27.5ms</bind>
  <bind>Comp:11-2-2 Comp:11-1-2 0.679MBps 27.5ms</bind>
  <bind>Comp:11-1-2 Comp:11-2-2 0.679MBps 27.5ms</bind>
  <bind>Comp:11-2-3 Comp:11-1-3 0.679MBps 27.5ms</bind>
  <bind>Comp:11-1-3 Comp:11-2-3 0.679MBps 27.5ms</bind>
  <bind>Comp:11-2-4 Comp:11-1-4 0.679MBps 27.5ms</bind>
  <bind>Comp:11-1-4 Comp:11-2-4 0.679MBps 27.5ms</bind>
  <bind>Comp:11-2-0 Comp:11-1-5 0.679MBps 27.5ms</bind>
  <bind>Comp:11-1-5 Comp:11-2-0 0.679MBps 27.5ms</bind>
  <bind>Comp:11-2-1 Comp:11-1-6 0.679MBps 27.5ms</bind>
  <bind>Comp:11-1-6 Comp:11-2-1 0.679MBps 27.5ms</bind>
  <bind>Comp:11-2-2 Comp:11-1-7 0.679MBps 27.5ms</bind>
  <bind>Comp:11-1-7 Comp:11-2-2 0.679MBps 27.5ms</bind>
  <bind>Comp:11-3-0 Comp:11-2-0 0.107MBps 33.0ms</bind>
  <bind>Comp:11-2-0 Comp:11-3-0 0.107MBps 33.0ms</bind>
  <bind>Comp:11-3-1 Comp:11-2-1 0.107MBps 33.0ms</bind>
  <bind>Comp:11-2-1 Comp:11-3-1 0.107MBps 33.0ms</bind>
  <bind>Comp:11-3-2 Comp:11-2-2 0.107MBps 33.0ms</bind>
  <bind>Comp:11-2-2 Comp:11-3-2 0.107MBps 33.0ms</bind>
  <bind>Comp:11-3-0 Comp:11-2-3 0.107MBps 33.0ms</bind>
  <bind>Comp:11-2-3 Comp:11-3-0 0.107MBps 33.0ms</bind>
  <bind>Comp:11-3-1 Comp:11-2-4 0.107MBps 33.0ms</bind>
  <bind>Comp:11-2-4 Comp:11-3-1 0.107MBps 33.0ms</bind>
  <bind>Comp:11-4-0 Comp:11-3-0 0.394MBps 28.8ms</bind>
  <bind>Comp:11-3-0 Comp:11-4-0 0.394MBps 28.8ms</bind>
  <bind>Comp:11-4-1 Comp:11-3-1 0.394MBps 28.8ms</bind>
  <bind>Comp:11-3-1 Comp:11-4-1 0.394MBps 28.8ms</bind>
  <bind>Comp:11-4-2 Comp:11-3-2 0.394MBps 28.8ms</bind>
  <bind>Comp:11-3-2 Comp:11-4-2 0.394MBps 28.8ms</bind>
  <bind>Comp:11-4-3 Comp:11-3-0 0.394MBps 28.8ms</bind>
  <bind>Comp:11-3-0 Comp:11-4-3 0.394MBps 28.8ms</bind>
  <bind>Comp:11-4-0 Appliance-6 0.507MBps 38.6ms</bind>
  <bind>Appliance-6 Comp:11-4-0 0.507MBps 38.6ms</bind>
  <bind>Comp:11-4-1 Appliance-35 0.507MBps 38.6ms</bind>
  <bind>Appliance-35 Comp:11-4-1 0.507MBps 38.6ms</bind>
  <bind>Comp:11-4-2 Appliance-6 0.507MBps 38.6ms</bind>
  <bind>Appliance-6 Comp:11-4-2 0.507MBps 38.6ms</bind>
  <bind>Comp:11-4-3 Appliance-6 0.507MBps 38.6ms</bind>
  <bind>Appliance-6 Comp:11-4-3 0.507MBps 38.6ms</bind>
</app>
<app>
  <id>App12</id>
<comp>
  <id>Comp:12-0-0</id>
  <CPU>0.947Gf</CPU>
  <RAM>0.129GB</RAM>
  <DISK>1.71GB</DISK>
</comp>
<comp>
  <id>Comp:12-0-1</id>
  <CPU>0.947Gf</CPU>
  <RAM>0.129GB</RAM>
  <DISK>1.71GB</DISK>
</comp>
<comp>
  <id>Comp:12-0-2</id>
  <CPU>0.947Gf</CPU>
  <RAM>0.129GB</RAM>
  <DISK>1.71GB</DISK>
</comp>
<comp>
  <id>Comp:12-1-0</id>
  <CPU>0.359Gf</CPU>
  <RAM>0.907GB</RAM>
  <DISK>1.08GB</DISK>
</comp>
<comp>
  <id>Comp:12-1-1</id>
  <CPU>0.359Gf</CPU>
  <RAM>0.907GB</RAM>
  <DISK>1.08GB</DISK>
</comp>
<comp>
  <id>Comp:12-1-2</id>
  <CPU>0.359Gf</CPU>
  <RAM>0.907GB</RAM>
  <DISK>1.08GB</DISK>
</comp>
<comp>
  <id>Comp:12-1-3</id>
  <CPU>0.359Gf</CPU>
  <RAM>0.907GB</RAM>
  <DISK>1.08GB</DISK>
</comp>
<comp>
  <id>Comp:12-1-4</id>
  <CPU>0.359Gf</CPU>
  <RAM>0.907GB</RAM>
  <DISK>1.08GB</DISK>
</comp>
<comp>
  <id>Comp:12-1-5</id>
  <CPU>0.359Gf</CPU>
  <RAM>0.907GB</RAM>
  <DISK>1.08GB</DISK>
</comp>
<comp>
  <id>Comp:12-1-6</id>
  <CPU>0.359Gf</CPU>
  <RAM>0.907GB</RAM>
  <DISK>1.08GB</DISK>
</comp>
<comp>
  <id>Comp:12-1-7</id>
  <CPU>0.359Gf</CPU>
  <RAM>0.907GB</RAM>
  <DISK>1.08GB</DISK>
</comp>
<comp>
  <id>Comp:12-2-0</id>
  <CPU>0.74Gf</CPU>
  <RAM>0.492GB</RAM>
  <DISK>0.0829GB</DISK>
</comp>
<comp>
  <id>Comp:12-2-1</id>
  <CPU>0.74Gf</CPU>
  <RAM>0.492GB</RAM>
  <DISK>0.0829GB</DISK>
</comp>
<comp>
  <id>Comp:12-2-2</id>
  <CPU>0.74Gf</CPU>
  <RAM>0.492GB</RAM>
  <DISK>0.0829GB</DISK>
</comp>
<comp>
  <id>Comp:12-3-0</id>
  <CPU>0.416Gf</CPU>
  <RAM>0.818GB</RAM>
  <DISK>0.496GB</DISK>
</comp>
<comp>
  <id>Comp:12-3-1</id>
  <CPU>0.416Gf</CPU>
  <RAM>0.818GB</RAM>
  <DISK>0.496GB</DISK>
</comp>
<comp>
  <id>Comp:12-3-2</id>
  <CPU>0.416Gf</CPU>
  <RAM>0.818GB</RAM>
  <DISK>0.496GB</DISK>
</comp>
<comp>
  <id>Comp:12-3-3</id>
  <CPU>0.416Gf</CPU>
  <RAM>0.818GB</RAM>
  <DISK>0.496GB</DISK>
</comp>
<comp>
  <id>Comp:12-3-4</id>
  <CPU>0.416Gf</CPU>
  <RAM>0.818GB</RAM>
  <DISK>0.496GB</DISK>
</comp>
<comp>
  <id>Comp:12-3-5</id>
  <CPU>0.416Gf</CPU>
  <RAM>0.818GB</RAM>
  <DISK>0.496GB</DISK>
</comp>
<comp>
  <id>Comp:12-3-6</id>
  <CPU>0.416Gf</CPU>
  <RAM>0.818GB</RAM>
  <DISK>0.496GB</DISK>
</comp>
  <bind>Comp:12-1-0 Comp:12-0-0 0.0869MBps 27.2ms</bind>
  <bind>Comp:12-0-0 Comp:12-1-0 0.0869MBps 27.2ms</bind>
  <bind>Comp:12-1-1 Comp:12-0-1 0.0869MBps 27.2ms</bind>
  <bind>Comp:12-0-1 Comp:12-1-1 0.0869MBps 27.2ms</bind>
  <bind>Comp:12-1-2 Comp:12-0-2 0.0869MBps 27.2ms</bind>
  <bind>Comp:12-0-2 Comp:12-1-2 0.0869MBps 27.2ms</bind>
  <bind>Comp:12-1-3 Comp:12-0-0 0.0869MBps 27.2ms</bind>
  <bind>Comp:12-0-0 Comp:12-1-3 0.0869MBps 27.2ms</bind>
  <bind>Comp:12-1-4 Comp:12-0-1 0.0869MBps 27.2ms</bind>
  <bind>Comp:12-0-1 Comp:12-1-4 0.0869MBps 27.2ms</bind>
  <bind>Comp:12-1-5 Comp:12-0-2 0.0869MBps 27.2ms</bind>
  <bind>Comp:12-0-2 Comp:12-1-5 0.0869MBps 27.2ms</bind>
  <bind>Comp:12-1-6 Comp:12-0-0 0.0869MBps 27.2ms</bind>
  <bind>Comp:12-0-0 Comp:12-1-6 0.0869MBps 27.2ms</bind>
  <bind>Comp:12-1-7 Comp:12-0-1 0.0869MBps 27.2ms</bind>
  <bind>Comp:12-0-1 Comp:12-1-7 0.0869MBps 27.2ms</bind>
  <bind>Comp:12-2-0 Comp:12-1-0 0.781MBps 46.1ms</bind>
  <bind>Comp:12-1-0 Comp:12-2-0 0.781MBps 46.1ms</bind>
  <bind>Comp:12-2-1 Comp:12-1-1 0.781MBps 46.1ms</bind>
  <bind>Comp:12-1-1 Comp:12-2-1 0.781MBps 46.1ms</bind>
  <bind>Comp:12-2-2 Comp:12-1-2 0.781MBps 46.1ms</bind>
  <bind>Comp:12-1-2 Comp:12-2-2 0.781MBps 46.1ms</bind>
  <bind>Comp:12-2-0 Comp:12-1-3 0.781MBps 46.1ms</bind>
  <bind>Comp:12-1-3 Comp:12-2-0 0.781MBps 46.1ms</bind>
  <bind>Comp:12-2-1 Comp:12-1-4 0.781MBps 46.1ms</bind>
  <bind>Comp:12-1-4 Comp:12-2-1 0.781MBps 46.1ms</bind>
  <bind>Comp:12-2-2 Comp:12-1-5 0.781MBps 46.1ms</bind>
  <bind>Comp:12-1-5 Comp:12-2-2 0.781MBps 46.1ms</bind>
  <bind>Comp:12-2-0 Comp:12-1-6 0.781MBps 46.1ms</bind>
  <bind>Comp:12-1-6 Comp:12-2-0 0.781MBps 46.1ms</bind>
  <bind>Comp:12-2-1 Comp:12-1-7 0.781MBps 46.1ms</bind>
  <bind>Comp:12-1-7 Comp:12-2-1 0.781MBps 46.1ms</bind>
  <bind>Comp:12-3-0 Comp:12-2-0 0.986MBps 26.0ms</bind>
  <bind>Comp:12-2-0 Comp:12-3-0 0.986MBps 26.0ms</bind>
  <bind>Comp:12-3-1 Comp:12-2-1 0.986MBps 26.0ms</bind>
  <bind>Comp:12-2-1 Comp:12-3-1 0.986MBps 26.0ms</bind>
  <bind>Comp:12-3-2 Comp:12-2-2 0.986MBps 26.0ms</bind>
  <bind>Comp:12-2-2 Comp:12-3-2 0.986MBps 26.0ms</bind>
  <bind>Comp:12-3-3 Comp:12-2-0 0.986MBps 26.0ms</bind>
  <bind>Comp:12-2-0 Comp:12-3-3 0.986MBps 26.0ms</bind>
  <bind>Comp:12-3-4 Comp:12-2-1 0.986MBps 26.0ms</bind>
  <bind>Comp:12-2-1 Comp:12-3-4 0.986MBps 26.0ms</bind>
  <bind>Comp:12-3-5 Comp:12-2-2 0.986MBps 26.0ms</bind>
  <bind>Comp:12-2-2 Comp:12-3-5 0.986MBps 26.0ms</bind>
  <bind>Comp:12-3-6 Comp:12-2-0 0.986MBps 26.0ms</bind>
  <bind>Comp:12-2-0 Comp:12-3-6 0.986MBps 26.0ms</bind>
  <bind>Comp:12-3-0 Appliance-10 0.487MBps 31.6ms</bind>
  <bind>Appliance-10 Comp:12-3-0 0.487MBps 31.6ms</bind>
  <bind>Comp:12-3-1 Appliance-31 0.487MBps 31.6ms</bind>
  <bind>Appliance-31 Comp:12-3-1 0.487MBps 31.6ms</bind>
  <bind>Comp:12-3-2 Appliance-14 0.487MBps 31.6ms</bind>
  <bind>Appliance-14 Comp:12-3-2 0.487MBps 31.6ms</bind>
  <bind>Comp:12-3-3 Appliance-9 0.487MBps 31.6ms</bind>
  <bind>Appliance-9 Comp:12-3-3 0.487MBps 31.6ms</bind>
  <bind>Comp:12-3-4 Appliance-7 0.487MBps 31.6ms</bind>
  <bind>Appliance-7 Comp:12-3-4 0.487MBps 31.6ms</bind>
  <bind>Comp:12-3-5 Appliance-31 0.487MBps 31.6ms</bind>
  <bind>Appliance-31 Comp:12-3-5 0.487MBps 31.6ms</bind>
  <bind>Comp:12-3-6 Appliance-5 0.487MBps 31.6ms</bind>
  <bind>Appliance-5 Comp:12-3-6 0.487MBps 31.6ms</bind>
  <bind>Comp:12-3-0 Appliance-16 0.487MBps 31.6ms</bind>
  <bind>Appliance-16 Comp:12-3-0 0.487MBps 31.6ms</bind>
</app>
<app>
  <id>App13</id>
<comp>
  <id>Comp:13-0-0</id>
  <CPU>0.421Gf</CPU>
  <RAM>0.487GB</RAM>
  <DISK>1.78GB</DISK>
</comp>
<comp>
  <id>Comp:13-0-1</id>
  <CPU>0.421Gf</CPU>
  <RAM>0.487GB</RAM>
  <DISK>1.78GB</DISK>
</comp>
<comp>
  <id>Comp:13-0-2</id>
  <CPU>0.421Gf</CPU>
  <RAM>0.487GB</RAM>
  <DISK>1.78GB</DISK>
</comp>
<comp>
  <id>Comp:13-0-3</id>
  <CPU>0.421Gf</CPU>
  <RAM>0.487GB</RAM>
  <DISK>1.78GB</DISK>
</comp>
<comp>
  <id>Comp:13-0-4</id>
  <CPU>0.421Gf</CPU>
  <RAM>0.487GB</RAM>
  <DISK>1.78GB</DISK>
</comp>
<comp>
  <id>Comp:13-0-5</id>
  <CPU>0.421Gf</CPU>
  <RAM>0.487GB</RAM>
  <DISK>1.78GB</DISK>
</comp>
<comp>
  <id>Comp:13-0-6</id>
  <CPU>0.421Gf</CPU>
  <RAM>0.487GB</RAM>
  <DISK>1.78GB</DISK>
</comp>
<comp>
  <id>Comp:13-1-0</id>
  <CPU>0.331Gf</CPU>
  <RAM>0.497GB</RAM>
  <DISK>1.32GB</DISK>
</comp>
<comp>
  <id>Comp:13-1-1</id>
  <CPU>0.331Gf</CPU>
  <RAM>0.497GB</RAM>
  <DISK>1.32GB</DISK>
</comp>
<comp>
  <id>Comp:13-1-2</id>
  <CPU>0.331Gf</CPU>
  <RAM>0.497GB</RAM>
  <DISK>1.32GB</DISK>
</comp>
<comp>
  <id>Comp:13-1-3</id>
  <CPU>0.331Gf</CPU>
  <RAM>0.497GB</RAM>
  <DISK>1.32GB</DISK>
</comp>
<comp>
  <id>Comp:13-1-4</id>
  <CPU>0.331Gf</CPU>
  <RAM>0.497GB</RAM>
  <DISK>1.32GB</DISK>
</comp>
<comp>
  <id>Comp:13-1-5</id>
  <CPU>0.331Gf</CPU>
  <RAM>0.497GB</RAM>
  <DISK>1.32GB</DISK>
</comp>
<comp>
  <id>Comp:13-1-6</id>
  <CPU>0.331Gf</CPU>
  <RAM>0.497GB</RAM>
  <DISK>1.32GB</DISK>
</comp>
<comp>
  <id>Comp:13-1-7</id>
  <CPU>0.331Gf</CPU>
  <RAM>0.497GB</RAM>
  <DISK>1.32GB</DISK>
</comp>
<comp>
  <id>Comp:13-1-8</id>
  <CPU>0.331Gf</CPU>
  <RAM>0.497GB</RAM>
  <DISK>1.32GB</DISK>
</comp>
<comp>
  <id>Comp:13-2-0</id>
  <CPU>0.642Gf</CPU>
  <RAM>0.678GB</RAM>
  <DISK>0.378GB</DISK>
</comp>
<comp>
  <id>Comp:13-2-1</id>
  <CPU>0.642Gf</CPU>
  <RAM>0.678GB</RAM>
  <DISK>0.378GB</DISK>
</comp>
<comp>
  <id>Comp:13-2-2</id>
  <CPU>0.642Gf</CPU>
  <RAM>0.678GB</RAM>
  <DISK>0.378GB</DISK>
</comp>
<comp>
  <id>Comp:13-2-3</id>
  <CPU>0.642Gf</CPU>
  <RAM>0.678GB</RAM>
  <DISK>0.378GB</DISK>
</comp>
<comp>
  <id>Comp:13-2-4</id>
  <CPU>0.642Gf</CPU>
  <RAM>0.678GB</RAM>
  <DISK>0.378GB</DISK>
</comp>
  <bind>Comp:13-1-0 Comp:13-0-0 0.646MBps 26.3ms</bind>
  <bind>Comp:13-0-0 Comp:13-1-0 0.646MBps 26.3ms</bind>
  <bind>Comp:13-1-1 Comp:13-0-1 0.646MBps 26.3ms</bind>
  <bind>Comp:13-0-1 Comp:13-1-1 0.646MBps 26.3ms</bind>
  <bind>Comp:13-1-2 Comp:13-0-2 0.646MBps 26.3ms</bind>
  <bind>Comp:13-0-2 Comp:13-1-2 0.646MBps 26.3ms</bind>
  <bind>Comp:13-1-3 Comp:13-0-3 0.646MBps 26.3ms</bind>
  <bind>Comp:13-0-3 Comp:13-1-3 0.646MBps 26.3ms</bind>
  <bind>Comp:13-1-4 Comp:13-0-4 0.646MBps 26.3ms</bind>
  <bind>Comp:13-0-4 Comp:13-1-4 0.646MBps 26.3ms</bind>
  <bind>Comp:13-1-5 Comp:13-0-5 0.646MBps 26.3ms</bind>
  <bind>Comp:13-0-5 Comp:13-1-5 0.646MBps 26.3ms</bind>
  <bind>Comp:13-1-6 Comp:13-0-6 0.646MBps 26.3ms</bind>
  <bind>Comp:13-0-6 Comp:13-1-6 0.646MBps 26.3ms</bind>
  <bind>Comp:13-1-7 Comp:13-0-0 0.646MBps 26.3ms</bind>
  <bind>Comp:13-0-0 Comp:13-1-7 0.646MBps 26.3ms</bind>
  <bind>Comp:13-1-8 Comp:13-0-1 0.646MBps 26.3ms</bind>
  <bind>Comp:13-0-1 Comp:13-1-8 0.646MBps 26.3ms</bind>
  <bind>Comp:13-2-0 Comp:13-1-0 0.602MBps 42.9ms</bind>
  <bind>Comp:13-1-0 Comp:13-2-0 0.602MBps 42.9ms</bind>
  <bind>Comp:13-2-1 Comp:13-1-1 0.602MBps 42.9ms</bind>
  <bind>Comp:13-1-1 Comp:13-2-1 0.602MBps 42.9ms</bind>
  <bind>Comp:13-2-2 Comp:13-1-2 0.602MBps 42.9ms</bind>
  <bind>Comp:13-1-2 Comp:13-2-2 0.602MBps 42.9ms</bind>
  <bind>Comp:13-2-3 Comp:13-1-3 0.602MBps 42.9ms</bind>
  <bind>Comp:13-1-3 Comp:13-2-3 0.602MBps 42.9ms</bind>
  <bind>Comp:13-2-4 Comp:13-1-4 0.602MBps 42.9ms</bind>
  <bind>Comp:13-1-4 Comp:13-2-4 0.602MBps 42.9ms</bind>
  <bind>Comp:13-2-0 Comp:13-1-5 0.602MBps 42.9ms</bind>
  <bind>Comp:13-1-5 Comp:13-2-0 0.602MBps 42.9ms</bind>
  <bind>Comp:13-2-1 Comp:13-1-6 0.602MBps 42.9ms</bind>
  <bind>Comp:13-1-6 Comp:13-2-1 0.602MBps 42.9ms</bind>
  <bind>Comp:13-2-2 Comp:13-1-7 0.602MBps 42.9ms</bind>
  <bind>Comp:13-1-7 Comp:13-2-2 0.602MBps 42.9ms</bind>
  <bind>Comp:13-2-3 Comp:13-1-8 0.602MBps 42.9ms</bind>
  <bind>Comp:13-1-8 Comp:13-2-3 0.602MBps 42.9ms</bind>
  <bind>Comp:13-2-0 Appliance-24 0.585MBps 36.5ms</bind>
  <bind>Appliance-24 Comp:13-2-0 0.585MBps 36.5ms</bind>
  <bind>Comp:13-2-1 Appliance-34 0.585MBps 36.5ms</bind>
  <bind>Appliance-34 Comp:13-2-1 0.585MBps 36.5ms</bind>
  <bind>Comp:13-2-2 Appliance-24 0.585MBps 36.5ms</bind>
  <bind>Appliance-24 Comp:13-2-2 0.585MBps 36.5ms</bind>
  <bind>Comp:13-2-3 Appliance-34 0.585MBps 36.5ms</bind>
  <bind>Appliance-34 Comp:13-2-3 0.585MBps 36.5ms</bind>
  <bind>Comp:13-2-4 Appliance-24 0.585MBps 36.5ms</bind>
  <bind>Appliance-24 Comp:13-2-4 0.585MBps 36.5ms</bind>
</app>
<app>
  <id>App14</id>
<comp>
  <id>Comp:14-0-0</id>
  <CPU>0.734Gf</CPU>
  <RAM>0.784GB</RAM>
  <DISK>0.254GB</DISK>
</comp>
<comp>
  <id>Comp:14-0-1</id>
  <CPU>0.734Gf</CPU>
  <RAM>0.784GB</RAM>
  <DISK>0.254GB</DISK>
</comp>
<comp>
  <id>Comp:14-0-2</id>
  <CPU>0.734Gf</CPU>
  <RAM>0.784GB</RAM>
  <DISK>0.254GB</DISK>
</comp>
<comp>
  <id>Comp:14-0-3</id>
  <CPU>0.734Gf</CPU>
  <RAM>0.784GB</RAM>
  <DISK>0.254GB</DISK>
</comp>
<comp>
  <id>Comp:14-0-4</id>
  <CPU>0.734Gf</CPU>
  <RAM>0.784GB</RAM>
  <DISK>0.254GB</DISK>
</comp>
<comp>
  <id>Comp:14-0-5</id>
  <CPU>0.734Gf</CPU>
  <RAM>0.784GB</RAM>
  <DISK>0.254GB</DISK>
</comp>
<comp>
  <id>Comp:14-0-6</id>
  <CPU>0.734Gf</CPU>
  <RAM>0.784GB</RAM>
  <DISK>0.254GB</DISK>
</comp>
<comp>
  <id>Comp:14-0-7</id>
  <CPU>0.734Gf</CPU>
  <RAM>0.784GB</RAM>
  <DISK>0.254GB</DISK>
</comp>
<comp>
  <id>Comp:14-1-0</id>
  <CPU>0.472Gf</CPU>
  <RAM>0.998GB</RAM>
  <DISK>1.57GB</DISK>
</comp>
<comp>
  <id>Comp:14-1-1</id>
  <CPU>0.472Gf</CPU>
  <RAM>0.998GB</RAM>
  <DISK>1.57GB</DISK>
</comp>
<comp>
  <id>Comp:14-1-2</id>
  <CPU>0.472Gf</CPU>
  <RAM>0.998GB</RAM>
  <DISK>1.57GB</DISK>
</comp>
<comp>
  <id>Comp:14-2-0</id>
  <CPU>0.582Gf</CPU>
  <RAM>0.913GB</RAM>
  <DISK>1.55GB</DISK>
</comp>
<comp>
  <id>Comp:14-2-1</id>
  <CPU>0.582Gf</CPU>
  <RAM>0.913GB</RAM>
  <DISK>1.55GB</DISK>
</comp>
<comp>
  <id>Comp:14-2-2</id>
  <CPU>0.582Gf</CPU>
  <RAM>0.913GB</RAM>
  <DISK>1.55GB</DISK>
</comp>
<comp>
  <id>Comp:14-2-3</id>
  <CPU>0.582Gf</CPU>
  <RAM>0.913GB</RAM>
  <DISK>1.55GB</DISK>
</comp>
<comp>
  <id>Comp:14-2-4</id>
  <CPU>0.582Gf</CPU>
  <RAM>0.913GB</RAM>
  <DISK>1.55GB</DISK>
</comp>
<comp>
  <id>Comp:14-2-5</id>
  <CPU>0.582Gf</CPU>
  <RAM>0.913GB</RAM>
  <DISK>1.55GB</DISK>
</comp>
<comp>
  <id>Comp:14-2-6</id>
  <CPU>0.582Gf</CPU>
  <RAM>0.913GB</RAM>
  <DISK>1.55GB</DISK>
</comp>
<comp>
  <id>Comp:14-2-7</id>
  <CPU>0.582Gf</CPU>
  <RAM>0.913GB</RAM>
  <DISK>1.55GB</DISK>
</comp>
<comp>
  <id>Comp:14-2-8</id>
  <CPU>0.582Gf</CPU>
  <RAM>0.913GB</RAM>
  <DISK>1.55GB</DISK>
</comp>
<comp>
  <id>Comp:14-2-9</id>
  <CPU>0.582Gf</CPU>
  <RAM>0.913GB</RAM>
  <DISK>1.55GB</DISK>
</comp>
  <bind>Comp:14-1-0 Comp:14-0-0 0.545MBps 40.8ms</bind>
  <bind>Comp:14-0-0 Comp:14-1-0 0.545MBps 40.8ms</bind>
  <bind>Comp:14-1-1 Comp:14-0-1 0.545MBps 40.8ms</bind>
  <bind>Comp:14-0-1 Comp:14-1-1 0.545MBps 40.8ms</bind>
  <bind>Comp:14-1-2 Comp:14-0-2 0.545MBps 40.8ms</bind>
  <bind>Comp:14-0-2 Comp:14-1-2 0.545MBps 40.8ms</bind>
  <bind>Comp:14-1-0 Comp:14-0-3 0.545MBps 40.8ms</bind>
  <bind>Comp:14-0-3 Comp:14-1-0 0.545MBps 40.8ms</bind>
  <bind>Comp:14-1-1 Comp:14-0-4 0.545MBps 40.8ms</bind>
  <bind>Comp:14-0-4 Comp:14-1-1 0.545MBps 40.8ms</bind>
  <bind>Comp:14-1-2 Comp:14-0-5 0.545MBps 40.8ms</bind>
  <bind>Comp:14-0-5 Comp:14-1-2 0.545MBps 40.8ms</bind>
  <bind>Comp:14-1-0 Comp:14-0-6 0.545MBps 40.8ms</bind>
  <bind>Comp:14-0-6 Comp:14-1-0 0.545MBps 40.8ms</bind>
  <bind>Comp:14-1-1 Comp:14-0-7 0.545MBps 40.8ms</bind>
  <bind>Comp:14-0-7 Comp:14-1-1 0.545MBps 40.8ms</bind>
  <bind>Comp:14-2-0 Comp:14-1-0 0.592MBps 36.6ms</bind>
  <bind>Comp:14-1-0 Comp:14-2-0 0.592MBps 36.6ms</bind>
  <bind>Comp:14-2-1 Comp:14-1-1 0.592MBps 36.6ms</bind>
  <bind>Comp:14-1-1 Comp:14-2-1 0.592MBps 36.6ms</bind>
  <bind>Comp:14-2-2 Comp:14-1-2 0.592MBps 36.6ms</bind>
  <bind>Comp:14-1-2 Comp:14-2-2 0.592MBps 36.6ms</bind>
  <bind>Comp:14-2-3 Comp:14-1-0 0.592MBps 36.6ms</bind>
  <bind>Comp:14-1-0 Comp:14-2-3 0.592MBps 36.6ms</bind>
  <bind>Comp:14-2-4 Comp:14-1-1 0.592MBps 36.6ms</bind>
  <bind>Comp:14-1-1 Comp:14-2-4 0.592MBps 36.6ms</bind>
  <bind>Comp:14-2-5 Comp:14-1-2 0.592MBps 36.6ms</bind>
  <bind>Comp:14-1-2 Comp:14-2-5 0.592MBps 36.6ms</bind>
  <bind>Comp:14-2-6 Comp:14-1-0 0.592MBps 36.6ms</bind>
  <bind>Comp:14-1-0 Comp:14-2-6 0.592MBps 36.6ms</bind>
  <bind>Comp:14-2-7 Comp:14-1-1 0.592MBps 36.6ms</bind>
  <bind>Comp:14-1-1 Comp:14-2-7 0.592MBps 36.6ms</bind>
  <bind>Comp:14-2-8 Comp:14-1-2 0.592MBps 36.6ms</bind>
  <bind>Comp:14-1-2 Comp:14-2-8 0.592MBps 36.6ms</bind>
  <bind>Comp:14-2-9 Comp:14-1-0 0.592MBps 36.6ms</bind>
  <bind>Comp:14-1-0 Comp:14-2-9 0.592MBps 36.6ms</bind>
  <bind>Comp:14-2-0 Appliance-26 0.657MBps 34.1ms</bind>
  <bind>Appliance-26 Comp:14-2-0 0.657MBps 34.1ms</bind>
  <bind>Comp:14-2-1 Appliance-15 0.657MBps 34.1ms</bind>
  <bind>Appliance-15 Comp:14-2-1 0.657MBps 34.1ms</bind>
  <bind>Comp:14-2-2 Appliance-27 0.657MBps 34.1ms</bind>
  <bind>Appliance-27 Comp:14-2-2 0.657MBps 34.1ms</bind>
  <bind>Comp:14-2-3 Appliance-24 0.657MBps 34.1ms</bind>
  <bind>Appliance-24 Comp:14-2-3 0.657MBps 34.1ms</bind>
  <bind>Comp:14-2-4 Appliance-15 0.657MBps 34.1ms</bind>
  <bind>Appliance-15 Comp:14-2-4 0.657MBps 34.1ms</bind>
  <bind>Comp:14-2-5 Appliance-26 0.657MBps 34.1ms</bind>
  <bind>Appliance-26 Comp:14-2-5 0.657MBps 34.1ms</bind>
  <bind>Comp:14-2-6 Appliance-15 0.657MBps 34.1ms</bind>
  <bind>Appliance-15 Comp:14-2-6 0.657MBps 34.1ms</bind>
  <bind>Comp:14-2-7 Appliance-27 0.657MBps 34.1ms</bind>
  <bind>Appliance-27 Comp:14-2-7 0.657MBps 34.1ms</bind>
  <bind>Comp:14-2-8 Appliance-24 0.657MBps 34.1ms</bind>
  <bind>Appliance-24 Comp:14-2-8 0.657MBps 34.1ms</bind>
  <bind>Comp:14-2-9 Appliance-15 0.657MBps 34.1ms</bind>
  <bind>Appliance-15 Comp:14-2-9 0.657MBps 34.1ms</bind>
</app>
<app>
  <id>App15</id>
<comp>
  <id>Comp:15-0-0</id>
  <CPU>0.697Gf</CPU>
  <RAM>0.27GB</RAM>
  <DISK>0.814GB</DISK>
</comp>
<comp>
  <id>Comp:15-1-0</id>
  <CPU>0.231Gf</CPU>
  <RAM>0.144GB</RAM>
  <DISK>1.14GB</DISK>
</comp>
<comp>
  <id>Comp:15-1-1</id>
  <CPU>0.231Gf</CPU>
  <RAM>0.144GB</RAM>
  <DISK>1.14GB</DISK>
</comp>
<comp>
  <id>Comp:15-1-2</id>
  <CPU>0.231Gf</CPU>
  <RAM>0.144GB</RAM>
  <DISK>1.14GB</DISK>
</comp>
<comp>
  <id>Comp:15-1-3</id>
  <CPU>0.231Gf</CPU>
  <RAM>0.144GB</RAM>
  <DISK>1.14GB</DISK>
</comp>
<comp>
  <id>Comp:15-1-4</id>
  <CPU>0.231Gf</CPU>
  <RAM>0.144GB</RAM>
  <DISK>1.14GB</DISK>
</comp>
  <bind>Comp:15-1-0 Comp:15-0-0 0.669MBps 43.6ms</bind>
  <bind>Comp:15-0-0 Comp:15-1-0 0.669MBps 43.6ms</bind>
  <bind>Comp:15-1-1 Comp:15-0-0 0.669MBps 43.6ms</bind>
  <bind>Comp:15-0-0 Comp:15-1-1 0.669MBps 43.6ms</bind>
  <bind>Comp:15-1-2 Comp:15-0-0 0.669MBps 43.6ms</bind>
  <bind>Comp:15-0-0 Comp:15-1-2 0.669MBps 43.6ms</bind>
  <bind>Comp:15-1-3 Comp:15-0-0 0.669MBps 43.6ms</bind>
  <bind>Comp:15-0-0 Comp:15-1-3 0.669MBps 43.6ms</bind>
  <bind>Comp:15-1-4 Comp:15-0-0 0.669MBps 43.6ms</bind>
  <bind>Comp:15-0-0 Comp:15-1-4 0.669MBps 43.6ms</bind>
  <bind>Comp:15-1-0 Appliance-1 0.64MBps 37.1ms</bind>
  <bind>Appliance-1 Comp:15-1-0 0.64MBps 37.1ms</bind>
  <bind>Comp:15-1-1 Appliance-22 0.64MBps 37.1ms</bind>
  <bind>Appliance-22 Comp:15-1-1 0.64MBps 37.1ms</bind>
  <bind>Comp:15-1-2 Appliance-29 0.64MBps 37.1ms</bind>
  <bind>Appliance-29 Comp:15-1-2 0.64MBps 37.1ms</bind>
  <bind>Comp:15-1-3 Appliance-29 0.64MBps 37.1ms</bind>
  <bind>Appliance-29 Comp:15-1-3 0.64MBps 37.1ms</bind>
  <bind>Comp:15-1-4 Appliance-11 0.64MBps 37.1ms</bind>
  <bind>Appliance-11 Comp:15-1-4 0.64MBps 37.1ms</bind>
</app>
</apps>
