<?xml version="1.0"?>
<apps>
<app>
  <id>App1</id>
<comp>
  <id>Comp:1-0-0</id>
  <CPU>0.866Gf</CPU>
  <RAM>0.178GB</RAM>
  <DISK>0.616GB</DISK>
</comp>
<comp>
  <id>Comp:1-0-1</id>
  <CPU>0.866Gf</CPU>
  <RAM>0.178GB</RAM>
  <DISK>0.616GB</DISK>
</comp>
<comp>
  <id>Comp:1-0-2</id>
  <CPU>0.866Gf</CPU>
  <RAM>0.178GB</RAM>
  <DISK>0.616GB</DISK>
</comp>
<comp>
  <id>Comp:1-0-3</id>
  <CPU>0.866Gf</CPU>
  <RAM>0.178GB</RAM>
  <DISK>0.616GB</DISK>
</comp>
<comp>
  <id>Comp:1-0-4</id>
  <CPU>0.866Gf</CPU>
  <RAM>0.178GB</RAM>
  <DISK>0.616GB</DISK>
</comp>
<comp>
  <id>Comp:1-0-5</id>
  <CPU>0.866Gf</CPU>
  <RAM>0.178GB</RAM>
  <DISK>0.616GB</DISK>
</comp>
<comp>
  <id>Comp:1-0-6</id>
  <CPU>0.866Gf</CPU>
  <RAM>0.178GB</RAM>
  <DISK>0.616GB</DISK>
</comp>
<comp>
  <id>Comp:1-0-7</id>
  <CPU>0.866Gf</CPU>
  <RAM>0.178GB</RAM>
  <DISK>0.616GB</DISK>
</comp>
<comp>
  <id>Comp:1-1-0</id>
  <CPU>0.147Gf</CPU>
  <RAM>0.475GB</RAM>
  <DISK>0.376GB</DISK>
</comp>
<comp>
  <id>Comp:1-1-1</id>
  <CPU>0.147Gf</CPU>
  <RAM>0.475GB</RAM>
  <DISK>0.376GB</DISK>
</comp>
<comp>
  <id>Comp:1-1-2</id>
  <CPU>0.147Gf</CPU>
  <RAM>0.475GB</RAM>
  <DISK>0.376GB</DISK>
</comp>
<comp>
  <id>Comp:1-1-3</id>
  <CPU>0.147Gf</CPU>
  <RAM>0.475GB</RAM>
  <DISK>0.376GB</DISK>
</comp>
<comp>
  <id>Comp:1-1-4</id>
  <CPU>0.147Gf</CPU>
  <RAM>0.475GB</RAM>
  <DISK>0.376GB</DISK>
</comp>
<comp>
  <id>Comp:1-1-5</id>
  <CPU>0.147Gf</CPU>
  <RAM>0.475GB</RAM>
  <DISK>0.376GB</DISK>
</comp>
<comp>
  <id>Comp:1-1-6</id>
  <CPU>0.147Gf</CPU>
  <RAM>0.475GB</RAM>
  <DISK>0.376GB</DISK>
</comp>
<comp>
  <id>Comp:1-2-0</id>
  <CPU>0.46Gf</CPU>
  <RAM>0.824GB</RAM>
  <DISK>0.454GB</DISK>
</comp>
<comp>
  <id>Comp:1-2-1</id>
  <CPU>0.46Gf</CPU>
  <RAM>0.824GB</RAM>
  <DISK>0.454GB</DISK>
</comp>
<comp>
  <id>Comp:1-2-2</id>
  <CPU>0.46Gf</CPU>
  <RAM>0.824GB</RAM>
  <DISK>0.454GB</DISK>
</comp>
<comp>
  <id>Comp:1-2-3</id>
  <CPU>0.46Gf</CPU>
  <RAM>0.824GB</RAM>
  <DISK>0.454GB</DISK>
</comp>
<comp>
  <id>Comp:1-2-4</id>
  <CPU>0.46Gf</CPU>
  <RAM>0.824GB</RAM>
  <DISK>0.454GB</DISK>
</comp>
<comp>
  <id>Comp:1-2-5</id>
  <CPU>0.46Gf</CPU>
  <RAM>0.824GB</RAM>
  <DISK>0.454GB</DISK>
</comp>
<comp>
  <id>Comp:1-2-6</id>
  <CPU>0.46Gf</CPU>
  <RAM>0.824GB</RAM>
  <DISK>0.454GB</DISK>
</comp>
<comp>
  <id>Comp:1-3-0</id>
  <CPU>0.312Gf</CPU>
  <RAM>0.721GB</RAM>
  <DISK>1.94GB</DISK>
</comp>
<comp>
  <id>Comp:1-3-1</id>
  <CPU>0.312Gf</CPU>
  <RAM>0.721GB</RAM>
  <DISK>1.94GB</DISK>
</comp>
  <bind>Comp:1-1-0 Comp:1-0-0 0.498MBps 45.0ms</bind>
  <bind>Comp:1-0-0 Comp:1-1-0 0.498MBps 45.0ms</bind>
  <bind>Comp:1-1-1 Comp:1-0-1 0.498MBps 45.0ms</bind>
  <bind>Comp:1-0-1 Comp:1-1-1 0.498MBps 45.0ms</bind>
  <bind>Comp:1-1-2 Comp:1-0-2 0.498MBps 45.0ms</bind>
  <bind>Comp:1-0-2 Comp:1-1-2 0.498MBps 45.0ms</bind>
  <bind>Comp:1-1-3 Comp:1-0-3 0.498MBps 45.0ms</bind>
  <bind>Comp:1-0-3 Comp:1-1-3 0.498MBps 45.0ms</bind>
  <bind>Comp:1-1-4 Comp:1-0-4 0.498MBps 45.0ms</bind>
  <bind>Comp:1-0-4 Comp:1-1-4 0.498MBps 45.0ms</bind>
  <bind>Comp:1-1-5 Comp:1-0-5 0.498MBps 45.0ms</bind>
  <bind>Comp:1-0-5 Comp:1-1-5 0.498MBps 45.0ms</bind>
  <bind>Comp:1-1-6 Comp:1-0-6 0.498MBps 45.0ms</bind>
  <bind>Comp:1-0-6 Comp:1-1-6 0.498MBps 45.0ms</bind>
  <bind>Comp:1-1-0 Comp:1-0-7 0.498MBps 45.0ms</bind>
  <bind>Comp:1-0-7 Comp:1-1-0 0.498MBps 45.0ms</bind>
  <bind>Comp:1-2-0 Comp:1-1-0 0.286MBps 31.0ms</bind>
  <bind>Comp:1-1-0 Comp:1-2-0 0.286MBps 31.0ms</bind>
  <bind>Comp:1-2-1 Comp:1-1-1 0.286MBps 31.0ms</bind>
  <bind>Comp:1-1-1 Comp:1-2-1 0.286MBps 31.0ms</bind>
  <bind>Comp:1-2-2 Comp:1-1-2 0.286MBps 31.0ms</bind>
  <bind>Comp:1-1-2 Comp:1-2-2 0.286MBps 31.0ms</bind>
  <bind>Comp:1-2-3 Comp:1-1-3 0.286MBps 31.0ms</bind>
  <bind>Comp:1-1-3 Comp:1-2-3 0.286MBps 31.0ms</bind>
  <bind>Comp:1-2-4 Comp:1-1-4 0.286MBps 31.0ms</bind>
  <bind>Comp:1-1-4 Comp:1-2-4 0.286MBps 31.0ms</bind>
  <bind>Comp:1-2-5 Comp:1-1-5 0.286MBps 31.0ms</bind>
  <bind>Comp:1-1-5 Comp:1-2-5 0.286MBps 31.0ms</bind>
  <bind>Comp:1-2-6 Comp:1-1-6 0.286MBps 31.0ms</bind>
  <bind>Comp:1-1-6 Comp:1-2-6 0.286MBps 31.0ms</bind>
  <bind>Comp:1-3-0 Comp:1-2-0 0.584MBps 34.2ms</bind>
  <bind>Comp:1-2-0 Comp:1-3-0 0.584MBps 34.2ms</bind>
  <bind>Comp:1-3-1 Comp:1-2-1 0.584MBps 34.2ms</bind>
  <bind>Comp:1-2-1 Comp:1-3-1 0.584MBps 34.2ms</bind>
  <bind>Comp:1-3-0 Comp:1-2-2 0.584MBps 34.2ms</bind>
  <bind>Comp:1-2-2 Comp:1-3-0 0.584MBps 34.2ms</bind>
  <bind>Comp:1-3-1 Comp:1-2-3 0.584MBps 34.2ms</bind>
  <bind>Comp:1-2-3 Comp:1-3-1 0.584MBps 34.2ms</bind>
  <bind>Comp:1-3-0 Comp:1-2-4 0.584MBps 34.2ms</bind>
  <bind>Comp:1-2-4 Comp:1-3-0 0.584MBps 34.2ms</bind>
  <bind>Comp:1-3-1 Comp:1-2-5 0.584MBps 34.2ms</bind>
  <bind>Comp:1-2-5 Comp:1-3-1 0.584MBps 34.2ms</bind>
  <bind>Comp:1-3-0 Comp:1-2-6 0.584MBps 34.2ms</bind>
  <bind>Comp:1-2-6 Comp:1-3-0 0.584MBps 34.2ms</bind>
  <bind>Comp:1-3-0 Appliance-25 0.52MBps 34.7ms</bind>
  <bind>Appliance-25 Comp:1-3-0 0.52MBps 34.7ms</bind>
  <bind>Comp:1-3-1 Appliance-23 0.52MBps 34.7ms</bind>
  <bind>Appliance-23 Comp:1-3-1 0.52MBps 34.7ms</bind>
  <bind>Comp:1-3-0 Appliance-13 0.52MBps 34.7ms</bind>
  <bind>Appliance-13 Comp:1-3-0 0.52MBps 34.7ms</bind>
  <bind>Comp:1-3-1 Appliance-2 0.52MBps 34.7ms</bind>
  <bind>Appliance-2 Comp:1-3-1 0.52MBps 34.7ms</bind>
  <bind>Comp:1-3-0 Appliance-0 0.52MBps 34.7ms</bind>
  <bind>Appliance-0 Comp:1-3-0 0.52MBps 34.7ms</bind>
  <bind>Comp:1-3-1 Appliance-36 0.52MBps 34.7ms</bind>
  <bind>Appliance-36 Comp:1-3-1 0.52MBps 34.7ms</bind>
</app>
<app>
  <id>App10</id>
<comp>
  <id>Comp:10-1-0</id>
  <CPU>0.938Gf</CPU>
  <RAM>0.3GB</RAM>
  <DISK>1.55GB</DISK>
</comp>
<comp>
  <id>Comp:10-1-1</id>
  <CPU>0.938Gf</CPU>
  <RAM>0.3GB</RAM>
  <DISK>1.55GB</DISK>
</comp>
<comp>
  <id>Comp:10-1-2</id>
  <CPU>0.938Gf</CPU>
  <RAM>0.3GB</RAM>
  <DISK>1.55GB</DISK>
</comp>
<comp>
  <id>Comp:10-1-3</id>
  <CPU>0.938Gf</CPU>
  <RAM>0.3GB</RAM>
  <DISK>1.55GB</DISK>
</comp>
<comp>
  <id>Comp:10-1-4</id>
  <CPU>0.938Gf</CPU>
  <RAM>0.3GB</RAM>
  <DISK>1.55GB</DISK>
</comp>
<comp>
  <id>Comp:10-1-5</id>
  <CPU>0.938Gf</CPU>
  <RAM>0.3GB</RAM>
  <DISK>1.55GB</DISK>
</comp>
<comp>
  <id>Comp:10-1-6</id>
  <CPU>0.938Gf</CPU>
  <RAM>0.3GB</RAM>
  <DISK>1.55GB</DISK>
</comp>
<comp>
  <id>Comp:10-1-7</id>
  <CPU>0.938Gf</CPU>
  <RAM>0.3GB</RAM>
  <DISK>1.55GB</DISK>
</comp>
<comp>
  <id>Comp:10-1-8</id>
  <CPU>0.938Gf</CPU>
  <RAM>0.3GB</RAM>
  <DISK>1.55GB</DISK>
</comp>
<comp>
  <id>Comp:10-1-9</id>
  <CPU>0.938Gf</CPU>
  <RAM>0.3GB</RAM>
  <DISK>1.55GB</DISK>
</comp>
<comp>
  <id>Comp:10-2-0</id>
  <CPU>0.317Gf</CPU>
  <RAM>0.675GB</RAM>
  <DISK>1.0GB</DISK>
</comp>
<comp>
  <id>Comp:10-2-1</id>
  <CPU>0.317Gf</CPU>
  <RAM>0.675GB</RAM>
  <DISK>1.0GB</DISK>
</comp>
<comp>
  <id>Comp:10-2-2</id>
  <CPU>0.317Gf</CPU>
  <RAM>0.675GB</RAM>
  <DISK>1.0GB</DISK>
</comp>
<comp>
  <id>Comp:10-3-0</id>
  <CPU>0.269Gf</CPU>
  <RAM>0.504GB</RAM>
  <DISK>1.47GB</DISK>
</comp>
<comp>
  <id>Comp:10-3-1</id>
  <CPU>0.269Gf</CPU>
  <RAM>0.504GB</RAM>
  <DISK>1.47GB</DISK>
</comp>
<comp>
  <id>Comp:10-3-2</id>
  <CPU>0.269Gf</CPU>
  <RAM>0.504GB</RAM>
  <DISK>1.47GB</DISK>
</comp>
<comp>
  <id>Comp:10-3-3</id>
  <CPU>0.269Gf</CPU>
  <RAM>0.504GB</RAM>
  <DISK>1.47GB</DISK>
</comp>
<comp>
  <id>Comp:10-3-4</id>
  <CPU>0.269Gf</CPU>
  <RAM>0.504GB</RAM>
  <DISK>1.47GB</DISK>
</comp>
<comp>
  <id>Comp:10-3-5</id>
  <CPU>0.269Gf</CPU>
  <RAM>0.504GB</RAM>
  <DISK>1.47GB</DISK>
</comp>
<comp>
  <id>Comp:10-4-0</id>
  <CPU>0.446Gf</CPU>
  <RAM>0.211GB</RAM>
  <DISK>1.05GB</DISK>
</comp>
  <bind>Comp:10-1-0 Appliance-31 0.387MBps 47.1ms</bind>
  <bind>Appliance-31 Comp:10-1-0 0.387MBps 47.1ms</bind>
  <bind>Comp:10-1-1 Appliance-6 0.387MBps 47.1ms</bind>
  <bind>Appliance-6 Comp:10-1-1 0.387MBps 47.1ms</bind>
  <bind>Comp:10-1-2 Appliance-0 0.387MBps 47.1ms</bind>
  <bind>Appliance-0 Comp:10-1-2 0.387MBps 47.1ms</bind>
  <bind>Comp:10-1-3 Appliance-14 0.387MBps 47.1ms</bind>
  <bind>Appliance-14 Comp:10-1-3 0.387MBps 47.1ms</bind>
  <bind>Comp:10-1-4 Appliance-16 0.387MBps 47.1ms</bind>
  <bind>Appliance-16 Comp:10-1-4 0.387MBps 47.1ms</bind>
  <bind>Comp:10-1-5 Appliance-17 0.387MBps 47.1ms</bind>
  <bind>Appliance-17 Comp:10-1-5 0.387MBps 47.1ms</bind>
  <bind>Comp:10-1-6 Appliance-36 0.387MBps 47.1ms</bind>
  <bind>Appliance-36 Comp:10-1-6 0.387MBps 47.1ms</bind>
  <bind>Comp:10-1-7 Appliance-32 0.387MBps 47.1ms</bind>
  <bind>Appliance-32 Comp:10-1-7 0.387MBps 47.1ms</bind>
  <bind>Comp:10-1-8 Appliance-31 0.387MBps 47.1ms</bind>
  <bind>Appliance-31 Comp:10-1-8 0.387MBps 47.1ms</bind>
  <bind>Comp:10-1-9 Appliance-6 0.387MBps 47.1ms</bind>
  <bind>Appliance-6 Comp:10-1-9 0.387MBps 47.1ms</bind>
  <bind>Comp:10-2-0 Comp:10-1-0 0.215MBps 46.0ms</bind>
  <bind>Comp:10-1-0 Comp:10-2-0 0.215MBps 46.0ms</bind>
  <bind>Comp:10-2-1 Comp:10-1-1 0.215MBps 46.0ms</bind>
  <bind>Comp:10-1-1 Comp:10-2-1 0.215MBps 46.0ms</bind>
  <bind>Comp:10-2-2 Comp:10-1-2 0.215MBps 46.0ms</bind>
  <bind>Comp:10-1-2 Comp:10-2-2 0.215MBps 46.0ms</bind>
  <bind>Comp:10-2-0 Comp:10-1-3 0.215MBps 46.0ms</bind>
  <bind>Comp:10-1-3 Comp:10-2-0 0.215MBps 46.0ms</bind>
  <bind>Comp:10-2-1 Comp:10-1-4 0.215MBps 46.0ms</bind>
  <bind>Comp:10-1-4 Comp:10-2-1 0.215MBps 46.0ms</bind>
  <bind>Comp:10-2-2 Comp:10-1-5 0.215MBps 46.0ms</bind>
  <bind>Comp:10-1-5 Comp:10-2-2 0.215MBps 46.0ms</bind>
  <bind>Comp:10-2-0 Comp:10-1-6 0.215MBps 46.0ms</bind>
  <bind>Comp:10-1-6 Comp:10-2-0 0.215MBps 46.0ms</bind>
  <bind>Comp:10-2-1 Comp:10-1-7 0.215MBps 46.0ms</bind>
  <bind>Comp:10-1-7 Comp:10-2-1 0.215MBps 46.0ms</bind>
  <bind>Comp:10-2-2 Comp:10-1-8 0.215MBps 46.0ms</bind>
  <bind>Comp:10-1-8 Comp:10-2-2 0.215MBps 46.0ms</bind>
  <bind>Comp:10-2-0 Comp:10-1-9 0.215MBps 46.0ms</bind>
  <bind>Comp:10-1-9 Comp:10-2-0 0.215MBps 46.0ms</bind>
  <bind>Comp:10-3-0 Comp:10-2-0 0.856MBps 33.2ms</bind>
  <bind>Comp:10-2-0 Comp:10-3-0 0.856MBps 33.2ms</bind>
  <bind>Comp:10-3-1 Comp:10-2-1 0.856MBps 33.2ms</bind>
  <bind>Comp:10-2-1 Comp:10-3-1 0.856MBps 33.2ms</bind>
  <bind>Comp:10-3-2 Comp:10-2-2 0.856MBps 33.2ms</bind>
  <bind>Comp:10-2-2 Comp:10-3-2 0.856MBps 33.2ms</bind>
  <bind>Comp:10-3-3 Comp:10-2-0 0.856MBps 33.2ms</bind>
  <bind>Comp:10-2-0 Comp:10-3-3 0.856MBps 33.2ms</bind>
  <bind>Comp:10-3-4 Comp:10-2-1 0.856MBps 33.2ms</bind>
  <bind>Comp:10-2-1 Comp:10-3-4 0.856MBps 33.2ms</bind>
  <bind>Comp:10-3-5 Comp:10-2-2 0.856MBps 33.2ms</bind>
  <bind>Comp:10-2-2 Comp:10-3-5 0.856MBps 33.2ms</bind>
  <bind>Comp:10-3-0 Comp:10-4-0 0.806MBps 36.8ms</bind>
  <bind>Comp:10-4-0 Comp:10-3-0 0.806MBps 36.8ms</bind>
  <bind>Comp:10-3-1 Comp:10-4-0 0.806MBps 36.8ms</bind>
  <bind>Comp:10-4-0 Comp:10-3-1 0.806MBps 36.8ms</bind>
  <bind>Comp:10-3-2 Comp:10-4-0 0.806MBps 36.8ms</bind>
  <bind>Comp:10-4-0 Comp:10-3-2 0.806MBps 36.8ms</bind>
  <bind>Comp:10-3-3 Comp:10-4-0 0.806MBps 36.8ms</bind>
  <bind>Comp:10-4-0 Comp:10-3-3 0.806MBps 36.8ms</bind>
  <bind>Comp:10-3-4 Comp:10-4-0 0.806MBps 36.8ms</bind>
  <bind>Comp:10-4-0 Comp:10-3-4 0.806MBps 36.8ms</bind>
  <bind>Comp:10-3-5 Comp:10-4-0 0.806MBps 36.8ms</bind>
  <bind>Comp:10-4-0 Comp:10-3-5 0.806MBps 36.8ms</bind>
</app>
<app>
  <id>App11</id>
<comp>
  <id>Comp:11-0-0</id>
  <CPU>0.23Gf</CPU>
  <RAM>0.969GB</RAM>
  <DISK>1.03GB</DISK>
</comp>
<comp>
  <id>Comp:11-0-1</id>
  <CPU>0.23Gf</CPU>
  <RAM>0.969GB</RAM>
  <DISK>1.03GB</DISK>
</comp>
<comp>
  <id>Comp:11-0-2</id>
  <CPU>0.23Gf</CPU>
  <RAM>0.969GB</RAM>
  <DISK>1.03GB</DISK>
</comp>
<comp>
  <id>Comp:11-0-3</id>
  <CPU>0.23Gf</CPU>
  <RAM>0.969GB</RAM>
  <DISK>1.03GB</DISK>
</comp>
<comp>
  <id>Comp:11-0-4</id>
  <CPU>0.23Gf</CPU>
  <RAM>0.969GB</RAM>
  <DISK>1.03GB</DISK>
</comp>
<comp>
  <id>Comp:11-1-0</id>
  <CPU>0.867Gf</CPU>
  <RAM>0.494GB</RAM>
  <DISK>0.176GB</DISK>
</comp>
<comp>
  <id>Comp:11-1-1</id>
  <CPU>0.867Gf</CPU>
  <RAM>0.494GB</RAM>
  <DISK>0.176GB</DISK>
</comp>
<comp>
  <id>Comp:11-1-2</id>
  <CPU>0.867Gf</CPU>
  <RAM>0.494GB</RAM>
  <DISK>0.176GB</DISK>
</comp>
<comp>
  <id>Comp:11-1-3</id>
  <CPU>0.867Gf</CPU>
  <RAM>0.494GB</RAM>
  <DISK>0.176GB</DISK>
</comp>
<comp>
  <id>Comp:11-1-4</id>
  <CPU>0.867Gf</CPU>
  <RAM>0.494GB</RAM>
  <DISK>0.176GB</DISK>
</comp>
<comp>
  <id>Comp:11-1-5</id>
  <CPU>0.867Gf</CPU>
  <RAM>0.494GB</RAM>
  <DISK>0.176GB</DISK>
</comp>
<comp>
  <id>Comp:11-1-6</id>
  <CPU>0.867Gf</CPU>
  <RAM>0.494GB</RAM>
  <DISK>0.176GB</DISK>
</comp>
<comp>
  <id>Comp:11-1-7</id>
  <CPU>0.867Gf</CPU>
  <RAM>0.494GB</RAM>
  <DISK>0.176GB</DISK>
</comp>
<comp>
  <id>Comp:11-2-0</id>
  <CPU>0.784Gf</CPU>
  <RAM>0.972GB</RAM>
  <DISK>1.98GB</DISK>
</comp>
<comp>
  <id>Comp:11-2-1</id>
  <CPU>0.784Gf</CPU>
  <RAM>0.972GB</RAM>
  <DISK>1.98GB</DISK>
</comp>
<comp>
  <id>Comp:11-2-2</id>
  <CPU>0.784Gf</CPU>
  <RAM>0.972GB</RAM>
  <DISK>1.98GB</DISK>
</comp>
<comp>
  <id>Comp:11-2-3</id>
  <CPU>0.784Gf</CPU>
  <RAM>0.972GB</RAM>
  <DISK>1.98GB</DISK>
</comp>
<comp>
  <id>Comp:11-2-4</id>
  <CPU>0.784Gf</CPU>
  <RAM>0.972GB</RAM>
  <DISK>1.98GB</DISK>
</comp>
<comp>
  <id>Comp:11-3-0</id>
  <CPU>0.647Gf</CPU>
  <RAM>0.465GB</RAM>
  <DISK>0.137GB</DISK>
</comp>
<comp>
  <id>Comp:11-3-1</id>
  <CPU>0.647Gf</CPU>
  <RAM>0.465GB</RAM>
  <DISK>0.137GB</DISK>
</comp>
<comp>
  <id>Comp:11-3-2</id>
  <CPU>0.647Gf</CPU>
  <RAM>0.465GB</RAM>
  <DISK>0.137GB</DISK>
</comp>
<comp>
  <id>Comp:11-4-0</id>
  <CPU>0.586Gf</CPU>
  <RAM>0.821GB</RAM>
  <DISK>0.0368GB</DISK>
</comp>
<comp>
  <id>Comp:11-4-1</id>
  <CPU>0.586Gf</CPU>
  <RAM>0.821GB</RAM>
  <DISK>0.0368GB</DISK>
</comp>
<comp>
  <id>Comp:11-4-2</id>
  <CPU>0.586Gf</CPU>
  <RAM>0.821GB</RAM>
  <DISK>0.0368GB</DISK>
</comp>
<comp>
  <id>Comp:11-4-3</id>
  <CPU>0.586Gf</CPU>
  <RAM>0.821GB</RAM>
  <DISK>0.0368GB</DISK>
</comp>
  <bind>Comp:11-1-0 Comp:11-0-0 0.381MBps 41.6ms</bind>
  <bind>Comp:11-0-0 Comp:11-1-0 0.381MBps 41.6ms</bind>
  <bind>Comp:11-1-1 Comp:11-0-1 0.381MBps 41.6ms</bind>
  <bind>Comp:11-0-1 Comp:11-1-1 0.381MBps 41.6ms</bind>
  <bind>Comp:11-1-2 Comp:11-0-2 0.381MBps 41.6ms</bind>
  <bind>Comp:11-0-2 Comp:11-1-2 0.381MBps 41.6ms</bind>
  <bind>Comp:11-1-3 Comp:11-0-3 0.381MBps 41.6ms</bind>
  <bind>Comp:11-0-3 Comp:11-1-3 0.381MBps 41.6ms</bind>
  <bind>Comp:11-1-4 Comp:11-0-4 0.381MBps 41.6ms</bind>
  <bind>Comp:11-0-4 Comp:11-1-4 0.381MBps 41.6ms</bind>
  <bind>Comp:11-1-5 Comp:11-0-0 0.381MBps 41.6ms</bind>
  <bind>Comp:11-0-0 Comp:11-1-5 0.381MBps 41.6ms</bind>
  <bind>Comp:11-1-6 Comp:11-0-1 0.381MBps 41.6ms</bind>
  <bind>Comp:11-0-1 Comp:11-1-6 0.381MBps 41.6ms</bind>
  <bind>Comp:11-1-7 Comp:11-0-2 0.381MBps 41.6ms</bind>
  <bind>Comp:11-0-2 Comp:11-1-7 0.381MBps 41.6ms</bind>
  <bind>Comp:11-2-0 Comp:11-1-0 0.679MBps 27.5ms</bind>
  <bind>Comp:11-1-0 Comp:11-2-0 0.679MBps 27.5ms</bind>
  <bind>Comp:11-2-1 Comp:11-1-1 0.679MBps 27.5ms</bind>
  <bind>Comp:11-1-1 Comp:11-2-1 0.679MBps 27.5ms</bind>
  <bind>Comp:11-2-2 Comp:11-1-2 0.679MBps 27.5ms</bind>
  <bind>Comp:11-1-2 Comp:11-2-2 0.679MBps 27.5ms</bind>
  <bind>Comp:11-2-3 Comp:11-1-3 0.679MBps 27.5ms</bind>
  <bind>Comp:11-1-3 Comp:11-2-3 0.679MBps 27.5ms</bind>
  <bind>Comp:11-2-4 Comp:11-1-4 0.679MBps 27.5ms</bind>
  <bind>Comp:11-1-4 Comp:11-2-4 0.679MBps 27.5ms</bind>
  <bind>Comp:11-2-0 Comp:11-1-5 0.679MBps 27.5ms</bind>
  <bind>Comp:11-1-5 Comp:11-2-0 0.679MBps 27.5ms</bind>
  <bind>Comp:11-2-1 Comp:11-1-6 0.679MBps 27.5ms</bind>
  <bind>Comp:11-1-6 Comp:11-2-1 0.679MBps 27.5ms</bind>
  <bind>Comp:11-2-2 Comp:11-1-7 0.679MBps 27.5ms</bind>
  <bind>Comp:11-1-7 Comp:11-2-2 0.679MBps 27.5ms</bind>
  <bind>Comp:11-3-0 Comp:11-2-0 0.107MBps 33.0ms</bind>
  <bind>Comp:11-2-0 Comp:11-3-0 0.107MBps 33.0ms</bind>
  <bind>Comp:11-3-1 Comp:11-2-1 0.107MBps 33.0ms</bind>
  <bind>Comp:11-2-1 Comp:11-3-1 0.107MBps 33.0ms</bind>
  <bind>Comp:11-3-2 Comp:11-2-2 0.107MBps 33.0ms</bind>
  <bind>Comp:11-2-2 Comp:11-3-2 0.107MBps 33.0ms</bind>
  <bind>Comp:11-3-0 Comp:11-2-3 0.107MBps 33.0ms</bind>
  <bind>Comp:11-2-3 Comp:11-3-0 0.107MBps 33.0ms</bind>
  <bind>Comp:11-3-1 Comp:11-2-4 0.107MBps 33.0ms</bind>
  <bind>Comp:11-2-4 Comp:11-3-1 0.107MBps 33.0ms</bind>
  <bind>Comp:11-4-0 Comp:11-3-0 0.394MBps 28.8ms</bind>
  <bind>Comp:11-3-0 Comp:11-4-0 0.394MBps 28.8ms</bind>
  <bind>Comp:11-4-1 Comp:11-3-1 0.394MBps 28.8ms</bind>
  <bind>Comp:11-3-1 Comp:11-4-1 0.394MBps 28.8ms</bind>
  <bind>Comp:11-4-2 Comp:11-3-2 0.394MBps 28.8ms</bind>
  <bind>Comp:11-3-2 Comp:11-4-2 0.394MBps 28.8ms</bind>
  <bind>Comp:11-4-3 Comp:11-3-0 0.394MBps 28.8ms</bind>
  <bind>Comp:11-3-0 Comp:11-4-3 0.394MBps 28.8ms</bind>
  <bind>Comp:11-4-0 Appliance-6 0.507MBps 38.6ms</bind>
  <bind>Appliance-6 Comp:11-4-0 0.507MBps 38.6ms</bind>
  <bind>Comp:11-4-1 Appliance-35 0.507MBps 38.6ms</bind>
  <bind>Appliance-35 Comp:11-4-1 0.507MBps 38.6ms</bind>
  <bind>Comp:11-4-2 Appliance-6 0.507MBps 38.6ms</bind>
  <bind>Appliance-6 Comp:11-4-2 0.507MBps 38.6ms</bind>
  <bind>Comp:11-4-3 Appliance-6 0.507MBps 38.6ms</bind>
  <bind>Appliance-6 Comp:11-4-3 0.507MBps 38.6ms</bind>
</app>
<app>
  <id>App12</id>
<comp>
  <id>Comp:12-0-0</id>
  <CPU>0.947Gf</CPU>
  <RAM>0.129GB</RAM>
  <DISK>1.71GB</DISK>
</comp>
<comp>
  <id>Comp:12-0-1</id>
  <CPU>0.947Gf</CPU>
  <RAM>0.129GB</RAM>
  <DISK>1.71GB</DISK>
</comp>
<comp>
  <id>Comp:12-0-2</id>
  <CPU>0.947Gf</CPU>
  <RAM>0.129GB</RAM>
  <DISK>1.71GB</DISK>
</comp>
<comp>
  <id>Comp:12-1-0</id>
  <CPU>0.359Gf</CPU>
  <RAM>0.907GB</RAM>
  <DISK>1.08GB</DISK>
</comp>
<comp>
  <id>Comp:12-1-1</id>
  <CPU>0.359Gf</CPU>
  <RAM>0.907GB</RAM>
  <DISK>1.08GB</DISK>
</comp>
<comp>
  <id>Comp:12-1-2</id>
  <CPU>0.359Gf</CPU>
  <RAM>0.907GB</RAM>
  <DISK>1.08GB</DISK>
</comp>
<comp>
  <id>Comp:12-1-3</id>
  <CPU>0.359Gf</CPU>
  <RAM>0.907GB</RAM>
  <DISK>1.08GB</DISK>
</comp>
<comp>
  <id>Comp:12-1-4</id>
  <CPU>0.359Gf</CPU>
  <RAM>0.907GB</RAM>
  <DISK>1.08GB</DISK>
</comp>
<comp>
  <id>Comp:12-1-5</id>
  <CPU>0.359Gf</CPU>
  <RAM>0.907GB</RAM>
  <DISK>1.08GB</DISK>
</comp>
<comp>
  <id>Comp:12-1-6</id>
  <CPU>0.359Gf</CPU>
  <RAM>0.907GB</RAM>
  <DISK>1.08GB</DISK>
</comp>
<comp>
  <id>Comp:12-1-7</id>
  <CPU>0.359Gf</CPU>
  <RAM>0.907GB</RAM>
  <DISK>1.08GB</DISK>
</comp>
<comp>
  <id>Comp:12-2-0</id>
  <CPU>0.74Gf</CPU>
  <RAM>0.492GB</RAM>
  <DISK>0.0829GB</DISK>
</comp>
<comp>
  <id>Comp:12-2-1</id>
  <CPU>0.74Gf</CPU>
  <RAM>0.492GB</RAM>
  <DISK>0.0829GB</DISK>
</comp>
<comp>
  <id>Comp:12-2-2</id>
  <CPU>0.74Gf</CPU>
  <RAM>0.492GB</RAM>
  <DISK>0.0829GB</DISK>
</comp>
<comp>
  <id>Comp:12-3-0</id>
  <CPU>0.416Gf</CPU>
  <RAM>0.818GB</RAM>
  <DISK>0.496GB</DISK>
</comp>
<comp>
  <id>Comp:12-3-1</id>
  <CPU>0.416Gf</CPU>
  <RAM>0.818GB</RAM>
  <DISK>0.496GB</DISK>
</comp>
<comp>
  <id>Comp:12-3-2</id>
  <CPU>0.416Gf</CPU>
  <RAM>0.818GB</RAM>
  <DISK>0.496GB</DISK>
</comp>
<comp>
  <id>Comp:12-3-3</id>
  <CPU>0.416Gf</CPU>
  <RAM>0.818GB</RAM>
  <DISK>0.496GB</DISK>
</comp>
<comp>
  <id>Comp:12-3-4</id>
  <CPU>0.416Gf</CPU>
  <RAM>0.818GB</RAM>
  <DISK>0.496GB</DISK>
</comp>
<comp>
  <id>Comp:12-3-5</id>
  <CPU>0.416Gf</CPU>
  <RAM>0.818GB</RAM>
  <DISK>0.496GB</DISK>
</comp>
<comp>
  <id>Comp:12-3-6</id>
  <CPU>0.416Gf</CPU>
  <RAM>0.818GB</RAM>
  <DISK>0.496GB</DISK>
</comp>
  <bind>Comp:12-1-0 Comp:12-0-0 0.0869MBps 27.2ms</bind>
  <bind>Comp:12-0-0 Comp:12-1-0 0.0869MBps 27.2ms</bind>
  <bind>Comp:12-1-1 Comp:12-0-1 0.0869MBps 27.2ms</bind>
  <bind>Comp:12-0-1 Comp:12-1-1 0.0869MBps 27.2ms</bind>
  <bind>Comp:12-1-2 Comp:12-0-2 0.0869MBps 27.2ms</bind>
  <bind>Comp:12-0-2 Comp:12-1-2 0.0869MBps 27.2ms</bind>
  <bind>Comp:12-1-3 Comp:12-0-0 0.0869MBps 27.2ms</bind>
  <bind>Comp:12-0-0 Comp:12-1-3 0.0869MBps 27.2ms</bind>
  <bind>Comp:12-1-4 Comp:12-0-1 0.0869MBps 27.2ms</bind>
  <bind>Comp:12-0-1 Comp:12-1-4 0.0869MBps 27.2ms</bind>
  <bind>Comp:12-1-5 Comp:12-0-2 0.0869MBps 27.2ms</bind>
  <bind>Comp:12-0-2 Comp:12-1-5 0.0869MBps 27.2ms</bind>
  <bind>Comp:12-1-6 Comp:12-0-0 0.0869MBps 27.2ms</bind>
  <bind>Comp:12-0-0 Comp:12-1-6 0.0869MBps 27.2ms</bind>
  <bind>Comp:12-1-7 Comp:12-0-1 0.0869MBps 27.2ms</bind>
  <bind>Comp:12-0-1 Comp:12-1-7 0.0869MBps 27.2ms</bind>
  <bind>Comp:12-2-0 Comp:12-1-0 0.781MBps 46.1ms</bind>
  <bind>Comp:12-1-0 Comp:12-2-0 0.781MBps 46.1ms</bind>
  <bind>Comp:12-2-1 Comp:12-1-1 0.781MBps 46.1ms</bind>
  <bind>Comp:12-1-1 Comp:12-2-1 0.781MBps 46.1ms</bind>
  <bind>Comp:12-2-2 Comp:12-1-2 0.781MBps 46.1ms</bind>
  <bind>Comp:12-1-2 Comp:12-2-2 0.781MBps 46.1ms</bind>
  <bind>Comp:12-2-0 Comp:12-1-3 0.781MBps 46.1ms</bind>
  <bind>Comp:12-1-3 Comp:12-2-0 0.781MBps 46.1ms</bind>
  <bind>Comp:12-2-1 Comp:12-1-4 0.781MBps 46.1ms</bind>
  <bind>Comp:12-1-4 Comp:12-2-1 0.781MBps 46.1ms</bind>
  <bind>Comp:12-2-2 Comp:12-1-5 0.781MBps 46.1ms</bind>
  <bind>Comp:12-1-5 Comp:12-2-2 0.781MBps 46.1ms</bind>
  <bind>Comp:12-2-0 Comp:12-1-6 0.781MBps 46.1ms</bind>
  <bind>Comp:12-1-6 Comp:12-2-0 0.781MBps 46.1ms</bind>
  <bind>Comp:12-2-1 Comp:12-1-7 0.781MBps 46.1ms</bind>
  <bind>Comp:12-1-7 Comp:12-2-1 0.781MBps 46.1ms</bind>
  <bind>Comp:12-3-0 Comp:12-2-0 0.986MBps 26.0ms</bind>
  <bind>Comp:12-2-0 Comp:12-3-0 0.986MBps 26.0ms</bind>
  <bind>Comp:12-3-1 Comp:12-2-1 0.986MBps 26.0ms</bind>
  <bind>Comp:12-2-1 Comp:12-3-1 0.986MBps 26.0ms</bind>
  <bind>Comp:12-3-2 Comp:12-2-2 0.986MBps 26.0ms</bind>
  <bind>Comp:12-2-2 Comp:12-3-2 0.986MBps 26.0ms</bind>
  <bind>Comp:12-3-3 Comp:12-2-0 0.986MBps 26.0ms</bind>
  <bind>Comp:12-2-0 Comp:12-3-3 0.986MBps 26.0ms</bind>
  <bind>Comp:12-3-4 Comp:12-2-1 0.986MBps 26.0ms</bind>
  <bind>Comp:12-2-1 Comp:12-3-4 0.986MBps 26.0ms</bind>
  <bind>Comp:12-3-5 Comp:12-2-2 0.986MBps 26.0ms</bind>
  <bind>Comp:12-2-2 Comp:12-3-5 0.986MBps 26.0ms</bind>
  <bind>Comp:12-3-6 Comp:12-2-0 0.986MBps 26.0ms</bind>
  <bind>Comp:12-2-0 Comp:12-3-6 0.986MBps 26.0ms</bind>
  <bind>Comp:12-3-0 Appliance-10 0.487MBps 31.6ms</bind>
  <bind>Appliance-10 Comp:12-3-0 0.487MBps 31.6ms</bind>
  <bind>Comp:12-3-1 Appliance-31 0.487MBps 31.6ms</bind>
  <bind>Appliance-31 Comp:12-3-1 0.487MBps 31.6ms</bind>
  <bind>Comp:12-3-2 Appliance-14 0.487MBps 31.6ms</bind>
  <bind>Appliance-14 Comp:12-3-2 0.487MBps 31.6ms</bind>
  <bind>Comp:12-3-3 Appliance-9 0.487MBps 31.6ms</bind>
  <bind>Appliance-9 Comp:12-3-3 0.487MBps 31.6ms</bind>
  <bind>Comp:12-3-4 Appliance-7 0.487MBps 31.6ms</bind>
  <bind>Appliance-7 Comp:12-3-4 0.487MBps 31.6ms</bind>
  <bind>Comp:12-3-5 Appliance-31 0.487MBps 31.6ms</bind>
  <bind>Appliance-31 Comp:12-3-5 0.487MBps 31.6ms</bind>
  <bind>Comp:12-3-6 Appliance-5 0.487MBps 31.6ms</bind>
  <bind>Appliance-5 Comp:12-3-6 0.487MBps 31.6ms</bind>
  <bind>Comp:12-3-0 Appliance-16 0.487MBps 31.6ms</bind>
  <bind>Appliance-16 Comp:12-3-0 0.487MBps 31.6ms</bind>
</app>
<app>
  <id>App13</id>
<comp>
  <id>Comp:13-0-0</id>
  <CPU>0.421Gf</CPU>
  <RAM>0.487GB</RAM>
  <DISK>1.78GB</DISK>
</comp>
<comp>
  <id>Comp:13-0-1</id>
  <CPU>0.421Gf</CPU>
  <RAM>0.487GB</RAM>
  <DISK>1.78GB</DISK>
</comp>
<comp>
  <id>Comp:13-0-2</id>
  <CPU>0.421Gf</CPU>
  <RAM>0.487GB</RAM>
  <DISK>1.78GB</DISK>
</comp>
<comp>
  <id>Comp:13-0-3</id>
  <CPU>0.421Gf</CPU>
  <RAM>0.487GB</RAM>
  <DISK>1.78GB</DISK>
</comp>
<comp>
  <id>Comp:13-0-4</id>
  <CPU>0.421Gf</CPU>
  <RAM>0.487GB</RAM>
  <DISK>1.78GB</DISK>
</comp>
<comp>
  <id>Comp:13-0-5</id>
  <CPU>0.421Gf</CPU>
  <RAM>0.487GB</RAM>
  <DISK>1.78GB</DISK>
</comp>
<comp>
  <id>Comp:13-0-6</id>
  <CPU>0.421Gf</CPU>
  <RAM>0.487GB</RAM>
  <DISK>1.78GB</DISK>
</comp>
<comp>
  <id>Comp:13-1-0</id>
  <CPU>0.331Gf</CPU>
  <RAM>0.497GB</RAM>
  <DISK>1.32GB</DISK>
</comp>
<comp>
  <id>Comp:13-1-1</id>
  <CPU>0.331Gf</CPU>
  <RAM>0.497GB</RAM>
  <DISK>1.32GB</DISK>
</comp>
<comp>
  <id>Comp:13-1-2</id>
  <CPU>0.331Gf</CPU>
  <RAM>0.497GB</RAM>
  <DISK>1.32GB</DISK>
</comp>
<comp>
  <id>Comp:13-1-3</id>
  <CPU>0.331Gf</CPU>
  <RAM>0.497GB</RAM>
  <DISK>1.32GB</DISK>
</comp>
<comp>
  <id>Comp:13-1-4</id>
  <CPU>0.331Gf</CPU>
  <RAM>0.497GB</RAM>
  <DISK>1.32GB</DISK>
</comp>
<comp>
  <id>Comp:13-1-5</id>
  <CPU>0.331Gf</CPU>
  <RAM>0.497GB</RAM>
  <DISK>1.32GB</DISK>
</comp>
<comp>
  <id>Comp:13-1-6</id>
  <CPU>0.331Gf</CPU>
  <RAM>0.497GB</RAM>
  <DISK>1.32GB</DISK>
</comp>
<comp>
  <id>Comp:13-1-7</id>
  <CPU>0.331Gf</CPU>
  <RAM>0.497GB</RAM>
  <DISK>1.32GB</DISK>
</comp>
<comp>
  <id>Comp:13-1-8</id>
  <CPU>0.331Gf</CPU>
  <RAM>0.497GB</RAM>
  <DISK>1.32GB</DISK>
</comp>
<comp>
  <id>Comp:13-2-0</id>
  <CPU>0.642Gf</CPU>
  <RAM>0.678GB</RAM>
  <DISK>0.378GB</DISK>
</comp>
<comp>
  <id>Comp:13-2-1</id>
  <CPU>0.642Gf</CPU>
  <RAM>0.678GB</RAM>
  <DISK>0.378GB</DISK>
</comp>
<comp>
  <id>Comp:13-2-2</id>
  <CPU>0.642Gf</CPU>
  <RAM>0.678GB</RAM>
  <DISK>0.378GB</DISK>
</comp>
<comp>
  <id>Comp:13-2-3</id>
  <CPU>0.642Gf</CPU>
  <RAM>0.678GB</RAM>
  <DISK>0.378GB</DISK>
</comp>
<comp>
  <id>Comp:13-2-4</id>
  <CPU>0.642Gf</CPU>
  <RAM>0.678GB</RAM>
  <DISK>0.378GB</DISK>
</comp>
  <bind>Comp:13-1-0 Comp:13-0-0 0.646MBps 26.3ms</bind>
  <bind>Comp:13-0-0 Comp:13-1-0 0.646MBps 26.3ms</bind>
  <bind>Comp:13-1-1 Comp:13-0-1 0.646MBps 26.3ms</bind>
  <bind>Comp:13-0-1 Comp:13-1-1 0.646MBps 26.3ms</bind>
  <bind>Comp:13-1-2 Comp:13-0-2 0.646MBps 26.3ms</bind>
  <bind>Comp:13-0-2 Comp:13-1-2 0.646MBps 26.3ms</bind>
  <bind>Comp:13-1-3 Comp:13-0-3 0.646MBps 26.3ms</bind>
  <bind>Comp:13-0-3 Comp:13-1-3 0.646MBps 26.3ms</bind>
  <bind>Comp:13-1-4 Comp:13-0-4 0.646MBps 26.3ms</bind>
  <bind>Comp:13-0-4 Comp:13-1-4 0.646MBps 26.3ms</bind>
  <bind>Comp:13-1-5 Comp:13-0-5 0.646MBps 26.3ms</bind>
  <bind>Comp:13-0-5 Comp:13-1-5 0.646MBps 26.3ms</bind>
  <bind>Comp:13-1-6 Comp:13-0-6 0.646MBps 26.3ms</bind>
  <bind>Comp:13-0-6 Comp:13-1-6 0.646MBps 26.3ms</bind>
  <bind>Comp:13-1-7 Comp:13-0-0 0.646MBps 26.3ms</bind>
  <bind>Comp:13-0-0 Comp:13-1-7 0.646MBps 26.3ms</bind>
  <bind>Comp:13-1-8 Comp:13-0-1 0.646MBps 26.3ms</bind>
  <bind>Comp:13-0-1 Comp:13-1-8 0.646MBps 26.3ms</bind>
  <bind>Comp:13-2-0 Comp:13-1-0 0.602MBps 42.9ms</bind>
  <bind>Comp:13-1-0 Comp:13-2-0 0.602MBps 42.9ms</bind>
  <bind>Comp:13-2-1 Comp:13-1-1 0.602MBps 42.9ms</bind>
  <bind>Comp:13-1-1 Comp:13-2-1 0.602MBps 42.9ms</bind>
  <bind>Comp:13-2-2 Comp:13-1-2 0.602MBps 42.9ms</bind>
  <bind>Comp:13-1-2 Comp:13-2-2 0.602MBps 42.9ms</bind>
  <bind>Comp:13-2-3 Comp:13-1-3 0.602MBps 42.9ms</bind>
  <bind>Comp:13-1-3 Comp:13-2-3 0.602MBps 42.9ms</bind>
  <bind>Comp:13-2-4 Comp:13-1-4 0.602MBps 42.9ms</bind>
  <bind>Comp:13-1-4 Comp:13-2-4 0.602MBps 42.9ms</bind>
  <bind>Comp:13-2-0 Comp:13-1-5 0.602MBps 42.9ms</bind>
  <bind>Comp:13-1-5 Comp:13-2-0 0.602MBps 42.9ms</bind>
  <bind>Comp:13-2-1 Comp:13-1-6 0.602MBps 42.9ms</bind>
  <bind>Comp:13-1-6 Comp:13-2-1 0.602MBps 42.9ms</bind>
  <bind>Comp:13-2-2 Comp:13-1-7 0.602MBps 42.9ms</bind>
  <bind>Comp:13-1-7 Comp:13-2-2 0.602MBps 42.9ms</bind>
  <bind>Comp:13-2-3 Comp:13-1-8 0.602MBps 42.9ms</bind>
  <bind>Comp:13-1-8 Comp:13-2-3 0.602MBps 42.9ms</bind>
  <bind>Comp:13-2-0 Appliance-24 0.585MBps 36.5ms</bind>
  <bind>Appliance-24 Comp:13-2-0 0.585MBps 36.5ms</bind>
  <bind>Comp:13-2-1 Appliance-34 0.585MBps 36.5ms</bind>
  <bind>Appliance-34 Comp:13-2-1 0.585MBps 36.5ms</bind>
  <bind>Comp:13-2-2 Appliance-24 0.585MBps 36.5ms</bind>
  <bind>Appliance-24 Comp:13-2-2 0.585MBps 36.5ms</bind>
  <bind>Comp:13-2-3 Appliance-34 0.585MBps 36.5ms</bind>
  <bind>Appliance-34 Comp:13-2-3 0.585MBps 36.5ms</bind>
  <bind>Comp:13-2-4 Appliance-24 0.585MBps 36.5ms</bind>
  <bind>Appliance-24 Comp:13-2-4 0.585MBps 36.5ms</bind>
</app>
<app>
  <id>App14</id>
<comp>
  <id>Comp:14-0-0</id>
  <CPU>0.734Gf</CPU>
  <RAM>0.784GB</RAM>
  <DISK>0.254GB</DISK>
</comp>
<comp>
  <id>Comp:14-0-1</id>
  <CPU>0.734Gf</CPU>
  <RAM>0.784GB</RAM>
  <DISK>0.254GB</DISK>
</comp>
<comp>
  <id>Comp:14-0-2</id>
  <CPU>0.734Gf</CPU>
  <RAM>0.784GB</RAM>
  <DISK>0.254GB</DISK>
</comp>
<comp>
  <id>Comp:14-0-3</id>
  <CPU>0.734Gf</CPU>
  <RAM>0.784GB</RAM>
  <DISK>0.254GB</DISK>
</comp>
<comp>
  <id>Comp:14-0-4</id>
  <CPU>0.734Gf</CPU>
  <RAM>0.784GB</RAM>
  <DISK>0.254GB</DISK>
</comp>
<comp>
  <id>Comp:14-0-5</id>
  <CPU>0.734Gf</CPU>
  <RAM>0.784GB</RAM>
  <DISK>0.254GB</DISK>
</comp>
<comp>
  <id>Comp:14-0-6</id>
  <CPU>0.734Gf</CPU>
  <RAM>0.784GB</RAM>
  <DISK>0.254GB</DISK>
</comp>
<comp>
  <id>Comp:14-0-7</id>
  <CPU>0.734Gf</CPU>
  <RAM>0.784GB</RAM>
  <DISK>0.254GB</DISK>
</comp>
<comp>
  <id>Comp:14-1-0</id>
  <CPU>0.472Gf</CPU>
  <RAM>0.998GB</RAM>
  <DISK>1.57GB</DISK>
</comp>
<comp>
  <id>Comp:14-1-1</id>
  <CPU>0.472Gf</CPU>
  <RAM>0.998GB</RAM>
  <DISK>1.57GB</DISK>
</comp>
<comp>
  <id>Comp:14-1-2</id>
  <CPU>0.472Gf</CPU>
  <RAM>0.998GB</RAM>
  <DISK>1.57GB</DISK>
</comp>
<comp>
  <id>Comp:14-2-0</id>
  <CPU>0.582Gf</CPU>
  <RAM>0.913GB</RAM>
  <DISK>1.55GB</DISK>
</comp>
<comp>
  <id>Comp:14-2-1</id>
  <CPU>0.582Gf</CPU>
  <RAM>0.913GB</RAM>
  <DISK>1.55GB</DISK>
</comp>
<comp>
  <id>Comp:14-2-2</id>
  <CPU>0.582Gf</CPU>
  <RAM>0.913GB</RAM>
  <DISK>1.55GB</DISK>
</comp>
<comp>
  <id>Comp:14-2-3</id>
  <CPU>0.582Gf</CPU>
  <RAM>0.913GB</RAM>
  <DISK>1.55GB</DISK>
</comp>
<comp>
  <id>Comp:14-2-4</id>
  <CPU>0.582Gf</CPU>
  <RAM>0.913GB</RAM>
  <DISK>1.55GB</DISK>
</comp>
<comp>
  <id>Comp:14-2-5</id>
  <CPU>0.582Gf</CPU>
  <RAM>0.913GB</RAM>
  <DISK>1.55GB</DISK>
</comp>
<comp>
  <id>Comp:14-2-6</id>
  <CPU>0.582Gf</CPU>
  <RAM>0.913GB</RAM>
  <DISK>1.55GB</DISK>
</comp>
<comp>
  <id>Comp:14-2-7</id>
  <CPU>0.582Gf</CPU>
  <RAM>0.913GB</RAM>
  <DISK>1.55GB</DISK>
</comp>
<comp>
  <id>Comp:14-2-8</id>
  <CPU>0.582Gf</CPU>
  <RAM>0.913GB</RAM>
  <DISK>1.55GB</DISK>
</comp>
<comp>
  <id>Comp:14-2-9</id>
  <CPU>0.582Gf</CPU>
  <RAM>0.913GB</RAM>
  <DISK>1.55GB</DISK>
</comp>
  <bind>Comp:14-1-0 Comp:14-0-0 0.545MBps 40.8ms</bind>
  <bind>Comp:14-0-0 Comp:14-1-0 0.545MBps 40.8ms</bind>
  <bind>Comp:14-1-1 Comp:14-0-1 0.545MBps 40.8ms</bind>
  <bind>Comp:14-0-1 Comp:14-1-1 0.545MBps 40.8ms</bind>
  <bind>Comp:14-1-2 Comp:14-0-2 0.545MBps 40.8ms</bind>
  <bind>Comp:14-0-2 Comp:14-1-2 0.545MBps 40.8ms</bind>
  <bind>Comp:14-1-0 Comp:14-0-3 0.545MBps 40.8ms</bind>
  <bind>Comp:14-0-3 Comp:14-1-0 0.545MBps 40.8ms</bind>
  <bind>Comp:14-1-1 Comp:14-0-4 0.545MBps 40.8ms</bind>
  <bind>Comp:14-0-4 Comp:14-1-1 0.545MBps 40.8ms</bind>
  <bind>Comp:14-1-2 Comp:14-0-5 0.545MBps 40.8ms</bind>
  <bind>Comp:14-0-5 Comp:14-1-2 0.545MBps 40.8ms</bind>
  <bind>Comp:14-1-0 Comp:14-0-6 0.545MBps 40.8ms</bind>
  <bind>Comp:14-0-6 Comp:14-1-0 0.545MBps 40.8ms</bind>
  <bind>Comp:14-1-1 Comp:14-0-7 0.545MBps 40.8ms</bind>
  <bind>Comp:14-0-7 Comp:14-1-1 0.545MBps 40.8ms</bind>
  <bind>Comp:14-2-0 Comp:14-1-0 0.592MBps 36.6ms</bind>
  <bind>Comp:14-1-0 Comp:14-2-0 0.592MBps 36.6ms</bind>
  <bind>Comp:14-2-1 Comp:14-1-1 0.592MBps 36.6ms</bind>
  <bind>Comp:14-1-1 Comp:14-2-1 0.592MBps 36.6ms</bind>
  <bind>Comp:14-2-2 Comp:14-1-2 0.592MBps 36.6ms</bind>
  <bind>Comp:14-1-2 Comp:14-2-2 0.592MBps 36.6ms</bind>
  <bind>Comp:14-2-3 Comp:14-1-0 0.592MBps 36.6ms</bind>
  <bind>Comp:14-1-0 Comp:14-2-3 0.592MBps 36.6ms</bind>
  <bind>Comp:14-2-4 Comp:14-1-1 0.592MBps 36.6ms</bind>
  <bind>Comp:14-1-1 Comp:14-2-4 0.592MBps 36.6ms</bind>
  <bind>Comp:14-2-5 Comp:14-1-2 0.592MBps 36.6ms</bind>
  <bind>Comp:14-1-2 Comp:14-2-5 0.592MBps 36.6ms</bind>
  <bind>Comp:14-2-6 Comp:14-1-0 0.592MBps 36.6ms</bind>
  <bind>Comp:14-1-0 Comp:14-2-6 0.592MBps 36.6ms</bind>
  <bind>Comp:14-2-7 Comp:14-1-1 0.592MBps 36.6ms</bind>
  <bind>Comp:14-1-1 Comp:14-2-7 0.592MBps 36.6ms</bind>
  <bind>Comp:14-2-8 Comp:14-1-2 0.592MBps 36.6ms</bind>
  <bind>Comp:14-1-2 Comp:14-2-8 0.592MBps 36.6ms</bind>
  <bind>Comp:14-2-9 Comp:14-1-0 0.592MBps 36.6ms</bind>
  <bind>Comp:14-1-0 Comp:14-2-9 0.592MBps 36.6ms</bind>
  <bind>Comp:14-2-0 Appliance-26 0.657MBps 34.1ms</bind>
  <bind>Appliance-26 Comp:14-2-0 0.657MBps 34.1ms</bind>
  <bind>Comp:14-2-1 Appliance-15 0.657MBps 34.1ms</bind>
  <bind>Appliance-15 Comp:14-2-1 0.657MBps 34.1ms</bind>
  <bind>Comp:14-2-2 Appliance-27 0.657MBps 34.1ms</bind>
  <bind>Appliance-27 Comp:14-2-2 0.657MBps 34.1ms</bind>
  <bind>Comp:14-2-3 Appliance-24 0.657MBps 34.1ms</bind>
  <bind>Appliance-24 Comp:14-2-3 0.657MBps 34.1ms</bind>
  <bind>Comp:14-2-4 Appliance-15 0.657MBps 34.1ms</bind>
  <bind>Appliance-15 Comp:14-2-4 0.657MBps 34.1ms</bind>
  <bind>Comp:14-2-5 Appliance-26 0.657MBps 34.1ms</bind>
  <bind>Appliance-26 Comp:14-2-5 0.657MBps 34.1ms</bind>
  <bind>Comp:14-2-6 Appliance-15 0.657MBps 34.1ms</bind>
  <bind>Appliance-15 Comp:14-2-6 0.657MBps 34.1ms</bind>
  <bind>Comp:14-2-7 Appliance-27 0.657MBps 34.1ms</bind>
  <bind>Appliance-27 Comp:14-2-7 0.657MBps 34.1ms</bind>
  <bind>Comp:14-2-8 Appliance-24 0.657MBps 34.1ms</bind>
  <bind>Appliance-24 Comp:14-2-8 0.657MBps 34.1ms</bind>
  <bind>Comp:14-2-9 Appliance-15 0.657MBps 34.1ms</bind>
  <bind>Appliance-15 Comp:14-2-9 0.657MBps 34.1ms</bind>
</app>
<app>
  <id>App15</id>
<comp>
  <id>Comp:15-0-0</id>
  <CPU>0.697Gf</CPU>
  <RAM>0.27GB</RAM>
  <DISK>0.814GB</DISK>
</comp>
<comp>
  <id>Comp:15-1-0</id>
  <CPU>0.231Gf</CPU>
  <RAM>0.144GB</RAM>
  <DISK>1.14GB</DISK>
</comp>
<comp>
  <id>Comp:15-1-1</id>
  <CPU>0.231Gf</CPU>
  <RAM>0.144GB</RAM>
  <DISK>1.14GB</DISK>
</comp>
<comp>
  <id>Comp:15-1-2</id>
  <CPU>0.231Gf</CPU>
  <RAM>0.144GB</RAM>
  <DISK>1.14GB</DISK>
</comp>
<comp>
  <id>Comp:15-1-3</id>
  <CPU>0.231Gf</CPU>
  <RAM>0.144GB</RAM>
  <DISK>1.14GB</DISK>
</comp>
<comp>
  <id>Comp:15-1-4</id>
  <CPU>0.231Gf</CPU>
  <RAM>0.144GB</RAM>
  <DISK>1.14GB</DISK>
</comp>
  <bind>Comp:15-1-0 Comp:15-0-0 0.669MBps 43.6ms</bind>
  <bind>Comp:15-0-0 Comp:15-1-0 0.669MBps 43.6ms</bind>
  <bind>Comp:15-1-1 Comp:15-0-0 0.669MBps 43.6ms</bind>
  <bind>Comp:15-0-0 Comp:15-1-1 0.669MBps 43.6ms</bind>
  <bind>Comp:15-1-2 Comp:15-0-0 0.669MBps 43.6ms</bind>
  <bind>Comp:15-0-0 Comp:15-1-2 0.669MBps 43.6ms</bind>
  <bind>Comp:15-1-3 Comp:15-0-0 0.669MBps 43.6ms</bind>
  <bind>Comp:15-0-0 Comp:15-1-3 0.669MBps 43.6ms</bind>
  <bind>Comp:15-1-4 Comp:15-0-0 0.669MBps 43.6ms</bind>
  <bind>Comp:15-0-0 Comp:15-1-4 0.669MBps 43.6ms</bind>
  <bind>Comp:15-1-0 Appliance-1 0.64MBps 37.1ms</bind>
  <bind>Appliance-1 Comp:15-1-0 0.64MBps 37.1ms</bind>
  <bind>Comp:15-1-1 Appliance-22 0.64MBps 37.1ms</bind>
  <bind>Appliance-22 Comp:15-1-1 0.64MBps 37.1ms</bind>
  <bind>Comp:15-1-2 Appliance-29 0.64MBps 37.1ms</bind>
  <bind>Appliance-29 Comp:15-1-2 0.64MBps 37.1ms</bind>
  <bind>Comp:15-1-3 Appliance-29 0.64MBps 37.1ms</bind>
  <bind>Appliance-29 Comp:15-1-3 0.64MBps 37.1ms</bind>
  <bind>Comp:15-1-4 Appliance-11 0.64MBps 37.1ms</bind>
  <bind>Appliance-11 Comp:15-1-4 0.64MBps 37.1ms</bind>
</app>
<app>
  <id>App16</id>
<comp>
  <id>Comp:16-0-0</id>
  <CPU>0.513Gf</CPU>
  <RAM>0.872GB</RAM>
  <DISK>0.562GB</DISK>
</comp>
<comp>
  <id>Comp:16-0-1</id>
  <CPU>0.513Gf</CPU>
  <RAM>0.872GB</RAM>
  <DISK>0.562GB</DISK>
</comp>
<comp>
  <id>Comp:16-0-2</id>
  <CPU>0.513Gf</CPU>
  <RAM>0.872GB</RAM>
  <DISK>0.562GB</DISK>
</comp>
<comp>
  <id>Comp:16-0-3</id>
  <CPU>0.513Gf</CPU>
  <RAM>0.872GB</RAM>
  <DISK>0.562GB</DISK>
</comp>
<comp>
  <id>Comp:16-0-4</id>
  <CPU>0.513Gf</CPU>
  <RAM>0.872GB</RAM>
  <DISK>0.562GB</DISK>
</comp>
<comp>
  <id>Comp:16-1-0</id>
  <CPU>0.482Gf</CPU>
  <RAM>0.919GB</RAM>
  <DISK>0.795GB</DISK>
</comp>
<comp>
  <id>Comp:16-1-1</id>
  <CPU>0.482Gf</CPU>
  <RAM>0.919GB</RAM>
  <DISK>0.795GB</DISK>
</comp>
<comp>
  <id>Comp:16-1-2</id>
  <CPU>0.482Gf</CPU>
  <RAM>0.919GB</RAM>
  <DISK>0.795GB</DISK>
</comp>
<comp>
  <id>Comp:16-1-3</id>
  <CPU>0.482Gf</CPU>
  <RAM>0.919GB</RAM>
  <DISK>0.795GB</DISK>
</comp>
<comp>
  <id>Comp:16-1-4</id>
  <CPU>0.482Gf</CPU>
  <RAM>0.919GB</RAM>
  <DISK>0.795GB</DISK>
</comp>
<comp>
  <id>Comp:16-1-5</id>
  <CPU>0.482Gf</CPU>
  <RAM>0.919GB</RAM>
  <DISK>0.795GB</DISK>
</comp>
<comp>
  <id>Comp:16-1-6</id>
  <CPU>0.482Gf</CPU>
  <RAM>0.919GB</RAM>
  <DISK>0.795GB</DISK>
</comp>
  <bind>Comp:16-1-0 Comp:16-0-0 0.7MBps 36.9ms</bind>
  <bind>Comp:16-0-0 Comp:16-1-0 0.7MBps 36.9ms</bind>
  <bind>Comp:16-1-1 Comp:16-0-1 0.7MBps 36.9ms</bind>
  <bind>Comp:16-0-1 Comp:16-1-1 0.7MBps 36.9ms</bind>
  <bind>Comp:16-1-2 Comp:16-0-2 0.7MBps 36.9ms</bind>
  <bind>Comp:16-0-2 Comp:16-1-2 0.7MBps 36.9ms</bind>
  <bind>Comp:16-1-3 Comp:16-0-3 0.7MBps 36.9ms</bind>
  <bind>Comp:16-0-3 Comp:16-1-3 0.7MBps 36.9ms</bind>
  <bind>Comp:16-1-4 Comp:16-0-4 0.7MBps 36.9ms</bind>
  <bind>Comp:16-0-4 Comp:16-1-4 0.7MBps 36.9ms</bind>
  <bind>Comp:16-1-5 Comp:16-0-0 0.7MBps 36.9ms</bind>
  <bind>Comp:16-0-0 Comp:16-1-5 0.7MBps 36.9ms</bind>
  <bind>Comp:16-1-6 Comp:16-0-1 0.7MBps 36.9ms</bind>
  <bind>Comp:16-0-1 Comp:16-1-6 0.7MBps 36.9ms</bind>
  <bind>Comp:16-1-0 Appliance-8 0.538MBps 35.8ms</bind>
  <bind>Appliance-8 Comp:16-1-0 0.538MBps 35.8ms</bind>
  <bind>Comp:16-1-1 Appliance-22 0.538MBps 35.8ms</bind>
  <bind>Appliance-22 Comp:16-1-1 0.538MBps 35.8ms</bind>
  <bind>Comp:16-1-2 Appliance-1 0.538MBps 35.8ms</bind>
  <bind>Appliance-1 Comp:16-1-2 0.538MBps 35.8ms</bind>
  <bind>Comp:16-1-3 Appliance-8 0.538MBps 35.8ms</bind>
  <bind>Appliance-8 Comp:16-1-3 0.538MBps 35.8ms</bind>
  <bind>Comp:16-1-4 Appliance-33 0.538MBps 35.8ms</bind>
  <bind>Appliance-33 Comp:16-1-4 0.538MBps 35.8ms</bind>
  <bind>Comp:16-1-5 Appliance-8 0.538MBps 35.8ms</bind>
  <bind>Appliance-8 Comp:16-1-5 0.538MBps 35.8ms</bind>
  <bind>Comp:16-1-6 Appliance-22 0.538MBps 35.8ms</bind>
  <bind>Appliance-22 Comp:16-1-6 0.538MBps 35.8ms</bind>
</app>
<app>
  <id>App17</id>
<comp>
  <id>Comp:17-1-0</id>
  <CPU>0.197Gf</CPU>
  <RAM>0.84GB</RAM>
  <DISK>0.724GB</DISK>
</comp>
<comp>
  <id>Comp:17-2-0</id>
  <CPU>0.766Gf</CPU>
  <RAM>0.682GB</RAM>
  <DISK>1.42GB</DISK>
</comp>
<comp>
  <id>Comp:17-2-1</id>
  <CPU>0.766Gf</CPU>
  <RAM>0.682GB</RAM>
  <DISK>1.42GB</DISK>
</comp>
<comp>
  <id>Comp:17-2-2</id>
  <CPU>0.766Gf</CPU>
  <RAM>0.682GB</RAM>
  <DISK>1.42GB</DISK>
</comp>
<comp>
  <id>Comp:17-2-3</id>
  <CPU>0.766Gf</CPU>
  <RAM>0.682GB</RAM>
  <DISK>1.42GB</DISK>
</comp>
<comp>
  <id>Comp:17-2-4</id>
  <CPU>0.766Gf</CPU>
  <RAM>0.682GB</RAM>
  <DISK>1.42GB</DISK>
</comp>
<comp>
  <id>Comp:17-2-5</id>
  <CPU>0.766Gf</CPU>
  <RAM>0.682GB</RAM>
  <DISK>1.42GB</DISK>
</comp>
  <bind>Comp:17-1-0 Appliance-6 0.719MBps 47.5ms</bind>
  <bind>Appliance-6 Comp:17-1-0 0.719MBps 47.5ms</bind>
  <bind>Comp:17-1-0 Appliance-36 0.719MBps 47.5ms</bind>
  <bind>Appliance-36 Comp:17-1-0 0.719MBps 47.5ms</bind>
  <bind>Comp:17-1-0 Appliance-13 0.719MBps 47.5ms</bind>
  <bind>Appliance-13 Comp:17-1-0 0.719MBps 47.5ms</bind>
  <bind>Comp:17-1-0 Appliance-2 0.719MBps 47.5ms</bind>
  <bind>Appliance-2 Comp:17-1-0 0.719MBps 47.5ms</bind>
  <bind>Comp:17-2-0 Comp:17-1-0 0.103MBps 26.9ms</bind>
  <bind>Comp:17-1-0 Comp:17-2-0 0.103MBps 26.9ms</bind>
  <bind>Comp:17-2-1 Comp:17-1-0 0.103MBps 26.9ms</bind>
  <bind>Comp:17-1-0 Comp:17-2-1 0.103MBps 26.9ms</bind>
  <bind>Comp:17-2-2 Comp:17-1-0 0.103MBps 26.9ms</bind>
  <bind>Comp:17-1-0 Comp:17-2-2 0.103MBps 26.9ms</bind>
  <bind>Comp:17-2-3 Comp:17-1-0 0.103MBps 26.9ms</bind>
  <bind>Comp:17-1-0 Comp:17-2-3 0.103MBps 26.9ms</bind>
  <bind>Comp:17-2-4 Comp:17-1-0 0.103MBps 26.9ms</bind>
  <bind>Comp:17-1-0 Comp:17-2-4 0.103MBps 26.9ms</bind>
  <bind>Comp:17-2-5 Comp:17-1-0 0.103MBps 26.9ms</bind>
  <bind>Comp:17-1-0 Comp:17-2-5 0.103MBps 26.9ms</bind>
  <bind>Comp:17-2-0 Appliance-9 0.508MBps 42.7ms</bind>
  <bind>Appliance-9 Comp:17-2-0 0.508MBps 42.7ms</bind>
  <bind>Comp:17-2-1 Appliance-31 0.508MBps 42.7ms</bind>
  <bind>Appliance-31 Comp:17-2-1 0.508MBps 42.7ms</bind>
  <bind>Comp:17-2-2 Appliance-12 0.508MBps 42.7ms</bind>
  <bind>Appliance-12 Comp:17-2-2 0.508MBps 42.7ms</bind>
  <bind>Comp:17-2-3 Appliance-5 0.508MBps 42.7ms</bind>
  <bind>Appliance-5 Comp:17-2-3 0.508MBps 42.7ms</bind>
  <bind>Comp:17-2-4 Appliance-20 0.508MBps 42.7ms</bind>
  <bind>Appliance-20 Comp:17-2-4 0.508MBps 42.7ms</bind>
  <bind>Comp:17-2-5 Appliance-23 0.508MBps 42.7ms</bind>
  <bind>Appliance-23 Comp:17-2-5 0.508MBps 42.7ms</bind>
  <bind>Comp:17-2-0 Appliance-30 0.508MBps 42.7ms</bind>
  <bind>Appliance-30 Comp:17-2-0 0.508MBps 42.7ms</bind>
  <bind>Comp:17-2-1 Appliance-30 0.508MBps 42.7ms</bind>
  <bind>Appliance-30 Comp:17-2-1 0.508MBps 42.7ms</bind>
  <bind>Comp:17-2-2 Appliance-37 0.508MBps 42.7ms</bind>
  <bind>Appliance-37 Comp:17-2-2 0.508MBps 42.7ms</bind>
</app>
<app>
  <id>App18</id>
<comp>
  <id>Comp:18-0-0</id>
  <CPU>0.297Gf</CPU>
  <RAM>0.253GB</RAM>
  <DISK>1.43GB</DISK>
</comp>
<comp>
  <id>Comp:18-0-1</id>
  <CPU>0.297Gf</CPU>
  <RAM>0.253GB</RAM>
  <DISK>1.43GB</DISK>
</comp>
<comp>
  <id>Comp:18-0-2</id>
  <CPU>0.297Gf</CPU>
  <RAM>0.253GB</RAM>
  <DISK>1.43GB</DISK>
</comp>
<comp>
  <id>Comp:18-0-3</id>
  <CPU>0.297Gf</CPU>
  <RAM>0.253GB</RAM>
  <DISK>1.43GB</DISK>
</comp>
<comp>
  <id>Comp:18-0-4</id>
  <CPU>0.297Gf</CPU>
  <RAM>0.253GB</RAM>
  <DISK>1.43GB</DISK>
</comp>
<comp>
  <id>Comp:18-0-5</id>
  <CPU>0.297Gf</CPU>
  <RAM>0.253GB</RAM>
  <DISK>1.43GB</DISK>
</comp>
<comp>
  <id>Comp:18-1-0</id>
  <CPU>0.204Gf</CPU>
  <RAM>0.804GB</RAM>
  <DISK>0.942GB</DISK>
</comp>
<comp>
  <id>Comp:18-1-1</id>
  <CPU>0.204Gf</CPU>
  <RAM>0.804GB</RAM>
  <DISK>0.942GB</DISK>
</comp>
<comp>
  <id>Comp:18-1-2</id>
  <CPU>0.204Gf</CPU>
  <RAM>0.804GB</RAM>
  <DISK>0.942GB</DISK>
</comp>
<comp>
  <id>Comp:18-2-0</id>
  <CPU>0.157Gf</CPU>
  <RAM>0.636GB</RAM>
  <DISK>1.03GB</DISK>
</comp>
  <bind>Comp:18-1-0 Comp:18-0-0 0.734MBps 35.3ms</bind>
  <bind>Comp:18-0-0 Comp:18-1-0 0.734MBps 35.3ms</bind>
  <bind>Comp:18-1-1 Comp:18-0-1 0.734MBps 35.3ms</bind>
  <bind>Comp:18-0-1 Comp:18-1-1 0.734MBps 35.3ms</bind>
  <bind>Comp:18-1-2 Comp:18-0-2 0.734MBps 35.3ms</bind>
  <bind>Comp:18-0-2 Comp:18-1-2 0.734MBps 35.3ms</bind>
  <bind>Comp:18-1-0 Comp:18-0-3 0.734MBps 35.3ms</bind>
  <bind>Comp:18-0-3 Comp:18-1-0 0.734MBps 35.3ms</bind>
  <bind>Comp:18-1-1 Comp:18-0-4 0.734MBps 35.3ms</bind>
  <bind>Comp:18-0-4 Comp:18-1-1 0.734MBps 35.3ms</bind>
  <bind>Comp:18-1-2 Comp:18-0-5 0.734MBps 35.3ms</bind>
  <bind>Comp:18-0-5 Comp:18-1-2 0.734MBps 35.3ms</bind>
  <bind>Comp:18-2-0 Comp:18-1-0 0.955MBps 42.3ms</bind>
  <bind>Comp:18-1-0 Comp:18-2-0 0.955MBps 42.3ms</bind>
  <bind>Comp:18-2-0 Comp:18-1-1 0.955MBps 42.3ms</bind>
  <bind>Comp:18-1-1 Comp:18-2-0 0.955MBps 42.3ms</bind>
  <bind>Comp:18-2-0 Comp:18-1-2 0.955MBps 42.3ms</bind>
  <bind>Comp:18-1-2 Comp:18-2-0 0.955MBps 42.3ms</bind>
  <bind>Comp:18-2-0 Appliance-7 0.453MBps 40.0ms</bind>
  <bind>Appliance-7 Comp:18-2-0 0.453MBps 40.0ms</bind>
  <bind>Comp:18-2-0 Appliance-12 0.453MBps 40.0ms</bind>
  <bind>Appliance-12 Comp:18-2-0 0.453MBps 40.0ms</bind>
  <bind>Comp:18-2-0 Appliance-5 0.453MBps 40.0ms</bind>
  <bind>Appliance-5 Comp:18-2-0 0.453MBps 40.0ms</bind>
  <bind>Comp:18-2-0 Appliance-5 0.453MBps 40.0ms</bind>
  <bind>Appliance-5 Comp:18-2-0 0.453MBps 40.0ms</bind>
</app>
<app>
  <id>App19</id>
<comp>
  <id>Comp:19-0-0</id>
  <CPU>0.807Gf</CPU>
  <RAM>0.481GB</RAM>
  <DISK>1.69GB</DISK>
</comp>
<comp>
  <id>Comp:19-0-1</id>
  <CPU>0.807Gf</CPU>
  <RAM>0.481GB</RAM>
  <DISK>1.69GB</DISK>
</comp>
<comp>
  <id>Comp:19-0-2</id>
  <CPU>0.807Gf</CPU>
  <RAM>0.481GB</RAM>
  <DISK>1.69GB</DISK>
</comp>
<comp>
  <id>Comp:19-0-3</id>
  <CPU>0.807Gf</CPU>
  <RAM>0.481GB</RAM>
  <DISK>1.69GB</DISK>
</comp>
<comp>
  <id>Comp:19-0-4</id>
  <CPU>0.807Gf</CPU>
  <RAM>0.481GB</RAM>
  <DISK>1.69GB</DISK>
</comp>
<comp>
  <id>Comp:19-0-5</id>
  <CPU>0.807Gf</CPU>
  <RAM>0.481GB</RAM>
  <DISK>1.69GB</DISK>
</comp>
<comp>
  <id>Comp:19-1-0</id>
  <CPU>0.107Gf</CPU>
  <RAM>0.849GB</RAM>
  <DISK>1.67GB</DISK>
</comp>
<comp>
  <id>Comp:19-2-0</id>
  <CPU>0.728Gf</CPU>
  <RAM>0.317GB</RAM>
  <DISK>0.773GB</DISK>
</comp>
<comp>
  <id>Comp:19-2-1</id>
  <CPU>0.728Gf</CPU>
  <RAM>0.317GB</RAM>
  <DISK>0.773GB</DISK>
</comp>
<comp>
  <id>Comp:19-2-2</id>
  <CPU>0.728Gf</CPU>
  <RAM>0.317GB</RAM>
  <DISK>0.773GB</DISK>
</comp>
<comp>
  <id>Comp:19-2-3</id>
  <CPU>0.728Gf</CPU>
  <RAM>0.317GB</RAM>
  <DISK>0.773GB</DISK>
</comp>
<comp>
  <id>Comp:19-2-4</id>
  <CPU>0.728Gf</CPU>
  <RAM>0.317GB</RAM>
  <DISK>0.773GB</DISK>
</comp>
<comp>
  <id>Comp:19-2-5</id>
  <CPU>0.728Gf</CPU>
  <RAM>0.317GB</RAM>
  <DISK>0.773GB</DISK>
</comp>
<comp>
  <id>Comp:19-3-0</id>
  <CPU>0.272Gf</CPU>
  <RAM>0.389GB</RAM>
  <DISK>0.599GB</DISK>
</comp>
<comp>
  <id>Comp:19-3-1</id>
  <CPU>0.272Gf</CPU>
  <RAM>0.389GB</RAM>
  <DISK>0.599GB</DISK>
</comp>
<comp>
  <id>Comp:19-3-2</id>
  <CPU>0.272Gf</CPU>
  <RAM>0.389GB</RAM>
  <DISK>0.599GB</DISK>
</comp>
  <bind>Comp:19-1-0 Comp:19-0-0 0.272MBps 37.2ms</bind>
  <bind>Comp:19-0-0 Comp:19-1-0 0.272MBps 37.2ms</bind>
  <bind>Comp:19-1-0 Comp:19-0-1 0.272MBps 37.2ms</bind>
  <bind>Comp:19-0-1 Comp:19-1-0 0.272MBps 37.2ms</bind>
  <bind>Comp:19-1-0 Comp:19-0-2 0.272MBps 37.2ms</bind>
  <bind>Comp:19-0-2 Comp:19-1-0 0.272MBps 37.2ms</bind>
  <bind>Comp:19-1-0 Comp:19-0-3 0.272MBps 37.2ms</bind>
  <bind>Comp:19-0-3 Comp:19-1-0 0.272MBps 37.2ms</bind>
  <bind>Comp:19-1-0 Comp:19-0-4 0.272MBps 37.2ms</bind>
  <bind>Comp:19-0-4 Comp:19-1-0 0.272MBps 37.2ms</bind>
  <bind>Comp:19-1-0 Comp:19-0-5 0.272MBps 37.2ms</bind>
  <bind>Comp:19-0-5 Comp:19-1-0 0.272MBps 37.2ms</bind>
  <bind>Comp:19-2-0 Comp:19-1-0 0.883MBps 47.8ms</bind>
  <bind>Comp:19-1-0 Comp:19-2-0 0.883MBps 47.8ms</bind>
  <bind>Comp:19-2-1 Comp:19-1-0 0.883MBps 47.8ms</bind>
  <bind>Comp:19-1-0 Comp:19-2-1 0.883MBps 47.8ms</bind>
  <bind>Comp:19-2-2 Comp:19-1-0 0.883MBps 47.8ms</bind>
  <bind>Comp:19-1-0 Comp:19-2-2 0.883MBps 47.8ms</bind>
  <bind>Comp:19-2-3 Comp:19-1-0 0.883MBps 47.8ms</bind>
  <bind>Comp:19-1-0 Comp:19-2-3 0.883MBps 47.8ms</bind>
  <bind>Comp:19-2-4 Comp:19-1-0 0.883MBps 47.8ms</bind>
  <bind>Comp:19-1-0 Comp:19-2-4 0.883MBps 47.8ms</bind>
  <bind>Comp:19-2-5 Comp:19-1-0 0.883MBps 47.8ms</bind>
  <bind>Comp:19-1-0 Comp:19-2-5 0.883MBps 47.8ms</bind>
  <bind>Comp:19-3-0 Comp:19-2-0 0.564MBps 49.0ms</bind>
  <bind>Comp:19-2-0 Comp:19-3-0 0.564MBps 49.0ms</bind>
  <bind>Comp:19-3-1 Comp:19-2-1 0.564MBps 49.0ms</bind>
  <bind>Comp:19-2-1 Comp:19-3-1 0.564MBps 49.0ms</bind>
  <bind>Comp:19-3-2 Comp:19-2-2 0.564MBps 49.0ms</bind>
  <bind>Comp:19-2-2 Comp:19-3-2 0.564MBps 49.0ms</bind>
  <bind>Comp:19-3-0 Comp:19-2-3 0.564MBps 49.0ms</bind>
  <bind>Comp:19-2-3 Comp:19-3-0 0.564MBps 49.0ms</bind>
  <bind>Comp:19-3-1 Comp:19-2-4 0.564MBps 49.0ms</bind>
  <bind>Comp:19-2-4 Comp:19-3-1 0.564MBps 49.0ms</bind>
  <bind>Comp:19-3-2 Comp:19-2-5 0.564MBps 49.0ms</bind>
  <bind>Comp:19-2-5 Comp:19-3-2 0.564MBps 49.0ms</bind>
  <bind>Comp:19-3-0 Appliance-15 0.894MBps 27.2ms</bind>
  <bind>Appliance-15 Comp:19-3-0 0.894MBps 27.2ms</bind>
  <bind>Comp:19-3-1 Appliance-11 0.894MBps 27.2ms</bind>
  <bind>Appliance-11 Comp:19-3-1 0.894MBps 27.2ms</bind>
  <bind>Comp:19-3-2 Appliance-8 0.894MBps 27.2ms</bind>
  <bind>Appliance-8 Comp:19-3-2 0.894MBps 27.2ms</bind>
  <bind>Comp:19-3-0 Appliance-26 0.894MBps 27.2ms</bind>
  <bind>Appliance-26 Comp:19-3-0 0.894MBps 27.2ms</bind>
  <bind>Comp:19-3-1 Appliance-33 0.894MBps 27.2ms</bind>
  <bind>Appliance-33 Comp:19-3-1 0.894MBps 27.2ms</bind>
  <bind>Comp:19-3-2 Appliance-15 0.894MBps 27.2ms</bind>
  <bind>Appliance-15 Comp:19-3-2 0.894MBps 27.2ms</bind>
  <bind>Comp:19-3-0 Appliance-28 0.894MBps 27.2ms</bind>
  <bind>Appliance-28 Comp:19-3-0 0.894MBps 27.2ms</bind>
  <bind>Comp:19-3-1 Appliance-27 0.894MBps 27.2ms</bind>
  <bind>Appliance-27 Comp:19-3-1 0.894MBps 27.2ms</bind>
  <bind>Comp:19-3-2 Appliance-24 0.894MBps 27.2ms</bind>
  <bind>Appliance-24 Comp:19-3-2 0.894MBps 27.2ms</bind>
  <bind>Comp:19-3-0 Appliance-33 0.894MBps 27.2ms</bind>
  <bind>Appliance-33 Comp:19-3-0 0.894MBps 27.2ms</bind>
</app>
<app>
  <id>App2</id>
<comp>
  <id>Comp:2-1-0</id>
  <CPU>0.594Gf</CPU>
  <RAM>0.294GB</RAM>
  <DISK>1.65GB</DISK>
</comp>
<comp>
  <id>Comp:2-1-1</id>
  <CPU>0.594Gf</CPU>
  <RAM>0.294GB</RAM>
  <DISK>1.65GB</DISK>
</comp>
<comp>
  <id>Comp:2-2-0</id>
  <CPU>0.326Gf</CPU>
  <RAM>0.13GB</RAM>
  <DISK>1.03GB</DISK>
</comp>
<comp>
  <id>Comp:2-2-1</id>
  <CPU>0.326Gf</CPU>
  <RAM>0.13GB</RAM>
  <DISK>1.03GB</DISK>
</comp>
<comp>
  <id>Comp:2-2-2</id>
  <CPU>0.326Gf</CPU>
  <RAM>0.13GB</RAM>
  <DISK>1.03GB</DISK>
</comp>
<comp>
  <id>Comp:2-2-3</id>
  <CPU>0.326Gf</CPU>
  <RAM>0.13GB</RAM>
  <DISK>1.03GB</DISK>
</comp>
<comp>
  <id>Comp:2-2-4</id>
  <CPU>0.326Gf</CPU>
  <RAM>0.13GB</RAM>
  <DISK>1.03GB</DISK>
</comp>
<comp>
  <id>Comp:2-2-5</id>
  <CPU>0.326Gf</CPU>
  <RAM>0.13GB</RAM>
  <DISK>1.03GB</DISK>
</comp>
<comp>
  <id>Comp:2-2-6</id>
  <CPU>0.326Gf</CPU>
  <RAM>0.13GB</RAM>
  <DISK>1.03GB</DISK>
</comp>
<comp>
  <id>Comp:2-2-7</id>
  <CPU>0.326Gf</CPU>
  <RAM>0.13GB</RAM>
  <DISK>1.03GB</DISK>
</comp>
<comp>
  <id>Comp:2-3-0</id>
  <CPU>0.731Gf</CPU>
  <RAM>0.238GB</RAM>
  <DISK>1.37GB</DISK>
</comp>
<comp>
  <id>Comp:2-3-1</id>
  <CPU>0.731Gf</CPU>
  <RAM>0.238GB</RAM>
  <DISK>1.37GB</DISK>
</comp>
<comp>
  <id>Comp:2-3-2</id>
  <CPU>0.731Gf</CPU>
  <RAM>0.238GB</RAM>
  <DISK>1.37GB</DISK>
</comp>
<comp>
  <id>Comp:2-3-3</id>
  <CPU>0.731Gf</CPU>
  <RAM>0.238GB</RAM>
  <DISK>1.37GB</DISK>
</comp>
<comp>
  <id>Comp:2-3-4</id>
  <CPU>0.731Gf</CPU>
  <RAM>0.238GB</RAM>
  <DISK>1.37GB</DISK>
</comp>
<comp>
  <id>Comp:2-3-5</id>
  <CPU>0.731Gf</CPU>
  <RAM>0.238GB</RAM>
  <DISK>1.37GB</DISK>
</comp>
<comp>
  <id>Comp:2-3-6</id>
  <CPU>0.731Gf</CPU>
  <RAM>0.238GB</RAM>
  <DISK>1.37GB</DISK>
</comp>
<comp>
  <id>Comp:2-3-7</id>
  <CPU>0.731Gf</CPU>
  <RAM>0.238GB</RAM>
  <DISK>1.37GB</DISK>
</comp>
<comp>
  <id>Comp:2-3-8</id>
  <CPU>0.731Gf</CPU>
  <RAM>0.238GB</RAM>
  <DISK>1.37GB</DISK>
</comp>
<comp>
  <id>Comp:2-3-9</id>
  <CPU>0.731Gf</CPU>
  <RAM>0.238GB</RAM>
  <DISK>1.37GB</DISK>
</comp>
<comp>
  <id>Comp:2-4-0</id>
  <CPU>0.625Gf</CPU>
  <RAM>0.889GB</RAM>
  <DISK>0.387GB</DISK>
</comp>
<comp>
  <id>Comp:2-4-1</id>
  <CPU>0.625Gf</CPU>
  <RAM>0.889GB</RAM>
  <DISK>0.387GB</DISK>
</comp>
<comp>
  <id>Comp:2-4-2</id>
  <CPU>0.625Gf</CPU>
  <RAM>0.889GB</RAM>
  <DISK>0.387GB</DISK>
</comp>
<comp>
  <id>Comp:2-5-0</id>
  <CPU>0.893Gf</CPU>
  <RAM>0.382GB</RAM>
  <DISK>1.34GB</DISK>
</comp>
<comp>
  <id>Comp:2-5-1</id>
  <CPU>0.893Gf</CPU>
  <RAM>0.382GB</RAM>
  <DISK>1.34GB</DISK>
</comp>
<comp>
  <id>Comp:2-5-2</id>
  <CPU>0.893Gf</CPU>
  <RAM>0.382GB</RAM>
  <DISK>1.34GB</DISK>
</comp>
<comp>
  <id>Comp:2-5-3</id>
  <CPU>0.893Gf</CPU>
  <RAM>0.382GB</RAM>
  <DISK>1.34GB</DISK>
</comp>
<comp>
  <id>Comp:2-5-4</id>
  <CPU>0.893Gf</CPU>
  <RAM>0.382GB</RAM>
  <DISK>1.34GB</DISK>
</comp>
<comp>
  <id>Comp:2-5-5</id>
  <CPU>0.893Gf</CPU>
  <RAM>0.382GB</RAM>
  <DISK>1.34GB</DISK>
</comp>
<comp>
  <id>Comp:2-5-6</id>
  <CPU>0.893Gf</CPU>
  <RAM>0.382GB</RAM>
  <DISK>1.34GB</DISK>
</comp>
<comp>
  <id>Comp:2-5-7</id>
  <CPU>0.893Gf</CPU>
  <RAM>0.382GB</RAM>
  <DISK>1.34GB</DISK>
</comp>
  <bind>Comp:2-1-0 Appliance-33 0.478MBps 33.6ms</bind>
  <bind>Appliance-33 Comp:2-1-0 0.478MBps 33.6ms</bind>
  <bind>Comp:2-1-1 Appliance-11 0.478MBps 33.6ms</bind>
  <bind>Appliance-11 Comp:2-1-1 0.478MBps 33.6ms</bind>
  <bind>Comp:2-1-0 Appliance-26 0.478MBps 33.6ms</bind>
  <bind>Appliance-26 Comp:2-1-0 0.478MBps 33.6ms</bind>
  <bind>Comp:2-1-1 Appliance-28 0.478MBps 33.6ms</bind>
  <bind>Appliance-28 Comp:2-1-1 0.478MBps 33.6ms</bind>
  <bind>Comp:2-1-0 Appliance-15 0.478MBps 33.6ms</bind>
  <bind>Appliance-15 Comp:2-1-0 0.478MBps 33.6ms</bind>
  <bind>Comp:2-1-1 Appliance-8 0.478MBps 33.6ms</bind>
  <bind>Appliance-8 Comp:2-1-1 0.478MBps 33.6ms</bind>
  <bind>Comp:2-2-0 Comp:2-1-0 0.212MBps 28.0ms</bind>
  <bind>Comp:2-1-0 Comp:2-2-0 0.212MBps 28.0ms</bind>
  <bind>Comp:2-2-1 Comp:2-1-1 0.212MBps 28.0ms</bind>
  <bind>Comp:2-1-1 Comp:2-2-1 0.212MBps 28.0ms</bind>
  <bind>Comp:2-2-2 Comp:2-1-0 0.212MBps 28.0ms</bind>
  <bind>Comp:2-1-0 Comp:2-2-2 0.212MBps 28.0ms</bind>
  <bind>Comp:2-2-3 Comp:2-1-1 0.212MBps 28.0ms</bind>
  <bind>Comp:2-1-1 Comp:2-2-3 0.212MBps 28.0ms</bind>
  <bind>Comp:2-2-4 Comp:2-1-0 0.212MBps 28.0ms</bind>
  <bind>Comp:2-1-0 Comp:2-2-4 0.212MBps 28.0ms</bind>
  <bind>Comp:2-2-5 Comp:2-1-1 0.212MBps 28.0ms</bind>
  <bind>Comp:2-1-1 Comp:2-2-5 0.212MBps 28.0ms</bind>
  <bind>Comp:2-2-6 Comp:2-1-0 0.212MBps 28.0ms</bind>
  <bind>Comp:2-1-0 Comp:2-2-6 0.212MBps 28.0ms</bind>
  <bind>Comp:2-2-7 Comp:2-1-1 0.212MBps 28.0ms</bind>
  <bind>Comp:2-1-1 Comp:2-2-7 0.212MBps 28.0ms</bind>
  <bind>Comp:2-3-0 Comp:2-2-0 0.952MBps 25.5ms</bind>
  <bind>Comp:2-2-0 Comp:2-3-0 0.952MBps 25.5ms</bind>
  <bind>Comp:2-3-1 Comp:2-2-1 0.952MBps 25.5ms</bind>
  <bind>Comp:2-2-1 Comp:2-3-1 0.952MBps 25.5ms</bind>
  <bind>Comp:2-3-2 Comp:2-2-2 0.952MBps 25.5ms</bind>
  <bind>Comp:2-2-2 Comp:2-3-2 0.952MBps 25.5ms</bind>
  <bind>Comp:2-3-3 Comp:2-2-3 0.952MBps 25.5ms</bind>
  <bind>Comp:2-2-3 Comp:2-3-3 0.952MBps 25.5ms</bind>
  <bind>Comp:2-3-4 Comp:2-2-4 0.952MBps 25.5ms</bind>
  <bind>Comp:2-2-4 Comp:2-3-4 0.952MBps 25.5ms</bind>
  <bind>Comp:2-3-5 Comp:2-2-5 0.952MBps 25.5ms</bind>
  <bind>Comp:2-2-5 Comp:2-3-5 0.952MBps 25.5ms</bind>
  <bind>Comp:2-3-6 Comp:2-2-6 0.952MBps 25.5ms</bind>
  <bind>Comp:2-2-6 Comp:2-3-6 0.952MBps 25.5ms</bind>
  <bind>Comp:2-3-7 Comp:2-2-7 0.952MBps 25.5ms</bind>
  <bind>Comp:2-2-7 Comp:2-3-7 0.952MBps 25.5ms</bind>
  <bind>Comp:2-3-8 Comp:2-2-0 0.952MBps 25.5ms</bind>
  <bind>Comp:2-2-0 Comp:2-3-8 0.952MBps 25.5ms</bind>
  <bind>Comp:2-3-9 Comp:2-2-1 0.952MBps 25.5ms</bind>
  <bind>Comp:2-2-1 Comp:2-3-9 0.952MBps 25.5ms</bind>
  <bind>Comp:2-4-0 Comp:2-3-0 0.309MBps 47.2ms</bind>
  <bind>Comp:2-3-0 Comp:2-4-0 0.309MBps 47.2ms</bind>
  <bind>Comp:2-4-1 Comp:2-3-1 0.309MBps 47.2ms</bind>
  <bind>Comp:2-3-1 Comp:2-4-1 0.309MBps 47.2ms</bind>
  <bind>Comp:2-4-2 Comp:2-3-2 0.309MBps 47.2ms</bind>
  <bind>Comp:2-3-2 Comp:2-4-2 0.309MBps 47.2ms</bind>
  <bind>Comp:2-4-0 Comp:2-3-3 0.309MBps 47.2ms</bind>
  <bind>Comp:2-3-3 Comp:2-4-0 0.309MBps 47.2ms</bind>
  <bind>Comp:2-4-1 Comp:2-3-4 0.309MBps 47.2ms</bind>
  <bind>Comp:2-3-4 Comp:2-4-1 0.309MBps 47.2ms</bind>
  <bind>Comp:2-4-2 Comp:2-3-5 0.309MBps 47.2ms</bind>
  <bind>Comp:2-3-5 Comp:2-4-2 0.309MBps 47.2ms</bind>
  <bind>Comp:2-4-0 Comp:2-3-6 0.309MBps 47.2ms</bind>
  <bind>Comp:2-3-6 Comp:2-4-0 0.309MBps 47.2ms</bind>
  <bind>Comp:2-4-1 Comp:2-3-7 0.309MBps 47.2ms</bind>
  <bind>Comp:2-3-7 Comp:2-4-1 0.309MBps 47.2ms</bind>
  <bind>Comp:2-4-2 Comp:2-3-8 0.309MBps 47.2ms</bind>
  <bind>Comp:2-3-8 Comp:2-4-2 0.309MBps 47.2ms</bind>
  <bind>Comp:2-4-0 Comp:2-3-9 0.309MBps 47.2ms</bind>
  <bind>Comp:2-3-9 Comp:2-4-0 0.309MBps 47.2ms</bind>
  <bind>Comp:2-5-0 Comp:2-4-0 0.0621MBps 36.2ms</bind>
  <bind>Comp:2-4-0 Comp:2-5-0 0.0621MBps 36.2ms</bind>
  <bind>Comp:2-5-1 Comp:2-4-1 0.0621MBps 36.2ms</bind>
  <bind>Comp:2-4-1 Comp:2-5-1 0.0621MBps 36.2ms</bind>
  <bind>Comp:2-5-2 Comp:2-4-2 0.0621MBps 36.2ms</bind>
  <bind>Comp:2-4-2 Comp:2-5-2 0.0621MBps 36.2ms</bind>
  <bind>Comp:2-5-3 Comp:2-4-0 0.0621MBps 36.2ms</bind>
  <bind>Comp:2-4-0 Comp:2-5-3 0.0621MBps 36.2ms</bind>
  <bind>Comp:2-5-4 Comp:2-4-1 0.0621MBps 36.2ms</bind>
  <bind>Comp:2-4-1 Comp:2-5-4 0.0621MBps 36.2ms</bind>
  <bind>Comp:2-5-5 Comp:2-4-2 0.0621MBps 36.2ms</bind>
  <bind>Comp:2-4-2 Comp:2-5-5 0.0621MBps 36.2ms</bind>
  <bind>Comp:2-5-6 Comp:2-4-0 0.0621MBps 36.2ms</bind>
  <bind>Comp:2-4-0 Comp:2-5-6 0.0621MBps 36.2ms</bind>
  <bind>Comp:2-5-7 Comp:2-4-1 0.0621MBps 36.2ms</bind>
  <bind>Comp:2-4-1 Comp:2-5-7 0.0621MBps 36.2ms</bind>
  <bind>Comp:2-5-0 Appliance-1 0.851MBps 41.6ms</bind>
  <bind>Appliance-1 Comp:2-5-0 0.851MBps 41.6ms</bind>
  <bind>Comp:2-5-1 Appliance-28 0.851MBps 41.6ms</bind>
  <bind>Appliance-28 Comp:2-5-1 0.851MBps 41.6ms</bind>
  <bind>Comp:2-5-2 Appliance-33 0.851MBps 41.6ms</bind>
  <bind>Appliance-33 Comp:2-5-2 0.851MBps 41.6ms</bind>
  <bind>Comp:2-5-3 Appliance-1 0.851MBps 41.6ms</bind>
  <bind>Appliance-1 Comp:2-5-3 0.851MBps 41.6ms</bind>
  <bind>Comp:2-5-4 Appliance-28 0.851MBps 41.6ms</bind>
  <bind>Appliance-28 Comp:2-5-4 0.851MBps 41.6ms</bind>
  <bind>Comp:2-5-5 Appliance-22 0.851MBps 41.6ms</bind>
  <bind>Appliance-22 Comp:2-5-5 0.851MBps 41.6ms</bind>
  <bind>Comp:2-5-6 Appliance-33 0.851MBps 41.6ms</bind>
  <bind>Appliance-33 Comp:2-5-6 0.851MBps 41.6ms</bind>
  <bind>Comp:2-5-7 Appliance-22 0.851MBps 41.6ms</bind>
  <bind>Appliance-22 Comp:2-5-7 0.851MBps 41.6ms</bind>
  <bind>Comp:2-5-0 Appliance-21 0.851MBps 41.6ms</bind>
  <bind>Appliance-21 Comp:2-5-0 0.851MBps 41.6ms</bind>
</app>
<app>
  <id>App20</id>
<comp>
  <id>Comp:20-1-0</id>
  <CPU>0.653Gf</CPU>
  <RAM>0.982GB</RAM>
  <DISK>0.928GB</DISK>
</comp>
<comp>
  <id>Comp:20-1-1</id>
  <CPU>0.653Gf</CPU>
  <RAM>0.982GB</RAM>
  <DISK>0.928GB</DISK>
</comp>
<comp>
  <id>Comp:20-1-2</id>
  <CPU>0.653Gf</CPU>
  <RAM>0.982GB</RAM>
  <DISK>0.928GB</DISK>
</comp>
<comp>
  <id>Comp:20-1-3</id>
  <CPU>0.653Gf</CPU>
  <RAM>0.982GB</RAM>
  <DISK>0.928GB</DISK>
</comp>
<comp>
  <id>Comp:20-1-4</id>
  <CPU>0.653Gf</CPU>
  <RAM>0.982GB</RAM>
  <DISK>0.928GB</DISK>
</comp>
<comp>
  <id>Comp:20-1-5</id>
  <CPU>0.653Gf</CPU>
  <RAM>0.982GB</RAM>
  <DISK>0.928GB</DISK>
</comp>
<comp>
  <id>Comp:20-1-6</id>
  <CPU>0.653Gf</CPU>
  <RAM>0.982GB</RAM>
  <DISK>0.928GB</DISK>
</comp>
<comp>
  <id>Comp:20-2-0</id>
  <CPU>0.611Gf</CPU>
  <RAM>0.59GB</RAM>
  <DISK>0.938GB</DISK>
</comp>
<comp>
  <id>Comp:20-2-1</id>
  <CPU>0.611Gf</CPU>
  <RAM>0.59GB</RAM>
  <DISK>0.938GB</DISK>
</comp>
<comp>
  <id>Comp:20-2-2</id>
  <CPU>0.611Gf</CPU>
  <RAM>0.59GB</RAM>
  <DISK>0.938GB</DISK>
</comp>
<comp>
  <id>Comp:20-2-3</id>
  <CPU>0.611Gf</CPU>
  <RAM>0.59GB</RAM>
  <DISK>0.938GB</DISK>
</comp>
<comp>
  <id>Comp:20-3-0</id>
  <CPU>0.208Gf</CPU>
  <RAM>0.97GB</RAM>
  <DISK>0.37GB</DISK>
</comp>
<comp>
  <id>Comp:20-3-1</id>
  <CPU>0.208Gf</CPU>
  <RAM>0.97GB</RAM>
  <DISK>0.37GB</DISK>
</comp>
<comp>
  <id>Comp:20-3-2</id>
  <CPU>0.208Gf</CPU>
  <RAM>0.97GB</RAM>
  <DISK>0.37GB</DISK>
</comp>
<comp>
  <id>Comp:20-3-3</id>
  <CPU>0.208Gf</CPU>
  <RAM>0.97GB</RAM>
  <DISK>0.37GB</DISK>
</comp>
<comp>
  <id>Comp:20-3-4</id>
  <CPU>0.208Gf</CPU>
  <RAM>0.97GB</RAM>
  <DISK>0.37GB</DISK>
</comp>
  <bind>Comp:20-1-0 Appliance-9 0.0935MBps 25.9ms</bind>
  <bind>Appliance-9 Comp:20-1-0 0.0935MBps 25.9ms</bind>
  <bind>Comp:20-1-1 Appliance-9 0.0935MBps 25.9ms</bind>
  <bind>Appliance-9 Comp:20-1-1 0.0935MBps 25.9ms</bind>
  <bind>Comp:20-1-2 Appliance-25 0.0935MBps 25.9ms</bind>
  <bind>Appliance-25 Comp:20-1-2 0.0935MBps 25.9ms</bind>
  <bind>Comp:20-1-3 Appliance-6 0.0935MBps 25.9ms</bind>
  <bind>Appliance-6 Comp:20-1-3 0.0935MBps 25.9ms</bind>
  <bind>Comp:20-1-4 Appliance-9 0.0935MBps 25.9ms</bind>
  <bind>Appliance-9 Comp:20-1-4 0.0935MBps 25.9ms</bind>
  <bind>Comp:20-1-5 Appliance-9 0.0935MBps 25.9ms</bind>
  <bind>Appliance-9 Comp:20-1-5 0.0935MBps 25.9ms</bind>
  <bind>Comp:20-1-6 Appliance-25 0.0935MBps 25.9ms</bind>
  <bind>Appliance-25 Comp:20-1-6 0.0935MBps 25.9ms</bind>
  <bind>Comp:20-2-0 Comp:20-1-0 0.858MBps 42.8ms</bind>
  <bind>Comp:20-1-0 Comp:20-2-0 0.858MBps 42.8ms</bind>
  <bind>Comp:20-2-1 Comp:20-1-1 0.858MBps 42.8ms</bind>
  <bind>Comp:20-1-1 Comp:20-2-1 0.858MBps 42.8ms</bind>
  <bind>Comp:20-2-2 Comp:20-1-2 0.858MBps 42.8ms</bind>
  <bind>Comp:20-1-2 Comp:20-2-2 0.858MBps 42.8ms</bind>
  <bind>Comp:20-2-3 Comp:20-1-3 0.858MBps 42.8ms</bind>
  <bind>Comp:20-1-3 Comp:20-2-3 0.858MBps 42.8ms</bind>
  <bind>Comp:20-2-0 Comp:20-1-4 0.858MBps 42.8ms</bind>
  <bind>Comp:20-1-4 Comp:20-2-0 0.858MBps 42.8ms</bind>
  <bind>Comp:20-2-1 Comp:20-1-5 0.858MBps 42.8ms</bind>
  <bind>Comp:20-1-5 Comp:20-2-1 0.858MBps 42.8ms</bind>
  <bind>Comp:20-2-2 Comp:20-1-6 0.858MBps 42.8ms</bind>
  <bind>Comp:20-1-6 Comp:20-2-2 0.858MBps 42.8ms</bind>
  <bind>Comp:20-2-0 Comp:20-3-0 0.872MBps 32.5ms</bind>
  <bind>Comp:20-3-0 Comp:20-2-0 0.872MBps 32.5ms</bind>
  <bind>Comp:20-2-1 Comp:20-3-1 0.872MBps 32.5ms</bind>
  <bind>Comp:20-3-1 Comp:20-2-1 0.872MBps 32.5ms</bind>
  <bind>Comp:20-2-2 Comp:20-3-2 0.872MBps 32.5ms</bind>
  <bind>Comp:20-3-2 Comp:20-2-2 0.872MBps 32.5ms</bind>
  <bind>Comp:20-2-3 Comp:20-3-3 0.872MBps 32.5ms</bind>
  <bind>Comp:20-3-3 Comp:20-2-3 0.872MBps 32.5ms</bind>
  <bind>Comp:20-2-0 Comp:20-3-4 0.872MBps 32.5ms</bind>
  <bind>Comp:20-3-4 Comp:20-2-0 0.872MBps 32.5ms</bind>
</app>
<app>
  <id>App22</id>
<comp>
  <id>Comp:22-1-0</id>
  <CPU>0.422Gf</CPU>
  <RAM>0.705GB</RAM>
  <DISK>1.24GB</DISK>
</comp>
<comp>
  <id>Comp:22-1-1</id>
  <CPU>0.422Gf</CPU>
  <RAM>0.705GB</RAM>
  <DISK>1.24GB</DISK>
</comp>
<comp>
  <id>Comp:22-1-2</id>
  <CPU>0.422Gf</CPU>
  <RAM>0.705GB</RAM>
  <DISK>1.24GB</DISK>
</comp>
<comp>
  <id>Comp:22-1-3</id>
  <CPU>0.422Gf</CPU>
  <RAM>0.705GB</RAM>
  <DISK>1.24GB</DISK>
</comp>
<comp>
  <id>Comp:22-2-0</id>
  <CPU>0.707Gf</CPU>
  <RAM>0.173GB</RAM>
  <DISK>0.272GB</DISK>
</comp>
<comp>
  <id>Comp:22-2-1</id>
  <CPU>0.707Gf</CPU>
  <RAM>0.173GB</RAM>
  <DISK>0.272GB</DISK>
</comp>
<comp>
  <id>Comp:22-2-2</id>
  <CPU>0.707Gf</CPU>
  <RAM>0.173GB</RAM>
  <DISK>0.272GB</DISK>
</comp>
<comp>
  <id>Comp:22-2-3</id>
  <CPU>0.707Gf</CPU>
  <RAM>0.173GB</RAM>
  <DISK>0.272GB</DISK>
</comp>
<comp>
  <id>Comp:22-2-4</id>
  <CPU>0.707Gf</CPU>
  <RAM>0.173GB</RAM>
  <DISK>0.272GB</DISK>
</comp>
<comp>
  <id>Comp:22-2-5</id>
  <CPU>0.707Gf</CPU>
  <RAM>0.173GB</RAM>
  <DISK>0.272GB</DISK>
</comp>
<comp>
  <id>Comp:22-3-0</id>
  <CPU>0.847Gf</CPU>
  <RAM>0.651GB</RAM>
  <DISK>0.27GB</DISK>
</comp>
<comp>
  <id>Comp:22-4-0</id>
  <CPU>0.954Gf</CPU>
  <RAM>0.189GB</RAM>
  <DISK>1.37GB</DISK>
</comp>
<comp>
  <id>Comp:22-4-1</id>
  <CPU>0.954Gf</CPU>
  <RAM>0.189GB</RAM>
  <DISK>1.37GB</DISK>
</comp>
<comp>
  <id>Comp:22-5-0</id>
  <CPU>0.944Gf</CPU>
  <RAM>0.427GB</RAM>
  <DISK>1.47GB</DISK>
</comp>
<comp>
  <id>Comp:22-5-1</id>
  <CPU>0.944Gf</CPU>
  <RAM>0.427GB</RAM>
  <DISK>1.47GB</DISK>
</comp>
<comp>
  <id>Comp:22-5-2</id>
  <CPU>0.944Gf</CPU>
  <RAM>0.427GB</RAM>
  <DISK>1.47GB</DISK>
</comp>
<comp>
  <id>Comp:22-5-3</id>
  <CPU>0.944Gf</CPU>
  <RAM>0.427GB</RAM>
  <DISK>1.47GB</DISK>
</comp>
<comp>
  <id>Comp:22-5-4</id>
  <CPU>0.944Gf</CPU>
  <RAM>0.427GB</RAM>
  <DISK>1.47GB</DISK>
</comp>
<comp>
  <id>Comp:22-5-5</id>
  <CPU>0.944Gf</CPU>
  <RAM>0.427GB</RAM>
  <DISK>1.47GB</DISK>
</comp>
  <bind>Comp:22-1-0 Appliance-21 0.0192MBps 30.6ms</bind>
  <bind>Appliance-21 Comp:22-1-0 0.0192MBps 30.6ms</bind>
  <bind>Comp:22-1-1 Appliance-28 0.0192MBps 30.6ms</bind>
  <bind>Appliance-28 Comp:22-1-1 0.0192MBps 30.6ms</bind>
  <bind>Comp:22-1-2 Appliance-21 0.0192MBps 30.6ms</bind>
  <bind>Appliance-21 Comp:22-1-2 0.0192MBps 30.6ms</bind>
  <bind>Comp:22-1-3 Appliance-21 0.0192MBps 30.6ms</bind>
  <bind>Appliance-21 Comp:22-1-3 0.0192MBps 30.6ms</bind>
  <bind>Comp:22-2-0 Comp:22-1-0 0.121MBps 38.2ms</bind>
  <bind>Comp:22-1-0 Comp:22-2-0 0.121MBps 38.2ms</bind>
  <bind>Comp:22-2-1 Comp:22-1-1 0.121MBps 38.2ms</bind>
  <bind>Comp:22-1-1 Comp:22-2-1 0.121MBps 38.2ms</bind>
  <bind>Comp:22-2-2 Comp:22-1-2 0.121MBps 38.2ms</bind>
  <bind>Comp:22-1-2 Comp:22-2-2 0.121MBps 38.2ms</bind>
  <bind>Comp:22-2-3 Comp:22-1-3 0.121MBps 38.2ms</bind>
  <bind>Comp:22-1-3 Comp:22-2-3 0.121MBps 38.2ms</bind>
  <bind>Comp:22-2-4 Comp:22-1-0 0.121MBps 38.2ms</bind>
  <bind>Comp:22-1-0 Comp:22-2-4 0.121MBps 38.2ms</bind>
  <bind>Comp:22-2-5 Comp:22-1-1 0.121MBps 38.2ms</bind>
  <bind>Comp:22-1-1 Comp:22-2-5 0.121MBps 38.2ms</bind>
  <bind>Comp:22-3-0 Comp:22-2-0 0.994MBps 44.2ms</bind>
  <bind>Comp:22-2-0 Comp:22-3-0 0.994MBps 44.2ms</bind>
  <bind>Comp:22-3-0 Comp:22-2-1 0.994MBps 44.2ms</bind>
  <bind>Comp:22-2-1 Comp:22-3-0 0.994MBps 44.2ms</bind>
  <bind>Comp:22-3-0 Comp:22-2-2 0.994MBps 44.2ms</bind>
  <bind>Comp:22-2-2 Comp:22-3-0 0.994MBps 44.2ms</bind>
  <bind>Comp:22-3-0 Comp:22-2-3 0.994MBps 44.2ms</bind>
  <bind>Comp:22-2-3 Comp:22-3-0 0.994MBps 44.2ms</bind>
  <bind>Comp:22-3-0 Comp:22-2-4 0.994MBps 44.2ms</bind>
  <bind>Comp:22-2-4 Comp:22-3-0 0.994MBps 44.2ms</bind>
  <bind>Comp:22-3-0 Comp:22-2-5 0.994MBps 44.2ms</bind>
  <bind>Comp:22-2-5 Comp:22-3-0 0.994MBps 44.2ms</bind>
  <bind>Comp:22-4-0 Comp:22-3-0 0.781MBps 49.6ms</bind>
  <bind>Comp:22-3-0 Comp:22-4-0 0.781MBps 49.6ms</bind>
  <bind>Comp:22-4-1 Comp:22-3-0 0.781MBps 49.6ms</bind>
  <bind>Comp:22-3-0 Comp:22-4-1 0.781MBps 49.6ms</bind>
  <bind>Comp:22-4-0 Comp:22-5-0 0.583MBps 27.3ms</bind>
  <bind>Comp:22-5-0 Comp:22-4-0 0.583MBps 27.3ms</bind>
  <bind>Comp:22-4-1 Comp:22-5-1 0.583MBps 27.3ms</bind>
  <bind>Comp:22-5-1 Comp:22-4-1 0.583MBps 27.3ms</bind>
  <bind>Comp:22-4-0 Comp:22-5-2 0.583MBps 27.3ms</bind>
  <bind>Comp:22-5-2 Comp:22-4-0 0.583MBps 27.3ms</bind>
  <bind>Comp:22-4-1 Comp:22-5-3 0.583MBps 27.3ms</bind>
  <bind>Comp:22-5-3 Comp:22-4-1 0.583MBps 27.3ms</bind>
  <bind>Comp:22-4-0 Comp:22-5-4 0.583MBps 27.3ms</bind>
  <bind>Comp:22-5-4 Comp:22-4-0 0.583MBps 27.3ms</bind>
  <bind>Comp:22-4-1 Comp:22-5-5 0.583MBps 27.3ms</bind>
  <bind>Comp:22-5-5 Comp:22-4-1 0.583MBps 27.3ms</bind>
</app>
<app>
  <id>App23</id>
<comp>
  <id>Comp:23-1-0</id>
  <CPU>0.343Gf</CPU>
  <RAM>0.907GB</RAM>
  <DISK>1.8GB</DISK>
</comp>
<comp>
  <id>Comp:23-1-1</id>
  <CPU>0.343Gf</CPU>
  <RAM>0.907GB</RAM>
  <DISK>1.8GB</DISK>
</comp>
<comp>
  <id>Comp:23-1-2</id>
  <CPU>0.343Gf</CPU>
  <RAM>0.907GB</RAM>
  <DISK>1.8GB</DISK>
</comp>
<comp>
  <id>Comp:23-1-3</id>
  <CPU>0.343Gf</CPU>
  <RAM>0.907GB</RAM>
  <DISK>1.8GB</DISK>
</comp>
<comp>
  <id>Comp:23-1-4</id>
  <CPU>0.343Gf</CPU>
  <RAM>0.907GB</RAM>
  <DISK>1.8GB</DISK>
</comp>
<comp>
  <id>Comp:23-1-5</id>
  <CPU>0.343Gf</CPU>
  <RAM>0.907GB</RAM>
  <DISK>1.8GB</DISK>
</comp>
<comp>
  <id>Comp:23-1-6</id>
  <CPU>0.343Gf</CPU>
  <RAM>0.907GB</RAM>
  <DISK>1.8GB</DISK>
</comp>
<comp>
  <id>Comp:23-2-0</id>
  <CPU>0.71Gf</CPU>
  <RAM>0.769GB</RAM>
  <DISK>1.69GB</DISK>
</comp>
<comp>
  <id>Comp:23-2-1</id>
  <CPU>0.71Gf</CPU>
  <RAM>0.769GB</RAM>
  <DISK>1.69GB</DISK>
</comp>
<comp>
  <id>Comp:23-2-2</id>
  <CPU>0.71Gf</CPU>
  <RAM>0.769GB</RAM>
  <DISK>1.69GB</DISK>
</comp>
<comp>
  <id>Comp:23-3-0</id>
  <CPU>0.185Gf</CPU>
  <RAM>0.545GB</RAM>
  <DISK>1.17GB</DISK>
</comp>
<comp>
  <id>Comp:23-3-1</id>
  <CPU>0.185Gf</CPU>
  <RAM>0.545GB</RAM>
  <DISK>1.17GB</DISK>
</comp>
<comp>
  <id>Comp:23-3-2</id>
  <CPU>0.185Gf</CPU>
  <RAM>0.545GB</RAM>
  <DISK>1.17GB</DISK>
</comp>
<comp>
  <id>Comp:23-3-3</id>
  <CPU>0.185Gf</CPU>
  <RAM>0.545GB</RAM>
  <DISK>1.17GB</DISK>
</comp>
<comp>
  <id>Comp:23-4-0</id>
  <CPU>0.109Gf</CPU>
  <RAM>0.784GB</RAM>
  <DISK>1.76GB</DISK>
</comp>
<comp>
  <id>Comp:23-4-1</id>
  <CPU>0.109Gf</CPU>
  <RAM>0.784GB</RAM>
  <DISK>1.76GB</DISK>
</comp>
<comp>
  <id>Comp:23-4-2</id>
  <CPU>0.109Gf</CPU>
  <RAM>0.784GB</RAM>
  <DISK>1.76GB</DISK>
</comp>
<comp>
  <id>Comp:23-4-3</id>
  <CPU>0.109Gf</CPU>
  <RAM>0.784GB</RAM>
  <DISK>1.76GB</DISK>
</comp>
<comp>
  <id>Comp:23-4-4</id>
  <CPU>0.109Gf</CPU>
  <RAM>0.784GB</RAM>
  <DISK>1.76GB</DISK>
</comp>
<comp>
  <id>Comp:23-4-5</id>
  <CPU>0.109Gf</CPU>
  <RAM>0.784GB</RAM>
  <DISK>1.76GB</DISK>
</comp>
  <bind>Comp:23-1-0 Appliance-19 0.881MBps 37.0ms</bind>
  <bind>Appliance-19 Comp:23-1-0 0.881MBps 37.0ms</bind>
  <bind>Comp:23-1-1 Appliance-37 0.881MBps 37.0ms</bind>
  <bind>Appliance-37 Comp:23-1-1 0.881MBps 37.0ms</bind>
  <bind>Comp:23-1-2 Appliance-23 0.881MBps 37.0ms</bind>
  <bind>Appliance-23 Comp:23-1-2 0.881MBps 37.0ms</bind>
  <bind>Comp:23-1-3 Appliance-31 0.881MBps 37.0ms</bind>
  <bind>Appliance-31 Comp:23-1-3 0.881MBps 37.0ms</bind>
  <bind>Comp:23-1-4 Appliance-7 0.881MBps 37.0ms</bind>
  <bind>Appliance-7 Comp:23-1-4 0.881MBps 37.0ms</bind>
  <bind>Comp:23-1-5 Appliance-0 0.881MBps 37.0ms</bind>
  <bind>Appliance-0 Comp:23-1-5 0.881MBps 37.0ms</bind>
  <bind>Comp:23-1-6 Appliance-4 0.881MBps 37.0ms</bind>
  <bind>Appliance-4 Comp:23-1-6 0.881MBps 37.0ms</bind>
  <bind>Comp:23-1-0 Appliance-0 0.881MBps 37.0ms</bind>
  <bind>Appliance-0 Comp:23-1-0 0.881MBps 37.0ms</bind>
  <bind>Comp:23-1-1 Appliance-32 0.881MBps 37.0ms</bind>
  <bind>Appliance-32 Comp:23-1-1 0.881MBps 37.0ms</bind>
  <bind>Comp:23-2-0 Comp:23-1-0 0.961MBps 28.2ms</bind>
  <bind>Comp:23-1-0 Comp:23-2-0 0.961MBps 28.2ms</bind>
  <bind>Comp:23-2-1 Comp:23-1-1 0.961MBps 28.2ms</bind>
  <bind>Comp:23-1-1 Comp:23-2-1 0.961MBps 28.2ms</bind>
  <bind>Comp:23-2-2 Comp:23-1-2 0.961MBps 28.2ms</bind>
  <bind>Comp:23-1-2 Comp:23-2-2 0.961MBps 28.2ms</bind>
  <bind>Comp:23-2-0 Comp:23-1-3 0.961MBps 28.2ms</bind>
  <bind>Comp:23-1-3 Comp:23-2-0 0.961MBps 28.2ms</bind>
  <bind>Comp:23-2-1 Comp:23-1-4 0.961MBps 28.2ms</bind>
  <bind>Comp:23-1-4 Comp:23-2-1 0.961MBps 28.2ms</bind>
  <bind>Comp:23-2-2 Comp:23-1-5 0.961MBps 28.2ms</bind>
  <bind>Comp:23-1-5 Comp:23-2-2 0.961MBps 28.2ms</bind>
  <bind>Comp:23-2-0 Comp:23-1-6 0.961MBps 28.2ms</bind>
  <bind>Comp:23-1-6 Comp:23-2-0 0.961MBps 28.2ms</bind>
  <bind>Comp:23-3-0 Comp:23-2-0 0.808MBps 32.6ms</bind>
  <bind>Comp:23-2-0 Comp:23-3-0 0.808MBps 32.6ms</bind>
  <bind>Comp:23-3-1 Comp:23-2-1 0.808MBps 32.6ms</bind>
  <bind>Comp:23-2-1 Comp:23-3-1 0.808MBps 32.6ms</bind>
  <bind>Comp:23-3-2 Comp:23-2-2 0.808MBps 32.6ms</bind>
  <bind>Comp:23-2-2 Comp:23-3-2 0.808MBps 32.6ms</bind>
  <bind>Comp:23-3-3 Comp:23-2-0 0.808MBps 32.6ms</bind>
  <bind>Comp:23-2-0 Comp:23-3-3 0.808MBps 32.6ms</bind>
  <bind>Comp:23-3-0 Comp:23-4-0 0.203MBps 27.3ms</bind>
  <bind>Comp:23-4-0 Comp:23-3-0 0.203MBps 27.3ms</bind>
  <bind>Comp:23-3-1 Comp:23-4-1 0.203MBps 27.3ms</bind>
  <bind>Comp:23-4-1 Comp:23-3-1 0.203MBps 27.3ms</bind>
  <bind>Comp:23-3-2 Comp:23-4-2 0.203MBps 27.3ms</bind>
  <bind>Comp:23-4-2 Comp:23-3-2 0.203MBps 27.3ms</bind>
  <bind>Comp:23-3-3 Comp:23-4-3 0.203MBps 27.3ms</bind>
  <bind>Comp:23-4-3 Comp:23-3-3 0.203MBps 27.3ms</bind>
  <bind>Comp:23-3-0 Comp:23-4-4 0.203MBps 27.3ms</bind>
  <bind>Comp:23-4-4 Comp:23-3-0 0.203MBps 27.3ms</bind>
  <bind>Comp:23-3-1 Comp:23-4-5 0.203MBps 27.3ms</bind>
  <bind>Comp:23-4-5 Comp:23-3-1 0.203MBps 27.3ms</bind>
</app>
<app>
  <id>App25</id>
<comp>
  <id>Comp:25-1-0</id>
  <CPU>0.2Gf</CPU>
  <RAM>0.926GB</RAM>
  <DISK>0.904GB</DISK>
</comp>
<comp>
  <id>Comp:25-1-1</id>
  <CPU>0.2Gf</CPU>
  <RAM>0.926GB</RAM>
  <DISK>0.904GB</DISK>
</comp>
<comp>
  <id>Comp:25-1-2</id>
  <CPU>0.2Gf</CPU>
  <RAM>0.926GB</RAM>
  <DISK>0.904GB</DISK>
</comp>
<comp>
  <id>Comp:25-1-3</id>
  <CPU>0.2Gf</CPU>
  <RAM>0.926GB</RAM>
  <DISK>0.904GB</DISK>
</comp>
<comp>
  <id>Comp:25-1-4</id>
  <CPU>0.2Gf</CPU>
  <RAM>0.926GB</RAM>
  <DISK>0.904GB</DISK>
</comp>
<comp>
  <id>Comp:25-1-5</id>
  <CPU>0.2Gf</CPU>
  <RAM>0.926GB</RAM>
  <DISK>0.904GB</DISK>
</comp>
<comp>
  <id>Comp:25-2-0</id>
  <CPU>0.839Gf</CPU>
  <RAM>0.353GB</RAM>
  <DISK>1.87GB</DISK>
</comp>
<comp>
  <id>Comp:25-2-1</id>
  <CPU>0.839Gf</CPU>
  <RAM>0.353GB</RAM>
  <DISK>1.87GB</DISK>
</comp>
<comp>
  <id>Comp:25-2-2</id>
  <CPU>0.839Gf</CPU>
  <RAM>0.353GB</RAM>
  <DISK>1.87GB</DISK>
</comp>
<comp>
  <id>Comp:25-2-3</id>
  <CPU>0.839Gf</CPU>
  <RAM>0.353GB</RAM>
  <DISK>1.87GB</DISK>
</comp>
<comp>
  <id>Comp:25-2-4</id>
  <CPU>0.839Gf</CPU>
  <RAM>0.353GB</RAM>
  <DISK>1.87GB</DISK>
</comp>
<comp>
  <id>Comp:25-2-5</id>
  <CPU>0.839Gf</CPU>
  <RAM>0.353GB</RAM>
  <DISK>1.87GB</DISK>
</comp>
<comp>
  <id>Comp:25-3-0</id>
  <CPU>0.831Gf</CPU>
  <RAM>0.552GB</RAM>
  <DISK>0.637GB</DISK>
</comp>
<comp>
  <id>Comp:25-3-1</id>
  <CPU>0.831Gf</CPU>
  <RAM>0.552GB</RAM>
  <DISK>0.637GB</DISK>
</comp>
<comp>
  <id>Comp:25-3-2</id>
  <CPU>0.831Gf</CPU>
  <RAM>0.552GB</RAM>
  <DISK>0.637GB</DISK>
</comp>
<comp>
  <id>Comp:25-3-3</id>
  <CPU>0.831Gf</CPU>
  <RAM>0.552GB</RAM>
  <DISK>0.637GB</DISK>
</comp>
<comp>
  <id>Comp:25-3-4</id>
  <CPU>0.831Gf</CPU>
  <RAM>0.552GB</RAM>
  <DISK>0.637GB</DISK>
</comp>
<comp>
  <id>Comp:25-3-5</id>
  <CPU>0.831Gf</CPU>
  <RAM>0.552GB</RAM>
  <DISK>0.637GB</DISK>
</comp>
<comp>
  <id>Comp:25-3-6</id>
  <CPU>0.831Gf</CPU>
  <RAM>0.552GB</RAM>
  <DISK>0.637GB</DISK>
</comp>
<comp>
  <id>Comp:25-3-7</id>
  <CPU>0.831Gf</CPU>
  <RAM>0.552GB</RAM>
  <DISK>0.637GB</DISK>
</comp>
  <bind>Comp:25-1-0 Appliance-27 0.547MBps 30.6ms</bind>
  <bind>Appliance-27 Comp:25-1-0 0.547MBps 30.6ms</bind>
  <bind>Comp:25-1-1 Appliance-33 0.547MBps 30.6ms</bind>
  <bind>Appliance-33 Comp:25-1-1 0.547MBps 30.6ms</bind>
  <bind>Comp:25-1-2 Appliance-21 0.547MBps 30.6ms</bind>
  <bind>Appliance-21 Comp:25-1-2 0.547MBps 30.6ms</bind>
  <bind>Comp:25-1-3 Appliance-21 0.547MBps 30.6ms</bind>
  <bind>Appliance-21 Comp:25-1-3 0.547MBps 30.6ms</bind>
  <bind>Comp:25-1-4 Appliance-28 0.547MBps 30.6ms</bind>
  <bind>Appliance-28 Comp:25-1-4 0.547MBps 30.6ms</bind>
  <bind>Comp:25-1-5 Appliance-27 0.547MBps 30.6ms</bind>
  <bind>Appliance-27 Comp:25-1-5 0.547MBps 30.6ms</bind>
  <bind>Comp:25-2-0 Comp:25-1-0 0.686MBps 37.2ms</bind>
  <bind>Comp:25-1-0 Comp:25-2-0 0.686MBps 37.2ms</bind>
  <bind>Comp:25-2-1 Comp:25-1-1 0.686MBps 37.2ms</bind>
  <bind>Comp:25-1-1 Comp:25-2-1 0.686MBps 37.2ms</bind>
  <bind>Comp:25-2-2 Comp:25-1-2 0.686MBps 37.2ms</bind>
  <bind>Comp:25-1-2 Comp:25-2-2 0.686MBps 37.2ms</bind>
  <bind>Comp:25-2-3 Comp:25-1-3 0.686MBps 37.2ms</bind>
  <bind>Comp:25-1-3 Comp:25-2-3 0.686MBps 37.2ms</bind>
  <bind>Comp:25-2-4 Comp:25-1-4 0.686MBps 37.2ms</bind>
  <bind>Comp:25-1-4 Comp:25-2-4 0.686MBps 37.2ms</bind>
  <bind>Comp:25-2-5 Comp:25-1-5 0.686MBps 37.2ms</bind>
  <bind>Comp:25-1-5 Comp:25-2-5 0.686MBps 37.2ms</bind>
  <bind>Comp:25-2-0 Comp:25-3-0 0.196MBps 47.6ms</bind>
  <bind>Comp:25-3-0 Comp:25-2-0 0.196MBps 47.6ms</bind>
  <bind>Comp:25-2-1 Comp:25-3-1 0.196MBps 47.6ms</bind>
  <bind>Comp:25-3-1 Comp:25-2-1 0.196MBps 47.6ms</bind>
  <bind>Comp:25-2-2 Comp:25-3-2 0.196MBps 47.6ms</bind>
  <bind>Comp:25-3-2 Comp:25-2-2 0.196MBps 47.6ms</bind>
  <bind>Comp:25-2-3 Comp:25-3-3 0.196MBps 47.6ms</bind>
  <bind>Comp:25-3-3 Comp:25-2-3 0.196MBps 47.6ms</bind>
  <bind>Comp:25-2-4 Comp:25-3-4 0.196MBps 47.6ms</bind>
  <bind>Comp:25-3-4 Comp:25-2-4 0.196MBps 47.6ms</bind>
  <bind>Comp:25-2-5 Comp:25-3-5 0.196MBps 47.6ms</bind>
  <bind>Comp:25-3-5 Comp:25-2-5 0.196MBps 47.6ms</bind>
  <bind>Comp:25-2-0 Comp:25-3-6 0.196MBps 47.6ms</bind>
  <bind>Comp:25-3-6 Comp:25-2-0 0.196MBps 47.6ms</bind>
  <bind>Comp:25-2-1 Comp:25-3-7 0.196MBps 47.6ms</bind>
  <bind>Comp:25-3-7 Comp:25-2-1 0.196MBps 47.6ms</bind>
</app>
</apps>
