<?xml version="1.0"?>
<apps>
<app>
  <id>App1</id>
<comp>
  <id>Comp:1-1-0</id>
  <CPU>0.157Gf</CPU>
  <RAM>0.953GB</RAM>
  <DISK>0.143GB</DISK>
</comp>
<comp>
  <id>Comp:1-1-1</id>
  <CPU>0.157Gf</CPU>
  <RAM>0.953GB</RAM>
  <DISK>0.143GB</DISK>
</comp>
<comp>
  <id>Comp:1-1-2</id>
  <CPU>0.157Gf</CPU>
  <RAM>0.953GB</RAM>
  <DISK>0.143GB</DISK>
</comp>
<comp>
  <id>Comp:1-1-3</id>
  <CPU>0.157Gf</CPU>
  <RAM>0.953GB</RAM>
  <DISK>0.143GB</DISK>
</comp>
<comp>
  <id>Comp:1-1-4</id>
  <CPU>0.157Gf</CPU>
  <RAM>0.953GB</RAM>
  <DISK>0.143GB</DISK>
</comp>
<comp>
  <id>Comp:1-1-5</id>
  <CPU>0.157Gf</CPU>
  <RAM>0.953GB</RAM>
  <DISK>0.143GB</DISK>
</comp>
<comp>
  <id>Comp:1-2-0</id>
  <CPU>0.981Gf</CPU>
  <RAM>0.794GB</RAM>
  <DISK>0.77GB</DISK>
</comp>
<comp>
  <id>Comp:1-2-1</id>
  <CPU>0.981Gf</CPU>
  <RAM>0.794GB</RAM>
  <DISK>0.77GB</DISK>
</comp>
<comp>
  <id>Comp:1-3-0</id>
  <CPU>0.575Gf</CPU>
  <RAM>0.139GB</RAM>
  <DISK>1.02GB</DISK>
</comp>
<comp>
  <id>Comp:1-3-1</id>
  <CPU>0.575Gf</CPU>
  <RAM>0.139GB</RAM>
  <DISK>1.02GB</DISK>
</comp>
<comp>
  <id>Comp:1-4-0</id>
  <CPU>0.169Gf</CPU>
  <RAM>0.403GB</RAM>
  <DISK>0.589GB</DISK>
</comp>
<comp>
  <id>Comp:1-5-0</id>
  <CPU>0.472Gf</CPU>
  <RAM>0.544GB</RAM>
  <DISK>1.28GB</DISK>
</comp>
<comp>
  <id>Comp:1-5-1</id>
  <CPU>0.472Gf</CPU>
  <RAM>0.544GB</RAM>
  <DISK>1.28GB</DISK>
</comp>
<comp>
  <id>Comp:1-5-2</id>
  <CPU>0.472Gf</CPU>
  <RAM>0.544GB</RAM>
  <DISK>1.28GB</DISK>
</comp>
<comp>
  <id>Comp:1-5-3</id>
  <CPU>0.472Gf</CPU>
  <RAM>0.544GB</RAM>
  <DISK>1.28GB</DISK>
</comp>
<comp>
  <id>Comp:1-5-4</id>
  <CPU>0.472Gf</CPU>
  <RAM>0.544GB</RAM>
  <DISK>1.28GB</DISK>
</comp>
  <bind>Comp:1-1-0 Appliance-4 0.134MBps 47.1ms</bind>
  <bind>Appliance-4 Comp:1-1-0 0.134MBps 47.1ms</bind>
  <bind>Comp:1-1-1 Appliance-22 0.134MBps 47.1ms</bind>
  <bind>Appliance-22 Comp:1-1-1 0.134MBps 47.1ms</bind>
  <bind>Comp:1-1-2 Appliance-5 0.134MBps 47.1ms</bind>
  <bind>Appliance-5 Comp:1-1-2 0.134MBps 47.1ms</bind>
  <bind>Comp:1-1-3 Appliance-22 0.134MBps 47.1ms</bind>
  <bind>Appliance-22 Comp:1-1-3 0.134MBps 47.1ms</bind>
  <bind>Comp:1-1-4 Appliance-4 0.134MBps 47.1ms</bind>
  <bind>Appliance-4 Comp:1-1-4 0.134MBps 47.1ms</bind>
  <bind>Comp:1-1-5 Appliance-29 0.134MBps 47.1ms</bind>
  <bind>Appliance-29 Comp:1-1-5 0.134MBps 47.1ms</bind>
  <bind>Comp:1-2-0 Comp:1-1-0 0.0892MBps 44.7ms</bind>
  <bind>Comp:1-1-0 Comp:1-2-0 0.0892MBps 44.7ms</bind>
  <bind>Comp:1-2-1 Comp:1-1-1 0.0892MBps 44.7ms</bind>
  <bind>Comp:1-1-1 Comp:1-2-1 0.0892MBps 44.7ms</bind>
  <bind>Comp:1-2-0 Comp:1-1-2 0.0892MBps 44.7ms</bind>
  <bind>Comp:1-1-2 Comp:1-2-0 0.0892MBps 44.7ms</bind>
  <bind>Comp:1-2-1 Comp:1-1-3 0.0892MBps 44.7ms</bind>
  <bind>Comp:1-1-3 Comp:1-2-1 0.0892MBps 44.7ms</bind>
  <bind>Comp:1-2-0 Comp:1-1-4 0.0892MBps 44.7ms</bind>
  <bind>Comp:1-1-4 Comp:1-2-0 0.0892MBps 44.7ms</bind>
  <bind>Comp:1-2-1 Comp:1-1-5 0.0892MBps 44.7ms</bind>
  <bind>Comp:1-1-5 Comp:1-2-1 0.0892MBps 44.7ms</bind>
  <bind>Comp:1-3-0 Comp:1-2-0 0.613MBps 48.8ms</bind>
  <bind>Comp:1-2-0 Comp:1-3-0 0.613MBps 48.8ms</bind>
  <bind>Comp:1-3-1 Comp:1-2-1 0.613MBps 48.8ms</bind>
  <bind>Comp:1-2-1 Comp:1-3-1 0.613MBps 48.8ms</bind>
  <bind>Comp:1-4-0 Comp:1-3-0 0.342MBps 40.0ms</bind>
  <bind>Comp:1-3-0 Comp:1-4-0 0.342MBps 40.0ms</bind>
  <bind>Comp:1-4-0 Comp:1-3-1 0.342MBps 40.0ms</bind>
  <bind>Comp:1-3-1 Comp:1-4-0 0.342MBps 40.0ms</bind>
  <bind>Comp:1-5-0 Comp:1-4-0 0.46MBps 31.7ms</bind>
  <bind>Comp:1-4-0 Comp:1-5-0 0.46MBps 31.7ms</bind>
  <bind>Comp:1-5-1 Comp:1-4-0 0.46MBps 31.7ms</bind>
  <bind>Comp:1-4-0 Comp:1-5-1 0.46MBps 31.7ms</bind>
  <bind>Comp:1-5-2 Comp:1-4-0 0.46MBps 31.7ms</bind>
  <bind>Comp:1-4-0 Comp:1-5-2 0.46MBps 31.7ms</bind>
  <bind>Comp:1-5-3 Comp:1-4-0 0.46MBps 31.7ms</bind>
  <bind>Comp:1-4-0 Comp:1-5-3 0.46MBps 31.7ms</bind>
  <bind>Comp:1-5-4 Comp:1-4-0 0.46MBps 31.7ms</bind>
  <bind>Comp:1-4-0 Comp:1-5-4 0.46MBps 31.7ms</bind>
  <bind>Comp:1-5-0 Appliance-3 0.174MBps 43.4ms</bind>
  <bind>Appliance-3 Comp:1-5-0 0.174MBps 43.4ms</bind>
  <bind>Comp:1-5-1 Appliance-11 0.174MBps 43.4ms</bind>
  <bind>Appliance-11 Comp:1-5-1 0.174MBps 43.4ms</bind>
  <bind>Comp:1-5-2 Appliance-11 0.174MBps 43.4ms</bind>
  <bind>Appliance-11 Comp:1-5-2 0.174MBps 43.4ms</bind>
  <bind>Comp:1-5-3 Appliance-4 0.174MBps 43.4ms</bind>
  <bind>Appliance-4 Comp:1-5-3 0.174MBps 43.4ms</bind>
  <bind>Comp:1-5-4 Appliance-3 0.174MBps 43.4ms</bind>
  <bind>Appliance-3 Comp:1-5-4 0.174MBps 43.4ms</bind>
</app>
<app>
  <id>App10</id>
<comp>
  <id>Comp:10-1-0</id>
  <CPU>0.764Gf</CPU>
  <RAM>0.316GB</RAM>
  <DISK>0.264GB</DISK>
</comp>
<comp>
  <id>Comp:10-1-1</id>
  <CPU>0.764Gf</CPU>
  <RAM>0.316GB</RAM>
  <DISK>0.264GB</DISK>
</comp>
<comp>
  <id>Comp:10-1-2</id>
  <CPU>0.764Gf</CPU>
  <RAM>0.316GB</RAM>
  <DISK>0.264GB</DISK>
</comp>
<comp>
  <id>Comp:10-1-3</id>
  <CPU>0.764Gf</CPU>
  <RAM>0.316GB</RAM>
  <DISK>0.264GB</DISK>
</comp>
<comp>
  <id>Comp:10-1-4</id>
  <CPU>0.764Gf</CPU>
  <RAM>0.316GB</RAM>
  <DISK>0.264GB</DISK>
</comp>
<comp>
  <id>Comp:10-1-5</id>
  <CPU>0.764Gf</CPU>
  <RAM>0.316GB</RAM>
  <DISK>0.264GB</DISK>
</comp>
<comp>
  <id>Comp:10-1-6</id>
  <CPU>0.764Gf</CPU>
  <RAM>0.316GB</RAM>
  <DISK>0.264GB</DISK>
</comp>
<comp>
  <id>Comp:10-2-0</id>
  <CPU>0.794Gf</CPU>
  <RAM>0.11GB</RAM>
  <DISK>1.56GB</DISK>
</comp>
<comp>
  <id>Comp:10-2-1</id>
  <CPU>0.794Gf</CPU>
  <RAM>0.11GB</RAM>
  <DISK>1.56GB</DISK>
</comp>
<comp>
  <id>Comp:10-2-2</id>
  <CPU>0.794Gf</CPU>
  <RAM>0.11GB</RAM>
  <DISK>1.56GB</DISK>
</comp>
<comp>
  <id>Comp:10-2-3</id>
  <CPU>0.794Gf</CPU>
  <RAM>0.11GB</RAM>
  <DISK>1.56GB</DISK>
</comp>
<comp>
  <id>Comp:10-2-4</id>
  <CPU>0.794Gf</CPU>
  <RAM>0.11GB</RAM>
  <DISK>1.56GB</DISK>
</comp>
<comp>
  <id>Comp:10-2-5</id>
  <CPU>0.794Gf</CPU>
  <RAM>0.11GB</RAM>
  <DISK>1.56GB</DISK>
</comp>
<comp>
  <id>Comp:10-2-6</id>
  <CPU>0.794Gf</CPU>
  <RAM>0.11GB</RAM>
  <DISK>1.56GB</DISK>
</comp>
<comp>
  <id>Comp:10-2-7</id>
  <CPU>0.794Gf</CPU>
  <RAM>0.11GB</RAM>
  <DISK>1.56GB</DISK>
</comp>
<comp>
  <id>Comp:10-2-8</id>
  <CPU>0.794Gf</CPU>
  <RAM>0.11GB</RAM>
  <DISK>1.56GB</DISK>
</comp>
<comp>
  <id>Comp:10-3-0</id>
  <CPU>0.792Gf</CPU>
  <RAM>0.289GB</RAM>
  <DISK>1.1GB</DISK>
</comp>
<comp>
  <id>Comp:10-3-1</id>
  <CPU>0.792Gf</CPU>
  <RAM>0.289GB</RAM>
  <DISK>1.1GB</DISK>
</comp>
<comp>
  <id>Comp:10-3-2</id>
  <CPU>0.792Gf</CPU>
  <RAM>0.289GB</RAM>
  <DISK>1.1GB</DISK>
</comp>
<comp>
  <id>Comp:10-3-3</id>
  <CPU>0.792Gf</CPU>
  <RAM>0.289GB</RAM>
  <DISK>1.1GB</DISK>
</comp>
<comp>
  <id>Comp:10-3-4</id>
  <CPU>0.792Gf</CPU>
  <RAM>0.289GB</RAM>
  <DISK>1.1GB</DISK>
</comp>
<comp>
  <id>Comp:10-3-5</id>
  <CPU>0.792Gf</CPU>
  <RAM>0.289GB</RAM>
  <DISK>1.1GB</DISK>
</comp>
<comp>
  <id>Comp:10-3-6</id>
  <CPU>0.792Gf</CPU>
  <RAM>0.289GB</RAM>
  <DISK>1.1GB</DISK>
</comp>
  <bind>Comp:10-1-0 Appliance-8 0.776MBps 28.0ms</bind>
  <bind>Appliance-8 Comp:10-1-0 0.776MBps 28.0ms</bind>
  <bind>Comp:10-1-1 Appliance-18 0.776MBps 28.0ms</bind>
  <bind>Appliance-18 Comp:10-1-1 0.776MBps 28.0ms</bind>
  <bind>Comp:10-1-2 Appliance-8 0.776MBps 28.0ms</bind>
  <bind>Appliance-8 Comp:10-1-2 0.776MBps 28.0ms</bind>
  <bind>Comp:10-1-3 Appliance-18 0.776MBps 28.0ms</bind>
  <bind>Appliance-18 Comp:10-1-3 0.776MBps 28.0ms</bind>
  <bind>Comp:10-1-4 Appliance-8 0.776MBps 28.0ms</bind>
  <bind>Appliance-8 Comp:10-1-4 0.776MBps 28.0ms</bind>
  <bind>Comp:10-1-5 Appliance-18 0.776MBps 28.0ms</bind>
  <bind>Appliance-18 Comp:10-1-5 0.776MBps 28.0ms</bind>
  <bind>Comp:10-1-6 Appliance-8 0.776MBps 28.0ms</bind>
  <bind>Appliance-8 Comp:10-1-6 0.776MBps 28.0ms</bind>
  <bind>Comp:10-2-0 Comp:10-1-0 0.465MBps 36.6ms</bind>
  <bind>Comp:10-1-0 Comp:10-2-0 0.465MBps 36.6ms</bind>
  <bind>Comp:10-2-1 Comp:10-1-1 0.465MBps 36.6ms</bind>
  <bind>Comp:10-1-1 Comp:10-2-1 0.465MBps 36.6ms</bind>
  <bind>Comp:10-2-2 Comp:10-1-2 0.465MBps 36.6ms</bind>
  <bind>Comp:10-1-2 Comp:10-2-2 0.465MBps 36.6ms</bind>
  <bind>Comp:10-2-3 Comp:10-1-3 0.465MBps 36.6ms</bind>
  <bind>Comp:10-1-3 Comp:10-2-3 0.465MBps 36.6ms</bind>
  <bind>Comp:10-2-4 Comp:10-1-4 0.465MBps 36.6ms</bind>
  <bind>Comp:10-1-4 Comp:10-2-4 0.465MBps 36.6ms</bind>
  <bind>Comp:10-2-5 Comp:10-1-5 0.465MBps 36.6ms</bind>
  <bind>Comp:10-1-5 Comp:10-2-5 0.465MBps 36.6ms</bind>
  <bind>Comp:10-2-6 Comp:10-1-6 0.465MBps 36.6ms</bind>
  <bind>Comp:10-1-6 Comp:10-2-6 0.465MBps 36.6ms</bind>
  <bind>Comp:10-2-7 Comp:10-1-0 0.465MBps 36.6ms</bind>
  <bind>Comp:10-1-0 Comp:10-2-7 0.465MBps 36.6ms</bind>
  <bind>Comp:10-2-8 Comp:10-1-1 0.465MBps 36.6ms</bind>
  <bind>Comp:10-1-1 Comp:10-2-8 0.465MBps 36.6ms</bind>
  <bind>Comp:10-3-0 Comp:10-2-0 0.597MBps 42.8ms</bind>
  <bind>Comp:10-2-0 Comp:10-3-0 0.597MBps 42.8ms</bind>
  <bind>Comp:10-3-1 Comp:10-2-1 0.597MBps 42.8ms</bind>
  <bind>Comp:10-2-1 Comp:10-3-1 0.597MBps 42.8ms</bind>
  <bind>Comp:10-3-2 Comp:10-2-2 0.597MBps 42.8ms</bind>
  <bind>Comp:10-2-2 Comp:10-3-2 0.597MBps 42.8ms</bind>
  <bind>Comp:10-3-3 Comp:10-2-3 0.597MBps 42.8ms</bind>
  <bind>Comp:10-2-3 Comp:10-3-3 0.597MBps 42.8ms</bind>
  <bind>Comp:10-3-4 Comp:10-2-4 0.597MBps 42.8ms</bind>
  <bind>Comp:10-2-4 Comp:10-3-4 0.597MBps 42.8ms</bind>
  <bind>Comp:10-3-5 Comp:10-2-5 0.597MBps 42.8ms</bind>
  <bind>Comp:10-2-5 Comp:10-3-5 0.597MBps 42.8ms</bind>
  <bind>Comp:10-3-6 Comp:10-2-6 0.597MBps 42.8ms</bind>
  <bind>Comp:10-2-6 Comp:10-3-6 0.597MBps 42.8ms</bind>
  <bind>Comp:10-3-0 Comp:10-2-7 0.597MBps 42.8ms</bind>
  <bind>Comp:10-2-7 Comp:10-3-0 0.597MBps 42.8ms</bind>
  <bind>Comp:10-3-1 Comp:10-2-8 0.597MBps 42.8ms</bind>
  <bind>Comp:10-2-8 Comp:10-3-1 0.597MBps 42.8ms</bind>
  <bind>Comp:10-3-0 Appliance-14 0.025MBps 34.3ms</bind>
  <bind>Appliance-14 Comp:10-3-0 0.025MBps 34.3ms</bind>
  <bind>Comp:10-3-1 Appliance-6 0.025MBps 34.3ms</bind>
  <bind>Appliance-6 Comp:10-3-1 0.025MBps 34.3ms</bind>
  <bind>Comp:10-3-2 Appliance-7 0.025MBps 34.3ms</bind>
  <bind>Appliance-7 Comp:10-3-2 0.025MBps 34.3ms</bind>
  <bind>Comp:10-3-3 Appliance-32 0.025MBps 34.3ms</bind>
  <bind>Appliance-32 Comp:10-3-3 0.025MBps 34.3ms</bind>
  <bind>Comp:10-3-4 Appliance-12 0.025MBps 34.3ms</bind>
  <bind>Appliance-12 Comp:10-3-4 0.025MBps 34.3ms</bind>
  <bind>Comp:10-3-5 Appliance-32 0.025MBps 34.3ms</bind>
  <bind>Appliance-32 Comp:10-3-5 0.025MBps 34.3ms</bind>
  <bind>Comp:10-3-6 Appliance-14 0.025MBps 34.3ms</bind>
  <bind>Appliance-14 Comp:10-3-6 0.025MBps 34.3ms</bind>
  <bind>Comp:10-3-0 Appliance-7 0.025MBps 34.3ms</bind>
  <bind>Appliance-7 Comp:10-3-0 0.025MBps 34.3ms</bind>
  <bind>Comp:10-3-1 Appliance-27 0.025MBps 34.3ms</bind>
  <bind>Appliance-27 Comp:10-3-1 0.025MBps 34.3ms</bind>
</app>
</apps>
