<?xml version="1.0"?>
<apps>
<app>
  <id>App1</id>
<comp>
  <id>Comp:1-0-0</id>
  <CPU>0.913Gf</CPU>
  <RAM>0.304GB</RAM>
  <DISK>0.842GB</DISK>
</comp>
<comp>
  <id>Comp:1-0-1</id>
  <CPU>0.913Gf</CPU>
  <RAM>0.304GB</RAM>
  <DISK>0.842GB</DISK>
</comp>
<comp>
  <id>Comp:1-0-2</id>
  <CPU>0.913Gf</CPU>
  <RAM>0.304GB</RAM>
  <DISK>0.842GB</DISK>
</comp>
<comp>
  <id>Comp:1-1-0</id>
  <CPU>0.773Gf</CPU>
  <RAM>0.147GB</RAM>
  <DISK>1.38GB</DISK>
</comp>
<comp>
  <id>Comp:1-1-1</id>
  <CPU>0.773Gf</CPU>
  <RAM>0.147GB</RAM>
  <DISK>1.38GB</DISK>
</comp>
<comp>
  <id>Comp:1-1-2</id>
  <CPU>0.773Gf</CPU>
  <RAM>0.147GB</RAM>
  <DISK>1.38GB</DISK>
</comp>
<comp>
  <id>Comp:1-1-3</id>
  <CPU>0.773Gf</CPU>
  <RAM>0.147GB</RAM>
  <DISK>1.38GB</DISK>
</comp>
<comp>
  <id>Comp:1-1-4</id>
  <CPU>0.773Gf</CPU>
  <RAM>0.147GB</RAM>
  <DISK>1.38GB</DISK>
</comp>
<comp>
  <id>Comp:1-1-5</id>
  <CPU>0.773Gf</CPU>
  <RAM>0.147GB</RAM>
  <DISK>1.38GB</DISK>
</comp>
<comp>
  <id>Comp:1-2-0</id>
  <CPU>0.301Gf</CPU>
  <RAM>0.819GB</RAM>
  <DISK>0.00974GB</DISK>
</comp>
<comp>
  <id>Comp:1-2-1</id>
  <CPU>0.301Gf</CPU>
  <RAM>0.819GB</RAM>
  <DISK>0.00974GB</DISK>
</comp>
  <bind>Comp:1-1-0 Comp:1-0-0 0.0819MBps 47.7ms</bind>
  <bind>Comp:1-0-0 Comp:1-1-0 0.0819MBps 47.7ms</bind>
  <bind>Comp:1-1-1 Comp:1-0-1 0.0819MBps 47.7ms</bind>
  <bind>Comp:1-0-1 Comp:1-1-1 0.0819MBps 47.7ms</bind>
  <bind>Comp:1-1-2 Comp:1-0-2 0.0819MBps 47.7ms</bind>
  <bind>Comp:1-0-2 Comp:1-1-2 0.0819MBps 47.7ms</bind>
  <bind>Comp:1-1-3 Comp:1-0-0 0.0819MBps 47.7ms</bind>
  <bind>Comp:1-0-0 Comp:1-1-3 0.0819MBps 47.7ms</bind>
  <bind>Comp:1-1-4 Comp:1-0-1 0.0819MBps 47.7ms</bind>
  <bind>Comp:1-0-1 Comp:1-1-4 0.0819MBps 47.7ms</bind>
  <bind>Comp:1-1-5 Comp:1-0-2 0.0819MBps 47.7ms</bind>
  <bind>Comp:1-0-2 Comp:1-1-5 0.0819MBps 47.7ms</bind>
  <bind>Comp:1-2-0 Comp:1-1-0 0.884MBps 36.9ms</bind>
  <bind>Comp:1-1-0 Comp:1-2-0 0.884MBps 36.9ms</bind>
  <bind>Comp:1-2-1 Comp:1-1-1 0.884MBps 36.9ms</bind>
  <bind>Comp:1-1-1 Comp:1-2-1 0.884MBps 36.9ms</bind>
  <bind>Comp:1-2-0 Comp:1-1-2 0.884MBps 36.9ms</bind>
  <bind>Comp:1-1-2 Comp:1-2-0 0.884MBps 36.9ms</bind>
  <bind>Comp:1-2-1 Comp:1-1-3 0.884MBps 36.9ms</bind>
  <bind>Comp:1-1-3 Comp:1-2-1 0.884MBps 36.9ms</bind>
  <bind>Comp:1-2-0 Comp:1-1-4 0.884MBps 36.9ms</bind>
  <bind>Comp:1-1-4 Comp:1-2-0 0.884MBps 36.9ms</bind>
  <bind>Comp:1-2-1 Comp:1-1-5 0.884MBps 36.9ms</bind>
  <bind>Comp:1-1-5 Comp:1-2-1 0.884MBps 36.9ms</bind>
  <bind>Comp:1-2-0 Appliance-24 0.225MBps 29.2ms</bind>
  <bind>Appliance-24 Comp:1-2-0 0.225MBps 29.2ms</bind>
  <bind>Comp:1-2-1 Appliance-24 0.225MBps 29.2ms</bind>
  <bind>Appliance-24 Comp:1-2-1 0.225MBps 29.2ms</bind>
  <bind>Comp:1-2-0 Appliance-24 0.225MBps 29.2ms</bind>
  <bind>Appliance-24 Comp:1-2-0 0.225MBps 29.2ms</bind>
</app>
<app>
  <id>App11</id>
<comp>
  <id>Comp:11-1-0</id>
  <CPU>0.831Gf</CPU>
  <RAM>0.399GB</RAM>
  <DISK>1.11GB</DISK>
</comp>
<comp>
  <id>Comp:11-2-0</id>
  <CPU>0.57Gf</CPU>
  <RAM>0.929GB</RAM>
  <DISK>1.11GB</DISK>
</comp>
<comp>
  <id>Comp:11-2-1</id>
  <CPU>0.57Gf</CPU>
  <RAM>0.929GB</RAM>
  <DISK>1.11GB</DISK>
</comp>
  <bind>Comp:11-1-0 Appliance-25 0.672MBps 40.5ms</bind>
  <bind>Appliance-25 Comp:11-1-0 0.672MBps 40.5ms</bind>
  <bind>Comp:11-1-0 Appliance-29 0.672MBps 40.5ms</bind>
  <bind>Appliance-29 Comp:11-1-0 0.672MBps 40.5ms</bind>
  <bind>Comp:11-2-0 Comp:11-1-0 0.637MBps 25.2ms</bind>
  <bind>Comp:11-1-0 Comp:11-2-0 0.637MBps 25.2ms</bind>
  <bind>Comp:11-2-1 Comp:11-1-0 0.637MBps 25.2ms</bind>
  <bind>Comp:11-1-0 Comp:11-2-1 0.637MBps 25.2ms</bind>
  <bind>Comp:11-2-0 Appliance-0 0.68MBps 44.3ms</bind>
  <bind>Appliance-0 Comp:11-2-0 0.68MBps 44.3ms</bind>
  <bind>Comp:11-2-1 Appliance-0 0.68MBps 44.3ms</bind>
  <bind>Appliance-0 Comp:11-2-1 0.68MBps 44.3ms</bind>
  <bind>Comp:11-2-0 Appliance-24 0.68MBps 44.3ms</bind>
  <bind>Appliance-24 Comp:11-2-0 0.68MBps 44.3ms</bind>
  <bind>Comp:11-2-1 Appliance-30 0.68MBps 44.3ms</bind>
  <bind>Appliance-30 Comp:11-2-1 0.68MBps 44.3ms</bind>
  <bind>Comp:11-2-0 Appliance-0 0.68MBps 44.3ms</bind>
  <bind>Appliance-0 Comp:11-2-0 0.68MBps 44.3ms</bind>
  <bind>Comp:11-2-1 Appliance-24 0.68MBps 44.3ms</bind>
  <bind>Appliance-24 Comp:11-2-1 0.68MBps 44.3ms</bind>
  <bind>Comp:11-2-0 Appliance-9 0.68MBps 44.3ms</bind>
  <bind>Appliance-9 Comp:11-2-0 0.68MBps 44.3ms</bind>
</app>
</apps>
