<?xml version="1.0"?>
<apps>
<app>
  <id>App1</id>
<comp>
  <id>Comp:1-0-0</id>
  <CPU>0.913Gf</CPU>
  <RAM>0.304GB</RAM>
  <DISK>0.842GB</DISK>
</comp>
<comp>
  <id>Comp:1-0-1</id>
  <CPU>0.913Gf</CPU>
  <RAM>0.304GB</RAM>
  <DISK>0.842GB</DISK>
</comp>
<comp>
  <id>Comp:1-0-2</id>
  <CPU>0.913Gf</CPU>
  <RAM>0.304GB</RAM>
  <DISK>0.842GB</DISK>
</comp>
<comp>
  <id>Comp:1-1-0</id>
  <CPU>0.773Gf</CPU>
  <RAM>0.147GB</RAM>
  <DISK>1.38GB</DISK>
</comp>
<comp>
  <id>Comp:1-1-1</id>
  <CPU>0.773Gf</CPU>
  <RAM>0.147GB</RAM>
  <DISK>1.38GB</DISK>
</comp>
<comp>
  <id>Comp:1-1-2</id>
  <CPU>0.773Gf</CPU>
  <RAM>0.147GB</RAM>
  <DISK>1.38GB</DISK>
</comp>
<comp>
  <id>Comp:1-1-3</id>
  <CPU>0.773Gf</CPU>
  <RAM>0.147GB</RAM>
  <DISK>1.38GB</DISK>
</comp>
<comp>
  <id>Comp:1-1-4</id>
  <CPU>0.773Gf</CPU>
  <RAM>0.147GB</RAM>
  <DISK>1.38GB</DISK>
</comp>
<comp>
  <id>Comp:1-1-5</id>
  <CPU>0.773Gf</CPU>
  <RAM>0.147GB</RAM>
  <DISK>1.38GB</DISK>
</comp>
<comp>
  <id>Comp:1-2-0</id>
  <CPU>0.301Gf</CPU>
  <RAM>0.819GB</RAM>
  <DISK>0.00974GB</DISK>
</comp>
<comp>
  <id>Comp:1-2-1</id>
  <CPU>0.301Gf</CPU>
  <RAM>0.819GB</RAM>
  <DISK>0.00974GB</DISK>
</comp>
  <bind>Comp:1-1-0 Comp:1-0-0 0.0819MBps 47.7ms</bind>
  <bind>Comp:1-0-0 Comp:1-1-0 0.0819MBps 47.7ms</bind>
  <bind>Comp:1-1-1 Comp:1-0-1 0.0819MBps 47.7ms</bind>
  <bind>Comp:1-0-1 Comp:1-1-1 0.0819MBps 47.7ms</bind>
  <bind>Comp:1-1-2 Comp:1-0-2 0.0819MBps 47.7ms</bind>
  <bind>Comp:1-0-2 Comp:1-1-2 0.0819MBps 47.7ms</bind>
  <bind>Comp:1-1-3 Comp:1-0-0 0.0819MBps 47.7ms</bind>
  <bind>Comp:1-0-0 Comp:1-1-3 0.0819MBps 47.7ms</bind>
  <bind>Comp:1-1-4 Comp:1-0-1 0.0819MBps 47.7ms</bind>
  <bind>Comp:1-0-1 Comp:1-1-4 0.0819MBps 47.7ms</bind>
  <bind>Comp:1-1-5 Comp:1-0-2 0.0819MBps 47.7ms</bind>
  <bind>Comp:1-0-2 Comp:1-1-5 0.0819MBps 47.7ms</bind>
  <bind>Comp:1-2-0 Comp:1-1-0 0.884MBps 36.9ms</bind>
  <bind>Comp:1-1-0 Comp:1-2-0 0.884MBps 36.9ms</bind>
  <bind>Comp:1-2-1 Comp:1-1-1 0.884MBps 36.9ms</bind>
  <bind>Comp:1-1-1 Comp:1-2-1 0.884MBps 36.9ms</bind>
  <bind>Comp:1-2-0 Comp:1-1-2 0.884MBps 36.9ms</bind>
  <bind>Comp:1-1-2 Comp:1-2-0 0.884MBps 36.9ms</bind>
  <bind>Comp:1-2-1 Comp:1-1-3 0.884MBps 36.9ms</bind>
  <bind>Comp:1-1-3 Comp:1-2-1 0.884MBps 36.9ms</bind>
  <bind>Comp:1-2-0 Comp:1-1-4 0.884MBps 36.9ms</bind>
  <bind>Comp:1-1-4 Comp:1-2-0 0.884MBps 36.9ms</bind>
  <bind>Comp:1-2-1 Comp:1-1-5 0.884MBps 36.9ms</bind>
  <bind>Comp:1-1-5 Comp:1-2-1 0.884MBps 36.9ms</bind>
  <bind>Comp:1-2-0 Appliance-24 0.225MBps 29.2ms</bind>
  <bind>Appliance-24 Comp:1-2-0 0.225MBps 29.2ms</bind>
  <bind>Comp:1-2-1 Appliance-24 0.225MBps 29.2ms</bind>
  <bind>Appliance-24 Comp:1-2-1 0.225MBps 29.2ms</bind>
  <bind>Comp:1-2-0 Appliance-24 0.225MBps 29.2ms</bind>
  <bind>Appliance-24 Comp:1-2-0 0.225MBps 29.2ms</bind>
</app>
<app>
  <id>App11</id>
<comp>
  <id>Comp:11-1-0</id>
  <CPU>0.831Gf</CPU>
  <RAM>0.399GB</RAM>
  <DISK>1.11GB</DISK>
</comp>
<comp>
  <id>Comp:11-2-0</id>
  <CPU>0.57Gf</CPU>
  <RAM>0.929GB</RAM>
  <DISK>1.11GB</DISK>
</comp>
<comp>
  <id>Comp:11-2-1</id>
  <CPU>0.57Gf</CPU>
  <RAM>0.929GB</RAM>
  <DISK>1.11GB</DISK>
</comp>
  <bind>Comp:11-1-0 Appliance-25 0.672MBps 40.5ms</bind>
  <bind>Appliance-25 Comp:11-1-0 0.672MBps 40.5ms</bind>
  <bind>Comp:11-1-0 Appliance-29 0.672MBps 40.5ms</bind>
  <bind>Appliance-29 Comp:11-1-0 0.672MBps 40.5ms</bind>
  <bind>Comp:11-2-0 Comp:11-1-0 0.637MBps 25.2ms</bind>
  <bind>Comp:11-1-0 Comp:11-2-0 0.637MBps 25.2ms</bind>
  <bind>Comp:11-2-1 Comp:11-1-0 0.637MBps 25.2ms</bind>
  <bind>Comp:11-1-0 Comp:11-2-1 0.637MBps 25.2ms</bind>
  <bind>Comp:11-2-0 Appliance-0 0.68MBps 44.3ms</bind>
  <bind>Appliance-0 Comp:11-2-0 0.68MBps 44.3ms</bind>
  <bind>Comp:11-2-1 Appliance-0 0.68MBps 44.3ms</bind>
  <bind>Appliance-0 Comp:11-2-1 0.68MBps 44.3ms</bind>
  <bind>Comp:11-2-0 Appliance-24 0.68MBps 44.3ms</bind>
  <bind>Appliance-24 Comp:11-2-0 0.68MBps 44.3ms</bind>
  <bind>Comp:11-2-1 Appliance-30 0.68MBps 44.3ms</bind>
  <bind>Appliance-30 Comp:11-2-1 0.68MBps 44.3ms</bind>
  <bind>Comp:11-2-0 Appliance-0 0.68MBps 44.3ms</bind>
  <bind>Appliance-0 Comp:11-2-0 0.68MBps 44.3ms</bind>
  <bind>Comp:11-2-1 Appliance-24 0.68MBps 44.3ms</bind>
  <bind>Appliance-24 Comp:11-2-1 0.68MBps 44.3ms</bind>
  <bind>Comp:11-2-0 Appliance-9 0.68MBps 44.3ms</bind>
  <bind>Appliance-9 Comp:11-2-0 0.68MBps 44.3ms</bind>
</app>
<app>
  <id>App12</id>
<comp>
  <id>Comp:12-0-0</id>
  <CPU>0.288Gf</CPU>
  <RAM>0.408GB</RAM>
  <DISK>0.115GB</DISK>
</comp>
<comp>
  <id>Comp:12-0-1</id>
  <CPU>0.288Gf</CPU>
  <RAM>0.408GB</RAM>
  <DISK>0.115GB</DISK>
</comp>
<comp>
  <id>Comp:12-0-2</id>
  <CPU>0.288Gf</CPU>
  <RAM>0.408GB</RAM>
  <DISK>0.115GB</DISK>
</comp>
<comp>
  <id>Comp:12-0-3</id>
  <CPU>0.288Gf</CPU>
  <RAM>0.408GB</RAM>
  <DISK>0.115GB</DISK>
</comp>
<comp>
  <id>Comp:12-0-4</id>
  <CPU>0.288Gf</CPU>
  <RAM>0.408GB</RAM>
  <DISK>0.115GB</DISK>
</comp>
<comp>
  <id>Comp:12-0-5</id>
  <CPU>0.288Gf</CPU>
  <RAM>0.408GB</RAM>
  <DISK>0.115GB</DISK>
</comp>
<comp>
  <id>Comp:12-0-6</id>
  <CPU>0.288Gf</CPU>
  <RAM>0.408GB</RAM>
  <DISK>0.115GB</DISK>
</comp>
<comp>
  <id>Comp:12-0-7</id>
  <CPU>0.288Gf</CPU>
  <RAM>0.408GB</RAM>
  <DISK>0.115GB</DISK>
</comp>
<comp>
  <id>Comp:12-1-0</id>
  <CPU>0.341Gf</CPU>
  <RAM>0.256GB</RAM>
  <DISK>0.762GB</DISK>
</comp>
<comp>
  <id>Comp:12-1-1</id>
  <CPU>0.341Gf</CPU>
  <RAM>0.256GB</RAM>
  <DISK>0.762GB</DISK>
</comp>
<comp>
  <id>Comp:12-1-2</id>
  <CPU>0.341Gf</CPU>
  <RAM>0.256GB</RAM>
  <DISK>0.762GB</DISK>
</comp>
<comp>
  <id>Comp:12-1-3</id>
  <CPU>0.341Gf</CPU>
  <RAM>0.256GB</RAM>
  <DISK>0.762GB</DISK>
</comp>
<comp>
  <id>Comp:12-1-4</id>
  <CPU>0.341Gf</CPU>
  <RAM>0.256GB</RAM>
  <DISK>0.762GB</DISK>
</comp>
<comp>
  <id>Comp:12-1-5</id>
  <CPU>0.341Gf</CPU>
  <RAM>0.256GB</RAM>
  <DISK>0.762GB</DISK>
</comp>
<comp>
  <id>Comp:12-1-6</id>
  <CPU>0.341Gf</CPU>
  <RAM>0.256GB</RAM>
  <DISK>0.762GB</DISK>
</comp>
<comp>
  <id>Comp:12-2-0</id>
  <CPU>0.975Gf</CPU>
  <RAM>0.283GB</RAM>
  <DISK>0.797GB</DISK>
</comp>
<comp>
  <id>Comp:12-3-0</id>
  <CPU>0.11Gf</CPU>
  <RAM>0.761GB</RAM>
  <DISK>0.232GB</DISK>
</comp>
<comp>
  <id>Comp:12-3-1</id>
  <CPU>0.11Gf</CPU>
  <RAM>0.761GB</RAM>
  <DISK>0.232GB</DISK>
</comp>
<comp>
  <id>Comp:12-3-2</id>
  <CPU>0.11Gf</CPU>
  <RAM>0.761GB</RAM>
  <DISK>0.232GB</DISK>
</comp>
<comp>
  <id>Comp:12-3-3</id>
  <CPU>0.11Gf</CPU>
  <RAM>0.761GB</RAM>
  <DISK>0.232GB</DISK>
</comp>
<comp>
  <id>Comp:12-3-4</id>
  <CPU>0.11Gf</CPU>
  <RAM>0.761GB</RAM>
  <DISK>0.232GB</DISK>
</comp>
<comp>
  <id>Comp:12-3-5</id>
  <CPU>0.11Gf</CPU>
  <RAM>0.761GB</RAM>
  <DISK>0.232GB</DISK>
</comp>
<comp>
  <id>Comp:12-3-6</id>
  <CPU>0.11Gf</CPU>
  <RAM>0.761GB</RAM>
  <DISK>0.232GB</DISK>
</comp>
<comp>
  <id>Comp:12-3-7</id>
  <CPU>0.11Gf</CPU>
  <RAM>0.761GB</RAM>
  <DISK>0.232GB</DISK>
</comp>
<comp>
  <id>Comp:12-3-8</id>
  <CPU>0.11Gf</CPU>
  <RAM>0.761GB</RAM>
  <DISK>0.232GB</DISK>
</comp>
  <bind>Comp:12-1-0 Comp:12-0-0 0.484MBps 33.3ms</bind>
  <bind>Comp:12-0-0 Comp:12-1-0 0.484MBps 33.3ms</bind>
  <bind>Comp:12-1-1 Comp:12-0-1 0.484MBps 33.3ms</bind>
  <bind>Comp:12-0-1 Comp:12-1-1 0.484MBps 33.3ms</bind>
  <bind>Comp:12-1-2 Comp:12-0-2 0.484MBps 33.3ms</bind>
  <bind>Comp:12-0-2 Comp:12-1-2 0.484MBps 33.3ms</bind>
  <bind>Comp:12-1-3 Comp:12-0-3 0.484MBps 33.3ms</bind>
  <bind>Comp:12-0-3 Comp:12-1-3 0.484MBps 33.3ms</bind>
  <bind>Comp:12-1-4 Comp:12-0-4 0.484MBps 33.3ms</bind>
  <bind>Comp:12-0-4 Comp:12-1-4 0.484MBps 33.3ms</bind>
  <bind>Comp:12-1-5 Comp:12-0-5 0.484MBps 33.3ms</bind>
  <bind>Comp:12-0-5 Comp:12-1-5 0.484MBps 33.3ms</bind>
  <bind>Comp:12-1-6 Comp:12-0-6 0.484MBps 33.3ms</bind>
  <bind>Comp:12-0-6 Comp:12-1-6 0.484MBps 33.3ms</bind>
  <bind>Comp:12-1-0 Comp:12-0-7 0.484MBps 33.3ms</bind>
  <bind>Comp:12-0-7 Comp:12-1-0 0.484MBps 33.3ms</bind>
  <bind>Comp:12-2-0 Comp:12-1-0 0.958MBps 31.2ms</bind>
  <bind>Comp:12-1-0 Comp:12-2-0 0.958MBps 31.2ms</bind>
  <bind>Comp:12-2-0 Comp:12-1-1 0.958MBps 31.2ms</bind>
  <bind>Comp:12-1-1 Comp:12-2-0 0.958MBps 31.2ms</bind>
  <bind>Comp:12-2-0 Comp:12-1-2 0.958MBps 31.2ms</bind>
  <bind>Comp:12-1-2 Comp:12-2-0 0.958MBps 31.2ms</bind>
  <bind>Comp:12-2-0 Comp:12-1-3 0.958MBps 31.2ms</bind>
  <bind>Comp:12-1-3 Comp:12-2-0 0.958MBps 31.2ms</bind>
  <bind>Comp:12-2-0 Comp:12-1-4 0.958MBps 31.2ms</bind>
  <bind>Comp:12-1-4 Comp:12-2-0 0.958MBps 31.2ms</bind>
  <bind>Comp:12-2-0 Comp:12-1-5 0.958MBps 31.2ms</bind>
  <bind>Comp:12-1-5 Comp:12-2-0 0.958MBps 31.2ms</bind>
  <bind>Comp:12-2-0 Comp:12-1-6 0.958MBps 31.2ms</bind>
  <bind>Comp:12-1-6 Comp:12-2-0 0.958MBps 31.2ms</bind>
  <bind>Comp:12-3-0 Comp:12-2-0 0.887MBps 27.7ms</bind>
  <bind>Comp:12-2-0 Comp:12-3-0 0.887MBps 27.7ms</bind>
  <bind>Comp:12-3-1 Comp:12-2-0 0.887MBps 27.7ms</bind>
  <bind>Comp:12-2-0 Comp:12-3-1 0.887MBps 27.7ms</bind>
  <bind>Comp:12-3-2 Comp:12-2-0 0.887MBps 27.7ms</bind>
  <bind>Comp:12-2-0 Comp:12-3-2 0.887MBps 27.7ms</bind>
  <bind>Comp:12-3-3 Comp:12-2-0 0.887MBps 27.7ms</bind>
  <bind>Comp:12-2-0 Comp:12-3-3 0.887MBps 27.7ms</bind>
  <bind>Comp:12-3-4 Comp:12-2-0 0.887MBps 27.7ms</bind>
  <bind>Comp:12-2-0 Comp:12-3-4 0.887MBps 27.7ms</bind>
  <bind>Comp:12-3-5 Comp:12-2-0 0.887MBps 27.7ms</bind>
  <bind>Comp:12-2-0 Comp:12-3-5 0.887MBps 27.7ms</bind>
  <bind>Comp:12-3-6 Comp:12-2-0 0.887MBps 27.7ms</bind>
  <bind>Comp:12-2-0 Comp:12-3-6 0.887MBps 27.7ms</bind>
  <bind>Comp:12-3-7 Comp:12-2-0 0.887MBps 27.7ms</bind>
  <bind>Comp:12-2-0 Comp:12-3-7 0.887MBps 27.7ms</bind>
  <bind>Comp:12-3-8 Comp:12-2-0 0.887MBps 27.7ms</bind>
  <bind>Comp:12-2-0 Comp:12-3-8 0.887MBps 27.7ms</bind>
  <bind>Comp:12-3-0 Appliance-30 0.3MBps 46.4ms</bind>
  <bind>Appliance-30 Comp:12-3-0 0.3MBps 46.4ms</bind>
  <bind>Comp:12-3-1 Appliance-14 0.3MBps 46.4ms</bind>
  <bind>Appliance-14 Comp:12-3-1 0.3MBps 46.4ms</bind>
  <bind>Comp:12-3-2 Appliance-25 0.3MBps 46.4ms</bind>
  <bind>Appliance-25 Comp:12-3-2 0.3MBps 46.4ms</bind>
  <bind>Comp:12-3-3 Appliance-25 0.3MBps 46.4ms</bind>
  <bind>Appliance-25 Comp:12-3-3 0.3MBps 46.4ms</bind>
  <bind>Comp:12-3-4 Appliance-30 0.3MBps 46.4ms</bind>
  <bind>Appliance-30 Comp:12-3-4 0.3MBps 46.4ms</bind>
  <bind>Comp:12-3-5 Appliance-14 0.3MBps 46.4ms</bind>
  <bind>Appliance-14 Comp:12-3-5 0.3MBps 46.4ms</bind>
  <bind>Comp:12-3-6 Appliance-25 0.3MBps 46.4ms</bind>
  <bind>Appliance-25 Comp:12-3-6 0.3MBps 46.4ms</bind>
  <bind>Comp:12-3-7 Appliance-25 0.3MBps 46.4ms</bind>
  <bind>Appliance-25 Comp:12-3-7 0.3MBps 46.4ms</bind>
  <bind>Comp:12-3-8 Appliance-30 0.3MBps 46.4ms</bind>
  <bind>Appliance-30 Comp:12-3-8 0.3MBps 46.4ms</bind>
</app>
<app>
  <id>App16</id>
<comp>
  <id>Comp:16-0-0</id>
  <CPU>0.676Gf</CPU>
  <RAM>0.558GB</RAM>
  <DISK>1.85GB</DISK>
</comp>
<comp>
  <id>Comp:16-0-1</id>
  <CPU>0.676Gf</CPU>
  <RAM>0.558GB</RAM>
  <DISK>1.85GB</DISK>
</comp>
<comp>
  <id>Comp:16-1-0</id>
  <CPU>0.519Gf</CPU>
  <RAM>0.679GB</RAM>
  <DISK>1.22GB</DISK>
</comp>
<comp>
  <id>Comp:16-1-1</id>
  <CPU>0.519Gf</CPU>
  <RAM>0.679GB</RAM>
  <DISK>1.22GB</DISK>
</comp>
<comp>
  <id>Comp:16-1-2</id>
  <CPU>0.519Gf</CPU>
  <RAM>0.679GB</RAM>
  <DISK>1.22GB</DISK>
</comp>
<comp>
  <id>Comp:16-1-3</id>
  <CPU>0.519Gf</CPU>
  <RAM>0.679GB</RAM>
  <DISK>1.22GB</DISK>
</comp>
<comp>
  <id>Comp:16-2-0</id>
  <CPU>0.852Gf</CPU>
  <RAM>0.444GB</RAM>
  <DISK>1.72GB</DISK>
</comp>
<comp>
  <id>Comp:16-3-0</id>
  <CPU>0.352Gf</CPU>
  <RAM>0.207GB</RAM>
  <DISK>0.907GB</DISK>
</comp>
<comp>
  <id>Comp:16-3-1</id>
  <CPU>0.352Gf</CPU>
  <RAM>0.207GB</RAM>
  <DISK>0.907GB</DISK>
</comp>
<comp>
  <id>Comp:16-3-2</id>
  <CPU>0.352Gf</CPU>
  <RAM>0.207GB</RAM>
  <DISK>0.907GB</DISK>
</comp>
<comp>
  <id>Comp:16-3-3</id>
  <CPU>0.352Gf</CPU>
  <RAM>0.207GB</RAM>
  <DISK>0.907GB</DISK>
</comp>
<comp>
  <id>Comp:16-3-4</id>
  <CPU>0.352Gf</CPU>
  <RAM>0.207GB</RAM>
  <DISK>0.907GB</DISK>
</comp>
<comp>
  <id>Comp:16-3-5</id>
  <CPU>0.352Gf</CPU>
  <RAM>0.207GB</RAM>
  <DISK>0.907GB</DISK>
</comp>
<comp>
  <id>Comp:16-3-6</id>
  <CPU>0.352Gf</CPU>
  <RAM>0.207GB</RAM>
  <DISK>0.907GB</DISK>
</comp>
<comp>
  <id>Comp:16-3-7</id>
  <CPU>0.352Gf</CPU>
  <RAM>0.207GB</RAM>
  <DISK>0.907GB</DISK>
</comp>
<comp>
  <id>Comp:16-4-0</id>
  <CPU>0.127Gf</CPU>
  <RAM>0.774GB</RAM>
  <DISK>0.676GB</DISK>
</comp>
<comp>
  <id>Comp:16-4-1</id>
  <CPU>0.127Gf</CPU>
  <RAM>0.774GB</RAM>
  <DISK>0.676GB</DISK>
</comp>
<comp>
  <id>Comp:16-4-2</id>
  <CPU>0.127Gf</CPU>
  <RAM>0.774GB</RAM>
  <DISK>0.676GB</DISK>
</comp>
<comp>
  <id>Comp:16-4-3</id>
  <CPU>0.127Gf</CPU>
  <RAM>0.774GB</RAM>
  <DISK>0.676GB</DISK>
</comp>
<comp>
  <id>Comp:16-4-4</id>
  <CPU>0.127Gf</CPU>
  <RAM>0.774GB</RAM>
  <DISK>0.676GB</DISK>
</comp>
<comp>
  <id>Comp:16-4-5</id>
  <CPU>0.127Gf</CPU>
  <RAM>0.774GB</RAM>
  <DISK>0.676GB</DISK>
</comp>
<comp>
  <id>Comp:16-4-6</id>
  <CPU>0.127Gf</CPU>
  <RAM>0.774GB</RAM>
  <DISK>0.676GB</DISK>
</comp>
<comp>
  <id>Comp:16-4-7</id>
  <CPU>0.127Gf</CPU>
  <RAM>0.774GB</RAM>
  <DISK>0.676GB</DISK>
</comp>
<comp>
  <id>Comp:16-4-8</id>
  <CPU>0.127Gf</CPU>
  <RAM>0.774GB</RAM>
  <DISK>0.676GB</DISK>
</comp>
<comp>
  <id>Comp:16-4-9</id>
  <CPU>0.127Gf</CPU>
  <RAM>0.774GB</RAM>
  <DISK>0.676GB</DISK>
</comp>
<comp>
  <id>Comp:16-5-0</id>
  <CPU>0.119Gf</CPU>
  <RAM>0.329GB</RAM>
  <DISK>1.76GB</DISK>
</comp>
  <bind>Comp:16-1-0 Comp:16-0-0 0.0728MBps 44.8ms</bind>
  <bind>Comp:16-0-0 Comp:16-1-0 0.0728MBps 44.8ms</bind>
  <bind>Comp:16-1-1 Comp:16-0-1 0.0728MBps 44.8ms</bind>
  <bind>Comp:16-0-1 Comp:16-1-1 0.0728MBps 44.8ms</bind>
  <bind>Comp:16-1-2 Comp:16-0-0 0.0728MBps 44.8ms</bind>
  <bind>Comp:16-0-0 Comp:16-1-2 0.0728MBps 44.8ms</bind>
  <bind>Comp:16-1-3 Comp:16-0-1 0.0728MBps 44.8ms</bind>
  <bind>Comp:16-0-1 Comp:16-1-3 0.0728MBps 44.8ms</bind>
  <bind>Comp:16-2-0 Comp:16-1-0 0.627MBps 37.3ms</bind>
  <bind>Comp:16-1-0 Comp:16-2-0 0.627MBps 37.3ms</bind>
  <bind>Comp:16-2-0 Comp:16-1-1 0.627MBps 37.3ms</bind>
  <bind>Comp:16-1-1 Comp:16-2-0 0.627MBps 37.3ms</bind>
  <bind>Comp:16-2-0 Comp:16-1-2 0.627MBps 37.3ms</bind>
  <bind>Comp:16-1-2 Comp:16-2-0 0.627MBps 37.3ms</bind>
  <bind>Comp:16-2-0 Comp:16-1-3 0.627MBps 37.3ms</bind>
  <bind>Comp:16-1-3 Comp:16-2-0 0.627MBps 37.3ms</bind>
  <bind>Comp:16-3-0 Comp:16-2-0 0.872MBps 49.2ms</bind>
  <bind>Comp:16-2-0 Comp:16-3-0 0.872MBps 49.2ms</bind>
  <bind>Comp:16-3-1 Comp:16-2-0 0.872MBps 49.2ms</bind>
  <bind>Comp:16-2-0 Comp:16-3-1 0.872MBps 49.2ms</bind>
  <bind>Comp:16-3-2 Comp:16-2-0 0.872MBps 49.2ms</bind>
  <bind>Comp:16-2-0 Comp:16-3-2 0.872MBps 49.2ms</bind>
  <bind>Comp:16-3-3 Comp:16-2-0 0.872MBps 49.2ms</bind>
  <bind>Comp:16-2-0 Comp:16-3-3 0.872MBps 49.2ms</bind>
  <bind>Comp:16-3-4 Comp:16-2-0 0.872MBps 49.2ms</bind>
  <bind>Comp:16-2-0 Comp:16-3-4 0.872MBps 49.2ms</bind>
  <bind>Comp:16-3-5 Comp:16-2-0 0.872MBps 49.2ms</bind>
  <bind>Comp:16-2-0 Comp:16-3-5 0.872MBps 49.2ms</bind>
  <bind>Comp:16-3-6 Comp:16-2-0 0.872MBps 49.2ms</bind>
  <bind>Comp:16-2-0 Comp:16-3-6 0.872MBps 49.2ms</bind>
  <bind>Comp:16-3-7 Comp:16-2-0 0.872MBps 49.2ms</bind>
  <bind>Comp:16-2-0 Comp:16-3-7 0.872MBps 49.2ms</bind>
  <bind>Comp:16-4-0 Comp:16-3-0 0.0421MBps 42.3ms</bind>
  <bind>Comp:16-3-0 Comp:16-4-0 0.0421MBps 42.3ms</bind>
  <bind>Comp:16-4-1 Comp:16-3-1 0.0421MBps 42.3ms</bind>
  <bind>Comp:16-3-1 Comp:16-4-1 0.0421MBps 42.3ms</bind>
  <bind>Comp:16-4-2 Comp:16-3-2 0.0421MBps 42.3ms</bind>
  <bind>Comp:16-3-2 Comp:16-4-2 0.0421MBps 42.3ms</bind>
  <bind>Comp:16-4-3 Comp:16-3-3 0.0421MBps 42.3ms</bind>
  <bind>Comp:16-3-3 Comp:16-4-3 0.0421MBps 42.3ms</bind>
  <bind>Comp:16-4-4 Comp:16-3-4 0.0421MBps 42.3ms</bind>
  <bind>Comp:16-3-4 Comp:16-4-4 0.0421MBps 42.3ms</bind>
  <bind>Comp:16-4-5 Comp:16-3-5 0.0421MBps 42.3ms</bind>
  <bind>Comp:16-3-5 Comp:16-4-5 0.0421MBps 42.3ms</bind>
  <bind>Comp:16-4-6 Comp:16-3-6 0.0421MBps 42.3ms</bind>
  <bind>Comp:16-3-6 Comp:16-4-6 0.0421MBps 42.3ms</bind>
  <bind>Comp:16-4-7 Comp:16-3-7 0.0421MBps 42.3ms</bind>
  <bind>Comp:16-3-7 Comp:16-4-7 0.0421MBps 42.3ms</bind>
  <bind>Comp:16-4-8 Comp:16-3-0 0.0421MBps 42.3ms</bind>
  <bind>Comp:16-3-0 Comp:16-4-8 0.0421MBps 42.3ms</bind>
  <bind>Comp:16-4-9 Comp:16-3-1 0.0421MBps 42.3ms</bind>
  <bind>Comp:16-3-1 Comp:16-4-9 0.0421MBps 42.3ms</bind>
  <bind>Comp:16-5-0 Comp:16-4-0 0.408MBps 31.7ms</bind>
  <bind>Comp:16-4-0 Comp:16-5-0 0.408MBps 31.7ms</bind>
  <bind>Comp:16-5-0 Comp:16-4-1 0.408MBps 31.7ms</bind>
  <bind>Comp:16-4-1 Comp:16-5-0 0.408MBps 31.7ms</bind>
  <bind>Comp:16-5-0 Comp:16-4-2 0.408MBps 31.7ms</bind>
  <bind>Comp:16-4-2 Comp:16-5-0 0.408MBps 31.7ms</bind>
  <bind>Comp:16-5-0 Comp:16-4-3 0.408MBps 31.7ms</bind>
  <bind>Comp:16-4-3 Comp:16-5-0 0.408MBps 31.7ms</bind>
  <bind>Comp:16-5-0 Comp:16-4-4 0.408MBps 31.7ms</bind>
  <bind>Comp:16-4-4 Comp:16-5-0 0.408MBps 31.7ms</bind>
  <bind>Comp:16-5-0 Comp:16-4-5 0.408MBps 31.7ms</bind>
  <bind>Comp:16-4-5 Comp:16-5-0 0.408MBps 31.7ms</bind>
  <bind>Comp:16-5-0 Comp:16-4-6 0.408MBps 31.7ms</bind>
  <bind>Comp:16-4-6 Comp:16-5-0 0.408MBps 31.7ms</bind>
  <bind>Comp:16-5-0 Comp:16-4-7 0.408MBps 31.7ms</bind>
  <bind>Comp:16-4-7 Comp:16-5-0 0.408MBps 31.7ms</bind>
  <bind>Comp:16-5-0 Comp:16-4-8 0.408MBps 31.7ms</bind>
  <bind>Comp:16-4-8 Comp:16-5-0 0.408MBps 31.7ms</bind>
  <bind>Comp:16-5-0 Comp:16-4-9 0.408MBps 31.7ms</bind>
  <bind>Comp:16-4-9 Comp:16-5-0 0.408MBps 31.7ms</bind>
  <bind>Comp:16-5-0 Appliance-26 0.806MBps 33.8ms</bind>
  <bind>Appliance-26 Comp:16-5-0 0.806MBps 33.8ms</bind>
  <bind>Comp:16-5-0 Appliance-28 0.806MBps 33.8ms</bind>
  <bind>Appliance-28 Comp:16-5-0 0.806MBps 33.8ms</bind>
  <bind>Comp:16-5-0 Appliance-3 0.806MBps 33.8ms</bind>
  <bind>Appliance-3 Comp:16-5-0 0.806MBps 33.8ms</bind>
  <bind>Comp:16-5-0 Appliance-39 0.806MBps 33.8ms</bind>
  <bind>Appliance-39 Comp:16-5-0 0.806MBps 33.8ms</bind>
  <bind>Comp:16-5-0 Appliance-31 0.806MBps 33.8ms</bind>
  <bind>Appliance-31 Comp:16-5-0 0.806MBps 33.8ms</bind>
  <bind>Comp:16-5-0 Appliance-8 0.806MBps 33.8ms</bind>
  <bind>Appliance-8 Comp:16-5-0 0.806MBps 33.8ms</bind>
  <bind>Comp:16-5-0 Appliance-16 0.806MBps 33.8ms</bind>
  <bind>Appliance-16 Comp:16-5-0 0.806MBps 33.8ms</bind>
  <bind>Comp:16-5-0 Appliance-26 0.806MBps 33.8ms</bind>
  <bind>Appliance-26 Comp:16-5-0 0.806MBps 33.8ms</bind>
  <bind>Comp:16-5-0 Appliance-31 0.806MBps 33.8ms</bind>
  <bind>Appliance-31 Comp:16-5-0 0.806MBps 33.8ms</bind>
  <bind>Comp:16-5-0 Appliance-33 0.806MBps 33.8ms</bind>
  <bind>Appliance-33 Comp:16-5-0 0.806MBps 33.8ms</bind>
</app>
<app>
  <id>App17</id>
<comp>
  <id>Comp:17-0-0</id>
  <CPU>0.685Gf</CPU>
  <RAM>0.911GB</RAM>
  <DISK>0.419GB</DISK>
</comp>
<comp>
  <id>Comp:17-1-0</id>
  <CPU>0.305Gf</CPU>
  <RAM>0.489GB</RAM>
  <DISK>1.26GB</DISK>
</comp>
<comp>
  <id>Comp:17-1-1</id>
  <CPU>0.305Gf</CPU>
  <RAM>0.489GB</RAM>
  <DISK>1.26GB</DISK>
</comp>
<comp>
  <id>Comp:17-1-2</id>
  <CPU>0.305Gf</CPU>
  <RAM>0.489GB</RAM>
  <DISK>1.26GB</DISK>
</comp>
<comp>
  <id>Comp:17-1-3</id>
  <CPU>0.305Gf</CPU>
  <RAM>0.489GB</RAM>
  <DISK>1.26GB</DISK>
</comp>
<comp>
  <id>Comp:17-1-4</id>
  <CPU>0.305Gf</CPU>
  <RAM>0.489GB</RAM>
  <DISK>1.26GB</DISK>
</comp>
<comp>
  <id>Comp:17-1-5</id>
  <CPU>0.305Gf</CPU>
  <RAM>0.489GB</RAM>
  <DISK>1.26GB</DISK>
</comp>
<comp>
  <id>Comp:17-1-6</id>
  <CPU>0.305Gf</CPU>
  <RAM>0.489GB</RAM>
  <DISK>1.26GB</DISK>
</comp>
<comp>
  <id>Comp:17-1-7</id>
  <CPU>0.305Gf</CPU>
  <RAM>0.489GB</RAM>
  <DISK>1.26GB</DISK>
</comp>
<comp>
  <id>Comp:17-1-8</id>
  <CPU>0.305Gf</CPU>
  <RAM>0.489GB</RAM>
  <DISK>1.26GB</DISK>
</comp>
<comp>
  <id>Comp:17-1-9</id>
  <CPU>0.305Gf</CPU>
  <RAM>0.489GB</RAM>
  <DISK>1.26GB</DISK>
</comp>
<comp>
  <id>Comp:17-2-0</id>
  <CPU>0.835Gf</CPU>
  <RAM>0.452GB</RAM>
  <DISK>0.785GB</DISK>
</comp>
<comp>
  <id>Comp:17-2-1</id>
  <CPU>0.835Gf</CPU>
  <RAM>0.452GB</RAM>
  <DISK>0.785GB</DISK>
</comp>
<comp>
  <id>Comp:17-3-0</id>
  <CPU>0.28Gf</CPU>
  <RAM>0.725GB</RAM>
  <DISK>0.322GB</DISK>
</comp>
<comp>
  <id>Comp:17-3-1</id>
  <CPU>0.28Gf</CPU>
  <RAM>0.725GB</RAM>
  <DISK>0.322GB</DISK>
</comp>
<comp>
  <id>Comp:17-3-2</id>
  <CPU>0.28Gf</CPU>
  <RAM>0.725GB</RAM>
  <DISK>0.322GB</DISK>
</comp>
<comp>
  <id>Comp:17-3-3</id>
  <CPU>0.28Gf</CPU>
  <RAM>0.725GB</RAM>
  <DISK>0.322GB</DISK>
</comp>
<comp>
  <id>Comp:17-3-4</id>
  <CPU>0.28Gf</CPU>
  <RAM>0.725GB</RAM>
  <DISK>0.322GB</DISK>
</comp>
<comp>
  <id>Comp:17-3-5</id>
  <CPU>0.28Gf</CPU>
  <RAM>0.725GB</RAM>
  <DISK>0.322GB</DISK>
</comp>
<comp>
  <id>Comp:17-3-6</id>
  <CPU>0.28Gf</CPU>
  <RAM>0.725GB</RAM>
  <DISK>0.322GB</DISK>
</comp>
<comp>
  <id>Comp:17-3-7</id>
  <CPU>0.28Gf</CPU>
  <RAM>0.725GB</RAM>
  <DISK>0.322GB</DISK>
</comp>
  <bind>Comp:17-1-0 Comp:17-0-0 0.309MBps 25.3ms</bind>
  <bind>Comp:17-0-0 Comp:17-1-0 0.309MBps 25.3ms</bind>
  <bind>Comp:17-1-1 Comp:17-0-0 0.309MBps 25.3ms</bind>
  <bind>Comp:17-0-0 Comp:17-1-1 0.309MBps 25.3ms</bind>
  <bind>Comp:17-1-2 Comp:17-0-0 0.309MBps 25.3ms</bind>
  <bind>Comp:17-0-0 Comp:17-1-2 0.309MBps 25.3ms</bind>
  <bind>Comp:17-1-3 Comp:17-0-0 0.309MBps 25.3ms</bind>
  <bind>Comp:17-0-0 Comp:17-1-3 0.309MBps 25.3ms</bind>
  <bind>Comp:17-1-4 Comp:17-0-0 0.309MBps 25.3ms</bind>
  <bind>Comp:17-0-0 Comp:17-1-4 0.309MBps 25.3ms</bind>
  <bind>Comp:17-1-5 Comp:17-0-0 0.309MBps 25.3ms</bind>
  <bind>Comp:17-0-0 Comp:17-1-5 0.309MBps 25.3ms</bind>
  <bind>Comp:17-1-6 Comp:17-0-0 0.309MBps 25.3ms</bind>
  <bind>Comp:17-0-0 Comp:17-1-6 0.309MBps 25.3ms</bind>
  <bind>Comp:17-1-7 Comp:17-0-0 0.309MBps 25.3ms</bind>
  <bind>Comp:17-0-0 Comp:17-1-7 0.309MBps 25.3ms</bind>
  <bind>Comp:17-1-8 Comp:17-0-0 0.309MBps 25.3ms</bind>
  <bind>Comp:17-0-0 Comp:17-1-8 0.309MBps 25.3ms</bind>
  <bind>Comp:17-1-9 Comp:17-0-0 0.309MBps 25.3ms</bind>
  <bind>Comp:17-0-0 Comp:17-1-9 0.309MBps 25.3ms</bind>
  <bind>Comp:17-2-0 Comp:17-1-0 0.691MBps 38.0ms</bind>
  <bind>Comp:17-1-0 Comp:17-2-0 0.691MBps 38.0ms</bind>
  <bind>Comp:17-2-1 Comp:17-1-1 0.691MBps 38.0ms</bind>
  <bind>Comp:17-1-1 Comp:17-2-1 0.691MBps 38.0ms</bind>
  <bind>Comp:17-2-0 Comp:17-1-2 0.691MBps 38.0ms</bind>
  <bind>Comp:17-1-2 Comp:17-2-0 0.691MBps 38.0ms</bind>
  <bind>Comp:17-2-1 Comp:17-1-3 0.691MBps 38.0ms</bind>
  <bind>Comp:17-1-3 Comp:17-2-1 0.691MBps 38.0ms</bind>
  <bind>Comp:17-2-0 Comp:17-1-4 0.691MBps 38.0ms</bind>
  <bind>Comp:17-1-4 Comp:17-2-0 0.691MBps 38.0ms</bind>
  <bind>Comp:17-2-1 Comp:17-1-5 0.691MBps 38.0ms</bind>
  <bind>Comp:17-1-5 Comp:17-2-1 0.691MBps 38.0ms</bind>
  <bind>Comp:17-2-0 Comp:17-1-6 0.691MBps 38.0ms</bind>
  <bind>Comp:17-1-6 Comp:17-2-0 0.691MBps 38.0ms</bind>
  <bind>Comp:17-2-1 Comp:17-1-7 0.691MBps 38.0ms</bind>
  <bind>Comp:17-1-7 Comp:17-2-1 0.691MBps 38.0ms</bind>
  <bind>Comp:17-2-0 Comp:17-1-8 0.691MBps 38.0ms</bind>
  <bind>Comp:17-1-8 Comp:17-2-0 0.691MBps 38.0ms</bind>
  <bind>Comp:17-2-1 Comp:17-1-9 0.691MBps 38.0ms</bind>
  <bind>Comp:17-1-9 Comp:17-2-1 0.691MBps 38.0ms</bind>
  <bind>Comp:17-3-0 Comp:17-2-0 0.999MBps 45.9ms</bind>
  <bind>Comp:17-2-0 Comp:17-3-0 0.999MBps 45.9ms</bind>
  <bind>Comp:17-3-1 Comp:17-2-1 0.999MBps 45.9ms</bind>
  <bind>Comp:17-2-1 Comp:17-3-1 0.999MBps 45.9ms</bind>
  <bind>Comp:17-3-2 Comp:17-2-0 0.999MBps 45.9ms</bind>
  <bind>Comp:17-2-0 Comp:17-3-2 0.999MBps 45.9ms</bind>
  <bind>Comp:17-3-3 Comp:17-2-1 0.999MBps 45.9ms</bind>
  <bind>Comp:17-2-1 Comp:17-3-3 0.999MBps 45.9ms</bind>
  <bind>Comp:17-3-4 Comp:17-2-0 0.999MBps 45.9ms</bind>
  <bind>Comp:17-2-0 Comp:17-3-4 0.999MBps 45.9ms</bind>
  <bind>Comp:17-3-5 Comp:17-2-1 0.999MBps 45.9ms</bind>
  <bind>Comp:17-2-1 Comp:17-3-5 0.999MBps 45.9ms</bind>
  <bind>Comp:17-3-6 Comp:17-2-0 0.999MBps 45.9ms</bind>
  <bind>Comp:17-2-0 Comp:17-3-6 0.999MBps 45.9ms</bind>
  <bind>Comp:17-3-7 Comp:17-2-1 0.999MBps 45.9ms</bind>
  <bind>Comp:17-2-1 Comp:17-3-7 0.999MBps 45.9ms</bind>
  <bind>Comp:17-3-0 Appliance-32 0.55MBps 39.7ms</bind>
  <bind>Appliance-32 Comp:17-3-0 0.55MBps 39.7ms</bind>
  <bind>Comp:17-3-1 Appliance-11 0.55MBps 39.7ms</bind>
  <bind>Appliance-11 Comp:17-3-1 0.55MBps 39.7ms</bind>
  <bind>Comp:17-3-2 Appliance-26 0.55MBps 39.7ms</bind>
  <bind>Appliance-26 Comp:17-3-2 0.55MBps 39.7ms</bind>
  <bind>Comp:17-3-3 Appliance-33 0.55MBps 39.7ms</bind>
  <bind>Appliance-33 Comp:17-3-3 0.55MBps 39.7ms</bind>
  <bind>Comp:17-3-4 Appliance-18 0.55MBps 39.7ms</bind>
  <bind>Appliance-18 Comp:17-3-4 0.55MBps 39.7ms</bind>
  <bind>Comp:17-3-5 Appliance-35 0.55MBps 39.7ms</bind>
  <bind>Appliance-35 Comp:17-3-5 0.55MBps 39.7ms</bind>
  <bind>Comp:17-3-6 Appliance-4 0.55MBps 39.7ms</bind>
  <bind>Appliance-4 Comp:17-3-6 0.55MBps 39.7ms</bind>
  <bind>Comp:17-3-7 Appliance-32 0.55MBps 39.7ms</bind>
  <bind>Appliance-32 Comp:17-3-7 0.55MBps 39.7ms</bind>
</app>
<app>
  <id>App18</id>
<comp>
  <id>Comp:18-0-0</id>
  <CPU>0.339Gf</CPU>
  <RAM>0.693GB</RAM>
  <DISK>0.526GB</DISK>
</comp>
<comp>
  <id>Comp:18-0-1</id>
  <CPU>0.339Gf</CPU>
  <RAM>0.693GB</RAM>
  <DISK>0.526GB</DISK>
</comp>
<comp>
  <id>Comp:18-0-2</id>
  <CPU>0.339Gf</CPU>
  <RAM>0.693GB</RAM>
  <DISK>0.526GB</DISK>
</comp>
<comp>
  <id>Comp:18-0-3</id>
  <CPU>0.339Gf</CPU>
  <RAM>0.693GB</RAM>
  <DISK>0.526GB</DISK>
</comp>
<comp>
  <id>Comp:18-0-4</id>
  <CPU>0.339Gf</CPU>
  <RAM>0.693GB</RAM>
  <DISK>0.526GB</DISK>
</comp>
<comp>
  <id>Comp:18-0-5</id>
  <CPU>0.339Gf</CPU>
  <RAM>0.693GB</RAM>
  <DISK>0.526GB</DISK>
</comp>
<comp>
  <id>Comp:18-1-0</id>
  <CPU>0.7Gf</CPU>
  <RAM>0.961GB</RAM>
  <DISK>1.65GB</DISK>
</comp>
<comp>
  <id>Comp:18-1-1</id>
  <CPU>0.7Gf</CPU>
  <RAM>0.961GB</RAM>
  <DISK>1.65GB</DISK>
</comp>
<comp>
  <id>Comp:18-1-2</id>
  <CPU>0.7Gf</CPU>
  <RAM>0.961GB</RAM>
  <DISK>1.65GB</DISK>
</comp>
<comp>
  <id>Comp:18-1-3</id>
  <CPU>0.7Gf</CPU>
  <RAM>0.961GB</RAM>
  <DISK>1.65GB</DISK>
</comp>
<comp>
  <id>Comp:18-1-4</id>
  <CPU>0.7Gf</CPU>
  <RAM>0.961GB</RAM>
  <DISK>1.65GB</DISK>
</comp>
<comp>
  <id>Comp:18-1-5</id>
  <CPU>0.7Gf</CPU>
  <RAM>0.961GB</RAM>
  <DISK>1.65GB</DISK>
</comp>
<comp>
  <id>Comp:18-2-0</id>
  <CPU>0.328Gf</CPU>
  <RAM>0.874GB</RAM>
  <DISK>1.24GB</DISK>
</comp>
<comp>
  <id>Comp:18-2-1</id>
  <CPU>0.328Gf</CPU>
  <RAM>0.874GB</RAM>
  <DISK>1.24GB</DISK>
</comp>
<comp>
  <id>Comp:18-2-2</id>
  <CPU>0.328Gf</CPU>
  <RAM>0.874GB</RAM>
  <DISK>1.24GB</DISK>
</comp>
<comp>
  <id>Comp:18-2-3</id>
  <CPU>0.328Gf</CPU>
  <RAM>0.874GB</RAM>
  <DISK>1.24GB</DISK>
</comp>
<comp>
  <id>Comp:18-2-4</id>
  <CPU>0.328Gf</CPU>
  <RAM>0.874GB</RAM>
  <DISK>1.24GB</DISK>
</comp>
<comp>
  <id>Comp:18-2-5</id>
  <CPU>0.328Gf</CPU>
  <RAM>0.874GB</RAM>
  <DISK>1.24GB</DISK>
</comp>
  <bind>Comp:18-1-0 Comp:18-0-0 0.788MBps 36.0ms</bind>
  <bind>Comp:18-0-0 Comp:18-1-0 0.788MBps 36.0ms</bind>
  <bind>Comp:18-1-1 Comp:18-0-1 0.788MBps 36.0ms</bind>
  <bind>Comp:18-0-1 Comp:18-1-1 0.788MBps 36.0ms</bind>
  <bind>Comp:18-1-2 Comp:18-0-2 0.788MBps 36.0ms</bind>
  <bind>Comp:18-0-2 Comp:18-1-2 0.788MBps 36.0ms</bind>
  <bind>Comp:18-1-3 Comp:18-0-3 0.788MBps 36.0ms</bind>
  <bind>Comp:18-0-3 Comp:18-1-3 0.788MBps 36.0ms</bind>
  <bind>Comp:18-1-4 Comp:18-0-4 0.788MBps 36.0ms</bind>
  <bind>Comp:18-0-4 Comp:18-1-4 0.788MBps 36.0ms</bind>
  <bind>Comp:18-1-5 Comp:18-0-5 0.788MBps 36.0ms</bind>
  <bind>Comp:18-0-5 Comp:18-1-5 0.788MBps 36.0ms</bind>
  <bind>Comp:18-2-0 Comp:18-1-0 0.656MBps 29.3ms</bind>
  <bind>Comp:18-1-0 Comp:18-2-0 0.656MBps 29.3ms</bind>
  <bind>Comp:18-2-1 Comp:18-1-1 0.656MBps 29.3ms</bind>
  <bind>Comp:18-1-1 Comp:18-2-1 0.656MBps 29.3ms</bind>
  <bind>Comp:18-2-2 Comp:18-1-2 0.656MBps 29.3ms</bind>
  <bind>Comp:18-1-2 Comp:18-2-2 0.656MBps 29.3ms</bind>
  <bind>Comp:18-2-3 Comp:18-1-3 0.656MBps 29.3ms</bind>
  <bind>Comp:18-1-3 Comp:18-2-3 0.656MBps 29.3ms</bind>
  <bind>Comp:18-2-4 Comp:18-1-4 0.656MBps 29.3ms</bind>
  <bind>Comp:18-1-4 Comp:18-2-4 0.656MBps 29.3ms</bind>
  <bind>Comp:18-2-5 Comp:18-1-5 0.656MBps 29.3ms</bind>
  <bind>Comp:18-1-5 Comp:18-2-5 0.656MBps 29.3ms</bind>
  <bind>Comp:18-2-0 Appliance-13 0.633MBps 46.2ms</bind>
  <bind>Appliance-13 Comp:18-2-0 0.633MBps 46.2ms</bind>
  <bind>Comp:18-2-1 Appliance-10 0.633MBps 46.2ms</bind>
  <bind>Appliance-10 Comp:18-2-1 0.633MBps 46.2ms</bind>
  <bind>Comp:18-2-2 Appliance-10 0.633MBps 46.2ms</bind>
  <bind>Appliance-10 Comp:18-2-2 0.633MBps 46.2ms</bind>
  <bind>Comp:18-2-3 Appliance-4 0.633MBps 46.2ms</bind>
  <bind>Appliance-4 Comp:18-2-3 0.633MBps 46.2ms</bind>
  <bind>Comp:18-2-4 Appliance-4 0.633MBps 46.2ms</bind>
  <bind>Appliance-4 Comp:18-2-4 0.633MBps 46.2ms</bind>
  <bind>Comp:18-2-5 Appliance-32 0.633MBps 46.2ms</bind>
  <bind>Appliance-32 Comp:18-2-5 0.633MBps 46.2ms</bind>
</app>
<app>
  <id>App19</id>
<comp>
  <id>Comp:19-1-0</id>
  <CPU>0.448Gf</CPU>
  <RAM>0.821GB</RAM>
  <DISK>0.711GB</DISK>
</comp>
<comp>
  <id>Comp:19-1-1</id>
  <CPU>0.448Gf</CPU>
  <RAM>0.821GB</RAM>
  <DISK>0.711GB</DISK>
</comp>
<comp>
  <id>Comp:19-1-2</id>
  <CPU>0.448Gf</CPU>
  <RAM>0.821GB</RAM>
  <DISK>0.711GB</DISK>
</comp>
<comp>
  <id>Comp:19-1-3</id>
  <CPU>0.448Gf</CPU>
  <RAM>0.821GB</RAM>
  <DISK>0.711GB</DISK>
</comp>
<comp>
  <id>Comp:19-1-4</id>
  <CPU>0.448Gf</CPU>
  <RAM>0.821GB</RAM>
  <DISK>0.711GB</DISK>
</comp>
<comp>
  <id>Comp:19-1-5</id>
  <CPU>0.448Gf</CPU>
  <RAM>0.821GB</RAM>
  <DISK>0.711GB</DISK>
</comp>
<comp>
  <id>Comp:19-1-6</id>
  <CPU>0.448Gf</CPU>
  <RAM>0.821GB</RAM>
  <DISK>0.711GB</DISK>
</comp>
<comp>
  <id>Comp:19-1-7</id>
  <CPU>0.448Gf</CPU>
  <RAM>0.821GB</RAM>
  <DISK>0.711GB</DISK>
</comp>
<comp>
  <id>Comp:19-1-8</id>
  <CPU>0.448Gf</CPU>
  <RAM>0.821GB</RAM>
  <DISK>0.711GB</DISK>
</comp>
<comp>
  <id>Comp:19-1-9</id>
  <CPU>0.448Gf</CPU>
  <RAM>0.821GB</RAM>
  <DISK>0.711GB</DISK>
</comp>
<comp>
  <id>Comp:19-2-0</id>
  <CPU>0.859Gf</CPU>
  <RAM>0.501GB</RAM>
  <DISK>0.135GB</DISK>
</comp>
<comp>
  <id>Comp:19-2-1</id>
  <CPU>0.859Gf</CPU>
  <RAM>0.501GB</RAM>
  <DISK>0.135GB</DISK>
</comp>
<comp>
  <id>Comp:19-2-2</id>
  <CPU>0.859Gf</CPU>
  <RAM>0.501GB</RAM>
  <DISK>0.135GB</DISK>
</comp>
<comp>
  <id>Comp:19-2-3</id>
  <CPU>0.859Gf</CPU>
  <RAM>0.501GB</RAM>
  <DISK>0.135GB</DISK>
</comp>
<comp>
  <id>Comp:19-2-4</id>
  <CPU>0.859Gf</CPU>
  <RAM>0.501GB</RAM>
  <DISK>0.135GB</DISK>
</comp>
<comp>
  <id>Comp:19-2-5</id>
  <CPU>0.859Gf</CPU>
  <RAM>0.501GB</RAM>
  <DISK>0.135GB</DISK>
</comp>
<comp>
  <id>Comp:19-2-6</id>
  <CPU>0.859Gf</CPU>
  <RAM>0.501GB</RAM>
  <DISK>0.135GB</DISK>
</comp>
  <bind>Comp:19-1-0 Appliance-6 0.583MBps 26.7ms</bind>
  <bind>Appliance-6 Comp:19-1-0 0.583MBps 26.7ms</bind>
  <bind>Comp:19-1-1 Appliance-37 0.583MBps 26.7ms</bind>
  <bind>Appliance-37 Comp:19-1-1 0.583MBps 26.7ms</bind>
  <bind>Comp:19-1-2 Appliance-36 0.583MBps 26.7ms</bind>
  <bind>Appliance-36 Comp:19-1-2 0.583MBps 26.7ms</bind>
  <bind>Comp:19-1-3 Appliance-15 0.583MBps 26.7ms</bind>
  <bind>Appliance-15 Comp:19-1-3 0.583MBps 26.7ms</bind>
  <bind>Comp:19-1-4 Appliance-6 0.583MBps 26.7ms</bind>
  <bind>Appliance-6 Comp:19-1-4 0.583MBps 26.7ms</bind>
  <bind>Comp:19-1-5 Appliance-37 0.583MBps 26.7ms</bind>
  <bind>Appliance-37 Comp:19-1-5 0.583MBps 26.7ms</bind>
  <bind>Comp:19-1-6 Appliance-36 0.583MBps 26.7ms</bind>
  <bind>Appliance-36 Comp:19-1-6 0.583MBps 26.7ms</bind>
  <bind>Comp:19-1-7 Appliance-15 0.583MBps 26.7ms</bind>
  <bind>Appliance-15 Comp:19-1-7 0.583MBps 26.7ms</bind>
  <bind>Comp:19-1-8 Appliance-6 0.583MBps 26.7ms</bind>
  <bind>Appliance-6 Comp:19-1-8 0.583MBps 26.7ms</bind>
  <bind>Comp:19-1-9 Appliance-37 0.583MBps 26.7ms</bind>
  <bind>Appliance-37 Comp:19-1-9 0.583MBps 26.7ms</bind>
  <bind>Comp:19-1-0 Comp:19-2-0 0.997MBps 27.8ms</bind>
  <bind>Comp:19-2-0 Comp:19-1-0 0.997MBps 27.8ms</bind>
  <bind>Comp:19-1-1 Comp:19-2-1 0.997MBps 27.8ms</bind>
  <bind>Comp:19-2-1 Comp:19-1-1 0.997MBps 27.8ms</bind>
  <bind>Comp:19-1-2 Comp:19-2-2 0.997MBps 27.8ms</bind>
  <bind>Comp:19-2-2 Comp:19-1-2 0.997MBps 27.8ms</bind>
  <bind>Comp:19-1-3 Comp:19-2-3 0.997MBps 27.8ms</bind>
  <bind>Comp:19-2-3 Comp:19-1-3 0.997MBps 27.8ms</bind>
  <bind>Comp:19-1-4 Comp:19-2-4 0.997MBps 27.8ms</bind>
  <bind>Comp:19-2-4 Comp:19-1-4 0.997MBps 27.8ms</bind>
  <bind>Comp:19-1-5 Comp:19-2-5 0.997MBps 27.8ms</bind>
  <bind>Comp:19-2-5 Comp:19-1-5 0.997MBps 27.8ms</bind>
  <bind>Comp:19-1-6 Comp:19-2-6 0.997MBps 27.8ms</bind>
  <bind>Comp:19-2-6 Comp:19-1-6 0.997MBps 27.8ms</bind>
  <bind>Comp:19-1-7 Comp:19-2-0 0.997MBps 27.8ms</bind>
  <bind>Comp:19-2-0 Comp:19-1-7 0.997MBps 27.8ms</bind>
  <bind>Comp:19-1-8 Comp:19-2-1 0.997MBps 27.8ms</bind>
  <bind>Comp:19-2-1 Comp:19-1-8 0.997MBps 27.8ms</bind>
  <bind>Comp:19-1-9 Comp:19-2-2 0.997MBps 27.8ms</bind>
  <bind>Comp:19-2-2 Comp:19-1-9 0.997MBps 27.8ms</bind>
</app>
<app>
  <id>App20</id>
<comp>
  <id>Comp:20-1-0</id>
  <CPU>0.658Gf</CPU>
  <RAM>0.467GB</RAM>
  <DISK>1.48GB</DISK>
</comp>
<comp>
  <id>Comp:20-1-1</id>
  <CPU>0.658Gf</CPU>
  <RAM>0.467GB</RAM>
  <DISK>1.48GB</DISK>
</comp>
<comp>
  <id>Comp:20-2-0</id>
  <CPU>0.711Gf</CPU>
  <RAM>0.125GB</RAM>
  <DISK>1.06GB</DISK>
</comp>
<comp>
  <id>Comp:20-2-1</id>
  <CPU>0.711Gf</CPU>
  <RAM>0.125GB</RAM>
  <DISK>1.06GB</DISK>
</comp>
<comp>
  <id>Comp:20-2-2</id>
  <CPU>0.711Gf</CPU>
  <RAM>0.125GB</RAM>
  <DISK>1.06GB</DISK>
</comp>
<comp>
  <id>Comp:20-2-3</id>
  <CPU>0.711Gf</CPU>
  <RAM>0.125GB</RAM>
  <DISK>1.06GB</DISK>
</comp>
<comp>
  <id>Comp:20-2-4</id>
  <CPU>0.711Gf</CPU>
  <RAM>0.125GB</RAM>
  <DISK>1.06GB</DISK>
</comp>
<comp>
  <id>Comp:20-2-5</id>
  <CPU>0.711Gf</CPU>
  <RAM>0.125GB</RAM>
  <DISK>1.06GB</DISK>
</comp>
<comp>
  <id>Comp:20-2-6</id>
  <CPU>0.711Gf</CPU>
  <RAM>0.125GB</RAM>
  <DISK>1.06GB</DISK>
</comp>
<comp>
  <id>Comp:20-3-0</id>
  <CPU>0.395Gf</CPU>
  <RAM>0.228GB</RAM>
  <DISK>0.158GB</DISK>
</comp>
<comp>
  <id>Comp:20-3-1</id>
  <CPU>0.395Gf</CPU>
  <RAM>0.228GB</RAM>
  <DISK>0.158GB</DISK>
</comp>
<comp>
  <id>Comp:20-3-2</id>
  <CPU>0.395Gf</CPU>
  <RAM>0.228GB</RAM>
  <DISK>0.158GB</DISK>
</comp>
<comp>
  <id>Comp:20-3-3</id>
  <CPU>0.395Gf</CPU>
  <RAM>0.228GB</RAM>
  <DISK>0.158GB</DISK>
</comp>
<comp>
  <id>Comp:20-3-4</id>
  <CPU>0.395Gf</CPU>
  <RAM>0.228GB</RAM>
  <DISK>0.158GB</DISK>
</comp>
<comp>
  <id>Comp:20-3-5</id>
  <CPU>0.395Gf</CPU>
  <RAM>0.228GB</RAM>
  <DISK>0.158GB</DISK>
</comp>
<comp>
  <id>Comp:20-4-0</id>
  <CPU>0.396Gf</CPU>
  <RAM>0.36GB</RAM>
  <DISK>1.87GB</DISK>
</comp>
  <bind>Comp:20-1-0 Appliance-0 0.652MBps 39.1ms</bind>
  <bind>Appliance-0 Comp:20-1-0 0.652MBps 39.1ms</bind>
  <bind>Comp:20-1-1 Appliance-24 0.652MBps 39.1ms</bind>
  <bind>Appliance-24 Comp:20-1-1 0.652MBps 39.1ms</bind>
  <bind>Comp:20-1-0 Appliance-20 0.652MBps 39.1ms</bind>
  <bind>Appliance-20 Comp:20-1-0 0.652MBps 39.1ms</bind>
  <bind>Comp:20-1-1 Appliance-14 0.652MBps 39.1ms</bind>
  <bind>Appliance-14 Comp:20-1-1 0.652MBps 39.1ms</bind>
  <bind>Comp:20-2-0 Comp:20-1-0 0.148MBps 46.0ms</bind>
  <bind>Comp:20-1-0 Comp:20-2-0 0.148MBps 46.0ms</bind>
  <bind>Comp:20-2-1 Comp:20-1-1 0.148MBps 46.0ms</bind>
  <bind>Comp:20-1-1 Comp:20-2-1 0.148MBps 46.0ms</bind>
  <bind>Comp:20-2-2 Comp:20-1-0 0.148MBps 46.0ms</bind>
  <bind>Comp:20-1-0 Comp:20-2-2 0.148MBps 46.0ms</bind>
  <bind>Comp:20-2-3 Comp:20-1-1 0.148MBps 46.0ms</bind>
  <bind>Comp:20-1-1 Comp:20-2-3 0.148MBps 46.0ms</bind>
  <bind>Comp:20-2-4 Comp:20-1-0 0.148MBps 46.0ms</bind>
  <bind>Comp:20-1-0 Comp:20-2-4 0.148MBps 46.0ms</bind>
  <bind>Comp:20-2-5 Comp:20-1-1 0.148MBps 46.0ms</bind>
  <bind>Comp:20-1-1 Comp:20-2-5 0.148MBps 46.0ms</bind>
  <bind>Comp:20-2-6 Comp:20-1-0 0.148MBps 46.0ms</bind>
  <bind>Comp:20-1-0 Comp:20-2-6 0.148MBps 46.0ms</bind>
  <bind>Comp:20-3-0 Comp:20-2-0 0.857MBps 41.5ms</bind>
  <bind>Comp:20-2-0 Comp:20-3-0 0.857MBps 41.5ms</bind>
  <bind>Comp:20-3-1 Comp:20-2-1 0.857MBps 41.5ms</bind>
  <bind>Comp:20-2-1 Comp:20-3-1 0.857MBps 41.5ms</bind>
  <bind>Comp:20-3-2 Comp:20-2-2 0.857MBps 41.5ms</bind>
  <bind>Comp:20-2-2 Comp:20-3-2 0.857MBps 41.5ms</bind>
  <bind>Comp:20-3-3 Comp:20-2-3 0.857MBps 41.5ms</bind>
  <bind>Comp:20-2-3 Comp:20-3-3 0.857MBps 41.5ms</bind>
  <bind>Comp:20-3-4 Comp:20-2-4 0.857MBps 41.5ms</bind>
  <bind>Comp:20-2-4 Comp:20-3-4 0.857MBps 41.5ms</bind>
  <bind>Comp:20-3-5 Comp:20-2-5 0.857MBps 41.5ms</bind>
  <bind>Comp:20-2-5 Comp:20-3-5 0.857MBps 41.5ms</bind>
  <bind>Comp:20-3-0 Comp:20-2-6 0.857MBps 41.5ms</bind>
  <bind>Comp:20-2-6 Comp:20-3-0 0.857MBps 41.5ms</bind>
  <bind>Comp:20-3-0 Comp:20-4-0 0.263MBps 25.2ms</bind>
  <bind>Comp:20-4-0 Comp:20-3-0 0.263MBps 25.2ms</bind>
  <bind>Comp:20-3-1 Comp:20-4-0 0.263MBps 25.2ms</bind>
  <bind>Comp:20-4-0 Comp:20-3-1 0.263MBps 25.2ms</bind>
  <bind>Comp:20-3-2 Comp:20-4-0 0.263MBps 25.2ms</bind>
  <bind>Comp:20-4-0 Comp:20-3-2 0.263MBps 25.2ms</bind>
  <bind>Comp:20-3-3 Comp:20-4-0 0.263MBps 25.2ms</bind>
  <bind>Comp:20-4-0 Comp:20-3-3 0.263MBps 25.2ms</bind>
  <bind>Comp:20-3-4 Comp:20-4-0 0.263MBps 25.2ms</bind>
  <bind>Comp:20-4-0 Comp:20-3-4 0.263MBps 25.2ms</bind>
  <bind>Comp:20-3-5 Comp:20-4-0 0.263MBps 25.2ms</bind>
  <bind>Comp:20-4-0 Comp:20-3-5 0.263MBps 25.2ms</bind>
</app>
<app>
  <id>App21</id>
<comp>
  <id>Comp:21-1-0</id>
  <CPU>0.274Gf</CPU>
  <RAM>0.32GB</RAM>
  <DISK>1.12GB</DISK>
</comp>
<comp>
  <id>Comp:21-1-1</id>
  <CPU>0.274Gf</CPU>
  <RAM>0.32GB</RAM>
  <DISK>1.12GB</DISK>
</comp>
<comp>
  <id>Comp:21-1-2</id>
  <CPU>0.274Gf</CPU>
  <RAM>0.32GB</RAM>
  <DISK>1.12GB</DISK>
</comp>
<comp>
  <id>Comp:21-2-0</id>
  <CPU>0.192Gf</CPU>
  <RAM>0.724GB</RAM>
  <DISK>0.144GB</DISK>
</comp>
<comp>
  <id>Comp:21-2-1</id>
  <CPU>0.192Gf</CPU>
  <RAM>0.724GB</RAM>
  <DISK>0.144GB</DISK>
</comp>
<comp>
  <id>Comp:21-2-2</id>
  <CPU>0.192Gf</CPU>
  <RAM>0.724GB</RAM>
  <DISK>0.144GB</DISK>
</comp>
<comp>
  <id>Comp:21-2-3</id>
  <CPU>0.192Gf</CPU>
  <RAM>0.724GB</RAM>
  <DISK>0.144GB</DISK>
</comp>
<comp>
  <id>Comp:21-2-4</id>
  <CPU>0.192Gf</CPU>
  <RAM>0.724GB</RAM>
  <DISK>0.144GB</DISK>
</comp>
<comp>
  <id>Comp:21-2-5</id>
  <CPU>0.192Gf</CPU>
  <RAM>0.724GB</RAM>
  <DISK>0.144GB</DISK>
</comp>
<comp>
  <id>Comp:21-2-6</id>
  <CPU>0.192Gf</CPU>
  <RAM>0.724GB</RAM>
  <DISK>0.144GB</DISK>
</comp>
<comp>
  <id>Comp:21-2-7</id>
  <CPU>0.192Gf</CPU>
  <RAM>0.724GB</RAM>
  <DISK>0.144GB</DISK>
</comp>
<comp>
  <id>Comp:21-3-0</id>
  <CPU>0.313Gf</CPU>
  <RAM>0.722GB</RAM>
  <DISK>0.377GB</DISK>
</comp>
<comp>
  <id>Comp:21-3-1</id>
  <CPU>0.313Gf</CPU>
  <RAM>0.722GB</RAM>
  <DISK>0.377GB</DISK>
</comp>
<comp>
  <id>Comp:21-3-2</id>
  <CPU>0.313Gf</CPU>
  <RAM>0.722GB</RAM>
  <DISK>0.377GB</DISK>
</comp>
<comp>
  <id>Comp:21-3-3</id>
  <CPU>0.313Gf</CPU>
  <RAM>0.722GB</RAM>
  <DISK>0.377GB</DISK>
</comp>
<comp>
  <id>Comp:21-4-0</id>
  <CPU>0.754Gf</CPU>
  <RAM>0.156GB</RAM>
  <DISK>1.14GB</DISK>
</comp>
<comp>
  <id>Comp:21-4-1</id>
  <CPU>0.754Gf</CPU>
  <RAM>0.156GB</RAM>
  <DISK>1.14GB</DISK>
</comp>
<comp>
  <id>Comp:21-4-2</id>
  <CPU>0.754Gf</CPU>
  <RAM>0.156GB</RAM>
  <DISK>1.14GB</DISK>
</comp>
<comp>
  <id>Comp:21-4-3</id>
  <CPU>0.754Gf</CPU>
  <RAM>0.156GB</RAM>
  <DISK>1.14GB</DISK>
</comp>
<comp>
  <id>Comp:21-4-4</id>
  <CPU>0.754Gf</CPU>
  <RAM>0.156GB</RAM>
  <DISK>1.14GB</DISK>
</comp>
<comp>
  <id>Comp:21-4-5</id>
  <CPU>0.754Gf</CPU>
  <RAM>0.156GB</RAM>
  <DISK>1.14GB</DISK>
</comp>
<comp>
  <id>Comp:21-5-0</id>
  <CPU>0.306Gf</CPU>
  <RAM>0.98GB</RAM>
  <DISK>0.816GB</DISK>
</comp>
<comp>
  <id>Comp:21-6-0</id>
  <CPU>0.618Gf</CPU>
  <RAM>0.3GB</RAM>
  <DISK>1.71GB</DISK>
</comp>
<comp>
  <id>Comp:21-6-1</id>
  <CPU>0.618Gf</CPU>
  <RAM>0.3GB</RAM>
  <DISK>1.71GB</DISK>
</comp>
<comp>
  <id>Comp:21-6-2</id>
  <CPU>0.618Gf</CPU>
  <RAM>0.3GB</RAM>
  <DISK>1.71GB</DISK>
</comp>
<comp>
  <id>Comp:21-6-3</id>
  <CPU>0.618Gf</CPU>
  <RAM>0.3GB</RAM>
  <DISK>1.71GB</DISK>
</comp>
<comp>
  <id>Comp:21-6-4</id>
  <CPU>0.618Gf</CPU>
  <RAM>0.3GB</RAM>
  <DISK>1.71GB</DISK>
</comp>
  <bind>Comp:21-1-0 Appliance-34 0.334MBps 30.6ms</bind>
  <bind>Appliance-34 Comp:21-1-0 0.334MBps 30.6ms</bind>
  <bind>Comp:21-1-1 Appliance-34 0.334MBps 30.6ms</bind>
  <bind>Appliance-34 Comp:21-1-1 0.334MBps 30.6ms</bind>
  <bind>Comp:21-1-2 Appliance-22 0.334MBps 30.6ms</bind>
  <bind>Appliance-22 Comp:21-1-2 0.334MBps 30.6ms</bind>
  <bind>Comp:21-1-0 Appliance-15 0.334MBps 30.6ms</bind>
  <bind>Appliance-15 Comp:21-1-0 0.334MBps 30.6ms</bind>
  <bind>Comp:21-1-1 Appliance-5 0.334MBps 30.6ms</bind>
  <bind>Appliance-5 Comp:21-1-1 0.334MBps 30.6ms</bind>
  <bind>Comp:21-1-2 Appliance-15 0.334MBps 30.6ms</bind>
  <bind>Appliance-15 Comp:21-1-2 0.334MBps 30.6ms</bind>
  <bind>Comp:21-1-0 Appliance-21 0.334MBps 30.6ms</bind>
  <bind>Appliance-21 Comp:21-1-0 0.334MBps 30.6ms</bind>
  <bind>Comp:21-1-1 Appliance-13 0.334MBps 30.6ms</bind>
  <bind>Appliance-13 Comp:21-1-1 0.334MBps 30.6ms</bind>
  <bind>Comp:21-1-2 Appliance-28 0.334MBps 30.6ms</bind>
  <bind>Appliance-28 Comp:21-1-2 0.334MBps 30.6ms</bind>
  <bind>Comp:21-2-0 Comp:21-1-0 0.763MBps 45.2ms</bind>
  <bind>Comp:21-1-0 Comp:21-2-0 0.763MBps 45.2ms</bind>
  <bind>Comp:21-2-1 Comp:21-1-1 0.763MBps 45.2ms</bind>
  <bind>Comp:21-1-1 Comp:21-2-1 0.763MBps 45.2ms</bind>
  <bind>Comp:21-2-2 Comp:21-1-2 0.763MBps 45.2ms</bind>
  <bind>Comp:21-1-2 Comp:21-2-2 0.763MBps 45.2ms</bind>
  <bind>Comp:21-2-3 Comp:21-1-0 0.763MBps 45.2ms</bind>
  <bind>Comp:21-1-0 Comp:21-2-3 0.763MBps 45.2ms</bind>
  <bind>Comp:21-2-4 Comp:21-1-1 0.763MBps 45.2ms</bind>
  <bind>Comp:21-1-1 Comp:21-2-4 0.763MBps 45.2ms</bind>
  <bind>Comp:21-2-5 Comp:21-1-2 0.763MBps 45.2ms</bind>
  <bind>Comp:21-1-2 Comp:21-2-5 0.763MBps 45.2ms</bind>
  <bind>Comp:21-2-6 Comp:21-1-0 0.763MBps 45.2ms</bind>
  <bind>Comp:21-1-0 Comp:21-2-6 0.763MBps 45.2ms</bind>
  <bind>Comp:21-2-7 Comp:21-1-1 0.763MBps 45.2ms</bind>
  <bind>Comp:21-1-1 Comp:21-2-7 0.763MBps 45.2ms</bind>
  <bind>Comp:21-3-0 Comp:21-2-0 0.721MBps 27.7ms</bind>
  <bind>Comp:21-2-0 Comp:21-3-0 0.721MBps 27.7ms</bind>
  <bind>Comp:21-3-1 Comp:21-2-1 0.721MBps 27.7ms</bind>
  <bind>Comp:21-2-1 Comp:21-3-1 0.721MBps 27.7ms</bind>
  <bind>Comp:21-3-2 Comp:21-2-2 0.721MBps 27.7ms</bind>
  <bind>Comp:21-2-2 Comp:21-3-2 0.721MBps 27.7ms</bind>
  <bind>Comp:21-3-3 Comp:21-2-3 0.721MBps 27.7ms</bind>
  <bind>Comp:21-2-3 Comp:21-3-3 0.721MBps 27.7ms</bind>
  <bind>Comp:21-3-0 Comp:21-2-4 0.721MBps 27.7ms</bind>
  <bind>Comp:21-2-4 Comp:21-3-0 0.721MBps 27.7ms</bind>
  <bind>Comp:21-3-1 Comp:21-2-5 0.721MBps 27.7ms</bind>
  <bind>Comp:21-2-5 Comp:21-3-1 0.721MBps 27.7ms</bind>
  <bind>Comp:21-3-2 Comp:21-2-6 0.721MBps 27.7ms</bind>
  <bind>Comp:21-2-6 Comp:21-3-2 0.721MBps 27.7ms</bind>
  <bind>Comp:21-3-3 Comp:21-2-7 0.721MBps 27.7ms</bind>
  <bind>Comp:21-2-7 Comp:21-3-3 0.721MBps 27.7ms</bind>
  <bind>Comp:21-4-0 Comp:21-3-0 0.288MBps 25.5ms</bind>
  <bind>Comp:21-3-0 Comp:21-4-0 0.288MBps 25.5ms</bind>
  <bind>Comp:21-4-1 Comp:21-3-1 0.288MBps 25.5ms</bind>
  <bind>Comp:21-3-1 Comp:21-4-1 0.288MBps 25.5ms</bind>
  <bind>Comp:21-4-2 Comp:21-3-2 0.288MBps 25.5ms</bind>
  <bind>Comp:21-3-2 Comp:21-4-2 0.288MBps 25.5ms</bind>
  <bind>Comp:21-4-3 Comp:21-3-3 0.288MBps 25.5ms</bind>
  <bind>Comp:21-3-3 Comp:21-4-3 0.288MBps 25.5ms</bind>
  <bind>Comp:21-4-4 Comp:21-3-0 0.288MBps 25.5ms</bind>
  <bind>Comp:21-3-0 Comp:21-4-4 0.288MBps 25.5ms</bind>
  <bind>Comp:21-4-5 Comp:21-3-1 0.288MBps 25.5ms</bind>
  <bind>Comp:21-3-1 Comp:21-4-5 0.288MBps 25.5ms</bind>
  <bind>Comp:21-5-0 Comp:21-4-0 0.631MBps 39.1ms</bind>
  <bind>Comp:21-4-0 Comp:21-5-0 0.631MBps 39.1ms</bind>
  <bind>Comp:21-5-0 Comp:21-4-1 0.631MBps 39.1ms</bind>
  <bind>Comp:21-4-1 Comp:21-5-0 0.631MBps 39.1ms</bind>
  <bind>Comp:21-5-0 Comp:21-4-2 0.631MBps 39.1ms</bind>
  <bind>Comp:21-4-2 Comp:21-5-0 0.631MBps 39.1ms</bind>
  <bind>Comp:21-5-0 Comp:21-4-3 0.631MBps 39.1ms</bind>
  <bind>Comp:21-4-3 Comp:21-5-0 0.631MBps 39.1ms</bind>
  <bind>Comp:21-5-0 Comp:21-4-4 0.631MBps 39.1ms</bind>
  <bind>Comp:21-4-4 Comp:21-5-0 0.631MBps 39.1ms</bind>
  <bind>Comp:21-5-0 Comp:21-4-5 0.631MBps 39.1ms</bind>
  <bind>Comp:21-4-5 Comp:21-5-0 0.631MBps 39.1ms</bind>
  <bind>Comp:21-5-0 Comp:21-6-0 0.389MBps 35.5ms</bind>
  <bind>Comp:21-6-0 Comp:21-5-0 0.389MBps 35.5ms</bind>
  <bind>Comp:21-5-0 Comp:21-6-1 0.389MBps 35.5ms</bind>
  <bind>Comp:21-6-1 Comp:21-5-0 0.389MBps 35.5ms</bind>
  <bind>Comp:21-5-0 Comp:21-6-2 0.389MBps 35.5ms</bind>
  <bind>Comp:21-6-2 Comp:21-5-0 0.389MBps 35.5ms</bind>
  <bind>Comp:21-5-0 Comp:21-6-3 0.389MBps 35.5ms</bind>
  <bind>Comp:21-6-3 Comp:21-5-0 0.389MBps 35.5ms</bind>
  <bind>Comp:21-5-0 Comp:21-6-4 0.389MBps 35.5ms</bind>
  <bind>Comp:21-6-4 Comp:21-5-0 0.389MBps 35.5ms</bind>
</app>
</apps>
