<?xml version="1.0"?>
<apps>
<app>
  <id>App1</id>
<comp>
  <id>Comp:1-0-0</id>
  <CPU>0.913Gf</CPU>
  <RAM>0.304GB</RAM>
  <DISK>0.842GB</DISK>
</comp>
<comp>
  <id>Comp:1-0-1</id>
  <CPU>0.913Gf</CPU>
  <RAM>0.304GB</RAM>
  <DISK>0.842GB</DISK>
</comp>
<comp>
  <id>Comp:1-0-2</id>
  <CPU>0.913Gf</CPU>
  <RAM>0.304GB</RAM>
  <DISK>0.842GB</DISK>
</comp>
<comp>
  <id>Comp:1-1-0</id>
  <CPU>0.773Gf</CPU>
  <RAM>0.147GB</RAM>
  <DISK>1.38GB</DISK>
</comp>
<comp>
  <id>Comp:1-1-1</id>
  <CPU>0.773Gf</CPU>
  <RAM>0.147GB</RAM>
  <DISK>1.38GB</DISK>
</comp>
<comp>
  <id>Comp:1-1-2</id>
  <CPU>0.773Gf</CPU>
  <RAM>0.147GB</RAM>
  <DISK>1.38GB</DISK>
</comp>
<comp>
  <id>Comp:1-1-3</id>
  <CPU>0.773Gf</CPU>
  <RAM>0.147GB</RAM>
  <DISK>1.38GB</DISK>
</comp>
<comp>
  <id>Comp:1-1-4</id>
  <CPU>0.773Gf</CPU>
  <RAM>0.147GB</RAM>
  <DISK>1.38GB</DISK>
</comp>
<comp>
  <id>Comp:1-1-5</id>
  <CPU>0.773Gf</CPU>
  <RAM>0.147GB</RAM>
  <DISK>1.38GB</DISK>
</comp>
<comp>
  <id>Comp:1-2-0</id>
  <CPU>0.301Gf</CPU>
  <RAM>0.819GB</RAM>
  <DISK>0.00974GB</DISK>
</comp>
<comp>
  <id>Comp:1-2-1</id>
  <CPU>0.301Gf</CPU>
  <RAM>0.819GB</RAM>
  <DISK>0.00974GB</DISK>
</comp>
  <bind>Comp:1-1-0 Comp:1-0-0 0.0819MBps 47.7ms</bind>
  <bind>Comp:1-0-0 Comp:1-1-0 0.0819MBps 47.7ms</bind>
  <bind>Comp:1-1-1 Comp:1-0-1 0.0819MBps 47.7ms</bind>
  <bind>Comp:1-0-1 Comp:1-1-1 0.0819MBps 47.7ms</bind>
  <bind>Comp:1-1-2 Comp:1-0-2 0.0819MBps 47.7ms</bind>
  <bind>Comp:1-0-2 Comp:1-1-2 0.0819MBps 47.7ms</bind>
  <bind>Comp:1-1-3 Comp:1-0-0 0.0819MBps 47.7ms</bind>
  <bind>Comp:1-0-0 Comp:1-1-3 0.0819MBps 47.7ms</bind>
  <bind>Comp:1-1-4 Comp:1-0-1 0.0819MBps 47.7ms</bind>
  <bind>Comp:1-0-1 Comp:1-1-4 0.0819MBps 47.7ms</bind>
  <bind>Comp:1-1-5 Comp:1-0-2 0.0819MBps 47.7ms</bind>
  <bind>Comp:1-0-2 Comp:1-1-5 0.0819MBps 47.7ms</bind>
  <bind>Comp:1-2-0 Comp:1-1-0 0.884MBps 36.9ms</bind>
  <bind>Comp:1-1-0 Comp:1-2-0 0.884MBps 36.9ms</bind>
  <bind>Comp:1-2-1 Comp:1-1-1 0.884MBps 36.9ms</bind>
  <bind>Comp:1-1-1 Comp:1-2-1 0.884MBps 36.9ms</bind>
  <bind>Comp:1-2-0 Comp:1-1-2 0.884MBps 36.9ms</bind>
  <bind>Comp:1-1-2 Comp:1-2-0 0.884MBps 36.9ms</bind>
  <bind>Comp:1-2-1 Comp:1-1-3 0.884MBps 36.9ms</bind>
  <bind>Comp:1-1-3 Comp:1-2-1 0.884MBps 36.9ms</bind>
  <bind>Comp:1-2-0 Comp:1-1-4 0.884MBps 36.9ms</bind>
  <bind>Comp:1-1-4 Comp:1-2-0 0.884MBps 36.9ms</bind>
  <bind>Comp:1-2-1 Comp:1-1-5 0.884MBps 36.9ms</bind>
  <bind>Comp:1-1-5 Comp:1-2-1 0.884MBps 36.9ms</bind>
  <bind>Comp:1-2-0 Appliance-24 0.225MBps 29.2ms</bind>
  <bind>Appliance-24 Comp:1-2-0 0.225MBps 29.2ms</bind>
  <bind>Comp:1-2-1 Appliance-24 0.225MBps 29.2ms</bind>
  <bind>Appliance-24 Comp:1-2-1 0.225MBps 29.2ms</bind>
  <bind>Comp:1-2-0 Appliance-24 0.225MBps 29.2ms</bind>
  <bind>Appliance-24 Comp:1-2-0 0.225MBps 29.2ms</bind>
</app>
<app>
  <id>App11</id>
<comp>
  <id>Comp:11-1-0</id>
  <CPU>0.831Gf</CPU>
  <RAM>0.399GB</RAM>
  <DISK>1.11GB</DISK>
</comp>
<comp>
  <id>Comp:11-2-0</id>
  <CPU>0.57Gf</CPU>
  <RAM>0.929GB</RAM>
  <DISK>1.11GB</DISK>
</comp>
<comp>
  <id>Comp:11-2-1</id>
  <CPU>0.57Gf</CPU>
  <RAM>0.929GB</RAM>
  <DISK>1.11GB</DISK>
</comp>
  <bind>Comp:11-1-0 Appliance-25 0.672MBps 40.5ms</bind>
  <bind>Appliance-25 Comp:11-1-0 0.672MBps 40.5ms</bind>
  <bind>Comp:11-1-0 Appliance-29 0.672MBps 40.5ms</bind>
  <bind>Appliance-29 Comp:11-1-0 0.672MBps 40.5ms</bind>
  <bind>Comp:11-2-0 Comp:11-1-0 0.637MBps 25.2ms</bind>
  <bind>Comp:11-1-0 Comp:11-2-0 0.637MBps 25.2ms</bind>
  <bind>Comp:11-2-1 Comp:11-1-0 0.637MBps 25.2ms</bind>
  <bind>Comp:11-1-0 Comp:11-2-1 0.637MBps 25.2ms</bind>
  <bind>Comp:11-2-0 Appliance-0 0.68MBps 44.3ms</bind>
  <bind>Appliance-0 Comp:11-2-0 0.68MBps 44.3ms</bind>
  <bind>Comp:11-2-1 Appliance-0 0.68MBps 44.3ms</bind>
  <bind>Appliance-0 Comp:11-2-1 0.68MBps 44.3ms</bind>
  <bind>Comp:11-2-0 Appliance-24 0.68MBps 44.3ms</bind>
  <bind>Appliance-24 Comp:11-2-0 0.68MBps 44.3ms</bind>
  <bind>Comp:11-2-1 Appliance-30 0.68MBps 44.3ms</bind>
  <bind>Appliance-30 Comp:11-2-1 0.68MBps 44.3ms</bind>
  <bind>Comp:11-2-0 Appliance-0 0.68MBps 44.3ms</bind>
  <bind>Appliance-0 Comp:11-2-0 0.68MBps 44.3ms</bind>
  <bind>Comp:11-2-1 Appliance-24 0.68MBps 44.3ms</bind>
  <bind>Appliance-24 Comp:11-2-1 0.68MBps 44.3ms</bind>
  <bind>Comp:11-2-0 Appliance-9 0.68MBps 44.3ms</bind>
  <bind>Appliance-9 Comp:11-2-0 0.68MBps 44.3ms</bind>
</app>
<app>
  <id>App12</id>
<comp>
  <id>Comp:12-0-0</id>
  <CPU>0.288Gf</CPU>
  <RAM>0.408GB</RAM>
  <DISK>0.115GB</DISK>
</comp>
<comp>
  <id>Comp:12-0-1</id>
  <CPU>0.288Gf</CPU>
  <RAM>0.408GB</RAM>
  <DISK>0.115GB</DISK>
</comp>
<comp>
  <id>Comp:12-0-2</id>
  <CPU>0.288Gf</CPU>
  <RAM>0.408GB</RAM>
  <DISK>0.115GB</DISK>
</comp>
<comp>
  <id>Comp:12-0-3</id>
  <CPU>0.288Gf</CPU>
  <RAM>0.408GB</RAM>
  <DISK>0.115GB</DISK>
</comp>
<comp>
  <id>Comp:12-0-4</id>
  <CPU>0.288Gf</CPU>
  <RAM>0.408GB</RAM>
  <DISK>0.115GB</DISK>
</comp>
<comp>
  <id>Comp:12-0-5</id>
  <CPU>0.288Gf</CPU>
  <RAM>0.408GB</RAM>
  <DISK>0.115GB</DISK>
</comp>
<comp>
  <id>Comp:12-0-6</id>
  <CPU>0.288Gf</CPU>
  <RAM>0.408GB</RAM>
  <DISK>0.115GB</DISK>
</comp>
<comp>
  <id>Comp:12-0-7</id>
  <CPU>0.288Gf</CPU>
  <RAM>0.408GB</RAM>
  <DISK>0.115GB</DISK>
</comp>
<comp>
  <id>Comp:12-1-0</id>
  <CPU>0.341Gf</CPU>
  <RAM>0.256GB</RAM>
  <DISK>0.762GB</DISK>
</comp>
<comp>
  <id>Comp:12-1-1</id>
  <CPU>0.341Gf</CPU>
  <RAM>0.256GB</RAM>
  <DISK>0.762GB</DISK>
</comp>
<comp>
  <id>Comp:12-1-2</id>
  <CPU>0.341Gf</CPU>
  <RAM>0.256GB</RAM>
  <DISK>0.762GB</DISK>
</comp>
<comp>
  <id>Comp:12-1-3</id>
  <CPU>0.341Gf</CPU>
  <RAM>0.256GB</RAM>
  <DISK>0.762GB</DISK>
</comp>
<comp>
  <id>Comp:12-1-4</id>
  <CPU>0.341Gf</CPU>
  <RAM>0.256GB</RAM>
  <DISK>0.762GB</DISK>
</comp>
<comp>
  <id>Comp:12-1-5</id>
  <CPU>0.341Gf</CPU>
  <RAM>0.256GB</RAM>
  <DISK>0.762GB</DISK>
</comp>
<comp>
  <id>Comp:12-1-6</id>
  <CPU>0.341Gf</CPU>
  <RAM>0.256GB</RAM>
  <DISK>0.762GB</DISK>
</comp>
<comp>
  <id>Comp:12-2-0</id>
  <CPU>0.975Gf</CPU>
  <RAM>0.283GB</RAM>
  <DISK>0.797GB</DISK>
</comp>
<comp>
  <id>Comp:12-3-0</id>
  <CPU>0.11Gf</CPU>
  <RAM>0.761GB</RAM>
  <DISK>0.232GB</DISK>
</comp>
<comp>
  <id>Comp:12-3-1</id>
  <CPU>0.11Gf</CPU>
  <RAM>0.761GB</RAM>
  <DISK>0.232GB</DISK>
</comp>
<comp>
  <id>Comp:12-3-2</id>
  <CPU>0.11Gf</CPU>
  <RAM>0.761GB</RAM>
  <DISK>0.232GB</DISK>
</comp>
<comp>
  <id>Comp:12-3-3</id>
  <CPU>0.11Gf</CPU>
  <RAM>0.761GB</RAM>
  <DISK>0.232GB</DISK>
</comp>
<comp>
  <id>Comp:12-3-4</id>
  <CPU>0.11Gf</CPU>
  <RAM>0.761GB</RAM>
  <DISK>0.232GB</DISK>
</comp>
<comp>
  <id>Comp:12-3-5</id>
  <CPU>0.11Gf</CPU>
  <RAM>0.761GB</RAM>
  <DISK>0.232GB</DISK>
</comp>
<comp>
  <id>Comp:12-3-6</id>
  <CPU>0.11Gf</CPU>
  <RAM>0.761GB</RAM>
  <DISK>0.232GB</DISK>
</comp>
<comp>
  <id>Comp:12-3-7</id>
  <CPU>0.11Gf</CPU>
  <RAM>0.761GB</RAM>
  <DISK>0.232GB</DISK>
</comp>
<comp>
  <id>Comp:12-3-8</id>
  <CPU>0.11Gf</CPU>
  <RAM>0.761GB</RAM>
  <DISK>0.232GB</DISK>
</comp>
  <bind>Comp:12-1-0 Comp:12-0-0 0.484MBps 33.3ms</bind>
  <bind>Comp:12-0-0 Comp:12-1-0 0.484MBps 33.3ms</bind>
  <bind>Comp:12-1-1 Comp:12-0-1 0.484MBps 33.3ms</bind>
  <bind>Comp:12-0-1 Comp:12-1-1 0.484MBps 33.3ms</bind>
  <bind>Comp:12-1-2 Comp:12-0-2 0.484MBps 33.3ms</bind>
  <bind>Comp:12-0-2 Comp:12-1-2 0.484MBps 33.3ms</bind>
  <bind>Comp:12-1-3 Comp:12-0-3 0.484MBps 33.3ms</bind>
  <bind>Comp:12-0-3 Comp:12-1-3 0.484MBps 33.3ms</bind>
  <bind>Comp:12-1-4 Comp:12-0-4 0.484MBps 33.3ms</bind>
  <bind>Comp:12-0-4 Comp:12-1-4 0.484MBps 33.3ms</bind>
  <bind>Comp:12-1-5 Comp:12-0-5 0.484MBps 33.3ms</bind>
  <bind>Comp:12-0-5 Comp:12-1-5 0.484MBps 33.3ms</bind>
  <bind>Comp:12-1-6 Comp:12-0-6 0.484MBps 33.3ms</bind>
  <bind>Comp:12-0-6 Comp:12-1-6 0.484MBps 33.3ms</bind>
  <bind>Comp:12-1-0 Comp:12-0-7 0.484MBps 33.3ms</bind>
  <bind>Comp:12-0-7 Comp:12-1-0 0.484MBps 33.3ms</bind>
  <bind>Comp:12-2-0 Comp:12-1-0 0.958MBps 31.2ms</bind>
  <bind>Comp:12-1-0 Comp:12-2-0 0.958MBps 31.2ms</bind>
  <bind>Comp:12-2-0 Comp:12-1-1 0.958MBps 31.2ms</bind>
  <bind>Comp:12-1-1 Comp:12-2-0 0.958MBps 31.2ms</bind>
  <bind>Comp:12-2-0 Comp:12-1-2 0.958MBps 31.2ms</bind>
  <bind>Comp:12-1-2 Comp:12-2-0 0.958MBps 31.2ms</bind>
  <bind>Comp:12-2-0 Comp:12-1-3 0.958MBps 31.2ms</bind>
  <bind>Comp:12-1-3 Comp:12-2-0 0.958MBps 31.2ms</bind>
  <bind>Comp:12-2-0 Comp:12-1-4 0.958MBps 31.2ms</bind>
  <bind>Comp:12-1-4 Comp:12-2-0 0.958MBps 31.2ms</bind>
  <bind>Comp:12-2-0 Comp:12-1-5 0.958MBps 31.2ms</bind>
  <bind>Comp:12-1-5 Comp:12-2-0 0.958MBps 31.2ms</bind>
  <bind>Comp:12-2-0 Comp:12-1-6 0.958MBps 31.2ms</bind>
  <bind>Comp:12-1-6 Comp:12-2-0 0.958MBps 31.2ms</bind>
  <bind>Comp:12-3-0 Comp:12-2-0 0.887MBps 27.7ms</bind>
  <bind>Comp:12-2-0 Comp:12-3-0 0.887MBps 27.7ms</bind>
  <bind>Comp:12-3-1 Comp:12-2-0 0.887MBps 27.7ms</bind>
  <bind>Comp:12-2-0 Comp:12-3-1 0.887MBps 27.7ms</bind>
  <bind>Comp:12-3-2 Comp:12-2-0 0.887MBps 27.7ms</bind>
  <bind>Comp:12-2-0 Comp:12-3-2 0.887MBps 27.7ms</bind>
  <bind>Comp:12-3-3 Comp:12-2-0 0.887MBps 27.7ms</bind>
  <bind>Comp:12-2-0 Comp:12-3-3 0.887MBps 27.7ms</bind>
  <bind>Comp:12-3-4 Comp:12-2-0 0.887MBps 27.7ms</bind>
  <bind>Comp:12-2-0 Comp:12-3-4 0.887MBps 27.7ms</bind>
  <bind>Comp:12-3-5 Comp:12-2-0 0.887MBps 27.7ms</bind>
  <bind>Comp:12-2-0 Comp:12-3-5 0.887MBps 27.7ms</bind>
  <bind>Comp:12-3-6 Comp:12-2-0 0.887MBps 27.7ms</bind>
  <bind>Comp:12-2-0 Comp:12-3-6 0.887MBps 27.7ms</bind>
  <bind>Comp:12-3-7 Comp:12-2-0 0.887MBps 27.7ms</bind>
  <bind>Comp:12-2-0 Comp:12-3-7 0.887MBps 27.7ms</bind>
  <bind>Comp:12-3-8 Comp:12-2-0 0.887MBps 27.7ms</bind>
  <bind>Comp:12-2-0 Comp:12-3-8 0.887MBps 27.7ms</bind>
  <bind>Comp:12-3-0 Appliance-30 0.3MBps 46.4ms</bind>
  <bind>Appliance-30 Comp:12-3-0 0.3MBps 46.4ms</bind>
  <bind>Comp:12-3-1 Appliance-14 0.3MBps 46.4ms</bind>
  <bind>Appliance-14 Comp:12-3-1 0.3MBps 46.4ms</bind>
  <bind>Comp:12-3-2 Appliance-25 0.3MBps 46.4ms</bind>
  <bind>Appliance-25 Comp:12-3-2 0.3MBps 46.4ms</bind>
  <bind>Comp:12-3-3 Appliance-25 0.3MBps 46.4ms</bind>
  <bind>Appliance-25 Comp:12-3-3 0.3MBps 46.4ms</bind>
  <bind>Comp:12-3-4 Appliance-30 0.3MBps 46.4ms</bind>
  <bind>Appliance-30 Comp:12-3-4 0.3MBps 46.4ms</bind>
  <bind>Comp:12-3-5 Appliance-14 0.3MBps 46.4ms</bind>
  <bind>Appliance-14 Comp:12-3-5 0.3MBps 46.4ms</bind>
  <bind>Comp:12-3-6 Appliance-25 0.3MBps 46.4ms</bind>
  <bind>Appliance-25 Comp:12-3-6 0.3MBps 46.4ms</bind>
  <bind>Comp:12-3-7 Appliance-25 0.3MBps 46.4ms</bind>
  <bind>Appliance-25 Comp:12-3-7 0.3MBps 46.4ms</bind>
  <bind>Comp:12-3-8 Appliance-30 0.3MBps 46.4ms</bind>
  <bind>Appliance-30 Comp:12-3-8 0.3MBps 46.4ms</bind>
</app>
<app>
  <id>App15</id>
<comp>
  <id>Comp:15-1-0</id>
  <CPU>0.274Gf</CPU>
  <RAM>0.942GB</RAM>
  <DISK>0.658GB</DISK>
</comp>
<comp>
  <id>Comp:15-1-1</id>
  <CPU>0.274Gf</CPU>
  <RAM>0.942GB</RAM>
  <DISK>0.658GB</DISK>
</comp>
<comp>
  <id>Comp:15-1-2</id>
  <CPU>0.274Gf</CPU>
  <RAM>0.942GB</RAM>
  <DISK>0.658GB</DISK>
</comp>
<comp>
  <id>Comp:15-1-3</id>
  <CPU>0.274Gf</CPU>
  <RAM>0.942GB</RAM>
  <DISK>0.658GB</DISK>
</comp>
<comp>
  <id>Comp:15-1-4</id>
  <CPU>0.274Gf</CPU>
  <RAM>0.942GB</RAM>
  <DISK>0.658GB</DISK>
</comp>
<comp>
  <id>Comp:15-1-5</id>
  <CPU>0.274Gf</CPU>
  <RAM>0.942GB</RAM>
  <DISK>0.658GB</DISK>
</comp>
<comp>
  <id>Comp:15-1-6</id>
  <CPU>0.274Gf</CPU>
  <RAM>0.942GB</RAM>
  <DISK>0.658GB</DISK>
</comp>
<comp>
  <id>Comp:15-1-7</id>
  <CPU>0.274Gf</CPU>
  <RAM>0.942GB</RAM>
  <DISK>0.658GB</DISK>
</comp>
<comp>
  <id>Comp:15-2-0</id>
  <CPU>0.42Gf</CPU>
  <RAM>0.405GB</RAM>
  <DISK>1.99GB</DISK>
</comp>
<comp>
  <id>Comp:15-2-1</id>
  <CPU>0.42Gf</CPU>
  <RAM>0.405GB</RAM>
  <DISK>1.99GB</DISK>
</comp>
<comp>
  <id>Comp:15-2-2</id>
  <CPU>0.42Gf</CPU>
  <RAM>0.405GB</RAM>
  <DISK>1.99GB</DISK>
</comp>
<comp>
  <id>Comp:15-2-3</id>
  <CPU>0.42Gf</CPU>
  <RAM>0.405GB</RAM>
  <DISK>1.99GB</DISK>
</comp>
<comp>
  <id>Comp:15-2-4</id>
  <CPU>0.42Gf</CPU>
  <RAM>0.405GB</RAM>
  <DISK>1.99GB</DISK>
</comp>
<comp>
  <id>Comp:15-2-5</id>
  <CPU>0.42Gf</CPU>
  <RAM>0.405GB</RAM>
  <DISK>1.99GB</DISK>
</comp>
<comp>
  <id>Comp:15-3-0</id>
  <CPU>0.17Gf</CPU>
  <RAM>0.651GB</RAM>
  <DISK>0.985GB</DISK>
</comp>
<comp>
  <id>Comp:15-3-1</id>
  <CPU>0.17Gf</CPU>
  <RAM>0.651GB</RAM>
  <DISK>0.985GB</DISK>
</comp>
<comp>
  <id>Comp:15-3-2</id>
  <CPU>0.17Gf</CPU>
  <RAM>0.651GB</RAM>
  <DISK>0.985GB</DISK>
</comp>
<comp>
  <id>Comp:15-3-3</id>
  <CPU>0.17Gf</CPU>
  <RAM>0.651GB</RAM>
  <DISK>0.985GB</DISK>
</comp>
<comp>
  <id>Comp:15-3-4</id>
  <CPU>0.17Gf</CPU>
  <RAM>0.651GB</RAM>
  <DISK>0.985GB</DISK>
</comp>
<comp>
  <id>Comp:15-3-5</id>
  <CPU>0.17Gf</CPU>
  <RAM>0.651GB</RAM>
  <DISK>0.985GB</DISK>
</comp>
<comp>
  <id>Comp:15-3-6</id>
  <CPU>0.17Gf</CPU>
  <RAM>0.651GB</RAM>
  <DISK>0.985GB</DISK>
</comp>
<comp>
  <id>Comp:15-3-7</id>
  <CPU>0.17Gf</CPU>
  <RAM>0.651GB</RAM>
  <DISK>0.985GB</DISK>
</comp>
<comp>
  <id>Comp:15-3-8</id>
  <CPU>0.17Gf</CPU>
  <RAM>0.651GB</RAM>
  <DISK>0.985GB</DISK>
</comp>
<comp>
  <id>Comp:15-4-0</id>
  <CPU>0.97Gf</CPU>
  <RAM>0.837GB</RAM>
  <DISK>1.41GB</DISK>
</comp>
<comp>
  <id>Comp:15-4-1</id>
  <CPU>0.97Gf</CPU>
  <RAM>0.837GB</RAM>
  <DISK>1.41GB</DISK>
</comp>
<comp>
  <id>Comp:15-4-2</id>
  <CPU>0.97Gf</CPU>
  <RAM>0.837GB</RAM>
  <DISK>1.41GB</DISK>
</comp>
<comp>
  <id>Comp:15-4-3</id>
  <CPU>0.97Gf</CPU>
  <RAM>0.837GB</RAM>
  <DISK>1.41GB</DISK>
</comp>
<comp>
  <id>Comp:15-4-4</id>
  <CPU>0.97Gf</CPU>
  <RAM>0.837GB</RAM>
  <DISK>1.41GB</DISK>
</comp>
<comp>
  <id>Comp:15-4-5</id>
  <CPU>0.97Gf</CPU>
  <RAM>0.837GB</RAM>
  <DISK>1.41GB</DISK>
</comp>
  <bind>Comp:15-1-0 Appliance-25 0.156MBps 48.2ms</bind>
  <bind>Appliance-25 Comp:15-1-0 0.156MBps 48.2ms</bind>
  <bind>Comp:15-1-1 Appliance-29 0.156MBps 48.2ms</bind>
  <bind>Appliance-29 Comp:15-1-1 0.156MBps 48.2ms</bind>
  <bind>Comp:15-1-2 Appliance-0 0.156MBps 48.2ms</bind>
  <bind>Appliance-0 Comp:15-1-2 0.156MBps 48.2ms</bind>
  <bind>Comp:15-1-3 Appliance-9 0.156MBps 48.2ms</bind>
  <bind>Appliance-9 Comp:15-1-3 0.156MBps 48.2ms</bind>
  <bind>Comp:15-1-4 Appliance-29 0.156MBps 48.2ms</bind>
  <bind>Appliance-29 Comp:15-1-4 0.156MBps 48.2ms</bind>
  <bind>Comp:15-1-5 Appliance-30 0.156MBps 48.2ms</bind>
  <bind>Appliance-30 Comp:15-1-5 0.156MBps 48.2ms</bind>
  <bind>Comp:15-1-6 Appliance-14 0.156MBps 48.2ms</bind>
  <bind>Appliance-14 Comp:15-1-6 0.156MBps 48.2ms</bind>
  <bind>Comp:15-1-7 Appliance-9 0.156MBps 48.2ms</bind>
  <bind>Appliance-9 Comp:15-1-7 0.156MBps 48.2ms</bind>
  <bind>Comp:15-1-0 Appliance-14 0.156MBps 48.2ms</bind>
  <bind>Appliance-14 Comp:15-1-0 0.156MBps 48.2ms</bind>
  <bind>Comp:15-2-0 Comp:15-1-0 0.454MBps 43.1ms</bind>
  <bind>Comp:15-1-0 Comp:15-2-0 0.454MBps 43.1ms</bind>
  <bind>Comp:15-2-1 Comp:15-1-1 0.454MBps 43.1ms</bind>
  <bind>Comp:15-1-1 Comp:15-2-1 0.454MBps 43.1ms</bind>
  <bind>Comp:15-2-2 Comp:15-1-2 0.454MBps 43.1ms</bind>
  <bind>Comp:15-1-2 Comp:15-2-2 0.454MBps 43.1ms</bind>
  <bind>Comp:15-2-3 Comp:15-1-3 0.454MBps 43.1ms</bind>
  <bind>Comp:15-1-3 Comp:15-2-3 0.454MBps 43.1ms</bind>
  <bind>Comp:15-2-4 Comp:15-1-4 0.454MBps 43.1ms</bind>
  <bind>Comp:15-1-4 Comp:15-2-4 0.454MBps 43.1ms</bind>
  <bind>Comp:15-2-5 Comp:15-1-5 0.454MBps 43.1ms</bind>
  <bind>Comp:15-1-5 Comp:15-2-5 0.454MBps 43.1ms</bind>
  <bind>Comp:15-2-0 Comp:15-1-6 0.454MBps 43.1ms</bind>
  <bind>Comp:15-1-6 Comp:15-2-0 0.454MBps 43.1ms</bind>
  <bind>Comp:15-2-1 Comp:15-1-7 0.454MBps 43.1ms</bind>
  <bind>Comp:15-1-7 Comp:15-2-1 0.454MBps 43.1ms</bind>
  <bind>Comp:15-3-0 Comp:15-2-0 0.648MBps 41.2ms</bind>
  <bind>Comp:15-2-0 Comp:15-3-0 0.648MBps 41.2ms</bind>
  <bind>Comp:15-3-1 Comp:15-2-1 0.648MBps 41.2ms</bind>
  <bind>Comp:15-2-1 Comp:15-3-1 0.648MBps 41.2ms</bind>
  <bind>Comp:15-3-2 Comp:15-2-2 0.648MBps 41.2ms</bind>
  <bind>Comp:15-2-2 Comp:15-3-2 0.648MBps 41.2ms</bind>
  <bind>Comp:15-3-3 Comp:15-2-3 0.648MBps 41.2ms</bind>
  <bind>Comp:15-2-3 Comp:15-3-3 0.648MBps 41.2ms</bind>
  <bind>Comp:15-3-4 Comp:15-2-4 0.648MBps 41.2ms</bind>
  <bind>Comp:15-2-4 Comp:15-3-4 0.648MBps 41.2ms</bind>
  <bind>Comp:15-3-5 Comp:15-2-5 0.648MBps 41.2ms</bind>
  <bind>Comp:15-2-5 Comp:15-3-5 0.648MBps 41.2ms</bind>
  <bind>Comp:15-3-6 Comp:15-2-0 0.648MBps 41.2ms</bind>
  <bind>Comp:15-2-0 Comp:15-3-6 0.648MBps 41.2ms</bind>
  <bind>Comp:15-3-7 Comp:15-2-1 0.648MBps 41.2ms</bind>
  <bind>Comp:15-2-1 Comp:15-3-7 0.648MBps 41.2ms</bind>
  <bind>Comp:15-3-8 Comp:15-2-2 0.648MBps 41.2ms</bind>
  <bind>Comp:15-2-2 Comp:15-3-8 0.648MBps 41.2ms</bind>
  <bind>Comp:15-4-0 Comp:15-3-0 0.442MBps 43.8ms</bind>
  <bind>Comp:15-3-0 Comp:15-4-0 0.442MBps 43.8ms</bind>
  <bind>Comp:15-4-1 Comp:15-3-1 0.442MBps 43.8ms</bind>
  <bind>Comp:15-3-1 Comp:15-4-1 0.442MBps 43.8ms</bind>
  <bind>Comp:15-4-2 Comp:15-3-2 0.442MBps 43.8ms</bind>
  <bind>Comp:15-3-2 Comp:15-4-2 0.442MBps 43.8ms</bind>
  <bind>Comp:15-4-3 Comp:15-3-3 0.442MBps 43.8ms</bind>
  <bind>Comp:15-3-3 Comp:15-4-3 0.442MBps 43.8ms</bind>
  <bind>Comp:15-4-4 Comp:15-3-4 0.442MBps 43.8ms</bind>
  <bind>Comp:15-3-4 Comp:15-4-4 0.442MBps 43.8ms</bind>
  <bind>Comp:15-4-5 Comp:15-3-5 0.442MBps 43.8ms</bind>
  <bind>Comp:15-3-5 Comp:15-4-5 0.442MBps 43.8ms</bind>
  <bind>Comp:15-4-0 Comp:15-3-6 0.442MBps 43.8ms</bind>
  <bind>Comp:15-3-6 Comp:15-4-0 0.442MBps 43.8ms</bind>
  <bind>Comp:15-4-1 Comp:15-3-7 0.442MBps 43.8ms</bind>
  <bind>Comp:15-3-7 Comp:15-4-1 0.442MBps 43.8ms</bind>
  <bind>Comp:15-4-2 Comp:15-3-8 0.442MBps 43.8ms</bind>
  <bind>Comp:15-3-8 Comp:15-4-2 0.442MBps 43.8ms</bind>
  <bind>Comp:15-4-0 Appliance-9 0.997MBps 34.0ms</bind>
  <bind>Appliance-9 Comp:15-4-0 0.997MBps 34.0ms</bind>
  <bind>Comp:15-4-1 Appliance-0 0.997MBps 34.0ms</bind>
  <bind>Appliance-0 Comp:15-4-1 0.997MBps 34.0ms</bind>
  <bind>Comp:15-4-2 Appliance-19 0.997MBps 34.0ms</bind>
  <bind>Appliance-19 Comp:15-4-2 0.997MBps 34.0ms</bind>
  <bind>Comp:15-4-3 Appliance-25 0.997MBps 34.0ms</bind>
  <bind>Appliance-25 Comp:15-4-3 0.997MBps 34.0ms</bind>
  <bind>Comp:15-4-4 Appliance-20 0.997MBps 34.0ms</bind>
  <bind>Appliance-20 Comp:15-4-4 0.997MBps 34.0ms</bind>
  <bind>Comp:15-4-5 Appliance-0 0.997MBps 34.0ms</bind>
  <bind>Appliance-0 Comp:15-4-5 0.997MBps 34.0ms</bind>
  <bind>Comp:15-4-0 Appliance-25 0.997MBps 34.0ms</bind>
  <bind>Appliance-25 Comp:15-4-0 0.997MBps 34.0ms</bind>
  <bind>Comp:15-4-1 Appliance-0 0.997MBps 34.0ms</bind>
  <bind>Appliance-0 Comp:15-4-1 0.997MBps 34.0ms</bind>
</app>
</apps>
