<?xml version="1.0"?>
<apps>
<app>
  <id>App1</id>
<comp>
  <id>Comp:1-0-0</id>
  <CPU>0.842Gf</CPU>
  <RAM>0.648GB</RAM>
  <DISK>0.04GB</DISK>
</comp>
<comp>
  <id>Comp:1-0-1</id>
  <CPU>0.842Gf</CPU>
  <RAM>0.648GB</RAM>
  <DISK>0.04GB</DISK>
</comp>
<comp>
  <id>Comp:1-0-2</id>
  <CPU>0.842Gf</CPU>
  <RAM>0.648GB</RAM>
  <DISK>0.04GB</DISK>
</comp>
<comp>
  <id>Comp:1-0-3</id>
  <CPU>0.842Gf</CPU>
  <RAM>0.648GB</RAM>
  <DISK>0.04GB</DISK>
</comp>
<comp>
  <id>Comp:1-1-0</id>
  <CPU>0.566Gf</CPU>
  <RAM>0.973GB</RAM>
  <DISK>0.111GB</DISK>
</comp>
<comp>
  <id>Comp:1-1-1</id>
  <CPU>0.566Gf</CPU>
  <RAM>0.973GB</RAM>
  <DISK>0.111GB</DISK>
</comp>
<comp>
  <id>Comp:1-1-2</id>
  <CPU>0.566Gf</CPU>
  <RAM>0.973GB</RAM>
  <DISK>0.111GB</DISK>
</comp>
<comp>
  <id>Comp:1-1-3</id>
  <CPU>0.566Gf</CPU>
  <RAM>0.973GB</RAM>
  <DISK>0.111GB</DISK>
</comp>
<comp>
  <id>Comp:1-1-4</id>
  <CPU>0.566Gf</CPU>
  <RAM>0.973GB</RAM>
  <DISK>0.111GB</DISK>
</comp>
<comp>
  <id>Comp:1-1-5</id>
  <CPU>0.566Gf</CPU>
  <RAM>0.973GB</RAM>
  <DISK>0.111GB</DISK>
</comp>
<comp>
  <id>Comp:1-1-6</id>
  <CPU>0.566Gf</CPU>
  <RAM>0.973GB</RAM>
  <DISK>0.111GB</DISK>
</comp>
<comp>
  <id>Comp:1-1-7</id>
  <CPU>0.566Gf</CPU>
  <RAM>0.973GB</RAM>
  <DISK>0.111GB</DISK>
</comp>
<comp>
  <id>Comp:1-1-8</id>
  <CPU>0.566Gf</CPU>
  <RAM>0.973GB</RAM>
  <DISK>0.111GB</DISK>
</comp>
<comp>
  <id>Comp:1-2-0</id>
  <CPU>0.732Gf</CPU>
  <RAM>0.957GB</RAM>
  <DISK>0.703GB</DISK>
</comp>
<comp>
  <id>Comp:1-2-1</id>
  <CPU>0.732Gf</CPU>
  <RAM>0.957GB</RAM>
  <DISK>0.703GB</DISK>
</comp>
<comp>
  <id>Comp:1-2-2</id>
  <CPU>0.732Gf</CPU>
  <RAM>0.957GB</RAM>
  <DISK>0.703GB</DISK>
</comp>
  <bind>Comp:1-1-0 Comp:1-0-0 0.448MBps 34.5ms</bind>
  <bind>Comp:1-0-0 Comp:1-1-0 0.448MBps 34.5ms</bind>
  <bind>Comp:1-1-1 Comp:1-0-1 0.448MBps 34.5ms</bind>
  <bind>Comp:1-0-1 Comp:1-1-1 0.448MBps 34.5ms</bind>
  <bind>Comp:1-1-2 Comp:1-0-2 0.448MBps 34.5ms</bind>
  <bind>Comp:1-0-2 Comp:1-1-2 0.448MBps 34.5ms</bind>
  <bind>Comp:1-1-3 Comp:1-0-3 0.448MBps 34.5ms</bind>
  <bind>Comp:1-0-3 Comp:1-1-3 0.448MBps 34.5ms</bind>
  <bind>Comp:1-1-4 Comp:1-0-0 0.448MBps 34.5ms</bind>
  <bind>Comp:1-0-0 Comp:1-1-4 0.448MBps 34.5ms</bind>
  <bind>Comp:1-1-5 Comp:1-0-1 0.448MBps 34.5ms</bind>
  <bind>Comp:1-0-1 Comp:1-1-5 0.448MBps 34.5ms</bind>
  <bind>Comp:1-1-6 Comp:1-0-2 0.448MBps 34.5ms</bind>
  <bind>Comp:1-0-2 Comp:1-1-6 0.448MBps 34.5ms</bind>
  <bind>Comp:1-1-7 Comp:1-0-3 0.448MBps 34.5ms</bind>
  <bind>Comp:1-0-3 Comp:1-1-7 0.448MBps 34.5ms</bind>
  <bind>Comp:1-1-8 Comp:1-0-0 0.448MBps 34.5ms</bind>
  <bind>Comp:1-0-0 Comp:1-1-8 0.448MBps 34.5ms</bind>
  <bind>Comp:1-2-0 Comp:1-1-0 0.0394MBps 42.0ms</bind>
  <bind>Comp:1-1-0 Comp:1-2-0 0.0394MBps 42.0ms</bind>
  <bind>Comp:1-2-1 Comp:1-1-1 0.0394MBps 42.0ms</bind>
  <bind>Comp:1-1-1 Comp:1-2-1 0.0394MBps 42.0ms</bind>
  <bind>Comp:1-2-2 Comp:1-1-2 0.0394MBps 42.0ms</bind>
  <bind>Comp:1-1-2 Comp:1-2-2 0.0394MBps 42.0ms</bind>
  <bind>Comp:1-2-0 Comp:1-1-3 0.0394MBps 42.0ms</bind>
  <bind>Comp:1-1-3 Comp:1-2-0 0.0394MBps 42.0ms</bind>
  <bind>Comp:1-2-1 Comp:1-1-4 0.0394MBps 42.0ms</bind>
  <bind>Comp:1-1-4 Comp:1-2-1 0.0394MBps 42.0ms</bind>
  <bind>Comp:1-2-2 Comp:1-1-5 0.0394MBps 42.0ms</bind>
  <bind>Comp:1-1-5 Comp:1-2-2 0.0394MBps 42.0ms</bind>
  <bind>Comp:1-2-0 Comp:1-1-6 0.0394MBps 42.0ms</bind>
  <bind>Comp:1-1-6 Comp:1-2-0 0.0394MBps 42.0ms</bind>
  <bind>Comp:1-2-1 Comp:1-1-7 0.0394MBps 42.0ms</bind>
  <bind>Comp:1-1-7 Comp:1-2-1 0.0394MBps 42.0ms</bind>
  <bind>Comp:1-2-2 Comp:1-1-8 0.0394MBps 42.0ms</bind>
  <bind>Comp:1-1-8 Comp:1-2-2 0.0394MBps 42.0ms</bind>
  <bind>Comp:1-2-0 Appliance-343 0.612MBps 46.4ms</bind>
  <bind>Appliance-343 Comp:1-2-0 0.612MBps 46.4ms</bind>
  <bind>Comp:1-2-1 Appliance-312 0.612MBps 46.4ms</bind>
  <bind>Appliance-312 Comp:1-2-1 0.612MBps 46.4ms</bind>
  <bind>Comp:1-2-2 Appliance-134 0.612MBps 46.4ms</bind>
  <bind>Appliance-134 Comp:1-2-2 0.612MBps 46.4ms</bind>
  <bind>Comp:1-2-0 Appliance-364 0.612MBps 46.4ms</bind>
  <bind>Appliance-364 Comp:1-2-0 0.612MBps 46.4ms</bind>
  <bind>Comp:1-2-1 Appliance-4 0.612MBps 46.4ms</bind>
  <bind>Appliance-4 Comp:1-2-1 0.612MBps 46.4ms</bind>
  <bind>Comp:1-2-2 Appliance-168 0.612MBps 46.4ms</bind>
  <bind>Appliance-168 Comp:1-2-2 0.612MBps 46.4ms</bind>
</app>
</apps>
