<?xml version="1.0"?>
<apps>
<app>
  <id>App1</id>
<comp>
  <id>Comp:1-0-0</id>
  <CPU>0.842Gf</CPU>
  <RAM>0.648GB</RAM>
  <DISK>0.04GB</DISK>
</comp>
<comp>
  <id>Comp:1-0-1</id>
  <CPU>0.842Gf</CPU>
  <RAM>0.648GB</RAM>
  <DISK>0.04GB</DISK>
</comp>
<comp>
  <id>Comp:1-0-2</id>
  <CPU>0.842Gf</CPU>
  <RAM>0.648GB</RAM>
  <DISK>0.04GB</DISK>
</comp>
<comp>
  <id>Comp:1-0-3</id>
  <CPU>0.842Gf</CPU>
  <RAM>0.648GB</RAM>
  <DISK>0.04GB</DISK>
</comp>
<comp>
  <id>Comp:1-1-0</id>
  <CPU>0.566Gf</CPU>
  <RAM>0.973GB</RAM>
  <DISK>0.111GB</DISK>
</comp>
<comp>
  <id>Comp:1-1-1</id>
  <CPU>0.566Gf</CPU>
  <RAM>0.973GB</RAM>
  <DISK>0.111GB</DISK>
</comp>
<comp>
  <id>Comp:1-1-2</id>
  <CPU>0.566Gf</CPU>
  <RAM>0.973GB</RAM>
  <DISK>0.111GB</DISK>
</comp>
<comp>
  <id>Comp:1-1-3</id>
  <CPU>0.566Gf</CPU>
  <RAM>0.973GB</RAM>
  <DISK>0.111GB</DISK>
</comp>
<comp>
  <id>Comp:1-1-4</id>
  <CPU>0.566Gf</CPU>
  <RAM>0.973GB</RAM>
  <DISK>0.111GB</DISK>
</comp>
<comp>
  <id>Comp:1-1-5</id>
  <CPU>0.566Gf</CPU>
  <RAM>0.973GB</RAM>
  <DISK>0.111GB</DISK>
</comp>
<comp>
  <id>Comp:1-1-6</id>
  <CPU>0.566Gf</CPU>
  <RAM>0.973GB</RAM>
  <DISK>0.111GB</DISK>
</comp>
<comp>
  <id>Comp:1-1-7</id>
  <CPU>0.566Gf</CPU>
  <RAM>0.973GB</RAM>
  <DISK>0.111GB</DISK>
</comp>
<comp>
  <id>Comp:1-1-8</id>
  <CPU>0.566Gf</CPU>
  <RAM>0.973GB</RAM>
  <DISK>0.111GB</DISK>
</comp>
<comp>
  <id>Comp:1-2-0</id>
  <CPU>0.732Gf</CPU>
  <RAM>0.957GB</RAM>
  <DISK>0.703GB</DISK>
</comp>
<comp>
  <id>Comp:1-2-1</id>
  <CPU>0.732Gf</CPU>
  <RAM>0.957GB</RAM>
  <DISK>0.703GB</DISK>
</comp>
<comp>
  <id>Comp:1-2-2</id>
  <CPU>0.732Gf</CPU>
  <RAM>0.957GB</RAM>
  <DISK>0.703GB</DISK>
</comp>
  <bind>Comp:1-1-0 Comp:1-0-0 0.448MBps 34.5ms</bind>
  <bind>Comp:1-0-0 Comp:1-1-0 0.448MBps 34.5ms</bind>
  <bind>Comp:1-1-1 Comp:1-0-1 0.448MBps 34.5ms</bind>
  <bind>Comp:1-0-1 Comp:1-1-1 0.448MBps 34.5ms</bind>
  <bind>Comp:1-1-2 Comp:1-0-2 0.448MBps 34.5ms</bind>
  <bind>Comp:1-0-2 Comp:1-1-2 0.448MBps 34.5ms</bind>
  <bind>Comp:1-1-3 Comp:1-0-3 0.448MBps 34.5ms</bind>
  <bind>Comp:1-0-3 Comp:1-1-3 0.448MBps 34.5ms</bind>
  <bind>Comp:1-1-4 Comp:1-0-0 0.448MBps 34.5ms</bind>
  <bind>Comp:1-0-0 Comp:1-1-4 0.448MBps 34.5ms</bind>
  <bind>Comp:1-1-5 Comp:1-0-1 0.448MBps 34.5ms</bind>
  <bind>Comp:1-0-1 Comp:1-1-5 0.448MBps 34.5ms</bind>
  <bind>Comp:1-1-6 Comp:1-0-2 0.448MBps 34.5ms</bind>
  <bind>Comp:1-0-2 Comp:1-1-6 0.448MBps 34.5ms</bind>
  <bind>Comp:1-1-7 Comp:1-0-3 0.448MBps 34.5ms</bind>
  <bind>Comp:1-0-3 Comp:1-1-7 0.448MBps 34.5ms</bind>
  <bind>Comp:1-1-8 Comp:1-0-0 0.448MBps 34.5ms</bind>
  <bind>Comp:1-0-0 Comp:1-1-8 0.448MBps 34.5ms</bind>
  <bind>Comp:1-2-0 Comp:1-1-0 0.0394MBps 42.0ms</bind>
  <bind>Comp:1-1-0 Comp:1-2-0 0.0394MBps 42.0ms</bind>
  <bind>Comp:1-2-1 Comp:1-1-1 0.0394MBps 42.0ms</bind>
  <bind>Comp:1-1-1 Comp:1-2-1 0.0394MBps 42.0ms</bind>
  <bind>Comp:1-2-2 Comp:1-1-2 0.0394MBps 42.0ms</bind>
  <bind>Comp:1-1-2 Comp:1-2-2 0.0394MBps 42.0ms</bind>
  <bind>Comp:1-2-0 Comp:1-1-3 0.0394MBps 42.0ms</bind>
  <bind>Comp:1-1-3 Comp:1-2-0 0.0394MBps 42.0ms</bind>
  <bind>Comp:1-2-1 Comp:1-1-4 0.0394MBps 42.0ms</bind>
  <bind>Comp:1-1-4 Comp:1-2-1 0.0394MBps 42.0ms</bind>
  <bind>Comp:1-2-2 Comp:1-1-5 0.0394MBps 42.0ms</bind>
  <bind>Comp:1-1-5 Comp:1-2-2 0.0394MBps 42.0ms</bind>
  <bind>Comp:1-2-0 Comp:1-1-6 0.0394MBps 42.0ms</bind>
  <bind>Comp:1-1-6 Comp:1-2-0 0.0394MBps 42.0ms</bind>
  <bind>Comp:1-2-1 Comp:1-1-7 0.0394MBps 42.0ms</bind>
  <bind>Comp:1-1-7 Comp:1-2-1 0.0394MBps 42.0ms</bind>
  <bind>Comp:1-2-2 Comp:1-1-8 0.0394MBps 42.0ms</bind>
  <bind>Comp:1-1-8 Comp:1-2-2 0.0394MBps 42.0ms</bind>
  <bind>Comp:1-2-0 Appliance-343 0.612MBps 46.4ms</bind>
  <bind>Appliance-343 Comp:1-2-0 0.612MBps 46.4ms</bind>
  <bind>Comp:1-2-1 Appliance-312 0.612MBps 46.4ms</bind>
  <bind>Appliance-312 Comp:1-2-1 0.612MBps 46.4ms</bind>
  <bind>Comp:1-2-2 Appliance-134 0.612MBps 46.4ms</bind>
  <bind>Appliance-134 Comp:1-2-2 0.612MBps 46.4ms</bind>
  <bind>Comp:1-2-0 Appliance-364 0.612MBps 46.4ms</bind>
  <bind>Appliance-364 Comp:1-2-0 0.612MBps 46.4ms</bind>
  <bind>Comp:1-2-1 Appliance-4 0.612MBps 46.4ms</bind>
  <bind>Appliance-4 Comp:1-2-1 0.612MBps 46.4ms</bind>
  <bind>Comp:1-2-2 Appliance-168 0.612MBps 46.4ms</bind>
  <bind>Appliance-168 Comp:1-2-2 0.612MBps 46.4ms</bind>
</app>
<app>
  <id>App10</id>
<comp>
  <id>Comp:10-1-0</id>
  <CPU>0.992Gf</CPU>
  <RAM>0.528GB</RAM>
  <DISK>1.31GB</DISK>
</comp>
<comp>
  <id>Comp:10-1-1</id>
  <CPU>0.992Gf</CPU>
  <RAM>0.528GB</RAM>
  <DISK>1.31GB</DISK>
</comp>
<comp>
  <id>Comp:10-1-2</id>
  <CPU>0.992Gf</CPU>
  <RAM>0.528GB</RAM>
  <DISK>1.31GB</DISK>
</comp>
<comp>
  <id>Comp:10-1-3</id>
  <CPU>0.992Gf</CPU>
  <RAM>0.528GB</RAM>
  <DISK>1.31GB</DISK>
</comp>
<comp>
  <id>Comp:10-1-4</id>
  <CPU>0.992Gf</CPU>
  <RAM>0.528GB</RAM>
  <DISK>1.31GB</DISK>
</comp>
<comp>
  <id>Comp:10-1-5</id>
  <CPU>0.992Gf</CPU>
  <RAM>0.528GB</RAM>
  <DISK>1.31GB</DISK>
</comp>
<comp>
  <id>Comp:10-1-6</id>
  <CPU>0.992Gf</CPU>
  <RAM>0.528GB</RAM>
  <DISK>1.31GB</DISK>
</comp>
<comp>
  <id>Comp:10-1-7</id>
  <CPU>0.992Gf</CPU>
  <RAM>0.528GB</RAM>
  <DISK>1.31GB</DISK>
</comp>
<comp>
  <id>Comp:10-2-0</id>
  <CPU>0.824Gf</CPU>
  <RAM>0.174GB</RAM>
  <DISK>0.673GB</DISK>
</comp>
<comp>
  <id>Comp:10-2-1</id>
  <CPU>0.824Gf</CPU>
  <RAM>0.174GB</RAM>
  <DISK>0.673GB</DISK>
</comp>
<comp>
  <id>Comp:10-2-2</id>
  <CPU>0.824Gf</CPU>
  <RAM>0.174GB</RAM>
  <DISK>0.673GB</DISK>
</comp>
<comp>
  <id>Comp:10-2-3</id>
  <CPU>0.824Gf</CPU>
  <RAM>0.174GB</RAM>
  <DISK>0.673GB</DISK>
</comp>
<comp>
  <id>Comp:10-3-0</id>
  <CPU>0.545Gf</CPU>
  <RAM>0.918GB</RAM>
  <DISK>0.445GB</DISK>
</comp>
<comp>
  <id>Comp:10-3-1</id>
  <CPU>0.545Gf</CPU>
  <RAM>0.918GB</RAM>
  <DISK>0.445GB</DISK>
</comp>
<comp>
  <id>Comp:10-3-2</id>
  <CPU>0.545Gf</CPU>
  <RAM>0.918GB</RAM>
  <DISK>0.445GB</DISK>
</comp>
<comp>
  <id>Comp:10-3-3</id>
  <CPU>0.545Gf</CPU>
  <RAM>0.918GB</RAM>
  <DISK>0.445GB</DISK>
</comp>
<comp>
  <id>Comp:10-3-4</id>
  <CPU>0.545Gf</CPU>
  <RAM>0.918GB</RAM>
  <DISK>0.445GB</DISK>
</comp>
<comp>
  <id>Comp:10-3-5</id>
  <CPU>0.545Gf</CPU>
  <RAM>0.918GB</RAM>
  <DISK>0.445GB</DISK>
</comp>
<comp>
  <id>Comp:10-3-6</id>
  <CPU>0.545Gf</CPU>
  <RAM>0.918GB</RAM>
  <DISK>0.445GB</DISK>
</comp>
<comp>
  <id>Comp:10-3-7</id>
  <CPU>0.545Gf</CPU>
  <RAM>0.918GB</RAM>
  <DISK>0.445GB</DISK>
</comp>
  <bind>Comp:10-1-0 Appliance-313 0.92MBps 41.8ms</bind>
  <bind>Appliance-313 Comp:10-1-0 0.92MBps 41.8ms</bind>
  <bind>Comp:10-1-1 Appliance-150 0.92MBps 41.8ms</bind>
  <bind>Appliance-150 Comp:10-1-1 0.92MBps 41.8ms</bind>
  <bind>Comp:10-1-2 Appliance-4 0.92MBps 41.8ms</bind>
  <bind>Appliance-4 Comp:10-1-2 0.92MBps 41.8ms</bind>
  <bind>Comp:10-1-3 Appliance-199 0.92MBps 41.8ms</bind>
  <bind>Appliance-199 Comp:10-1-3 0.92MBps 41.8ms</bind>
  <bind>Comp:10-1-4 Appliance-279 0.92MBps 41.8ms</bind>
  <bind>Appliance-279 Comp:10-1-4 0.92MBps 41.8ms</bind>
  <bind>Comp:10-1-5 Appliance-40 0.92MBps 41.8ms</bind>
  <bind>Appliance-40 Comp:10-1-5 0.92MBps 41.8ms</bind>
  <bind>Comp:10-1-6 Appliance-257 0.92MBps 41.8ms</bind>
  <bind>Appliance-257 Comp:10-1-6 0.92MBps 41.8ms</bind>
  <bind>Comp:10-1-7 Appliance-109 0.92MBps 41.8ms</bind>
  <bind>Appliance-109 Comp:10-1-7 0.92MBps 41.8ms</bind>
  <bind>Comp:10-2-0 Comp:10-1-0 0.66MBps 37.6ms</bind>
  <bind>Comp:10-1-0 Comp:10-2-0 0.66MBps 37.6ms</bind>
  <bind>Comp:10-2-1 Comp:10-1-1 0.66MBps 37.6ms</bind>
  <bind>Comp:10-1-1 Comp:10-2-1 0.66MBps 37.6ms</bind>
  <bind>Comp:10-2-2 Comp:10-1-2 0.66MBps 37.6ms</bind>
  <bind>Comp:10-1-2 Comp:10-2-2 0.66MBps 37.6ms</bind>
  <bind>Comp:10-2-3 Comp:10-1-3 0.66MBps 37.6ms</bind>
  <bind>Comp:10-1-3 Comp:10-2-3 0.66MBps 37.6ms</bind>
  <bind>Comp:10-2-0 Comp:10-1-4 0.66MBps 37.6ms</bind>
  <bind>Comp:10-1-4 Comp:10-2-0 0.66MBps 37.6ms</bind>
  <bind>Comp:10-2-1 Comp:10-1-5 0.66MBps 37.6ms</bind>
  <bind>Comp:10-1-5 Comp:10-2-1 0.66MBps 37.6ms</bind>
  <bind>Comp:10-2-2 Comp:10-1-6 0.66MBps 37.6ms</bind>
  <bind>Comp:10-1-6 Comp:10-2-2 0.66MBps 37.6ms</bind>
  <bind>Comp:10-2-3 Comp:10-1-7 0.66MBps 37.6ms</bind>
  <bind>Comp:10-1-7 Comp:10-2-3 0.66MBps 37.6ms</bind>
  <bind>Comp:10-3-0 Comp:10-2-0 0.256MBps 37.0ms</bind>
  <bind>Comp:10-2-0 Comp:10-3-0 0.256MBps 37.0ms</bind>
  <bind>Comp:10-3-1 Comp:10-2-1 0.256MBps 37.0ms</bind>
  <bind>Comp:10-2-1 Comp:10-3-1 0.256MBps 37.0ms</bind>
  <bind>Comp:10-3-2 Comp:10-2-2 0.256MBps 37.0ms</bind>
  <bind>Comp:10-2-2 Comp:10-3-2 0.256MBps 37.0ms</bind>
  <bind>Comp:10-3-3 Comp:10-2-3 0.256MBps 37.0ms</bind>
  <bind>Comp:10-2-3 Comp:10-3-3 0.256MBps 37.0ms</bind>
  <bind>Comp:10-3-4 Comp:10-2-0 0.256MBps 37.0ms</bind>
  <bind>Comp:10-2-0 Comp:10-3-4 0.256MBps 37.0ms</bind>
  <bind>Comp:10-3-5 Comp:10-2-1 0.256MBps 37.0ms</bind>
  <bind>Comp:10-2-1 Comp:10-3-5 0.256MBps 37.0ms</bind>
  <bind>Comp:10-3-6 Comp:10-2-2 0.256MBps 37.0ms</bind>
  <bind>Comp:10-2-2 Comp:10-3-6 0.256MBps 37.0ms</bind>
  <bind>Comp:10-3-7 Comp:10-2-3 0.256MBps 37.0ms</bind>
  <bind>Comp:10-2-3 Comp:10-3-7 0.256MBps 37.0ms</bind>
  <bind>Comp:10-3-0 Appliance-224 0.276MBps 34.0ms</bind>
  <bind>Appliance-224 Comp:10-3-0 0.276MBps 34.0ms</bind>
  <bind>Comp:10-3-1 Appliance-80 0.276MBps 34.0ms</bind>
  <bind>Appliance-80 Comp:10-3-1 0.276MBps 34.0ms</bind>
  <bind>Comp:10-3-2 Appliance-324 0.276MBps 34.0ms</bind>
  <bind>Appliance-324 Comp:10-3-2 0.276MBps 34.0ms</bind>
  <bind>Comp:10-3-3 Appliance-27 0.276MBps 34.0ms</bind>
  <bind>Appliance-27 Comp:10-3-3 0.276MBps 34.0ms</bind>
  <bind>Comp:10-3-4 Appliance-14 0.276MBps 34.0ms</bind>
  <bind>Appliance-14 Comp:10-3-4 0.276MBps 34.0ms</bind>
  <bind>Comp:10-3-5 Appliance-93 0.276MBps 34.0ms</bind>
  <bind>Appliance-93 Comp:10-3-5 0.276MBps 34.0ms</bind>
  <bind>Comp:10-3-6 Appliance-363 0.276MBps 34.0ms</bind>
  <bind>Appliance-363 Comp:10-3-6 0.276MBps 34.0ms</bind>
  <bind>Comp:10-3-7 Appliance-62 0.276MBps 34.0ms</bind>
  <bind>Appliance-62 Comp:10-3-7 0.276MBps 34.0ms</bind>
  <bind>Comp:10-3-0 Appliance-112 0.276MBps 34.0ms</bind>
  <bind>Appliance-112 Comp:10-3-0 0.276MBps 34.0ms</bind>
</app>
<app>
  <id>App11</id>
<comp>
  <id>Comp:11-0-0</id>
  <CPU>0.805Gf</CPU>
  <RAM>0.381GB</RAM>
  <DISK>1.34GB</DISK>
</comp>
<comp>
  <id>Comp:11-0-1</id>
  <CPU>0.805Gf</CPU>
  <RAM>0.381GB</RAM>
  <DISK>1.34GB</DISK>
</comp>
<comp>
  <id>Comp:11-0-2</id>
  <CPU>0.805Gf</CPU>
  <RAM>0.381GB</RAM>
  <DISK>1.34GB</DISK>
</comp>
<comp>
  <id>Comp:11-0-3</id>
  <CPU>0.805Gf</CPU>
  <RAM>0.381GB</RAM>
  <DISK>1.34GB</DISK>
</comp>
<comp>
  <id>Comp:11-0-4</id>
  <CPU>0.805Gf</CPU>
  <RAM>0.381GB</RAM>
  <DISK>1.34GB</DISK>
</comp>
<comp>
  <id>Comp:11-1-0</id>
  <CPU>0.917Gf</CPU>
  <RAM>0.382GB</RAM>
  <DISK>0.542GB</DISK>
</comp>
<comp>
  <id>Comp:11-1-1</id>
  <CPU>0.917Gf</CPU>
  <RAM>0.382GB</RAM>
  <DISK>0.542GB</DISK>
</comp>
<comp>
  <id>Comp:11-1-2</id>
  <CPU>0.917Gf</CPU>
  <RAM>0.382GB</RAM>
  <DISK>0.542GB</DISK>
</comp>
<comp>
  <id>Comp:11-1-3</id>
  <CPU>0.917Gf</CPU>
  <RAM>0.382GB</RAM>
  <DISK>0.542GB</DISK>
</comp>
<comp>
  <id>Comp:11-1-4</id>
  <CPU>0.917Gf</CPU>
  <RAM>0.382GB</RAM>
  <DISK>0.542GB</DISK>
</comp>
<comp>
  <id>Comp:11-1-5</id>
  <CPU>0.917Gf</CPU>
  <RAM>0.382GB</RAM>
  <DISK>0.542GB</DISK>
</comp>
<comp>
  <id>Comp:11-2-0</id>
  <CPU>0.281Gf</CPU>
  <RAM>0.472GB</RAM>
  <DISK>1.84GB</DISK>
</comp>
<comp>
  <id>Comp:11-2-1</id>
  <CPU>0.281Gf</CPU>
  <RAM>0.472GB</RAM>
  <DISK>1.84GB</DISK>
</comp>
<comp>
  <id>Comp:11-2-2</id>
  <CPU>0.281Gf</CPU>
  <RAM>0.472GB</RAM>
  <DISK>1.84GB</DISK>
</comp>
<comp>
  <id>Comp:11-3-0</id>
  <CPU>0.179Gf</CPU>
  <RAM>0.999GB</RAM>
  <DISK>1.68GB</DISK>
</comp>
<comp>
  <id>Comp:11-3-1</id>
  <CPU>0.179Gf</CPU>
  <RAM>0.999GB</RAM>
  <DISK>1.68GB</DISK>
</comp>
<comp>
  <id>Comp:11-3-2</id>
  <CPU>0.179Gf</CPU>
  <RAM>0.999GB</RAM>
  <DISK>1.68GB</DISK>
</comp>
<comp>
  <id>Comp:11-3-3</id>
  <CPU>0.179Gf</CPU>
  <RAM>0.999GB</RAM>
  <DISK>1.68GB</DISK>
</comp>
<comp>
  <id>Comp:11-3-4</id>
  <CPU>0.179Gf</CPU>
  <RAM>0.999GB</RAM>
  <DISK>1.68GB</DISK>
</comp>
<comp>
  <id>Comp:11-3-5</id>
  <CPU>0.179Gf</CPU>
  <RAM>0.999GB</RAM>
  <DISK>1.68GB</DISK>
</comp>
<comp>
  <id>Comp:11-3-6</id>
  <CPU>0.179Gf</CPU>
  <RAM>0.999GB</RAM>
  <DISK>1.68GB</DISK>
</comp>
<comp>
  <id>Comp:11-4-0</id>
  <CPU>0.652Gf</CPU>
  <RAM>0.47GB</RAM>
  <DISK>0.19GB</DISK>
</comp>
  <bind>Comp:11-1-0 Comp:11-0-0 0.159MBps 35.0ms</bind>
  <bind>Comp:11-0-0 Comp:11-1-0 0.159MBps 35.0ms</bind>
  <bind>Comp:11-1-1 Comp:11-0-1 0.159MBps 35.0ms</bind>
  <bind>Comp:11-0-1 Comp:11-1-1 0.159MBps 35.0ms</bind>
  <bind>Comp:11-1-2 Comp:11-0-2 0.159MBps 35.0ms</bind>
  <bind>Comp:11-0-2 Comp:11-1-2 0.159MBps 35.0ms</bind>
  <bind>Comp:11-1-3 Comp:11-0-3 0.159MBps 35.0ms</bind>
  <bind>Comp:11-0-3 Comp:11-1-3 0.159MBps 35.0ms</bind>
  <bind>Comp:11-1-4 Comp:11-0-4 0.159MBps 35.0ms</bind>
  <bind>Comp:11-0-4 Comp:11-1-4 0.159MBps 35.0ms</bind>
  <bind>Comp:11-1-5 Comp:11-0-0 0.159MBps 35.0ms</bind>
  <bind>Comp:11-0-0 Comp:11-1-5 0.159MBps 35.0ms</bind>
  <bind>Comp:11-2-0 Comp:11-1-0 0.348MBps 46.0ms</bind>
  <bind>Comp:11-1-0 Comp:11-2-0 0.348MBps 46.0ms</bind>
  <bind>Comp:11-2-1 Comp:11-1-1 0.348MBps 46.0ms</bind>
  <bind>Comp:11-1-1 Comp:11-2-1 0.348MBps 46.0ms</bind>
  <bind>Comp:11-2-2 Comp:11-1-2 0.348MBps 46.0ms</bind>
  <bind>Comp:11-1-2 Comp:11-2-2 0.348MBps 46.0ms</bind>
  <bind>Comp:11-2-0 Comp:11-1-3 0.348MBps 46.0ms</bind>
  <bind>Comp:11-1-3 Comp:11-2-0 0.348MBps 46.0ms</bind>
  <bind>Comp:11-2-1 Comp:11-1-4 0.348MBps 46.0ms</bind>
  <bind>Comp:11-1-4 Comp:11-2-1 0.348MBps 46.0ms</bind>
  <bind>Comp:11-2-2 Comp:11-1-5 0.348MBps 46.0ms</bind>
  <bind>Comp:11-1-5 Comp:11-2-2 0.348MBps 46.0ms</bind>
  <bind>Comp:11-3-0 Comp:11-2-0 0.906MBps 26.0ms</bind>
  <bind>Comp:11-2-0 Comp:11-3-0 0.906MBps 26.0ms</bind>
  <bind>Comp:11-3-1 Comp:11-2-1 0.906MBps 26.0ms</bind>
  <bind>Comp:11-2-1 Comp:11-3-1 0.906MBps 26.0ms</bind>
  <bind>Comp:11-3-2 Comp:11-2-2 0.906MBps 26.0ms</bind>
  <bind>Comp:11-2-2 Comp:11-3-2 0.906MBps 26.0ms</bind>
  <bind>Comp:11-3-3 Comp:11-2-0 0.906MBps 26.0ms</bind>
  <bind>Comp:11-2-0 Comp:11-3-3 0.906MBps 26.0ms</bind>
  <bind>Comp:11-3-4 Comp:11-2-1 0.906MBps 26.0ms</bind>
  <bind>Comp:11-2-1 Comp:11-3-4 0.906MBps 26.0ms</bind>
  <bind>Comp:11-3-5 Comp:11-2-2 0.906MBps 26.0ms</bind>
  <bind>Comp:11-2-2 Comp:11-3-5 0.906MBps 26.0ms</bind>
  <bind>Comp:11-3-6 Comp:11-2-0 0.906MBps 26.0ms</bind>
  <bind>Comp:11-2-0 Comp:11-3-6 0.906MBps 26.0ms</bind>
  <bind>Comp:11-4-0 Comp:11-3-0 0.0447MBps 37.8ms</bind>
  <bind>Comp:11-3-0 Comp:11-4-0 0.0447MBps 37.8ms</bind>
  <bind>Comp:11-4-0 Comp:11-3-1 0.0447MBps 37.8ms</bind>
  <bind>Comp:11-3-1 Comp:11-4-0 0.0447MBps 37.8ms</bind>
  <bind>Comp:11-4-0 Comp:11-3-2 0.0447MBps 37.8ms</bind>
  <bind>Comp:11-3-2 Comp:11-4-0 0.0447MBps 37.8ms</bind>
  <bind>Comp:11-4-0 Comp:11-3-3 0.0447MBps 37.8ms</bind>
  <bind>Comp:11-3-3 Comp:11-4-0 0.0447MBps 37.8ms</bind>
  <bind>Comp:11-4-0 Comp:11-3-4 0.0447MBps 37.8ms</bind>
  <bind>Comp:11-3-4 Comp:11-4-0 0.0447MBps 37.8ms</bind>
  <bind>Comp:11-4-0 Comp:11-3-5 0.0447MBps 37.8ms</bind>
  <bind>Comp:11-3-5 Comp:11-4-0 0.0447MBps 37.8ms</bind>
  <bind>Comp:11-4-0 Comp:11-3-6 0.0447MBps 37.8ms</bind>
  <bind>Comp:11-3-6 Comp:11-4-0 0.0447MBps 37.8ms</bind>
  <bind>Comp:11-4-0 Appliance-131 0.469MBps 26.7ms</bind>
  <bind>Appliance-131 Comp:11-4-0 0.469MBps 26.7ms</bind>
  <bind>Comp:11-4-0 Appliance-165 0.469MBps 26.7ms</bind>
  <bind>Appliance-165 Comp:11-4-0 0.469MBps 26.7ms</bind>
  <bind>Comp:11-4-0 Appliance-32 0.469MBps 26.7ms</bind>
  <bind>Appliance-32 Comp:11-4-0 0.469MBps 26.7ms</bind>
  <bind>Comp:11-4-0 Appliance-148 0.469MBps 26.7ms</bind>
  <bind>Appliance-148 Comp:11-4-0 0.469MBps 26.7ms</bind>
  <bind>Comp:11-4-0 Appliance-123 0.469MBps 26.7ms</bind>
  <bind>Appliance-123 Comp:11-4-0 0.469MBps 26.7ms</bind>
  <bind>Comp:11-4-0 Appliance-168 0.469MBps 26.7ms</bind>
  <bind>Appliance-168 Comp:11-4-0 0.469MBps 26.7ms</bind>
  <bind>Comp:11-4-0 Appliance-127 0.469MBps 26.7ms</bind>
  <bind>Appliance-127 Comp:11-4-0 0.469MBps 26.7ms</bind>
  <bind>Comp:11-4-0 Appliance-36 0.469MBps 26.7ms</bind>
  <bind>Appliance-36 Comp:11-4-0 0.469MBps 26.7ms</bind>
  <bind>Comp:11-4-0 Appliance-302 0.469MBps 26.7ms</bind>
  <bind>Appliance-302 Comp:11-4-0 0.469MBps 26.7ms</bind>
  <bind>Comp:11-4-0 Appliance-281 0.469MBps 26.7ms</bind>
  <bind>Appliance-281 Comp:11-4-0 0.469MBps 26.7ms</bind>
</app>
<app>
  <id>App12</id>
<comp>
  <id>Comp:12-1-0</id>
  <CPU>0.205Gf</CPU>
  <RAM>0.459GB</RAM>
  <DISK>0.251GB</DISK>
</comp>
<comp>
  <id>Comp:12-1-1</id>
  <CPU>0.205Gf</CPU>
  <RAM>0.459GB</RAM>
  <DISK>0.251GB</DISK>
</comp>
<comp>
  <id>Comp:12-1-2</id>
  <CPU>0.205Gf</CPU>
  <RAM>0.459GB</RAM>
  <DISK>0.251GB</DISK>
</comp>
<comp>
  <id>Comp:12-1-3</id>
  <CPU>0.205Gf</CPU>
  <RAM>0.459GB</RAM>
  <DISK>0.251GB</DISK>
</comp>
<comp>
  <id>Comp:12-1-4</id>
  <CPU>0.205Gf</CPU>
  <RAM>0.459GB</RAM>
  <DISK>0.251GB</DISK>
</comp>
<comp>
  <id>Comp:12-1-5</id>
  <CPU>0.205Gf</CPU>
  <RAM>0.459GB</RAM>
  <DISK>0.251GB</DISK>
</comp>
<comp>
  <id>Comp:12-1-6</id>
  <CPU>0.205Gf</CPU>
  <RAM>0.459GB</RAM>
  <DISK>0.251GB</DISK>
</comp>
<comp>
  <id>Comp:12-1-7</id>
  <CPU>0.205Gf</CPU>
  <RAM>0.459GB</RAM>
  <DISK>0.251GB</DISK>
</comp>
<comp>
  <id>Comp:12-1-8</id>
  <CPU>0.205Gf</CPU>
  <RAM>0.459GB</RAM>
  <DISK>0.251GB</DISK>
</comp>
<comp>
  <id>Comp:12-2-0</id>
  <CPU>0.783Gf</CPU>
  <RAM>0.699GB</RAM>
  <DISK>1.13GB</DISK>
</comp>
<comp>
  <id>Comp:12-2-1</id>
  <CPU>0.783Gf</CPU>
  <RAM>0.699GB</RAM>
  <DISK>1.13GB</DISK>
</comp>
<comp>
  <id>Comp:12-2-2</id>
  <CPU>0.783Gf</CPU>
  <RAM>0.699GB</RAM>
  <DISK>1.13GB</DISK>
</comp>
<comp>
  <id>Comp:12-2-3</id>
  <CPU>0.783Gf</CPU>
  <RAM>0.699GB</RAM>
  <DISK>1.13GB</DISK>
</comp>
<comp>
  <id>Comp:12-2-4</id>
  <CPU>0.783Gf</CPU>
  <RAM>0.699GB</RAM>
  <DISK>1.13GB</DISK>
</comp>
<comp>
  <id>Comp:12-2-5</id>
  <CPU>0.783Gf</CPU>
  <RAM>0.699GB</RAM>
  <DISK>1.13GB</DISK>
</comp>
  <bind>Comp:12-1-0 Appliance-77 0.141MBps 45.2ms</bind>
  <bind>Appliance-77 Comp:12-1-0 0.141MBps 45.2ms</bind>
  <bind>Comp:12-1-1 Appliance-73 0.141MBps 45.2ms</bind>
  <bind>Appliance-73 Comp:12-1-1 0.141MBps 45.2ms</bind>
  <bind>Comp:12-1-2 Appliance-398 0.141MBps 45.2ms</bind>
  <bind>Appliance-398 Comp:12-1-2 0.141MBps 45.2ms</bind>
  <bind>Comp:12-1-3 Appliance-168 0.141MBps 45.2ms</bind>
  <bind>Appliance-168 Comp:12-1-3 0.141MBps 45.2ms</bind>
  <bind>Comp:12-1-4 Appliance-391 0.141MBps 45.2ms</bind>
  <bind>Appliance-391 Comp:12-1-4 0.141MBps 45.2ms</bind>
  <bind>Comp:12-1-5 Appliance-306 0.141MBps 45.2ms</bind>
  <bind>Appliance-306 Comp:12-1-5 0.141MBps 45.2ms</bind>
  <bind>Comp:12-1-6 Appliance-77 0.141MBps 45.2ms</bind>
  <bind>Appliance-77 Comp:12-1-6 0.141MBps 45.2ms</bind>
  <bind>Comp:12-1-7 Appliance-73 0.141MBps 45.2ms</bind>
  <bind>Appliance-73 Comp:12-1-7 0.141MBps 45.2ms</bind>
  <bind>Comp:12-1-8 Appliance-398 0.141MBps 45.2ms</bind>
  <bind>Appliance-398 Comp:12-1-8 0.141MBps 45.2ms</bind>
  <bind>Comp:12-2-0 Comp:12-1-0 0.716MBps 34.6ms</bind>
  <bind>Comp:12-1-0 Comp:12-2-0 0.716MBps 34.6ms</bind>
  <bind>Comp:12-2-1 Comp:12-1-1 0.716MBps 34.6ms</bind>
  <bind>Comp:12-1-1 Comp:12-2-1 0.716MBps 34.6ms</bind>
  <bind>Comp:12-2-2 Comp:12-1-2 0.716MBps 34.6ms</bind>
  <bind>Comp:12-1-2 Comp:12-2-2 0.716MBps 34.6ms</bind>
  <bind>Comp:12-2-3 Comp:12-1-3 0.716MBps 34.6ms</bind>
  <bind>Comp:12-1-3 Comp:12-2-3 0.716MBps 34.6ms</bind>
  <bind>Comp:12-2-4 Comp:12-1-4 0.716MBps 34.6ms</bind>
  <bind>Comp:12-1-4 Comp:12-2-4 0.716MBps 34.6ms</bind>
  <bind>Comp:12-2-5 Comp:12-1-5 0.716MBps 34.6ms</bind>
  <bind>Comp:12-1-5 Comp:12-2-5 0.716MBps 34.6ms</bind>
  <bind>Comp:12-2-0 Comp:12-1-6 0.716MBps 34.6ms</bind>
  <bind>Comp:12-1-6 Comp:12-2-0 0.716MBps 34.6ms</bind>
  <bind>Comp:12-2-1 Comp:12-1-7 0.716MBps 34.6ms</bind>
  <bind>Comp:12-1-7 Comp:12-2-1 0.716MBps 34.6ms</bind>
  <bind>Comp:12-2-2 Comp:12-1-8 0.716MBps 34.6ms</bind>
  <bind>Comp:12-1-8 Comp:12-2-2 0.716MBps 34.6ms</bind>
  <bind>Comp:12-2-0 Appliance-364 0.22MBps 32.6ms</bind>
  <bind>Appliance-364 Comp:12-2-0 0.22MBps 32.6ms</bind>
  <bind>Comp:12-2-1 Appliance-362 0.22MBps 32.6ms</bind>
  <bind>Appliance-362 Comp:12-2-1 0.22MBps 32.6ms</bind>
  <bind>Comp:12-2-2 Appliance-220 0.22MBps 32.6ms</bind>
  <bind>Appliance-220 Comp:12-2-2 0.22MBps 32.6ms</bind>
  <bind>Comp:12-2-3 Appliance-121 0.22MBps 32.6ms</bind>
  <bind>Appliance-121 Comp:12-2-3 0.22MBps 32.6ms</bind>
  <bind>Comp:12-2-4 Appliance-270 0.22MBps 32.6ms</bind>
  <bind>Appliance-270 Comp:12-2-4 0.22MBps 32.6ms</bind>
  <bind>Comp:12-2-5 Appliance-275 0.22MBps 32.6ms</bind>
  <bind>Appliance-275 Comp:12-2-5 0.22MBps 32.6ms</bind>
  <bind>Comp:12-2-0 Appliance-185 0.22MBps 32.6ms</bind>
  <bind>Appliance-185 Comp:12-2-0 0.22MBps 32.6ms</bind>
</app>
<app>
  <id>App13</id>
<comp>
  <id>Comp:13-0-0</id>
  <CPU>0.167Gf</CPU>
  <RAM>0.79GB</RAM>
  <DISK>0.761GB</DISK>
</comp>
<comp>
  <id>Comp:13-0-1</id>
  <CPU>0.167Gf</CPU>
  <RAM>0.79GB</RAM>
  <DISK>0.761GB</DISK>
</comp>
<comp>
  <id>Comp:13-0-2</id>
  <CPU>0.167Gf</CPU>
  <RAM>0.79GB</RAM>
  <DISK>0.761GB</DISK>
</comp>
<comp>
  <id>Comp:13-1-0</id>
  <CPU>0.388Gf</CPU>
  <RAM>0.442GB</RAM>
  <DISK>1.52GB</DISK>
</comp>
<comp>
  <id>Comp:13-1-1</id>
  <CPU>0.388Gf</CPU>
  <RAM>0.442GB</RAM>
  <DISK>1.52GB</DISK>
</comp>
<comp>
  <id>Comp:13-1-2</id>
  <CPU>0.388Gf</CPU>
  <RAM>0.442GB</RAM>
  <DISK>1.52GB</DISK>
</comp>
<comp>
  <id>Comp:13-1-3</id>
  <CPU>0.388Gf</CPU>
  <RAM>0.442GB</RAM>
  <DISK>1.52GB</DISK>
</comp>
<comp>
  <id>Comp:13-2-0</id>
  <CPU>0.223Gf</CPU>
  <RAM>0.174GB</RAM>
  <DISK>1.16GB</DISK>
</comp>
<comp>
  <id>Comp:13-2-1</id>
  <CPU>0.223Gf</CPU>
  <RAM>0.174GB</RAM>
  <DISK>1.16GB</DISK>
</comp>
<comp>
  <id>Comp:13-2-2</id>
  <CPU>0.223Gf</CPU>
  <RAM>0.174GB</RAM>
  <DISK>1.16GB</DISK>
</comp>
<comp>
  <id>Comp:13-2-3</id>
  <CPU>0.223Gf</CPU>
  <RAM>0.174GB</RAM>
  <DISK>1.16GB</DISK>
</comp>
<comp>
  <id>Comp:13-2-4</id>
  <CPU>0.223Gf</CPU>
  <RAM>0.174GB</RAM>
  <DISK>1.16GB</DISK>
</comp>
<comp>
  <id>Comp:13-2-5</id>
  <CPU>0.223Gf</CPU>
  <RAM>0.174GB</RAM>
  <DISK>1.16GB</DISK>
</comp>
<comp>
  <id>Comp:13-2-6</id>
  <CPU>0.223Gf</CPU>
  <RAM>0.174GB</RAM>
  <DISK>1.16GB</DISK>
</comp>
<comp>
  <id>Comp:13-2-7</id>
  <CPU>0.223Gf</CPU>
  <RAM>0.174GB</RAM>
  <DISK>1.16GB</DISK>
</comp>
<comp>
  <id>Comp:13-2-8</id>
  <CPU>0.223Gf</CPU>
  <RAM>0.174GB</RAM>
  <DISK>1.16GB</DISK>
</comp>
<comp>
  <id>Comp:13-2-9</id>
  <CPU>0.223Gf</CPU>
  <RAM>0.174GB</RAM>
  <DISK>1.16GB</DISK>
</comp>
<comp>
  <id>Comp:13-3-0</id>
  <CPU>0.729Gf</CPU>
  <RAM>0.279GB</RAM>
  <DISK>0.25GB</DISK>
</comp>
<comp>
  <id>Comp:13-3-1</id>
  <CPU>0.729Gf</CPU>
  <RAM>0.279GB</RAM>
  <DISK>0.25GB</DISK>
</comp>
<comp>
  <id>Comp:13-3-2</id>
  <CPU>0.729Gf</CPU>
  <RAM>0.279GB</RAM>
  <DISK>0.25GB</DISK>
</comp>
<comp>
  <id>Comp:13-4-0</id>
  <CPU>0.374Gf</CPU>
  <RAM>0.545GB</RAM>
  <DISK>0.343GB</DISK>
</comp>
<comp>
  <id>Comp:13-4-1</id>
  <CPU>0.374Gf</CPU>
  <RAM>0.545GB</RAM>
  <DISK>0.343GB</DISK>
</comp>
<comp>
  <id>Comp:13-4-2</id>
  <CPU>0.374Gf</CPU>
  <RAM>0.545GB</RAM>
  <DISK>0.343GB</DISK>
</comp>
<comp>
  <id>Comp:13-4-3</id>
  <CPU>0.374Gf</CPU>
  <RAM>0.545GB</RAM>
  <DISK>0.343GB</DISK>
</comp>
<comp>
  <id>Comp:13-4-4</id>
  <CPU>0.374Gf</CPU>
  <RAM>0.545GB</RAM>
  <DISK>0.343GB</DISK>
</comp>
<comp>
  <id>Comp:13-4-5</id>
  <CPU>0.374Gf</CPU>
  <RAM>0.545GB</RAM>
  <DISK>0.343GB</DISK>
</comp>
<comp>
  <id>Comp:13-4-6</id>
  <CPU>0.374Gf</CPU>
  <RAM>0.545GB</RAM>
  <DISK>0.343GB</DISK>
</comp>
<comp>
  <id>Comp:13-4-7</id>
  <CPU>0.374Gf</CPU>
  <RAM>0.545GB</RAM>
  <DISK>0.343GB</DISK>
</comp>
<comp>
  <id>Comp:13-4-8</id>
  <CPU>0.374Gf</CPU>
  <RAM>0.545GB</RAM>
  <DISK>0.343GB</DISK>
</comp>
  <bind>Comp:13-1-0 Comp:13-0-0 0.542MBps 42.9ms</bind>
  <bind>Comp:13-0-0 Comp:13-1-0 0.542MBps 42.9ms</bind>
  <bind>Comp:13-1-1 Comp:13-0-1 0.542MBps 42.9ms</bind>
  <bind>Comp:13-0-1 Comp:13-1-1 0.542MBps 42.9ms</bind>
  <bind>Comp:13-1-2 Comp:13-0-2 0.542MBps 42.9ms</bind>
  <bind>Comp:13-0-2 Comp:13-1-2 0.542MBps 42.9ms</bind>
  <bind>Comp:13-1-3 Comp:13-0-0 0.542MBps 42.9ms</bind>
  <bind>Comp:13-0-0 Comp:13-1-3 0.542MBps 42.9ms</bind>
  <bind>Comp:13-2-0 Comp:13-1-0 0.36MBps 42.6ms</bind>
  <bind>Comp:13-1-0 Comp:13-2-0 0.36MBps 42.6ms</bind>
  <bind>Comp:13-2-1 Comp:13-1-1 0.36MBps 42.6ms</bind>
  <bind>Comp:13-1-1 Comp:13-2-1 0.36MBps 42.6ms</bind>
  <bind>Comp:13-2-2 Comp:13-1-2 0.36MBps 42.6ms</bind>
  <bind>Comp:13-1-2 Comp:13-2-2 0.36MBps 42.6ms</bind>
  <bind>Comp:13-2-3 Comp:13-1-3 0.36MBps 42.6ms</bind>
  <bind>Comp:13-1-3 Comp:13-2-3 0.36MBps 42.6ms</bind>
  <bind>Comp:13-2-4 Comp:13-1-0 0.36MBps 42.6ms</bind>
  <bind>Comp:13-1-0 Comp:13-2-4 0.36MBps 42.6ms</bind>
  <bind>Comp:13-2-5 Comp:13-1-1 0.36MBps 42.6ms</bind>
  <bind>Comp:13-1-1 Comp:13-2-5 0.36MBps 42.6ms</bind>
  <bind>Comp:13-2-6 Comp:13-1-2 0.36MBps 42.6ms</bind>
  <bind>Comp:13-1-2 Comp:13-2-6 0.36MBps 42.6ms</bind>
  <bind>Comp:13-2-7 Comp:13-1-3 0.36MBps 42.6ms</bind>
  <bind>Comp:13-1-3 Comp:13-2-7 0.36MBps 42.6ms</bind>
  <bind>Comp:13-2-8 Comp:13-1-0 0.36MBps 42.6ms</bind>
  <bind>Comp:13-1-0 Comp:13-2-8 0.36MBps 42.6ms</bind>
  <bind>Comp:13-2-9 Comp:13-1-1 0.36MBps 42.6ms</bind>
  <bind>Comp:13-1-1 Comp:13-2-9 0.36MBps 42.6ms</bind>
  <bind>Comp:13-3-0 Comp:13-2-0 0.361MBps 38.3ms</bind>
  <bind>Comp:13-2-0 Comp:13-3-0 0.361MBps 38.3ms</bind>
  <bind>Comp:13-3-1 Comp:13-2-1 0.361MBps 38.3ms</bind>
  <bind>Comp:13-2-1 Comp:13-3-1 0.361MBps 38.3ms</bind>
  <bind>Comp:13-3-2 Comp:13-2-2 0.361MBps 38.3ms</bind>
  <bind>Comp:13-2-2 Comp:13-3-2 0.361MBps 38.3ms</bind>
  <bind>Comp:13-3-0 Comp:13-2-3 0.361MBps 38.3ms</bind>
  <bind>Comp:13-2-3 Comp:13-3-0 0.361MBps 38.3ms</bind>
  <bind>Comp:13-3-1 Comp:13-2-4 0.361MBps 38.3ms</bind>
  <bind>Comp:13-2-4 Comp:13-3-1 0.361MBps 38.3ms</bind>
  <bind>Comp:13-3-2 Comp:13-2-5 0.361MBps 38.3ms</bind>
  <bind>Comp:13-2-5 Comp:13-3-2 0.361MBps 38.3ms</bind>
  <bind>Comp:13-3-0 Comp:13-2-6 0.361MBps 38.3ms</bind>
  <bind>Comp:13-2-6 Comp:13-3-0 0.361MBps 38.3ms</bind>
  <bind>Comp:13-3-1 Comp:13-2-7 0.361MBps 38.3ms</bind>
  <bind>Comp:13-2-7 Comp:13-3-1 0.361MBps 38.3ms</bind>
  <bind>Comp:13-3-2 Comp:13-2-8 0.361MBps 38.3ms</bind>
  <bind>Comp:13-2-8 Comp:13-3-2 0.361MBps 38.3ms</bind>
  <bind>Comp:13-3-0 Comp:13-2-9 0.361MBps 38.3ms</bind>
  <bind>Comp:13-2-9 Comp:13-3-0 0.361MBps 38.3ms</bind>
  <bind>Comp:13-4-0 Comp:13-3-0 0.442MBps 31.6ms</bind>
  <bind>Comp:13-3-0 Comp:13-4-0 0.442MBps 31.6ms</bind>
  <bind>Comp:13-4-1 Comp:13-3-1 0.442MBps 31.6ms</bind>
  <bind>Comp:13-3-1 Comp:13-4-1 0.442MBps 31.6ms</bind>
  <bind>Comp:13-4-2 Comp:13-3-2 0.442MBps 31.6ms</bind>
  <bind>Comp:13-3-2 Comp:13-4-2 0.442MBps 31.6ms</bind>
  <bind>Comp:13-4-3 Comp:13-3-0 0.442MBps 31.6ms</bind>
  <bind>Comp:13-3-0 Comp:13-4-3 0.442MBps 31.6ms</bind>
  <bind>Comp:13-4-4 Comp:13-3-1 0.442MBps 31.6ms</bind>
  <bind>Comp:13-3-1 Comp:13-4-4 0.442MBps 31.6ms</bind>
  <bind>Comp:13-4-5 Comp:13-3-2 0.442MBps 31.6ms</bind>
  <bind>Comp:13-3-2 Comp:13-4-5 0.442MBps 31.6ms</bind>
  <bind>Comp:13-4-6 Comp:13-3-0 0.442MBps 31.6ms</bind>
  <bind>Comp:13-3-0 Comp:13-4-6 0.442MBps 31.6ms</bind>
  <bind>Comp:13-4-7 Comp:13-3-1 0.442MBps 31.6ms</bind>
  <bind>Comp:13-3-1 Comp:13-4-7 0.442MBps 31.6ms</bind>
  <bind>Comp:13-4-8 Comp:13-3-2 0.442MBps 31.6ms</bind>
  <bind>Comp:13-3-2 Comp:13-4-8 0.442MBps 31.6ms</bind>
  <bind>Comp:13-4-0 Appliance-318 0.837MBps 37.8ms</bind>
  <bind>Appliance-318 Comp:13-4-0 0.837MBps 37.8ms</bind>
  <bind>Comp:13-4-1 Appliance-240 0.837MBps 37.8ms</bind>
  <bind>Appliance-240 Comp:13-4-1 0.837MBps 37.8ms</bind>
  <bind>Comp:13-4-2 Appliance-168 0.837MBps 37.8ms</bind>
  <bind>Appliance-168 Comp:13-4-2 0.837MBps 37.8ms</bind>
  <bind>Comp:13-4-3 Appliance-318 0.837MBps 37.8ms</bind>
  <bind>Appliance-318 Comp:13-4-3 0.837MBps 37.8ms</bind>
  <bind>Comp:13-4-4 Appliance-240 0.837MBps 37.8ms</bind>
  <bind>Appliance-240 Comp:13-4-4 0.837MBps 37.8ms</bind>
  <bind>Comp:13-4-5 Appliance-168 0.837MBps 37.8ms</bind>
  <bind>Appliance-168 Comp:13-4-5 0.837MBps 37.8ms</bind>
  <bind>Comp:13-4-6 Appliance-318 0.837MBps 37.8ms</bind>
  <bind>Appliance-318 Comp:13-4-6 0.837MBps 37.8ms</bind>
  <bind>Comp:13-4-7 Appliance-240 0.837MBps 37.8ms</bind>
  <bind>Appliance-240 Comp:13-4-7 0.837MBps 37.8ms</bind>
  <bind>Comp:13-4-8 Appliance-168 0.837MBps 37.8ms</bind>
  <bind>Appliance-168 Comp:13-4-8 0.837MBps 37.8ms</bind>
</app>
<app>
  <id>App14</id>
<comp>
  <id>Comp:14-0-0</id>
  <CPU>0.167Gf</CPU>
  <RAM>0.471GB</RAM>
  <DISK>1.56GB</DISK>
</comp>
<comp>
  <id>Comp:14-0-1</id>
  <CPU>0.167Gf</CPU>
  <RAM>0.471GB</RAM>
  <DISK>1.56GB</DISK>
</comp>
<comp>
  <id>Comp:14-0-2</id>
  <CPU>0.167Gf</CPU>
  <RAM>0.471GB</RAM>
  <DISK>1.56GB</DISK>
</comp>
<comp>
  <id>Comp:14-0-3</id>
  <CPU>0.167Gf</CPU>
  <RAM>0.471GB</RAM>
  <DISK>1.56GB</DISK>
</comp>
<comp>
  <id>Comp:14-0-4</id>
  <CPU>0.167Gf</CPU>
  <RAM>0.471GB</RAM>
  <DISK>1.56GB</DISK>
</comp>
<comp>
  <id>Comp:14-0-5</id>
  <CPU>0.167Gf</CPU>
  <RAM>0.471GB</RAM>
  <DISK>1.56GB</DISK>
</comp>
<comp>
  <id>Comp:14-0-6</id>
  <CPU>0.167Gf</CPU>
  <RAM>0.471GB</RAM>
  <DISK>1.56GB</DISK>
</comp>
<comp>
  <id>Comp:14-1-0</id>
  <CPU>0.609Gf</CPU>
  <RAM>0.516GB</RAM>
  <DISK>1.35GB</DISK>
</comp>
<comp>
  <id>Comp:14-1-1</id>
  <CPU>0.609Gf</CPU>
  <RAM>0.516GB</RAM>
  <DISK>1.35GB</DISK>
</comp>
<comp>
  <id>Comp:14-1-2</id>
  <CPU>0.609Gf</CPU>
  <RAM>0.516GB</RAM>
  <DISK>1.35GB</DISK>
</comp>
<comp>
  <id>Comp:14-1-3</id>
  <CPU>0.609Gf</CPU>
  <RAM>0.516GB</RAM>
  <DISK>1.35GB</DISK>
</comp>
<comp>
  <id>Comp:14-1-4</id>
  <CPU>0.609Gf</CPU>
  <RAM>0.516GB</RAM>
  <DISK>1.35GB</DISK>
</comp>
<comp>
  <id>Comp:14-1-5</id>
  <CPU>0.609Gf</CPU>
  <RAM>0.516GB</RAM>
  <DISK>1.35GB</DISK>
</comp>
<comp>
  <id>Comp:14-1-6</id>
  <CPU>0.609Gf</CPU>
  <RAM>0.516GB</RAM>
  <DISK>1.35GB</DISK>
</comp>
<comp>
  <id>Comp:14-1-7</id>
  <CPU>0.609Gf</CPU>
  <RAM>0.516GB</RAM>
  <DISK>1.35GB</DISK>
</comp>
<comp>
  <id>Comp:14-1-8</id>
  <CPU>0.609Gf</CPU>
  <RAM>0.516GB</RAM>
  <DISK>1.35GB</DISK>
</comp>
<comp>
  <id>Comp:14-2-0</id>
  <CPU>0.217Gf</CPU>
  <RAM>0.85GB</RAM>
  <DISK>0.84GB</DISK>
</comp>
<comp>
  <id>Comp:14-3-0</id>
  <CPU>0.12Gf</CPU>
  <RAM>0.875GB</RAM>
  <DISK>0.494GB</DISK>
</comp>
<comp>
  <id>Comp:14-3-1</id>
  <CPU>0.12Gf</CPU>
  <RAM>0.875GB</RAM>
  <DISK>0.494GB</DISK>
</comp>
<comp>
  <id>Comp:14-3-2</id>
  <CPU>0.12Gf</CPU>
  <RAM>0.875GB</RAM>
  <DISK>0.494GB</DISK>
</comp>
<comp>
  <id>Comp:14-3-3</id>
  <CPU>0.12Gf</CPU>
  <RAM>0.875GB</RAM>
  <DISK>0.494GB</DISK>
</comp>
<comp>
  <id>Comp:14-3-4</id>
  <CPU>0.12Gf</CPU>
  <RAM>0.875GB</RAM>
  <DISK>0.494GB</DISK>
</comp>
<comp>
  <id>Comp:14-3-5</id>
  <CPU>0.12Gf</CPU>
  <RAM>0.875GB</RAM>
  <DISK>0.494GB</DISK>
</comp>
  <bind>Comp:14-1-0 Comp:14-0-0 0.432MBps 38.9ms</bind>
  <bind>Comp:14-0-0 Comp:14-1-0 0.432MBps 38.9ms</bind>
  <bind>Comp:14-1-1 Comp:14-0-1 0.432MBps 38.9ms</bind>
  <bind>Comp:14-0-1 Comp:14-1-1 0.432MBps 38.9ms</bind>
  <bind>Comp:14-1-2 Comp:14-0-2 0.432MBps 38.9ms</bind>
  <bind>Comp:14-0-2 Comp:14-1-2 0.432MBps 38.9ms</bind>
  <bind>Comp:14-1-3 Comp:14-0-3 0.432MBps 38.9ms</bind>
  <bind>Comp:14-0-3 Comp:14-1-3 0.432MBps 38.9ms</bind>
  <bind>Comp:14-1-4 Comp:14-0-4 0.432MBps 38.9ms</bind>
  <bind>Comp:14-0-4 Comp:14-1-4 0.432MBps 38.9ms</bind>
  <bind>Comp:14-1-5 Comp:14-0-5 0.432MBps 38.9ms</bind>
  <bind>Comp:14-0-5 Comp:14-1-5 0.432MBps 38.9ms</bind>
  <bind>Comp:14-1-6 Comp:14-0-6 0.432MBps 38.9ms</bind>
  <bind>Comp:14-0-6 Comp:14-1-6 0.432MBps 38.9ms</bind>
  <bind>Comp:14-1-7 Comp:14-0-0 0.432MBps 38.9ms</bind>
  <bind>Comp:14-0-0 Comp:14-1-7 0.432MBps 38.9ms</bind>
  <bind>Comp:14-1-8 Comp:14-0-1 0.432MBps 38.9ms</bind>
  <bind>Comp:14-0-1 Comp:14-1-8 0.432MBps 38.9ms</bind>
  <bind>Comp:14-2-0 Comp:14-1-0 0.572MBps 45.7ms</bind>
  <bind>Comp:14-1-0 Comp:14-2-0 0.572MBps 45.7ms</bind>
  <bind>Comp:14-2-0 Comp:14-1-1 0.572MBps 45.7ms</bind>
  <bind>Comp:14-1-1 Comp:14-2-0 0.572MBps 45.7ms</bind>
  <bind>Comp:14-2-0 Comp:14-1-2 0.572MBps 45.7ms</bind>
  <bind>Comp:14-1-2 Comp:14-2-0 0.572MBps 45.7ms</bind>
  <bind>Comp:14-2-0 Comp:14-1-3 0.572MBps 45.7ms</bind>
  <bind>Comp:14-1-3 Comp:14-2-0 0.572MBps 45.7ms</bind>
  <bind>Comp:14-2-0 Comp:14-1-4 0.572MBps 45.7ms</bind>
  <bind>Comp:14-1-4 Comp:14-2-0 0.572MBps 45.7ms</bind>
  <bind>Comp:14-2-0 Comp:14-1-5 0.572MBps 45.7ms</bind>
  <bind>Comp:14-1-5 Comp:14-2-0 0.572MBps 45.7ms</bind>
  <bind>Comp:14-2-0 Comp:14-1-6 0.572MBps 45.7ms</bind>
  <bind>Comp:14-1-6 Comp:14-2-0 0.572MBps 45.7ms</bind>
  <bind>Comp:14-2-0 Comp:14-1-7 0.572MBps 45.7ms</bind>
  <bind>Comp:14-1-7 Comp:14-2-0 0.572MBps 45.7ms</bind>
  <bind>Comp:14-2-0 Comp:14-1-8 0.572MBps 45.7ms</bind>
  <bind>Comp:14-1-8 Comp:14-2-0 0.572MBps 45.7ms</bind>
  <bind>Comp:14-3-0 Comp:14-2-0 0.447MBps 38.6ms</bind>
  <bind>Comp:14-2-0 Comp:14-3-0 0.447MBps 38.6ms</bind>
  <bind>Comp:14-3-1 Comp:14-2-0 0.447MBps 38.6ms</bind>
  <bind>Comp:14-2-0 Comp:14-3-1 0.447MBps 38.6ms</bind>
  <bind>Comp:14-3-2 Comp:14-2-0 0.447MBps 38.6ms</bind>
  <bind>Comp:14-2-0 Comp:14-3-2 0.447MBps 38.6ms</bind>
  <bind>Comp:14-3-3 Comp:14-2-0 0.447MBps 38.6ms</bind>
  <bind>Comp:14-2-0 Comp:14-3-3 0.447MBps 38.6ms</bind>
  <bind>Comp:14-3-4 Comp:14-2-0 0.447MBps 38.6ms</bind>
  <bind>Comp:14-2-0 Comp:14-3-4 0.447MBps 38.6ms</bind>
  <bind>Comp:14-3-5 Comp:14-2-0 0.447MBps 38.6ms</bind>
  <bind>Comp:14-2-0 Comp:14-3-5 0.447MBps 38.6ms</bind>
  <bind>Comp:14-3-0 Appliance-286 0.332MBps 30.4ms</bind>
  <bind>Appliance-286 Comp:14-3-0 0.332MBps 30.4ms</bind>
  <bind>Comp:14-3-1 Appliance-373 0.332MBps 30.4ms</bind>
  <bind>Appliance-373 Comp:14-3-1 0.332MBps 30.4ms</bind>
  <bind>Comp:14-3-2 Appliance-277 0.332MBps 30.4ms</bind>
  <bind>Appliance-277 Comp:14-3-2 0.332MBps 30.4ms</bind>
  <bind>Comp:14-3-3 Appliance-195 0.332MBps 30.4ms</bind>
  <bind>Appliance-195 Comp:14-3-3 0.332MBps 30.4ms</bind>
  <bind>Comp:14-3-4 Appliance-256 0.332MBps 30.4ms</bind>
  <bind>Appliance-256 Comp:14-3-4 0.332MBps 30.4ms</bind>
  <bind>Comp:14-3-5 Appliance-238 0.332MBps 30.4ms</bind>
  <bind>Appliance-238 Comp:14-3-5 0.332MBps 30.4ms</bind>
  <bind>Comp:14-3-0 Appliance-232 0.332MBps 30.4ms</bind>
  <bind>Appliance-232 Comp:14-3-0 0.332MBps 30.4ms</bind>
</app>
<app>
  <id>App15</id>
<comp>
  <id>Comp:15-0-0</id>
  <CPU>0.991Gf</CPU>
  <RAM>0.129GB</RAM>
  <DISK>1.32GB</DISK>
</comp>
<comp>
  <id>Comp:15-0-1</id>
  <CPU>0.991Gf</CPU>
  <RAM>0.129GB</RAM>
  <DISK>1.32GB</DISK>
</comp>
<comp>
  <id>Comp:15-0-2</id>
  <CPU>0.991Gf</CPU>
  <RAM>0.129GB</RAM>
  <DISK>1.32GB</DISK>
</comp>
<comp>
  <id>Comp:15-0-3</id>
  <CPU>0.991Gf</CPU>
  <RAM>0.129GB</RAM>
  <DISK>1.32GB</DISK>
</comp>
<comp>
  <id>Comp:15-0-4</id>
  <CPU>0.991Gf</CPU>
  <RAM>0.129GB</RAM>
  <DISK>1.32GB</DISK>
</comp>
<comp>
  <id>Comp:15-0-5</id>
  <CPU>0.991Gf</CPU>
  <RAM>0.129GB</RAM>
  <DISK>1.32GB</DISK>
</comp>
<comp>
  <id>Comp:15-0-6</id>
  <CPU>0.991Gf</CPU>
  <RAM>0.129GB</RAM>
  <DISK>1.32GB</DISK>
</comp>
<comp>
  <id>Comp:15-0-7</id>
  <CPU>0.991Gf</CPU>
  <RAM>0.129GB</RAM>
  <DISK>1.32GB</DISK>
</comp>
<comp>
  <id>Comp:15-0-8</id>
  <CPU>0.991Gf</CPU>
  <RAM>0.129GB</RAM>
  <DISK>1.32GB</DISK>
</comp>
<comp>
  <id>Comp:15-1-0</id>
  <CPU>0.741Gf</CPU>
  <RAM>0.294GB</RAM>
  <DISK>0.0297GB</DISK>
</comp>
<comp>
  <id>Comp:15-1-1</id>
  <CPU>0.741Gf</CPU>
  <RAM>0.294GB</RAM>
  <DISK>0.0297GB</DISK>
</comp>
<comp>
  <id>Comp:15-2-0</id>
  <CPU>0.564Gf</CPU>
  <RAM>0.868GB</RAM>
  <DISK>1.76GB</DISK>
</comp>
<comp>
  <id>Comp:15-2-1</id>
  <CPU>0.564Gf</CPU>
  <RAM>0.868GB</RAM>
  <DISK>1.76GB</DISK>
</comp>
<comp>
  <id>Comp:15-2-2</id>
  <CPU>0.564Gf</CPU>
  <RAM>0.868GB</RAM>
  <DISK>1.76GB</DISK>
</comp>
<comp>
  <id>Comp:15-2-3</id>
  <CPU>0.564Gf</CPU>
  <RAM>0.868GB</RAM>
  <DISK>1.76GB</DISK>
</comp>
<comp>
  <id>Comp:15-2-4</id>
  <CPU>0.564Gf</CPU>
  <RAM>0.868GB</RAM>
  <DISK>1.76GB</DISK>
</comp>
<comp>
  <id>Comp:15-2-5</id>
  <CPU>0.564Gf</CPU>
  <RAM>0.868GB</RAM>
  <DISK>1.76GB</DISK>
</comp>
<comp>
  <id>Comp:15-2-6</id>
  <CPU>0.564Gf</CPU>
  <RAM>0.868GB</RAM>
  <DISK>1.76GB</DISK>
</comp>
<comp>
  <id>Comp:15-3-0</id>
  <CPU>0.796Gf</CPU>
  <RAM>0.396GB</RAM>
  <DISK>0.897GB</DISK>
</comp>
<comp>
  <id>Comp:15-3-1</id>
  <CPU>0.796Gf</CPU>
  <RAM>0.396GB</RAM>
  <DISK>0.897GB</DISK>
</comp>
<comp>
  <id>Comp:15-3-2</id>
  <CPU>0.796Gf</CPU>
  <RAM>0.396GB</RAM>
  <DISK>0.897GB</DISK>
</comp>
<comp>
  <id>Comp:15-3-3</id>
  <CPU>0.796Gf</CPU>
  <RAM>0.396GB</RAM>
  <DISK>0.897GB</DISK>
</comp>
<comp>
  <id>Comp:15-4-0</id>
  <CPU>0.816Gf</CPU>
  <RAM>0.578GB</RAM>
  <DISK>1.77GB</DISK>
</comp>
<comp>
  <id>Comp:15-4-1</id>
  <CPU>0.816Gf</CPU>
  <RAM>0.578GB</RAM>
  <DISK>1.77GB</DISK>
</comp>
<comp>
  <id>Comp:15-4-2</id>
  <CPU>0.816Gf</CPU>
  <RAM>0.578GB</RAM>
  <DISK>1.77GB</DISK>
</comp>
<comp>
  <id>Comp:15-4-3</id>
  <CPU>0.816Gf</CPU>
  <RAM>0.578GB</RAM>
  <DISK>1.77GB</DISK>
</comp>
<comp>
  <id>Comp:15-4-4</id>
  <CPU>0.816Gf</CPU>
  <RAM>0.578GB</RAM>
  <DISK>1.77GB</DISK>
</comp>
<comp>
  <id>Comp:15-4-5</id>
  <CPU>0.816Gf</CPU>
  <RAM>0.578GB</RAM>
  <DISK>1.77GB</DISK>
</comp>
<comp>
  <id>Comp:15-4-6</id>
  <CPU>0.816Gf</CPU>
  <RAM>0.578GB</RAM>
  <DISK>1.77GB</DISK>
</comp>
<comp>
  <id>Comp:15-4-7</id>
  <CPU>0.816Gf</CPU>
  <RAM>0.578GB</RAM>
  <DISK>1.77GB</DISK>
</comp>
<comp>
  <id>Comp:15-4-8</id>
  <CPU>0.816Gf</CPU>
  <RAM>0.578GB</RAM>
  <DISK>1.77GB</DISK>
</comp>
  <bind>Comp:15-1-0 Comp:15-0-0 0.832MBps 40.1ms</bind>
  <bind>Comp:15-0-0 Comp:15-1-0 0.832MBps 40.1ms</bind>
  <bind>Comp:15-1-1 Comp:15-0-1 0.832MBps 40.1ms</bind>
  <bind>Comp:15-0-1 Comp:15-1-1 0.832MBps 40.1ms</bind>
  <bind>Comp:15-1-0 Comp:15-0-2 0.832MBps 40.1ms</bind>
  <bind>Comp:15-0-2 Comp:15-1-0 0.832MBps 40.1ms</bind>
  <bind>Comp:15-1-1 Comp:15-0-3 0.832MBps 40.1ms</bind>
  <bind>Comp:15-0-3 Comp:15-1-1 0.832MBps 40.1ms</bind>
  <bind>Comp:15-1-0 Comp:15-0-4 0.832MBps 40.1ms</bind>
  <bind>Comp:15-0-4 Comp:15-1-0 0.832MBps 40.1ms</bind>
  <bind>Comp:15-1-1 Comp:15-0-5 0.832MBps 40.1ms</bind>
  <bind>Comp:15-0-5 Comp:15-1-1 0.832MBps 40.1ms</bind>
  <bind>Comp:15-1-0 Comp:15-0-6 0.832MBps 40.1ms</bind>
  <bind>Comp:15-0-6 Comp:15-1-0 0.832MBps 40.1ms</bind>
  <bind>Comp:15-1-1 Comp:15-0-7 0.832MBps 40.1ms</bind>
  <bind>Comp:15-0-7 Comp:15-1-1 0.832MBps 40.1ms</bind>
  <bind>Comp:15-1-0 Comp:15-0-8 0.832MBps 40.1ms</bind>
  <bind>Comp:15-0-8 Comp:15-1-0 0.832MBps 40.1ms</bind>
  <bind>Comp:15-2-0 Comp:15-1-0 0.556MBps 37.4ms</bind>
  <bind>Comp:15-1-0 Comp:15-2-0 0.556MBps 37.4ms</bind>
  <bind>Comp:15-2-1 Comp:15-1-1 0.556MBps 37.4ms</bind>
  <bind>Comp:15-1-1 Comp:15-2-1 0.556MBps 37.4ms</bind>
  <bind>Comp:15-2-2 Comp:15-1-0 0.556MBps 37.4ms</bind>
  <bind>Comp:15-1-0 Comp:15-2-2 0.556MBps 37.4ms</bind>
  <bind>Comp:15-2-3 Comp:15-1-1 0.556MBps 37.4ms</bind>
  <bind>Comp:15-1-1 Comp:15-2-3 0.556MBps 37.4ms</bind>
  <bind>Comp:15-2-4 Comp:15-1-0 0.556MBps 37.4ms</bind>
  <bind>Comp:15-1-0 Comp:15-2-4 0.556MBps 37.4ms</bind>
  <bind>Comp:15-2-5 Comp:15-1-1 0.556MBps 37.4ms</bind>
  <bind>Comp:15-1-1 Comp:15-2-5 0.556MBps 37.4ms</bind>
  <bind>Comp:15-2-6 Comp:15-1-0 0.556MBps 37.4ms</bind>
  <bind>Comp:15-1-0 Comp:15-2-6 0.556MBps 37.4ms</bind>
  <bind>Comp:15-3-0 Comp:15-2-0 0.545MBps 49.8ms</bind>
  <bind>Comp:15-2-0 Comp:15-3-0 0.545MBps 49.8ms</bind>
  <bind>Comp:15-3-1 Comp:15-2-1 0.545MBps 49.8ms</bind>
  <bind>Comp:15-2-1 Comp:15-3-1 0.545MBps 49.8ms</bind>
  <bind>Comp:15-3-2 Comp:15-2-2 0.545MBps 49.8ms</bind>
  <bind>Comp:15-2-2 Comp:15-3-2 0.545MBps 49.8ms</bind>
  <bind>Comp:15-3-3 Comp:15-2-3 0.545MBps 49.8ms</bind>
  <bind>Comp:15-2-3 Comp:15-3-3 0.545MBps 49.8ms</bind>
  <bind>Comp:15-3-0 Comp:15-2-4 0.545MBps 49.8ms</bind>
  <bind>Comp:15-2-4 Comp:15-3-0 0.545MBps 49.8ms</bind>
  <bind>Comp:15-3-1 Comp:15-2-5 0.545MBps 49.8ms</bind>
  <bind>Comp:15-2-5 Comp:15-3-1 0.545MBps 49.8ms</bind>
  <bind>Comp:15-3-2 Comp:15-2-6 0.545MBps 49.8ms</bind>
  <bind>Comp:15-2-6 Comp:15-3-2 0.545MBps 49.8ms</bind>
  <bind>Comp:15-4-0 Comp:15-3-0 0.4MBps 39.3ms</bind>
  <bind>Comp:15-3-0 Comp:15-4-0 0.4MBps 39.3ms</bind>
  <bind>Comp:15-4-1 Comp:15-3-1 0.4MBps 39.3ms</bind>
  <bind>Comp:15-3-1 Comp:15-4-1 0.4MBps 39.3ms</bind>
  <bind>Comp:15-4-2 Comp:15-3-2 0.4MBps 39.3ms</bind>
  <bind>Comp:15-3-2 Comp:15-4-2 0.4MBps 39.3ms</bind>
  <bind>Comp:15-4-3 Comp:15-3-3 0.4MBps 39.3ms</bind>
  <bind>Comp:15-3-3 Comp:15-4-3 0.4MBps 39.3ms</bind>
  <bind>Comp:15-4-4 Comp:15-3-0 0.4MBps 39.3ms</bind>
  <bind>Comp:15-3-0 Comp:15-4-4 0.4MBps 39.3ms</bind>
  <bind>Comp:15-4-5 Comp:15-3-1 0.4MBps 39.3ms</bind>
  <bind>Comp:15-3-1 Comp:15-4-5 0.4MBps 39.3ms</bind>
  <bind>Comp:15-4-6 Comp:15-3-2 0.4MBps 39.3ms</bind>
  <bind>Comp:15-3-2 Comp:15-4-6 0.4MBps 39.3ms</bind>
  <bind>Comp:15-4-7 Comp:15-3-3 0.4MBps 39.3ms</bind>
  <bind>Comp:15-3-3 Comp:15-4-7 0.4MBps 39.3ms</bind>
  <bind>Comp:15-4-8 Comp:15-3-0 0.4MBps 39.3ms</bind>
  <bind>Comp:15-3-0 Comp:15-4-8 0.4MBps 39.3ms</bind>
  <bind>Comp:15-4-0 Appliance-270 0.0331MBps 47.5ms</bind>
  <bind>Appliance-270 Comp:15-4-0 0.0331MBps 47.5ms</bind>
  <bind>Comp:15-4-1 Appliance-180 0.0331MBps 47.5ms</bind>
  <bind>Appliance-180 Comp:15-4-1 0.0331MBps 47.5ms</bind>
  <bind>Comp:15-4-2 Appliance-231 0.0331MBps 47.5ms</bind>
  <bind>Appliance-231 Comp:15-4-2 0.0331MBps 47.5ms</bind>
  <bind>Comp:15-4-3 Appliance-30 0.0331MBps 47.5ms</bind>
  <bind>Appliance-30 Comp:15-4-3 0.0331MBps 47.5ms</bind>
  <bind>Comp:15-4-4 Appliance-78 0.0331MBps 47.5ms</bind>
  <bind>Appliance-78 Comp:15-4-4 0.0331MBps 47.5ms</bind>
  <bind>Comp:15-4-5 Appliance-398 0.0331MBps 47.5ms</bind>
  <bind>Appliance-398 Comp:15-4-5 0.0331MBps 47.5ms</bind>
  <bind>Comp:15-4-6 Appliance-143 0.0331MBps 47.5ms</bind>
  <bind>Appliance-143 Comp:15-4-6 0.0331MBps 47.5ms</bind>
  <bind>Comp:15-4-7 Appliance-144 0.0331MBps 47.5ms</bind>
  <bind>Appliance-144 Comp:15-4-7 0.0331MBps 47.5ms</bind>
  <bind>Comp:15-4-8 Appliance-249 0.0331MBps 47.5ms</bind>
  <bind>Appliance-249 Comp:15-4-8 0.0331MBps 47.5ms</bind>
  <bind>Comp:15-4-0 Appliance-96 0.0331MBps 47.5ms</bind>
  <bind>Appliance-96 Comp:15-4-0 0.0331MBps 47.5ms</bind>
</app>
<app>
  <id>App16</id>
<comp>
  <id>Comp:16-0-0</id>
  <CPU>0.579Gf</CPU>
  <RAM>0.546GB</RAM>
  <DISK>1.09GB</DISK>
</comp>
<comp>
  <id>Comp:16-0-1</id>
  <CPU>0.579Gf</CPU>
  <RAM>0.546GB</RAM>
  <DISK>1.09GB</DISK>
</comp>
<comp>
  <id>Comp:16-0-2</id>
  <CPU>0.579Gf</CPU>
  <RAM>0.546GB</RAM>
  <DISK>1.09GB</DISK>
</comp>
<comp>
  <id>Comp:16-0-3</id>
  <CPU>0.579Gf</CPU>
  <RAM>0.546GB</RAM>
  <DISK>1.09GB</DISK>
</comp>
<comp>
  <id>Comp:16-0-4</id>
  <CPU>0.579Gf</CPU>
  <RAM>0.546GB</RAM>
  <DISK>1.09GB</DISK>
</comp>
<comp>
  <id>Comp:16-0-5</id>
  <CPU>0.579Gf</CPU>
  <RAM>0.546GB</RAM>
  <DISK>1.09GB</DISK>
</comp>
<comp>
  <id>Comp:16-0-6</id>
  <CPU>0.579Gf</CPU>
  <RAM>0.546GB</RAM>
  <DISK>1.09GB</DISK>
</comp>
<comp>
  <id>Comp:16-0-7</id>
  <CPU>0.579Gf</CPU>
  <RAM>0.546GB</RAM>
  <DISK>1.09GB</DISK>
</comp>
<comp>
  <id>Comp:16-1-0</id>
  <CPU>0.9Gf</CPU>
  <RAM>0.971GB</RAM>
  <DISK>1.52GB</DISK>
</comp>
<comp>
  <id>Comp:16-1-1</id>
  <CPU>0.9Gf</CPU>
  <RAM>0.971GB</RAM>
  <DISK>1.52GB</DISK>
</comp>
<comp>
  <id>Comp:16-2-0</id>
  <CPU>0.105Gf</CPU>
  <RAM>0.129GB</RAM>
  <DISK>0.767GB</DISK>
</comp>
<comp>
  <id>Comp:16-2-1</id>
  <CPU>0.105Gf</CPU>
  <RAM>0.129GB</RAM>
  <DISK>0.767GB</DISK>
</comp>
<comp>
  <id>Comp:16-2-2</id>
  <CPU>0.105Gf</CPU>
  <RAM>0.129GB</RAM>
  <DISK>0.767GB</DISK>
</comp>
<comp>
  <id>Comp:16-3-0</id>
  <CPU>0.666Gf</CPU>
  <RAM>0.893GB</RAM>
  <DISK>0.974GB</DISK>
</comp>
<comp>
  <id>Comp:16-3-1</id>
  <CPU>0.666Gf</CPU>
  <RAM>0.893GB</RAM>
  <DISK>0.974GB</DISK>
</comp>
<comp>
  <id>Comp:16-3-2</id>
  <CPU>0.666Gf</CPU>
  <RAM>0.893GB</RAM>
  <DISK>0.974GB</DISK>
</comp>
<comp>
  <id>Comp:16-3-3</id>
  <CPU>0.666Gf</CPU>
  <RAM>0.893GB</RAM>
  <DISK>0.974GB</DISK>
</comp>
<comp>
  <id>Comp:16-3-4</id>
  <CPU>0.666Gf</CPU>
  <RAM>0.893GB</RAM>
  <DISK>0.974GB</DISK>
</comp>
<comp>
  <id>Comp:16-3-5</id>
  <CPU>0.666Gf</CPU>
  <RAM>0.893GB</RAM>
  <DISK>0.974GB</DISK>
</comp>
<comp>
  <id>Comp:16-3-6</id>
  <CPU>0.666Gf</CPU>
  <RAM>0.893GB</RAM>
  <DISK>0.974GB</DISK>
</comp>
<comp>
  <id>Comp:16-3-7</id>
  <CPU>0.666Gf</CPU>
  <RAM>0.893GB</RAM>
  <DISK>0.974GB</DISK>
</comp>
<comp>
  <id>Comp:16-3-8</id>
  <CPU>0.666Gf</CPU>
  <RAM>0.893GB</RAM>
  <DISK>0.974GB</DISK>
</comp>
<comp>
  <id>Comp:16-4-0</id>
  <CPU>0.715Gf</CPU>
  <RAM>0.694GB</RAM>
  <DISK>0.277GB</DISK>
</comp>
<comp>
  <id>Comp:16-4-1</id>
  <CPU>0.715Gf</CPU>
  <RAM>0.694GB</RAM>
  <DISK>0.277GB</DISK>
</comp>
<comp>
  <id>Comp:16-4-2</id>
  <CPU>0.715Gf</CPU>
  <RAM>0.694GB</RAM>
  <DISK>0.277GB</DISK>
</comp>
<comp>
  <id>Comp:16-4-3</id>
  <CPU>0.715Gf</CPU>
  <RAM>0.694GB</RAM>
  <DISK>0.277GB</DISK>
</comp>
<comp>
  <id>Comp:16-4-4</id>
  <CPU>0.715Gf</CPU>
  <RAM>0.694GB</RAM>
  <DISK>0.277GB</DISK>
</comp>
<comp>
  <id>Comp:16-4-5</id>
  <CPU>0.715Gf</CPU>
  <RAM>0.694GB</RAM>
  <DISK>0.277GB</DISK>
</comp>
<comp>
  <id>Comp:16-4-6</id>
  <CPU>0.715Gf</CPU>
  <RAM>0.694GB</RAM>
  <DISK>0.277GB</DISK>
</comp>
<comp>
  <id>Comp:16-4-7</id>
  <CPU>0.715Gf</CPU>
  <RAM>0.694GB</RAM>
  <DISK>0.277GB</DISK>
</comp>
<comp>
  <id>Comp:16-4-8</id>
  <CPU>0.715Gf</CPU>
  <RAM>0.694GB</RAM>
  <DISK>0.277GB</DISK>
</comp>
  <bind>Comp:16-1-0 Comp:16-0-0 0.0826MBps 27.1ms</bind>
  <bind>Comp:16-0-0 Comp:16-1-0 0.0826MBps 27.1ms</bind>
  <bind>Comp:16-1-1 Comp:16-0-1 0.0826MBps 27.1ms</bind>
  <bind>Comp:16-0-1 Comp:16-1-1 0.0826MBps 27.1ms</bind>
  <bind>Comp:16-1-0 Comp:16-0-2 0.0826MBps 27.1ms</bind>
  <bind>Comp:16-0-2 Comp:16-1-0 0.0826MBps 27.1ms</bind>
  <bind>Comp:16-1-1 Comp:16-0-3 0.0826MBps 27.1ms</bind>
  <bind>Comp:16-0-3 Comp:16-1-1 0.0826MBps 27.1ms</bind>
  <bind>Comp:16-1-0 Comp:16-0-4 0.0826MBps 27.1ms</bind>
  <bind>Comp:16-0-4 Comp:16-1-0 0.0826MBps 27.1ms</bind>
  <bind>Comp:16-1-1 Comp:16-0-5 0.0826MBps 27.1ms</bind>
  <bind>Comp:16-0-5 Comp:16-1-1 0.0826MBps 27.1ms</bind>
  <bind>Comp:16-1-0 Comp:16-0-6 0.0826MBps 27.1ms</bind>
  <bind>Comp:16-0-6 Comp:16-1-0 0.0826MBps 27.1ms</bind>
  <bind>Comp:16-1-1 Comp:16-0-7 0.0826MBps 27.1ms</bind>
  <bind>Comp:16-0-7 Comp:16-1-1 0.0826MBps 27.1ms</bind>
  <bind>Comp:16-2-0 Comp:16-1-0 0.217MBps 26.5ms</bind>
  <bind>Comp:16-1-0 Comp:16-2-0 0.217MBps 26.5ms</bind>
  <bind>Comp:16-2-1 Comp:16-1-1 0.217MBps 26.5ms</bind>
  <bind>Comp:16-1-1 Comp:16-2-1 0.217MBps 26.5ms</bind>
  <bind>Comp:16-2-2 Comp:16-1-0 0.217MBps 26.5ms</bind>
  <bind>Comp:16-1-0 Comp:16-2-2 0.217MBps 26.5ms</bind>
  <bind>Comp:16-3-0 Comp:16-2-0 0.332MBps 38.8ms</bind>
  <bind>Comp:16-2-0 Comp:16-3-0 0.332MBps 38.8ms</bind>
  <bind>Comp:16-3-1 Comp:16-2-1 0.332MBps 38.8ms</bind>
  <bind>Comp:16-2-1 Comp:16-3-1 0.332MBps 38.8ms</bind>
  <bind>Comp:16-3-2 Comp:16-2-2 0.332MBps 38.8ms</bind>
  <bind>Comp:16-2-2 Comp:16-3-2 0.332MBps 38.8ms</bind>
  <bind>Comp:16-3-3 Comp:16-2-0 0.332MBps 38.8ms</bind>
  <bind>Comp:16-2-0 Comp:16-3-3 0.332MBps 38.8ms</bind>
  <bind>Comp:16-3-4 Comp:16-2-1 0.332MBps 38.8ms</bind>
  <bind>Comp:16-2-1 Comp:16-3-4 0.332MBps 38.8ms</bind>
  <bind>Comp:16-3-5 Comp:16-2-2 0.332MBps 38.8ms</bind>
  <bind>Comp:16-2-2 Comp:16-3-5 0.332MBps 38.8ms</bind>
  <bind>Comp:16-3-6 Comp:16-2-0 0.332MBps 38.8ms</bind>
  <bind>Comp:16-2-0 Comp:16-3-6 0.332MBps 38.8ms</bind>
  <bind>Comp:16-3-7 Comp:16-2-1 0.332MBps 38.8ms</bind>
  <bind>Comp:16-2-1 Comp:16-3-7 0.332MBps 38.8ms</bind>
  <bind>Comp:16-3-8 Comp:16-2-2 0.332MBps 38.8ms</bind>
  <bind>Comp:16-2-2 Comp:16-3-8 0.332MBps 38.8ms</bind>
  <bind>Comp:16-4-0 Comp:16-3-0 0.449MBps 31.4ms</bind>
  <bind>Comp:16-3-0 Comp:16-4-0 0.449MBps 31.4ms</bind>
  <bind>Comp:16-4-1 Comp:16-3-1 0.449MBps 31.4ms</bind>
  <bind>Comp:16-3-1 Comp:16-4-1 0.449MBps 31.4ms</bind>
  <bind>Comp:16-4-2 Comp:16-3-2 0.449MBps 31.4ms</bind>
  <bind>Comp:16-3-2 Comp:16-4-2 0.449MBps 31.4ms</bind>
  <bind>Comp:16-4-3 Comp:16-3-3 0.449MBps 31.4ms</bind>
  <bind>Comp:16-3-3 Comp:16-4-3 0.449MBps 31.4ms</bind>
  <bind>Comp:16-4-4 Comp:16-3-4 0.449MBps 31.4ms</bind>
  <bind>Comp:16-3-4 Comp:16-4-4 0.449MBps 31.4ms</bind>
  <bind>Comp:16-4-5 Comp:16-3-5 0.449MBps 31.4ms</bind>
  <bind>Comp:16-3-5 Comp:16-4-5 0.449MBps 31.4ms</bind>
  <bind>Comp:16-4-6 Comp:16-3-6 0.449MBps 31.4ms</bind>
  <bind>Comp:16-3-6 Comp:16-4-6 0.449MBps 31.4ms</bind>
  <bind>Comp:16-4-7 Comp:16-3-7 0.449MBps 31.4ms</bind>
  <bind>Comp:16-3-7 Comp:16-4-7 0.449MBps 31.4ms</bind>
  <bind>Comp:16-4-8 Comp:16-3-8 0.449MBps 31.4ms</bind>
  <bind>Comp:16-3-8 Comp:16-4-8 0.449MBps 31.4ms</bind>
  <bind>Comp:16-4-0 Appliance-7 0.962MBps 42.6ms</bind>
  <bind>Appliance-7 Comp:16-4-0 0.962MBps 42.6ms</bind>
  <bind>Comp:16-4-1 Appliance-151 0.962MBps 42.6ms</bind>
  <bind>Appliance-151 Comp:16-4-1 0.962MBps 42.6ms</bind>
  <bind>Comp:16-4-2 Appliance-232 0.962MBps 42.6ms</bind>
  <bind>Appliance-232 Comp:16-4-2 0.962MBps 42.6ms</bind>
  <bind>Comp:16-4-3 Appliance-91 0.962MBps 42.6ms</bind>
  <bind>Appliance-91 Comp:16-4-3 0.962MBps 42.6ms</bind>
  <bind>Comp:16-4-4 Appliance-67 0.962MBps 42.6ms</bind>
  <bind>Appliance-67 Comp:16-4-4 0.962MBps 42.6ms</bind>
  <bind>Comp:16-4-5 Appliance-7 0.962MBps 42.6ms</bind>
  <bind>Appliance-7 Comp:16-4-5 0.962MBps 42.6ms</bind>
  <bind>Comp:16-4-6 Appliance-151 0.962MBps 42.6ms</bind>
  <bind>Appliance-151 Comp:16-4-6 0.962MBps 42.6ms</bind>
  <bind>Comp:16-4-7 Appliance-232 0.962MBps 42.6ms</bind>
  <bind>Appliance-232 Comp:16-4-7 0.962MBps 42.6ms</bind>
  <bind>Comp:16-4-8 Appliance-91 0.962MBps 42.6ms</bind>
  <bind>Appliance-91 Comp:16-4-8 0.962MBps 42.6ms</bind>
</app>
<app>
  <id>App18</id>
<comp>
  <id>Comp:18-0-0</id>
  <CPU>0.289Gf</CPU>
  <RAM>0.306GB</RAM>
  <DISK>1.42GB</DISK>
</comp>
<comp>
  <id>Comp:18-0-1</id>
  <CPU>0.289Gf</CPU>
  <RAM>0.306GB</RAM>
  <DISK>1.42GB</DISK>
</comp>
<comp>
  <id>Comp:18-0-2</id>
  <CPU>0.289Gf</CPU>
  <RAM>0.306GB</RAM>
  <DISK>1.42GB</DISK>
</comp>
<comp>
  <id>Comp:18-0-3</id>
  <CPU>0.289Gf</CPU>
  <RAM>0.306GB</RAM>
  <DISK>1.42GB</DISK>
</comp>
<comp>
  <id>Comp:18-0-4</id>
  <CPU>0.289Gf</CPU>
  <RAM>0.306GB</RAM>
  <DISK>1.42GB</DISK>
</comp>
<comp>
  <id>Comp:18-0-5</id>
  <CPU>0.289Gf</CPU>
  <RAM>0.306GB</RAM>
  <DISK>1.42GB</DISK>
</comp>
<comp>
  <id>Comp:18-0-6</id>
  <CPU>0.289Gf</CPU>
  <RAM>0.306GB</RAM>
  <DISK>1.42GB</DISK>
</comp>
<comp>
  <id>Comp:18-1-0</id>
  <CPU>0.944Gf</CPU>
  <RAM>0.507GB</RAM>
  <DISK>1.77GB</DISK>
</comp>
<comp>
  <id>Comp:18-1-1</id>
  <CPU>0.944Gf</CPU>
  <RAM>0.507GB</RAM>
  <DISK>1.77GB</DISK>
</comp>
<comp>
  <id>Comp:18-1-2</id>
  <CPU>0.944Gf</CPU>
  <RAM>0.507GB</RAM>
  <DISK>1.77GB</DISK>
</comp>
<comp>
  <id>Comp:18-1-3</id>
  <CPU>0.944Gf</CPU>
  <RAM>0.507GB</RAM>
  <DISK>1.77GB</DISK>
</comp>
<comp>
  <id>Comp:18-2-0</id>
  <CPU>0.174Gf</CPU>
  <RAM>0.891GB</RAM>
  <DISK>0.000906GB</DISK>
</comp>
<comp>
  <id>Comp:18-2-1</id>
  <CPU>0.174Gf</CPU>
  <RAM>0.891GB</RAM>
  <DISK>0.000906GB</DISK>
</comp>
<comp>
  <id>Comp:18-2-2</id>
  <CPU>0.174Gf</CPU>
  <RAM>0.891GB</RAM>
  <DISK>0.000906GB</DISK>
</comp>
<comp>
  <id>Comp:18-2-3</id>
  <CPU>0.174Gf</CPU>
  <RAM>0.891GB</RAM>
  <DISK>0.000906GB</DISK>
</comp>
<comp>
  <id>Comp:18-2-4</id>
  <CPU>0.174Gf</CPU>
  <RAM>0.891GB</RAM>
  <DISK>0.000906GB</DISK>
</comp>
<comp>
  <id>Comp:18-2-5</id>
  <CPU>0.174Gf</CPU>
  <RAM>0.891GB</RAM>
  <DISK>0.000906GB</DISK>
</comp>
<comp>
  <id>Comp:18-3-0</id>
  <CPU>0.921Gf</CPU>
  <RAM>0.421GB</RAM>
  <DISK>0.525GB</DISK>
</comp>
<comp>
  <id>Comp:18-3-1</id>
  <CPU>0.921Gf</CPU>
  <RAM>0.421GB</RAM>
  <DISK>0.525GB</DISK>
</comp>
<comp>
  <id>Comp:18-3-2</id>
  <CPU>0.921Gf</CPU>
  <RAM>0.421GB</RAM>
  <DISK>0.525GB</DISK>
</comp>
<comp>
  <id>Comp:18-3-3</id>
  <CPU>0.921Gf</CPU>
  <RAM>0.421GB</RAM>
  <DISK>0.525GB</DISK>
</comp>
<comp>
  <id>Comp:18-4-0</id>
  <CPU>0.153Gf</CPU>
  <RAM>0.964GB</RAM>
  <DISK>0.957GB</DISK>
</comp>
<comp>
  <id>Comp:18-4-1</id>
  <CPU>0.153Gf</CPU>
  <RAM>0.964GB</RAM>
  <DISK>0.957GB</DISK>
</comp>
<comp>
  <id>Comp:18-4-2</id>
  <CPU>0.153Gf</CPU>
  <RAM>0.964GB</RAM>
  <DISK>0.957GB</DISK>
</comp>
<comp>
  <id>Comp:18-5-0</id>
  <CPU>0.246Gf</CPU>
  <RAM>0.329GB</RAM>
  <DISK>1.4GB</DISK>
</comp>
<comp>
  <id>Comp:18-5-1</id>
  <CPU>0.246Gf</CPU>
  <RAM>0.329GB</RAM>
  <DISK>1.4GB</DISK>
</comp>
<comp>
  <id>Comp:18-5-2</id>
  <CPU>0.246Gf</CPU>
  <RAM>0.329GB</RAM>
  <DISK>1.4GB</DISK>
</comp>
<comp>
  <id>Comp:18-5-3</id>
  <CPU>0.246Gf</CPU>
  <RAM>0.329GB</RAM>
  <DISK>1.4GB</DISK>
</comp>
<comp>
  <id>Comp:18-5-4</id>
  <CPU>0.246Gf</CPU>
  <RAM>0.329GB</RAM>
  <DISK>1.4GB</DISK>
</comp>
<comp>
  <id>Comp:18-5-5</id>
  <CPU>0.246Gf</CPU>
  <RAM>0.329GB</RAM>
  <DISK>1.4GB</DISK>
</comp>
<comp>
  <id>Comp:18-5-6</id>
  <CPU>0.246Gf</CPU>
  <RAM>0.329GB</RAM>
  <DISK>1.4GB</DISK>
</comp>
<comp>
  <id>Comp:18-5-7</id>
  <CPU>0.246Gf</CPU>
  <RAM>0.329GB</RAM>
  <DISK>1.4GB</DISK>
</comp>
<comp>
  <id>Comp:18-5-8</id>
  <CPU>0.246Gf</CPU>
  <RAM>0.329GB</RAM>
  <DISK>1.4GB</DISK>
</comp>
<comp>
  <id>Comp:18-5-9</id>
  <CPU>0.246Gf</CPU>
  <RAM>0.329GB</RAM>
  <DISK>1.4GB</DISK>
</comp>
  <bind>Comp:18-1-0 Comp:18-0-0 0.638MBps 44.5ms</bind>
  <bind>Comp:18-0-0 Comp:18-1-0 0.638MBps 44.5ms</bind>
  <bind>Comp:18-1-1 Comp:18-0-1 0.638MBps 44.5ms</bind>
  <bind>Comp:18-0-1 Comp:18-1-1 0.638MBps 44.5ms</bind>
  <bind>Comp:18-1-2 Comp:18-0-2 0.638MBps 44.5ms</bind>
  <bind>Comp:18-0-2 Comp:18-1-2 0.638MBps 44.5ms</bind>
  <bind>Comp:18-1-3 Comp:18-0-3 0.638MBps 44.5ms</bind>
  <bind>Comp:18-0-3 Comp:18-1-3 0.638MBps 44.5ms</bind>
  <bind>Comp:18-1-0 Comp:18-0-4 0.638MBps 44.5ms</bind>
  <bind>Comp:18-0-4 Comp:18-1-0 0.638MBps 44.5ms</bind>
  <bind>Comp:18-1-1 Comp:18-0-5 0.638MBps 44.5ms</bind>
  <bind>Comp:18-0-5 Comp:18-1-1 0.638MBps 44.5ms</bind>
  <bind>Comp:18-1-2 Comp:18-0-6 0.638MBps 44.5ms</bind>
  <bind>Comp:18-0-6 Comp:18-1-2 0.638MBps 44.5ms</bind>
  <bind>Comp:18-2-0 Comp:18-1-0 0.617MBps 32.6ms</bind>
  <bind>Comp:18-1-0 Comp:18-2-0 0.617MBps 32.6ms</bind>
  <bind>Comp:18-2-1 Comp:18-1-1 0.617MBps 32.6ms</bind>
  <bind>Comp:18-1-1 Comp:18-2-1 0.617MBps 32.6ms</bind>
  <bind>Comp:18-2-2 Comp:18-1-2 0.617MBps 32.6ms</bind>
  <bind>Comp:18-1-2 Comp:18-2-2 0.617MBps 32.6ms</bind>
  <bind>Comp:18-2-3 Comp:18-1-3 0.617MBps 32.6ms</bind>
  <bind>Comp:18-1-3 Comp:18-2-3 0.617MBps 32.6ms</bind>
  <bind>Comp:18-2-4 Comp:18-1-0 0.617MBps 32.6ms</bind>
  <bind>Comp:18-1-0 Comp:18-2-4 0.617MBps 32.6ms</bind>
  <bind>Comp:18-2-5 Comp:18-1-1 0.617MBps 32.6ms</bind>
  <bind>Comp:18-1-1 Comp:18-2-5 0.617MBps 32.6ms</bind>
  <bind>Comp:18-3-0 Comp:18-2-0 0.188MBps 39.3ms</bind>
  <bind>Comp:18-2-0 Comp:18-3-0 0.188MBps 39.3ms</bind>
  <bind>Comp:18-3-1 Comp:18-2-1 0.188MBps 39.3ms</bind>
  <bind>Comp:18-2-1 Comp:18-3-1 0.188MBps 39.3ms</bind>
  <bind>Comp:18-3-2 Comp:18-2-2 0.188MBps 39.3ms</bind>
  <bind>Comp:18-2-2 Comp:18-3-2 0.188MBps 39.3ms</bind>
  <bind>Comp:18-3-3 Comp:18-2-3 0.188MBps 39.3ms</bind>
  <bind>Comp:18-2-3 Comp:18-3-3 0.188MBps 39.3ms</bind>
  <bind>Comp:18-3-0 Comp:18-2-4 0.188MBps 39.3ms</bind>
  <bind>Comp:18-2-4 Comp:18-3-0 0.188MBps 39.3ms</bind>
  <bind>Comp:18-3-1 Comp:18-2-5 0.188MBps 39.3ms</bind>
  <bind>Comp:18-2-5 Comp:18-3-1 0.188MBps 39.3ms</bind>
  <bind>Comp:18-4-0 Comp:18-3-0 0.987MBps 35.9ms</bind>
  <bind>Comp:18-3-0 Comp:18-4-0 0.987MBps 35.9ms</bind>
  <bind>Comp:18-4-1 Comp:18-3-1 0.987MBps 35.9ms</bind>
  <bind>Comp:18-3-1 Comp:18-4-1 0.987MBps 35.9ms</bind>
  <bind>Comp:18-4-2 Comp:18-3-2 0.987MBps 35.9ms</bind>
  <bind>Comp:18-3-2 Comp:18-4-2 0.987MBps 35.9ms</bind>
  <bind>Comp:18-4-0 Comp:18-3-3 0.987MBps 35.9ms</bind>
  <bind>Comp:18-3-3 Comp:18-4-0 0.987MBps 35.9ms</bind>
  <bind>Comp:18-5-0 Comp:18-4-0 0.103MBps 26.3ms</bind>
  <bind>Comp:18-4-0 Comp:18-5-0 0.103MBps 26.3ms</bind>
  <bind>Comp:18-5-1 Comp:18-4-1 0.103MBps 26.3ms</bind>
  <bind>Comp:18-4-1 Comp:18-5-1 0.103MBps 26.3ms</bind>
  <bind>Comp:18-5-2 Comp:18-4-2 0.103MBps 26.3ms</bind>
  <bind>Comp:18-4-2 Comp:18-5-2 0.103MBps 26.3ms</bind>
  <bind>Comp:18-5-3 Comp:18-4-0 0.103MBps 26.3ms</bind>
  <bind>Comp:18-4-0 Comp:18-5-3 0.103MBps 26.3ms</bind>
  <bind>Comp:18-5-4 Comp:18-4-1 0.103MBps 26.3ms</bind>
  <bind>Comp:18-4-1 Comp:18-5-4 0.103MBps 26.3ms</bind>
  <bind>Comp:18-5-5 Comp:18-4-2 0.103MBps 26.3ms</bind>
  <bind>Comp:18-4-2 Comp:18-5-5 0.103MBps 26.3ms</bind>
  <bind>Comp:18-5-6 Comp:18-4-0 0.103MBps 26.3ms</bind>
  <bind>Comp:18-4-0 Comp:18-5-6 0.103MBps 26.3ms</bind>
  <bind>Comp:18-5-7 Comp:18-4-1 0.103MBps 26.3ms</bind>
  <bind>Comp:18-4-1 Comp:18-5-7 0.103MBps 26.3ms</bind>
  <bind>Comp:18-5-8 Comp:18-4-2 0.103MBps 26.3ms</bind>
  <bind>Comp:18-4-2 Comp:18-5-8 0.103MBps 26.3ms</bind>
  <bind>Comp:18-5-9 Comp:18-4-0 0.103MBps 26.3ms</bind>
  <bind>Comp:18-4-0 Comp:18-5-9 0.103MBps 26.3ms</bind>
  <bind>Comp:18-5-0 Appliance-197 0.933MBps 26.5ms</bind>
  <bind>Appliance-197 Comp:18-5-0 0.933MBps 26.5ms</bind>
  <bind>Comp:18-5-1 Appliance-125 0.933MBps 26.5ms</bind>
  <bind>Appliance-125 Comp:18-5-1 0.933MBps 26.5ms</bind>
  <bind>Comp:18-5-2 Appliance-225 0.933MBps 26.5ms</bind>
  <bind>Appliance-225 Comp:18-5-2 0.933MBps 26.5ms</bind>
  <bind>Comp:18-5-3 Appliance-53 0.933MBps 26.5ms</bind>
  <bind>Appliance-53 Comp:18-5-3 0.933MBps 26.5ms</bind>
  <bind>Comp:18-5-4 Appliance-224 0.933MBps 26.5ms</bind>
  <bind>Appliance-224 Comp:18-5-4 0.933MBps 26.5ms</bind>
  <bind>Comp:18-5-5 Appliance-189 0.933MBps 26.5ms</bind>
  <bind>Appliance-189 Comp:18-5-5 0.933MBps 26.5ms</bind>
  <bind>Comp:18-5-6 Appliance-197 0.933MBps 26.5ms</bind>
  <bind>Appliance-197 Comp:18-5-6 0.933MBps 26.5ms</bind>
  <bind>Comp:18-5-7 Appliance-125 0.933MBps 26.5ms</bind>
  <bind>Appliance-125 Comp:18-5-7 0.933MBps 26.5ms</bind>
  <bind>Comp:18-5-8 Appliance-225 0.933MBps 26.5ms</bind>
  <bind>Appliance-225 Comp:18-5-8 0.933MBps 26.5ms</bind>
  <bind>Comp:18-5-9 Appliance-53 0.933MBps 26.5ms</bind>
  <bind>Appliance-53 Comp:18-5-9 0.933MBps 26.5ms</bind>
</app>
<app>
  <id>App19</id>
<comp>
  <id>Comp:19-0-0</id>
  <CPU>0.142Gf</CPU>
  <RAM>0.476GB</RAM>
  <DISK>1.43GB</DISK>
</comp>
<comp>
  <id>Comp:19-1-0</id>
  <CPU>0.683Gf</CPU>
  <RAM>0.857GB</RAM>
  <DISK>1.9GB</DISK>
</comp>
<comp>
  <id>Comp:19-1-1</id>
  <CPU>0.683Gf</CPU>
  <RAM>0.857GB</RAM>
  <DISK>1.9GB</DISK>
</comp>
<comp>
  <id>Comp:19-1-2</id>
  <CPU>0.683Gf</CPU>
  <RAM>0.857GB</RAM>
  <DISK>1.9GB</DISK>
</comp>
<comp>
  <id>Comp:19-1-3</id>
  <CPU>0.683Gf</CPU>
  <RAM>0.857GB</RAM>
  <DISK>1.9GB</DISK>
</comp>
<comp>
  <id>Comp:19-1-4</id>
  <CPU>0.683Gf</CPU>
  <RAM>0.857GB</RAM>
  <DISK>1.9GB</DISK>
</comp>
<comp>
  <id>Comp:19-1-5</id>
  <CPU>0.683Gf</CPU>
  <RAM>0.857GB</RAM>
  <DISK>1.9GB</DISK>
</comp>
<comp>
  <id>Comp:19-2-0</id>
  <CPU>0.509Gf</CPU>
  <RAM>0.429GB</RAM>
  <DISK>0.524GB</DISK>
</comp>
<comp>
  <id>Comp:19-2-1</id>
  <CPU>0.509Gf</CPU>
  <RAM>0.429GB</RAM>
  <DISK>0.524GB</DISK>
</comp>
<comp>
  <id>Comp:19-2-2</id>
  <CPU>0.509Gf</CPU>
  <RAM>0.429GB</RAM>
  <DISK>0.524GB</DISK>
</comp>
<comp>
  <id>Comp:19-2-3</id>
  <CPU>0.509Gf</CPU>
  <RAM>0.429GB</RAM>
  <DISK>0.524GB</DISK>
</comp>
<comp>
  <id>Comp:19-2-4</id>
  <CPU>0.509Gf</CPU>
  <RAM>0.429GB</RAM>
  <DISK>0.524GB</DISK>
</comp>
  <bind>Comp:19-1-0 Comp:19-0-0 0.708MBps 38.5ms</bind>
  <bind>Comp:19-0-0 Comp:19-1-0 0.708MBps 38.5ms</bind>
  <bind>Comp:19-1-1 Comp:19-0-0 0.708MBps 38.5ms</bind>
  <bind>Comp:19-0-0 Comp:19-1-1 0.708MBps 38.5ms</bind>
  <bind>Comp:19-1-2 Comp:19-0-0 0.708MBps 38.5ms</bind>
  <bind>Comp:19-0-0 Comp:19-1-2 0.708MBps 38.5ms</bind>
  <bind>Comp:19-1-3 Comp:19-0-0 0.708MBps 38.5ms</bind>
  <bind>Comp:19-0-0 Comp:19-1-3 0.708MBps 38.5ms</bind>
  <bind>Comp:19-1-4 Comp:19-0-0 0.708MBps 38.5ms</bind>
  <bind>Comp:19-0-0 Comp:19-1-4 0.708MBps 38.5ms</bind>
  <bind>Comp:19-1-5 Comp:19-0-0 0.708MBps 38.5ms</bind>
  <bind>Comp:19-0-0 Comp:19-1-5 0.708MBps 38.5ms</bind>
  <bind>Comp:19-2-0 Comp:19-1-0 0.0299MBps 30.1ms</bind>
  <bind>Comp:19-1-0 Comp:19-2-0 0.0299MBps 30.1ms</bind>
  <bind>Comp:19-2-1 Comp:19-1-1 0.0299MBps 30.1ms</bind>
  <bind>Comp:19-1-1 Comp:19-2-1 0.0299MBps 30.1ms</bind>
  <bind>Comp:19-2-2 Comp:19-1-2 0.0299MBps 30.1ms</bind>
  <bind>Comp:19-1-2 Comp:19-2-2 0.0299MBps 30.1ms</bind>
  <bind>Comp:19-2-3 Comp:19-1-3 0.0299MBps 30.1ms</bind>
  <bind>Comp:19-1-3 Comp:19-2-3 0.0299MBps 30.1ms</bind>
  <bind>Comp:19-2-4 Comp:19-1-4 0.0299MBps 30.1ms</bind>
  <bind>Comp:19-1-4 Comp:19-2-4 0.0299MBps 30.1ms</bind>
  <bind>Comp:19-2-0 Comp:19-1-5 0.0299MBps 30.1ms</bind>
  <bind>Comp:19-1-5 Comp:19-2-0 0.0299MBps 30.1ms</bind>
  <bind>Comp:19-2-0 Appliance-189 0.547MBps 47.1ms</bind>
  <bind>Appliance-189 Comp:19-2-0 0.547MBps 47.1ms</bind>
  <bind>Comp:19-2-1 Appliance-35 0.547MBps 47.1ms</bind>
  <bind>Appliance-35 Comp:19-2-1 0.547MBps 47.1ms</bind>
  <bind>Comp:19-2-2 Appliance-189 0.547MBps 47.1ms</bind>
  <bind>Appliance-189 Comp:19-2-2 0.547MBps 47.1ms</bind>
  <bind>Comp:19-2-3 Appliance-35 0.547MBps 47.1ms</bind>
  <bind>Appliance-35 Comp:19-2-3 0.547MBps 47.1ms</bind>
  <bind>Comp:19-2-4 Appliance-189 0.547MBps 47.1ms</bind>
  <bind>Appliance-189 Comp:19-2-4 0.547MBps 47.1ms</bind>
</app>
<app>
  <id>App2</id>
<comp>
  <id>Comp:2-1-0</id>
  <CPU>0.938Gf</CPU>
  <RAM>0.926GB</RAM>
  <DISK>1.12GB</DISK>
</comp>
<comp>
  <id>Comp:2-1-1</id>
  <CPU>0.938Gf</CPU>
  <RAM>0.926GB</RAM>
  <DISK>1.12GB</DISK>
</comp>
<comp>
  <id>Comp:2-1-2</id>
  <CPU>0.938Gf</CPU>
  <RAM>0.926GB</RAM>
  <DISK>1.12GB</DISK>
</comp>
<comp>
  <id>Comp:2-1-3</id>
  <CPU>0.938Gf</CPU>
  <RAM>0.926GB</RAM>
  <DISK>1.12GB</DISK>
</comp>
<comp>
  <id>Comp:2-1-4</id>
  <CPU>0.938Gf</CPU>
  <RAM>0.926GB</RAM>
  <DISK>1.12GB</DISK>
</comp>
<comp>
  <id>Comp:2-1-5</id>
  <CPU>0.938Gf</CPU>
  <RAM>0.926GB</RAM>
  <DISK>1.12GB</DISK>
</comp>
<comp>
  <id>Comp:2-1-6</id>
  <CPU>0.938Gf</CPU>
  <RAM>0.926GB</RAM>
  <DISK>1.12GB</DISK>
</comp>
<comp>
  <id>Comp:2-1-7</id>
  <CPU>0.938Gf</CPU>
  <RAM>0.926GB</RAM>
  <DISK>1.12GB</DISK>
</comp>
<comp>
  <id>Comp:2-2-0</id>
  <CPU>0.593Gf</CPU>
  <RAM>0.839GB</RAM>
  <DISK>0.0471GB</DISK>
</comp>
<comp>
  <id>Comp:2-2-1</id>
  <CPU>0.593Gf</CPU>
  <RAM>0.839GB</RAM>
  <DISK>0.0471GB</DISK>
</comp>
<comp>
  <id>Comp:2-2-2</id>
  <CPU>0.593Gf</CPU>
  <RAM>0.839GB</RAM>
  <DISK>0.0471GB</DISK>
</comp>
<comp>
  <id>Comp:2-3-0</id>
  <CPU>0.725Gf</CPU>
  <RAM>0.926GB</RAM>
  <DISK>1.96GB</DISK>
</comp>
<comp>
  <id>Comp:2-3-1</id>
  <CPU>0.725Gf</CPU>
  <RAM>0.926GB</RAM>
  <DISK>1.96GB</DISK>
</comp>
<comp>
  <id>Comp:2-3-2</id>
  <CPU>0.725Gf</CPU>
  <RAM>0.926GB</RAM>
  <DISK>1.96GB</DISK>
</comp>
<comp>
  <id>Comp:2-3-3</id>
  <CPU>0.725Gf</CPU>
  <RAM>0.926GB</RAM>
  <DISK>1.96GB</DISK>
</comp>
<comp>
  <id>Comp:2-3-4</id>
  <CPU>0.725Gf</CPU>
  <RAM>0.926GB</RAM>
  <DISK>1.96GB</DISK>
</comp>
<comp>
  <id>Comp:2-3-5</id>
  <CPU>0.725Gf</CPU>
  <RAM>0.926GB</RAM>
  <DISK>1.96GB</DISK>
</comp>
<comp>
  <id>Comp:2-3-6</id>
  <CPU>0.725Gf</CPU>
  <RAM>0.926GB</RAM>
  <DISK>1.96GB</DISK>
</comp>
<comp>
  <id>Comp:2-3-7</id>
  <CPU>0.725Gf</CPU>
  <RAM>0.926GB</RAM>
  <DISK>1.96GB</DISK>
</comp>
<comp>
  <id>Comp:2-4-0</id>
  <CPU>0.227Gf</CPU>
  <RAM>0.754GB</RAM>
  <DISK>0.831GB</DISK>
</comp>
<comp>
  <id>Comp:2-4-1</id>
  <CPU>0.227Gf</CPU>
  <RAM>0.754GB</RAM>
  <DISK>0.831GB</DISK>
</comp>
<comp>
  <id>Comp:2-4-2</id>
  <CPU>0.227Gf</CPU>
  <RAM>0.754GB</RAM>
  <DISK>0.831GB</DISK>
</comp>
<comp>
  <id>Comp:2-4-3</id>
  <CPU>0.227Gf</CPU>
  <RAM>0.754GB</RAM>
  <DISK>0.831GB</DISK>
</comp>
<comp>
  <id>Comp:2-4-4</id>
  <CPU>0.227Gf</CPU>
  <RAM>0.754GB</RAM>
  <DISK>0.831GB</DISK>
</comp>
<comp>
  <id>Comp:2-4-5</id>
  <CPU>0.227Gf</CPU>
  <RAM>0.754GB</RAM>
  <DISK>0.831GB</DISK>
</comp>
<comp>
  <id>Comp:2-4-6</id>
  <CPU>0.227Gf</CPU>
  <RAM>0.754GB</RAM>
  <DISK>0.831GB</DISK>
</comp>
<comp>
  <id>Comp:2-5-0</id>
  <CPU>0.184Gf</CPU>
  <RAM>0.368GB</RAM>
  <DISK>1.63GB</DISK>
</comp>
<comp>
  <id>Comp:2-5-1</id>
  <CPU>0.184Gf</CPU>
  <RAM>0.368GB</RAM>
  <DISK>1.63GB</DISK>
</comp>
<comp>
  <id>Comp:2-5-2</id>
  <CPU>0.184Gf</CPU>
  <RAM>0.368GB</RAM>
  <DISK>1.63GB</DISK>
</comp>
<comp>
  <id>Comp:2-5-3</id>
  <CPU>0.184Gf</CPU>
  <RAM>0.368GB</RAM>
  <DISK>1.63GB</DISK>
</comp>
<comp>
  <id>Comp:2-5-4</id>
  <CPU>0.184Gf</CPU>
  <RAM>0.368GB</RAM>
  <DISK>1.63GB</DISK>
</comp>
<comp>
  <id>Comp:2-5-5</id>
  <CPU>0.184Gf</CPU>
  <RAM>0.368GB</RAM>
  <DISK>1.63GB</DISK>
</comp>
<comp>
  <id>Comp:2-5-6</id>
  <CPU>0.184Gf</CPU>
  <RAM>0.368GB</RAM>
  <DISK>1.63GB</DISK>
</comp>
  <bind>Comp:2-1-0 Appliance-330 0.914MBps 43.7ms</bind>
  <bind>Appliance-330 Comp:2-1-0 0.914MBps 43.7ms</bind>
  <bind>Comp:2-1-1 Appliance-139 0.914MBps 43.7ms</bind>
  <bind>Appliance-139 Comp:2-1-1 0.914MBps 43.7ms</bind>
  <bind>Comp:2-1-2 Appliance-359 0.914MBps 43.7ms</bind>
  <bind>Appliance-359 Comp:2-1-2 0.914MBps 43.7ms</bind>
  <bind>Comp:2-1-3 Appliance-68 0.914MBps 43.7ms</bind>
  <bind>Appliance-68 Comp:2-1-3 0.914MBps 43.7ms</bind>
  <bind>Comp:2-1-4 Appliance-389 0.914MBps 43.7ms</bind>
  <bind>Appliance-389 Comp:2-1-4 0.914MBps 43.7ms</bind>
  <bind>Comp:2-1-5 Appliance-299 0.914MBps 43.7ms</bind>
  <bind>Appliance-299 Comp:2-1-5 0.914MBps 43.7ms</bind>
  <bind>Comp:2-1-6 Appliance-330 0.914MBps 43.7ms</bind>
  <bind>Appliance-330 Comp:2-1-6 0.914MBps 43.7ms</bind>
  <bind>Comp:2-1-7 Appliance-139 0.914MBps 43.7ms</bind>
  <bind>Appliance-139 Comp:2-1-7 0.914MBps 43.7ms</bind>
  <bind>Comp:2-2-0 Comp:2-1-0 0.829MBps 31.8ms</bind>
  <bind>Comp:2-1-0 Comp:2-2-0 0.829MBps 31.8ms</bind>
  <bind>Comp:2-2-1 Comp:2-1-1 0.829MBps 31.8ms</bind>
  <bind>Comp:2-1-1 Comp:2-2-1 0.829MBps 31.8ms</bind>
  <bind>Comp:2-2-2 Comp:2-1-2 0.829MBps 31.8ms</bind>
  <bind>Comp:2-1-2 Comp:2-2-2 0.829MBps 31.8ms</bind>
  <bind>Comp:2-2-0 Comp:2-1-3 0.829MBps 31.8ms</bind>
  <bind>Comp:2-1-3 Comp:2-2-0 0.829MBps 31.8ms</bind>
  <bind>Comp:2-2-1 Comp:2-1-4 0.829MBps 31.8ms</bind>
  <bind>Comp:2-1-4 Comp:2-2-1 0.829MBps 31.8ms</bind>
  <bind>Comp:2-2-2 Comp:2-1-5 0.829MBps 31.8ms</bind>
  <bind>Comp:2-1-5 Comp:2-2-2 0.829MBps 31.8ms</bind>
  <bind>Comp:2-2-0 Comp:2-1-6 0.829MBps 31.8ms</bind>
  <bind>Comp:2-1-6 Comp:2-2-0 0.829MBps 31.8ms</bind>
  <bind>Comp:2-2-1 Comp:2-1-7 0.829MBps 31.8ms</bind>
  <bind>Comp:2-1-7 Comp:2-2-1 0.829MBps 31.8ms</bind>
  <bind>Comp:2-3-0 Comp:2-2-0 0.264MBps 27.9ms</bind>
  <bind>Comp:2-2-0 Comp:2-3-0 0.264MBps 27.9ms</bind>
  <bind>Comp:2-3-1 Comp:2-2-1 0.264MBps 27.9ms</bind>
  <bind>Comp:2-2-1 Comp:2-3-1 0.264MBps 27.9ms</bind>
  <bind>Comp:2-3-2 Comp:2-2-2 0.264MBps 27.9ms</bind>
  <bind>Comp:2-2-2 Comp:2-3-2 0.264MBps 27.9ms</bind>
  <bind>Comp:2-3-3 Comp:2-2-0 0.264MBps 27.9ms</bind>
  <bind>Comp:2-2-0 Comp:2-3-3 0.264MBps 27.9ms</bind>
  <bind>Comp:2-3-4 Comp:2-2-1 0.264MBps 27.9ms</bind>
  <bind>Comp:2-2-1 Comp:2-3-4 0.264MBps 27.9ms</bind>
  <bind>Comp:2-3-5 Comp:2-2-2 0.264MBps 27.9ms</bind>
  <bind>Comp:2-2-2 Comp:2-3-5 0.264MBps 27.9ms</bind>
  <bind>Comp:2-3-6 Comp:2-2-0 0.264MBps 27.9ms</bind>
  <bind>Comp:2-2-0 Comp:2-3-6 0.264MBps 27.9ms</bind>
  <bind>Comp:2-3-7 Comp:2-2-1 0.264MBps 27.9ms</bind>
  <bind>Comp:2-2-1 Comp:2-3-7 0.264MBps 27.9ms</bind>
  <bind>Comp:2-4-0 Comp:2-3-0 0.0946MBps 47.3ms</bind>
  <bind>Comp:2-3-0 Comp:2-4-0 0.0946MBps 47.3ms</bind>
  <bind>Comp:2-4-1 Comp:2-3-1 0.0946MBps 47.3ms</bind>
  <bind>Comp:2-3-1 Comp:2-4-1 0.0946MBps 47.3ms</bind>
  <bind>Comp:2-4-2 Comp:2-3-2 0.0946MBps 47.3ms</bind>
  <bind>Comp:2-3-2 Comp:2-4-2 0.0946MBps 47.3ms</bind>
  <bind>Comp:2-4-3 Comp:2-3-3 0.0946MBps 47.3ms</bind>
  <bind>Comp:2-3-3 Comp:2-4-3 0.0946MBps 47.3ms</bind>
  <bind>Comp:2-4-4 Comp:2-3-4 0.0946MBps 47.3ms</bind>
  <bind>Comp:2-3-4 Comp:2-4-4 0.0946MBps 47.3ms</bind>
  <bind>Comp:2-4-5 Comp:2-3-5 0.0946MBps 47.3ms</bind>
  <bind>Comp:2-3-5 Comp:2-4-5 0.0946MBps 47.3ms</bind>
  <bind>Comp:2-4-6 Comp:2-3-6 0.0946MBps 47.3ms</bind>
  <bind>Comp:2-3-6 Comp:2-4-6 0.0946MBps 47.3ms</bind>
  <bind>Comp:2-4-0 Comp:2-3-7 0.0946MBps 47.3ms</bind>
  <bind>Comp:2-3-7 Comp:2-4-0 0.0946MBps 47.3ms</bind>
  <bind>Comp:2-4-0 Comp:2-5-0 0.31MBps 35.1ms</bind>
  <bind>Comp:2-5-0 Comp:2-4-0 0.31MBps 35.1ms</bind>
  <bind>Comp:2-4-1 Comp:2-5-1 0.31MBps 35.1ms</bind>
  <bind>Comp:2-5-1 Comp:2-4-1 0.31MBps 35.1ms</bind>
  <bind>Comp:2-4-2 Comp:2-5-2 0.31MBps 35.1ms</bind>
  <bind>Comp:2-5-2 Comp:2-4-2 0.31MBps 35.1ms</bind>
  <bind>Comp:2-4-3 Comp:2-5-3 0.31MBps 35.1ms</bind>
  <bind>Comp:2-5-3 Comp:2-4-3 0.31MBps 35.1ms</bind>
  <bind>Comp:2-4-4 Comp:2-5-4 0.31MBps 35.1ms</bind>
  <bind>Comp:2-5-4 Comp:2-4-4 0.31MBps 35.1ms</bind>
  <bind>Comp:2-4-5 Comp:2-5-5 0.31MBps 35.1ms</bind>
  <bind>Comp:2-5-5 Comp:2-4-5 0.31MBps 35.1ms</bind>
  <bind>Comp:2-4-6 Comp:2-5-6 0.31MBps 35.1ms</bind>
  <bind>Comp:2-5-6 Comp:2-4-6 0.31MBps 35.1ms</bind>
</app>
<app>
  <id>App20</id>
<comp>
  <id>Comp:20-1-0</id>
  <CPU>0.144Gf</CPU>
  <RAM>0.522GB</RAM>
  <DISK>1.83GB</DISK>
</comp>
<comp>
  <id>Comp:20-1-1</id>
  <CPU>0.144Gf</CPU>
  <RAM>0.522GB</RAM>
  <DISK>1.83GB</DISK>
</comp>
<comp>
  <id>Comp:20-1-2</id>
  <CPU>0.144Gf</CPU>
  <RAM>0.522GB</RAM>
  <DISK>1.83GB</DISK>
</comp>
<comp>
  <id>Comp:20-1-3</id>
  <CPU>0.144Gf</CPU>
  <RAM>0.522GB</RAM>
  <DISK>1.83GB</DISK>
</comp>
<comp>
  <id>Comp:20-1-4</id>
  <CPU>0.144Gf</CPU>
  <RAM>0.522GB</RAM>
  <DISK>1.83GB</DISK>
</comp>
<comp>
  <id>Comp:20-1-5</id>
  <CPU>0.144Gf</CPU>
  <RAM>0.522GB</RAM>
  <DISK>1.83GB</DISK>
</comp>
<comp>
  <id>Comp:20-1-6</id>
  <CPU>0.144Gf</CPU>
  <RAM>0.522GB</RAM>
  <DISK>1.83GB</DISK>
</comp>
<comp>
  <id>Comp:20-2-0</id>
  <CPU>0.226Gf</CPU>
  <RAM>0.672GB</RAM>
  <DISK>1.7GB</DISK>
</comp>
<comp>
  <id>Comp:20-2-1</id>
  <CPU>0.226Gf</CPU>
  <RAM>0.672GB</RAM>
  <DISK>1.7GB</DISK>
</comp>
<comp>
  <id>Comp:20-2-2</id>
  <CPU>0.226Gf</CPU>
  <RAM>0.672GB</RAM>
  <DISK>1.7GB</DISK>
</comp>
<comp>
  <id>Comp:20-2-3</id>
  <CPU>0.226Gf</CPU>
  <RAM>0.672GB</RAM>
  <DISK>1.7GB</DISK>
</comp>
<comp>
  <id>Comp:20-2-4</id>
  <CPU>0.226Gf</CPU>
  <RAM>0.672GB</RAM>
  <DISK>1.7GB</DISK>
</comp>
<comp>
  <id>Comp:20-2-5</id>
  <CPU>0.226Gf</CPU>
  <RAM>0.672GB</RAM>
  <DISK>1.7GB</DISK>
</comp>
<comp>
  <id>Comp:20-2-6</id>
  <CPU>0.226Gf</CPU>
  <RAM>0.672GB</RAM>
  <DISK>1.7GB</DISK>
</comp>
<comp>
  <id>Comp:20-2-7</id>
  <CPU>0.226Gf</CPU>
  <RAM>0.672GB</RAM>
  <DISK>1.7GB</DISK>
</comp>
<comp>
  <id>Comp:20-2-8</id>
  <CPU>0.226Gf</CPU>
  <RAM>0.672GB</RAM>
  <DISK>1.7GB</DISK>
</comp>
<comp>
  <id>Comp:20-2-9</id>
  <CPU>0.226Gf</CPU>
  <RAM>0.672GB</RAM>
  <DISK>1.7GB</DISK>
</comp>
<comp>
  <id>Comp:20-3-0</id>
  <CPU>0.39Gf</CPU>
  <RAM>0.625GB</RAM>
  <DISK>1.45GB</DISK>
</comp>
<comp>
  <id>Comp:20-4-0</id>
  <CPU>0.725Gf</CPU>
  <RAM>0.8GB</RAM>
  <DISK>1.06GB</DISK>
</comp>
<comp>
  <id>Comp:20-4-1</id>
  <CPU>0.725Gf</CPU>
  <RAM>0.8GB</RAM>
  <DISK>1.06GB</DISK>
</comp>
<comp>
  <id>Comp:20-4-2</id>
  <CPU>0.725Gf</CPU>
  <RAM>0.8GB</RAM>
  <DISK>1.06GB</DISK>
</comp>
<comp>
  <id>Comp:20-4-3</id>
  <CPU>0.725Gf</CPU>
  <RAM>0.8GB</RAM>
  <DISK>1.06GB</DISK>
</comp>
<comp>
  <id>Comp:20-4-4</id>
  <CPU>0.725Gf</CPU>
  <RAM>0.8GB</RAM>
  <DISK>1.06GB</DISK>
</comp>
<comp>
  <id>Comp:20-5-0</id>
  <CPU>0.234Gf</CPU>
  <RAM>0.495GB</RAM>
  <DISK>1.37GB</DISK>
</comp>
<comp>
  <id>Comp:20-5-1</id>
  <CPU>0.234Gf</CPU>
  <RAM>0.495GB</RAM>
  <DISK>1.37GB</DISK>
</comp>
  <bind>Comp:20-1-0 Appliance-192 0.666MBps 29.4ms</bind>
  <bind>Appliance-192 Comp:20-1-0 0.666MBps 29.4ms</bind>
  <bind>Comp:20-1-1 Appliance-211 0.666MBps 29.4ms</bind>
  <bind>Appliance-211 Comp:20-1-1 0.666MBps 29.4ms</bind>
  <bind>Comp:20-1-2 Appliance-279 0.666MBps 29.4ms</bind>
  <bind>Appliance-279 Comp:20-1-2 0.666MBps 29.4ms</bind>
  <bind>Comp:20-1-3 Appliance-345 0.666MBps 29.4ms</bind>
  <bind>Appliance-345 Comp:20-1-3 0.666MBps 29.4ms</bind>
  <bind>Comp:20-1-4 Appliance-192 0.666MBps 29.4ms</bind>
  <bind>Appliance-192 Comp:20-1-4 0.666MBps 29.4ms</bind>
  <bind>Comp:20-1-5 Appliance-211 0.666MBps 29.4ms</bind>
  <bind>Appliance-211 Comp:20-1-5 0.666MBps 29.4ms</bind>
  <bind>Comp:20-1-6 Appliance-279 0.666MBps 29.4ms</bind>
  <bind>Appliance-279 Comp:20-1-6 0.666MBps 29.4ms</bind>
  <bind>Comp:20-2-0 Comp:20-1-0 0.879MBps 45.1ms</bind>
  <bind>Comp:20-1-0 Comp:20-2-0 0.879MBps 45.1ms</bind>
  <bind>Comp:20-2-1 Comp:20-1-1 0.879MBps 45.1ms</bind>
  <bind>Comp:20-1-1 Comp:20-2-1 0.879MBps 45.1ms</bind>
  <bind>Comp:20-2-2 Comp:20-1-2 0.879MBps 45.1ms</bind>
  <bind>Comp:20-1-2 Comp:20-2-2 0.879MBps 45.1ms</bind>
  <bind>Comp:20-2-3 Comp:20-1-3 0.879MBps 45.1ms</bind>
  <bind>Comp:20-1-3 Comp:20-2-3 0.879MBps 45.1ms</bind>
  <bind>Comp:20-2-4 Comp:20-1-4 0.879MBps 45.1ms</bind>
  <bind>Comp:20-1-4 Comp:20-2-4 0.879MBps 45.1ms</bind>
  <bind>Comp:20-2-5 Comp:20-1-5 0.879MBps 45.1ms</bind>
  <bind>Comp:20-1-5 Comp:20-2-5 0.879MBps 45.1ms</bind>
  <bind>Comp:20-2-6 Comp:20-1-6 0.879MBps 45.1ms</bind>
  <bind>Comp:20-1-6 Comp:20-2-6 0.879MBps 45.1ms</bind>
  <bind>Comp:20-2-7 Comp:20-1-0 0.879MBps 45.1ms</bind>
  <bind>Comp:20-1-0 Comp:20-2-7 0.879MBps 45.1ms</bind>
  <bind>Comp:20-2-8 Comp:20-1-1 0.879MBps 45.1ms</bind>
  <bind>Comp:20-1-1 Comp:20-2-8 0.879MBps 45.1ms</bind>
  <bind>Comp:20-2-9 Comp:20-1-2 0.879MBps 45.1ms</bind>
  <bind>Comp:20-1-2 Comp:20-2-9 0.879MBps 45.1ms</bind>
  <bind>Comp:20-3-0 Comp:20-2-0 0.354MBps 26.5ms</bind>
  <bind>Comp:20-2-0 Comp:20-3-0 0.354MBps 26.5ms</bind>
  <bind>Comp:20-3-0 Comp:20-2-1 0.354MBps 26.5ms</bind>
  <bind>Comp:20-2-1 Comp:20-3-0 0.354MBps 26.5ms</bind>
  <bind>Comp:20-3-0 Comp:20-2-2 0.354MBps 26.5ms</bind>
  <bind>Comp:20-2-2 Comp:20-3-0 0.354MBps 26.5ms</bind>
  <bind>Comp:20-3-0 Comp:20-2-3 0.354MBps 26.5ms</bind>
  <bind>Comp:20-2-3 Comp:20-3-0 0.354MBps 26.5ms</bind>
  <bind>Comp:20-3-0 Comp:20-2-4 0.354MBps 26.5ms</bind>
  <bind>Comp:20-2-4 Comp:20-3-0 0.354MBps 26.5ms</bind>
  <bind>Comp:20-3-0 Comp:20-2-5 0.354MBps 26.5ms</bind>
  <bind>Comp:20-2-5 Comp:20-3-0 0.354MBps 26.5ms</bind>
  <bind>Comp:20-3-0 Comp:20-2-6 0.354MBps 26.5ms</bind>
  <bind>Comp:20-2-6 Comp:20-3-0 0.354MBps 26.5ms</bind>
  <bind>Comp:20-3-0 Comp:20-2-7 0.354MBps 26.5ms</bind>
  <bind>Comp:20-2-7 Comp:20-3-0 0.354MBps 26.5ms</bind>
  <bind>Comp:20-3-0 Comp:20-2-8 0.354MBps 26.5ms</bind>
  <bind>Comp:20-2-8 Comp:20-3-0 0.354MBps 26.5ms</bind>
  <bind>Comp:20-3-0 Comp:20-2-9 0.354MBps 26.5ms</bind>
  <bind>Comp:20-2-9 Comp:20-3-0 0.354MBps 26.5ms</bind>
  <bind>Comp:20-4-0 Comp:20-3-0 0.368MBps 41.3ms</bind>
  <bind>Comp:20-3-0 Comp:20-4-0 0.368MBps 41.3ms</bind>
  <bind>Comp:20-4-1 Comp:20-3-0 0.368MBps 41.3ms</bind>
  <bind>Comp:20-3-0 Comp:20-4-1 0.368MBps 41.3ms</bind>
  <bind>Comp:20-4-2 Comp:20-3-0 0.368MBps 41.3ms</bind>
  <bind>Comp:20-3-0 Comp:20-4-2 0.368MBps 41.3ms</bind>
  <bind>Comp:20-4-3 Comp:20-3-0 0.368MBps 41.3ms</bind>
  <bind>Comp:20-3-0 Comp:20-4-3 0.368MBps 41.3ms</bind>
  <bind>Comp:20-4-4 Comp:20-3-0 0.368MBps 41.3ms</bind>
  <bind>Comp:20-3-0 Comp:20-4-4 0.368MBps 41.3ms</bind>
  <bind>Comp:20-4-0 Comp:20-5-0 0.31MBps 33.2ms</bind>
  <bind>Comp:20-5-0 Comp:20-4-0 0.31MBps 33.2ms</bind>
  <bind>Comp:20-4-1 Comp:20-5-1 0.31MBps 33.2ms</bind>
  <bind>Comp:20-5-1 Comp:20-4-1 0.31MBps 33.2ms</bind>
  <bind>Comp:20-4-2 Comp:20-5-0 0.31MBps 33.2ms</bind>
  <bind>Comp:20-5-0 Comp:20-4-2 0.31MBps 33.2ms</bind>
  <bind>Comp:20-4-3 Comp:20-5-1 0.31MBps 33.2ms</bind>
  <bind>Comp:20-5-1 Comp:20-4-3 0.31MBps 33.2ms</bind>
  <bind>Comp:20-4-4 Comp:20-5-0 0.31MBps 33.2ms</bind>
  <bind>Comp:20-5-0 Comp:20-4-4 0.31MBps 33.2ms</bind>
</app>
<app>
  <id>App21</id>
<comp>
  <id>Comp:21-1-0</id>
  <CPU>0.418Gf</CPU>
  <RAM>0.153GB</RAM>
  <DISK>1.09GB</DISK>
</comp>
<comp>
  <id>Comp:21-1-1</id>
  <CPU>0.418Gf</CPU>
  <RAM>0.153GB</RAM>
  <DISK>1.09GB</DISK>
</comp>
<comp>
  <id>Comp:21-1-2</id>
  <CPU>0.418Gf</CPU>
  <RAM>0.153GB</RAM>
  <DISK>1.09GB</DISK>
</comp>
<comp>
  <id>Comp:21-1-3</id>
  <CPU>0.418Gf</CPU>
  <RAM>0.153GB</RAM>
  <DISK>1.09GB</DISK>
</comp>
<comp>
  <id>Comp:21-1-4</id>
  <CPU>0.418Gf</CPU>
  <RAM>0.153GB</RAM>
  <DISK>1.09GB</DISK>
</comp>
<comp>
  <id>Comp:21-1-5</id>
  <CPU>0.418Gf</CPU>
  <RAM>0.153GB</RAM>
  <DISK>1.09GB</DISK>
</comp>
<comp>
  <id>Comp:21-1-6</id>
  <CPU>0.418Gf</CPU>
  <RAM>0.153GB</RAM>
  <DISK>1.09GB</DISK>
</comp>
<comp>
  <id>Comp:21-1-7</id>
  <CPU>0.418Gf</CPU>
  <RAM>0.153GB</RAM>
  <DISK>1.09GB</DISK>
</comp>
<comp>
  <id>Comp:21-1-8</id>
  <CPU>0.418Gf</CPU>
  <RAM>0.153GB</RAM>
  <DISK>1.09GB</DISK>
</comp>
<comp>
  <id>Comp:21-2-0</id>
  <CPU>0.364Gf</CPU>
  <RAM>0.538GB</RAM>
  <DISK>0.922GB</DISK>
</comp>
<comp>
  <id>Comp:21-2-1</id>
  <CPU>0.364Gf</CPU>
  <RAM>0.538GB</RAM>
  <DISK>0.922GB</DISK>
</comp>
<comp>
  <id>Comp:21-2-2</id>
  <CPU>0.364Gf</CPU>
  <RAM>0.538GB</RAM>
  <DISK>0.922GB</DISK>
</comp>
<comp>
  <id>Comp:21-2-3</id>
  <CPU>0.364Gf</CPU>
  <RAM>0.538GB</RAM>
  <DISK>0.922GB</DISK>
</comp>
<comp>
  <id>Comp:21-2-4</id>
  <CPU>0.364Gf</CPU>
  <RAM>0.538GB</RAM>
  <DISK>0.922GB</DISK>
</comp>
<comp>
  <id>Comp:21-2-5</id>
  <CPU>0.364Gf</CPU>
  <RAM>0.538GB</RAM>
  <DISK>0.922GB</DISK>
</comp>
<comp>
  <id>Comp:21-2-6</id>
  <CPU>0.364Gf</CPU>
  <RAM>0.538GB</RAM>
  <DISK>0.922GB</DISK>
</comp>
<comp>
  <id>Comp:21-2-7</id>
  <CPU>0.364Gf</CPU>
  <RAM>0.538GB</RAM>
  <DISK>0.922GB</DISK>
</comp>
<comp>
  <id>Comp:21-2-8</id>
  <CPU>0.364Gf</CPU>
  <RAM>0.538GB</RAM>
  <DISK>0.922GB</DISK>
</comp>
<comp>
  <id>Comp:21-2-9</id>
  <CPU>0.364Gf</CPU>
  <RAM>0.538GB</RAM>
  <DISK>0.922GB</DISK>
</comp>
<comp>
  <id>Comp:21-3-0</id>
  <CPU>0.554Gf</CPU>
  <RAM>0.529GB</RAM>
  <DISK>0.591GB</DISK>
</comp>
<comp>
  <id>Comp:21-3-1</id>
  <CPU>0.554Gf</CPU>
  <RAM>0.529GB</RAM>
  <DISK>0.591GB</DISK>
</comp>
<comp>
  <id>Comp:21-3-2</id>
  <CPU>0.554Gf</CPU>
  <RAM>0.529GB</RAM>
  <DISK>0.591GB</DISK>
</comp>
<comp>
  <id>Comp:21-3-3</id>
  <CPU>0.554Gf</CPU>
  <RAM>0.529GB</RAM>
  <DISK>0.591GB</DISK>
</comp>
<comp>
  <id>Comp:21-3-4</id>
  <CPU>0.554Gf</CPU>
  <RAM>0.529GB</RAM>
  <DISK>0.591GB</DISK>
</comp>
<comp>
  <id>Comp:21-3-5</id>
  <CPU>0.554Gf</CPU>
  <RAM>0.529GB</RAM>
  <DISK>0.591GB</DISK>
</comp>
<comp>
  <id>Comp:21-3-6</id>
  <CPU>0.554Gf</CPU>
  <RAM>0.529GB</RAM>
  <DISK>0.591GB</DISK>
</comp>
<comp>
  <id>Comp:21-3-7</id>
  <CPU>0.554Gf</CPU>
  <RAM>0.529GB</RAM>
  <DISK>0.591GB</DISK>
</comp>
<comp>
  <id>Comp:21-3-8</id>
  <CPU>0.554Gf</CPU>
  <RAM>0.529GB</RAM>
  <DISK>0.591GB</DISK>
</comp>
<comp>
  <id>Comp:21-3-9</id>
  <CPU>0.554Gf</CPU>
  <RAM>0.529GB</RAM>
  <DISK>0.591GB</DISK>
</comp>
  <bind>Comp:21-1-0 Appliance-138 0.722MBps 45.8ms</bind>
  <bind>Appliance-138 Comp:21-1-0 0.722MBps 45.8ms</bind>
  <bind>Comp:21-1-1 Appliance-115 0.722MBps 45.8ms</bind>
  <bind>Appliance-115 Comp:21-1-1 0.722MBps 45.8ms</bind>
  <bind>Comp:21-1-2 Appliance-178 0.722MBps 45.8ms</bind>
  <bind>Appliance-178 Comp:21-1-2 0.722MBps 45.8ms</bind>
  <bind>Comp:21-1-3 Appliance-375 0.722MBps 45.8ms</bind>
  <bind>Appliance-375 Comp:21-1-3 0.722MBps 45.8ms</bind>
  <bind>Comp:21-1-4 Appliance-254 0.722MBps 45.8ms</bind>
  <bind>Appliance-254 Comp:21-1-4 0.722MBps 45.8ms</bind>
  <bind>Comp:21-1-5 Appliance-138 0.722MBps 45.8ms</bind>
  <bind>Appliance-138 Comp:21-1-5 0.722MBps 45.8ms</bind>
  <bind>Comp:21-1-6 Appliance-115 0.722MBps 45.8ms</bind>
  <bind>Appliance-115 Comp:21-1-6 0.722MBps 45.8ms</bind>
  <bind>Comp:21-1-7 Appliance-178 0.722MBps 45.8ms</bind>
  <bind>Appliance-178 Comp:21-1-7 0.722MBps 45.8ms</bind>
  <bind>Comp:21-1-8 Appliance-375 0.722MBps 45.8ms</bind>
  <bind>Appliance-375 Comp:21-1-8 0.722MBps 45.8ms</bind>
  <bind>Comp:21-2-0 Comp:21-1-0 0.0202MBps 45.8ms</bind>
  <bind>Comp:21-1-0 Comp:21-2-0 0.0202MBps 45.8ms</bind>
  <bind>Comp:21-2-1 Comp:21-1-1 0.0202MBps 45.8ms</bind>
  <bind>Comp:21-1-1 Comp:21-2-1 0.0202MBps 45.8ms</bind>
  <bind>Comp:21-2-2 Comp:21-1-2 0.0202MBps 45.8ms</bind>
  <bind>Comp:21-1-2 Comp:21-2-2 0.0202MBps 45.8ms</bind>
  <bind>Comp:21-2-3 Comp:21-1-3 0.0202MBps 45.8ms</bind>
  <bind>Comp:21-1-3 Comp:21-2-3 0.0202MBps 45.8ms</bind>
  <bind>Comp:21-2-4 Comp:21-1-4 0.0202MBps 45.8ms</bind>
  <bind>Comp:21-1-4 Comp:21-2-4 0.0202MBps 45.8ms</bind>
  <bind>Comp:21-2-5 Comp:21-1-5 0.0202MBps 45.8ms</bind>
  <bind>Comp:21-1-5 Comp:21-2-5 0.0202MBps 45.8ms</bind>
  <bind>Comp:21-2-6 Comp:21-1-6 0.0202MBps 45.8ms</bind>
  <bind>Comp:21-1-6 Comp:21-2-6 0.0202MBps 45.8ms</bind>
  <bind>Comp:21-2-7 Comp:21-1-7 0.0202MBps 45.8ms</bind>
  <bind>Comp:21-1-7 Comp:21-2-7 0.0202MBps 45.8ms</bind>
  <bind>Comp:21-2-8 Comp:21-1-8 0.0202MBps 45.8ms</bind>
  <bind>Comp:21-1-8 Comp:21-2-8 0.0202MBps 45.8ms</bind>
  <bind>Comp:21-2-9 Comp:21-1-0 0.0202MBps 45.8ms</bind>
  <bind>Comp:21-1-0 Comp:21-2-9 0.0202MBps 45.8ms</bind>
  <bind>Comp:21-2-0 Comp:21-3-0 0.621MBps 46.2ms</bind>
  <bind>Comp:21-3-0 Comp:21-2-0 0.621MBps 46.2ms</bind>
  <bind>Comp:21-2-1 Comp:21-3-1 0.621MBps 46.2ms</bind>
  <bind>Comp:21-3-1 Comp:21-2-1 0.621MBps 46.2ms</bind>
  <bind>Comp:21-2-2 Comp:21-3-2 0.621MBps 46.2ms</bind>
  <bind>Comp:21-3-2 Comp:21-2-2 0.621MBps 46.2ms</bind>
  <bind>Comp:21-2-3 Comp:21-3-3 0.621MBps 46.2ms</bind>
  <bind>Comp:21-3-3 Comp:21-2-3 0.621MBps 46.2ms</bind>
  <bind>Comp:21-2-4 Comp:21-3-4 0.621MBps 46.2ms</bind>
  <bind>Comp:21-3-4 Comp:21-2-4 0.621MBps 46.2ms</bind>
  <bind>Comp:21-2-5 Comp:21-3-5 0.621MBps 46.2ms</bind>
  <bind>Comp:21-3-5 Comp:21-2-5 0.621MBps 46.2ms</bind>
  <bind>Comp:21-2-6 Comp:21-3-6 0.621MBps 46.2ms</bind>
  <bind>Comp:21-3-6 Comp:21-2-6 0.621MBps 46.2ms</bind>
  <bind>Comp:21-2-7 Comp:21-3-7 0.621MBps 46.2ms</bind>
  <bind>Comp:21-3-7 Comp:21-2-7 0.621MBps 46.2ms</bind>
  <bind>Comp:21-2-8 Comp:21-3-8 0.621MBps 46.2ms</bind>
  <bind>Comp:21-3-8 Comp:21-2-8 0.621MBps 46.2ms</bind>
  <bind>Comp:21-2-9 Comp:21-3-9 0.621MBps 46.2ms</bind>
  <bind>Comp:21-3-9 Comp:21-2-9 0.621MBps 46.2ms</bind>
</app>
<app>
  <id>App22</id>
<comp>
  <id>Comp:22-1-0</id>
  <CPU>0.125Gf</CPU>
  <RAM>0.466GB</RAM>
  <DISK>1.99GB</DISK>
</comp>
<comp>
  <id>Comp:22-1-1</id>
  <CPU>0.125Gf</CPU>
  <RAM>0.466GB</RAM>
  <DISK>1.99GB</DISK>
</comp>
<comp>
  <id>Comp:22-1-2</id>
  <CPU>0.125Gf</CPU>
  <RAM>0.466GB</RAM>
  <DISK>1.99GB</DISK>
</comp>
<comp>
  <id>Comp:22-1-3</id>
  <CPU>0.125Gf</CPU>
  <RAM>0.466GB</RAM>
  <DISK>1.99GB</DISK>
</comp>
<comp>
  <id>Comp:22-2-0</id>
  <CPU>0.709Gf</CPU>
  <RAM>0.762GB</RAM>
  <DISK>0.398GB</DISK>
</comp>
<comp>
  <id>Comp:22-2-1</id>
  <CPU>0.709Gf</CPU>
  <RAM>0.762GB</RAM>
  <DISK>0.398GB</DISK>
</comp>
  <bind>Comp:22-1-0 Appliance-203 0.442MBps 30.1ms</bind>
  <bind>Appliance-203 Comp:22-1-0 0.442MBps 30.1ms</bind>
  <bind>Comp:22-1-1 Appliance-241 0.442MBps 30.1ms</bind>
  <bind>Appliance-241 Comp:22-1-1 0.442MBps 30.1ms</bind>
  <bind>Comp:22-1-2 Appliance-375 0.442MBps 30.1ms</bind>
  <bind>Appliance-375 Comp:22-1-2 0.442MBps 30.1ms</bind>
  <bind>Comp:22-1-3 Appliance-372 0.442MBps 30.1ms</bind>
  <bind>Appliance-372 Comp:22-1-3 0.442MBps 30.1ms</bind>
  <bind>Comp:22-1-0 Comp:22-2-0 0.923MBps 39.0ms</bind>
  <bind>Comp:22-2-0 Comp:22-1-0 0.923MBps 39.0ms</bind>
  <bind>Comp:22-1-1 Comp:22-2-1 0.923MBps 39.0ms</bind>
  <bind>Comp:22-2-1 Comp:22-1-1 0.923MBps 39.0ms</bind>
  <bind>Comp:22-1-2 Comp:22-2-0 0.923MBps 39.0ms</bind>
  <bind>Comp:22-2-0 Comp:22-1-2 0.923MBps 39.0ms</bind>
  <bind>Comp:22-1-3 Comp:22-2-1 0.923MBps 39.0ms</bind>
  <bind>Comp:22-2-1 Comp:22-1-3 0.923MBps 39.0ms</bind>
</app>
<app>
  <id>App23</id>
<comp>
  <id>Comp:23-0-0</id>
  <CPU>0.423Gf</CPU>
  <RAM>0.877GB</RAM>
  <DISK>1.51GB</DISK>
</comp>
<comp>
  <id>Comp:23-0-1</id>
  <CPU>0.423Gf</CPU>
  <RAM>0.877GB</RAM>
  <DISK>1.51GB</DISK>
</comp>
<comp>
  <id>Comp:23-0-2</id>
  <CPU>0.423Gf</CPU>
  <RAM>0.877GB</RAM>
  <DISK>1.51GB</DISK>
</comp>
<comp>
  <id>Comp:23-0-3</id>
  <CPU>0.423Gf</CPU>
  <RAM>0.877GB</RAM>
  <DISK>1.51GB</DISK>
</comp>
<comp>
  <id>Comp:23-0-4</id>
  <CPU>0.423Gf</CPU>
  <RAM>0.877GB</RAM>
  <DISK>1.51GB</DISK>
</comp>
<comp>
  <id>Comp:23-0-5</id>
  <CPU>0.423Gf</CPU>
  <RAM>0.877GB</RAM>
  <DISK>1.51GB</DISK>
</comp>
<comp>
  <id>Comp:23-0-6</id>
  <CPU>0.423Gf</CPU>
  <RAM>0.877GB</RAM>
  <DISK>1.51GB</DISK>
</comp>
<comp>
  <id>Comp:23-0-7</id>
  <CPU>0.423Gf</CPU>
  <RAM>0.877GB</RAM>
  <DISK>1.51GB</DISK>
</comp>
<comp>
  <id>Comp:23-0-8</id>
  <CPU>0.423Gf</CPU>
  <RAM>0.877GB</RAM>
  <DISK>1.51GB</DISK>
</comp>
<comp>
  <id>Comp:23-0-9</id>
  <CPU>0.423Gf</CPU>
  <RAM>0.877GB</RAM>
  <DISK>1.51GB</DISK>
</comp>
<comp>
  <id>Comp:23-1-0</id>
  <CPU>0.814Gf</CPU>
  <RAM>0.977GB</RAM>
  <DISK>1.21GB</DISK>
</comp>
<comp>
  <id>Comp:23-1-1</id>
  <CPU>0.814Gf</CPU>
  <RAM>0.977GB</RAM>
  <DISK>1.21GB</DISK>
</comp>
<comp>
  <id>Comp:23-1-2</id>
  <CPU>0.814Gf</CPU>
  <RAM>0.977GB</RAM>
  <DISK>1.21GB</DISK>
</comp>
<comp>
  <id>Comp:23-2-0</id>
  <CPU>0.43Gf</CPU>
  <RAM>0.218GB</RAM>
  <DISK>1.85GB</DISK>
</comp>
<comp>
  <id>Comp:23-2-1</id>
  <CPU>0.43Gf</CPU>
  <RAM>0.218GB</RAM>
  <DISK>1.85GB</DISK>
</comp>
<comp>
  <id>Comp:23-2-2</id>
  <CPU>0.43Gf</CPU>
  <RAM>0.218GB</RAM>
  <DISK>1.85GB</DISK>
</comp>
<comp>
  <id>Comp:23-2-3</id>
  <CPU>0.43Gf</CPU>
  <RAM>0.218GB</RAM>
  <DISK>1.85GB</DISK>
</comp>
<comp>
  <id>Comp:23-2-4</id>
  <CPU>0.43Gf</CPU>
  <RAM>0.218GB</RAM>
  <DISK>1.85GB</DISK>
</comp>
<comp>
  <id>Comp:23-2-5</id>
  <CPU>0.43Gf</CPU>
  <RAM>0.218GB</RAM>
  <DISK>1.85GB</DISK>
</comp>
<comp>
  <id>Comp:23-2-6</id>
  <CPU>0.43Gf</CPU>
  <RAM>0.218GB</RAM>
  <DISK>1.85GB</DISK>
</comp>
<comp>
  <id>Comp:23-2-7</id>
  <CPU>0.43Gf</CPU>
  <RAM>0.218GB</RAM>
  <DISK>1.85GB</DISK>
</comp>
<comp>
  <id>Comp:23-2-8</id>
  <CPU>0.43Gf</CPU>
  <RAM>0.218GB</RAM>
  <DISK>1.85GB</DISK>
</comp>
<comp>
  <id>Comp:23-2-9</id>
  <CPU>0.43Gf</CPU>
  <RAM>0.218GB</RAM>
  <DISK>1.85GB</DISK>
</comp>
<comp>
  <id>Comp:23-3-0</id>
  <CPU>0.861Gf</CPU>
  <RAM>0.586GB</RAM>
  <DISK>0.0241GB</DISK>
</comp>
<comp>
  <id>Comp:23-3-1</id>
  <CPU>0.861Gf</CPU>
  <RAM>0.586GB</RAM>
  <DISK>0.0241GB</DISK>
</comp>
<comp>
  <id>Comp:23-3-2</id>
  <CPU>0.861Gf</CPU>
  <RAM>0.586GB</RAM>
  <DISK>0.0241GB</DISK>
</comp>
<comp>
  <id>Comp:23-3-3</id>
  <CPU>0.861Gf</CPU>
  <RAM>0.586GB</RAM>
  <DISK>0.0241GB</DISK>
</comp>
<comp>
  <id>Comp:23-3-4</id>
  <CPU>0.861Gf</CPU>
  <RAM>0.586GB</RAM>
  <DISK>0.0241GB</DISK>
</comp>
<comp>
  <id>Comp:23-3-5</id>
  <CPU>0.861Gf</CPU>
  <RAM>0.586GB</RAM>
  <DISK>0.0241GB</DISK>
</comp>
<comp>
  <id>Comp:23-3-6</id>
  <CPU>0.861Gf</CPU>
  <RAM>0.586GB</RAM>
  <DISK>0.0241GB</DISK>
</comp>
<comp>
  <id>Comp:23-3-7</id>
  <CPU>0.861Gf</CPU>
  <RAM>0.586GB</RAM>
  <DISK>0.0241GB</DISK>
</comp>
<comp>
  <id>Comp:23-4-0</id>
  <CPU>0.68Gf</CPU>
  <RAM>0.552GB</RAM>
  <DISK>1.51GB</DISK>
</comp>
<comp>
  <id>Comp:23-4-1</id>
  <CPU>0.68Gf</CPU>
  <RAM>0.552GB</RAM>
  <DISK>1.51GB</DISK>
</comp>
  <bind>Comp:23-1-0 Comp:23-0-0 0.4MBps 48.7ms</bind>
  <bind>Comp:23-0-0 Comp:23-1-0 0.4MBps 48.7ms</bind>
  <bind>Comp:23-1-1 Comp:23-0-1 0.4MBps 48.7ms</bind>
  <bind>Comp:23-0-1 Comp:23-1-1 0.4MBps 48.7ms</bind>
  <bind>Comp:23-1-2 Comp:23-0-2 0.4MBps 48.7ms</bind>
  <bind>Comp:23-0-2 Comp:23-1-2 0.4MBps 48.7ms</bind>
  <bind>Comp:23-1-0 Comp:23-0-3 0.4MBps 48.7ms</bind>
  <bind>Comp:23-0-3 Comp:23-1-0 0.4MBps 48.7ms</bind>
  <bind>Comp:23-1-1 Comp:23-0-4 0.4MBps 48.7ms</bind>
  <bind>Comp:23-0-4 Comp:23-1-1 0.4MBps 48.7ms</bind>
  <bind>Comp:23-1-2 Comp:23-0-5 0.4MBps 48.7ms</bind>
  <bind>Comp:23-0-5 Comp:23-1-2 0.4MBps 48.7ms</bind>
  <bind>Comp:23-1-0 Comp:23-0-6 0.4MBps 48.7ms</bind>
  <bind>Comp:23-0-6 Comp:23-1-0 0.4MBps 48.7ms</bind>
  <bind>Comp:23-1-1 Comp:23-0-7 0.4MBps 48.7ms</bind>
  <bind>Comp:23-0-7 Comp:23-1-1 0.4MBps 48.7ms</bind>
  <bind>Comp:23-1-2 Comp:23-0-8 0.4MBps 48.7ms</bind>
  <bind>Comp:23-0-8 Comp:23-1-2 0.4MBps 48.7ms</bind>
  <bind>Comp:23-1-0 Comp:23-0-9 0.4MBps 48.7ms</bind>
  <bind>Comp:23-0-9 Comp:23-1-0 0.4MBps 48.7ms</bind>
  <bind>Comp:23-2-0 Comp:23-1-0 0.844MBps 37.9ms</bind>
  <bind>Comp:23-1-0 Comp:23-2-0 0.844MBps 37.9ms</bind>
  <bind>Comp:23-2-1 Comp:23-1-1 0.844MBps 37.9ms</bind>
  <bind>Comp:23-1-1 Comp:23-2-1 0.844MBps 37.9ms</bind>
  <bind>Comp:23-2-2 Comp:23-1-2 0.844MBps 37.9ms</bind>
  <bind>Comp:23-1-2 Comp:23-2-2 0.844MBps 37.9ms</bind>
  <bind>Comp:23-2-3 Comp:23-1-0 0.844MBps 37.9ms</bind>
  <bind>Comp:23-1-0 Comp:23-2-3 0.844MBps 37.9ms</bind>
  <bind>Comp:23-2-4 Comp:23-1-1 0.844MBps 37.9ms</bind>
  <bind>Comp:23-1-1 Comp:23-2-4 0.844MBps 37.9ms</bind>
  <bind>Comp:23-2-5 Comp:23-1-2 0.844MBps 37.9ms</bind>
  <bind>Comp:23-1-2 Comp:23-2-5 0.844MBps 37.9ms</bind>
  <bind>Comp:23-2-6 Comp:23-1-0 0.844MBps 37.9ms</bind>
  <bind>Comp:23-1-0 Comp:23-2-6 0.844MBps 37.9ms</bind>
  <bind>Comp:23-2-7 Comp:23-1-1 0.844MBps 37.9ms</bind>
  <bind>Comp:23-1-1 Comp:23-2-7 0.844MBps 37.9ms</bind>
  <bind>Comp:23-2-8 Comp:23-1-2 0.844MBps 37.9ms</bind>
  <bind>Comp:23-1-2 Comp:23-2-8 0.844MBps 37.9ms</bind>
  <bind>Comp:23-2-9 Comp:23-1-0 0.844MBps 37.9ms</bind>
  <bind>Comp:23-1-0 Comp:23-2-9 0.844MBps 37.9ms</bind>
  <bind>Comp:23-3-0 Comp:23-2-0 0.728MBps 43.8ms</bind>
  <bind>Comp:23-2-0 Comp:23-3-0 0.728MBps 43.8ms</bind>
  <bind>Comp:23-3-1 Comp:23-2-1 0.728MBps 43.8ms</bind>
  <bind>Comp:23-2-1 Comp:23-3-1 0.728MBps 43.8ms</bind>
  <bind>Comp:23-3-2 Comp:23-2-2 0.728MBps 43.8ms</bind>
  <bind>Comp:23-2-2 Comp:23-3-2 0.728MBps 43.8ms</bind>
  <bind>Comp:23-3-3 Comp:23-2-3 0.728MBps 43.8ms</bind>
  <bind>Comp:23-2-3 Comp:23-3-3 0.728MBps 43.8ms</bind>
  <bind>Comp:23-3-4 Comp:23-2-4 0.728MBps 43.8ms</bind>
  <bind>Comp:23-2-4 Comp:23-3-4 0.728MBps 43.8ms</bind>
  <bind>Comp:23-3-5 Comp:23-2-5 0.728MBps 43.8ms</bind>
  <bind>Comp:23-2-5 Comp:23-3-5 0.728MBps 43.8ms</bind>
  <bind>Comp:23-3-6 Comp:23-2-6 0.728MBps 43.8ms</bind>
  <bind>Comp:23-2-6 Comp:23-3-6 0.728MBps 43.8ms</bind>
  <bind>Comp:23-3-7 Comp:23-2-7 0.728MBps 43.8ms</bind>
  <bind>Comp:23-2-7 Comp:23-3-7 0.728MBps 43.8ms</bind>
  <bind>Comp:23-3-0 Comp:23-2-8 0.728MBps 43.8ms</bind>
  <bind>Comp:23-2-8 Comp:23-3-0 0.728MBps 43.8ms</bind>
  <bind>Comp:23-3-1 Comp:23-2-9 0.728MBps 43.8ms</bind>
  <bind>Comp:23-2-9 Comp:23-3-1 0.728MBps 43.8ms</bind>
  <bind>Comp:23-4-0 Comp:23-3-0 0.478MBps 33.4ms</bind>
  <bind>Comp:23-3-0 Comp:23-4-0 0.478MBps 33.4ms</bind>
  <bind>Comp:23-4-1 Comp:23-3-1 0.478MBps 33.4ms</bind>
  <bind>Comp:23-3-1 Comp:23-4-1 0.478MBps 33.4ms</bind>
  <bind>Comp:23-4-0 Comp:23-3-2 0.478MBps 33.4ms</bind>
  <bind>Comp:23-3-2 Comp:23-4-0 0.478MBps 33.4ms</bind>
  <bind>Comp:23-4-1 Comp:23-3-3 0.478MBps 33.4ms</bind>
  <bind>Comp:23-3-3 Comp:23-4-1 0.478MBps 33.4ms</bind>
  <bind>Comp:23-4-0 Comp:23-3-4 0.478MBps 33.4ms</bind>
  <bind>Comp:23-3-4 Comp:23-4-0 0.478MBps 33.4ms</bind>
  <bind>Comp:23-4-1 Comp:23-3-5 0.478MBps 33.4ms</bind>
  <bind>Comp:23-3-5 Comp:23-4-1 0.478MBps 33.4ms</bind>
  <bind>Comp:23-4-0 Comp:23-3-6 0.478MBps 33.4ms</bind>
  <bind>Comp:23-3-6 Comp:23-4-0 0.478MBps 33.4ms</bind>
  <bind>Comp:23-4-1 Comp:23-3-7 0.478MBps 33.4ms</bind>
  <bind>Comp:23-3-7 Comp:23-4-1 0.478MBps 33.4ms</bind>
  <bind>Comp:23-4-0 Appliance-85 0.152MBps 34.0ms</bind>
  <bind>Appliance-85 Comp:23-4-0 0.152MBps 34.0ms</bind>
  <bind>Comp:23-4-1 Appliance-78 0.152MBps 34.0ms</bind>
  <bind>Appliance-78 Comp:23-4-1 0.152MBps 34.0ms</bind>
  <bind>Comp:23-4-0 Appliance-291 0.152MBps 34.0ms</bind>
  <bind>Appliance-291 Comp:23-4-0 0.152MBps 34.0ms</bind>
  <bind>Comp:23-4-1 Appliance-327 0.152MBps 34.0ms</bind>
  <bind>Appliance-327 Comp:23-4-1 0.152MBps 34.0ms</bind>
</app>
</apps>
