<?xml version="1.0"?>
<apps>
<app>
  <id>App1</id>
<comp>
  <id>Comp:1-0-0</id>
  <CPU>0.842Gf</CPU>
  <RAM>0.648GB</RAM>
  <DISK>0.04GB</DISK>
</comp>
<comp>
  <id>Comp:1-0-1</id>
  <CPU>0.842Gf</CPU>
  <RAM>0.648GB</RAM>
  <DISK>0.04GB</DISK>
</comp>
<comp>
  <id>Comp:1-0-2</id>
  <CPU>0.842Gf</CPU>
  <RAM>0.648GB</RAM>
  <DISK>0.04GB</DISK>
</comp>
<comp>
  <id>Comp:1-0-3</id>
  <CPU>0.842Gf</CPU>
  <RAM>0.648GB</RAM>
  <DISK>0.04GB</DISK>
</comp>
<comp>
  <id>Comp:1-1-0</id>
  <CPU>0.566Gf</CPU>
  <RAM>0.973GB</RAM>
  <DISK>0.111GB</DISK>
</comp>
<comp>
  <id>Comp:1-1-1</id>
  <CPU>0.566Gf</CPU>
  <RAM>0.973GB</RAM>
  <DISK>0.111GB</DISK>
</comp>
<comp>
  <id>Comp:1-1-2</id>
  <CPU>0.566Gf</CPU>
  <RAM>0.973GB</RAM>
  <DISK>0.111GB</DISK>
</comp>
<comp>
  <id>Comp:1-1-3</id>
  <CPU>0.566Gf</CPU>
  <RAM>0.973GB</RAM>
  <DISK>0.111GB</DISK>
</comp>
<comp>
  <id>Comp:1-1-4</id>
  <CPU>0.566Gf</CPU>
  <RAM>0.973GB</RAM>
  <DISK>0.111GB</DISK>
</comp>
<comp>
  <id>Comp:1-1-5</id>
  <CPU>0.566Gf</CPU>
  <RAM>0.973GB</RAM>
  <DISK>0.111GB</DISK>
</comp>
<comp>
  <id>Comp:1-1-6</id>
  <CPU>0.566Gf</CPU>
  <RAM>0.973GB</RAM>
  <DISK>0.111GB</DISK>
</comp>
<comp>
  <id>Comp:1-1-7</id>
  <CPU>0.566Gf</CPU>
  <RAM>0.973GB</RAM>
  <DISK>0.111GB</DISK>
</comp>
<comp>
  <id>Comp:1-1-8</id>
  <CPU>0.566Gf</CPU>
  <RAM>0.973GB</RAM>
  <DISK>0.111GB</DISK>
</comp>
<comp>
  <id>Comp:1-2-0</id>
  <CPU>0.732Gf</CPU>
  <RAM>0.957GB</RAM>
  <DISK>0.703GB</DISK>
</comp>
<comp>
  <id>Comp:1-2-1</id>
  <CPU>0.732Gf</CPU>
  <RAM>0.957GB</RAM>
  <DISK>0.703GB</DISK>
</comp>
<comp>
  <id>Comp:1-2-2</id>
  <CPU>0.732Gf</CPU>
  <RAM>0.957GB</RAM>
  <DISK>0.703GB</DISK>
</comp>
  <bind>Comp:1-1-0 Comp:1-0-0 0.448MBps 34.5ms</bind>
  <bind>Comp:1-0-0 Comp:1-1-0 0.448MBps 34.5ms</bind>
  <bind>Comp:1-1-1 Comp:1-0-1 0.448MBps 34.5ms</bind>
  <bind>Comp:1-0-1 Comp:1-1-1 0.448MBps 34.5ms</bind>
  <bind>Comp:1-1-2 Comp:1-0-2 0.448MBps 34.5ms</bind>
  <bind>Comp:1-0-2 Comp:1-1-2 0.448MBps 34.5ms</bind>
  <bind>Comp:1-1-3 Comp:1-0-3 0.448MBps 34.5ms</bind>
  <bind>Comp:1-0-3 Comp:1-1-3 0.448MBps 34.5ms</bind>
  <bind>Comp:1-1-4 Comp:1-0-0 0.448MBps 34.5ms</bind>
  <bind>Comp:1-0-0 Comp:1-1-4 0.448MBps 34.5ms</bind>
  <bind>Comp:1-1-5 Comp:1-0-1 0.448MBps 34.5ms</bind>
  <bind>Comp:1-0-1 Comp:1-1-5 0.448MBps 34.5ms</bind>
  <bind>Comp:1-1-6 Comp:1-0-2 0.448MBps 34.5ms</bind>
  <bind>Comp:1-0-2 Comp:1-1-6 0.448MBps 34.5ms</bind>
  <bind>Comp:1-1-7 Comp:1-0-3 0.448MBps 34.5ms</bind>
  <bind>Comp:1-0-3 Comp:1-1-7 0.448MBps 34.5ms</bind>
  <bind>Comp:1-1-8 Comp:1-0-0 0.448MBps 34.5ms</bind>
  <bind>Comp:1-0-0 Comp:1-1-8 0.448MBps 34.5ms</bind>
  <bind>Comp:1-2-0 Comp:1-1-0 0.0394MBps 42.0ms</bind>
  <bind>Comp:1-1-0 Comp:1-2-0 0.0394MBps 42.0ms</bind>
  <bind>Comp:1-2-1 Comp:1-1-1 0.0394MBps 42.0ms</bind>
  <bind>Comp:1-1-1 Comp:1-2-1 0.0394MBps 42.0ms</bind>
  <bind>Comp:1-2-2 Comp:1-1-2 0.0394MBps 42.0ms</bind>
  <bind>Comp:1-1-2 Comp:1-2-2 0.0394MBps 42.0ms</bind>
  <bind>Comp:1-2-0 Comp:1-1-3 0.0394MBps 42.0ms</bind>
  <bind>Comp:1-1-3 Comp:1-2-0 0.0394MBps 42.0ms</bind>
  <bind>Comp:1-2-1 Comp:1-1-4 0.0394MBps 42.0ms</bind>
  <bind>Comp:1-1-4 Comp:1-2-1 0.0394MBps 42.0ms</bind>
  <bind>Comp:1-2-2 Comp:1-1-5 0.0394MBps 42.0ms</bind>
  <bind>Comp:1-1-5 Comp:1-2-2 0.0394MBps 42.0ms</bind>
  <bind>Comp:1-2-0 Comp:1-1-6 0.0394MBps 42.0ms</bind>
  <bind>Comp:1-1-6 Comp:1-2-0 0.0394MBps 42.0ms</bind>
  <bind>Comp:1-2-1 Comp:1-1-7 0.0394MBps 42.0ms</bind>
  <bind>Comp:1-1-7 Comp:1-2-1 0.0394MBps 42.0ms</bind>
  <bind>Comp:1-2-2 Comp:1-1-8 0.0394MBps 42.0ms</bind>
  <bind>Comp:1-1-8 Comp:1-2-2 0.0394MBps 42.0ms</bind>
  <bind>Comp:1-2-0 Appliance-343 0.612MBps 46.4ms</bind>
  <bind>Appliance-343 Comp:1-2-0 0.612MBps 46.4ms</bind>
  <bind>Comp:1-2-1 Appliance-312 0.612MBps 46.4ms</bind>
  <bind>Appliance-312 Comp:1-2-1 0.612MBps 46.4ms</bind>
  <bind>Comp:1-2-2 Appliance-134 0.612MBps 46.4ms</bind>
  <bind>Appliance-134 Comp:1-2-2 0.612MBps 46.4ms</bind>
  <bind>Comp:1-2-0 Appliance-364 0.612MBps 46.4ms</bind>
  <bind>Appliance-364 Comp:1-2-0 0.612MBps 46.4ms</bind>
  <bind>Comp:1-2-1 Appliance-4 0.612MBps 46.4ms</bind>
  <bind>Appliance-4 Comp:1-2-1 0.612MBps 46.4ms</bind>
  <bind>Comp:1-2-2 Appliance-168 0.612MBps 46.4ms</bind>
  <bind>Appliance-168 Comp:1-2-2 0.612MBps 46.4ms</bind>
</app>
<app>
  <id>App10</id>
<comp>
  <id>Comp:10-1-0</id>
  <CPU>0.992Gf</CPU>
  <RAM>0.528GB</RAM>
  <DISK>1.31GB</DISK>
</comp>
<comp>
  <id>Comp:10-1-1</id>
  <CPU>0.992Gf</CPU>
  <RAM>0.528GB</RAM>
  <DISK>1.31GB</DISK>
</comp>
<comp>
  <id>Comp:10-1-2</id>
  <CPU>0.992Gf</CPU>
  <RAM>0.528GB</RAM>
  <DISK>1.31GB</DISK>
</comp>
<comp>
  <id>Comp:10-1-3</id>
  <CPU>0.992Gf</CPU>
  <RAM>0.528GB</RAM>
  <DISK>1.31GB</DISK>
</comp>
<comp>
  <id>Comp:10-1-4</id>
  <CPU>0.992Gf</CPU>
  <RAM>0.528GB</RAM>
  <DISK>1.31GB</DISK>
</comp>
<comp>
  <id>Comp:10-1-5</id>
  <CPU>0.992Gf</CPU>
  <RAM>0.528GB</RAM>
  <DISK>1.31GB</DISK>
</comp>
<comp>
  <id>Comp:10-1-6</id>
  <CPU>0.992Gf</CPU>
  <RAM>0.528GB</RAM>
  <DISK>1.31GB</DISK>
</comp>
<comp>
  <id>Comp:10-1-7</id>
  <CPU>0.992Gf</CPU>
  <RAM>0.528GB</RAM>
  <DISK>1.31GB</DISK>
</comp>
<comp>
  <id>Comp:10-2-0</id>
  <CPU>0.824Gf</CPU>
  <RAM>0.174GB</RAM>
  <DISK>0.673GB</DISK>
</comp>
<comp>
  <id>Comp:10-2-1</id>
  <CPU>0.824Gf</CPU>
  <RAM>0.174GB</RAM>
  <DISK>0.673GB</DISK>
</comp>
<comp>
  <id>Comp:10-2-2</id>
  <CPU>0.824Gf</CPU>
  <RAM>0.174GB</RAM>
  <DISK>0.673GB</DISK>
</comp>
<comp>
  <id>Comp:10-2-3</id>
  <CPU>0.824Gf</CPU>
  <RAM>0.174GB</RAM>
  <DISK>0.673GB</DISK>
</comp>
<comp>
  <id>Comp:10-3-0</id>
  <CPU>0.545Gf</CPU>
  <RAM>0.918GB</RAM>
  <DISK>0.445GB</DISK>
</comp>
<comp>
  <id>Comp:10-3-1</id>
  <CPU>0.545Gf</CPU>
  <RAM>0.918GB</RAM>
  <DISK>0.445GB</DISK>
</comp>
<comp>
  <id>Comp:10-3-2</id>
  <CPU>0.545Gf</CPU>
  <RAM>0.918GB</RAM>
  <DISK>0.445GB</DISK>
</comp>
<comp>
  <id>Comp:10-3-3</id>
  <CPU>0.545Gf</CPU>
  <RAM>0.918GB</RAM>
  <DISK>0.445GB</DISK>
</comp>
<comp>
  <id>Comp:10-3-4</id>
  <CPU>0.545Gf</CPU>
  <RAM>0.918GB</RAM>
  <DISK>0.445GB</DISK>
</comp>
<comp>
  <id>Comp:10-3-5</id>
  <CPU>0.545Gf</CPU>
  <RAM>0.918GB</RAM>
  <DISK>0.445GB</DISK>
</comp>
<comp>
  <id>Comp:10-3-6</id>
  <CPU>0.545Gf</CPU>
  <RAM>0.918GB</RAM>
  <DISK>0.445GB</DISK>
</comp>
<comp>
  <id>Comp:10-3-7</id>
  <CPU>0.545Gf</CPU>
  <RAM>0.918GB</RAM>
  <DISK>0.445GB</DISK>
</comp>
  <bind>Comp:10-1-0 Appliance-313 0.92MBps 41.8ms</bind>
  <bind>Appliance-313 Comp:10-1-0 0.92MBps 41.8ms</bind>
  <bind>Comp:10-1-1 Appliance-150 0.92MBps 41.8ms</bind>
  <bind>Appliance-150 Comp:10-1-1 0.92MBps 41.8ms</bind>
  <bind>Comp:10-1-2 Appliance-4 0.92MBps 41.8ms</bind>
  <bind>Appliance-4 Comp:10-1-2 0.92MBps 41.8ms</bind>
  <bind>Comp:10-1-3 Appliance-199 0.92MBps 41.8ms</bind>
  <bind>Appliance-199 Comp:10-1-3 0.92MBps 41.8ms</bind>
  <bind>Comp:10-1-4 Appliance-279 0.92MBps 41.8ms</bind>
  <bind>Appliance-279 Comp:10-1-4 0.92MBps 41.8ms</bind>
  <bind>Comp:10-1-5 Appliance-40 0.92MBps 41.8ms</bind>
  <bind>Appliance-40 Comp:10-1-5 0.92MBps 41.8ms</bind>
  <bind>Comp:10-1-6 Appliance-257 0.92MBps 41.8ms</bind>
  <bind>Appliance-257 Comp:10-1-6 0.92MBps 41.8ms</bind>
  <bind>Comp:10-1-7 Appliance-109 0.92MBps 41.8ms</bind>
  <bind>Appliance-109 Comp:10-1-7 0.92MBps 41.8ms</bind>
  <bind>Comp:10-2-0 Comp:10-1-0 0.66MBps 37.6ms</bind>
  <bind>Comp:10-1-0 Comp:10-2-0 0.66MBps 37.6ms</bind>
  <bind>Comp:10-2-1 Comp:10-1-1 0.66MBps 37.6ms</bind>
  <bind>Comp:10-1-1 Comp:10-2-1 0.66MBps 37.6ms</bind>
  <bind>Comp:10-2-2 Comp:10-1-2 0.66MBps 37.6ms</bind>
  <bind>Comp:10-1-2 Comp:10-2-2 0.66MBps 37.6ms</bind>
  <bind>Comp:10-2-3 Comp:10-1-3 0.66MBps 37.6ms</bind>
  <bind>Comp:10-1-3 Comp:10-2-3 0.66MBps 37.6ms</bind>
  <bind>Comp:10-2-0 Comp:10-1-4 0.66MBps 37.6ms</bind>
  <bind>Comp:10-1-4 Comp:10-2-0 0.66MBps 37.6ms</bind>
  <bind>Comp:10-2-1 Comp:10-1-5 0.66MBps 37.6ms</bind>
  <bind>Comp:10-1-5 Comp:10-2-1 0.66MBps 37.6ms</bind>
  <bind>Comp:10-2-2 Comp:10-1-6 0.66MBps 37.6ms</bind>
  <bind>Comp:10-1-6 Comp:10-2-2 0.66MBps 37.6ms</bind>
  <bind>Comp:10-2-3 Comp:10-1-7 0.66MBps 37.6ms</bind>
  <bind>Comp:10-1-7 Comp:10-2-3 0.66MBps 37.6ms</bind>
  <bind>Comp:10-3-0 Comp:10-2-0 0.256MBps 37.0ms</bind>
  <bind>Comp:10-2-0 Comp:10-3-0 0.256MBps 37.0ms</bind>
  <bind>Comp:10-3-1 Comp:10-2-1 0.256MBps 37.0ms</bind>
  <bind>Comp:10-2-1 Comp:10-3-1 0.256MBps 37.0ms</bind>
  <bind>Comp:10-3-2 Comp:10-2-2 0.256MBps 37.0ms</bind>
  <bind>Comp:10-2-2 Comp:10-3-2 0.256MBps 37.0ms</bind>
  <bind>Comp:10-3-3 Comp:10-2-3 0.256MBps 37.0ms</bind>
  <bind>Comp:10-2-3 Comp:10-3-3 0.256MBps 37.0ms</bind>
  <bind>Comp:10-3-4 Comp:10-2-0 0.256MBps 37.0ms</bind>
  <bind>Comp:10-2-0 Comp:10-3-4 0.256MBps 37.0ms</bind>
  <bind>Comp:10-3-5 Comp:10-2-1 0.256MBps 37.0ms</bind>
  <bind>Comp:10-2-1 Comp:10-3-5 0.256MBps 37.0ms</bind>
  <bind>Comp:10-3-6 Comp:10-2-2 0.256MBps 37.0ms</bind>
  <bind>Comp:10-2-2 Comp:10-3-6 0.256MBps 37.0ms</bind>
  <bind>Comp:10-3-7 Comp:10-2-3 0.256MBps 37.0ms</bind>
  <bind>Comp:10-2-3 Comp:10-3-7 0.256MBps 37.0ms</bind>
  <bind>Comp:10-3-0 Appliance-224 0.276MBps 34.0ms</bind>
  <bind>Appliance-224 Comp:10-3-0 0.276MBps 34.0ms</bind>
  <bind>Comp:10-3-1 Appliance-80 0.276MBps 34.0ms</bind>
  <bind>Appliance-80 Comp:10-3-1 0.276MBps 34.0ms</bind>
  <bind>Comp:10-3-2 Appliance-324 0.276MBps 34.0ms</bind>
  <bind>Appliance-324 Comp:10-3-2 0.276MBps 34.0ms</bind>
  <bind>Comp:10-3-3 Appliance-27 0.276MBps 34.0ms</bind>
  <bind>Appliance-27 Comp:10-3-3 0.276MBps 34.0ms</bind>
  <bind>Comp:10-3-4 Appliance-14 0.276MBps 34.0ms</bind>
  <bind>Appliance-14 Comp:10-3-4 0.276MBps 34.0ms</bind>
  <bind>Comp:10-3-5 Appliance-93 0.276MBps 34.0ms</bind>
  <bind>Appliance-93 Comp:10-3-5 0.276MBps 34.0ms</bind>
  <bind>Comp:10-3-6 Appliance-363 0.276MBps 34.0ms</bind>
  <bind>Appliance-363 Comp:10-3-6 0.276MBps 34.0ms</bind>
  <bind>Comp:10-3-7 Appliance-62 0.276MBps 34.0ms</bind>
  <bind>Appliance-62 Comp:10-3-7 0.276MBps 34.0ms</bind>
  <bind>Comp:10-3-0 Appliance-112 0.276MBps 34.0ms</bind>
  <bind>Appliance-112 Comp:10-3-0 0.276MBps 34.0ms</bind>
</app>
<app>
  <id>App11</id>
<comp>
  <id>Comp:11-0-0</id>
  <CPU>0.805Gf</CPU>
  <RAM>0.381GB</RAM>
  <DISK>1.34GB</DISK>
</comp>
<comp>
  <id>Comp:11-0-1</id>
  <CPU>0.805Gf</CPU>
  <RAM>0.381GB</RAM>
  <DISK>1.34GB</DISK>
</comp>
<comp>
  <id>Comp:11-0-2</id>
  <CPU>0.805Gf</CPU>
  <RAM>0.381GB</RAM>
  <DISK>1.34GB</DISK>
</comp>
<comp>
  <id>Comp:11-0-3</id>
  <CPU>0.805Gf</CPU>
  <RAM>0.381GB</RAM>
  <DISK>1.34GB</DISK>
</comp>
<comp>
  <id>Comp:11-0-4</id>
  <CPU>0.805Gf</CPU>
  <RAM>0.381GB</RAM>
  <DISK>1.34GB</DISK>
</comp>
<comp>
  <id>Comp:11-1-0</id>
  <CPU>0.917Gf</CPU>
  <RAM>0.382GB</RAM>
  <DISK>0.542GB</DISK>
</comp>
<comp>
  <id>Comp:11-1-1</id>
  <CPU>0.917Gf</CPU>
  <RAM>0.382GB</RAM>
  <DISK>0.542GB</DISK>
</comp>
<comp>
  <id>Comp:11-1-2</id>
  <CPU>0.917Gf</CPU>
  <RAM>0.382GB</RAM>
  <DISK>0.542GB</DISK>
</comp>
<comp>
  <id>Comp:11-1-3</id>
  <CPU>0.917Gf</CPU>
  <RAM>0.382GB</RAM>
  <DISK>0.542GB</DISK>
</comp>
<comp>
  <id>Comp:11-1-4</id>
  <CPU>0.917Gf</CPU>
  <RAM>0.382GB</RAM>
  <DISK>0.542GB</DISK>
</comp>
<comp>
  <id>Comp:11-1-5</id>
  <CPU>0.917Gf</CPU>
  <RAM>0.382GB</RAM>
  <DISK>0.542GB</DISK>
</comp>
<comp>
  <id>Comp:11-2-0</id>
  <CPU>0.281Gf</CPU>
  <RAM>0.472GB</RAM>
  <DISK>1.84GB</DISK>
</comp>
<comp>
  <id>Comp:11-2-1</id>
  <CPU>0.281Gf</CPU>
  <RAM>0.472GB</RAM>
  <DISK>1.84GB</DISK>
</comp>
<comp>
  <id>Comp:11-2-2</id>
  <CPU>0.281Gf</CPU>
  <RAM>0.472GB</RAM>
  <DISK>1.84GB</DISK>
</comp>
<comp>
  <id>Comp:11-3-0</id>
  <CPU>0.179Gf</CPU>
  <RAM>0.999GB</RAM>
  <DISK>1.68GB</DISK>
</comp>
<comp>
  <id>Comp:11-3-1</id>
  <CPU>0.179Gf</CPU>
  <RAM>0.999GB</RAM>
  <DISK>1.68GB</DISK>
</comp>
<comp>
  <id>Comp:11-3-2</id>
  <CPU>0.179Gf</CPU>
  <RAM>0.999GB</RAM>
  <DISK>1.68GB</DISK>
</comp>
<comp>
  <id>Comp:11-3-3</id>
  <CPU>0.179Gf</CPU>
  <RAM>0.999GB</RAM>
  <DISK>1.68GB</DISK>
</comp>
<comp>
  <id>Comp:11-3-4</id>
  <CPU>0.179Gf</CPU>
  <RAM>0.999GB</RAM>
  <DISK>1.68GB</DISK>
</comp>
<comp>
  <id>Comp:11-3-5</id>
  <CPU>0.179Gf</CPU>
  <RAM>0.999GB</RAM>
  <DISK>1.68GB</DISK>
</comp>
<comp>
  <id>Comp:11-3-6</id>
  <CPU>0.179Gf</CPU>
  <RAM>0.999GB</RAM>
  <DISK>1.68GB</DISK>
</comp>
<comp>
  <id>Comp:11-4-0</id>
  <CPU>0.652Gf</CPU>
  <RAM>0.47GB</RAM>
  <DISK>0.19GB</DISK>
</comp>
  <bind>Comp:11-1-0 Comp:11-0-0 0.159MBps 35.0ms</bind>
  <bind>Comp:11-0-0 Comp:11-1-0 0.159MBps 35.0ms</bind>
  <bind>Comp:11-1-1 Comp:11-0-1 0.159MBps 35.0ms</bind>
  <bind>Comp:11-0-1 Comp:11-1-1 0.159MBps 35.0ms</bind>
  <bind>Comp:11-1-2 Comp:11-0-2 0.159MBps 35.0ms</bind>
  <bind>Comp:11-0-2 Comp:11-1-2 0.159MBps 35.0ms</bind>
  <bind>Comp:11-1-3 Comp:11-0-3 0.159MBps 35.0ms</bind>
  <bind>Comp:11-0-3 Comp:11-1-3 0.159MBps 35.0ms</bind>
  <bind>Comp:11-1-4 Comp:11-0-4 0.159MBps 35.0ms</bind>
  <bind>Comp:11-0-4 Comp:11-1-4 0.159MBps 35.0ms</bind>
  <bind>Comp:11-1-5 Comp:11-0-0 0.159MBps 35.0ms</bind>
  <bind>Comp:11-0-0 Comp:11-1-5 0.159MBps 35.0ms</bind>
  <bind>Comp:11-2-0 Comp:11-1-0 0.348MBps 46.0ms</bind>
  <bind>Comp:11-1-0 Comp:11-2-0 0.348MBps 46.0ms</bind>
  <bind>Comp:11-2-1 Comp:11-1-1 0.348MBps 46.0ms</bind>
  <bind>Comp:11-1-1 Comp:11-2-1 0.348MBps 46.0ms</bind>
  <bind>Comp:11-2-2 Comp:11-1-2 0.348MBps 46.0ms</bind>
  <bind>Comp:11-1-2 Comp:11-2-2 0.348MBps 46.0ms</bind>
  <bind>Comp:11-2-0 Comp:11-1-3 0.348MBps 46.0ms</bind>
  <bind>Comp:11-1-3 Comp:11-2-0 0.348MBps 46.0ms</bind>
  <bind>Comp:11-2-1 Comp:11-1-4 0.348MBps 46.0ms</bind>
  <bind>Comp:11-1-4 Comp:11-2-1 0.348MBps 46.0ms</bind>
  <bind>Comp:11-2-2 Comp:11-1-5 0.348MBps 46.0ms</bind>
  <bind>Comp:11-1-5 Comp:11-2-2 0.348MBps 46.0ms</bind>
  <bind>Comp:11-3-0 Comp:11-2-0 0.906MBps 26.0ms</bind>
  <bind>Comp:11-2-0 Comp:11-3-0 0.906MBps 26.0ms</bind>
  <bind>Comp:11-3-1 Comp:11-2-1 0.906MBps 26.0ms</bind>
  <bind>Comp:11-2-1 Comp:11-3-1 0.906MBps 26.0ms</bind>
  <bind>Comp:11-3-2 Comp:11-2-2 0.906MBps 26.0ms</bind>
  <bind>Comp:11-2-2 Comp:11-3-2 0.906MBps 26.0ms</bind>
  <bind>Comp:11-3-3 Comp:11-2-0 0.906MBps 26.0ms</bind>
  <bind>Comp:11-2-0 Comp:11-3-3 0.906MBps 26.0ms</bind>
  <bind>Comp:11-3-4 Comp:11-2-1 0.906MBps 26.0ms</bind>
  <bind>Comp:11-2-1 Comp:11-3-4 0.906MBps 26.0ms</bind>
  <bind>Comp:11-3-5 Comp:11-2-2 0.906MBps 26.0ms</bind>
  <bind>Comp:11-2-2 Comp:11-3-5 0.906MBps 26.0ms</bind>
  <bind>Comp:11-3-6 Comp:11-2-0 0.906MBps 26.0ms</bind>
  <bind>Comp:11-2-0 Comp:11-3-6 0.906MBps 26.0ms</bind>
  <bind>Comp:11-4-0 Comp:11-3-0 0.0447MBps 37.8ms</bind>
  <bind>Comp:11-3-0 Comp:11-4-0 0.0447MBps 37.8ms</bind>
  <bind>Comp:11-4-0 Comp:11-3-1 0.0447MBps 37.8ms</bind>
  <bind>Comp:11-3-1 Comp:11-4-0 0.0447MBps 37.8ms</bind>
  <bind>Comp:11-4-0 Comp:11-3-2 0.0447MBps 37.8ms</bind>
  <bind>Comp:11-3-2 Comp:11-4-0 0.0447MBps 37.8ms</bind>
  <bind>Comp:11-4-0 Comp:11-3-3 0.0447MBps 37.8ms</bind>
  <bind>Comp:11-3-3 Comp:11-4-0 0.0447MBps 37.8ms</bind>
  <bind>Comp:11-4-0 Comp:11-3-4 0.0447MBps 37.8ms</bind>
  <bind>Comp:11-3-4 Comp:11-4-0 0.0447MBps 37.8ms</bind>
  <bind>Comp:11-4-0 Comp:11-3-5 0.0447MBps 37.8ms</bind>
  <bind>Comp:11-3-5 Comp:11-4-0 0.0447MBps 37.8ms</bind>
  <bind>Comp:11-4-0 Comp:11-3-6 0.0447MBps 37.8ms</bind>
  <bind>Comp:11-3-6 Comp:11-4-0 0.0447MBps 37.8ms</bind>
  <bind>Comp:11-4-0 Appliance-131 0.469MBps 26.7ms</bind>
  <bind>Appliance-131 Comp:11-4-0 0.469MBps 26.7ms</bind>
  <bind>Comp:11-4-0 Appliance-165 0.469MBps 26.7ms</bind>
  <bind>Appliance-165 Comp:11-4-0 0.469MBps 26.7ms</bind>
  <bind>Comp:11-4-0 Appliance-32 0.469MBps 26.7ms</bind>
  <bind>Appliance-32 Comp:11-4-0 0.469MBps 26.7ms</bind>
  <bind>Comp:11-4-0 Appliance-148 0.469MBps 26.7ms</bind>
  <bind>Appliance-148 Comp:11-4-0 0.469MBps 26.7ms</bind>
  <bind>Comp:11-4-0 Appliance-123 0.469MBps 26.7ms</bind>
  <bind>Appliance-123 Comp:11-4-0 0.469MBps 26.7ms</bind>
  <bind>Comp:11-4-0 Appliance-168 0.469MBps 26.7ms</bind>
  <bind>Appliance-168 Comp:11-4-0 0.469MBps 26.7ms</bind>
  <bind>Comp:11-4-0 Appliance-127 0.469MBps 26.7ms</bind>
  <bind>Appliance-127 Comp:11-4-0 0.469MBps 26.7ms</bind>
  <bind>Comp:11-4-0 Appliance-36 0.469MBps 26.7ms</bind>
  <bind>Appliance-36 Comp:11-4-0 0.469MBps 26.7ms</bind>
  <bind>Comp:11-4-0 Appliance-302 0.469MBps 26.7ms</bind>
  <bind>Appliance-302 Comp:11-4-0 0.469MBps 26.7ms</bind>
  <bind>Comp:11-4-0 Appliance-281 0.469MBps 26.7ms</bind>
  <bind>Appliance-281 Comp:11-4-0 0.469MBps 26.7ms</bind>
</app>
<app>
  <id>App12</id>
<comp>
  <id>Comp:12-1-0</id>
  <CPU>0.205Gf</CPU>
  <RAM>0.459GB</RAM>
  <DISK>0.251GB</DISK>
</comp>
<comp>
  <id>Comp:12-1-1</id>
  <CPU>0.205Gf</CPU>
  <RAM>0.459GB</RAM>
  <DISK>0.251GB</DISK>
</comp>
<comp>
  <id>Comp:12-1-2</id>
  <CPU>0.205Gf</CPU>
  <RAM>0.459GB</RAM>
  <DISK>0.251GB</DISK>
</comp>
<comp>
  <id>Comp:12-1-3</id>
  <CPU>0.205Gf</CPU>
  <RAM>0.459GB</RAM>
  <DISK>0.251GB</DISK>
</comp>
<comp>
  <id>Comp:12-1-4</id>
  <CPU>0.205Gf</CPU>
  <RAM>0.459GB</RAM>
  <DISK>0.251GB</DISK>
</comp>
<comp>
  <id>Comp:12-1-5</id>
  <CPU>0.205Gf</CPU>
  <RAM>0.459GB</RAM>
  <DISK>0.251GB</DISK>
</comp>
<comp>
  <id>Comp:12-1-6</id>
  <CPU>0.205Gf</CPU>
  <RAM>0.459GB</RAM>
  <DISK>0.251GB</DISK>
</comp>
<comp>
  <id>Comp:12-1-7</id>
  <CPU>0.205Gf</CPU>
  <RAM>0.459GB</RAM>
  <DISK>0.251GB</DISK>
</comp>
<comp>
  <id>Comp:12-1-8</id>
  <CPU>0.205Gf</CPU>
  <RAM>0.459GB</RAM>
  <DISK>0.251GB</DISK>
</comp>
<comp>
  <id>Comp:12-2-0</id>
  <CPU>0.783Gf</CPU>
  <RAM>0.699GB</RAM>
  <DISK>1.13GB</DISK>
</comp>
<comp>
  <id>Comp:12-2-1</id>
  <CPU>0.783Gf</CPU>
  <RAM>0.699GB</RAM>
  <DISK>1.13GB</DISK>
</comp>
<comp>
  <id>Comp:12-2-2</id>
  <CPU>0.783Gf</CPU>
  <RAM>0.699GB</RAM>
  <DISK>1.13GB</DISK>
</comp>
<comp>
  <id>Comp:12-2-3</id>
  <CPU>0.783Gf</CPU>
  <RAM>0.699GB</RAM>
  <DISK>1.13GB</DISK>
</comp>
<comp>
  <id>Comp:12-2-4</id>
  <CPU>0.783Gf</CPU>
  <RAM>0.699GB</RAM>
  <DISK>1.13GB</DISK>
</comp>
<comp>
  <id>Comp:12-2-5</id>
  <CPU>0.783Gf</CPU>
  <RAM>0.699GB</RAM>
  <DISK>1.13GB</DISK>
</comp>
  <bind>Comp:12-1-0 Appliance-77 0.141MBps 45.2ms</bind>
  <bind>Appliance-77 Comp:12-1-0 0.141MBps 45.2ms</bind>
  <bind>Comp:12-1-1 Appliance-73 0.141MBps 45.2ms</bind>
  <bind>Appliance-73 Comp:12-1-1 0.141MBps 45.2ms</bind>
  <bind>Comp:12-1-2 Appliance-398 0.141MBps 45.2ms</bind>
  <bind>Appliance-398 Comp:12-1-2 0.141MBps 45.2ms</bind>
  <bind>Comp:12-1-3 Appliance-168 0.141MBps 45.2ms</bind>
  <bind>Appliance-168 Comp:12-1-3 0.141MBps 45.2ms</bind>
  <bind>Comp:12-1-4 Appliance-391 0.141MBps 45.2ms</bind>
  <bind>Appliance-391 Comp:12-1-4 0.141MBps 45.2ms</bind>
  <bind>Comp:12-1-5 Appliance-306 0.141MBps 45.2ms</bind>
  <bind>Appliance-306 Comp:12-1-5 0.141MBps 45.2ms</bind>
  <bind>Comp:12-1-6 Appliance-77 0.141MBps 45.2ms</bind>
  <bind>Appliance-77 Comp:12-1-6 0.141MBps 45.2ms</bind>
  <bind>Comp:12-1-7 Appliance-73 0.141MBps 45.2ms</bind>
  <bind>Appliance-73 Comp:12-1-7 0.141MBps 45.2ms</bind>
  <bind>Comp:12-1-8 Appliance-398 0.141MBps 45.2ms</bind>
  <bind>Appliance-398 Comp:12-1-8 0.141MBps 45.2ms</bind>
  <bind>Comp:12-2-0 Comp:12-1-0 0.716MBps 34.6ms</bind>
  <bind>Comp:12-1-0 Comp:12-2-0 0.716MBps 34.6ms</bind>
  <bind>Comp:12-2-1 Comp:12-1-1 0.716MBps 34.6ms</bind>
  <bind>Comp:12-1-1 Comp:12-2-1 0.716MBps 34.6ms</bind>
  <bind>Comp:12-2-2 Comp:12-1-2 0.716MBps 34.6ms</bind>
  <bind>Comp:12-1-2 Comp:12-2-2 0.716MBps 34.6ms</bind>
  <bind>Comp:12-2-3 Comp:12-1-3 0.716MBps 34.6ms</bind>
  <bind>Comp:12-1-3 Comp:12-2-3 0.716MBps 34.6ms</bind>
  <bind>Comp:12-2-4 Comp:12-1-4 0.716MBps 34.6ms</bind>
  <bind>Comp:12-1-4 Comp:12-2-4 0.716MBps 34.6ms</bind>
  <bind>Comp:12-2-5 Comp:12-1-5 0.716MBps 34.6ms</bind>
  <bind>Comp:12-1-5 Comp:12-2-5 0.716MBps 34.6ms</bind>
  <bind>Comp:12-2-0 Comp:12-1-6 0.716MBps 34.6ms</bind>
  <bind>Comp:12-1-6 Comp:12-2-0 0.716MBps 34.6ms</bind>
  <bind>Comp:12-2-1 Comp:12-1-7 0.716MBps 34.6ms</bind>
  <bind>Comp:12-1-7 Comp:12-2-1 0.716MBps 34.6ms</bind>
  <bind>Comp:12-2-2 Comp:12-1-8 0.716MBps 34.6ms</bind>
  <bind>Comp:12-1-8 Comp:12-2-2 0.716MBps 34.6ms</bind>
  <bind>Comp:12-2-0 Appliance-364 0.22MBps 32.6ms</bind>
  <bind>Appliance-364 Comp:12-2-0 0.22MBps 32.6ms</bind>
  <bind>Comp:12-2-1 Appliance-362 0.22MBps 32.6ms</bind>
  <bind>Appliance-362 Comp:12-2-1 0.22MBps 32.6ms</bind>
  <bind>Comp:12-2-2 Appliance-220 0.22MBps 32.6ms</bind>
  <bind>Appliance-220 Comp:12-2-2 0.22MBps 32.6ms</bind>
  <bind>Comp:12-2-3 Appliance-121 0.22MBps 32.6ms</bind>
  <bind>Appliance-121 Comp:12-2-3 0.22MBps 32.6ms</bind>
  <bind>Comp:12-2-4 Appliance-270 0.22MBps 32.6ms</bind>
  <bind>Appliance-270 Comp:12-2-4 0.22MBps 32.6ms</bind>
  <bind>Comp:12-2-5 Appliance-275 0.22MBps 32.6ms</bind>
  <bind>Appliance-275 Comp:12-2-5 0.22MBps 32.6ms</bind>
  <bind>Comp:12-2-0 Appliance-185 0.22MBps 32.6ms</bind>
  <bind>Appliance-185 Comp:12-2-0 0.22MBps 32.6ms</bind>
</app>
<app>
  <id>App13</id>
<comp>
  <id>Comp:13-0-0</id>
  <CPU>0.167Gf</CPU>
  <RAM>0.79GB</RAM>
  <DISK>0.761GB</DISK>
</comp>
<comp>
  <id>Comp:13-0-1</id>
  <CPU>0.167Gf</CPU>
  <RAM>0.79GB</RAM>
  <DISK>0.761GB</DISK>
</comp>
<comp>
  <id>Comp:13-0-2</id>
  <CPU>0.167Gf</CPU>
  <RAM>0.79GB</RAM>
  <DISK>0.761GB</DISK>
</comp>
<comp>
  <id>Comp:13-1-0</id>
  <CPU>0.388Gf</CPU>
  <RAM>0.442GB</RAM>
  <DISK>1.52GB</DISK>
</comp>
<comp>
  <id>Comp:13-1-1</id>
  <CPU>0.388Gf</CPU>
  <RAM>0.442GB</RAM>
  <DISK>1.52GB</DISK>
</comp>
<comp>
  <id>Comp:13-1-2</id>
  <CPU>0.388Gf</CPU>
  <RAM>0.442GB</RAM>
  <DISK>1.52GB</DISK>
</comp>
<comp>
  <id>Comp:13-1-3</id>
  <CPU>0.388Gf</CPU>
  <RAM>0.442GB</RAM>
  <DISK>1.52GB</DISK>
</comp>
<comp>
  <id>Comp:13-2-0</id>
  <CPU>0.223Gf</CPU>
  <RAM>0.174GB</RAM>
  <DISK>1.16GB</DISK>
</comp>
<comp>
  <id>Comp:13-2-1</id>
  <CPU>0.223Gf</CPU>
  <RAM>0.174GB</RAM>
  <DISK>1.16GB</DISK>
</comp>
<comp>
  <id>Comp:13-2-2</id>
  <CPU>0.223Gf</CPU>
  <RAM>0.174GB</RAM>
  <DISK>1.16GB</DISK>
</comp>
<comp>
  <id>Comp:13-2-3</id>
  <CPU>0.223Gf</CPU>
  <RAM>0.174GB</RAM>
  <DISK>1.16GB</DISK>
</comp>
<comp>
  <id>Comp:13-2-4</id>
  <CPU>0.223Gf</CPU>
  <RAM>0.174GB</RAM>
  <DISK>1.16GB</DISK>
</comp>
<comp>
  <id>Comp:13-2-5</id>
  <CPU>0.223Gf</CPU>
  <RAM>0.174GB</RAM>
  <DISK>1.16GB</DISK>
</comp>
<comp>
  <id>Comp:13-2-6</id>
  <CPU>0.223Gf</CPU>
  <RAM>0.174GB</RAM>
  <DISK>1.16GB</DISK>
</comp>
<comp>
  <id>Comp:13-2-7</id>
  <CPU>0.223Gf</CPU>
  <RAM>0.174GB</RAM>
  <DISK>1.16GB</DISK>
</comp>
<comp>
  <id>Comp:13-2-8</id>
  <CPU>0.223Gf</CPU>
  <RAM>0.174GB</RAM>
  <DISK>1.16GB</DISK>
</comp>
<comp>
  <id>Comp:13-2-9</id>
  <CPU>0.223Gf</CPU>
  <RAM>0.174GB</RAM>
  <DISK>1.16GB</DISK>
</comp>
<comp>
  <id>Comp:13-3-0</id>
  <CPU>0.729Gf</CPU>
  <RAM>0.279GB</RAM>
  <DISK>0.25GB</DISK>
</comp>
<comp>
  <id>Comp:13-3-1</id>
  <CPU>0.729Gf</CPU>
  <RAM>0.279GB</RAM>
  <DISK>0.25GB</DISK>
</comp>
<comp>
  <id>Comp:13-3-2</id>
  <CPU>0.729Gf</CPU>
  <RAM>0.279GB</RAM>
  <DISK>0.25GB</DISK>
</comp>
<comp>
  <id>Comp:13-4-0</id>
  <CPU>0.374Gf</CPU>
  <RAM>0.545GB</RAM>
  <DISK>0.343GB</DISK>
</comp>
<comp>
  <id>Comp:13-4-1</id>
  <CPU>0.374Gf</CPU>
  <RAM>0.545GB</RAM>
  <DISK>0.343GB</DISK>
</comp>
<comp>
  <id>Comp:13-4-2</id>
  <CPU>0.374Gf</CPU>
  <RAM>0.545GB</RAM>
  <DISK>0.343GB</DISK>
</comp>
<comp>
  <id>Comp:13-4-3</id>
  <CPU>0.374Gf</CPU>
  <RAM>0.545GB</RAM>
  <DISK>0.343GB</DISK>
</comp>
<comp>
  <id>Comp:13-4-4</id>
  <CPU>0.374Gf</CPU>
  <RAM>0.545GB</RAM>
  <DISK>0.343GB</DISK>
</comp>
<comp>
  <id>Comp:13-4-5</id>
  <CPU>0.374Gf</CPU>
  <RAM>0.545GB</RAM>
  <DISK>0.343GB</DISK>
</comp>
<comp>
  <id>Comp:13-4-6</id>
  <CPU>0.374Gf</CPU>
  <RAM>0.545GB</RAM>
  <DISK>0.343GB</DISK>
</comp>
<comp>
  <id>Comp:13-4-7</id>
  <CPU>0.374Gf</CPU>
  <RAM>0.545GB</RAM>
  <DISK>0.343GB</DISK>
</comp>
<comp>
  <id>Comp:13-4-8</id>
  <CPU>0.374Gf</CPU>
  <RAM>0.545GB</RAM>
  <DISK>0.343GB</DISK>
</comp>
  <bind>Comp:13-1-0 Comp:13-0-0 0.542MBps 42.9ms</bind>
  <bind>Comp:13-0-0 Comp:13-1-0 0.542MBps 42.9ms</bind>
  <bind>Comp:13-1-1 Comp:13-0-1 0.542MBps 42.9ms</bind>
  <bind>Comp:13-0-1 Comp:13-1-1 0.542MBps 42.9ms</bind>
  <bind>Comp:13-1-2 Comp:13-0-2 0.542MBps 42.9ms</bind>
  <bind>Comp:13-0-2 Comp:13-1-2 0.542MBps 42.9ms</bind>
  <bind>Comp:13-1-3 Comp:13-0-0 0.542MBps 42.9ms</bind>
  <bind>Comp:13-0-0 Comp:13-1-3 0.542MBps 42.9ms</bind>
  <bind>Comp:13-2-0 Comp:13-1-0 0.36MBps 42.6ms</bind>
  <bind>Comp:13-1-0 Comp:13-2-0 0.36MBps 42.6ms</bind>
  <bind>Comp:13-2-1 Comp:13-1-1 0.36MBps 42.6ms</bind>
  <bind>Comp:13-1-1 Comp:13-2-1 0.36MBps 42.6ms</bind>
  <bind>Comp:13-2-2 Comp:13-1-2 0.36MBps 42.6ms</bind>
  <bind>Comp:13-1-2 Comp:13-2-2 0.36MBps 42.6ms</bind>
  <bind>Comp:13-2-3 Comp:13-1-3 0.36MBps 42.6ms</bind>
  <bind>Comp:13-1-3 Comp:13-2-3 0.36MBps 42.6ms</bind>
  <bind>Comp:13-2-4 Comp:13-1-0 0.36MBps 42.6ms</bind>
  <bind>Comp:13-1-0 Comp:13-2-4 0.36MBps 42.6ms</bind>
  <bind>Comp:13-2-5 Comp:13-1-1 0.36MBps 42.6ms</bind>
  <bind>Comp:13-1-1 Comp:13-2-5 0.36MBps 42.6ms</bind>
  <bind>Comp:13-2-6 Comp:13-1-2 0.36MBps 42.6ms</bind>
  <bind>Comp:13-1-2 Comp:13-2-6 0.36MBps 42.6ms</bind>
  <bind>Comp:13-2-7 Comp:13-1-3 0.36MBps 42.6ms</bind>
  <bind>Comp:13-1-3 Comp:13-2-7 0.36MBps 42.6ms</bind>
  <bind>Comp:13-2-8 Comp:13-1-0 0.36MBps 42.6ms</bind>
  <bind>Comp:13-1-0 Comp:13-2-8 0.36MBps 42.6ms</bind>
  <bind>Comp:13-2-9 Comp:13-1-1 0.36MBps 42.6ms</bind>
  <bind>Comp:13-1-1 Comp:13-2-9 0.36MBps 42.6ms</bind>
  <bind>Comp:13-3-0 Comp:13-2-0 0.361MBps 38.3ms</bind>
  <bind>Comp:13-2-0 Comp:13-3-0 0.361MBps 38.3ms</bind>
  <bind>Comp:13-3-1 Comp:13-2-1 0.361MBps 38.3ms</bind>
  <bind>Comp:13-2-1 Comp:13-3-1 0.361MBps 38.3ms</bind>
  <bind>Comp:13-3-2 Comp:13-2-2 0.361MBps 38.3ms</bind>
  <bind>Comp:13-2-2 Comp:13-3-2 0.361MBps 38.3ms</bind>
  <bind>Comp:13-3-0 Comp:13-2-3 0.361MBps 38.3ms</bind>
  <bind>Comp:13-2-3 Comp:13-3-0 0.361MBps 38.3ms</bind>
  <bind>Comp:13-3-1 Comp:13-2-4 0.361MBps 38.3ms</bind>
  <bind>Comp:13-2-4 Comp:13-3-1 0.361MBps 38.3ms</bind>
  <bind>Comp:13-3-2 Comp:13-2-5 0.361MBps 38.3ms</bind>
  <bind>Comp:13-2-5 Comp:13-3-2 0.361MBps 38.3ms</bind>
  <bind>Comp:13-3-0 Comp:13-2-6 0.361MBps 38.3ms</bind>
  <bind>Comp:13-2-6 Comp:13-3-0 0.361MBps 38.3ms</bind>
  <bind>Comp:13-3-1 Comp:13-2-7 0.361MBps 38.3ms</bind>
  <bind>Comp:13-2-7 Comp:13-3-1 0.361MBps 38.3ms</bind>
  <bind>Comp:13-3-2 Comp:13-2-8 0.361MBps 38.3ms</bind>
  <bind>Comp:13-2-8 Comp:13-3-2 0.361MBps 38.3ms</bind>
  <bind>Comp:13-3-0 Comp:13-2-9 0.361MBps 38.3ms</bind>
  <bind>Comp:13-2-9 Comp:13-3-0 0.361MBps 38.3ms</bind>
  <bind>Comp:13-4-0 Comp:13-3-0 0.442MBps 31.6ms</bind>
  <bind>Comp:13-3-0 Comp:13-4-0 0.442MBps 31.6ms</bind>
  <bind>Comp:13-4-1 Comp:13-3-1 0.442MBps 31.6ms</bind>
  <bind>Comp:13-3-1 Comp:13-4-1 0.442MBps 31.6ms</bind>
  <bind>Comp:13-4-2 Comp:13-3-2 0.442MBps 31.6ms</bind>
  <bind>Comp:13-3-2 Comp:13-4-2 0.442MBps 31.6ms</bind>
  <bind>Comp:13-4-3 Comp:13-3-0 0.442MBps 31.6ms</bind>
  <bind>Comp:13-3-0 Comp:13-4-3 0.442MBps 31.6ms</bind>
  <bind>Comp:13-4-4 Comp:13-3-1 0.442MBps 31.6ms</bind>
  <bind>Comp:13-3-1 Comp:13-4-4 0.442MBps 31.6ms</bind>
  <bind>Comp:13-4-5 Comp:13-3-2 0.442MBps 31.6ms</bind>
  <bind>Comp:13-3-2 Comp:13-4-5 0.442MBps 31.6ms</bind>
  <bind>Comp:13-4-6 Comp:13-3-0 0.442MBps 31.6ms</bind>
  <bind>Comp:13-3-0 Comp:13-4-6 0.442MBps 31.6ms</bind>
  <bind>Comp:13-4-7 Comp:13-3-1 0.442MBps 31.6ms</bind>
  <bind>Comp:13-3-1 Comp:13-4-7 0.442MBps 31.6ms</bind>
  <bind>Comp:13-4-8 Comp:13-3-2 0.442MBps 31.6ms</bind>
  <bind>Comp:13-3-2 Comp:13-4-8 0.442MBps 31.6ms</bind>
  <bind>Comp:13-4-0 Appliance-318 0.837MBps 37.8ms</bind>
  <bind>Appliance-318 Comp:13-4-0 0.837MBps 37.8ms</bind>
  <bind>Comp:13-4-1 Appliance-240 0.837MBps 37.8ms</bind>
  <bind>Appliance-240 Comp:13-4-1 0.837MBps 37.8ms</bind>
  <bind>Comp:13-4-2 Appliance-168 0.837MBps 37.8ms</bind>
  <bind>Appliance-168 Comp:13-4-2 0.837MBps 37.8ms</bind>
  <bind>Comp:13-4-3 Appliance-318 0.837MBps 37.8ms</bind>
  <bind>Appliance-318 Comp:13-4-3 0.837MBps 37.8ms</bind>
  <bind>Comp:13-4-4 Appliance-240 0.837MBps 37.8ms</bind>
  <bind>Appliance-240 Comp:13-4-4 0.837MBps 37.8ms</bind>
  <bind>Comp:13-4-5 Appliance-168 0.837MBps 37.8ms</bind>
  <bind>Appliance-168 Comp:13-4-5 0.837MBps 37.8ms</bind>
  <bind>Comp:13-4-6 Appliance-318 0.837MBps 37.8ms</bind>
  <bind>Appliance-318 Comp:13-4-6 0.837MBps 37.8ms</bind>
  <bind>Comp:13-4-7 Appliance-240 0.837MBps 37.8ms</bind>
  <bind>Appliance-240 Comp:13-4-7 0.837MBps 37.8ms</bind>
  <bind>Comp:13-4-8 Appliance-168 0.837MBps 37.8ms</bind>
  <bind>Appliance-168 Comp:13-4-8 0.837MBps 37.8ms</bind>
</app>
</apps>
