<?xml version="1.0"?>
<apps>
<app>
  <id>App1</id>
<comp>
  <id>Comp:1-1-0</id>
  <CPU>0.561Gf</CPU>
  <RAM>0.977GB</RAM>
  <DISK>0.605GB</DISK>
</comp>
<comp>
  <id>Comp:1-1-1</id>
  <CPU>0.561Gf</CPU>
  <RAM>0.977GB</RAM>
  <DISK>0.605GB</DISK>
</comp>
<comp>
  <id>Comp:1-1-2</id>
  <CPU>0.561Gf</CPU>
  <RAM>0.977GB</RAM>
  <DISK>0.605GB</DISK>
</comp>
<comp>
  <id>Comp:1-1-3</id>
  <CPU>0.561Gf</CPU>
  <RAM>0.977GB</RAM>
  <DISK>0.605GB</DISK>
</comp>
<comp>
  <id>Comp:1-1-4</id>
  <CPU>0.561Gf</CPU>
  <RAM>0.977GB</RAM>
  <DISK>0.605GB</DISK>
</comp>
<comp>
  <id>Comp:1-1-5</id>
  <CPU>0.561Gf</CPU>
  <RAM>0.977GB</RAM>
  <DISK>0.605GB</DISK>
</comp>
<comp>
  <id>Comp:1-1-6</id>
  <CPU>0.561Gf</CPU>
  <RAM>0.977GB</RAM>
  <DISK>0.605GB</DISK>
</comp>
<comp>
  <id>Comp:1-1-7</id>
  <CPU>0.561Gf</CPU>
  <RAM>0.977GB</RAM>
  <DISK>0.605GB</DISK>
</comp>
<comp>
  <id>Comp:1-2-0</id>
  <CPU>0.819Gf</CPU>
  <RAM>0.8GB</RAM>
  <DISK>1.02GB</DISK>
</comp>
<comp>
  <id>Comp:1-2-1</id>
  <CPU>0.819Gf</CPU>
  <RAM>0.8GB</RAM>
  <DISK>1.02GB</DISK>
</comp>
<comp>
  <id>Comp:1-2-2</id>
  <CPU>0.819Gf</CPU>
  <RAM>0.8GB</RAM>
  <DISK>1.02GB</DISK>
</comp>
<comp>
  <id>Comp:1-2-3</id>
  <CPU>0.819Gf</CPU>
  <RAM>0.8GB</RAM>
  <DISK>1.02GB</DISK>
</comp>
<comp>
  <id>Comp:1-2-4</id>
  <CPU>0.819Gf</CPU>
  <RAM>0.8GB</RAM>
  <DISK>1.02GB</DISK>
</comp>
<comp>
  <id>Comp:1-3-0</id>
  <CPU>0.186Gf</CPU>
  <RAM>0.271GB</RAM>
  <DISK>0.966GB</DISK>
</comp>
<comp>
  <id>Comp:1-3-1</id>
  <CPU>0.186Gf</CPU>
  <RAM>0.271GB</RAM>
  <DISK>0.966GB</DISK>
</comp>
<comp>
  <id>Comp:1-3-2</id>
  <CPU>0.186Gf</CPU>
  <RAM>0.271GB</RAM>
  <DISK>0.966GB</DISK>
</comp>
<comp>
  <id>Comp:1-3-3</id>
  <CPU>0.186Gf</CPU>
  <RAM>0.271GB</RAM>
  <DISK>0.966GB</DISK>
</comp>
<comp>
  <id>Comp:1-4-0</id>
  <CPU>0.924Gf</CPU>
  <RAM>0.985GB</RAM>
  <DISK>0.763GB</DISK>
</comp>
  <bind>Comp:1-1-0 Appliance-450 0.0219MBps 39.4ms</bind>
  <bind>Appliance-450 Comp:1-1-0 0.0219MBps 39.4ms</bind>
  <bind>Comp:1-1-1 Appliance-450 0.0219MBps 39.4ms</bind>
  <bind>Appliance-450 Comp:1-1-1 0.0219MBps 39.4ms</bind>
  <bind>Comp:1-1-2 Appliance-450 0.0219MBps 39.4ms</bind>
  <bind>Appliance-450 Comp:1-1-2 0.0219MBps 39.4ms</bind>
  <bind>Comp:1-1-3 Appliance-450 0.0219MBps 39.4ms</bind>
  <bind>Appliance-450 Comp:1-1-3 0.0219MBps 39.4ms</bind>
  <bind>Comp:1-1-4 Appliance-450 0.0219MBps 39.4ms</bind>
  <bind>Appliance-450 Comp:1-1-4 0.0219MBps 39.4ms</bind>
  <bind>Comp:1-1-5 Appliance-450 0.0219MBps 39.4ms</bind>
  <bind>Appliance-450 Comp:1-1-5 0.0219MBps 39.4ms</bind>
  <bind>Comp:1-1-6 Appliance-450 0.0219MBps 39.4ms</bind>
  <bind>Appliance-450 Comp:1-1-6 0.0219MBps 39.4ms</bind>
  <bind>Comp:1-1-7 Appliance-450 0.0219MBps 39.4ms</bind>
  <bind>Appliance-450 Comp:1-1-7 0.0219MBps 39.4ms</bind>
  <bind>Comp:1-2-0 Comp:1-1-0 0.491MBps 28.6ms</bind>
  <bind>Comp:1-1-0 Comp:1-2-0 0.491MBps 28.6ms</bind>
  <bind>Comp:1-2-1 Comp:1-1-1 0.491MBps 28.6ms</bind>
  <bind>Comp:1-1-1 Comp:1-2-1 0.491MBps 28.6ms</bind>
  <bind>Comp:1-2-2 Comp:1-1-2 0.491MBps 28.6ms</bind>
  <bind>Comp:1-1-2 Comp:1-2-2 0.491MBps 28.6ms</bind>
  <bind>Comp:1-2-3 Comp:1-1-3 0.491MBps 28.6ms</bind>
  <bind>Comp:1-1-3 Comp:1-2-3 0.491MBps 28.6ms</bind>
  <bind>Comp:1-2-4 Comp:1-1-4 0.491MBps 28.6ms</bind>
  <bind>Comp:1-1-4 Comp:1-2-4 0.491MBps 28.6ms</bind>
  <bind>Comp:1-2-0 Comp:1-1-5 0.491MBps 28.6ms</bind>
  <bind>Comp:1-1-5 Comp:1-2-0 0.491MBps 28.6ms</bind>
  <bind>Comp:1-2-1 Comp:1-1-6 0.491MBps 28.6ms</bind>
  <bind>Comp:1-1-6 Comp:1-2-1 0.491MBps 28.6ms</bind>
  <bind>Comp:1-2-2 Comp:1-1-7 0.491MBps 28.6ms</bind>
  <bind>Comp:1-1-7 Comp:1-2-2 0.491MBps 28.6ms</bind>
  <bind>Comp:1-3-0 Comp:1-2-0 0.765MBps 33.7ms</bind>
  <bind>Comp:1-2-0 Comp:1-3-0 0.765MBps 33.7ms</bind>
  <bind>Comp:1-3-1 Comp:1-2-1 0.765MBps 33.7ms</bind>
  <bind>Comp:1-2-1 Comp:1-3-1 0.765MBps 33.7ms</bind>
  <bind>Comp:1-3-2 Comp:1-2-2 0.765MBps 33.7ms</bind>
  <bind>Comp:1-2-2 Comp:1-3-2 0.765MBps 33.7ms</bind>
  <bind>Comp:1-3-3 Comp:1-2-3 0.765MBps 33.7ms</bind>
  <bind>Comp:1-2-3 Comp:1-3-3 0.765MBps 33.7ms</bind>
  <bind>Comp:1-3-0 Comp:1-2-4 0.765MBps 33.7ms</bind>
  <bind>Comp:1-2-4 Comp:1-3-0 0.765MBps 33.7ms</bind>
  <bind>Comp:1-4-0 Comp:1-3-0 0.544MBps 30.8ms</bind>
  <bind>Comp:1-3-0 Comp:1-4-0 0.544MBps 30.8ms</bind>
  <bind>Comp:1-4-0 Comp:1-3-1 0.544MBps 30.8ms</bind>
  <bind>Comp:1-3-1 Comp:1-4-0 0.544MBps 30.8ms</bind>
  <bind>Comp:1-4-0 Comp:1-3-2 0.544MBps 30.8ms</bind>
  <bind>Comp:1-3-2 Comp:1-4-0 0.544MBps 30.8ms</bind>
  <bind>Comp:1-4-0 Comp:1-3-3 0.544MBps 30.8ms</bind>
  <bind>Comp:1-3-3 Comp:1-4-0 0.544MBps 30.8ms</bind>
  <bind>Comp:1-4-0 Appliance-41 0.228MBps 46.5ms</bind>
  <bind>Appliance-41 Comp:1-4-0 0.228MBps 46.5ms</bind>
</app>
</apps>
