<?xml version="1.0"?>
<apps>
<app>
  <id>App1</id>
<comp>
  <id>Comp:1-1-0</id>
  <CPU>0.561Gf</CPU>
  <RAM>0.977GB</RAM>
  <DISK>0.605GB</DISK>
</comp>
<comp>
  <id>Comp:1-1-1</id>
  <CPU>0.561Gf</CPU>
  <RAM>0.977GB</RAM>
  <DISK>0.605GB</DISK>
</comp>
<comp>
  <id>Comp:1-1-2</id>
  <CPU>0.561Gf</CPU>
  <RAM>0.977GB</RAM>
  <DISK>0.605GB</DISK>
</comp>
<comp>
  <id>Comp:1-1-3</id>
  <CPU>0.561Gf</CPU>
  <RAM>0.977GB</RAM>
  <DISK>0.605GB</DISK>
</comp>
<comp>
  <id>Comp:1-1-4</id>
  <CPU>0.561Gf</CPU>
  <RAM>0.977GB</RAM>
  <DISK>0.605GB</DISK>
</comp>
<comp>
  <id>Comp:1-1-5</id>
  <CPU>0.561Gf</CPU>
  <RAM>0.977GB</RAM>
  <DISK>0.605GB</DISK>
</comp>
<comp>
  <id>Comp:1-1-6</id>
  <CPU>0.561Gf</CPU>
  <RAM>0.977GB</RAM>
  <DISK>0.605GB</DISK>
</comp>
<comp>
  <id>Comp:1-1-7</id>
  <CPU>0.561Gf</CPU>
  <RAM>0.977GB</RAM>
  <DISK>0.605GB</DISK>
</comp>
<comp>
  <id>Comp:1-2-0</id>
  <CPU>0.819Gf</CPU>
  <RAM>0.8GB</RAM>
  <DISK>1.02GB</DISK>
</comp>
<comp>
  <id>Comp:1-2-1</id>
  <CPU>0.819Gf</CPU>
  <RAM>0.8GB</RAM>
  <DISK>1.02GB</DISK>
</comp>
<comp>
  <id>Comp:1-2-2</id>
  <CPU>0.819Gf</CPU>
  <RAM>0.8GB</RAM>
  <DISK>1.02GB</DISK>
</comp>
<comp>
  <id>Comp:1-2-3</id>
  <CPU>0.819Gf</CPU>
  <RAM>0.8GB</RAM>
  <DISK>1.02GB</DISK>
</comp>
<comp>
  <id>Comp:1-2-4</id>
  <CPU>0.819Gf</CPU>
  <RAM>0.8GB</RAM>
  <DISK>1.02GB</DISK>
</comp>
<comp>
  <id>Comp:1-3-0</id>
  <CPU>0.186Gf</CPU>
  <RAM>0.271GB</RAM>
  <DISK>0.966GB</DISK>
</comp>
<comp>
  <id>Comp:1-3-1</id>
  <CPU>0.186Gf</CPU>
  <RAM>0.271GB</RAM>
  <DISK>0.966GB</DISK>
</comp>
<comp>
  <id>Comp:1-3-2</id>
  <CPU>0.186Gf</CPU>
  <RAM>0.271GB</RAM>
  <DISK>0.966GB</DISK>
</comp>
<comp>
  <id>Comp:1-3-3</id>
  <CPU>0.186Gf</CPU>
  <RAM>0.271GB</RAM>
  <DISK>0.966GB</DISK>
</comp>
<comp>
  <id>Comp:1-4-0</id>
  <CPU>0.924Gf</CPU>
  <RAM>0.985GB</RAM>
  <DISK>0.763GB</DISK>
</comp>
  <bind>Comp:1-1-0 Appliance-450 0.0219MBps 39.4ms</bind>
  <bind>Appliance-450 Comp:1-1-0 0.0219MBps 39.4ms</bind>
  <bind>Comp:1-1-1 Appliance-450 0.0219MBps 39.4ms</bind>
  <bind>Appliance-450 Comp:1-1-1 0.0219MBps 39.4ms</bind>
  <bind>Comp:1-1-2 Appliance-450 0.0219MBps 39.4ms</bind>
  <bind>Appliance-450 Comp:1-1-2 0.0219MBps 39.4ms</bind>
  <bind>Comp:1-1-3 Appliance-450 0.0219MBps 39.4ms</bind>
  <bind>Appliance-450 Comp:1-1-3 0.0219MBps 39.4ms</bind>
  <bind>Comp:1-1-4 Appliance-450 0.0219MBps 39.4ms</bind>
  <bind>Appliance-450 Comp:1-1-4 0.0219MBps 39.4ms</bind>
  <bind>Comp:1-1-5 Appliance-450 0.0219MBps 39.4ms</bind>
  <bind>Appliance-450 Comp:1-1-5 0.0219MBps 39.4ms</bind>
  <bind>Comp:1-1-6 Appliance-450 0.0219MBps 39.4ms</bind>
  <bind>Appliance-450 Comp:1-1-6 0.0219MBps 39.4ms</bind>
  <bind>Comp:1-1-7 Appliance-450 0.0219MBps 39.4ms</bind>
  <bind>Appliance-450 Comp:1-1-7 0.0219MBps 39.4ms</bind>
  <bind>Comp:1-2-0 Comp:1-1-0 0.491MBps 28.6ms</bind>
  <bind>Comp:1-1-0 Comp:1-2-0 0.491MBps 28.6ms</bind>
  <bind>Comp:1-2-1 Comp:1-1-1 0.491MBps 28.6ms</bind>
  <bind>Comp:1-1-1 Comp:1-2-1 0.491MBps 28.6ms</bind>
  <bind>Comp:1-2-2 Comp:1-1-2 0.491MBps 28.6ms</bind>
  <bind>Comp:1-1-2 Comp:1-2-2 0.491MBps 28.6ms</bind>
  <bind>Comp:1-2-3 Comp:1-1-3 0.491MBps 28.6ms</bind>
  <bind>Comp:1-1-3 Comp:1-2-3 0.491MBps 28.6ms</bind>
  <bind>Comp:1-2-4 Comp:1-1-4 0.491MBps 28.6ms</bind>
  <bind>Comp:1-1-4 Comp:1-2-4 0.491MBps 28.6ms</bind>
  <bind>Comp:1-2-0 Comp:1-1-5 0.491MBps 28.6ms</bind>
  <bind>Comp:1-1-5 Comp:1-2-0 0.491MBps 28.6ms</bind>
  <bind>Comp:1-2-1 Comp:1-1-6 0.491MBps 28.6ms</bind>
  <bind>Comp:1-1-6 Comp:1-2-1 0.491MBps 28.6ms</bind>
  <bind>Comp:1-2-2 Comp:1-1-7 0.491MBps 28.6ms</bind>
  <bind>Comp:1-1-7 Comp:1-2-2 0.491MBps 28.6ms</bind>
  <bind>Comp:1-3-0 Comp:1-2-0 0.765MBps 33.7ms</bind>
  <bind>Comp:1-2-0 Comp:1-3-0 0.765MBps 33.7ms</bind>
  <bind>Comp:1-3-1 Comp:1-2-1 0.765MBps 33.7ms</bind>
  <bind>Comp:1-2-1 Comp:1-3-1 0.765MBps 33.7ms</bind>
  <bind>Comp:1-3-2 Comp:1-2-2 0.765MBps 33.7ms</bind>
  <bind>Comp:1-2-2 Comp:1-3-2 0.765MBps 33.7ms</bind>
  <bind>Comp:1-3-3 Comp:1-2-3 0.765MBps 33.7ms</bind>
  <bind>Comp:1-2-3 Comp:1-3-3 0.765MBps 33.7ms</bind>
  <bind>Comp:1-3-0 Comp:1-2-4 0.765MBps 33.7ms</bind>
  <bind>Comp:1-2-4 Comp:1-3-0 0.765MBps 33.7ms</bind>
  <bind>Comp:1-4-0 Comp:1-3-0 0.544MBps 30.8ms</bind>
  <bind>Comp:1-3-0 Comp:1-4-0 0.544MBps 30.8ms</bind>
  <bind>Comp:1-4-0 Comp:1-3-1 0.544MBps 30.8ms</bind>
  <bind>Comp:1-3-1 Comp:1-4-0 0.544MBps 30.8ms</bind>
  <bind>Comp:1-4-0 Comp:1-3-2 0.544MBps 30.8ms</bind>
  <bind>Comp:1-3-2 Comp:1-4-0 0.544MBps 30.8ms</bind>
  <bind>Comp:1-4-0 Comp:1-3-3 0.544MBps 30.8ms</bind>
  <bind>Comp:1-3-3 Comp:1-4-0 0.544MBps 30.8ms</bind>
  <bind>Comp:1-4-0 Appliance-41 0.228MBps 46.5ms</bind>
  <bind>Appliance-41 Comp:1-4-0 0.228MBps 46.5ms</bind>
</app>
<app>
  <id>App10</id>
<comp>
  <id>Comp:10-1-0</id>
  <CPU>0.465Gf</CPU>
  <RAM>0.836GB</RAM>
  <DISK>1.91GB</DISK>
</comp>
<comp>
  <id>Comp:10-1-1</id>
  <CPU>0.465Gf</CPU>
  <RAM>0.836GB</RAM>
  <DISK>1.91GB</DISK>
</comp>
<comp>
  <id>Comp:10-1-2</id>
  <CPU>0.465Gf</CPU>
  <RAM>0.836GB</RAM>
  <DISK>1.91GB</DISK>
</comp>
<comp>
  <id>Comp:10-1-3</id>
  <CPU>0.465Gf</CPU>
  <RAM>0.836GB</RAM>
  <DISK>1.91GB</DISK>
</comp>
<comp>
  <id>Comp:10-1-4</id>
  <CPU>0.465Gf</CPU>
  <RAM>0.836GB</RAM>
  <DISK>1.91GB</DISK>
</comp>
<comp>
  <id>Comp:10-1-5</id>
  <CPU>0.465Gf</CPU>
  <RAM>0.836GB</RAM>
  <DISK>1.91GB</DISK>
</comp>
<comp>
  <id>Comp:10-2-0</id>
  <CPU>0.22Gf</CPU>
  <RAM>0.45GB</RAM>
  <DISK>1.42GB</DISK>
</comp>
<comp>
  <id>Comp:10-2-1</id>
  <CPU>0.22Gf</CPU>
  <RAM>0.45GB</RAM>
  <DISK>1.42GB</DISK>
</comp>
<comp>
  <id>Comp:10-2-2</id>
  <CPU>0.22Gf</CPU>
  <RAM>0.45GB</RAM>
  <DISK>1.42GB</DISK>
</comp>
<comp>
  <id>Comp:10-2-3</id>
  <CPU>0.22Gf</CPU>
  <RAM>0.45GB</RAM>
  <DISK>1.42GB</DISK>
</comp>
<comp>
  <id>Comp:10-2-4</id>
  <CPU>0.22Gf</CPU>
  <RAM>0.45GB</RAM>
  <DISK>1.42GB</DISK>
</comp>
<comp>
  <id>Comp:10-2-5</id>
  <CPU>0.22Gf</CPU>
  <RAM>0.45GB</RAM>
  <DISK>1.42GB</DISK>
</comp>
<comp>
  <id>Comp:10-3-0</id>
  <CPU>0.261Gf</CPU>
  <RAM>0.171GB</RAM>
  <DISK>0.851GB</DISK>
</comp>
<comp>
  <id>Comp:10-3-1</id>
  <CPU>0.261Gf</CPU>
  <RAM>0.171GB</RAM>
  <DISK>0.851GB</DISK>
</comp>
<comp>
  <id>Comp:10-3-2</id>
  <CPU>0.261Gf</CPU>
  <RAM>0.171GB</RAM>
  <DISK>0.851GB</DISK>
</comp>
<comp>
  <id>Comp:10-3-3</id>
  <CPU>0.261Gf</CPU>
  <RAM>0.171GB</RAM>
  <DISK>0.851GB</DISK>
</comp>
<comp>
  <id>Comp:10-3-4</id>
  <CPU>0.261Gf</CPU>
  <RAM>0.171GB</RAM>
  <DISK>0.851GB</DISK>
</comp>
<comp>
  <id>Comp:10-3-5</id>
  <CPU>0.261Gf</CPU>
  <RAM>0.171GB</RAM>
  <DISK>0.851GB</DISK>
</comp>
<comp>
  <id>Comp:10-3-6</id>
  <CPU>0.261Gf</CPU>
  <RAM>0.171GB</RAM>
  <DISK>0.851GB</DISK>
</comp>
<comp>
  <id>Comp:10-3-7</id>
  <CPU>0.261Gf</CPU>
  <RAM>0.171GB</RAM>
  <DISK>0.851GB</DISK>
</comp>
<comp>
  <id>Comp:10-3-8</id>
  <CPU>0.261Gf</CPU>
  <RAM>0.171GB</RAM>
  <DISK>0.851GB</DISK>
</comp>
<comp>
  <id>Comp:10-4-0</id>
  <CPU>0.735Gf</CPU>
  <RAM>0.299GB</RAM>
  <DISK>0.806GB</DISK>
</comp>
<comp>
  <id>Comp:10-4-1</id>
  <CPU>0.735Gf</CPU>
  <RAM>0.299GB</RAM>
  <DISK>0.806GB</DISK>
</comp>
<comp>
  <id>Comp:10-4-2</id>
  <CPU>0.735Gf</CPU>
  <RAM>0.299GB</RAM>
  <DISK>0.806GB</DISK>
</comp>
<comp>
  <id>Comp:10-4-3</id>
  <CPU>0.735Gf</CPU>
  <RAM>0.299GB</RAM>
  <DISK>0.806GB</DISK>
</comp>
<comp>
  <id>Comp:10-4-4</id>
  <CPU>0.735Gf</CPU>
  <RAM>0.299GB</RAM>
  <DISK>0.806GB</DISK>
</comp>
<comp>
  <id>Comp:10-4-5</id>
  <CPU>0.735Gf</CPU>
  <RAM>0.299GB</RAM>
  <DISK>0.806GB</DISK>
</comp>
<comp>
  <id>Comp:10-4-6</id>
  <CPU>0.735Gf</CPU>
  <RAM>0.299GB</RAM>
  <DISK>0.806GB</DISK>
</comp>
<comp>
  <id>Comp:10-4-7</id>
  <CPU>0.735Gf</CPU>
  <RAM>0.299GB</RAM>
  <DISK>0.806GB</DISK>
</comp>
<comp>
  <id>Comp:10-4-8</id>
  <CPU>0.735Gf</CPU>
  <RAM>0.299GB</RAM>
  <DISK>0.806GB</DISK>
</comp>
<comp>
  <id>Comp:10-4-9</id>
  <CPU>0.735Gf</CPU>
  <RAM>0.299GB</RAM>
  <DISK>0.806GB</DISK>
</comp>
  <bind>Comp:10-1-0 Appliance-403 0.382MBps 49.1ms</bind>
  <bind>Appliance-403 Comp:10-1-0 0.382MBps 49.1ms</bind>
  <bind>Comp:10-1-1 Appliance-451 0.382MBps 49.1ms</bind>
  <bind>Appliance-451 Comp:10-1-1 0.382MBps 49.1ms</bind>
  <bind>Comp:10-1-2 Appliance-332 0.382MBps 49.1ms</bind>
  <bind>Appliance-332 Comp:10-1-2 0.382MBps 49.1ms</bind>
  <bind>Comp:10-1-3 Appliance-88 0.382MBps 49.1ms</bind>
  <bind>Appliance-88 Comp:10-1-3 0.382MBps 49.1ms</bind>
  <bind>Comp:10-1-4 Appliance-444 0.382MBps 49.1ms</bind>
  <bind>Appliance-444 Comp:10-1-4 0.382MBps 49.1ms</bind>
  <bind>Comp:10-1-5 Appliance-130 0.382MBps 49.1ms</bind>
  <bind>Appliance-130 Comp:10-1-5 0.382MBps 49.1ms</bind>
  <bind>Comp:10-1-0 Appliance-474 0.382MBps 49.1ms</bind>
  <bind>Appliance-474 Comp:10-1-0 0.382MBps 49.1ms</bind>
  <bind>Comp:10-2-0 Comp:10-1-0 0.583MBps 40.6ms</bind>
  <bind>Comp:10-1-0 Comp:10-2-0 0.583MBps 40.6ms</bind>
  <bind>Comp:10-2-1 Comp:10-1-1 0.583MBps 40.6ms</bind>
  <bind>Comp:10-1-1 Comp:10-2-1 0.583MBps 40.6ms</bind>
  <bind>Comp:10-2-2 Comp:10-1-2 0.583MBps 40.6ms</bind>
  <bind>Comp:10-1-2 Comp:10-2-2 0.583MBps 40.6ms</bind>
  <bind>Comp:10-2-3 Comp:10-1-3 0.583MBps 40.6ms</bind>
  <bind>Comp:10-1-3 Comp:10-2-3 0.583MBps 40.6ms</bind>
  <bind>Comp:10-2-4 Comp:10-1-4 0.583MBps 40.6ms</bind>
  <bind>Comp:10-1-4 Comp:10-2-4 0.583MBps 40.6ms</bind>
  <bind>Comp:10-2-5 Comp:10-1-5 0.583MBps 40.6ms</bind>
  <bind>Comp:10-1-5 Comp:10-2-5 0.583MBps 40.6ms</bind>
  <bind>Comp:10-3-0 Comp:10-2-0 0.386MBps 48.8ms</bind>
  <bind>Comp:10-2-0 Comp:10-3-0 0.386MBps 48.8ms</bind>
  <bind>Comp:10-3-1 Comp:10-2-1 0.386MBps 48.8ms</bind>
  <bind>Comp:10-2-1 Comp:10-3-1 0.386MBps 48.8ms</bind>
  <bind>Comp:10-3-2 Comp:10-2-2 0.386MBps 48.8ms</bind>
  <bind>Comp:10-2-2 Comp:10-3-2 0.386MBps 48.8ms</bind>
  <bind>Comp:10-3-3 Comp:10-2-3 0.386MBps 48.8ms</bind>
  <bind>Comp:10-2-3 Comp:10-3-3 0.386MBps 48.8ms</bind>
  <bind>Comp:10-3-4 Comp:10-2-4 0.386MBps 48.8ms</bind>
  <bind>Comp:10-2-4 Comp:10-3-4 0.386MBps 48.8ms</bind>
  <bind>Comp:10-3-5 Comp:10-2-5 0.386MBps 48.8ms</bind>
  <bind>Comp:10-2-5 Comp:10-3-5 0.386MBps 48.8ms</bind>
  <bind>Comp:10-3-6 Comp:10-2-0 0.386MBps 48.8ms</bind>
  <bind>Comp:10-2-0 Comp:10-3-6 0.386MBps 48.8ms</bind>
  <bind>Comp:10-3-7 Comp:10-2-1 0.386MBps 48.8ms</bind>
  <bind>Comp:10-2-1 Comp:10-3-7 0.386MBps 48.8ms</bind>
  <bind>Comp:10-3-8 Comp:10-2-2 0.386MBps 48.8ms</bind>
  <bind>Comp:10-2-2 Comp:10-3-8 0.386MBps 48.8ms</bind>
  <bind>Comp:10-4-0 Comp:10-3-0 0.262MBps 31.2ms</bind>
  <bind>Comp:10-3-0 Comp:10-4-0 0.262MBps 31.2ms</bind>
  <bind>Comp:10-4-1 Comp:10-3-1 0.262MBps 31.2ms</bind>
  <bind>Comp:10-3-1 Comp:10-4-1 0.262MBps 31.2ms</bind>
  <bind>Comp:10-4-2 Comp:10-3-2 0.262MBps 31.2ms</bind>
  <bind>Comp:10-3-2 Comp:10-4-2 0.262MBps 31.2ms</bind>
  <bind>Comp:10-4-3 Comp:10-3-3 0.262MBps 31.2ms</bind>
  <bind>Comp:10-3-3 Comp:10-4-3 0.262MBps 31.2ms</bind>
  <bind>Comp:10-4-4 Comp:10-3-4 0.262MBps 31.2ms</bind>
  <bind>Comp:10-3-4 Comp:10-4-4 0.262MBps 31.2ms</bind>
  <bind>Comp:10-4-5 Comp:10-3-5 0.262MBps 31.2ms</bind>
  <bind>Comp:10-3-5 Comp:10-4-5 0.262MBps 31.2ms</bind>
  <bind>Comp:10-4-6 Comp:10-3-6 0.262MBps 31.2ms</bind>
  <bind>Comp:10-3-6 Comp:10-4-6 0.262MBps 31.2ms</bind>
  <bind>Comp:10-4-7 Comp:10-3-7 0.262MBps 31.2ms</bind>
  <bind>Comp:10-3-7 Comp:10-4-7 0.262MBps 31.2ms</bind>
  <bind>Comp:10-4-8 Comp:10-3-8 0.262MBps 31.2ms</bind>
  <bind>Comp:10-3-8 Comp:10-4-8 0.262MBps 31.2ms</bind>
  <bind>Comp:10-4-9 Comp:10-3-0 0.262MBps 31.2ms</bind>
  <bind>Comp:10-3-0 Comp:10-4-9 0.262MBps 31.2ms</bind>
  <bind>Comp:10-4-0 Appliance-116 0.0453MBps 33.5ms</bind>
  <bind>Appliance-116 Comp:10-4-0 0.0453MBps 33.5ms</bind>
  <bind>Comp:10-4-1 Appliance-24 0.0453MBps 33.5ms</bind>
  <bind>Appliance-24 Comp:10-4-1 0.0453MBps 33.5ms</bind>
  <bind>Comp:10-4-2 Appliance-306 0.0453MBps 33.5ms</bind>
  <bind>Appliance-306 Comp:10-4-2 0.0453MBps 33.5ms</bind>
  <bind>Comp:10-4-3 Appliance-38 0.0453MBps 33.5ms</bind>
  <bind>Appliance-38 Comp:10-4-3 0.0453MBps 33.5ms</bind>
  <bind>Comp:10-4-4 Appliance-137 0.0453MBps 33.5ms</bind>
  <bind>Appliance-137 Comp:10-4-4 0.0453MBps 33.5ms</bind>
  <bind>Comp:10-4-5 Appliance-490 0.0453MBps 33.5ms</bind>
  <bind>Appliance-490 Comp:10-4-5 0.0453MBps 33.5ms</bind>
  <bind>Comp:10-4-6 Appliance-124 0.0453MBps 33.5ms</bind>
  <bind>Appliance-124 Comp:10-4-6 0.0453MBps 33.5ms</bind>
  <bind>Comp:10-4-7 Appliance-278 0.0453MBps 33.5ms</bind>
  <bind>Appliance-278 Comp:10-4-7 0.0453MBps 33.5ms</bind>
  <bind>Comp:10-4-8 Appliance-419 0.0453MBps 33.5ms</bind>
  <bind>Appliance-419 Comp:10-4-8 0.0453MBps 33.5ms</bind>
  <bind>Comp:10-4-9 Appliance-116 0.0453MBps 33.5ms</bind>
  <bind>Appliance-116 Comp:10-4-9 0.0453MBps 33.5ms</bind>
</app>
</apps>
