<?xml version="1.0"?>
<apps>
<app>
  <id>App1</id>
<comp>
  <id>Comp:1-1-0</id>
  <CPU>0.561Gf</CPU>
  <RAM>0.977GB</RAM>
  <DISK>0.605GB</DISK>
</comp>
<comp>
  <id>Comp:1-1-1</id>
  <CPU>0.561Gf</CPU>
  <RAM>0.977GB</RAM>
  <DISK>0.605GB</DISK>
</comp>
<comp>
  <id>Comp:1-1-2</id>
  <CPU>0.561Gf</CPU>
  <RAM>0.977GB</RAM>
  <DISK>0.605GB</DISK>
</comp>
<comp>
  <id>Comp:1-1-3</id>
  <CPU>0.561Gf</CPU>
  <RAM>0.977GB</RAM>
  <DISK>0.605GB</DISK>
</comp>
<comp>
  <id>Comp:1-1-4</id>
  <CPU>0.561Gf</CPU>
  <RAM>0.977GB</RAM>
  <DISK>0.605GB</DISK>
</comp>
<comp>
  <id>Comp:1-1-5</id>
  <CPU>0.561Gf</CPU>
  <RAM>0.977GB</RAM>
  <DISK>0.605GB</DISK>
</comp>
<comp>
  <id>Comp:1-1-6</id>
  <CPU>0.561Gf</CPU>
  <RAM>0.977GB</RAM>
  <DISK>0.605GB</DISK>
</comp>
<comp>
  <id>Comp:1-1-7</id>
  <CPU>0.561Gf</CPU>
  <RAM>0.977GB</RAM>
  <DISK>0.605GB</DISK>
</comp>
<comp>
  <id>Comp:1-2-0</id>
  <CPU>0.819Gf</CPU>
  <RAM>0.8GB</RAM>
  <DISK>1.02GB</DISK>
</comp>
<comp>
  <id>Comp:1-2-1</id>
  <CPU>0.819Gf</CPU>
  <RAM>0.8GB</RAM>
  <DISK>1.02GB</DISK>
</comp>
<comp>
  <id>Comp:1-2-2</id>
  <CPU>0.819Gf</CPU>
  <RAM>0.8GB</RAM>
  <DISK>1.02GB</DISK>
</comp>
<comp>
  <id>Comp:1-2-3</id>
  <CPU>0.819Gf</CPU>
  <RAM>0.8GB</RAM>
  <DISK>1.02GB</DISK>
</comp>
<comp>
  <id>Comp:1-2-4</id>
  <CPU>0.819Gf</CPU>
  <RAM>0.8GB</RAM>
  <DISK>1.02GB</DISK>
</comp>
<comp>
  <id>Comp:1-3-0</id>
  <CPU>0.186Gf</CPU>
  <RAM>0.271GB</RAM>
  <DISK>0.966GB</DISK>
</comp>
<comp>
  <id>Comp:1-3-1</id>
  <CPU>0.186Gf</CPU>
  <RAM>0.271GB</RAM>
  <DISK>0.966GB</DISK>
</comp>
<comp>
  <id>Comp:1-3-2</id>
  <CPU>0.186Gf</CPU>
  <RAM>0.271GB</RAM>
  <DISK>0.966GB</DISK>
</comp>
<comp>
  <id>Comp:1-3-3</id>
  <CPU>0.186Gf</CPU>
  <RAM>0.271GB</RAM>
  <DISK>0.966GB</DISK>
</comp>
<comp>
  <id>Comp:1-4-0</id>
  <CPU>0.924Gf</CPU>
  <RAM>0.985GB</RAM>
  <DISK>0.763GB</DISK>
</comp>
  <bind>Comp:1-1-0 Appliance-450 0.0219MBps 39.4ms</bind>
  <bind>Appliance-450 Comp:1-1-0 0.0219MBps 39.4ms</bind>
  <bind>Comp:1-1-1 Appliance-450 0.0219MBps 39.4ms</bind>
  <bind>Appliance-450 Comp:1-1-1 0.0219MBps 39.4ms</bind>
  <bind>Comp:1-1-2 Appliance-450 0.0219MBps 39.4ms</bind>
  <bind>Appliance-450 Comp:1-1-2 0.0219MBps 39.4ms</bind>
  <bind>Comp:1-1-3 Appliance-450 0.0219MBps 39.4ms</bind>
  <bind>Appliance-450 Comp:1-1-3 0.0219MBps 39.4ms</bind>
  <bind>Comp:1-1-4 Appliance-450 0.0219MBps 39.4ms</bind>
  <bind>Appliance-450 Comp:1-1-4 0.0219MBps 39.4ms</bind>
  <bind>Comp:1-1-5 Appliance-450 0.0219MBps 39.4ms</bind>
  <bind>Appliance-450 Comp:1-1-5 0.0219MBps 39.4ms</bind>
  <bind>Comp:1-1-6 Appliance-450 0.0219MBps 39.4ms</bind>
  <bind>Appliance-450 Comp:1-1-6 0.0219MBps 39.4ms</bind>
  <bind>Comp:1-1-7 Appliance-450 0.0219MBps 39.4ms</bind>
  <bind>Appliance-450 Comp:1-1-7 0.0219MBps 39.4ms</bind>
  <bind>Comp:1-2-0 Comp:1-1-0 0.491MBps 28.6ms</bind>
  <bind>Comp:1-1-0 Comp:1-2-0 0.491MBps 28.6ms</bind>
  <bind>Comp:1-2-1 Comp:1-1-1 0.491MBps 28.6ms</bind>
  <bind>Comp:1-1-1 Comp:1-2-1 0.491MBps 28.6ms</bind>
  <bind>Comp:1-2-2 Comp:1-1-2 0.491MBps 28.6ms</bind>
  <bind>Comp:1-1-2 Comp:1-2-2 0.491MBps 28.6ms</bind>
  <bind>Comp:1-2-3 Comp:1-1-3 0.491MBps 28.6ms</bind>
  <bind>Comp:1-1-3 Comp:1-2-3 0.491MBps 28.6ms</bind>
  <bind>Comp:1-2-4 Comp:1-1-4 0.491MBps 28.6ms</bind>
  <bind>Comp:1-1-4 Comp:1-2-4 0.491MBps 28.6ms</bind>
  <bind>Comp:1-2-0 Comp:1-1-5 0.491MBps 28.6ms</bind>
  <bind>Comp:1-1-5 Comp:1-2-0 0.491MBps 28.6ms</bind>
  <bind>Comp:1-2-1 Comp:1-1-6 0.491MBps 28.6ms</bind>
  <bind>Comp:1-1-6 Comp:1-2-1 0.491MBps 28.6ms</bind>
  <bind>Comp:1-2-2 Comp:1-1-7 0.491MBps 28.6ms</bind>
  <bind>Comp:1-1-7 Comp:1-2-2 0.491MBps 28.6ms</bind>
  <bind>Comp:1-3-0 Comp:1-2-0 0.765MBps 33.7ms</bind>
  <bind>Comp:1-2-0 Comp:1-3-0 0.765MBps 33.7ms</bind>
  <bind>Comp:1-3-1 Comp:1-2-1 0.765MBps 33.7ms</bind>
  <bind>Comp:1-2-1 Comp:1-3-1 0.765MBps 33.7ms</bind>
  <bind>Comp:1-3-2 Comp:1-2-2 0.765MBps 33.7ms</bind>
  <bind>Comp:1-2-2 Comp:1-3-2 0.765MBps 33.7ms</bind>
  <bind>Comp:1-3-3 Comp:1-2-3 0.765MBps 33.7ms</bind>
  <bind>Comp:1-2-3 Comp:1-3-3 0.765MBps 33.7ms</bind>
  <bind>Comp:1-3-0 Comp:1-2-4 0.765MBps 33.7ms</bind>
  <bind>Comp:1-2-4 Comp:1-3-0 0.765MBps 33.7ms</bind>
  <bind>Comp:1-4-0 Comp:1-3-0 0.544MBps 30.8ms</bind>
  <bind>Comp:1-3-0 Comp:1-4-0 0.544MBps 30.8ms</bind>
  <bind>Comp:1-4-0 Comp:1-3-1 0.544MBps 30.8ms</bind>
  <bind>Comp:1-3-1 Comp:1-4-0 0.544MBps 30.8ms</bind>
  <bind>Comp:1-4-0 Comp:1-3-2 0.544MBps 30.8ms</bind>
  <bind>Comp:1-3-2 Comp:1-4-0 0.544MBps 30.8ms</bind>
  <bind>Comp:1-4-0 Comp:1-3-3 0.544MBps 30.8ms</bind>
  <bind>Comp:1-3-3 Comp:1-4-0 0.544MBps 30.8ms</bind>
  <bind>Comp:1-4-0 Appliance-41 0.228MBps 46.5ms</bind>
  <bind>Appliance-41 Comp:1-4-0 0.228MBps 46.5ms</bind>
</app>
<app>
  <id>App10</id>
<comp>
  <id>Comp:10-1-0</id>
  <CPU>0.465Gf</CPU>
  <RAM>0.836GB</RAM>
  <DISK>1.91GB</DISK>
</comp>
<comp>
  <id>Comp:10-1-1</id>
  <CPU>0.465Gf</CPU>
  <RAM>0.836GB</RAM>
  <DISK>1.91GB</DISK>
</comp>
<comp>
  <id>Comp:10-1-2</id>
  <CPU>0.465Gf</CPU>
  <RAM>0.836GB</RAM>
  <DISK>1.91GB</DISK>
</comp>
<comp>
  <id>Comp:10-1-3</id>
  <CPU>0.465Gf</CPU>
  <RAM>0.836GB</RAM>
  <DISK>1.91GB</DISK>
</comp>
<comp>
  <id>Comp:10-1-4</id>
  <CPU>0.465Gf</CPU>
  <RAM>0.836GB</RAM>
  <DISK>1.91GB</DISK>
</comp>
<comp>
  <id>Comp:10-1-5</id>
  <CPU>0.465Gf</CPU>
  <RAM>0.836GB</RAM>
  <DISK>1.91GB</DISK>
</comp>
<comp>
  <id>Comp:10-2-0</id>
  <CPU>0.22Gf</CPU>
  <RAM>0.45GB</RAM>
  <DISK>1.42GB</DISK>
</comp>
<comp>
  <id>Comp:10-2-1</id>
  <CPU>0.22Gf</CPU>
  <RAM>0.45GB</RAM>
  <DISK>1.42GB</DISK>
</comp>
<comp>
  <id>Comp:10-2-2</id>
  <CPU>0.22Gf</CPU>
  <RAM>0.45GB</RAM>
  <DISK>1.42GB</DISK>
</comp>
<comp>
  <id>Comp:10-2-3</id>
  <CPU>0.22Gf</CPU>
  <RAM>0.45GB</RAM>
  <DISK>1.42GB</DISK>
</comp>
<comp>
  <id>Comp:10-2-4</id>
  <CPU>0.22Gf</CPU>
  <RAM>0.45GB</RAM>
  <DISK>1.42GB</DISK>
</comp>
<comp>
  <id>Comp:10-2-5</id>
  <CPU>0.22Gf</CPU>
  <RAM>0.45GB</RAM>
  <DISK>1.42GB</DISK>
</comp>
<comp>
  <id>Comp:10-3-0</id>
  <CPU>0.261Gf</CPU>
  <RAM>0.171GB</RAM>
  <DISK>0.851GB</DISK>
</comp>
<comp>
  <id>Comp:10-3-1</id>
  <CPU>0.261Gf</CPU>
  <RAM>0.171GB</RAM>
  <DISK>0.851GB</DISK>
</comp>
<comp>
  <id>Comp:10-3-2</id>
  <CPU>0.261Gf</CPU>
  <RAM>0.171GB</RAM>
  <DISK>0.851GB</DISK>
</comp>
<comp>
  <id>Comp:10-3-3</id>
  <CPU>0.261Gf</CPU>
  <RAM>0.171GB</RAM>
  <DISK>0.851GB</DISK>
</comp>
<comp>
  <id>Comp:10-3-4</id>
  <CPU>0.261Gf</CPU>
  <RAM>0.171GB</RAM>
  <DISK>0.851GB</DISK>
</comp>
<comp>
  <id>Comp:10-3-5</id>
  <CPU>0.261Gf</CPU>
  <RAM>0.171GB</RAM>
  <DISK>0.851GB</DISK>
</comp>
<comp>
  <id>Comp:10-3-6</id>
  <CPU>0.261Gf</CPU>
  <RAM>0.171GB</RAM>
  <DISK>0.851GB</DISK>
</comp>
<comp>
  <id>Comp:10-3-7</id>
  <CPU>0.261Gf</CPU>
  <RAM>0.171GB</RAM>
  <DISK>0.851GB</DISK>
</comp>
<comp>
  <id>Comp:10-3-8</id>
  <CPU>0.261Gf</CPU>
  <RAM>0.171GB</RAM>
  <DISK>0.851GB</DISK>
</comp>
<comp>
  <id>Comp:10-4-0</id>
  <CPU>0.735Gf</CPU>
  <RAM>0.299GB</RAM>
  <DISK>0.806GB</DISK>
</comp>
<comp>
  <id>Comp:10-4-1</id>
  <CPU>0.735Gf</CPU>
  <RAM>0.299GB</RAM>
  <DISK>0.806GB</DISK>
</comp>
<comp>
  <id>Comp:10-4-2</id>
  <CPU>0.735Gf</CPU>
  <RAM>0.299GB</RAM>
  <DISK>0.806GB</DISK>
</comp>
<comp>
  <id>Comp:10-4-3</id>
  <CPU>0.735Gf</CPU>
  <RAM>0.299GB</RAM>
  <DISK>0.806GB</DISK>
</comp>
<comp>
  <id>Comp:10-4-4</id>
  <CPU>0.735Gf</CPU>
  <RAM>0.299GB</RAM>
  <DISK>0.806GB</DISK>
</comp>
<comp>
  <id>Comp:10-4-5</id>
  <CPU>0.735Gf</CPU>
  <RAM>0.299GB</RAM>
  <DISK>0.806GB</DISK>
</comp>
<comp>
  <id>Comp:10-4-6</id>
  <CPU>0.735Gf</CPU>
  <RAM>0.299GB</RAM>
  <DISK>0.806GB</DISK>
</comp>
<comp>
  <id>Comp:10-4-7</id>
  <CPU>0.735Gf</CPU>
  <RAM>0.299GB</RAM>
  <DISK>0.806GB</DISK>
</comp>
<comp>
  <id>Comp:10-4-8</id>
  <CPU>0.735Gf</CPU>
  <RAM>0.299GB</RAM>
  <DISK>0.806GB</DISK>
</comp>
<comp>
  <id>Comp:10-4-9</id>
  <CPU>0.735Gf</CPU>
  <RAM>0.299GB</RAM>
  <DISK>0.806GB</DISK>
</comp>
  <bind>Comp:10-1-0 Appliance-403 0.382MBps 49.1ms</bind>
  <bind>Appliance-403 Comp:10-1-0 0.382MBps 49.1ms</bind>
  <bind>Comp:10-1-1 Appliance-451 0.382MBps 49.1ms</bind>
  <bind>Appliance-451 Comp:10-1-1 0.382MBps 49.1ms</bind>
  <bind>Comp:10-1-2 Appliance-332 0.382MBps 49.1ms</bind>
  <bind>Appliance-332 Comp:10-1-2 0.382MBps 49.1ms</bind>
  <bind>Comp:10-1-3 Appliance-88 0.382MBps 49.1ms</bind>
  <bind>Appliance-88 Comp:10-1-3 0.382MBps 49.1ms</bind>
  <bind>Comp:10-1-4 Appliance-444 0.382MBps 49.1ms</bind>
  <bind>Appliance-444 Comp:10-1-4 0.382MBps 49.1ms</bind>
  <bind>Comp:10-1-5 Appliance-130 0.382MBps 49.1ms</bind>
  <bind>Appliance-130 Comp:10-1-5 0.382MBps 49.1ms</bind>
  <bind>Comp:10-1-0 Appliance-474 0.382MBps 49.1ms</bind>
  <bind>Appliance-474 Comp:10-1-0 0.382MBps 49.1ms</bind>
  <bind>Comp:10-2-0 Comp:10-1-0 0.583MBps 40.6ms</bind>
  <bind>Comp:10-1-0 Comp:10-2-0 0.583MBps 40.6ms</bind>
  <bind>Comp:10-2-1 Comp:10-1-1 0.583MBps 40.6ms</bind>
  <bind>Comp:10-1-1 Comp:10-2-1 0.583MBps 40.6ms</bind>
  <bind>Comp:10-2-2 Comp:10-1-2 0.583MBps 40.6ms</bind>
  <bind>Comp:10-1-2 Comp:10-2-2 0.583MBps 40.6ms</bind>
  <bind>Comp:10-2-3 Comp:10-1-3 0.583MBps 40.6ms</bind>
  <bind>Comp:10-1-3 Comp:10-2-3 0.583MBps 40.6ms</bind>
  <bind>Comp:10-2-4 Comp:10-1-4 0.583MBps 40.6ms</bind>
  <bind>Comp:10-1-4 Comp:10-2-4 0.583MBps 40.6ms</bind>
  <bind>Comp:10-2-5 Comp:10-1-5 0.583MBps 40.6ms</bind>
  <bind>Comp:10-1-5 Comp:10-2-5 0.583MBps 40.6ms</bind>
  <bind>Comp:10-3-0 Comp:10-2-0 0.386MBps 48.8ms</bind>
  <bind>Comp:10-2-0 Comp:10-3-0 0.386MBps 48.8ms</bind>
  <bind>Comp:10-3-1 Comp:10-2-1 0.386MBps 48.8ms</bind>
  <bind>Comp:10-2-1 Comp:10-3-1 0.386MBps 48.8ms</bind>
  <bind>Comp:10-3-2 Comp:10-2-2 0.386MBps 48.8ms</bind>
  <bind>Comp:10-2-2 Comp:10-3-2 0.386MBps 48.8ms</bind>
  <bind>Comp:10-3-3 Comp:10-2-3 0.386MBps 48.8ms</bind>
  <bind>Comp:10-2-3 Comp:10-3-3 0.386MBps 48.8ms</bind>
  <bind>Comp:10-3-4 Comp:10-2-4 0.386MBps 48.8ms</bind>
  <bind>Comp:10-2-4 Comp:10-3-4 0.386MBps 48.8ms</bind>
  <bind>Comp:10-3-5 Comp:10-2-5 0.386MBps 48.8ms</bind>
  <bind>Comp:10-2-5 Comp:10-3-5 0.386MBps 48.8ms</bind>
  <bind>Comp:10-3-6 Comp:10-2-0 0.386MBps 48.8ms</bind>
  <bind>Comp:10-2-0 Comp:10-3-6 0.386MBps 48.8ms</bind>
  <bind>Comp:10-3-7 Comp:10-2-1 0.386MBps 48.8ms</bind>
  <bind>Comp:10-2-1 Comp:10-3-7 0.386MBps 48.8ms</bind>
  <bind>Comp:10-3-8 Comp:10-2-2 0.386MBps 48.8ms</bind>
  <bind>Comp:10-2-2 Comp:10-3-8 0.386MBps 48.8ms</bind>
  <bind>Comp:10-4-0 Comp:10-3-0 0.262MBps 31.2ms</bind>
  <bind>Comp:10-3-0 Comp:10-4-0 0.262MBps 31.2ms</bind>
  <bind>Comp:10-4-1 Comp:10-3-1 0.262MBps 31.2ms</bind>
  <bind>Comp:10-3-1 Comp:10-4-1 0.262MBps 31.2ms</bind>
  <bind>Comp:10-4-2 Comp:10-3-2 0.262MBps 31.2ms</bind>
  <bind>Comp:10-3-2 Comp:10-4-2 0.262MBps 31.2ms</bind>
  <bind>Comp:10-4-3 Comp:10-3-3 0.262MBps 31.2ms</bind>
  <bind>Comp:10-3-3 Comp:10-4-3 0.262MBps 31.2ms</bind>
  <bind>Comp:10-4-4 Comp:10-3-4 0.262MBps 31.2ms</bind>
  <bind>Comp:10-3-4 Comp:10-4-4 0.262MBps 31.2ms</bind>
  <bind>Comp:10-4-5 Comp:10-3-5 0.262MBps 31.2ms</bind>
  <bind>Comp:10-3-5 Comp:10-4-5 0.262MBps 31.2ms</bind>
  <bind>Comp:10-4-6 Comp:10-3-6 0.262MBps 31.2ms</bind>
  <bind>Comp:10-3-6 Comp:10-4-6 0.262MBps 31.2ms</bind>
  <bind>Comp:10-4-7 Comp:10-3-7 0.262MBps 31.2ms</bind>
  <bind>Comp:10-3-7 Comp:10-4-7 0.262MBps 31.2ms</bind>
  <bind>Comp:10-4-8 Comp:10-3-8 0.262MBps 31.2ms</bind>
  <bind>Comp:10-3-8 Comp:10-4-8 0.262MBps 31.2ms</bind>
  <bind>Comp:10-4-9 Comp:10-3-0 0.262MBps 31.2ms</bind>
  <bind>Comp:10-3-0 Comp:10-4-9 0.262MBps 31.2ms</bind>
  <bind>Comp:10-4-0 Appliance-116 0.0453MBps 33.5ms</bind>
  <bind>Appliance-116 Comp:10-4-0 0.0453MBps 33.5ms</bind>
  <bind>Comp:10-4-1 Appliance-24 0.0453MBps 33.5ms</bind>
  <bind>Appliance-24 Comp:10-4-1 0.0453MBps 33.5ms</bind>
  <bind>Comp:10-4-2 Appliance-306 0.0453MBps 33.5ms</bind>
  <bind>Appliance-306 Comp:10-4-2 0.0453MBps 33.5ms</bind>
  <bind>Comp:10-4-3 Appliance-38 0.0453MBps 33.5ms</bind>
  <bind>Appliance-38 Comp:10-4-3 0.0453MBps 33.5ms</bind>
  <bind>Comp:10-4-4 Appliance-137 0.0453MBps 33.5ms</bind>
  <bind>Appliance-137 Comp:10-4-4 0.0453MBps 33.5ms</bind>
  <bind>Comp:10-4-5 Appliance-490 0.0453MBps 33.5ms</bind>
  <bind>Appliance-490 Comp:10-4-5 0.0453MBps 33.5ms</bind>
  <bind>Comp:10-4-6 Appliance-124 0.0453MBps 33.5ms</bind>
  <bind>Appliance-124 Comp:10-4-6 0.0453MBps 33.5ms</bind>
  <bind>Comp:10-4-7 Appliance-278 0.0453MBps 33.5ms</bind>
  <bind>Appliance-278 Comp:10-4-7 0.0453MBps 33.5ms</bind>
  <bind>Comp:10-4-8 Appliance-419 0.0453MBps 33.5ms</bind>
  <bind>Appliance-419 Comp:10-4-8 0.0453MBps 33.5ms</bind>
  <bind>Comp:10-4-9 Appliance-116 0.0453MBps 33.5ms</bind>
  <bind>Appliance-116 Comp:10-4-9 0.0453MBps 33.5ms</bind>
</app>
<app>
  <id>App100</id>
<comp>
  <id>Comp:100-1-0</id>
  <CPU>0.778Gf</CPU>
  <RAM>0.346GB</RAM>
  <DISK>0.27GB</DISK>
</comp>
<comp>
  <id>Comp:100-1-1</id>
  <CPU>0.778Gf</CPU>
  <RAM>0.346GB</RAM>
  <DISK>0.27GB</DISK>
</comp>
<comp>
  <id>Comp:100-2-0</id>
  <CPU>0.669Gf</CPU>
  <RAM>0.205GB</RAM>
  <DISK>1.51GB</DISK>
</comp>
<comp>
  <id>Comp:100-3-0</id>
  <CPU>0.978Gf</CPU>
  <RAM>0.236GB</RAM>
  <DISK>1.05GB</DISK>
</comp>
<comp>
  <id>Comp:100-3-1</id>
  <CPU>0.978Gf</CPU>
  <RAM>0.236GB</RAM>
  <DISK>1.05GB</DISK>
</comp>
<comp>
  <id>Comp:100-3-2</id>
  <CPU>0.978Gf</CPU>
  <RAM>0.236GB</RAM>
  <DISK>1.05GB</DISK>
</comp>
<comp>
  <id>Comp:100-4-0</id>
  <CPU>0.931Gf</CPU>
  <RAM>0.743GB</RAM>
  <DISK>1.8GB</DISK>
</comp>
<comp>
  <id>Comp:100-4-1</id>
  <CPU>0.931Gf</CPU>
  <RAM>0.743GB</RAM>
  <DISK>1.8GB</DISK>
</comp>
<comp>
  <id>Comp:100-4-2</id>
  <CPU>0.931Gf</CPU>
  <RAM>0.743GB</RAM>
  <DISK>1.8GB</DISK>
</comp>
<comp>
  <id>Comp:100-5-0</id>
  <CPU>0.194Gf</CPU>
  <RAM>0.402GB</RAM>
  <DISK>1.69GB</DISK>
</comp>
<comp>
  <id>Comp:100-5-1</id>
  <CPU>0.194Gf</CPU>
  <RAM>0.402GB</RAM>
  <DISK>1.69GB</DISK>
</comp>
<comp>
  <id>Comp:100-5-2</id>
  <CPU>0.194Gf</CPU>
  <RAM>0.402GB</RAM>
  <DISK>1.69GB</DISK>
</comp>
<comp>
  <id>Comp:100-5-3</id>
  <CPU>0.194Gf</CPU>
  <RAM>0.402GB</RAM>
  <DISK>1.69GB</DISK>
</comp>
<comp>
  <id>Comp:100-5-4</id>
  <CPU>0.194Gf</CPU>
  <RAM>0.402GB</RAM>
  <DISK>1.69GB</DISK>
</comp>
<comp>
  <id>Comp:100-5-5</id>
  <CPU>0.194Gf</CPU>
  <RAM>0.402GB</RAM>
  <DISK>1.69GB</DISK>
</comp>
<comp>
  <id>Comp:100-5-6</id>
  <CPU>0.194Gf</CPU>
  <RAM>0.402GB</RAM>
  <DISK>1.69GB</DISK>
</comp>
<comp>
  <id>Comp:100-5-7</id>
  <CPU>0.194Gf</CPU>
  <RAM>0.402GB</RAM>
  <DISK>1.69GB</DISK>
</comp>
<comp>
  <id>Comp:100-6-0</id>
  <CPU>0.374Gf</CPU>
  <RAM>0.211GB</RAM>
  <DISK>1.12GB</DISK>
</comp>
<comp>
  <id>Comp:100-6-1</id>
  <CPU>0.374Gf</CPU>
  <RAM>0.211GB</RAM>
  <DISK>1.12GB</DISK>
</comp>
<comp>
  <id>Comp:100-6-2</id>
  <CPU>0.374Gf</CPU>
  <RAM>0.211GB</RAM>
  <DISK>1.12GB</DISK>
</comp>
<comp>
  <id>Comp:100-6-3</id>
  <CPU>0.374Gf</CPU>
  <RAM>0.211GB</RAM>
  <DISK>1.12GB</DISK>
</comp>
<comp>
  <id>Comp:100-6-4</id>
  <CPU>0.374Gf</CPU>
  <RAM>0.211GB</RAM>
  <DISK>1.12GB</DISK>
</comp>
<comp>
  <id>Comp:100-6-5</id>
  <CPU>0.374Gf</CPU>
  <RAM>0.211GB</RAM>
  <DISK>1.12GB</DISK>
</comp>
<comp>
  <id>Comp:100-6-6</id>
  <CPU>0.374Gf</CPU>
  <RAM>0.211GB</RAM>
  <DISK>1.12GB</DISK>
</comp>
<comp>
  <id>Comp:100-6-7</id>
  <CPU>0.374Gf</CPU>
  <RAM>0.211GB</RAM>
  <DISK>1.12GB</DISK>
</comp>
<comp>
  <id>Comp:100-6-8</id>
  <CPU>0.374Gf</CPU>
  <RAM>0.211GB</RAM>
  <DISK>1.12GB</DISK>
</comp>
  <bind>Comp:100-1-0 Appliance-308 0.731MBps 26.4ms</bind>
  <bind>Appliance-308 Comp:100-1-0 0.731MBps 26.4ms</bind>
  <bind>Comp:100-1-1 Appliance-321 0.731MBps 26.4ms</bind>
  <bind>Appliance-321 Comp:100-1-1 0.731MBps 26.4ms</bind>
  <bind>Comp:100-1-0 Appliance-24 0.731MBps 26.4ms</bind>
  <bind>Appliance-24 Comp:100-1-0 0.731MBps 26.4ms</bind>
  <bind>Comp:100-1-1 Appliance-385 0.731MBps 26.4ms</bind>
  <bind>Appliance-385 Comp:100-1-1 0.731MBps 26.4ms</bind>
  <bind>Comp:100-1-0 Appliance-419 0.731MBps 26.4ms</bind>
  <bind>Appliance-419 Comp:100-1-0 0.731MBps 26.4ms</bind>
  <bind>Comp:100-2-0 Comp:100-1-0 0.0897MBps 40.6ms</bind>
  <bind>Comp:100-1-0 Comp:100-2-0 0.0897MBps 40.6ms</bind>
  <bind>Comp:100-2-0 Comp:100-1-1 0.0897MBps 40.6ms</bind>
  <bind>Comp:100-1-1 Comp:100-2-0 0.0897MBps 40.6ms</bind>
  <bind>Comp:100-3-0 Comp:100-2-0 0.517MBps 38.8ms</bind>
  <bind>Comp:100-2-0 Comp:100-3-0 0.517MBps 38.8ms</bind>
  <bind>Comp:100-3-1 Comp:100-2-0 0.517MBps 38.8ms</bind>
  <bind>Comp:100-2-0 Comp:100-3-1 0.517MBps 38.8ms</bind>
  <bind>Comp:100-3-2 Comp:100-2-0 0.517MBps 38.8ms</bind>
  <bind>Comp:100-2-0 Comp:100-3-2 0.517MBps 38.8ms</bind>
  <bind>Comp:100-4-0 Comp:100-3-0 0.826MBps 37.6ms</bind>
  <bind>Comp:100-3-0 Comp:100-4-0 0.826MBps 37.6ms</bind>
  <bind>Comp:100-4-1 Comp:100-3-1 0.826MBps 37.6ms</bind>
  <bind>Comp:100-3-1 Comp:100-4-1 0.826MBps 37.6ms</bind>
  <bind>Comp:100-4-2 Comp:100-3-2 0.826MBps 37.6ms</bind>
  <bind>Comp:100-3-2 Comp:100-4-2 0.826MBps 37.6ms</bind>
  <bind>Comp:100-5-0 Comp:100-4-0 0.255MBps 45.3ms</bind>
  <bind>Comp:100-4-0 Comp:100-5-0 0.255MBps 45.3ms</bind>
  <bind>Comp:100-5-1 Comp:100-4-1 0.255MBps 45.3ms</bind>
  <bind>Comp:100-4-1 Comp:100-5-1 0.255MBps 45.3ms</bind>
  <bind>Comp:100-5-2 Comp:100-4-2 0.255MBps 45.3ms</bind>
  <bind>Comp:100-4-2 Comp:100-5-2 0.255MBps 45.3ms</bind>
  <bind>Comp:100-5-3 Comp:100-4-0 0.255MBps 45.3ms</bind>
  <bind>Comp:100-4-0 Comp:100-5-3 0.255MBps 45.3ms</bind>
  <bind>Comp:100-5-4 Comp:100-4-1 0.255MBps 45.3ms</bind>
  <bind>Comp:100-4-1 Comp:100-5-4 0.255MBps 45.3ms</bind>
  <bind>Comp:100-5-5 Comp:100-4-2 0.255MBps 45.3ms</bind>
  <bind>Comp:100-4-2 Comp:100-5-5 0.255MBps 45.3ms</bind>
  <bind>Comp:100-5-6 Comp:100-4-0 0.255MBps 45.3ms</bind>
  <bind>Comp:100-4-0 Comp:100-5-6 0.255MBps 45.3ms</bind>
  <bind>Comp:100-5-7 Comp:100-4-1 0.255MBps 45.3ms</bind>
  <bind>Comp:100-4-1 Comp:100-5-7 0.255MBps 45.3ms</bind>
  <bind>Comp:100-5-0 Comp:100-6-0 0.759MBps 36.6ms</bind>
  <bind>Comp:100-6-0 Comp:100-5-0 0.759MBps 36.6ms</bind>
  <bind>Comp:100-5-1 Comp:100-6-1 0.759MBps 36.6ms</bind>
  <bind>Comp:100-6-1 Comp:100-5-1 0.759MBps 36.6ms</bind>
  <bind>Comp:100-5-2 Comp:100-6-2 0.759MBps 36.6ms</bind>
  <bind>Comp:100-6-2 Comp:100-5-2 0.759MBps 36.6ms</bind>
  <bind>Comp:100-5-3 Comp:100-6-3 0.759MBps 36.6ms</bind>
  <bind>Comp:100-6-3 Comp:100-5-3 0.759MBps 36.6ms</bind>
  <bind>Comp:100-5-4 Comp:100-6-4 0.759MBps 36.6ms</bind>
  <bind>Comp:100-6-4 Comp:100-5-4 0.759MBps 36.6ms</bind>
  <bind>Comp:100-5-5 Comp:100-6-5 0.759MBps 36.6ms</bind>
  <bind>Comp:100-6-5 Comp:100-5-5 0.759MBps 36.6ms</bind>
  <bind>Comp:100-5-6 Comp:100-6-6 0.759MBps 36.6ms</bind>
  <bind>Comp:100-6-6 Comp:100-5-6 0.759MBps 36.6ms</bind>
  <bind>Comp:100-5-7 Comp:100-6-7 0.759MBps 36.6ms</bind>
  <bind>Comp:100-6-7 Comp:100-5-7 0.759MBps 36.6ms</bind>
  <bind>Comp:100-5-0 Comp:100-6-8 0.759MBps 36.6ms</bind>
  <bind>Comp:100-6-8 Comp:100-5-0 0.759MBps 36.6ms</bind>
</app>
<app>
  <id>App11</id>
<comp>
  <id>Comp:11-1-0</id>
  <CPU>0.65Gf</CPU>
  <RAM>0.292GB</RAM>
  <DISK>1.49GB</DISK>
</comp>
<comp>
  <id>Comp:11-1-1</id>
  <CPU>0.65Gf</CPU>
  <RAM>0.292GB</RAM>
  <DISK>1.49GB</DISK>
</comp>
<comp>
  <id>Comp:11-1-2</id>
  <CPU>0.65Gf</CPU>
  <RAM>0.292GB</RAM>
  <DISK>1.49GB</DISK>
</comp>
<comp>
  <id>Comp:11-1-3</id>
  <CPU>0.65Gf</CPU>
  <RAM>0.292GB</RAM>
  <DISK>1.49GB</DISK>
</comp>
<comp>
  <id>Comp:11-2-0</id>
  <CPU>0.365Gf</CPU>
  <RAM>0.301GB</RAM>
  <DISK>0.857GB</DISK>
</comp>
<comp>
  <id>Comp:11-2-1</id>
  <CPU>0.365Gf</CPU>
  <RAM>0.301GB</RAM>
  <DISK>0.857GB</DISK>
</comp>
<comp>
  <id>Comp:11-2-2</id>
  <CPU>0.365Gf</CPU>
  <RAM>0.301GB</RAM>
  <DISK>0.857GB</DISK>
</comp>
<comp>
  <id>Comp:11-2-3</id>
  <CPU>0.365Gf</CPU>
  <RAM>0.301GB</RAM>
  <DISK>0.857GB</DISK>
</comp>
<comp>
  <id>Comp:11-2-4</id>
  <CPU>0.365Gf</CPU>
  <RAM>0.301GB</RAM>
  <DISK>0.857GB</DISK>
</comp>
<comp>
  <id>Comp:11-2-5</id>
  <CPU>0.365Gf</CPU>
  <RAM>0.301GB</RAM>
  <DISK>0.857GB</DISK>
</comp>
<comp>
  <id>Comp:11-2-6</id>
  <CPU>0.365Gf</CPU>
  <RAM>0.301GB</RAM>
  <DISK>0.857GB</DISK>
</comp>
<comp>
  <id>Comp:11-2-7</id>
  <CPU>0.365Gf</CPU>
  <RAM>0.301GB</RAM>
  <DISK>0.857GB</DISK>
</comp>
<comp>
  <id>Comp:11-2-8</id>
  <CPU>0.365Gf</CPU>
  <RAM>0.301GB</RAM>
  <DISK>0.857GB</DISK>
</comp>
<comp>
  <id>Comp:11-3-0</id>
  <CPU>0.106Gf</CPU>
  <RAM>0.384GB</RAM>
  <DISK>1.32GB</DISK>
</comp>
<comp>
  <id>Comp:11-3-1</id>
  <CPU>0.106Gf</CPU>
  <RAM>0.384GB</RAM>
  <DISK>1.32GB</DISK>
</comp>
<comp>
  <id>Comp:11-3-2</id>
  <CPU>0.106Gf</CPU>
  <RAM>0.384GB</RAM>
  <DISK>1.32GB</DISK>
</comp>
<comp>
  <id>Comp:11-3-3</id>
  <CPU>0.106Gf</CPU>
  <RAM>0.384GB</RAM>
  <DISK>1.32GB</DISK>
</comp>
<comp>
  <id>Comp:11-3-4</id>
  <CPU>0.106Gf</CPU>
  <RAM>0.384GB</RAM>
  <DISK>1.32GB</DISK>
</comp>
<comp>
  <id>Comp:11-3-5</id>
  <CPU>0.106Gf</CPU>
  <RAM>0.384GB</RAM>
  <DISK>1.32GB</DISK>
</comp>
<comp>
  <id>Comp:11-4-0</id>
  <CPU>0.259Gf</CPU>
  <RAM>0.256GB</RAM>
  <DISK>0.858GB</DISK>
</comp>
  <bind>Comp:11-1-0 Appliance-295 0.0377MBps 39.3ms</bind>
  <bind>Appliance-295 Comp:11-1-0 0.0377MBps 39.3ms</bind>
  <bind>Comp:11-1-1 Appliance-64 0.0377MBps 39.3ms</bind>
  <bind>Appliance-64 Comp:11-1-1 0.0377MBps 39.3ms</bind>
  <bind>Comp:11-1-2 Appliance-205 0.0377MBps 39.3ms</bind>
  <bind>Appliance-205 Comp:11-1-2 0.0377MBps 39.3ms</bind>
  <bind>Comp:11-1-3 Appliance-12 0.0377MBps 39.3ms</bind>
  <bind>Appliance-12 Comp:11-1-3 0.0377MBps 39.3ms</bind>
  <bind>Comp:11-2-0 Comp:11-1-0 0.645MBps 31.6ms</bind>
  <bind>Comp:11-1-0 Comp:11-2-0 0.645MBps 31.6ms</bind>
  <bind>Comp:11-2-1 Comp:11-1-1 0.645MBps 31.6ms</bind>
  <bind>Comp:11-1-1 Comp:11-2-1 0.645MBps 31.6ms</bind>
  <bind>Comp:11-2-2 Comp:11-1-2 0.645MBps 31.6ms</bind>
  <bind>Comp:11-1-2 Comp:11-2-2 0.645MBps 31.6ms</bind>
  <bind>Comp:11-2-3 Comp:11-1-3 0.645MBps 31.6ms</bind>
  <bind>Comp:11-1-3 Comp:11-2-3 0.645MBps 31.6ms</bind>
  <bind>Comp:11-2-4 Comp:11-1-0 0.645MBps 31.6ms</bind>
  <bind>Comp:11-1-0 Comp:11-2-4 0.645MBps 31.6ms</bind>
  <bind>Comp:11-2-5 Comp:11-1-1 0.645MBps 31.6ms</bind>
  <bind>Comp:11-1-1 Comp:11-2-5 0.645MBps 31.6ms</bind>
  <bind>Comp:11-2-6 Comp:11-1-2 0.645MBps 31.6ms</bind>
  <bind>Comp:11-1-2 Comp:11-2-6 0.645MBps 31.6ms</bind>
  <bind>Comp:11-2-7 Comp:11-1-3 0.645MBps 31.6ms</bind>
  <bind>Comp:11-1-3 Comp:11-2-7 0.645MBps 31.6ms</bind>
  <bind>Comp:11-2-8 Comp:11-1-0 0.645MBps 31.6ms</bind>
  <bind>Comp:11-1-0 Comp:11-2-8 0.645MBps 31.6ms</bind>
  <bind>Comp:11-3-0 Comp:11-2-0 0.0487MBps 30.0ms</bind>
  <bind>Comp:11-2-0 Comp:11-3-0 0.0487MBps 30.0ms</bind>
  <bind>Comp:11-3-1 Comp:11-2-1 0.0487MBps 30.0ms</bind>
  <bind>Comp:11-2-1 Comp:11-3-1 0.0487MBps 30.0ms</bind>
  <bind>Comp:11-3-2 Comp:11-2-2 0.0487MBps 30.0ms</bind>
  <bind>Comp:11-2-2 Comp:11-3-2 0.0487MBps 30.0ms</bind>
  <bind>Comp:11-3-3 Comp:11-2-3 0.0487MBps 30.0ms</bind>
  <bind>Comp:11-2-3 Comp:11-3-3 0.0487MBps 30.0ms</bind>
  <bind>Comp:11-3-4 Comp:11-2-4 0.0487MBps 30.0ms</bind>
  <bind>Comp:11-2-4 Comp:11-3-4 0.0487MBps 30.0ms</bind>
  <bind>Comp:11-3-5 Comp:11-2-5 0.0487MBps 30.0ms</bind>
  <bind>Comp:11-2-5 Comp:11-3-5 0.0487MBps 30.0ms</bind>
  <bind>Comp:11-3-0 Comp:11-2-6 0.0487MBps 30.0ms</bind>
  <bind>Comp:11-2-6 Comp:11-3-0 0.0487MBps 30.0ms</bind>
  <bind>Comp:11-3-1 Comp:11-2-7 0.0487MBps 30.0ms</bind>
  <bind>Comp:11-2-7 Comp:11-3-1 0.0487MBps 30.0ms</bind>
  <bind>Comp:11-3-2 Comp:11-2-8 0.0487MBps 30.0ms</bind>
  <bind>Comp:11-2-8 Comp:11-3-2 0.0487MBps 30.0ms</bind>
  <bind>Comp:11-4-0 Comp:11-3-0 0.696MBps 28.5ms</bind>
  <bind>Comp:11-3-0 Comp:11-4-0 0.696MBps 28.5ms</bind>
  <bind>Comp:11-4-0 Comp:11-3-1 0.696MBps 28.5ms</bind>
  <bind>Comp:11-3-1 Comp:11-4-0 0.696MBps 28.5ms</bind>
  <bind>Comp:11-4-0 Comp:11-3-2 0.696MBps 28.5ms</bind>
  <bind>Comp:11-3-2 Comp:11-4-0 0.696MBps 28.5ms</bind>
  <bind>Comp:11-4-0 Comp:11-3-3 0.696MBps 28.5ms</bind>
  <bind>Comp:11-3-3 Comp:11-4-0 0.696MBps 28.5ms</bind>
  <bind>Comp:11-4-0 Comp:11-3-4 0.696MBps 28.5ms</bind>
  <bind>Comp:11-3-4 Comp:11-4-0 0.696MBps 28.5ms</bind>
  <bind>Comp:11-4-0 Comp:11-3-5 0.696MBps 28.5ms</bind>
  <bind>Comp:11-3-5 Comp:11-4-0 0.696MBps 28.5ms</bind>
  <bind>Comp:11-4-0 Appliance-146 0.393MBps 46.3ms</bind>
  <bind>Appliance-146 Comp:11-4-0 0.393MBps 46.3ms</bind>
  <bind>Comp:11-4-0 Appliance-315 0.393MBps 46.3ms</bind>
  <bind>Appliance-315 Comp:11-4-0 0.393MBps 46.3ms</bind>
  <bind>Comp:11-4-0 Appliance-39 0.393MBps 46.3ms</bind>
  <bind>Appliance-39 Comp:11-4-0 0.393MBps 46.3ms</bind>
  <bind>Comp:11-4-0 Appliance-429 0.393MBps 46.3ms</bind>
  <bind>Appliance-429 Comp:11-4-0 0.393MBps 46.3ms</bind>
  <bind>Comp:11-4-0 Appliance-200 0.393MBps 46.3ms</bind>
  <bind>Appliance-200 Comp:11-4-0 0.393MBps 46.3ms</bind>
  <bind>Comp:11-4-0 Appliance-39 0.393MBps 46.3ms</bind>
  <bind>Appliance-39 Comp:11-4-0 0.393MBps 46.3ms</bind>
  <bind>Comp:11-4-0 Appliance-423 0.393MBps 46.3ms</bind>
  <bind>Appliance-423 Comp:11-4-0 0.393MBps 46.3ms</bind>
  <bind>Comp:11-4-0 Appliance-144 0.393MBps 46.3ms</bind>
  <bind>Appliance-144 Comp:11-4-0 0.393MBps 46.3ms</bind>
  <bind>Comp:11-4-0 Appliance-260 0.393MBps 46.3ms</bind>
  <bind>Appliance-260 Comp:11-4-0 0.393MBps 46.3ms</bind>
  <bind>Comp:11-4-0 Appliance-280 0.393MBps 46.3ms</bind>
  <bind>Appliance-280 Comp:11-4-0 0.393MBps 46.3ms</bind>
</app>
</apps>
