<?xml version="1.0"?>
<apps>
<app>
  <id>App1</id>
<comp>
  <id>Comp:1-1-0</id>
  <CPU>0.251Gf</CPU>
  <RAM>0.747GB</RAM>
  <DISK>1.09GB</DISK>
</comp>
<comp>
  <id>Comp:1-1-1</id>
  <CPU>0.251Gf</CPU>
  <RAM>0.747GB</RAM>
  <DISK>1.09GB</DISK>
</comp>
<comp>
  <id>Comp:1-1-2</id>
  <CPU>0.251Gf</CPU>
  <RAM>0.747GB</RAM>
  <DISK>1.09GB</DISK>
</comp>
  <bind>Comp:1-1-0 Appliance-9 0.167MBps 47.0ms</bind>
  <bind>Appliance-9 Comp:1-1-0 0.167MBps 47.0ms</bind>
  <bind>Comp:1-1-1 Appliance-9 0.167MBps 47.0ms</bind>
  <bind>Appliance-9 Comp:1-1-1 0.167MBps 47.0ms</bind>
  <bind>Comp:1-1-2 Appliance-9 0.167MBps 47.0ms</bind>
  <bind>Appliance-9 Comp:1-1-2 0.167MBps 47.0ms</bind>
  <bind>Comp:1-1-0 Appliance-38 0.936MBps 33.7ms</bind>
  <bind>Appliance-38 Comp:1-1-0 0.936MBps 33.7ms</bind>
  <bind>Comp:1-1-1 Appliance-9 0.936MBps 33.7ms</bind>
  <bind>Appliance-9 Comp:1-1-1 0.936MBps 33.7ms</bind>
  <bind>Comp:1-1-2 Appliance-36 0.936MBps 33.7ms</bind>
  <bind>Appliance-36 Comp:1-1-2 0.936MBps 33.7ms</bind>
  <bind>Comp:1-1-0 Appliance-24 0.936MBps 33.7ms</bind>
  <bind>Appliance-24 Comp:1-1-0 0.936MBps 33.7ms</bind>
  <bind>Comp:1-1-1 Appliance-7 0.936MBps 33.7ms</bind>
  <bind>Appliance-7 Comp:1-1-1 0.936MBps 33.7ms</bind>
  <bind>Comp:1-1-2 Appliance-24 0.936MBps 33.7ms</bind>
  <bind>Appliance-24 Comp:1-1-2 0.936MBps 33.7ms</bind>
  <bind>Comp:1-1-0 Appliance-2 0.936MBps 33.7ms</bind>
  <bind>Appliance-2 Comp:1-1-0 0.936MBps 33.7ms</bind>
</app>
<app>
  <id>App10</id>
<comp>
  <id>Comp:10-0-0</id>
  <CPU>0.516Gf</CPU>
  <RAM>0.482GB</RAM>
  <DISK>0.564GB</DISK>
</comp>
<comp>
  <id>Comp:10-0-1</id>
  <CPU>0.516Gf</CPU>
  <RAM>0.482GB</RAM>
  <DISK>0.564GB</DISK>
</comp>
<comp>
  <id>Comp:10-0-2</id>
  <CPU>0.516Gf</CPU>
  <RAM>0.482GB</RAM>
  <DISK>0.564GB</DISK>
</comp>
<comp>
  <id>Comp:10-1-0</id>
  <CPU>0.816Gf</CPU>
  <RAM>0.134GB</RAM>
  <DISK>0.339GB</DISK>
</comp>
<comp>
  <id>Comp:10-1-1</id>
  <CPU>0.816Gf</CPU>
  <RAM>0.134GB</RAM>
  <DISK>0.339GB</DISK>
</comp>
<comp>
  <id>Comp:10-1-2</id>
  <CPU>0.816Gf</CPU>
  <RAM>0.134GB</RAM>
  <DISK>0.339GB</DISK>
</comp>
  <bind>Comp:10-1-0 Comp:10-0-0 0.865MBps 39.4ms</bind>
  <bind>Comp:10-0-0 Comp:10-1-0 0.865MBps 39.4ms</bind>
  <bind>Comp:10-1-1 Comp:10-0-1 0.865MBps 39.4ms</bind>
  <bind>Comp:10-0-1 Comp:10-1-1 0.865MBps 39.4ms</bind>
  <bind>Comp:10-1-2 Comp:10-0-2 0.865MBps 39.4ms</bind>
  <bind>Comp:10-0-2 Comp:10-1-2 0.865MBps 39.4ms</bind>
  <bind>Comp:10-1-0 Appliance-36 0.883MBps 26.4ms</bind>
  <bind>Appliance-36 Comp:10-1-0 0.883MBps 26.4ms</bind>
  <bind>Comp:10-1-1 Appliance-33 0.883MBps 26.4ms</bind>
  <bind>Appliance-33 Comp:10-1-1 0.883MBps 26.4ms</bind>
  <bind>Comp:10-1-2 Appliance-27 0.883MBps 26.4ms</bind>
  <bind>Appliance-27 Comp:10-1-2 0.883MBps 26.4ms</bind>
  <bind>Comp:10-1-0 Appliance-30 0.883MBps 26.4ms</bind>
  <bind>Appliance-30 Comp:10-1-0 0.883MBps 26.4ms</bind>
</app>
<app>
  <id>App11</id>
<comp>
  <id>Comp:11-1-0</id>
  <CPU>0.336Gf</CPU>
  <RAM>0.996GB</RAM>
  <DISK>0.793GB</DISK>
</comp>
<comp>
  <id>Comp:11-1-1</id>
  <CPU>0.336Gf</CPU>
  <RAM>0.996GB</RAM>
  <DISK>0.793GB</DISK>
</comp>
<comp>
  <id>Comp:11-1-2</id>
  <CPU>0.336Gf</CPU>
  <RAM>0.996GB</RAM>
  <DISK>0.793GB</DISK>
</comp>
<comp>
  <id>Comp:11-1-3</id>
  <CPU>0.336Gf</CPU>
  <RAM>0.996GB</RAM>
  <DISK>0.793GB</DISK>
</comp>
<comp>
  <id>Comp:11-1-4</id>
  <CPU>0.336Gf</CPU>
  <RAM>0.996GB</RAM>
  <DISK>0.793GB</DISK>
</comp>
<comp>
  <id>Comp:11-1-5</id>
  <CPU>0.336Gf</CPU>
  <RAM>0.996GB</RAM>
  <DISK>0.793GB</DISK>
</comp>
<comp>
  <id>Comp:11-1-6</id>
  <CPU>0.336Gf</CPU>
  <RAM>0.996GB</RAM>
  <DISK>0.793GB</DISK>
</comp>
<comp>
  <id>Comp:11-1-7</id>
  <CPU>0.336Gf</CPU>
  <RAM>0.996GB</RAM>
  <DISK>0.793GB</DISK>
</comp>
<comp>
  <id>Comp:11-1-8</id>
  <CPU>0.336Gf</CPU>
  <RAM>0.996GB</RAM>
  <DISK>0.793GB</DISK>
</comp>
<comp>
  <id>Comp:11-2-0</id>
  <CPU>0.315Gf</CPU>
  <RAM>0.807GB</RAM>
  <DISK>0.621GB</DISK>
</comp>
<comp>
  <id>Comp:11-2-1</id>
  <CPU>0.315Gf</CPU>
  <RAM>0.807GB</RAM>
  <DISK>0.621GB</DISK>
</comp>
<comp>
  <id>Comp:11-2-2</id>
  <CPU>0.315Gf</CPU>
  <RAM>0.807GB</RAM>
  <DISK>0.621GB</DISK>
</comp>
  <bind>Comp:11-1-0 Appliance-2 0.859MBps 27.7ms</bind>
  <bind>Appliance-2 Comp:11-1-0 0.859MBps 27.7ms</bind>
  <bind>Comp:11-1-1 Appliance-2 0.859MBps 27.7ms</bind>
  <bind>Appliance-2 Comp:11-1-1 0.859MBps 27.7ms</bind>
  <bind>Comp:11-1-2 Appliance-2 0.859MBps 27.7ms</bind>
  <bind>Appliance-2 Comp:11-1-2 0.859MBps 27.7ms</bind>
  <bind>Comp:11-1-3 Appliance-2 0.859MBps 27.7ms</bind>
  <bind>Appliance-2 Comp:11-1-3 0.859MBps 27.7ms</bind>
  <bind>Comp:11-1-4 Appliance-2 0.859MBps 27.7ms</bind>
  <bind>Appliance-2 Comp:11-1-4 0.859MBps 27.7ms</bind>
  <bind>Comp:11-1-5 Appliance-2 0.859MBps 27.7ms</bind>
  <bind>Appliance-2 Comp:11-1-5 0.859MBps 27.7ms</bind>
  <bind>Comp:11-1-6 Appliance-2 0.859MBps 27.7ms</bind>
  <bind>Appliance-2 Comp:11-1-6 0.859MBps 27.7ms</bind>
  <bind>Comp:11-1-7 Appliance-2 0.859MBps 27.7ms</bind>
  <bind>Appliance-2 Comp:11-1-7 0.859MBps 27.7ms</bind>
  <bind>Comp:11-1-8 Appliance-2 0.859MBps 27.7ms</bind>
  <bind>Appliance-2 Comp:11-1-8 0.859MBps 27.7ms</bind>
  <bind>Comp:11-2-0 Comp:11-1-0 0.134MBps 29.0ms</bind>
  <bind>Comp:11-1-0 Comp:11-2-0 0.134MBps 29.0ms</bind>
  <bind>Comp:11-2-1 Comp:11-1-1 0.134MBps 29.0ms</bind>
  <bind>Comp:11-1-1 Comp:11-2-1 0.134MBps 29.0ms</bind>
  <bind>Comp:11-2-2 Comp:11-1-2 0.134MBps 29.0ms</bind>
  <bind>Comp:11-1-2 Comp:11-2-2 0.134MBps 29.0ms</bind>
  <bind>Comp:11-2-0 Comp:11-1-3 0.134MBps 29.0ms</bind>
  <bind>Comp:11-1-3 Comp:11-2-0 0.134MBps 29.0ms</bind>
  <bind>Comp:11-2-1 Comp:11-1-4 0.134MBps 29.0ms</bind>
  <bind>Comp:11-1-4 Comp:11-2-1 0.134MBps 29.0ms</bind>
  <bind>Comp:11-2-2 Comp:11-1-5 0.134MBps 29.0ms</bind>
  <bind>Comp:11-1-5 Comp:11-2-2 0.134MBps 29.0ms</bind>
  <bind>Comp:11-2-0 Comp:11-1-6 0.134MBps 29.0ms</bind>
  <bind>Comp:11-1-6 Comp:11-2-0 0.134MBps 29.0ms</bind>
  <bind>Comp:11-2-1 Comp:11-1-7 0.134MBps 29.0ms</bind>
  <bind>Comp:11-1-7 Comp:11-2-1 0.134MBps 29.0ms</bind>
  <bind>Comp:11-2-2 Comp:11-1-8 0.134MBps 29.0ms</bind>
  <bind>Comp:11-1-8 Comp:11-2-2 0.134MBps 29.0ms</bind>
  <bind>Comp:11-2-0 Appliance-25 0.0803MBps 46.6ms</bind>
  <bind>Appliance-25 Comp:11-2-0 0.0803MBps 46.6ms</bind>
  <bind>Comp:11-2-1 Appliance-25 0.0803MBps 46.6ms</bind>
  <bind>Appliance-25 Comp:11-2-1 0.0803MBps 46.6ms</bind>
  <bind>Comp:11-2-2 Appliance-36 0.0803MBps 46.6ms</bind>
  <bind>Appliance-36 Comp:11-2-2 0.0803MBps 46.6ms</bind>
</app>
<app>
  <id>App12</id>
<comp>
  <id>Comp:12-0-0</id>
  <CPU>0.369Gf</CPU>
  <RAM>0.558GB</RAM>
  <DISK>1.98GB</DISK>
</comp>
<comp>
  <id>Comp:12-0-1</id>
  <CPU>0.369Gf</CPU>
  <RAM>0.558GB</RAM>
  <DISK>1.98GB</DISK>
</comp>
<comp>
  <id>Comp:12-0-2</id>
  <CPU>0.369Gf</CPU>
  <RAM>0.558GB</RAM>
  <DISK>1.98GB</DISK>
</comp>
<comp>
  <id>Comp:12-0-3</id>
  <CPU>0.369Gf</CPU>
  <RAM>0.558GB</RAM>
  <DISK>1.98GB</DISK>
</comp>
<comp>
  <id>Comp:12-0-4</id>
  <CPU>0.369Gf</CPU>
  <RAM>0.558GB</RAM>
  <DISK>1.98GB</DISK>
</comp>
<comp>
  <id>Comp:12-0-5</id>
  <CPU>0.369Gf</CPU>
  <RAM>0.558GB</RAM>
  <DISK>1.98GB</DISK>
</comp>
<comp>
  <id>Comp:12-0-6</id>
  <CPU>0.369Gf</CPU>
  <RAM>0.558GB</RAM>
  <DISK>1.98GB</DISK>
</comp>
<comp>
  <id>Comp:12-0-7</id>
  <CPU>0.369Gf</CPU>
  <RAM>0.558GB</RAM>
  <DISK>1.98GB</DISK>
</comp>
<comp>
  <id>Comp:12-1-0</id>
  <CPU>0.681Gf</CPU>
  <RAM>0.59GB</RAM>
  <DISK>1.71GB</DISK>
</comp>
<comp>
  <id>Comp:12-2-0</id>
  <CPU>0.896Gf</CPU>
  <RAM>0.953GB</RAM>
  <DISK>0.304GB</DISK>
</comp>
<comp>
  <id>Comp:12-2-1</id>
  <CPU>0.896Gf</CPU>
  <RAM>0.953GB</RAM>
  <DISK>0.304GB</DISK>
</comp>
<comp>
  <id>Comp:12-2-2</id>
  <CPU>0.896Gf</CPU>
  <RAM>0.953GB</RAM>
  <DISK>0.304GB</DISK>
</comp>
<comp>
  <id>Comp:12-2-3</id>
  <CPU>0.896Gf</CPU>
  <RAM>0.953GB</RAM>
  <DISK>0.304GB</DISK>
</comp>
<comp>
  <id>Comp:12-2-4</id>
  <CPU>0.896Gf</CPU>
  <RAM>0.953GB</RAM>
  <DISK>0.304GB</DISK>
</comp>
<comp>
  <id>Comp:12-2-5</id>
  <CPU>0.896Gf</CPU>
  <RAM>0.953GB</RAM>
  <DISK>0.304GB</DISK>
</comp>
<comp>
  <id>Comp:12-2-6</id>
  <CPU>0.896Gf</CPU>
  <RAM>0.953GB</RAM>
  <DISK>0.304GB</DISK>
</comp>
<comp>
  <id>Comp:12-3-0</id>
  <CPU>0.821Gf</CPU>
  <RAM>0.394GB</RAM>
  <DISK>0.679GB</DISK>
</comp>
<comp>
  <id>Comp:12-3-1</id>
  <CPU>0.821Gf</CPU>
  <RAM>0.394GB</RAM>
  <DISK>0.679GB</DISK>
</comp>
<comp>
  <id>Comp:12-3-2</id>
  <CPU>0.821Gf</CPU>
  <RAM>0.394GB</RAM>
  <DISK>0.679GB</DISK>
</comp>
<comp>
  <id>Comp:12-3-3</id>
  <CPU>0.821Gf</CPU>
  <RAM>0.394GB</RAM>
  <DISK>0.679GB</DISK>
</comp>
<comp>
  <id>Comp:12-3-4</id>
  <CPU>0.821Gf</CPU>
  <RAM>0.394GB</RAM>
  <DISK>0.679GB</DISK>
</comp>
<comp>
  <id>Comp:12-3-5</id>
  <CPU>0.821Gf</CPU>
  <RAM>0.394GB</RAM>
  <DISK>0.679GB</DISK>
</comp>
<comp>
  <id>Comp:12-3-6</id>
  <CPU>0.821Gf</CPU>
  <RAM>0.394GB</RAM>
  <DISK>0.679GB</DISK>
</comp>
<comp>
  <id>Comp:12-3-7</id>
  <CPU>0.821Gf</CPU>
  <RAM>0.394GB</RAM>
  <DISK>0.679GB</DISK>
</comp>
<comp>
  <id>Comp:12-3-8</id>
  <CPU>0.821Gf</CPU>
  <RAM>0.394GB</RAM>
  <DISK>0.679GB</DISK>
</comp>
<comp>
  <id>Comp:12-3-9</id>
  <CPU>0.821Gf</CPU>
  <RAM>0.394GB</RAM>
  <DISK>0.679GB</DISK>
</comp>
  <bind>Comp:12-1-0 Comp:12-0-0 0.0425MBps 33.1ms</bind>
  <bind>Comp:12-0-0 Comp:12-1-0 0.0425MBps 33.1ms</bind>
  <bind>Comp:12-1-0 Comp:12-0-1 0.0425MBps 33.1ms</bind>
  <bind>Comp:12-0-1 Comp:12-1-0 0.0425MBps 33.1ms</bind>
  <bind>Comp:12-1-0 Comp:12-0-2 0.0425MBps 33.1ms</bind>
  <bind>Comp:12-0-2 Comp:12-1-0 0.0425MBps 33.1ms</bind>
  <bind>Comp:12-1-0 Comp:12-0-3 0.0425MBps 33.1ms</bind>
  <bind>Comp:12-0-3 Comp:12-1-0 0.0425MBps 33.1ms</bind>
  <bind>Comp:12-1-0 Comp:12-0-4 0.0425MBps 33.1ms</bind>
  <bind>Comp:12-0-4 Comp:12-1-0 0.0425MBps 33.1ms</bind>
  <bind>Comp:12-1-0 Comp:12-0-5 0.0425MBps 33.1ms</bind>
  <bind>Comp:12-0-5 Comp:12-1-0 0.0425MBps 33.1ms</bind>
  <bind>Comp:12-1-0 Comp:12-0-6 0.0425MBps 33.1ms</bind>
  <bind>Comp:12-0-6 Comp:12-1-0 0.0425MBps 33.1ms</bind>
  <bind>Comp:12-1-0 Comp:12-0-7 0.0425MBps 33.1ms</bind>
  <bind>Comp:12-0-7 Comp:12-1-0 0.0425MBps 33.1ms</bind>
  <bind>Comp:12-2-0 Comp:12-1-0 0.373MBps 42.5ms</bind>
  <bind>Comp:12-1-0 Comp:12-2-0 0.373MBps 42.5ms</bind>
  <bind>Comp:12-2-1 Comp:12-1-0 0.373MBps 42.5ms</bind>
  <bind>Comp:12-1-0 Comp:12-2-1 0.373MBps 42.5ms</bind>
  <bind>Comp:12-2-2 Comp:12-1-0 0.373MBps 42.5ms</bind>
  <bind>Comp:12-1-0 Comp:12-2-2 0.373MBps 42.5ms</bind>
  <bind>Comp:12-2-3 Comp:12-1-0 0.373MBps 42.5ms</bind>
  <bind>Comp:12-1-0 Comp:12-2-3 0.373MBps 42.5ms</bind>
  <bind>Comp:12-2-4 Comp:12-1-0 0.373MBps 42.5ms</bind>
  <bind>Comp:12-1-0 Comp:12-2-4 0.373MBps 42.5ms</bind>
  <bind>Comp:12-2-5 Comp:12-1-0 0.373MBps 42.5ms</bind>
  <bind>Comp:12-1-0 Comp:12-2-5 0.373MBps 42.5ms</bind>
  <bind>Comp:12-2-6 Comp:12-1-0 0.373MBps 42.5ms</bind>
  <bind>Comp:12-1-0 Comp:12-2-6 0.373MBps 42.5ms</bind>
  <bind>Comp:12-3-0 Comp:12-2-0 0.425MBps 37.0ms</bind>
  <bind>Comp:12-2-0 Comp:12-3-0 0.425MBps 37.0ms</bind>
  <bind>Comp:12-3-1 Comp:12-2-1 0.425MBps 37.0ms</bind>
  <bind>Comp:12-2-1 Comp:12-3-1 0.425MBps 37.0ms</bind>
  <bind>Comp:12-3-2 Comp:12-2-2 0.425MBps 37.0ms</bind>
  <bind>Comp:12-2-2 Comp:12-3-2 0.425MBps 37.0ms</bind>
  <bind>Comp:12-3-3 Comp:12-2-3 0.425MBps 37.0ms</bind>
  <bind>Comp:12-2-3 Comp:12-3-3 0.425MBps 37.0ms</bind>
  <bind>Comp:12-3-4 Comp:12-2-4 0.425MBps 37.0ms</bind>
  <bind>Comp:12-2-4 Comp:12-3-4 0.425MBps 37.0ms</bind>
  <bind>Comp:12-3-5 Comp:12-2-5 0.425MBps 37.0ms</bind>
  <bind>Comp:12-2-5 Comp:12-3-5 0.425MBps 37.0ms</bind>
  <bind>Comp:12-3-6 Comp:12-2-6 0.425MBps 37.0ms</bind>
  <bind>Comp:12-2-6 Comp:12-3-6 0.425MBps 37.0ms</bind>
  <bind>Comp:12-3-7 Comp:12-2-0 0.425MBps 37.0ms</bind>
  <bind>Comp:12-2-0 Comp:12-3-7 0.425MBps 37.0ms</bind>
  <bind>Comp:12-3-8 Comp:12-2-1 0.425MBps 37.0ms</bind>
  <bind>Comp:12-2-1 Comp:12-3-8 0.425MBps 37.0ms</bind>
  <bind>Comp:12-3-9 Comp:12-2-2 0.425MBps 37.0ms</bind>
  <bind>Comp:12-2-2 Comp:12-3-9 0.425MBps 37.0ms</bind>
  <bind>Comp:12-3-0 Appliance-28 0.806MBps 32.3ms</bind>
  <bind>Appliance-28 Comp:12-3-0 0.806MBps 32.3ms</bind>
  <bind>Comp:12-3-1 Appliance-24 0.806MBps 32.3ms</bind>
  <bind>Appliance-24 Comp:12-3-1 0.806MBps 32.3ms</bind>
  <bind>Comp:12-3-2 Appliance-25 0.806MBps 32.3ms</bind>
  <bind>Appliance-25 Comp:12-3-2 0.806MBps 32.3ms</bind>
  <bind>Comp:12-3-3 Appliance-36 0.806MBps 32.3ms</bind>
  <bind>Appliance-36 Comp:12-3-3 0.806MBps 32.3ms</bind>
  <bind>Comp:12-3-4 Appliance-39 0.806MBps 32.3ms</bind>
  <bind>Appliance-39 Comp:12-3-4 0.806MBps 32.3ms</bind>
  <bind>Comp:12-3-5 Appliance-35 0.806MBps 32.3ms</bind>
  <bind>Appliance-35 Comp:12-3-5 0.806MBps 32.3ms</bind>
  <bind>Comp:12-3-6 Appliance-14 0.806MBps 32.3ms</bind>
  <bind>Appliance-14 Comp:12-3-6 0.806MBps 32.3ms</bind>
  <bind>Comp:12-3-7 Appliance-28 0.806MBps 32.3ms</bind>
  <bind>Appliance-28 Comp:12-3-7 0.806MBps 32.3ms</bind>
  <bind>Comp:12-3-8 Appliance-24 0.806MBps 32.3ms</bind>
  <bind>Appliance-24 Comp:12-3-8 0.806MBps 32.3ms</bind>
  <bind>Comp:12-3-9 Appliance-25 0.806MBps 32.3ms</bind>
  <bind>Appliance-25 Comp:12-3-9 0.806MBps 32.3ms</bind>
</app>
<app>
  <id>App13</id>
<comp>
  <id>Comp:13-1-0</id>
  <CPU>0.773Gf</CPU>
  <RAM>0.252GB</RAM>
  <DISK>0.701GB</DISK>
</comp>
<comp>
  <id>Comp:13-1-1</id>
  <CPU>0.773Gf</CPU>
  <RAM>0.252GB</RAM>
  <DISK>0.701GB</DISK>
</comp>
<comp>
  <id>Comp:13-1-2</id>
  <CPU>0.773Gf</CPU>
  <RAM>0.252GB</RAM>
  <DISK>0.701GB</DISK>
</comp>
<comp>
  <id>Comp:13-1-3</id>
  <CPU>0.773Gf</CPU>
  <RAM>0.252GB</RAM>
  <DISK>0.701GB</DISK>
</comp>
<comp>
  <id>Comp:13-1-4</id>
  <CPU>0.773Gf</CPU>
  <RAM>0.252GB</RAM>
  <DISK>0.701GB</DISK>
</comp>
<comp>
  <id>Comp:13-1-5</id>
  <CPU>0.773Gf</CPU>
  <RAM>0.252GB</RAM>
  <DISK>0.701GB</DISK>
</comp>
<comp>
  <id>Comp:13-2-0</id>
  <CPU>0.875Gf</CPU>
  <RAM>0.908GB</RAM>
  <DISK>1.02GB</DISK>
</comp>
<comp>
  <id>Comp:13-2-1</id>
  <CPU>0.875Gf</CPU>
  <RAM>0.908GB</RAM>
  <DISK>1.02GB</DISK>
</comp>
<comp>
  <id>Comp:13-2-2</id>
  <CPU>0.875Gf</CPU>
  <RAM>0.908GB</RAM>
  <DISK>1.02GB</DISK>
</comp>
<comp>
  <id>Comp:13-2-3</id>
  <CPU>0.875Gf</CPU>
  <RAM>0.908GB</RAM>
  <DISK>1.02GB</DISK>
</comp>
<comp>
  <id>Comp:13-2-4</id>
  <CPU>0.875Gf</CPU>
  <RAM>0.908GB</RAM>
  <DISK>1.02GB</DISK>
</comp>
  <bind>Comp:13-1-0 Appliance-29 0.66MBps 45.1ms</bind>
  <bind>Appliance-29 Comp:13-1-0 0.66MBps 45.1ms</bind>
  <bind>Comp:13-1-1 Appliance-29 0.66MBps 45.1ms</bind>
  <bind>Appliance-29 Comp:13-1-1 0.66MBps 45.1ms</bind>
  <bind>Comp:13-1-2 Appliance-37 0.66MBps 45.1ms</bind>
  <bind>Appliance-37 Comp:13-1-2 0.66MBps 45.1ms</bind>
  <bind>Comp:13-1-3 Appliance-16 0.66MBps 45.1ms</bind>
  <bind>Appliance-16 Comp:13-1-3 0.66MBps 45.1ms</bind>
  <bind>Comp:13-1-4 Appliance-5 0.66MBps 45.1ms</bind>
  <bind>Appliance-5 Comp:13-1-4 0.66MBps 45.1ms</bind>
  <bind>Comp:13-1-5 Appliance-32 0.66MBps 45.1ms</bind>
  <bind>Appliance-32 Comp:13-1-5 0.66MBps 45.1ms</bind>
  <bind>Comp:13-2-0 Comp:13-1-0 0.635MBps 43.7ms</bind>
  <bind>Comp:13-1-0 Comp:13-2-0 0.635MBps 43.7ms</bind>
  <bind>Comp:13-2-1 Comp:13-1-1 0.635MBps 43.7ms</bind>
  <bind>Comp:13-1-1 Comp:13-2-1 0.635MBps 43.7ms</bind>
  <bind>Comp:13-2-2 Comp:13-1-2 0.635MBps 43.7ms</bind>
  <bind>Comp:13-1-2 Comp:13-2-2 0.635MBps 43.7ms</bind>
  <bind>Comp:13-2-3 Comp:13-1-3 0.635MBps 43.7ms</bind>
  <bind>Comp:13-1-3 Comp:13-2-3 0.635MBps 43.7ms</bind>
  <bind>Comp:13-2-4 Comp:13-1-4 0.635MBps 43.7ms</bind>
  <bind>Comp:13-1-4 Comp:13-2-4 0.635MBps 43.7ms</bind>
  <bind>Comp:13-2-0 Comp:13-1-5 0.635MBps 43.7ms</bind>
  <bind>Comp:13-1-5 Comp:13-2-0 0.635MBps 43.7ms</bind>
  <bind>Comp:13-2-0 Appliance-29 0.162MBps 40.3ms</bind>
  <bind>Appliance-29 Comp:13-2-0 0.162MBps 40.3ms</bind>
  <bind>Comp:13-2-1 Appliance-19 0.162MBps 40.3ms</bind>
  <bind>Appliance-19 Comp:13-2-1 0.162MBps 40.3ms</bind>
  <bind>Comp:13-2-2 Appliance-18 0.162MBps 40.3ms</bind>
  <bind>Appliance-18 Comp:13-2-2 0.162MBps 40.3ms</bind>
  <bind>Comp:13-2-3 Appliance-15 0.162MBps 40.3ms</bind>
  <bind>Appliance-15 Comp:13-2-3 0.162MBps 40.3ms</bind>
  <bind>Comp:13-2-4 Appliance-29 0.162MBps 40.3ms</bind>
  <bind>Appliance-29 Comp:13-2-4 0.162MBps 40.3ms</bind>
</app>
<app>
  <id>App14</id>
<comp>
  <id>Comp:14-0-0</id>
  <CPU>0.158Gf</CPU>
  <RAM>0.689GB</RAM>
  <DISK>0.33GB</DISK>
</comp>
<comp>
  <id>Comp:14-1-0</id>
  <CPU>0.953Gf</CPU>
  <RAM>0.638GB</RAM>
  <DISK>1.92GB</DISK>
</comp>
<comp>
  <id>Comp:14-1-1</id>
  <CPU>0.953Gf</CPU>
  <RAM>0.638GB</RAM>
  <DISK>1.92GB</DISK>
</comp>
<comp>
  <id>Comp:14-1-2</id>
  <CPU>0.953Gf</CPU>
  <RAM>0.638GB</RAM>
  <DISK>1.92GB</DISK>
</comp>
<comp>
  <id>Comp:14-1-3</id>
  <CPU>0.953Gf</CPU>
  <RAM>0.638GB</RAM>
  <DISK>1.92GB</DISK>
</comp>
<comp>
  <id>Comp:14-2-0</id>
  <CPU>0.399Gf</CPU>
  <RAM>0.545GB</RAM>
  <DISK>1.89GB</DISK>
</comp>
<comp>
  <id>Comp:14-2-1</id>
  <CPU>0.399Gf</CPU>
  <RAM>0.545GB</RAM>
  <DISK>1.89GB</DISK>
</comp>
<comp>
  <id>Comp:14-2-2</id>
  <CPU>0.399Gf</CPU>
  <RAM>0.545GB</RAM>
  <DISK>1.89GB</DISK>
</comp>
<comp>
  <id>Comp:14-2-3</id>
  <CPU>0.399Gf</CPU>
  <RAM>0.545GB</RAM>
  <DISK>1.89GB</DISK>
</comp>
<comp>
  <id>Comp:14-2-4</id>
  <CPU>0.399Gf</CPU>
  <RAM>0.545GB</RAM>
  <DISK>1.89GB</DISK>
</comp>
<comp>
  <id>Comp:14-3-0</id>
  <CPU>0.437Gf</CPU>
  <RAM>0.793GB</RAM>
  <DISK>1.56GB</DISK>
</comp>
<comp>
  <id>Comp:14-3-1</id>
  <CPU>0.437Gf</CPU>
  <RAM>0.793GB</RAM>
  <DISK>1.56GB</DISK>
</comp>
<comp>
  <id>Comp:14-3-2</id>
  <CPU>0.437Gf</CPU>
  <RAM>0.793GB</RAM>
  <DISK>1.56GB</DISK>
</comp>
<comp>
  <id>Comp:14-3-3</id>
  <CPU>0.437Gf</CPU>
  <RAM>0.793GB</RAM>
  <DISK>1.56GB</DISK>
</comp>
<comp>
  <id>Comp:14-3-4</id>
  <CPU>0.437Gf</CPU>
  <RAM>0.793GB</RAM>
  <DISK>1.56GB</DISK>
</comp>
<comp>
  <id>Comp:14-3-5</id>
  <CPU>0.437Gf</CPU>
  <RAM>0.793GB</RAM>
  <DISK>1.56GB</DISK>
</comp>
<comp>
  <id>Comp:14-3-6</id>
  <CPU>0.437Gf</CPU>
  <RAM>0.793GB</RAM>
  <DISK>1.56GB</DISK>
</comp>
<comp>
  <id>Comp:14-3-7</id>
  <CPU>0.437Gf</CPU>
  <RAM>0.793GB</RAM>
  <DISK>1.56GB</DISK>
</comp>
  <bind>Comp:14-1-0 Comp:14-0-0 0.787MBps 28.2ms</bind>
  <bind>Comp:14-0-0 Comp:14-1-0 0.787MBps 28.2ms</bind>
  <bind>Comp:14-1-1 Comp:14-0-0 0.787MBps 28.2ms</bind>
  <bind>Comp:14-0-0 Comp:14-1-1 0.787MBps 28.2ms</bind>
  <bind>Comp:14-1-2 Comp:14-0-0 0.787MBps 28.2ms</bind>
  <bind>Comp:14-0-0 Comp:14-1-2 0.787MBps 28.2ms</bind>
  <bind>Comp:14-1-3 Comp:14-0-0 0.787MBps 28.2ms</bind>
  <bind>Comp:14-0-0 Comp:14-1-3 0.787MBps 28.2ms</bind>
  <bind>Comp:14-2-0 Comp:14-1-0 0.696MBps 33.8ms</bind>
  <bind>Comp:14-1-0 Comp:14-2-0 0.696MBps 33.8ms</bind>
  <bind>Comp:14-2-1 Comp:14-1-1 0.696MBps 33.8ms</bind>
  <bind>Comp:14-1-1 Comp:14-2-1 0.696MBps 33.8ms</bind>
  <bind>Comp:14-2-2 Comp:14-1-2 0.696MBps 33.8ms</bind>
  <bind>Comp:14-1-2 Comp:14-2-2 0.696MBps 33.8ms</bind>
  <bind>Comp:14-2-3 Comp:14-1-3 0.696MBps 33.8ms</bind>
  <bind>Comp:14-1-3 Comp:14-2-3 0.696MBps 33.8ms</bind>
  <bind>Comp:14-2-4 Comp:14-1-0 0.696MBps 33.8ms</bind>
  <bind>Comp:14-1-0 Comp:14-2-4 0.696MBps 33.8ms</bind>
  <bind>Comp:14-3-0 Comp:14-2-0 0.976MBps 46.0ms</bind>
  <bind>Comp:14-2-0 Comp:14-3-0 0.976MBps 46.0ms</bind>
  <bind>Comp:14-3-1 Comp:14-2-1 0.976MBps 46.0ms</bind>
  <bind>Comp:14-2-1 Comp:14-3-1 0.976MBps 46.0ms</bind>
  <bind>Comp:14-3-2 Comp:14-2-2 0.976MBps 46.0ms</bind>
  <bind>Comp:14-2-2 Comp:14-3-2 0.976MBps 46.0ms</bind>
  <bind>Comp:14-3-3 Comp:14-2-3 0.976MBps 46.0ms</bind>
  <bind>Comp:14-2-3 Comp:14-3-3 0.976MBps 46.0ms</bind>
  <bind>Comp:14-3-4 Comp:14-2-4 0.976MBps 46.0ms</bind>
  <bind>Comp:14-2-4 Comp:14-3-4 0.976MBps 46.0ms</bind>
  <bind>Comp:14-3-5 Comp:14-2-0 0.976MBps 46.0ms</bind>
  <bind>Comp:14-2-0 Comp:14-3-5 0.976MBps 46.0ms</bind>
  <bind>Comp:14-3-6 Comp:14-2-1 0.976MBps 46.0ms</bind>
  <bind>Comp:14-2-1 Comp:14-3-6 0.976MBps 46.0ms</bind>
  <bind>Comp:14-3-7 Comp:14-2-2 0.976MBps 46.0ms</bind>
  <bind>Comp:14-2-2 Comp:14-3-7 0.976MBps 46.0ms</bind>
  <bind>Comp:14-3-0 Appliance-37 0.183MBps 42.9ms</bind>
  <bind>Appliance-37 Comp:14-3-0 0.183MBps 42.9ms</bind>
  <bind>Comp:14-3-1 Appliance-16 0.183MBps 42.9ms</bind>
  <bind>Appliance-16 Comp:14-3-1 0.183MBps 42.9ms</bind>
  <bind>Comp:14-3-2 Appliance-20 0.183MBps 42.9ms</bind>
  <bind>Appliance-20 Comp:14-3-2 0.183MBps 42.9ms</bind>
  <bind>Comp:14-3-3 Appliance-37 0.183MBps 42.9ms</bind>
  <bind>Appliance-37 Comp:14-3-3 0.183MBps 42.9ms</bind>
  <bind>Comp:14-3-4 Appliance-37 0.183MBps 42.9ms</bind>
  <bind>Appliance-37 Comp:14-3-4 0.183MBps 42.9ms</bind>
  <bind>Comp:14-3-5 Appliance-16 0.183MBps 42.9ms</bind>
  <bind>Appliance-16 Comp:14-3-5 0.183MBps 42.9ms</bind>
  <bind>Comp:14-3-6 Appliance-20 0.183MBps 42.9ms</bind>
  <bind>Appliance-20 Comp:14-3-6 0.183MBps 42.9ms</bind>
  <bind>Comp:14-3-7 Appliance-37 0.183MBps 42.9ms</bind>
  <bind>Appliance-37 Comp:14-3-7 0.183MBps 42.9ms</bind>
</app>
<app>
  <id>App15</id>
<comp>
  <id>Comp:15-1-0</id>
  <CPU>0.57Gf</CPU>
  <RAM>0.226GB</RAM>
  <DISK>2.0GB</DISK>
</comp>
<comp>
  <id>Comp:15-1-1</id>
  <CPU>0.57Gf</CPU>
  <RAM>0.226GB</RAM>
  <DISK>2.0GB</DISK>
</comp>
<comp>
  <id>Comp:15-2-0</id>
  <CPU>0.876Gf</CPU>
  <RAM>0.513GB</RAM>
  <DISK>0.864GB</DISK>
</comp>
<comp>
  <id>Comp:15-2-1</id>
  <CPU>0.876Gf</CPU>
  <RAM>0.513GB</RAM>
  <DISK>0.864GB</DISK>
</comp>
<comp>
  <id>Comp:15-2-2</id>
  <CPU>0.876Gf</CPU>
  <RAM>0.513GB</RAM>
  <DISK>0.864GB</DISK>
</comp>
<comp>
  <id>Comp:15-2-3</id>
  <CPU>0.876Gf</CPU>
  <RAM>0.513GB</RAM>
  <DISK>0.864GB</DISK>
</comp>
<comp>
  <id>Comp:15-2-4</id>
  <CPU>0.876Gf</CPU>
  <RAM>0.513GB</RAM>
  <DISK>0.864GB</DISK>
</comp>
<comp>
  <id>Comp:15-2-5</id>
  <CPU>0.876Gf</CPU>
  <RAM>0.513GB</RAM>
  <DISK>0.864GB</DISK>
</comp>
<comp>
  <id>Comp:15-2-6</id>
  <CPU>0.876Gf</CPU>
  <RAM>0.513GB</RAM>
  <DISK>0.864GB</DISK>
</comp>
<comp>
  <id>Comp:15-2-7</id>
  <CPU>0.876Gf</CPU>
  <RAM>0.513GB</RAM>
  <DISK>0.864GB</DISK>
</comp>
<comp>
  <id>Comp:15-2-8</id>
  <CPU>0.876Gf</CPU>
  <RAM>0.513GB</RAM>
  <DISK>0.864GB</DISK>
</comp>
<comp>
  <id>Comp:15-3-0</id>
  <CPU>0.772Gf</CPU>
  <RAM>0.465GB</RAM>
  <DISK>0.649GB</DISK>
</comp>
<comp>
  <id>Comp:15-3-1</id>
  <CPU>0.772Gf</CPU>
  <RAM>0.465GB</RAM>
  <DISK>0.649GB</DISK>
</comp>
<comp>
  <id>Comp:15-3-2</id>
  <CPU>0.772Gf</CPU>
  <RAM>0.465GB</RAM>
  <DISK>0.649GB</DISK>
</comp>
<comp>
  <id>Comp:15-3-3</id>
  <CPU>0.772Gf</CPU>
  <RAM>0.465GB</RAM>
  <DISK>0.649GB</DISK>
</comp>
<comp>
  <id>Comp:15-3-4</id>
  <CPU>0.772Gf</CPU>
  <RAM>0.465GB</RAM>
  <DISK>0.649GB</DISK>
</comp>
<comp>
  <id>Comp:15-3-5</id>
  <CPU>0.772Gf</CPU>
  <RAM>0.465GB</RAM>
  <DISK>0.649GB</DISK>
</comp>
<comp>
  <id>Comp:15-3-6</id>
  <CPU>0.772Gf</CPU>
  <RAM>0.465GB</RAM>
  <DISK>0.649GB</DISK>
</comp>
<comp>
  <id>Comp:15-3-7</id>
  <CPU>0.772Gf</CPU>
  <RAM>0.465GB</RAM>
  <DISK>0.649GB</DISK>
</comp>
<comp>
  <id>Comp:15-3-8</id>
  <CPU>0.772Gf</CPU>
  <RAM>0.465GB</RAM>
  <DISK>0.649GB</DISK>
</comp>
  <bind>Comp:15-1-0 Appliance-13 0.131MBps 30.1ms</bind>
  <bind>Appliance-13 Comp:15-1-0 0.131MBps 30.1ms</bind>
  <bind>Comp:15-1-1 Appliance-33 0.131MBps 30.1ms</bind>
  <bind>Appliance-33 Comp:15-1-1 0.131MBps 30.1ms</bind>
  <bind>Comp:15-1-0 Appliance-25 0.131MBps 30.1ms</bind>
  <bind>Appliance-25 Comp:15-1-0 0.131MBps 30.1ms</bind>
  <bind>Comp:15-1-1 Appliance-35 0.131MBps 30.1ms</bind>
  <bind>Appliance-35 Comp:15-1-1 0.131MBps 30.1ms</bind>
  <bind>Comp:15-2-0 Comp:15-1-0 0.65MBps 27.4ms</bind>
  <bind>Comp:15-1-0 Comp:15-2-0 0.65MBps 27.4ms</bind>
  <bind>Comp:15-2-1 Comp:15-1-1 0.65MBps 27.4ms</bind>
  <bind>Comp:15-1-1 Comp:15-2-1 0.65MBps 27.4ms</bind>
  <bind>Comp:15-2-2 Comp:15-1-0 0.65MBps 27.4ms</bind>
  <bind>Comp:15-1-0 Comp:15-2-2 0.65MBps 27.4ms</bind>
  <bind>Comp:15-2-3 Comp:15-1-1 0.65MBps 27.4ms</bind>
  <bind>Comp:15-1-1 Comp:15-2-3 0.65MBps 27.4ms</bind>
  <bind>Comp:15-2-4 Comp:15-1-0 0.65MBps 27.4ms</bind>
  <bind>Comp:15-1-0 Comp:15-2-4 0.65MBps 27.4ms</bind>
  <bind>Comp:15-2-5 Comp:15-1-1 0.65MBps 27.4ms</bind>
  <bind>Comp:15-1-1 Comp:15-2-5 0.65MBps 27.4ms</bind>
  <bind>Comp:15-2-6 Comp:15-1-0 0.65MBps 27.4ms</bind>
  <bind>Comp:15-1-0 Comp:15-2-6 0.65MBps 27.4ms</bind>
  <bind>Comp:15-2-7 Comp:15-1-1 0.65MBps 27.4ms</bind>
  <bind>Comp:15-1-1 Comp:15-2-7 0.65MBps 27.4ms</bind>
  <bind>Comp:15-2-8 Comp:15-1-0 0.65MBps 27.4ms</bind>
  <bind>Comp:15-1-0 Comp:15-2-8 0.65MBps 27.4ms</bind>
  <bind>Comp:15-3-0 Comp:15-2-0 0.287MBps 34.2ms</bind>
  <bind>Comp:15-2-0 Comp:15-3-0 0.287MBps 34.2ms</bind>
  <bind>Comp:15-3-1 Comp:15-2-1 0.287MBps 34.2ms</bind>
  <bind>Comp:15-2-1 Comp:15-3-1 0.287MBps 34.2ms</bind>
  <bind>Comp:15-3-2 Comp:15-2-2 0.287MBps 34.2ms</bind>
  <bind>Comp:15-2-2 Comp:15-3-2 0.287MBps 34.2ms</bind>
  <bind>Comp:15-3-3 Comp:15-2-3 0.287MBps 34.2ms</bind>
  <bind>Comp:15-2-3 Comp:15-3-3 0.287MBps 34.2ms</bind>
  <bind>Comp:15-3-4 Comp:15-2-4 0.287MBps 34.2ms</bind>
  <bind>Comp:15-2-4 Comp:15-3-4 0.287MBps 34.2ms</bind>
  <bind>Comp:15-3-5 Comp:15-2-5 0.287MBps 34.2ms</bind>
  <bind>Comp:15-2-5 Comp:15-3-5 0.287MBps 34.2ms</bind>
  <bind>Comp:15-3-6 Comp:15-2-6 0.287MBps 34.2ms</bind>
  <bind>Comp:15-2-6 Comp:15-3-6 0.287MBps 34.2ms</bind>
  <bind>Comp:15-3-7 Comp:15-2-7 0.287MBps 34.2ms</bind>
  <bind>Comp:15-2-7 Comp:15-3-7 0.287MBps 34.2ms</bind>
  <bind>Comp:15-3-8 Comp:15-2-8 0.287MBps 34.2ms</bind>
  <bind>Comp:15-2-8 Comp:15-3-8 0.287MBps 34.2ms</bind>
  <bind>Comp:15-3-0 Appliance-24 0.574MBps 37.6ms</bind>
  <bind>Appliance-24 Comp:15-3-0 0.574MBps 37.6ms</bind>
  <bind>Comp:15-3-1 Appliance-34 0.574MBps 37.6ms</bind>
  <bind>Appliance-34 Comp:15-3-1 0.574MBps 37.6ms</bind>
  <bind>Comp:15-3-2 Appliance-24 0.574MBps 37.6ms</bind>
  <bind>Appliance-24 Comp:15-3-2 0.574MBps 37.6ms</bind>
  <bind>Comp:15-3-3 Appliance-34 0.574MBps 37.6ms</bind>
  <bind>Appliance-34 Comp:15-3-3 0.574MBps 37.6ms</bind>
  <bind>Comp:15-3-4 Appliance-24 0.574MBps 37.6ms</bind>
  <bind>Appliance-24 Comp:15-3-4 0.574MBps 37.6ms</bind>
  <bind>Comp:15-3-5 Appliance-34 0.574MBps 37.6ms</bind>
  <bind>Appliance-34 Comp:15-3-5 0.574MBps 37.6ms</bind>
  <bind>Comp:15-3-6 Appliance-24 0.574MBps 37.6ms</bind>
  <bind>Appliance-24 Comp:15-3-6 0.574MBps 37.6ms</bind>
  <bind>Comp:15-3-7 Appliance-34 0.574MBps 37.6ms</bind>
  <bind>Appliance-34 Comp:15-3-7 0.574MBps 37.6ms</bind>
  <bind>Comp:15-3-8 Appliance-24 0.574MBps 37.6ms</bind>
  <bind>Appliance-24 Comp:15-3-8 0.574MBps 37.6ms</bind>
</app>
<app>
  <id>App16</id>
<comp>
  <id>Comp:16-1-0</id>
  <CPU>0.758Gf</CPU>
  <RAM>0.809GB</RAM>
  <DISK>1.06GB</DISK>
</comp>
<comp>
  <id>Comp:16-1-1</id>
  <CPU>0.758Gf</CPU>
  <RAM>0.809GB</RAM>
  <DISK>1.06GB</DISK>
</comp>
<comp>
  <id>Comp:16-1-2</id>
  <CPU>0.758Gf</CPU>
  <RAM>0.809GB</RAM>
  <DISK>1.06GB</DISK>
</comp>
<comp>
  <id>Comp:16-1-3</id>
  <CPU>0.758Gf</CPU>
  <RAM>0.809GB</RAM>
  <DISK>1.06GB</DISK>
</comp>
<comp>
  <id>Comp:16-1-4</id>
  <CPU>0.758Gf</CPU>
  <RAM>0.809GB</RAM>
  <DISK>1.06GB</DISK>
</comp>
<comp>
  <id>Comp:16-1-5</id>
  <CPU>0.758Gf</CPU>
  <RAM>0.809GB</RAM>
  <DISK>1.06GB</DISK>
</comp>
<comp>
  <id>Comp:16-1-6</id>
  <CPU>0.758Gf</CPU>
  <RAM>0.809GB</RAM>
  <DISK>1.06GB</DISK>
</comp>
<comp>
  <id>Comp:16-1-7</id>
  <CPU>0.758Gf</CPU>
  <RAM>0.809GB</RAM>
  <DISK>1.06GB</DISK>
</comp>
<comp>
  <id>Comp:16-2-0</id>
  <CPU>0.503Gf</CPU>
  <RAM>0.862GB</RAM>
  <DISK>1.4GB</DISK>
</comp>
<comp>
  <id>Comp:16-2-1</id>
  <CPU>0.503Gf</CPU>
  <RAM>0.862GB</RAM>
  <DISK>1.4GB</DISK>
</comp>
<comp>
  <id>Comp:16-2-2</id>
  <CPU>0.503Gf</CPU>
  <RAM>0.862GB</RAM>
  <DISK>1.4GB</DISK>
</comp>
<comp>
  <id>Comp:16-2-3</id>
  <CPU>0.503Gf</CPU>
  <RAM>0.862GB</RAM>
  <DISK>1.4GB</DISK>
</comp>
<comp>
  <id>Comp:16-2-4</id>
  <CPU>0.503Gf</CPU>
  <RAM>0.862GB</RAM>
  <DISK>1.4GB</DISK>
</comp>
<comp>
  <id>Comp:16-3-0</id>
  <CPU>0.221Gf</CPU>
  <RAM>0.552GB</RAM>
  <DISK>0.764GB</DISK>
</comp>
  <bind>Comp:16-1-0 Appliance-5 0.458MBps 34.0ms</bind>
  <bind>Appliance-5 Comp:16-1-0 0.458MBps 34.0ms</bind>
  <bind>Comp:16-1-1 Appliance-0 0.458MBps 34.0ms</bind>
  <bind>Appliance-0 Comp:16-1-1 0.458MBps 34.0ms</bind>
  <bind>Comp:16-1-2 Appliance-10 0.458MBps 34.0ms</bind>
  <bind>Appliance-10 Comp:16-1-2 0.458MBps 34.0ms</bind>
  <bind>Comp:16-1-3 Appliance-5 0.458MBps 34.0ms</bind>
  <bind>Appliance-5 Comp:16-1-3 0.458MBps 34.0ms</bind>
  <bind>Comp:16-1-4 Appliance-26 0.458MBps 34.0ms</bind>
  <bind>Appliance-26 Comp:16-1-4 0.458MBps 34.0ms</bind>
  <bind>Comp:16-1-5 Appliance-5 0.458MBps 34.0ms</bind>
  <bind>Appliance-5 Comp:16-1-5 0.458MBps 34.0ms</bind>
  <bind>Comp:16-1-6 Appliance-0 0.458MBps 34.0ms</bind>
  <bind>Appliance-0 Comp:16-1-6 0.458MBps 34.0ms</bind>
  <bind>Comp:16-1-7 Appliance-10 0.458MBps 34.0ms</bind>
  <bind>Appliance-10 Comp:16-1-7 0.458MBps 34.0ms</bind>
  <bind>Comp:16-2-0 Comp:16-1-0 0.551MBps 49.3ms</bind>
  <bind>Comp:16-1-0 Comp:16-2-0 0.551MBps 49.3ms</bind>
  <bind>Comp:16-2-1 Comp:16-1-1 0.551MBps 49.3ms</bind>
  <bind>Comp:16-1-1 Comp:16-2-1 0.551MBps 49.3ms</bind>
  <bind>Comp:16-2-2 Comp:16-1-2 0.551MBps 49.3ms</bind>
  <bind>Comp:16-1-2 Comp:16-2-2 0.551MBps 49.3ms</bind>
  <bind>Comp:16-2-3 Comp:16-1-3 0.551MBps 49.3ms</bind>
  <bind>Comp:16-1-3 Comp:16-2-3 0.551MBps 49.3ms</bind>
  <bind>Comp:16-2-4 Comp:16-1-4 0.551MBps 49.3ms</bind>
  <bind>Comp:16-1-4 Comp:16-2-4 0.551MBps 49.3ms</bind>
  <bind>Comp:16-2-0 Comp:16-1-5 0.551MBps 49.3ms</bind>
  <bind>Comp:16-1-5 Comp:16-2-0 0.551MBps 49.3ms</bind>
  <bind>Comp:16-2-1 Comp:16-1-6 0.551MBps 49.3ms</bind>
  <bind>Comp:16-1-6 Comp:16-2-1 0.551MBps 49.3ms</bind>
  <bind>Comp:16-2-2 Comp:16-1-7 0.551MBps 49.3ms</bind>
  <bind>Comp:16-1-7 Comp:16-2-2 0.551MBps 49.3ms</bind>
  <bind>Comp:16-2-0 Comp:16-3-0 0.866MBps 39.0ms</bind>
  <bind>Comp:16-3-0 Comp:16-2-0 0.866MBps 39.0ms</bind>
  <bind>Comp:16-2-1 Comp:16-3-0 0.866MBps 39.0ms</bind>
  <bind>Comp:16-3-0 Comp:16-2-1 0.866MBps 39.0ms</bind>
  <bind>Comp:16-2-2 Comp:16-3-0 0.866MBps 39.0ms</bind>
  <bind>Comp:16-3-0 Comp:16-2-2 0.866MBps 39.0ms</bind>
  <bind>Comp:16-2-3 Comp:16-3-0 0.866MBps 39.0ms</bind>
  <bind>Comp:16-3-0 Comp:16-2-3 0.866MBps 39.0ms</bind>
  <bind>Comp:16-2-4 Comp:16-3-0 0.866MBps 39.0ms</bind>
  <bind>Comp:16-3-0 Comp:16-2-4 0.866MBps 39.0ms</bind>
</app>
<app>
  <id>App17</id>
<comp>
  <id>Comp:17-0-0</id>
  <CPU>0.172Gf</CPU>
  <RAM>0.663GB</RAM>
  <DISK>1.1GB</DISK>
</comp>
<comp>
  <id>Comp:17-0-1</id>
  <CPU>0.172Gf</CPU>
  <RAM>0.663GB</RAM>
  <DISK>1.1GB</DISK>
</comp>
<comp>
  <id>Comp:17-1-0</id>
  <CPU>0.526Gf</CPU>
  <RAM>0.321GB</RAM>
  <DISK>0.834GB</DISK>
</comp>
<comp>
  <id>Comp:17-1-1</id>
  <CPU>0.526Gf</CPU>
  <RAM>0.321GB</RAM>
  <DISK>0.834GB</DISK>
</comp>
<comp>
  <id>Comp:17-1-2</id>
  <CPU>0.526Gf</CPU>
  <RAM>0.321GB</RAM>
  <DISK>0.834GB</DISK>
</comp>
<comp>
  <id>Comp:17-1-3</id>
  <CPU>0.526Gf</CPU>
  <RAM>0.321GB</RAM>
  <DISK>0.834GB</DISK>
</comp>
<comp>
  <id>Comp:17-1-4</id>
  <CPU>0.526Gf</CPU>
  <RAM>0.321GB</RAM>
  <DISK>0.834GB</DISK>
</comp>
<comp>
  <id>Comp:17-1-5</id>
  <CPU>0.526Gf</CPU>
  <RAM>0.321GB</RAM>
  <DISK>0.834GB</DISK>
</comp>
<comp>
  <id>Comp:17-2-0</id>
  <CPU>0.601Gf</CPU>
  <RAM>0.675GB</RAM>
  <DISK>1.08GB</DISK>
</comp>
<comp>
  <id>Comp:17-2-1</id>
  <CPU>0.601Gf</CPU>
  <RAM>0.675GB</RAM>
  <DISK>1.08GB</DISK>
</comp>
<comp>
  <id>Comp:17-2-2</id>
  <CPU>0.601Gf</CPU>
  <RAM>0.675GB</RAM>
  <DISK>1.08GB</DISK>
</comp>
<comp>
  <id>Comp:17-2-3</id>
  <CPU>0.601Gf</CPU>
  <RAM>0.675GB</RAM>
  <DISK>1.08GB</DISK>
</comp>
  <bind>Comp:17-1-0 Comp:17-0-0 0.0543MBps 38.1ms</bind>
  <bind>Comp:17-0-0 Comp:17-1-0 0.0543MBps 38.1ms</bind>
  <bind>Comp:17-1-1 Comp:17-0-1 0.0543MBps 38.1ms</bind>
  <bind>Comp:17-0-1 Comp:17-1-1 0.0543MBps 38.1ms</bind>
  <bind>Comp:17-1-2 Comp:17-0-0 0.0543MBps 38.1ms</bind>
  <bind>Comp:17-0-0 Comp:17-1-2 0.0543MBps 38.1ms</bind>
  <bind>Comp:17-1-3 Comp:17-0-1 0.0543MBps 38.1ms</bind>
  <bind>Comp:17-0-1 Comp:17-1-3 0.0543MBps 38.1ms</bind>
  <bind>Comp:17-1-4 Comp:17-0-0 0.0543MBps 38.1ms</bind>
  <bind>Comp:17-0-0 Comp:17-1-4 0.0543MBps 38.1ms</bind>
  <bind>Comp:17-1-5 Comp:17-0-1 0.0543MBps 38.1ms</bind>
  <bind>Comp:17-0-1 Comp:17-1-5 0.0543MBps 38.1ms</bind>
  <bind>Comp:17-2-0 Comp:17-1-0 0.652MBps 26.9ms</bind>
  <bind>Comp:17-1-0 Comp:17-2-0 0.652MBps 26.9ms</bind>
  <bind>Comp:17-2-1 Comp:17-1-1 0.652MBps 26.9ms</bind>
  <bind>Comp:17-1-1 Comp:17-2-1 0.652MBps 26.9ms</bind>
  <bind>Comp:17-2-2 Comp:17-1-2 0.652MBps 26.9ms</bind>
  <bind>Comp:17-1-2 Comp:17-2-2 0.652MBps 26.9ms</bind>
  <bind>Comp:17-2-3 Comp:17-1-3 0.652MBps 26.9ms</bind>
  <bind>Comp:17-1-3 Comp:17-2-3 0.652MBps 26.9ms</bind>
  <bind>Comp:17-2-0 Comp:17-1-4 0.652MBps 26.9ms</bind>
  <bind>Comp:17-1-4 Comp:17-2-0 0.652MBps 26.9ms</bind>
  <bind>Comp:17-2-1 Comp:17-1-5 0.652MBps 26.9ms</bind>
  <bind>Comp:17-1-5 Comp:17-2-1 0.652MBps 26.9ms</bind>
  <bind>Comp:17-2-0 Appliance-10 0.182MBps 43.0ms</bind>
  <bind>Appliance-10 Comp:17-2-0 0.182MBps 43.0ms</bind>
  <bind>Comp:17-2-1 Appliance-15 0.182MBps 43.0ms</bind>
  <bind>Appliance-15 Comp:17-2-1 0.182MBps 43.0ms</bind>
  <bind>Comp:17-2-2 Appliance-29 0.182MBps 43.0ms</bind>
  <bind>Appliance-29 Comp:17-2-2 0.182MBps 43.0ms</bind>
  <bind>Comp:17-2-3 Appliance-26 0.182MBps 43.0ms</bind>
  <bind>Appliance-26 Comp:17-2-3 0.182MBps 43.0ms</bind>
  <bind>Comp:17-2-0 Appliance-37 0.182MBps 43.0ms</bind>
  <bind>Appliance-37 Comp:17-2-0 0.182MBps 43.0ms</bind>
  <bind>Comp:17-2-1 Appliance-18 0.182MBps 43.0ms</bind>
  <bind>Appliance-18 Comp:17-2-1 0.182MBps 43.0ms</bind>
  <bind>Comp:17-2-2 Appliance-23 0.182MBps 43.0ms</bind>
  <bind>Appliance-23 Comp:17-2-2 0.182MBps 43.0ms</bind>
  <bind>Comp:17-2-3 Appliance-26 0.182MBps 43.0ms</bind>
  <bind>Appliance-26 Comp:17-2-3 0.182MBps 43.0ms</bind>
</app>
<app>
  <id>App18</id>
<comp>
  <id>Comp:18-0-0</id>
  <CPU>0.206Gf</CPU>
  <RAM>0.595GB</RAM>
  <DISK>0.528GB</DISK>
</comp>
<comp>
  <id>Comp:18-0-1</id>
  <CPU>0.206Gf</CPU>
  <RAM>0.595GB</RAM>
  <DISK>0.528GB</DISK>
</comp>
<comp>
  <id>Comp:18-1-0</id>
  <CPU>0.8Gf</CPU>
  <RAM>0.61GB</RAM>
  <DISK>1.23GB</DISK>
</comp>
<comp>
  <id>Comp:18-1-1</id>
  <CPU>0.8Gf</CPU>
  <RAM>0.61GB</RAM>
  <DISK>1.23GB</DISK>
</comp>
<comp>
  <id>Comp:18-1-2</id>
  <CPU>0.8Gf</CPU>
  <RAM>0.61GB</RAM>
  <DISK>1.23GB</DISK>
</comp>
<comp>
  <id>Comp:18-2-0</id>
  <CPU>0.35Gf</CPU>
  <RAM>0.928GB</RAM>
  <DISK>0.429GB</DISK>
</comp>
<comp>
  <id>Comp:18-2-1</id>
  <CPU>0.35Gf</CPU>
  <RAM>0.928GB</RAM>
  <DISK>0.429GB</DISK>
</comp>
<comp>
  <id>Comp:18-2-2</id>
  <CPU>0.35Gf</CPU>
  <RAM>0.928GB</RAM>
  <DISK>0.429GB</DISK>
</comp>
  <bind>Comp:18-1-0 Comp:18-0-0 0.936MBps 32.2ms</bind>
  <bind>Comp:18-0-0 Comp:18-1-0 0.936MBps 32.2ms</bind>
  <bind>Comp:18-1-1 Comp:18-0-1 0.936MBps 32.2ms</bind>
  <bind>Comp:18-0-1 Comp:18-1-1 0.936MBps 32.2ms</bind>
  <bind>Comp:18-1-2 Comp:18-0-0 0.936MBps 32.2ms</bind>
  <bind>Comp:18-0-0 Comp:18-1-2 0.936MBps 32.2ms</bind>
  <bind>Comp:18-2-0 Comp:18-1-0 0.0283MBps 35.8ms</bind>
  <bind>Comp:18-1-0 Comp:18-2-0 0.0283MBps 35.8ms</bind>
  <bind>Comp:18-2-1 Comp:18-1-1 0.0283MBps 35.8ms</bind>
  <bind>Comp:18-1-1 Comp:18-2-1 0.0283MBps 35.8ms</bind>
  <bind>Comp:18-2-2 Comp:18-1-2 0.0283MBps 35.8ms</bind>
  <bind>Comp:18-1-2 Comp:18-2-2 0.0283MBps 35.8ms</bind>
  <bind>Comp:18-2-0 Appliance-10 0.69MBps 36.8ms</bind>
  <bind>Appliance-10 Comp:18-2-0 0.69MBps 36.8ms</bind>
  <bind>Comp:18-2-1 Appliance-16 0.69MBps 36.8ms</bind>
  <bind>Appliance-16 Comp:18-2-1 0.69MBps 36.8ms</bind>
  <bind>Comp:18-2-2 Appliance-32 0.69MBps 36.8ms</bind>
  <bind>Appliance-32 Comp:18-2-2 0.69MBps 36.8ms</bind>
</app>
<app>
  <id>App19</id>
<comp>
  <id>Comp:19-0-0</id>
  <CPU>0.462Gf</CPU>
  <RAM>0.699GB</RAM>
  <DISK>0.85GB</DISK>
</comp>
<comp>
  <id>Comp:19-0-1</id>
  <CPU>0.462Gf</CPU>
  <RAM>0.699GB</RAM>
  <DISK>0.85GB</DISK>
</comp>
<comp>
  <id>Comp:19-0-2</id>
  <CPU>0.462Gf</CPU>
  <RAM>0.699GB</RAM>
  <DISK>0.85GB</DISK>
</comp>
<comp>
  <id>Comp:19-0-3</id>
  <CPU>0.462Gf</CPU>
  <RAM>0.699GB</RAM>
  <DISK>0.85GB</DISK>
</comp>
<comp>
  <id>Comp:19-1-0</id>
  <CPU>0.797Gf</CPU>
  <RAM>0.989GB</RAM>
  <DISK>0.487GB</DISK>
</comp>
<comp>
  <id>Comp:19-1-1</id>
  <CPU>0.797Gf</CPU>
  <RAM>0.989GB</RAM>
  <DISK>0.487GB</DISK>
</comp>
<comp>
  <id>Comp:19-1-2</id>
  <CPU>0.797Gf</CPU>
  <RAM>0.989GB</RAM>
  <DISK>0.487GB</DISK>
</comp>
<comp>
  <id>Comp:19-1-3</id>
  <CPU>0.797Gf</CPU>
  <RAM>0.989GB</RAM>
  <DISK>0.487GB</DISK>
</comp>
<comp>
  <id>Comp:19-2-0</id>
  <CPU>0.369Gf</CPU>
  <RAM>0.13GB</RAM>
  <DISK>1.02GB</DISK>
</comp>
<comp>
  <id>Comp:19-2-1</id>
  <CPU>0.369Gf</CPU>
  <RAM>0.13GB</RAM>
  <DISK>1.02GB</DISK>
</comp>
<comp>
  <id>Comp:19-2-2</id>
  <CPU>0.369Gf</CPU>
  <RAM>0.13GB</RAM>
  <DISK>1.02GB</DISK>
</comp>
<comp>
  <id>Comp:19-2-3</id>
  <CPU>0.369Gf</CPU>
  <RAM>0.13GB</RAM>
  <DISK>1.02GB</DISK>
</comp>
<comp>
  <id>Comp:19-2-4</id>
  <CPU>0.369Gf</CPU>
  <RAM>0.13GB</RAM>
  <DISK>1.02GB</DISK>
</comp>
<comp>
  <id>Comp:19-3-0</id>
  <CPU>0.561Gf</CPU>
  <RAM>0.416GB</RAM>
  <DISK>0.965GB</DISK>
</comp>
<comp>
  <id>Comp:19-3-1</id>
  <CPU>0.561Gf</CPU>
  <RAM>0.416GB</RAM>
  <DISK>0.965GB</DISK>
</comp>
<comp>
  <id>Comp:19-4-0</id>
  <CPU>0.244Gf</CPU>
  <RAM>0.271GB</RAM>
  <DISK>0.304GB</DISK>
</comp>
<comp>
  <id>Comp:19-4-1</id>
  <CPU>0.244Gf</CPU>
  <RAM>0.271GB</RAM>
  <DISK>0.304GB</DISK>
</comp>
<comp>
  <id>Comp:19-4-2</id>
  <CPU>0.244Gf</CPU>
  <RAM>0.271GB</RAM>
  <DISK>0.304GB</DISK>
</comp>
<comp>
  <id>Comp:19-4-3</id>
  <CPU>0.244Gf</CPU>
  <RAM>0.271GB</RAM>
  <DISK>0.304GB</DISK>
</comp>
<comp>
  <id>Comp:19-4-4</id>
  <CPU>0.244Gf</CPU>
  <RAM>0.271GB</RAM>
  <DISK>0.304GB</DISK>
</comp>
<comp>
  <id>Comp:19-4-5</id>
  <CPU>0.244Gf</CPU>
  <RAM>0.271GB</RAM>
  <DISK>0.304GB</DISK>
</comp>
<comp>
  <id>Comp:19-4-6</id>
  <CPU>0.244Gf</CPU>
  <RAM>0.271GB</RAM>
  <DISK>0.304GB</DISK>
</comp>
<comp>
  <id>Comp:19-5-0</id>
  <CPU>0.915Gf</CPU>
  <RAM>0.597GB</RAM>
  <DISK>1.27GB</DISK>
</comp>
  <bind>Comp:19-1-0 Comp:19-0-0 0.173MBps 32.5ms</bind>
  <bind>Comp:19-0-0 Comp:19-1-0 0.173MBps 32.5ms</bind>
  <bind>Comp:19-1-1 Comp:19-0-1 0.173MBps 32.5ms</bind>
  <bind>Comp:19-0-1 Comp:19-1-1 0.173MBps 32.5ms</bind>
  <bind>Comp:19-1-2 Comp:19-0-2 0.173MBps 32.5ms</bind>
  <bind>Comp:19-0-2 Comp:19-1-2 0.173MBps 32.5ms</bind>
  <bind>Comp:19-1-3 Comp:19-0-3 0.173MBps 32.5ms</bind>
  <bind>Comp:19-0-3 Comp:19-1-3 0.173MBps 32.5ms</bind>
  <bind>Comp:19-2-0 Comp:19-1-0 0.386MBps 46.8ms</bind>
  <bind>Comp:19-1-0 Comp:19-2-0 0.386MBps 46.8ms</bind>
  <bind>Comp:19-2-1 Comp:19-1-1 0.386MBps 46.8ms</bind>
  <bind>Comp:19-1-1 Comp:19-2-1 0.386MBps 46.8ms</bind>
  <bind>Comp:19-2-2 Comp:19-1-2 0.386MBps 46.8ms</bind>
  <bind>Comp:19-1-2 Comp:19-2-2 0.386MBps 46.8ms</bind>
  <bind>Comp:19-2-3 Comp:19-1-3 0.386MBps 46.8ms</bind>
  <bind>Comp:19-1-3 Comp:19-2-3 0.386MBps 46.8ms</bind>
  <bind>Comp:19-2-4 Comp:19-1-0 0.386MBps 46.8ms</bind>
  <bind>Comp:19-1-0 Comp:19-2-4 0.386MBps 46.8ms</bind>
  <bind>Comp:19-3-0 Comp:19-2-0 0.941MBps 40.7ms</bind>
  <bind>Comp:19-2-0 Comp:19-3-0 0.941MBps 40.7ms</bind>
  <bind>Comp:19-3-1 Comp:19-2-1 0.941MBps 40.7ms</bind>
  <bind>Comp:19-2-1 Comp:19-3-1 0.941MBps 40.7ms</bind>
  <bind>Comp:19-3-0 Comp:19-2-2 0.941MBps 40.7ms</bind>
  <bind>Comp:19-2-2 Comp:19-3-0 0.941MBps 40.7ms</bind>
  <bind>Comp:19-3-1 Comp:19-2-3 0.941MBps 40.7ms</bind>
  <bind>Comp:19-2-3 Comp:19-3-1 0.941MBps 40.7ms</bind>
  <bind>Comp:19-3-0 Comp:19-2-4 0.941MBps 40.7ms</bind>
  <bind>Comp:19-2-4 Comp:19-3-0 0.941MBps 40.7ms</bind>
  <bind>Comp:19-4-0 Comp:19-3-0 0.838MBps 43.7ms</bind>
  <bind>Comp:19-3-0 Comp:19-4-0 0.838MBps 43.7ms</bind>
  <bind>Comp:19-4-1 Comp:19-3-1 0.838MBps 43.7ms</bind>
  <bind>Comp:19-3-1 Comp:19-4-1 0.838MBps 43.7ms</bind>
  <bind>Comp:19-4-2 Comp:19-3-0 0.838MBps 43.7ms</bind>
  <bind>Comp:19-3-0 Comp:19-4-2 0.838MBps 43.7ms</bind>
  <bind>Comp:19-4-3 Comp:19-3-1 0.838MBps 43.7ms</bind>
  <bind>Comp:19-3-1 Comp:19-4-3 0.838MBps 43.7ms</bind>
  <bind>Comp:19-4-4 Comp:19-3-0 0.838MBps 43.7ms</bind>
  <bind>Comp:19-3-0 Comp:19-4-4 0.838MBps 43.7ms</bind>
  <bind>Comp:19-4-5 Comp:19-3-1 0.838MBps 43.7ms</bind>
  <bind>Comp:19-3-1 Comp:19-4-5 0.838MBps 43.7ms</bind>
  <bind>Comp:19-4-6 Comp:19-3-0 0.838MBps 43.7ms</bind>
  <bind>Comp:19-3-0 Comp:19-4-6 0.838MBps 43.7ms</bind>
  <bind>Comp:19-5-0 Comp:19-4-0 0.848MBps 39.1ms</bind>
  <bind>Comp:19-4-0 Comp:19-5-0 0.848MBps 39.1ms</bind>
  <bind>Comp:19-5-0 Comp:19-4-1 0.848MBps 39.1ms</bind>
  <bind>Comp:19-4-1 Comp:19-5-0 0.848MBps 39.1ms</bind>
  <bind>Comp:19-5-0 Comp:19-4-2 0.848MBps 39.1ms</bind>
  <bind>Comp:19-4-2 Comp:19-5-0 0.848MBps 39.1ms</bind>
  <bind>Comp:19-5-0 Comp:19-4-3 0.848MBps 39.1ms</bind>
  <bind>Comp:19-4-3 Comp:19-5-0 0.848MBps 39.1ms</bind>
  <bind>Comp:19-5-0 Comp:19-4-4 0.848MBps 39.1ms</bind>
  <bind>Comp:19-4-4 Comp:19-5-0 0.848MBps 39.1ms</bind>
  <bind>Comp:19-5-0 Comp:19-4-5 0.848MBps 39.1ms</bind>
  <bind>Comp:19-4-5 Comp:19-5-0 0.848MBps 39.1ms</bind>
  <bind>Comp:19-5-0 Comp:19-4-6 0.848MBps 39.1ms</bind>
  <bind>Comp:19-4-6 Comp:19-5-0 0.848MBps 39.1ms</bind>
  <bind>Comp:19-5-0 Appliance-22 0.608MBps 25.9ms</bind>
  <bind>Appliance-22 Comp:19-5-0 0.608MBps 25.9ms</bind>
  <bind>Comp:19-5-0 Appliance-22 0.608MBps 25.9ms</bind>
  <bind>Appliance-22 Comp:19-5-0 0.608MBps 25.9ms</bind>
  <bind>Comp:19-5-0 Appliance-29 0.608MBps 25.9ms</bind>
  <bind>Appliance-29 Comp:19-5-0 0.608MBps 25.9ms</bind>
</app>
<app>
  <id>App2</id>
<comp>
  <id>Comp:2-1-0</id>
  <CPU>0.895Gf</CPU>
  <RAM>0.109GB</RAM>
  <DISK>0.536GB</DISK>
</comp>
<comp>
  <id>Comp:2-1-1</id>
  <CPU>0.895Gf</CPU>
  <RAM>0.109GB</RAM>
  <DISK>0.536GB</DISK>
</comp>
<comp>
  <id>Comp:2-1-2</id>
  <CPU>0.895Gf</CPU>
  <RAM>0.109GB</RAM>
  <DISK>0.536GB</DISK>
</comp>
<comp>
  <id>Comp:2-2-0</id>
  <CPU>0.742Gf</CPU>
  <RAM>0.321GB</RAM>
  <DISK>1.11GB</DISK>
</comp>
<comp>
  <id>Comp:2-2-1</id>
  <CPU>0.742Gf</CPU>
  <RAM>0.321GB</RAM>
  <DISK>1.11GB</DISK>
</comp>
<comp>
  <id>Comp:2-2-2</id>
  <CPU>0.742Gf</CPU>
  <RAM>0.321GB</RAM>
  <DISK>1.11GB</DISK>
</comp>
<comp>
  <id>Comp:2-2-3</id>
  <CPU>0.742Gf</CPU>
  <RAM>0.321GB</RAM>
  <DISK>1.11GB</DISK>
</comp>
<comp>
  <id>Comp:2-2-4</id>
  <CPU>0.742Gf</CPU>
  <RAM>0.321GB</RAM>
  <DISK>1.11GB</DISK>
</comp>
<comp>
  <id>Comp:2-2-5</id>
  <CPU>0.742Gf</CPU>
  <RAM>0.321GB</RAM>
  <DISK>1.11GB</DISK>
</comp>
<comp>
  <id>Comp:2-2-6</id>
  <CPU>0.742Gf</CPU>
  <RAM>0.321GB</RAM>
  <DISK>1.11GB</DISK>
</comp>
<comp>
  <id>Comp:2-2-7</id>
  <CPU>0.742Gf</CPU>
  <RAM>0.321GB</RAM>
  <DISK>1.11GB</DISK>
</comp>
<comp>
  <id>Comp:2-2-8</id>
  <CPU>0.742Gf</CPU>
  <RAM>0.321GB</RAM>
  <DISK>1.11GB</DISK>
</comp>
<comp>
  <id>Comp:2-2-9</id>
  <CPU>0.742Gf</CPU>
  <RAM>0.321GB</RAM>
  <DISK>1.11GB</DISK>
</comp>
<comp>
  <id>Comp:2-3-0</id>
  <CPU>0.744Gf</CPU>
  <RAM>0.727GB</RAM>
  <DISK>0.872GB</DISK>
</comp>
<comp>
  <id>Comp:2-3-1</id>
  <CPU>0.744Gf</CPU>
  <RAM>0.727GB</RAM>
  <DISK>0.872GB</DISK>
</comp>
<comp>
  <id>Comp:2-3-2</id>
  <CPU>0.744Gf</CPU>
  <RAM>0.727GB</RAM>
  <DISK>0.872GB</DISK>
</comp>
<comp>
  <id>Comp:2-3-3</id>
  <CPU>0.744Gf</CPU>
  <RAM>0.727GB</RAM>
  <DISK>0.872GB</DISK>
</comp>
<comp>
  <id>Comp:2-3-4</id>
  <CPU>0.744Gf</CPU>
  <RAM>0.727GB</RAM>
  <DISK>0.872GB</DISK>
</comp>
<comp>
  <id>Comp:2-3-5</id>
  <CPU>0.744Gf</CPU>
  <RAM>0.727GB</RAM>
  <DISK>0.872GB</DISK>
</comp>
<comp>
  <id>Comp:2-4-0</id>
  <CPU>0.147Gf</CPU>
  <RAM>0.691GB</RAM>
  <DISK>0.837GB</DISK>
</comp>
<comp>
  <id>Comp:2-4-1</id>
  <CPU>0.147Gf</CPU>
  <RAM>0.691GB</RAM>
  <DISK>0.837GB</DISK>
</comp>
<comp>
  <id>Comp:2-4-2</id>
  <CPU>0.147Gf</CPU>
  <RAM>0.691GB</RAM>
  <DISK>0.837GB</DISK>
</comp>
<comp>
  <id>Comp:2-4-3</id>
  <CPU>0.147Gf</CPU>
  <RAM>0.691GB</RAM>
  <DISK>0.837GB</DISK>
</comp>
<comp>
  <id>Comp:2-4-4</id>
  <CPU>0.147Gf</CPU>
  <RAM>0.691GB</RAM>
  <DISK>0.837GB</DISK>
</comp>
<comp>
  <id>Comp:2-4-5</id>
  <CPU>0.147Gf</CPU>
  <RAM>0.691GB</RAM>
  <DISK>0.837GB</DISK>
</comp>
<comp>
  <id>Comp:2-4-6</id>
  <CPU>0.147Gf</CPU>
  <RAM>0.691GB</RAM>
  <DISK>0.837GB</DISK>
</comp>
<comp>
  <id>Comp:2-5-0</id>
  <CPU>0.65Gf</CPU>
  <RAM>0.22GB</RAM>
  <DISK>1.05GB</DISK>
</comp>
<comp>
  <id>Comp:2-5-1</id>
  <CPU>0.65Gf</CPU>
  <RAM>0.22GB</RAM>
  <DISK>1.05GB</DISK>
</comp>
<comp>
  <id>Comp:2-5-2</id>
  <CPU>0.65Gf</CPU>
  <RAM>0.22GB</RAM>
  <DISK>1.05GB</DISK>
</comp>
<comp>
  <id>Comp:2-5-3</id>
  <CPU>0.65Gf</CPU>
  <RAM>0.22GB</RAM>
  <DISK>1.05GB</DISK>
</comp>
<comp>
  <id>Comp:2-5-4</id>
  <CPU>0.65Gf</CPU>
  <RAM>0.22GB</RAM>
  <DISK>1.05GB</DISK>
</comp>
<comp>
  <id>Comp:2-5-5</id>
  <CPU>0.65Gf</CPU>
  <RAM>0.22GB</RAM>
  <DISK>1.05GB</DISK>
</comp>
<comp>
  <id>Comp:2-5-6</id>
  <CPU>0.65Gf</CPU>
  <RAM>0.22GB</RAM>
  <DISK>1.05GB</DISK>
</comp>
<comp>
  <id>Comp:2-5-7</id>
  <CPU>0.65Gf</CPU>
  <RAM>0.22GB</RAM>
  <DISK>1.05GB</DISK>
</comp>
  <bind>Comp:2-1-0 Appliance-18 0.134MBps 25.3ms</bind>
  <bind>Appliance-18 Comp:2-1-0 0.134MBps 25.3ms</bind>
  <bind>Comp:2-1-1 Appliance-32 0.134MBps 25.3ms</bind>
  <bind>Appliance-32 Comp:2-1-1 0.134MBps 25.3ms</bind>
  <bind>Comp:2-1-2 Appliance-20 0.134MBps 25.3ms</bind>
  <bind>Appliance-20 Comp:2-1-2 0.134MBps 25.3ms</bind>
  <bind>Comp:2-1-0 Appliance-16 0.134MBps 25.3ms</bind>
  <bind>Appliance-16 Comp:2-1-0 0.134MBps 25.3ms</bind>
  <bind>Comp:2-1-1 Appliance-0 0.134MBps 25.3ms</bind>
  <bind>Appliance-0 Comp:2-1-1 0.134MBps 25.3ms</bind>
  <bind>Comp:2-1-2 Appliance-16 0.134MBps 25.3ms</bind>
  <bind>Appliance-16 Comp:2-1-2 0.134MBps 25.3ms</bind>
  <bind>Comp:2-1-0 Appliance-16 0.134MBps 25.3ms</bind>
  <bind>Appliance-16 Comp:2-1-0 0.134MBps 25.3ms</bind>
  <bind>Comp:2-1-1 Appliance-20 0.134MBps 25.3ms</bind>
  <bind>Appliance-20 Comp:2-1-1 0.134MBps 25.3ms</bind>
  <bind>Comp:2-2-0 Comp:2-1-0 0.806MBps 34.2ms</bind>
  <bind>Comp:2-1-0 Comp:2-2-0 0.806MBps 34.2ms</bind>
  <bind>Comp:2-2-1 Comp:2-1-1 0.806MBps 34.2ms</bind>
  <bind>Comp:2-1-1 Comp:2-2-1 0.806MBps 34.2ms</bind>
  <bind>Comp:2-2-2 Comp:2-1-2 0.806MBps 34.2ms</bind>
  <bind>Comp:2-1-2 Comp:2-2-2 0.806MBps 34.2ms</bind>
  <bind>Comp:2-2-3 Comp:2-1-0 0.806MBps 34.2ms</bind>
  <bind>Comp:2-1-0 Comp:2-2-3 0.806MBps 34.2ms</bind>
  <bind>Comp:2-2-4 Comp:2-1-1 0.806MBps 34.2ms</bind>
  <bind>Comp:2-1-1 Comp:2-2-4 0.806MBps 34.2ms</bind>
  <bind>Comp:2-2-5 Comp:2-1-2 0.806MBps 34.2ms</bind>
  <bind>Comp:2-1-2 Comp:2-2-5 0.806MBps 34.2ms</bind>
  <bind>Comp:2-2-6 Comp:2-1-0 0.806MBps 34.2ms</bind>
  <bind>Comp:2-1-0 Comp:2-2-6 0.806MBps 34.2ms</bind>
  <bind>Comp:2-2-7 Comp:2-1-1 0.806MBps 34.2ms</bind>
  <bind>Comp:2-1-1 Comp:2-2-7 0.806MBps 34.2ms</bind>
  <bind>Comp:2-2-8 Comp:2-1-2 0.806MBps 34.2ms</bind>
  <bind>Comp:2-1-2 Comp:2-2-8 0.806MBps 34.2ms</bind>
  <bind>Comp:2-2-9 Comp:2-1-0 0.806MBps 34.2ms</bind>
  <bind>Comp:2-1-0 Comp:2-2-9 0.806MBps 34.2ms</bind>
  <bind>Comp:2-3-0 Comp:2-2-0 0.707MBps 38.2ms</bind>
  <bind>Comp:2-2-0 Comp:2-3-0 0.707MBps 38.2ms</bind>
  <bind>Comp:2-3-1 Comp:2-2-1 0.707MBps 38.2ms</bind>
  <bind>Comp:2-2-1 Comp:2-3-1 0.707MBps 38.2ms</bind>
  <bind>Comp:2-3-2 Comp:2-2-2 0.707MBps 38.2ms</bind>
  <bind>Comp:2-2-2 Comp:2-3-2 0.707MBps 38.2ms</bind>
  <bind>Comp:2-3-3 Comp:2-2-3 0.707MBps 38.2ms</bind>
  <bind>Comp:2-2-3 Comp:2-3-3 0.707MBps 38.2ms</bind>
  <bind>Comp:2-3-4 Comp:2-2-4 0.707MBps 38.2ms</bind>
  <bind>Comp:2-2-4 Comp:2-3-4 0.707MBps 38.2ms</bind>
  <bind>Comp:2-3-5 Comp:2-2-5 0.707MBps 38.2ms</bind>
  <bind>Comp:2-2-5 Comp:2-3-5 0.707MBps 38.2ms</bind>
  <bind>Comp:2-3-0 Comp:2-2-6 0.707MBps 38.2ms</bind>
  <bind>Comp:2-2-6 Comp:2-3-0 0.707MBps 38.2ms</bind>
  <bind>Comp:2-3-1 Comp:2-2-7 0.707MBps 38.2ms</bind>
  <bind>Comp:2-2-7 Comp:2-3-1 0.707MBps 38.2ms</bind>
  <bind>Comp:2-3-2 Comp:2-2-8 0.707MBps 38.2ms</bind>
  <bind>Comp:2-2-8 Comp:2-3-2 0.707MBps 38.2ms</bind>
  <bind>Comp:2-3-3 Comp:2-2-9 0.707MBps 38.2ms</bind>
  <bind>Comp:2-2-9 Comp:2-3-3 0.707MBps 38.2ms</bind>
  <bind>Comp:2-4-0 Comp:2-3-0 0.134MBps 33.3ms</bind>
  <bind>Comp:2-3-0 Comp:2-4-0 0.134MBps 33.3ms</bind>
  <bind>Comp:2-4-1 Comp:2-3-1 0.134MBps 33.3ms</bind>
  <bind>Comp:2-3-1 Comp:2-4-1 0.134MBps 33.3ms</bind>
  <bind>Comp:2-4-2 Comp:2-3-2 0.134MBps 33.3ms</bind>
  <bind>Comp:2-3-2 Comp:2-4-2 0.134MBps 33.3ms</bind>
  <bind>Comp:2-4-3 Comp:2-3-3 0.134MBps 33.3ms</bind>
  <bind>Comp:2-3-3 Comp:2-4-3 0.134MBps 33.3ms</bind>
  <bind>Comp:2-4-4 Comp:2-3-4 0.134MBps 33.3ms</bind>
  <bind>Comp:2-3-4 Comp:2-4-4 0.134MBps 33.3ms</bind>
  <bind>Comp:2-4-5 Comp:2-3-5 0.134MBps 33.3ms</bind>
  <bind>Comp:2-3-5 Comp:2-4-5 0.134MBps 33.3ms</bind>
  <bind>Comp:2-4-6 Comp:2-3-0 0.134MBps 33.3ms</bind>
  <bind>Comp:2-3-0 Comp:2-4-6 0.134MBps 33.3ms</bind>
  <bind>Comp:2-4-0 Comp:2-5-0 0.871MBps 46.5ms</bind>
  <bind>Comp:2-5-0 Comp:2-4-0 0.871MBps 46.5ms</bind>
  <bind>Comp:2-4-1 Comp:2-5-1 0.871MBps 46.5ms</bind>
  <bind>Comp:2-5-1 Comp:2-4-1 0.871MBps 46.5ms</bind>
  <bind>Comp:2-4-2 Comp:2-5-2 0.871MBps 46.5ms</bind>
  <bind>Comp:2-5-2 Comp:2-4-2 0.871MBps 46.5ms</bind>
  <bind>Comp:2-4-3 Comp:2-5-3 0.871MBps 46.5ms</bind>
  <bind>Comp:2-5-3 Comp:2-4-3 0.871MBps 46.5ms</bind>
  <bind>Comp:2-4-4 Comp:2-5-4 0.871MBps 46.5ms</bind>
  <bind>Comp:2-5-4 Comp:2-4-4 0.871MBps 46.5ms</bind>
  <bind>Comp:2-4-5 Comp:2-5-5 0.871MBps 46.5ms</bind>
  <bind>Comp:2-5-5 Comp:2-4-5 0.871MBps 46.5ms</bind>
  <bind>Comp:2-4-6 Comp:2-5-6 0.871MBps 46.5ms</bind>
  <bind>Comp:2-5-6 Comp:2-4-6 0.871MBps 46.5ms</bind>
  <bind>Comp:2-4-0 Comp:2-5-7 0.871MBps 46.5ms</bind>
  <bind>Comp:2-5-7 Comp:2-4-0 0.871MBps 46.5ms</bind>
</app>
<app>
  <id>App20</id>
<comp>
  <id>Comp:20-1-0</id>
  <CPU>0.32Gf</CPU>
  <RAM>0.745GB</RAM>
  <DISK>1.89GB</DISK>
</comp>
<comp>
  <id>Comp:20-1-1</id>
  <CPU>0.32Gf</CPU>
  <RAM>0.745GB</RAM>
  <DISK>1.89GB</DISK>
</comp>
<comp>
  <id>Comp:20-2-0</id>
  <CPU>0.845Gf</CPU>
  <RAM>0.631GB</RAM>
  <DISK>1.55GB</DISK>
</comp>
<comp>
  <id>Comp:20-2-1</id>
  <CPU>0.845Gf</CPU>
  <RAM>0.631GB</RAM>
  <DISK>1.55GB</DISK>
</comp>
<comp>
  <id>Comp:20-2-2</id>
  <CPU>0.845Gf</CPU>
  <RAM>0.631GB</RAM>
  <DISK>1.55GB</DISK>
</comp>
<comp>
  <id>Comp:20-2-3</id>
  <CPU>0.845Gf</CPU>
  <RAM>0.631GB</RAM>
  <DISK>1.55GB</DISK>
</comp>
<comp>
  <id>Comp:20-2-4</id>
  <CPU>0.845Gf</CPU>
  <RAM>0.631GB</RAM>
  <DISK>1.55GB</DISK>
</comp>
<comp>
  <id>Comp:20-2-5</id>
  <CPU>0.845Gf</CPU>
  <RAM>0.631GB</RAM>
  <DISK>1.55GB</DISK>
</comp>
<comp>
  <id>Comp:20-2-6</id>
  <CPU>0.845Gf</CPU>
  <RAM>0.631GB</RAM>
  <DISK>1.55GB</DISK>
</comp>
<comp>
  <id>Comp:20-2-7</id>
  <CPU>0.845Gf</CPU>
  <RAM>0.631GB</RAM>
  <DISK>1.55GB</DISK>
</comp>
<comp>
  <id>Comp:20-2-8</id>
  <CPU>0.845Gf</CPU>
  <RAM>0.631GB</RAM>
  <DISK>1.55GB</DISK>
</comp>
<comp>
  <id>Comp:20-3-0</id>
  <CPU>0.34Gf</CPU>
  <RAM>0.314GB</RAM>
  <DISK>1.04GB</DISK>
</comp>
  <bind>Comp:20-1-0 Appliance-35 0.553MBps 46.0ms</bind>
  <bind>Appliance-35 Comp:20-1-0 0.553MBps 46.0ms</bind>
  <bind>Comp:20-1-1 Appliance-35 0.553MBps 46.0ms</bind>
  <bind>Appliance-35 Comp:20-1-1 0.553MBps 46.0ms</bind>
  <bind>Comp:20-2-0 Comp:20-1-0 0.619MBps 32.7ms</bind>
  <bind>Comp:20-1-0 Comp:20-2-0 0.619MBps 32.7ms</bind>
  <bind>Comp:20-2-1 Comp:20-1-1 0.619MBps 32.7ms</bind>
  <bind>Comp:20-1-1 Comp:20-2-1 0.619MBps 32.7ms</bind>
  <bind>Comp:20-2-2 Comp:20-1-0 0.619MBps 32.7ms</bind>
  <bind>Comp:20-1-0 Comp:20-2-2 0.619MBps 32.7ms</bind>
  <bind>Comp:20-2-3 Comp:20-1-1 0.619MBps 32.7ms</bind>
  <bind>Comp:20-1-1 Comp:20-2-3 0.619MBps 32.7ms</bind>
  <bind>Comp:20-2-4 Comp:20-1-0 0.619MBps 32.7ms</bind>
  <bind>Comp:20-1-0 Comp:20-2-4 0.619MBps 32.7ms</bind>
  <bind>Comp:20-2-5 Comp:20-1-1 0.619MBps 32.7ms</bind>
  <bind>Comp:20-1-1 Comp:20-2-5 0.619MBps 32.7ms</bind>
  <bind>Comp:20-2-6 Comp:20-1-0 0.619MBps 32.7ms</bind>
  <bind>Comp:20-1-0 Comp:20-2-6 0.619MBps 32.7ms</bind>
  <bind>Comp:20-2-7 Comp:20-1-1 0.619MBps 32.7ms</bind>
  <bind>Comp:20-1-1 Comp:20-2-7 0.619MBps 32.7ms</bind>
  <bind>Comp:20-2-8 Comp:20-1-0 0.619MBps 32.7ms</bind>
  <bind>Comp:20-1-0 Comp:20-2-8 0.619MBps 32.7ms</bind>
  <bind>Comp:20-2-0 Comp:20-3-0 0.252MBps 28.8ms</bind>
  <bind>Comp:20-3-0 Comp:20-2-0 0.252MBps 28.8ms</bind>
  <bind>Comp:20-2-1 Comp:20-3-0 0.252MBps 28.8ms</bind>
  <bind>Comp:20-3-0 Comp:20-2-1 0.252MBps 28.8ms</bind>
  <bind>Comp:20-2-2 Comp:20-3-0 0.252MBps 28.8ms</bind>
  <bind>Comp:20-3-0 Comp:20-2-2 0.252MBps 28.8ms</bind>
  <bind>Comp:20-2-3 Comp:20-3-0 0.252MBps 28.8ms</bind>
  <bind>Comp:20-3-0 Comp:20-2-3 0.252MBps 28.8ms</bind>
  <bind>Comp:20-2-4 Comp:20-3-0 0.252MBps 28.8ms</bind>
  <bind>Comp:20-3-0 Comp:20-2-4 0.252MBps 28.8ms</bind>
  <bind>Comp:20-2-5 Comp:20-3-0 0.252MBps 28.8ms</bind>
  <bind>Comp:20-3-0 Comp:20-2-5 0.252MBps 28.8ms</bind>
  <bind>Comp:20-2-6 Comp:20-3-0 0.252MBps 28.8ms</bind>
  <bind>Comp:20-3-0 Comp:20-2-6 0.252MBps 28.8ms</bind>
  <bind>Comp:20-2-7 Comp:20-3-0 0.252MBps 28.8ms</bind>
  <bind>Comp:20-3-0 Comp:20-2-7 0.252MBps 28.8ms</bind>
  <bind>Comp:20-2-8 Comp:20-3-0 0.252MBps 28.8ms</bind>
  <bind>Comp:20-3-0 Comp:20-2-8 0.252MBps 28.8ms</bind>
</app>
<app>
  <id>App21</id>
<comp>
  <id>Comp:21-0-0</id>
  <CPU>0.362Gf</CPU>
  <RAM>0.159GB</RAM>
  <DISK>1.29GB</DISK>
</comp>
<comp>
  <id>Comp:21-0-1</id>
  <CPU>0.362Gf</CPU>
  <RAM>0.159GB</RAM>
  <DISK>1.29GB</DISK>
</comp>
<comp>
  <id>Comp:21-0-2</id>
  <CPU>0.362Gf</CPU>
  <RAM>0.159GB</RAM>
  <DISK>1.29GB</DISK>
</comp>
<comp>
  <id>Comp:21-0-3</id>
  <CPU>0.362Gf</CPU>
  <RAM>0.159GB</RAM>
  <DISK>1.29GB</DISK>
</comp>
<comp>
  <id>Comp:21-0-4</id>
  <CPU>0.362Gf</CPU>
  <RAM>0.159GB</RAM>
  <DISK>1.29GB</DISK>
</comp>
<comp>
  <id>Comp:21-0-5</id>
  <CPU>0.362Gf</CPU>
  <RAM>0.159GB</RAM>
  <DISK>1.29GB</DISK>
</comp>
<comp>
  <id>Comp:21-0-6</id>
  <CPU>0.362Gf</CPU>
  <RAM>0.159GB</RAM>
  <DISK>1.29GB</DISK>
</comp>
<comp>
  <id>Comp:21-1-0</id>
  <CPU>0.495Gf</CPU>
  <RAM>0.985GB</RAM>
  <DISK>1.44GB</DISK>
</comp>
<comp>
  <id>Comp:21-1-1</id>
  <CPU>0.495Gf</CPU>
  <RAM>0.985GB</RAM>
  <DISK>1.44GB</DISK>
</comp>
<comp>
  <id>Comp:21-1-2</id>
  <CPU>0.495Gf</CPU>
  <RAM>0.985GB</RAM>
  <DISK>1.44GB</DISK>
</comp>
<comp>
  <id>Comp:21-1-3</id>
  <CPU>0.495Gf</CPU>
  <RAM>0.985GB</RAM>
  <DISK>1.44GB</DISK>
</comp>
<comp>
  <id>Comp:21-1-4</id>
  <CPU>0.495Gf</CPU>
  <RAM>0.985GB</RAM>
  <DISK>1.44GB</DISK>
</comp>
<comp>
  <id>Comp:21-1-5</id>
  <CPU>0.495Gf</CPU>
  <RAM>0.985GB</RAM>
  <DISK>1.44GB</DISK>
</comp>
<comp>
  <id>Comp:21-1-6</id>
  <CPU>0.495Gf</CPU>
  <RAM>0.985GB</RAM>
  <DISK>1.44GB</DISK>
</comp>
<comp>
  <id>Comp:21-1-7</id>
  <CPU>0.495Gf</CPU>
  <RAM>0.985GB</RAM>
  <DISK>1.44GB</DISK>
</comp>
<comp>
  <id>Comp:21-1-8</id>
  <CPU>0.495Gf</CPU>
  <RAM>0.985GB</RAM>
  <DISK>1.44GB</DISK>
</comp>
<comp>
  <id>Comp:21-1-9</id>
  <CPU>0.495Gf</CPU>
  <RAM>0.985GB</RAM>
  <DISK>1.44GB</DISK>
</comp>
<comp>
  <id>Comp:21-2-0</id>
  <CPU>0.74Gf</CPU>
  <RAM>0.155GB</RAM>
  <DISK>1.09GB</DISK>
</comp>
<comp>
  <id>Comp:21-2-1</id>
  <CPU>0.74Gf</CPU>
  <RAM>0.155GB</RAM>
  <DISK>1.09GB</DISK>
</comp>
<comp>
  <id>Comp:21-2-2</id>
  <CPU>0.74Gf</CPU>
  <RAM>0.155GB</RAM>
  <DISK>1.09GB</DISK>
</comp>
<comp>
  <id>Comp:21-2-3</id>
  <CPU>0.74Gf</CPU>
  <RAM>0.155GB</RAM>
  <DISK>1.09GB</DISK>
</comp>
<comp>
  <id>Comp:21-2-4</id>
  <CPU>0.74Gf</CPU>
  <RAM>0.155GB</RAM>
  <DISK>1.09GB</DISK>
</comp>
<comp>
  <id>Comp:21-2-5</id>
  <CPU>0.74Gf</CPU>
  <RAM>0.155GB</RAM>
  <DISK>1.09GB</DISK>
</comp>
<comp>
  <id>Comp:21-2-6</id>
  <CPU>0.74Gf</CPU>
  <RAM>0.155GB</RAM>
  <DISK>1.09GB</DISK>
</comp>
<comp>
  <id>Comp:21-2-7</id>
  <CPU>0.74Gf</CPU>
  <RAM>0.155GB</RAM>
  <DISK>1.09GB</DISK>
</comp>
<comp>
  <id>Comp:21-3-0</id>
  <CPU>0.247Gf</CPU>
  <RAM>0.915GB</RAM>
  <DISK>0.444GB</DISK>
</comp>
<comp>
  <id>Comp:21-3-1</id>
  <CPU>0.247Gf</CPU>
  <RAM>0.915GB</RAM>
  <DISK>0.444GB</DISK>
</comp>
<comp>
  <id>Comp:21-3-2</id>
  <CPU>0.247Gf</CPU>
  <RAM>0.915GB</RAM>
  <DISK>0.444GB</DISK>
</comp>
<comp>
  <id>Comp:21-3-3</id>
  <CPU>0.247Gf</CPU>
  <RAM>0.915GB</RAM>
  <DISK>0.444GB</DISK>
</comp>
<comp>
  <id>Comp:21-3-4</id>
  <CPU>0.247Gf</CPU>
  <RAM>0.915GB</RAM>
  <DISK>0.444GB</DISK>
</comp>
<comp>
  <id>Comp:21-3-5</id>
  <CPU>0.247Gf</CPU>
  <RAM>0.915GB</RAM>
  <DISK>0.444GB</DISK>
</comp>
<comp>
  <id>Comp:21-3-6</id>
  <CPU>0.247Gf</CPU>
  <RAM>0.915GB</RAM>
  <DISK>0.444GB</DISK>
</comp>
<comp>
  <id>Comp:21-3-7</id>
  <CPU>0.247Gf</CPU>
  <RAM>0.915GB</RAM>
  <DISK>0.444GB</DISK>
</comp>
<comp>
  <id>Comp:21-3-8</id>
  <CPU>0.247Gf</CPU>
  <RAM>0.915GB</RAM>
  <DISK>0.444GB</DISK>
</comp>
<comp>
  <id>Comp:21-3-9</id>
  <CPU>0.247Gf</CPU>
  <RAM>0.915GB</RAM>
  <DISK>0.444GB</DISK>
</comp>
<comp>
  <id>Comp:21-4-0</id>
  <CPU>0.412Gf</CPU>
  <RAM>0.349GB</RAM>
  <DISK>0.817GB</DISK>
</comp>
<comp>
  <id>Comp:21-4-1</id>
  <CPU>0.412Gf</CPU>
  <RAM>0.349GB</RAM>
  <DISK>0.817GB</DISK>
</comp>
<comp>
  <id>Comp:21-4-2</id>
  <CPU>0.412Gf</CPU>
  <RAM>0.349GB</RAM>
  <DISK>0.817GB</DISK>
</comp>
<comp>
  <id>Comp:21-4-3</id>
  <CPU>0.412Gf</CPU>
  <RAM>0.349GB</RAM>
  <DISK>0.817GB</DISK>
</comp>
  <bind>Comp:21-1-0 Comp:21-0-0 0.895MBps 45.2ms</bind>
  <bind>Comp:21-0-0 Comp:21-1-0 0.895MBps 45.2ms</bind>
  <bind>Comp:21-1-1 Comp:21-0-1 0.895MBps 45.2ms</bind>
  <bind>Comp:21-0-1 Comp:21-1-1 0.895MBps 45.2ms</bind>
  <bind>Comp:21-1-2 Comp:21-0-2 0.895MBps 45.2ms</bind>
  <bind>Comp:21-0-2 Comp:21-1-2 0.895MBps 45.2ms</bind>
  <bind>Comp:21-1-3 Comp:21-0-3 0.895MBps 45.2ms</bind>
  <bind>Comp:21-0-3 Comp:21-1-3 0.895MBps 45.2ms</bind>
  <bind>Comp:21-1-4 Comp:21-0-4 0.895MBps 45.2ms</bind>
  <bind>Comp:21-0-4 Comp:21-1-4 0.895MBps 45.2ms</bind>
  <bind>Comp:21-1-5 Comp:21-0-5 0.895MBps 45.2ms</bind>
  <bind>Comp:21-0-5 Comp:21-1-5 0.895MBps 45.2ms</bind>
  <bind>Comp:21-1-6 Comp:21-0-6 0.895MBps 45.2ms</bind>
  <bind>Comp:21-0-6 Comp:21-1-6 0.895MBps 45.2ms</bind>
  <bind>Comp:21-1-7 Comp:21-0-0 0.895MBps 45.2ms</bind>
  <bind>Comp:21-0-0 Comp:21-1-7 0.895MBps 45.2ms</bind>
  <bind>Comp:21-1-8 Comp:21-0-1 0.895MBps 45.2ms</bind>
  <bind>Comp:21-0-1 Comp:21-1-8 0.895MBps 45.2ms</bind>
  <bind>Comp:21-1-9 Comp:21-0-2 0.895MBps 45.2ms</bind>
  <bind>Comp:21-0-2 Comp:21-1-9 0.895MBps 45.2ms</bind>
  <bind>Comp:21-2-0 Comp:21-1-0 0.373MBps 35.1ms</bind>
  <bind>Comp:21-1-0 Comp:21-2-0 0.373MBps 35.1ms</bind>
  <bind>Comp:21-2-1 Comp:21-1-1 0.373MBps 35.1ms</bind>
  <bind>Comp:21-1-1 Comp:21-2-1 0.373MBps 35.1ms</bind>
  <bind>Comp:21-2-2 Comp:21-1-2 0.373MBps 35.1ms</bind>
  <bind>Comp:21-1-2 Comp:21-2-2 0.373MBps 35.1ms</bind>
  <bind>Comp:21-2-3 Comp:21-1-3 0.373MBps 35.1ms</bind>
  <bind>Comp:21-1-3 Comp:21-2-3 0.373MBps 35.1ms</bind>
  <bind>Comp:21-2-4 Comp:21-1-4 0.373MBps 35.1ms</bind>
  <bind>Comp:21-1-4 Comp:21-2-4 0.373MBps 35.1ms</bind>
  <bind>Comp:21-2-5 Comp:21-1-5 0.373MBps 35.1ms</bind>
  <bind>Comp:21-1-5 Comp:21-2-5 0.373MBps 35.1ms</bind>
  <bind>Comp:21-2-6 Comp:21-1-6 0.373MBps 35.1ms</bind>
  <bind>Comp:21-1-6 Comp:21-2-6 0.373MBps 35.1ms</bind>
  <bind>Comp:21-2-7 Comp:21-1-7 0.373MBps 35.1ms</bind>
  <bind>Comp:21-1-7 Comp:21-2-7 0.373MBps 35.1ms</bind>
  <bind>Comp:21-2-0 Comp:21-1-8 0.373MBps 35.1ms</bind>
  <bind>Comp:21-1-8 Comp:21-2-0 0.373MBps 35.1ms</bind>
  <bind>Comp:21-2-1 Comp:21-1-9 0.373MBps 35.1ms</bind>
  <bind>Comp:21-1-9 Comp:21-2-1 0.373MBps 35.1ms</bind>
  <bind>Comp:21-3-0 Comp:21-2-0 0.979MBps 35.9ms</bind>
  <bind>Comp:21-2-0 Comp:21-3-0 0.979MBps 35.9ms</bind>
  <bind>Comp:21-3-1 Comp:21-2-1 0.979MBps 35.9ms</bind>
  <bind>Comp:21-2-1 Comp:21-3-1 0.979MBps 35.9ms</bind>
  <bind>Comp:21-3-2 Comp:21-2-2 0.979MBps 35.9ms</bind>
  <bind>Comp:21-2-2 Comp:21-3-2 0.979MBps 35.9ms</bind>
  <bind>Comp:21-3-3 Comp:21-2-3 0.979MBps 35.9ms</bind>
  <bind>Comp:21-2-3 Comp:21-3-3 0.979MBps 35.9ms</bind>
  <bind>Comp:21-3-4 Comp:21-2-4 0.979MBps 35.9ms</bind>
  <bind>Comp:21-2-4 Comp:21-3-4 0.979MBps 35.9ms</bind>
  <bind>Comp:21-3-5 Comp:21-2-5 0.979MBps 35.9ms</bind>
  <bind>Comp:21-2-5 Comp:21-3-5 0.979MBps 35.9ms</bind>
  <bind>Comp:21-3-6 Comp:21-2-6 0.979MBps 35.9ms</bind>
  <bind>Comp:21-2-6 Comp:21-3-6 0.979MBps 35.9ms</bind>
  <bind>Comp:21-3-7 Comp:21-2-7 0.979MBps 35.9ms</bind>
  <bind>Comp:21-2-7 Comp:21-3-7 0.979MBps 35.9ms</bind>
  <bind>Comp:21-3-8 Comp:21-2-0 0.979MBps 35.9ms</bind>
  <bind>Comp:21-2-0 Comp:21-3-8 0.979MBps 35.9ms</bind>
  <bind>Comp:21-3-9 Comp:21-2-1 0.979MBps 35.9ms</bind>
  <bind>Comp:21-2-1 Comp:21-3-9 0.979MBps 35.9ms</bind>
  <bind>Comp:21-4-0 Comp:21-3-0 0.68MBps 45.6ms</bind>
  <bind>Comp:21-3-0 Comp:21-4-0 0.68MBps 45.6ms</bind>
  <bind>Comp:21-4-1 Comp:21-3-1 0.68MBps 45.6ms</bind>
  <bind>Comp:21-3-1 Comp:21-4-1 0.68MBps 45.6ms</bind>
  <bind>Comp:21-4-2 Comp:21-3-2 0.68MBps 45.6ms</bind>
  <bind>Comp:21-3-2 Comp:21-4-2 0.68MBps 45.6ms</bind>
  <bind>Comp:21-4-3 Comp:21-3-3 0.68MBps 45.6ms</bind>
  <bind>Comp:21-3-3 Comp:21-4-3 0.68MBps 45.6ms</bind>
  <bind>Comp:21-4-0 Comp:21-3-4 0.68MBps 45.6ms</bind>
  <bind>Comp:21-3-4 Comp:21-4-0 0.68MBps 45.6ms</bind>
  <bind>Comp:21-4-1 Comp:21-3-5 0.68MBps 45.6ms</bind>
  <bind>Comp:21-3-5 Comp:21-4-1 0.68MBps 45.6ms</bind>
  <bind>Comp:21-4-2 Comp:21-3-6 0.68MBps 45.6ms</bind>
  <bind>Comp:21-3-6 Comp:21-4-2 0.68MBps 45.6ms</bind>
  <bind>Comp:21-4-3 Comp:21-3-7 0.68MBps 45.6ms</bind>
  <bind>Comp:21-3-7 Comp:21-4-3 0.68MBps 45.6ms</bind>
  <bind>Comp:21-4-0 Comp:21-3-8 0.68MBps 45.6ms</bind>
  <bind>Comp:21-3-8 Comp:21-4-0 0.68MBps 45.6ms</bind>
  <bind>Comp:21-4-1 Comp:21-3-9 0.68MBps 45.6ms</bind>
  <bind>Comp:21-3-9 Comp:21-4-1 0.68MBps 45.6ms</bind>
  <bind>Comp:21-4-0 Appliance-5 0.0673MBps 25.1ms</bind>
  <bind>Appliance-5 Comp:21-4-0 0.0673MBps 25.1ms</bind>
  <bind>Comp:21-4-1 Appliance-18 0.0673MBps 25.1ms</bind>
  <bind>Appliance-18 Comp:21-4-1 0.0673MBps 25.1ms</bind>
  <bind>Comp:21-4-2 Appliance-19 0.0673MBps 25.1ms</bind>
  <bind>Appliance-19 Comp:21-4-2 0.0673MBps 25.1ms</bind>
  <bind>Comp:21-4-3 Appliance-20 0.0673MBps 25.1ms</bind>
  <bind>Appliance-20 Comp:21-4-3 0.0673MBps 25.1ms</bind>
  <bind>Comp:21-4-0 Appliance-19 0.0673MBps 25.1ms</bind>
  <bind>Appliance-19 Comp:21-4-0 0.0673MBps 25.1ms</bind>
  <bind>Comp:21-4-1 Appliance-15 0.0673MBps 25.1ms</bind>
  <bind>Appliance-15 Comp:21-4-1 0.0673MBps 25.1ms</bind>
  <bind>Comp:21-4-2 Appliance-16 0.0673MBps 25.1ms</bind>
  <bind>Appliance-16 Comp:21-4-2 0.0673MBps 25.1ms</bind>
  <bind>Comp:21-4-3 Appliance-32 0.0673MBps 25.1ms</bind>
  <bind>Appliance-32 Comp:21-4-3 0.0673MBps 25.1ms</bind>
  <bind>Comp:21-4-0 Appliance-32 0.0673MBps 25.1ms</bind>
  <bind>Appliance-32 Comp:21-4-0 0.0673MBps 25.1ms</bind>
  <bind>Comp:21-4-1 Appliance-16 0.0673MBps 25.1ms</bind>
  <bind>Appliance-16 Comp:21-4-1 0.0673MBps 25.1ms</bind>
</app>
<app>
  <id>App22</id>
<comp>
  <id>Comp:22-1-0</id>
  <CPU>0.407Gf</CPU>
  <RAM>0.831GB</RAM>
  <DISK>1.8GB</DISK>
</comp>
<comp>
  <id>Comp:22-1-1</id>
  <CPU>0.407Gf</CPU>
  <RAM>0.831GB</RAM>
  <DISK>1.8GB</DISK>
</comp>
<comp>
  <id>Comp:22-1-2</id>
  <CPU>0.407Gf</CPU>
  <RAM>0.831GB</RAM>
  <DISK>1.8GB</DISK>
</comp>
<comp>
  <id>Comp:22-1-3</id>
  <CPU>0.407Gf</CPU>
  <RAM>0.831GB</RAM>
  <DISK>1.8GB</DISK>
</comp>
<comp>
  <id>Comp:22-1-4</id>
  <CPU>0.407Gf</CPU>
  <RAM>0.831GB</RAM>
  <DISK>1.8GB</DISK>
</comp>
<comp>
  <id>Comp:22-2-0</id>
  <CPU>0.125Gf</CPU>
  <RAM>0.853GB</RAM>
  <DISK>1.21GB</DISK>
</comp>
<comp>
  <id>Comp:22-2-1</id>
  <CPU>0.125Gf</CPU>
  <RAM>0.853GB</RAM>
  <DISK>1.21GB</DISK>
</comp>
<comp>
  <id>Comp:22-2-2</id>
  <CPU>0.125Gf</CPU>
  <RAM>0.853GB</RAM>
  <DISK>1.21GB</DISK>
</comp>
<comp>
  <id>Comp:22-2-3</id>
  <CPU>0.125Gf</CPU>
  <RAM>0.853GB</RAM>
  <DISK>1.21GB</DISK>
</comp>
<comp>
  <id>Comp:22-2-4</id>
  <CPU>0.125Gf</CPU>
  <RAM>0.853GB</RAM>
  <DISK>1.21GB</DISK>
</comp>
<comp>
  <id>Comp:22-3-0</id>
  <CPU>0.637Gf</CPU>
  <RAM>0.67GB</RAM>
  <DISK>1.1GB</DISK>
</comp>
<comp>
  <id>Comp:22-3-1</id>
  <CPU>0.637Gf</CPU>
  <RAM>0.67GB</RAM>
  <DISK>1.1GB</DISK>
</comp>
<comp>
  <id>Comp:22-3-2</id>
  <CPU>0.637Gf</CPU>
  <RAM>0.67GB</RAM>
  <DISK>1.1GB</DISK>
</comp>
<comp>
  <id>Comp:22-3-3</id>
  <CPU>0.637Gf</CPU>
  <RAM>0.67GB</RAM>
  <DISK>1.1GB</DISK>
</comp>
<comp>
  <id>Comp:22-3-4</id>
  <CPU>0.637Gf</CPU>
  <RAM>0.67GB</RAM>
  <DISK>1.1GB</DISK>
</comp>
<comp>
  <id>Comp:22-3-5</id>
  <CPU>0.637Gf</CPU>
  <RAM>0.67GB</RAM>
  <DISK>1.1GB</DISK>
</comp>
<comp>
  <id>Comp:22-3-6</id>
  <CPU>0.637Gf</CPU>
  <RAM>0.67GB</RAM>
  <DISK>1.1GB</DISK>
</comp>
<comp>
  <id>Comp:22-3-7</id>
  <CPU>0.637Gf</CPU>
  <RAM>0.67GB</RAM>
  <DISK>1.1GB</DISK>
</comp>
<comp>
  <id>Comp:22-3-8</id>
  <CPU>0.637Gf</CPU>
  <RAM>0.67GB</RAM>
  <DISK>1.1GB</DISK>
</comp>
<comp>
  <id>Comp:22-3-9</id>
  <CPU>0.637Gf</CPU>
  <RAM>0.67GB</RAM>
  <DISK>1.1GB</DISK>
</comp>
  <bind>Comp:22-1-0 Appliance-38 0.0846MBps 29.5ms</bind>
  <bind>Appliance-38 Comp:22-1-0 0.0846MBps 29.5ms</bind>
  <bind>Comp:22-1-1 Appliance-38 0.0846MBps 29.5ms</bind>
  <bind>Appliance-38 Comp:22-1-1 0.0846MBps 29.5ms</bind>
  <bind>Comp:22-1-2 Appliance-21 0.0846MBps 29.5ms</bind>
  <bind>Appliance-21 Comp:22-1-2 0.0846MBps 29.5ms</bind>
  <bind>Comp:22-1-3 Appliance-9 0.0846MBps 29.5ms</bind>
  <bind>Appliance-9 Comp:22-1-3 0.0846MBps 29.5ms</bind>
  <bind>Comp:22-1-4 Appliance-28 0.0846MBps 29.5ms</bind>
  <bind>Appliance-28 Comp:22-1-4 0.0846MBps 29.5ms</bind>
  <bind>Comp:22-1-0 Appliance-13 0.0846MBps 29.5ms</bind>
  <bind>Appliance-13 Comp:22-1-0 0.0846MBps 29.5ms</bind>
  <bind>Comp:22-1-1 Appliance-17 0.0846MBps 29.5ms</bind>
  <bind>Appliance-17 Comp:22-1-1 0.0846MBps 29.5ms</bind>
  <bind>Comp:22-2-0 Comp:22-1-0 0.614MBps 40.2ms</bind>
  <bind>Comp:22-1-0 Comp:22-2-0 0.614MBps 40.2ms</bind>
  <bind>Comp:22-2-1 Comp:22-1-1 0.614MBps 40.2ms</bind>
  <bind>Comp:22-1-1 Comp:22-2-1 0.614MBps 40.2ms</bind>
  <bind>Comp:22-2-2 Comp:22-1-2 0.614MBps 40.2ms</bind>
  <bind>Comp:22-1-2 Comp:22-2-2 0.614MBps 40.2ms</bind>
  <bind>Comp:22-2-3 Comp:22-1-3 0.614MBps 40.2ms</bind>
  <bind>Comp:22-1-3 Comp:22-2-3 0.614MBps 40.2ms</bind>
  <bind>Comp:22-2-4 Comp:22-1-4 0.614MBps 40.2ms</bind>
  <bind>Comp:22-1-4 Comp:22-2-4 0.614MBps 40.2ms</bind>
  <bind>Comp:22-2-0 Comp:22-3-0 0.464MBps 33.8ms</bind>
  <bind>Comp:22-3-0 Comp:22-2-0 0.464MBps 33.8ms</bind>
  <bind>Comp:22-2-1 Comp:22-3-1 0.464MBps 33.8ms</bind>
  <bind>Comp:22-3-1 Comp:22-2-1 0.464MBps 33.8ms</bind>
  <bind>Comp:22-2-2 Comp:22-3-2 0.464MBps 33.8ms</bind>
  <bind>Comp:22-3-2 Comp:22-2-2 0.464MBps 33.8ms</bind>
  <bind>Comp:22-2-3 Comp:22-3-3 0.464MBps 33.8ms</bind>
  <bind>Comp:22-3-3 Comp:22-2-3 0.464MBps 33.8ms</bind>
  <bind>Comp:22-2-4 Comp:22-3-4 0.464MBps 33.8ms</bind>
  <bind>Comp:22-3-4 Comp:22-2-4 0.464MBps 33.8ms</bind>
  <bind>Comp:22-2-0 Comp:22-3-5 0.464MBps 33.8ms</bind>
  <bind>Comp:22-3-5 Comp:22-2-0 0.464MBps 33.8ms</bind>
  <bind>Comp:22-2-1 Comp:22-3-6 0.464MBps 33.8ms</bind>
  <bind>Comp:22-3-6 Comp:22-2-1 0.464MBps 33.8ms</bind>
  <bind>Comp:22-2-2 Comp:22-3-7 0.464MBps 33.8ms</bind>
  <bind>Comp:22-3-7 Comp:22-2-2 0.464MBps 33.8ms</bind>
  <bind>Comp:22-2-3 Comp:22-3-8 0.464MBps 33.8ms</bind>
  <bind>Comp:22-3-8 Comp:22-2-3 0.464MBps 33.8ms</bind>
  <bind>Comp:22-2-4 Comp:22-3-9 0.464MBps 33.8ms</bind>
  <bind>Comp:22-3-9 Comp:22-2-4 0.464MBps 33.8ms</bind>
</app>
<app>
  <id>App23</id>
<comp>
  <id>Comp:23-1-0</id>
  <CPU>0.581Gf</CPU>
  <RAM>0.529GB</RAM>
  <DISK>1.7GB</DISK>
</comp>
<comp>
  <id>Comp:23-1-1</id>
  <CPU>0.581Gf</CPU>
  <RAM>0.529GB</RAM>
  <DISK>1.7GB</DISK>
</comp>
<comp>
  <id>Comp:23-1-2</id>
  <CPU>0.581Gf</CPU>
  <RAM>0.529GB</RAM>
  <DISK>1.7GB</DISK>
</comp>
<comp>
  <id>Comp:23-1-3</id>
  <CPU>0.581Gf</CPU>
  <RAM>0.529GB</RAM>
  <DISK>1.7GB</DISK>
</comp>
<comp>
  <id>Comp:23-1-4</id>
  <CPU>0.581Gf</CPU>
  <RAM>0.529GB</RAM>
  <DISK>1.7GB</DISK>
</comp>
<comp>
  <id>Comp:23-2-0</id>
  <CPU>0.967Gf</CPU>
  <RAM>0.168GB</RAM>
  <DISK>0.16GB</DISK>
</comp>
<comp>
  <id>Comp:23-2-1</id>
  <CPU>0.967Gf</CPU>
  <RAM>0.168GB</RAM>
  <DISK>0.16GB</DISK>
</comp>
<comp>
  <id>Comp:23-2-2</id>
  <CPU>0.967Gf</CPU>
  <RAM>0.168GB</RAM>
  <DISK>0.16GB</DISK>
</comp>
<comp>
  <id>Comp:23-2-3</id>
  <CPU>0.967Gf</CPU>
  <RAM>0.168GB</RAM>
  <DISK>0.16GB</DISK>
</comp>
<comp>
  <id>Comp:23-2-4</id>
  <CPU>0.967Gf</CPU>
  <RAM>0.168GB</RAM>
  <DISK>0.16GB</DISK>
</comp>
<comp>
  <id>Comp:23-2-5</id>
  <CPU>0.967Gf</CPU>
  <RAM>0.168GB</RAM>
  <DISK>0.16GB</DISK>
</comp>
<comp>
  <id>Comp:23-2-6</id>
  <CPU>0.967Gf</CPU>
  <RAM>0.168GB</RAM>
  <DISK>0.16GB</DISK>
</comp>
<comp>
  <id>Comp:23-3-0</id>
  <CPU>0.73Gf</CPU>
  <RAM>0.179GB</RAM>
  <DISK>1.24GB</DISK>
</comp>
<comp>
  <id>Comp:23-3-1</id>
  <CPU>0.73Gf</CPU>
  <RAM>0.179GB</RAM>
  <DISK>1.24GB</DISK>
</comp>
<comp>
  <id>Comp:23-3-2</id>
  <CPU>0.73Gf</CPU>
  <RAM>0.179GB</RAM>
  <DISK>1.24GB</DISK>
</comp>
<comp>
  <id>Comp:23-3-3</id>
  <CPU>0.73Gf</CPU>
  <RAM>0.179GB</RAM>
  <DISK>1.24GB</DISK>
</comp>
<comp>
  <id>Comp:23-3-4</id>
  <CPU>0.73Gf</CPU>
  <RAM>0.179GB</RAM>
  <DISK>1.24GB</DISK>
</comp>
  <bind>Comp:23-1-0 Appliance-3 0.933MBps 37.1ms</bind>
  <bind>Appliance-3 Comp:23-1-0 0.933MBps 37.1ms</bind>
  <bind>Comp:23-1-1 Appliance-35 0.933MBps 37.1ms</bind>
  <bind>Appliance-35 Comp:23-1-1 0.933MBps 37.1ms</bind>
  <bind>Comp:23-1-2 Appliance-3 0.933MBps 37.1ms</bind>
  <bind>Appliance-3 Comp:23-1-2 0.933MBps 37.1ms</bind>
  <bind>Comp:23-1-3 Appliance-35 0.933MBps 37.1ms</bind>
  <bind>Appliance-35 Comp:23-1-3 0.933MBps 37.1ms</bind>
  <bind>Comp:23-1-4 Appliance-3 0.933MBps 37.1ms</bind>
  <bind>Appliance-3 Comp:23-1-4 0.933MBps 37.1ms</bind>
  <bind>Comp:23-2-0 Comp:23-1-0 0.601MBps 27.2ms</bind>
  <bind>Comp:23-1-0 Comp:23-2-0 0.601MBps 27.2ms</bind>
  <bind>Comp:23-2-1 Comp:23-1-1 0.601MBps 27.2ms</bind>
  <bind>Comp:23-1-1 Comp:23-2-1 0.601MBps 27.2ms</bind>
  <bind>Comp:23-2-2 Comp:23-1-2 0.601MBps 27.2ms</bind>
  <bind>Comp:23-1-2 Comp:23-2-2 0.601MBps 27.2ms</bind>
  <bind>Comp:23-2-3 Comp:23-1-3 0.601MBps 27.2ms</bind>
  <bind>Comp:23-1-3 Comp:23-2-3 0.601MBps 27.2ms</bind>
  <bind>Comp:23-2-4 Comp:23-1-4 0.601MBps 27.2ms</bind>
  <bind>Comp:23-1-4 Comp:23-2-4 0.601MBps 27.2ms</bind>
  <bind>Comp:23-2-5 Comp:23-1-0 0.601MBps 27.2ms</bind>
  <bind>Comp:23-1-0 Comp:23-2-5 0.601MBps 27.2ms</bind>
  <bind>Comp:23-2-6 Comp:23-1-1 0.601MBps 27.2ms</bind>
  <bind>Comp:23-1-1 Comp:23-2-6 0.601MBps 27.2ms</bind>
  <bind>Comp:23-2-0 Comp:23-3-0 0.215MBps 28.3ms</bind>
  <bind>Comp:23-3-0 Comp:23-2-0 0.215MBps 28.3ms</bind>
  <bind>Comp:23-2-1 Comp:23-3-1 0.215MBps 28.3ms</bind>
  <bind>Comp:23-3-1 Comp:23-2-1 0.215MBps 28.3ms</bind>
  <bind>Comp:23-2-2 Comp:23-3-2 0.215MBps 28.3ms</bind>
  <bind>Comp:23-3-2 Comp:23-2-2 0.215MBps 28.3ms</bind>
  <bind>Comp:23-2-3 Comp:23-3-3 0.215MBps 28.3ms</bind>
  <bind>Comp:23-3-3 Comp:23-2-3 0.215MBps 28.3ms</bind>
  <bind>Comp:23-2-4 Comp:23-3-4 0.215MBps 28.3ms</bind>
  <bind>Comp:23-3-4 Comp:23-2-4 0.215MBps 28.3ms</bind>
  <bind>Comp:23-2-5 Comp:23-3-0 0.215MBps 28.3ms</bind>
  <bind>Comp:23-3-0 Comp:23-2-5 0.215MBps 28.3ms</bind>
  <bind>Comp:23-2-6 Comp:23-3-1 0.215MBps 28.3ms</bind>
  <bind>Comp:23-3-1 Comp:23-2-6 0.215MBps 28.3ms</bind>
</app>
</apps>
