<?xml version="1.0"?>
<apps>
<app>
  <id>App1</id>
<comp>
  <id>Comp:1-1-0</id>
  <CPU>0.323Gf</CPU>
  <RAM>0.887GB</RAM>
  <DISK>1.64GB</DISK>
</comp>
<comp>
  <id>Comp:1-1-1</id>
  <CPU>0.323Gf</CPU>
  <RAM>0.887GB</RAM>
  <DISK>1.64GB</DISK>
</comp>
<comp>
  <id>Comp:1-2-0</id>
  <CPU>0.349Gf</CPU>
  <RAM>0.562GB</RAM>
  <DISK>0.592GB</DISK>
</comp>
<comp>
  <id>Comp:1-2-1</id>
  <CPU>0.349Gf</CPU>
  <RAM>0.562GB</RAM>
  <DISK>0.592GB</DISK>
</comp>
<comp>
  <id>Comp:1-2-2</id>
  <CPU>0.349Gf</CPU>
  <RAM>0.562GB</RAM>
  <DISK>0.592GB</DISK>
</comp>
<comp>
  <id>Comp:1-2-3</id>
  <CPU>0.349Gf</CPU>
  <RAM>0.562GB</RAM>
  <DISK>0.592GB</DISK>
</comp>
<comp>
  <id>Comp:1-2-4</id>
  <CPU>0.349Gf</CPU>
  <RAM>0.562GB</RAM>
  <DISK>0.592GB</DISK>
</comp>
<comp>
  <id>Comp:1-3-0</id>
  <CPU>0.127Gf</CPU>
  <RAM>0.346GB</RAM>
  <DISK>1.38GB</DISK>
</comp>
<comp>
  <id>Comp:1-3-1</id>
  <CPU>0.127Gf</CPU>
  <RAM>0.346GB</RAM>
  <DISK>1.38GB</DISK>
</comp>
<comp>
  <id>Comp:1-3-2</id>
  <CPU>0.127Gf</CPU>
  <RAM>0.346GB</RAM>
  <DISK>1.38GB</DISK>
</comp>
<comp>
  <id>Comp:1-4-0</id>
  <CPU>0.947Gf</CPU>
  <RAM>0.82GB</RAM>
  <DISK>0.775GB</DISK>
</comp>
<comp>
  <id>Comp:1-5-0</id>
  <CPU>0.18Gf</CPU>
  <RAM>0.763GB</RAM>
  <DISK>1.72GB</DISK>
</comp>
<comp>
  <id>Comp:1-5-1</id>
  <CPU>0.18Gf</CPU>
  <RAM>0.763GB</RAM>
  <DISK>1.72GB</DISK>
</comp>
<comp>
  <id>Comp:1-6-0</id>
  <CPU>0.375Gf</CPU>
  <RAM>0.844GB</RAM>
  <DISK>1.09GB</DISK>
</comp>
  <bind>Comp:1-1-0 Appliance-6 0.149MBps 31.2ms</bind>
  <bind>Appliance-6 Comp:1-1-0 0.149MBps 31.2ms</bind>
  <bind>Comp:1-1-1 Appliance-38 0.149MBps 31.2ms</bind>
  <bind>Appliance-38 Comp:1-1-1 0.149MBps 31.2ms</bind>
  <bind>Comp:1-1-0 Appliance-9 0.149MBps 31.2ms</bind>
  <bind>Appliance-9 Comp:1-1-0 0.149MBps 31.2ms</bind>
  <bind>Comp:1-1-1 Appliance-12 0.149MBps 31.2ms</bind>
  <bind>Appliance-12 Comp:1-1-1 0.149MBps 31.2ms</bind>
  <bind>Comp:1-1-0 Appliance-30 0.149MBps 31.2ms</bind>
  <bind>Appliance-30 Comp:1-1-0 0.149MBps 31.2ms</bind>
  <bind>Comp:1-1-1 Appliance-11 0.149MBps 31.2ms</bind>
  <bind>Appliance-11 Comp:1-1-1 0.149MBps 31.2ms</bind>
  <bind>Comp:1-1-0 Appliance-16 0.149MBps 31.2ms</bind>
  <bind>Appliance-16 Comp:1-1-0 0.149MBps 31.2ms</bind>
  <bind>Comp:1-1-1 Appliance-37 0.149MBps 31.2ms</bind>
  <bind>Appliance-37 Comp:1-1-1 0.149MBps 31.2ms</bind>
  <bind>Comp:1-2-0 Comp:1-1-0 0.88MBps 46.2ms</bind>
  <bind>Comp:1-1-0 Comp:1-2-0 0.88MBps 46.2ms</bind>
  <bind>Comp:1-2-1 Comp:1-1-1 0.88MBps 46.2ms</bind>
  <bind>Comp:1-1-1 Comp:1-2-1 0.88MBps 46.2ms</bind>
  <bind>Comp:1-2-2 Comp:1-1-0 0.88MBps 46.2ms</bind>
  <bind>Comp:1-1-0 Comp:1-2-2 0.88MBps 46.2ms</bind>
  <bind>Comp:1-2-3 Comp:1-1-1 0.88MBps 46.2ms</bind>
  <bind>Comp:1-1-1 Comp:1-2-3 0.88MBps 46.2ms</bind>
  <bind>Comp:1-2-4 Comp:1-1-0 0.88MBps 46.2ms</bind>
  <bind>Comp:1-1-0 Comp:1-2-4 0.88MBps 46.2ms</bind>
  <bind>Comp:1-3-0 Comp:1-2-0 0.62MBps 44.8ms</bind>
  <bind>Comp:1-2-0 Comp:1-3-0 0.62MBps 44.8ms</bind>
  <bind>Comp:1-3-1 Comp:1-2-1 0.62MBps 44.8ms</bind>
  <bind>Comp:1-2-1 Comp:1-3-1 0.62MBps 44.8ms</bind>
  <bind>Comp:1-3-2 Comp:1-2-2 0.62MBps 44.8ms</bind>
  <bind>Comp:1-2-2 Comp:1-3-2 0.62MBps 44.8ms</bind>
  <bind>Comp:1-3-0 Comp:1-2-3 0.62MBps 44.8ms</bind>
  <bind>Comp:1-2-3 Comp:1-3-0 0.62MBps 44.8ms</bind>
  <bind>Comp:1-3-1 Comp:1-2-4 0.62MBps 44.8ms</bind>
  <bind>Comp:1-2-4 Comp:1-3-1 0.62MBps 44.8ms</bind>
  <bind>Comp:1-4-0 Comp:1-3-0 0.076MBps 41.2ms</bind>
  <bind>Comp:1-3-0 Comp:1-4-0 0.076MBps 41.2ms</bind>
  <bind>Comp:1-4-0 Comp:1-3-1 0.076MBps 41.2ms</bind>
  <bind>Comp:1-3-1 Comp:1-4-0 0.076MBps 41.2ms</bind>
  <bind>Comp:1-4-0 Comp:1-3-2 0.076MBps 41.2ms</bind>
  <bind>Comp:1-3-2 Comp:1-4-0 0.076MBps 41.2ms</bind>
  <bind>Comp:1-5-0 Comp:1-4-0 0.171MBps 26.3ms</bind>
  <bind>Comp:1-4-0 Comp:1-5-0 0.171MBps 26.3ms</bind>
  <bind>Comp:1-5-1 Comp:1-4-0 0.171MBps 26.3ms</bind>
  <bind>Comp:1-4-0 Comp:1-5-1 0.171MBps 26.3ms</bind>
  <bind>Comp:1-5-0 Comp:1-6-0 0.604MBps 45.8ms</bind>
  <bind>Comp:1-6-0 Comp:1-5-0 0.604MBps 45.8ms</bind>
  <bind>Comp:1-5-1 Comp:1-6-0 0.604MBps 45.8ms</bind>
  <bind>Comp:1-6-0 Comp:1-5-1 0.604MBps 45.8ms</bind>
</app>
<app>
  <id>App10</id>
<comp>
  <id>Comp:10-1-0</id>
  <CPU>0.758Gf</CPU>
  <RAM>0.422GB</RAM>
  <DISK>0.545GB</DISK>
</comp>
<comp>
  <id>Comp:10-1-1</id>
  <CPU>0.758Gf</CPU>
  <RAM>0.422GB</RAM>
  <DISK>0.545GB</DISK>
</comp>
<comp>
  <id>Comp:10-1-2</id>
  <CPU>0.758Gf</CPU>
  <RAM>0.422GB</RAM>
  <DISK>0.545GB</DISK>
</comp>
<comp>
  <id>Comp:10-2-0</id>
  <CPU>0.914Gf</CPU>
  <RAM>0.262GB</RAM>
  <DISK>0.382GB</DISK>
</comp>
<comp>
  <id>Comp:10-2-1</id>
  <CPU>0.914Gf</CPU>
  <RAM>0.262GB</RAM>
  <DISK>0.382GB</DISK>
</comp>
<comp>
  <id>Comp:10-2-2</id>
  <CPU>0.914Gf</CPU>
  <RAM>0.262GB</RAM>
  <DISK>0.382GB</DISK>
</comp>
<comp>
  <id>Comp:10-2-3</id>
  <CPU>0.914Gf</CPU>
  <RAM>0.262GB</RAM>
  <DISK>0.382GB</DISK>
</comp>
<comp>
  <id>Comp:10-2-4</id>
  <CPU>0.914Gf</CPU>
  <RAM>0.262GB</RAM>
  <DISK>0.382GB</DISK>
</comp>
<comp>
  <id>Comp:10-2-5</id>
  <CPU>0.914Gf</CPU>
  <RAM>0.262GB</RAM>
  <DISK>0.382GB</DISK>
</comp>
<comp>
  <id>Comp:10-2-6</id>
  <CPU>0.914Gf</CPU>
  <RAM>0.262GB</RAM>
  <DISK>0.382GB</DISK>
</comp>
  <bind>Comp:10-1-0 Appliance-12 0.347MBps 35.3ms</bind>
  <bind>Appliance-12 Comp:10-1-0 0.347MBps 35.3ms</bind>
  <bind>Comp:10-1-1 Appliance-12 0.347MBps 35.3ms</bind>
  <bind>Appliance-12 Comp:10-1-1 0.347MBps 35.3ms</bind>
  <bind>Comp:10-1-2 Appliance-3 0.347MBps 35.3ms</bind>
  <bind>Appliance-3 Comp:10-1-2 0.347MBps 35.3ms</bind>
  <bind>Comp:10-1-0 Appliance-13 0.347MBps 35.3ms</bind>
  <bind>Appliance-13 Comp:10-1-0 0.347MBps 35.3ms</bind>
  <bind>Comp:10-1-0 Comp:10-2-0 0.161MBps 27.4ms</bind>
  <bind>Comp:10-2-0 Comp:10-1-0 0.161MBps 27.4ms</bind>
  <bind>Comp:10-1-1 Comp:10-2-1 0.161MBps 27.4ms</bind>
  <bind>Comp:10-2-1 Comp:10-1-1 0.161MBps 27.4ms</bind>
  <bind>Comp:10-1-2 Comp:10-2-2 0.161MBps 27.4ms</bind>
  <bind>Comp:10-2-2 Comp:10-1-2 0.161MBps 27.4ms</bind>
  <bind>Comp:10-1-0 Comp:10-2-3 0.161MBps 27.4ms</bind>
  <bind>Comp:10-2-3 Comp:10-1-0 0.161MBps 27.4ms</bind>
  <bind>Comp:10-1-1 Comp:10-2-4 0.161MBps 27.4ms</bind>
  <bind>Comp:10-2-4 Comp:10-1-1 0.161MBps 27.4ms</bind>
  <bind>Comp:10-1-2 Comp:10-2-5 0.161MBps 27.4ms</bind>
  <bind>Comp:10-2-5 Comp:10-1-2 0.161MBps 27.4ms</bind>
  <bind>Comp:10-1-0 Comp:10-2-6 0.161MBps 27.4ms</bind>
  <bind>Comp:10-2-6 Comp:10-1-0 0.161MBps 27.4ms</bind>
</app>
<app>
  <id>App11</id>
<comp>
  <id>Comp:11-0-0</id>
  <CPU>0.913Gf</CPU>
  <RAM>0.299GB</RAM>
  <DISK>0.917GB</DISK>
</comp>
<comp>
  <id>Comp:11-0-1</id>
  <CPU>0.913Gf</CPU>
  <RAM>0.299GB</RAM>
  <DISK>0.917GB</DISK>
</comp>
<comp>
  <id>Comp:11-1-0</id>
  <CPU>0.175Gf</CPU>
  <RAM>0.411GB</RAM>
  <DISK>1.72GB</DISK>
</comp>
<comp>
  <id>Comp:11-1-1</id>
  <CPU>0.175Gf</CPU>
  <RAM>0.411GB</RAM>
  <DISK>1.72GB</DISK>
</comp>
<comp>
  <id>Comp:11-1-2</id>
  <CPU>0.175Gf</CPU>
  <RAM>0.411GB</RAM>
  <DISK>1.72GB</DISK>
</comp>
<comp>
  <id>Comp:11-2-0</id>
  <CPU>0.593Gf</CPU>
  <RAM>0.15GB</RAM>
  <DISK>1.71GB</DISK>
</comp>
<comp>
  <id>Comp:11-2-1</id>
  <CPU>0.593Gf</CPU>
  <RAM>0.15GB</RAM>
  <DISK>1.71GB</DISK>
</comp>
<comp>
  <id>Comp:11-2-2</id>
  <CPU>0.593Gf</CPU>
  <RAM>0.15GB</RAM>
  <DISK>1.71GB</DISK>
</comp>
<comp>
  <id>Comp:11-3-0</id>
  <CPU>0.35Gf</CPU>
  <RAM>0.826GB</RAM>
  <DISK>0.407GB</DISK>
</comp>
<comp>
  <id>Comp:11-3-1</id>
  <CPU>0.35Gf</CPU>
  <RAM>0.826GB</RAM>
  <DISK>0.407GB</DISK>
</comp>
<comp>
  <id>Comp:11-3-2</id>
  <CPU>0.35Gf</CPU>
  <RAM>0.826GB</RAM>
  <DISK>0.407GB</DISK>
</comp>
<comp>
  <id>Comp:11-3-3</id>
  <CPU>0.35Gf</CPU>
  <RAM>0.826GB</RAM>
  <DISK>0.407GB</DISK>
</comp>
<comp>
  <id>Comp:11-3-4</id>
  <CPU>0.35Gf</CPU>
  <RAM>0.826GB</RAM>
  <DISK>0.407GB</DISK>
</comp>
<comp>
  <id>Comp:11-3-5</id>
  <CPU>0.35Gf</CPU>
  <RAM>0.826GB</RAM>
  <DISK>0.407GB</DISK>
</comp>
<comp>
  <id>Comp:11-3-6</id>
  <CPU>0.35Gf</CPU>
  <RAM>0.826GB</RAM>
  <DISK>0.407GB</DISK>
</comp>
<comp>
  <id>Comp:11-3-7</id>
  <CPU>0.35Gf</CPU>
  <RAM>0.826GB</RAM>
  <DISK>0.407GB</DISK>
</comp>
<comp>
  <id>Comp:11-3-8</id>
  <CPU>0.35Gf</CPU>
  <RAM>0.826GB</RAM>
  <DISK>0.407GB</DISK>
</comp>
<comp>
  <id>Comp:11-3-9</id>
  <CPU>0.35Gf</CPU>
  <RAM>0.826GB</RAM>
  <DISK>0.407GB</DISK>
</comp>
<comp>
  <id>Comp:11-4-0</id>
  <CPU>0.436Gf</CPU>
  <RAM>0.289GB</RAM>
  <DISK>1.09GB</DISK>
</comp>
<comp>
  <id>Comp:11-4-1</id>
  <CPU>0.436Gf</CPU>
  <RAM>0.289GB</RAM>
  <DISK>1.09GB</DISK>
</comp>
<comp>
  <id>Comp:11-4-2</id>
  <CPU>0.436Gf</CPU>
  <RAM>0.289GB</RAM>
  <DISK>1.09GB</DISK>
</comp>
<comp>
  <id>Comp:11-4-3</id>
  <CPU>0.436Gf</CPU>
  <RAM>0.289GB</RAM>
  <DISK>1.09GB</DISK>
</comp>
<comp>
  <id>Comp:11-4-4</id>
  <CPU>0.436Gf</CPU>
  <RAM>0.289GB</RAM>
  <DISK>1.09GB</DISK>
</comp>
<comp>
  <id>Comp:11-4-5</id>
  <CPU>0.436Gf</CPU>
  <RAM>0.289GB</RAM>
  <DISK>1.09GB</DISK>
</comp>
<comp>
  <id>Comp:11-4-6</id>
  <CPU>0.436Gf</CPU>
  <RAM>0.289GB</RAM>
  <DISK>1.09GB</DISK>
</comp>
<comp>
  <id>Comp:11-4-7</id>
  <CPU>0.436Gf</CPU>
  <RAM>0.289GB</RAM>
  <DISK>1.09GB</DISK>
</comp>
<comp>
  <id>Comp:11-4-8</id>
  <CPU>0.436Gf</CPU>
  <RAM>0.289GB</RAM>
  <DISK>1.09GB</DISK>
</comp>
<comp>
  <id>Comp:11-4-9</id>
  <CPU>0.436Gf</CPU>
  <RAM>0.289GB</RAM>
  <DISK>1.09GB</DISK>
</comp>
<comp>
  <id>Comp:11-5-0</id>
  <CPU>0.692Gf</CPU>
  <RAM>0.213GB</RAM>
  <DISK>1.53GB</DISK>
</comp>
<comp>
  <id>Comp:11-5-1</id>
  <CPU>0.692Gf</CPU>
  <RAM>0.213GB</RAM>
  <DISK>1.53GB</DISK>
</comp>
<comp>
  <id>Comp:11-5-2</id>
  <CPU>0.692Gf</CPU>
  <RAM>0.213GB</RAM>
  <DISK>1.53GB</DISK>
</comp>
<comp>
  <id>Comp:11-5-3</id>
  <CPU>0.692Gf</CPU>
  <RAM>0.213GB</RAM>
  <DISK>1.53GB</DISK>
</comp>
  <bind>Comp:11-1-0 Comp:11-0-0 0.182MBps 31.4ms</bind>
  <bind>Comp:11-0-0 Comp:11-1-0 0.182MBps 31.4ms</bind>
  <bind>Comp:11-1-1 Comp:11-0-1 0.182MBps 31.4ms</bind>
  <bind>Comp:11-0-1 Comp:11-1-1 0.182MBps 31.4ms</bind>
  <bind>Comp:11-1-2 Comp:11-0-0 0.182MBps 31.4ms</bind>
  <bind>Comp:11-0-0 Comp:11-1-2 0.182MBps 31.4ms</bind>
  <bind>Comp:11-2-0 Comp:11-1-0 0.766MBps 46.5ms</bind>
  <bind>Comp:11-1-0 Comp:11-2-0 0.766MBps 46.5ms</bind>
  <bind>Comp:11-2-1 Comp:11-1-1 0.766MBps 46.5ms</bind>
  <bind>Comp:11-1-1 Comp:11-2-1 0.766MBps 46.5ms</bind>
  <bind>Comp:11-2-2 Comp:11-1-2 0.766MBps 46.5ms</bind>
  <bind>Comp:11-1-2 Comp:11-2-2 0.766MBps 46.5ms</bind>
  <bind>Comp:11-3-0 Comp:11-2-0 0.702MBps 42.7ms</bind>
  <bind>Comp:11-2-0 Comp:11-3-0 0.702MBps 42.7ms</bind>
  <bind>Comp:11-3-1 Comp:11-2-1 0.702MBps 42.7ms</bind>
  <bind>Comp:11-2-1 Comp:11-3-1 0.702MBps 42.7ms</bind>
  <bind>Comp:11-3-2 Comp:11-2-2 0.702MBps 42.7ms</bind>
  <bind>Comp:11-2-2 Comp:11-3-2 0.702MBps 42.7ms</bind>
  <bind>Comp:11-3-3 Comp:11-2-0 0.702MBps 42.7ms</bind>
  <bind>Comp:11-2-0 Comp:11-3-3 0.702MBps 42.7ms</bind>
  <bind>Comp:11-3-4 Comp:11-2-1 0.702MBps 42.7ms</bind>
  <bind>Comp:11-2-1 Comp:11-3-4 0.702MBps 42.7ms</bind>
  <bind>Comp:11-3-5 Comp:11-2-2 0.702MBps 42.7ms</bind>
  <bind>Comp:11-2-2 Comp:11-3-5 0.702MBps 42.7ms</bind>
  <bind>Comp:11-3-6 Comp:11-2-0 0.702MBps 42.7ms</bind>
  <bind>Comp:11-2-0 Comp:11-3-6 0.702MBps 42.7ms</bind>
  <bind>Comp:11-3-7 Comp:11-2-1 0.702MBps 42.7ms</bind>
  <bind>Comp:11-2-1 Comp:11-3-7 0.702MBps 42.7ms</bind>
  <bind>Comp:11-3-8 Comp:11-2-2 0.702MBps 42.7ms</bind>
  <bind>Comp:11-2-2 Comp:11-3-8 0.702MBps 42.7ms</bind>
  <bind>Comp:11-3-9 Comp:11-2-0 0.702MBps 42.7ms</bind>
  <bind>Comp:11-2-0 Comp:11-3-9 0.702MBps 42.7ms</bind>
  <bind>Comp:11-4-0 Comp:11-3-0 0.076MBps 30.6ms</bind>
  <bind>Comp:11-3-0 Comp:11-4-0 0.076MBps 30.6ms</bind>
  <bind>Comp:11-4-1 Comp:11-3-1 0.076MBps 30.6ms</bind>
  <bind>Comp:11-3-1 Comp:11-4-1 0.076MBps 30.6ms</bind>
  <bind>Comp:11-4-2 Comp:11-3-2 0.076MBps 30.6ms</bind>
  <bind>Comp:11-3-2 Comp:11-4-2 0.076MBps 30.6ms</bind>
  <bind>Comp:11-4-3 Comp:11-3-3 0.076MBps 30.6ms</bind>
  <bind>Comp:11-3-3 Comp:11-4-3 0.076MBps 30.6ms</bind>
  <bind>Comp:11-4-4 Comp:11-3-4 0.076MBps 30.6ms</bind>
  <bind>Comp:11-3-4 Comp:11-4-4 0.076MBps 30.6ms</bind>
  <bind>Comp:11-4-5 Comp:11-3-5 0.076MBps 30.6ms</bind>
  <bind>Comp:11-3-5 Comp:11-4-5 0.076MBps 30.6ms</bind>
  <bind>Comp:11-4-6 Comp:11-3-6 0.076MBps 30.6ms</bind>
  <bind>Comp:11-3-6 Comp:11-4-6 0.076MBps 30.6ms</bind>
  <bind>Comp:11-4-7 Comp:11-3-7 0.076MBps 30.6ms</bind>
  <bind>Comp:11-3-7 Comp:11-4-7 0.076MBps 30.6ms</bind>
  <bind>Comp:11-4-8 Comp:11-3-8 0.076MBps 30.6ms</bind>
  <bind>Comp:11-3-8 Comp:11-4-8 0.076MBps 30.6ms</bind>
  <bind>Comp:11-4-9 Comp:11-3-9 0.076MBps 30.6ms</bind>
  <bind>Comp:11-3-9 Comp:11-4-9 0.076MBps 30.6ms</bind>
  <bind>Comp:11-5-0 Comp:11-4-0 0.644MBps 45.4ms</bind>
  <bind>Comp:11-4-0 Comp:11-5-0 0.644MBps 45.4ms</bind>
  <bind>Comp:11-5-1 Comp:11-4-1 0.644MBps 45.4ms</bind>
  <bind>Comp:11-4-1 Comp:11-5-1 0.644MBps 45.4ms</bind>
  <bind>Comp:11-5-2 Comp:11-4-2 0.644MBps 45.4ms</bind>
  <bind>Comp:11-4-2 Comp:11-5-2 0.644MBps 45.4ms</bind>
  <bind>Comp:11-5-3 Comp:11-4-3 0.644MBps 45.4ms</bind>
  <bind>Comp:11-4-3 Comp:11-5-3 0.644MBps 45.4ms</bind>
  <bind>Comp:11-5-0 Comp:11-4-4 0.644MBps 45.4ms</bind>
  <bind>Comp:11-4-4 Comp:11-5-0 0.644MBps 45.4ms</bind>
  <bind>Comp:11-5-1 Comp:11-4-5 0.644MBps 45.4ms</bind>
  <bind>Comp:11-4-5 Comp:11-5-1 0.644MBps 45.4ms</bind>
  <bind>Comp:11-5-2 Comp:11-4-6 0.644MBps 45.4ms</bind>
  <bind>Comp:11-4-6 Comp:11-5-2 0.644MBps 45.4ms</bind>
  <bind>Comp:11-5-3 Comp:11-4-7 0.644MBps 45.4ms</bind>
  <bind>Comp:11-4-7 Comp:11-5-3 0.644MBps 45.4ms</bind>
  <bind>Comp:11-5-0 Comp:11-4-8 0.644MBps 45.4ms</bind>
  <bind>Comp:11-4-8 Comp:11-5-0 0.644MBps 45.4ms</bind>
  <bind>Comp:11-5-1 Comp:11-4-9 0.644MBps 45.4ms</bind>
  <bind>Comp:11-4-9 Comp:11-5-1 0.644MBps 45.4ms</bind>
  <bind>Comp:11-5-0 Appliance-4 0.723MBps 37.4ms</bind>
  <bind>Appliance-4 Comp:11-5-0 0.723MBps 37.4ms</bind>
  <bind>Comp:11-5-1 Appliance-15 0.723MBps 37.4ms</bind>
  <bind>Appliance-15 Comp:11-5-1 0.723MBps 37.4ms</bind>
  <bind>Comp:11-5-2 Appliance-10 0.723MBps 37.4ms</bind>
  <bind>Appliance-10 Comp:11-5-2 0.723MBps 37.4ms</bind>
  <bind>Comp:11-5-3 Appliance-14 0.723MBps 37.4ms</bind>
  <bind>Appliance-14 Comp:11-5-3 0.723MBps 37.4ms</bind>
  <bind>Comp:11-5-0 Appliance-14 0.723MBps 37.4ms</bind>
  <bind>Appliance-14 Comp:11-5-0 0.723MBps 37.4ms</bind>
  <bind>Comp:11-5-1 Appliance-4 0.723MBps 37.4ms</bind>
  <bind>Appliance-4 Comp:11-5-1 0.723MBps 37.4ms</bind>
  <bind>Comp:11-5-2 Appliance-27 0.723MBps 37.4ms</bind>
  <bind>Appliance-27 Comp:11-5-2 0.723MBps 37.4ms</bind>
  <bind>Comp:11-5-3 Appliance-31 0.723MBps 37.4ms</bind>
  <bind>Appliance-31 Comp:11-5-3 0.723MBps 37.4ms</bind>
  <bind>Comp:11-5-0 Appliance-27 0.723MBps 37.4ms</bind>
  <bind>Appliance-27 Comp:11-5-0 0.723MBps 37.4ms</bind>
  <bind>Comp:11-5-1 Appliance-7 0.723MBps 37.4ms</bind>
  <bind>Appliance-7 Comp:11-5-1 0.723MBps 37.4ms</bind>
</app>
<app>
  <id>App12</id>
<comp>
  <id>Comp:12-1-0</id>
  <CPU>0.502Gf</CPU>
  <RAM>0.263GB</RAM>
  <DISK>0.383GB</DISK>
</comp>
<comp>
  <id>Comp:12-1-1</id>
  <CPU>0.502Gf</CPU>
  <RAM>0.263GB</RAM>
  <DISK>0.383GB</DISK>
</comp>
<comp>
  <id>Comp:12-1-2</id>
  <CPU>0.502Gf</CPU>
  <RAM>0.263GB</RAM>
  <DISK>0.383GB</DISK>
</comp>
<comp>
  <id>Comp:12-1-3</id>
  <CPU>0.502Gf</CPU>
  <RAM>0.263GB</RAM>
  <DISK>0.383GB</DISK>
</comp>
<comp>
  <id>Comp:12-1-4</id>
  <CPU>0.502Gf</CPU>
  <RAM>0.263GB</RAM>
  <DISK>0.383GB</DISK>
</comp>
<comp>
  <id>Comp:12-2-0</id>
  <CPU>0.693Gf</CPU>
  <RAM>0.959GB</RAM>
  <DISK>0.538GB</DISK>
</comp>
<comp>
  <id>Comp:12-2-1</id>
  <CPU>0.693Gf</CPU>
  <RAM>0.959GB</RAM>
  <DISK>0.538GB</DISK>
</comp>
<comp>
  <id>Comp:12-2-2</id>
  <CPU>0.693Gf</CPU>
  <RAM>0.959GB</RAM>
  <DISK>0.538GB</DISK>
</comp>
<comp>
  <id>Comp:12-2-3</id>
  <CPU>0.693Gf</CPU>
  <RAM>0.959GB</RAM>
  <DISK>0.538GB</DISK>
</comp>
<comp>
  <id>Comp:12-2-4</id>
  <CPU>0.693Gf</CPU>
  <RAM>0.959GB</RAM>
  <DISK>0.538GB</DISK>
</comp>
<comp>
  <id>Comp:12-3-0</id>
  <CPU>0.501Gf</CPU>
  <RAM>0.225GB</RAM>
  <DISK>0.231GB</DISK>
</comp>
<comp>
  <id>Comp:12-3-1</id>
  <CPU>0.501Gf</CPU>
  <RAM>0.225GB</RAM>
  <DISK>0.231GB</DISK>
</comp>
<comp>
  <id>Comp:12-3-2</id>
  <CPU>0.501Gf</CPU>
  <RAM>0.225GB</RAM>
  <DISK>0.231GB</DISK>
</comp>
<comp>
  <id>Comp:12-3-3</id>
  <CPU>0.501Gf</CPU>
  <RAM>0.225GB</RAM>
  <DISK>0.231GB</DISK>
</comp>
<comp>
  <id>Comp:12-3-4</id>
  <CPU>0.501Gf</CPU>
  <RAM>0.225GB</RAM>
  <DISK>0.231GB</DISK>
</comp>
<comp>
  <id>Comp:12-3-5</id>
  <CPU>0.501Gf</CPU>
  <RAM>0.225GB</RAM>
  <DISK>0.231GB</DISK>
</comp>
<comp>
  <id>Comp:12-3-6</id>
  <CPU>0.501Gf</CPU>
  <RAM>0.225GB</RAM>
  <DISK>0.231GB</DISK>
</comp>
<comp>
  <id>Comp:12-3-7</id>
  <CPU>0.501Gf</CPU>
  <RAM>0.225GB</RAM>
  <DISK>0.231GB</DISK>
</comp>
<comp>
  <id>Comp:12-4-0</id>
  <CPU>0.168Gf</CPU>
  <RAM>0.827GB</RAM>
  <DISK>1.9GB</DISK>
</comp>
<comp>
  <id>Comp:12-5-0</id>
  <CPU>0.145Gf</CPU>
  <RAM>0.518GB</RAM>
  <DISK>0.865GB</DISK>
</comp>
<comp>
  <id>Comp:12-5-1</id>
  <CPU>0.145Gf</CPU>
  <RAM>0.518GB</RAM>
  <DISK>0.865GB</DISK>
</comp>
<comp>
  <id>Comp:12-5-2</id>
  <CPU>0.145Gf</CPU>
  <RAM>0.518GB</RAM>
  <DISK>0.865GB</DISK>
</comp>
<comp>
  <id>Comp:12-5-3</id>
  <CPU>0.145Gf</CPU>
  <RAM>0.518GB</RAM>
  <DISK>0.865GB</DISK>
</comp>
  <bind>Comp:12-1-0 Appliance-25 0.754MBps 33.8ms</bind>
  <bind>Appliance-25 Comp:12-1-0 0.754MBps 33.8ms</bind>
  <bind>Comp:12-1-1 Appliance-10 0.754MBps 33.8ms</bind>
  <bind>Appliance-10 Comp:12-1-1 0.754MBps 33.8ms</bind>
  <bind>Comp:12-1-2 Appliance-15 0.754MBps 33.8ms</bind>
  <bind>Appliance-15 Comp:12-1-2 0.754MBps 33.8ms</bind>
  <bind>Comp:12-1-3 Appliance-25 0.754MBps 33.8ms</bind>
  <bind>Appliance-25 Comp:12-1-3 0.754MBps 33.8ms</bind>
  <bind>Comp:12-1-4 Appliance-28 0.754MBps 33.8ms</bind>
  <bind>Appliance-28 Comp:12-1-4 0.754MBps 33.8ms</bind>
  <bind>Comp:12-1-0 Appliance-17 0.754MBps 33.8ms</bind>
  <bind>Appliance-17 Comp:12-1-0 0.754MBps 33.8ms</bind>
  <bind>Comp:12-1-1 Appliance-15 0.754MBps 33.8ms</bind>
  <bind>Appliance-15 Comp:12-1-1 0.754MBps 33.8ms</bind>
  <bind>Comp:12-1-2 Appliance-5 0.754MBps 33.8ms</bind>
  <bind>Appliance-5 Comp:12-1-2 0.754MBps 33.8ms</bind>
  <bind>Comp:12-1-3 Appliance-27 0.754MBps 33.8ms</bind>
  <bind>Appliance-27 Comp:12-1-3 0.754MBps 33.8ms</bind>
  <bind>Comp:12-1-4 Appliance-17 0.754MBps 33.8ms</bind>
  <bind>Appliance-17 Comp:12-1-4 0.754MBps 33.8ms</bind>
  <bind>Comp:12-2-0 Comp:12-1-0 0.3MBps 49.1ms</bind>
  <bind>Comp:12-1-0 Comp:12-2-0 0.3MBps 49.1ms</bind>
  <bind>Comp:12-2-1 Comp:12-1-1 0.3MBps 49.1ms</bind>
  <bind>Comp:12-1-1 Comp:12-2-1 0.3MBps 49.1ms</bind>
  <bind>Comp:12-2-2 Comp:12-1-2 0.3MBps 49.1ms</bind>
  <bind>Comp:12-1-2 Comp:12-2-2 0.3MBps 49.1ms</bind>
  <bind>Comp:12-2-3 Comp:12-1-3 0.3MBps 49.1ms</bind>
  <bind>Comp:12-1-3 Comp:12-2-3 0.3MBps 49.1ms</bind>
  <bind>Comp:12-2-4 Comp:12-1-4 0.3MBps 49.1ms</bind>
  <bind>Comp:12-1-4 Comp:12-2-4 0.3MBps 49.1ms</bind>
  <bind>Comp:12-3-0 Comp:12-2-0 0.659MBps 48.6ms</bind>
  <bind>Comp:12-2-0 Comp:12-3-0 0.659MBps 48.6ms</bind>
  <bind>Comp:12-3-1 Comp:12-2-1 0.659MBps 48.6ms</bind>
  <bind>Comp:12-2-1 Comp:12-3-1 0.659MBps 48.6ms</bind>
  <bind>Comp:12-3-2 Comp:12-2-2 0.659MBps 48.6ms</bind>
  <bind>Comp:12-2-2 Comp:12-3-2 0.659MBps 48.6ms</bind>
  <bind>Comp:12-3-3 Comp:12-2-3 0.659MBps 48.6ms</bind>
  <bind>Comp:12-2-3 Comp:12-3-3 0.659MBps 48.6ms</bind>
  <bind>Comp:12-3-4 Comp:12-2-4 0.659MBps 48.6ms</bind>
  <bind>Comp:12-2-4 Comp:12-3-4 0.659MBps 48.6ms</bind>
  <bind>Comp:12-3-5 Comp:12-2-0 0.659MBps 48.6ms</bind>
  <bind>Comp:12-2-0 Comp:12-3-5 0.659MBps 48.6ms</bind>
  <bind>Comp:12-3-6 Comp:12-2-1 0.659MBps 48.6ms</bind>
  <bind>Comp:12-2-1 Comp:12-3-6 0.659MBps 48.6ms</bind>
  <bind>Comp:12-3-7 Comp:12-2-2 0.659MBps 48.6ms</bind>
  <bind>Comp:12-2-2 Comp:12-3-7 0.659MBps 48.6ms</bind>
  <bind>Comp:12-4-0 Comp:12-3-0 0.627MBps 31.0ms</bind>
  <bind>Comp:12-3-0 Comp:12-4-0 0.627MBps 31.0ms</bind>
  <bind>Comp:12-4-0 Comp:12-3-1 0.627MBps 31.0ms</bind>
  <bind>Comp:12-3-1 Comp:12-4-0 0.627MBps 31.0ms</bind>
  <bind>Comp:12-4-0 Comp:12-3-2 0.627MBps 31.0ms</bind>
  <bind>Comp:12-3-2 Comp:12-4-0 0.627MBps 31.0ms</bind>
  <bind>Comp:12-4-0 Comp:12-3-3 0.627MBps 31.0ms</bind>
  <bind>Comp:12-3-3 Comp:12-4-0 0.627MBps 31.0ms</bind>
  <bind>Comp:12-4-0 Comp:12-3-4 0.627MBps 31.0ms</bind>
  <bind>Comp:12-3-4 Comp:12-4-0 0.627MBps 31.0ms</bind>
  <bind>Comp:12-4-0 Comp:12-3-5 0.627MBps 31.0ms</bind>
  <bind>Comp:12-3-5 Comp:12-4-0 0.627MBps 31.0ms</bind>
  <bind>Comp:12-4-0 Comp:12-3-6 0.627MBps 31.0ms</bind>
  <bind>Comp:12-3-6 Comp:12-4-0 0.627MBps 31.0ms</bind>
  <bind>Comp:12-4-0 Comp:12-3-7 0.627MBps 31.0ms</bind>
  <bind>Comp:12-3-7 Comp:12-4-0 0.627MBps 31.0ms</bind>
  <bind>Comp:12-4-0 Comp:12-5-0 0.945MBps 48.4ms</bind>
  <bind>Comp:12-5-0 Comp:12-4-0 0.945MBps 48.4ms</bind>
  <bind>Comp:12-4-0 Comp:12-5-1 0.945MBps 48.4ms</bind>
  <bind>Comp:12-5-1 Comp:12-4-0 0.945MBps 48.4ms</bind>
  <bind>Comp:12-4-0 Comp:12-5-2 0.945MBps 48.4ms</bind>
  <bind>Comp:12-5-2 Comp:12-4-0 0.945MBps 48.4ms</bind>
  <bind>Comp:12-4-0 Comp:12-5-3 0.945MBps 48.4ms</bind>
  <bind>Comp:12-5-3 Comp:12-4-0 0.945MBps 48.4ms</bind>
</app>
<app>
  <id>App13</id>
<comp>
  <id>Comp:13-0-0</id>
  <CPU>0.178Gf</CPU>
  <RAM>0.599GB</RAM>
  <DISK>1.6GB</DISK>
</comp>
<comp>
  <id>Comp:13-0-1</id>
  <CPU>0.178Gf</CPU>
  <RAM>0.599GB</RAM>
  <DISK>1.6GB</DISK>
</comp>
<comp>
  <id>Comp:13-0-2</id>
  <CPU>0.178Gf</CPU>
  <RAM>0.599GB</RAM>
  <DISK>1.6GB</DISK>
</comp>
<comp>
  <id>Comp:13-0-3</id>
  <CPU>0.178Gf</CPU>
  <RAM>0.599GB</RAM>
  <DISK>1.6GB</DISK>
</comp>
<comp>
  <id>Comp:13-0-4</id>
  <CPU>0.178Gf</CPU>
  <RAM>0.599GB</RAM>
  <DISK>1.6GB</DISK>
</comp>
<comp>
  <id>Comp:13-1-0</id>
  <CPU>0.54Gf</CPU>
  <RAM>0.107GB</RAM>
  <DISK>1.56GB</DISK>
</comp>
<comp>
  <id>Comp:13-2-0</id>
  <CPU>0.532Gf</CPU>
  <RAM>0.572GB</RAM>
  <DISK>1.13GB</DISK>
</comp>
<comp>
  <id>Comp:13-2-1</id>
  <CPU>0.532Gf</CPU>
  <RAM>0.572GB</RAM>
  <DISK>1.13GB</DISK>
</comp>
<comp>
  <id>Comp:13-2-2</id>
  <CPU>0.532Gf</CPU>
  <RAM>0.572GB</RAM>
  <DISK>1.13GB</DISK>
</comp>
<comp>
  <id>Comp:13-2-3</id>
  <CPU>0.532Gf</CPU>
  <RAM>0.572GB</RAM>
  <DISK>1.13GB</DISK>
</comp>
<comp>
  <id>Comp:13-2-4</id>
  <CPU>0.532Gf</CPU>
  <RAM>0.572GB</RAM>
  <DISK>1.13GB</DISK>
</comp>
<comp>
  <id>Comp:13-2-5</id>
  <CPU>0.532Gf</CPU>
  <RAM>0.572GB</RAM>
  <DISK>1.13GB</DISK>
</comp>
<comp>
  <id>Comp:13-2-6</id>
  <CPU>0.532Gf</CPU>
  <RAM>0.572GB</RAM>
  <DISK>1.13GB</DISK>
</comp>
<comp>
  <id>Comp:13-2-7</id>
  <CPU>0.532Gf</CPU>
  <RAM>0.572GB</RAM>
  <DISK>1.13GB</DISK>
</comp>
<comp>
  <id>Comp:13-3-0</id>
  <CPU>0.877Gf</CPU>
  <RAM>0.98GB</RAM>
  <DISK>0.00438GB</DISK>
</comp>
<comp>
  <id>Comp:13-3-1</id>
  <CPU>0.877Gf</CPU>
  <RAM>0.98GB</RAM>
  <DISK>0.00438GB</DISK>
</comp>
<comp>
  <id>Comp:13-4-0</id>
  <CPU>0.293Gf</CPU>
  <RAM>0.216GB</RAM>
  <DISK>1.35GB</DISK>
</comp>
<comp>
  <id>Comp:13-4-1</id>
  <CPU>0.293Gf</CPU>
  <RAM>0.216GB</RAM>
  <DISK>1.35GB</DISK>
</comp>
<comp>
  <id>Comp:13-5-0</id>
  <CPU>0.131Gf</CPU>
  <RAM>0.103GB</RAM>
  <DISK>0.162GB</DISK>
</comp>
<comp>
  <id>Comp:13-5-1</id>
  <CPU>0.131Gf</CPU>
  <RAM>0.103GB</RAM>
  <DISK>0.162GB</DISK>
</comp>
<comp>
  <id>Comp:13-5-2</id>
  <CPU>0.131Gf</CPU>
  <RAM>0.103GB</RAM>
  <DISK>0.162GB</DISK>
</comp>
<comp>
  <id>Comp:13-5-3</id>
  <CPU>0.131Gf</CPU>
  <RAM>0.103GB</RAM>
  <DISK>0.162GB</DISK>
</comp>
<comp>
  <id>Comp:13-5-4</id>
  <CPU>0.131Gf</CPU>
  <RAM>0.103GB</RAM>
  <DISK>0.162GB</DISK>
</comp>
<comp>
  <id>Comp:13-5-5</id>
  <CPU>0.131Gf</CPU>
  <RAM>0.103GB</RAM>
  <DISK>0.162GB</DISK>
</comp>
<comp>
  <id>Comp:13-5-6</id>
  <CPU>0.131Gf</CPU>
  <RAM>0.103GB</RAM>
  <DISK>0.162GB</DISK>
</comp>
<comp>
  <id>Comp:13-5-7</id>
  <CPU>0.131Gf</CPU>
  <RAM>0.103GB</RAM>
  <DISK>0.162GB</DISK>
</comp>
<comp>
  <id>Comp:13-5-8</id>
  <CPU>0.131Gf</CPU>
  <RAM>0.103GB</RAM>
  <DISK>0.162GB</DISK>
</comp>
<comp>
  <id>Comp:13-5-9</id>
  <CPU>0.131Gf</CPU>
  <RAM>0.103GB</RAM>
  <DISK>0.162GB</DISK>
</comp>
  <bind>Comp:13-1-0 Comp:13-0-0 0.672MBps 46.8ms</bind>
  <bind>Comp:13-0-0 Comp:13-1-0 0.672MBps 46.8ms</bind>
  <bind>Comp:13-1-0 Comp:13-0-1 0.672MBps 46.8ms</bind>
  <bind>Comp:13-0-1 Comp:13-1-0 0.672MBps 46.8ms</bind>
  <bind>Comp:13-1-0 Comp:13-0-2 0.672MBps 46.8ms</bind>
  <bind>Comp:13-0-2 Comp:13-1-0 0.672MBps 46.8ms</bind>
  <bind>Comp:13-1-0 Comp:13-0-3 0.672MBps 46.8ms</bind>
  <bind>Comp:13-0-3 Comp:13-1-0 0.672MBps 46.8ms</bind>
  <bind>Comp:13-1-0 Comp:13-0-4 0.672MBps 46.8ms</bind>
  <bind>Comp:13-0-4 Comp:13-1-0 0.672MBps 46.8ms</bind>
  <bind>Comp:13-2-0 Comp:13-1-0 0.0595MBps 28.6ms</bind>
  <bind>Comp:13-1-0 Comp:13-2-0 0.0595MBps 28.6ms</bind>
  <bind>Comp:13-2-1 Comp:13-1-0 0.0595MBps 28.6ms</bind>
  <bind>Comp:13-1-0 Comp:13-2-1 0.0595MBps 28.6ms</bind>
  <bind>Comp:13-2-2 Comp:13-1-0 0.0595MBps 28.6ms</bind>
  <bind>Comp:13-1-0 Comp:13-2-2 0.0595MBps 28.6ms</bind>
  <bind>Comp:13-2-3 Comp:13-1-0 0.0595MBps 28.6ms</bind>
  <bind>Comp:13-1-0 Comp:13-2-3 0.0595MBps 28.6ms</bind>
  <bind>Comp:13-2-4 Comp:13-1-0 0.0595MBps 28.6ms</bind>
  <bind>Comp:13-1-0 Comp:13-2-4 0.0595MBps 28.6ms</bind>
  <bind>Comp:13-2-5 Comp:13-1-0 0.0595MBps 28.6ms</bind>
  <bind>Comp:13-1-0 Comp:13-2-5 0.0595MBps 28.6ms</bind>
  <bind>Comp:13-2-6 Comp:13-1-0 0.0595MBps 28.6ms</bind>
  <bind>Comp:13-1-0 Comp:13-2-6 0.0595MBps 28.6ms</bind>
  <bind>Comp:13-2-7 Comp:13-1-0 0.0595MBps 28.6ms</bind>
  <bind>Comp:13-1-0 Comp:13-2-7 0.0595MBps 28.6ms</bind>
  <bind>Comp:13-3-0 Comp:13-2-0 0.823MBps 45.8ms</bind>
  <bind>Comp:13-2-0 Comp:13-3-0 0.823MBps 45.8ms</bind>
  <bind>Comp:13-3-1 Comp:13-2-1 0.823MBps 45.8ms</bind>
  <bind>Comp:13-2-1 Comp:13-3-1 0.823MBps 45.8ms</bind>
  <bind>Comp:13-3-0 Comp:13-2-2 0.823MBps 45.8ms</bind>
  <bind>Comp:13-2-2 Comp:13-3-0 0.823MBps 45.8ms</bind>
  <bind>Comp:13-3-1 Comp:13-2-3 0.823MBps 45.8ms</bind>
  <bind>Comp:13-2-3 Comp:13-3-1 0.823MBps 45.8ms</bind>
  <bind>Comp:13-3-0 Comp:13-2-4 0.823MBps 45.8ms</bind>
  <bind>Comp:13-2-4 Comp:13-3-0 0.823MBps 45.8ms</bind>
  <bind>Comp:13-3-1 Comp:13-2-5 0.823MBps 45.8ms</bind>
  <bind>Comp:13-2-5 Comp:13-3-1 0.823MBps 45.8ms</bind>
  <bind>Comp:13-3-0 Comp:13-2-6 0.823MBps 45.8ms</bind>
  <bind>Comp:13-2-6 Comp:13-3-0 0.823MBps 45.8ms</bind>
  <bind>Comp:13-3-1 Comp:13-2-7 0.823MBps 45.8ms</bind>
  <bind>Comp:13-2-7 Comp:13-3-1 0.823MBps 45.8ms</bind>
  <bind>Comp:13-4-0 Comp:13-3-0 0.795MBps 48.3ms</bind>
  <bind>Comp:13-3-0 Comp:13-4-0 0.795MBps 48.3ms</bind>
  <bind>Comp:13-4-1 Comp:13-3-1 0.795MBps 48.3ms</bind>
  <bind>Comp:13-3-1 Comp:13-4-1 0.795MBps 48.3ms</bind>
  <bind>Comp:13-5-0 Comp:13-4-0 0.577MBps 27.5ms</bind>
  <bind>Comp:13-4-0 Comp:13-5-0 0.577MBps 27.5ms</bind>
  <bind>Comp:13-5-1 Comp:13-4-1 0.577MBps 27.5ms</bind>
  <bind>Comp:13-4-1 Comp:13-5-1 0.577MBps 27.5ms</bind>
  <bind>Comp:13-5-2 Comp:13-4-0 0.577MBps 27.5ms</bind>
  <bind>Comp:13-4-0 Comp:13-5-2 0.577MBps 27.5ms</bind>
  <bind>Comp:13-5-3 Comp:13-4-1 0.577MBps 27.5ms</bind>
  <bind>Comp:13-4-1 Comp:13-5-3 0.577MBps 27.5ms</bind>
  <bind>Comp:13-5-4 Comp:13-4-0 0.577MBps 27.5ms</bind>
  <bind>Comp:13-4-0 Comp:13-5-4 0.577MBps 27.5ms</bind>
  <bind>Comp:13-5-5 Comp:13-4-1 0.577MBps 27.5ms</bind>
  <bind>Comp:13-4-1 Comp:13-5-5 0.577MBps 27.5ms</bind>
  <bind>Comp:13-5-6 Comp:13-4-0 0.577MBps 27.5ms</bind>
  <bind>Comp:13-4-0 Comp:13-5-6 0.577MBps 27.5ms</bind>
  <bind>Comp:13-5-7 Comp:13-4-1 0.577MBps 27.5ms</bind>
  <bind>Comp:13-4-1 Comp:13-5-7 0.577MBps 27.5ms</bind>
  <bind>Comp:13-5-8 Comp:13-4-0 0.577MBps 27.5ms</bind>
  <bind>Comp:13-4-0 Comp:13-5-8 0.577MBps 27.5ms</bind>
  <bind>Comp:13-5-9 Comp:13-4-1 0.577MBps 27.5ms</bind>
  <bind>Comp:13-4-1 Comp:13-5-9 0.577MBps 27.5ms</bind>
  <bind>Comp:13-5-0 Appliance-35 0.254MBps 48.6ms</bind>
  <bind>Appliance-35 Comp:13-5-0 0.254MBps 48.6ms</bind>
  <bind>Comp:13-5-1 Appliance-35 0.254MBps 48.6ms</bind>
  <bind>Appliance-35 Comp:13-5-1 0.254MBps 48.6ms</bind>
  <bind>Comp:13-5-2 Appliance-8 0.254MBps 48.6ms</bind>
  <bind>Appliance-8 Comp:13-5-2 0.254MBps 48.6ms</bind>
  <bind>Comp:13-5-3 Appliance-35 0.254MBps 48.6ms</bind>
  <bind>Appliance-35 Comp:13-5-3 0.254MBps 48.6ms</bind>
  <bind>Comp:13-5-4 Appliance-35 0.254MBps 48.6ms</bind>
  <bind>Appliance-35 Comp:13-5-4 0.254MBps 48.6ms</bind>
  <bind>Comp:13-5-5 Appliance-8 0.254MBps 48.6ms</bind>
  <bind>Appliance-8 Comp:13-5-5 0.254MBps 48.6ms</bind>
  <bind>Comp:13-5-6 Appliance-35 0.254MBps 48.6ms</bind>
  <bind>Appliance-35 Comp:13-5-6 0.254MBps 48.6ms</bind>
  <bind>Comp:13-5-7 Appliance-35 0.254MBps 48.6ms</bind>
  <bind>Appliance-35 Comp:13-5-7 0.254MBps 48.6ms</bind>
  <bind>Comp:13-5-8 Appliance-8 0.254MBps 48.6ms</bind>
  <bind>Appliance-8 Comp:13-5-8 0.254MBps 48.6ms</bind>
  <bind>Comp:13-5-9 Appliance-35 0.254MBps 48.6ms</bind>
  <bind>Appliance-35 Comp:13-5-9 0.254MBps 48.6ms</bind>
</app>
<app>
  <id>App14</id>
<comp>
  <id>Comp:14-1-0</id>
  <CPU>0.726Gf</CPU>
  <RAM>0.245GB</RAM>
  <DISK>0.55GB</DISK>
</comp>
<comp>
  <id>Comp:14-2-0</id>
  <CPU>0.178Gf</CPU>
  <RAM>0.639GB</RAM>
  <DISK>1.02GB</DISK>
</comp>
<comp>
  <id>Comp:14-3-0</id>
  <CPU>0.504Gf</CPU>
  <RAM>0.455GB</RAM>
  <DISK>0.925GB</DISK>
</comp>
<comp>
  <id>Comp:14-3-1</id>
  <CPU>0.504Gf</CPU>
  <RAM>0.455GB</RAM>
  <DISK>0.925GB</DISK>
</comp>
<comp>
  <id>Comp:14-3-2</id>
  <CPU>0.504Gf</CPU>
  <RAM>0.455GB</RAM>
  <DISK>0.925GB</DISK>
</comp>
<comp>
  <id>Comp:14-3-3</id>
  <CPU>0.504Gf</CPU>
  <RAM>0.455GB</RAM>
  <DISK>0.925GB</DISK>
</comp>
<comp>
  <id>Comp:14-3-4</id>
  <CPU>0.504Gf</CPU>
  <RAM>0.455GB</RAM>
  <DISK>0.925GB</DISK>
</comp>
<comp>
  <id>Comp:14-3-5</id>
  <CPU>0.504Gf</CPU>
  <RAM>0.455GB</RAM>
  <DISK>0.925GB</DISK>
</comp>
<comp>
  <id>Comp:14-3-6</id>
  <CPU>0.504Gf</CPU>
  <RAM>0.455GB</RAM>
  <DISK>0.925GB</DISK>
</comp>
<comp>
  <id>Comp:14-3-7</id>
  <CPU>0.504Gf</CPU>
  <RAM>0.455GB</RAM>
  <DISK>0.925GB</DISK>
</comp>
<comp>
  <id>Comp:14-3-8</id>
  <CPU>0.504Gf</CPU>
  <RAM>0.455GB</RAM>
  <DISK>0.925GB</DISK>
</comp>
  <bind>Comp:14-1-0 Appliance-7 0.648MBps 42.3ms</bind>
  <bind>Appliance-7 Comp:14-1-0 0.648MBps 42.3ms</bind>
  <bind>Comp:14-2-0 Comp:14-1-0 0.254MBps 34.4ms</bind>
  <bind>Comp:14-1-0 Comp:14-2-0 0.254MBps 34.4ms</bind>
  <bind>Comp:14-2-0 Comp:14-3-0 0.778MBps 32.3ms</bind>
  <bind>Comp:14-3-0 Comp:14-2-0 0.778MBps 32.3ms</bind>
  <bind>Comp:14-2-0 Comp:14-3-1 0.778MBps 32.3ms</bind>
  <bind>Comp:14-3-1 Comp:14-2-0 0.778MBps 32.3ms</bind>
  <bind>Comp:14-2-0 Comp:14-3-2 0.778MBps 32.3ms</bind>
  <bind>Comp:14-3-2 Comp:14-2-0 0.778MBps 32.3ms</bind>
  <bind>Comp:14-2-0 Comp:14-3-3 0.778MBps 32.3ms</bind>
  <bind>Comp:14-3-3 Comp:14-2-0 0.778MBps 32.3ms</bind>
  <bind>Comp:14-2-0 Comp:14-3-4 0.778MBps 32.3ms</bind>
  <bind>Comp:14-3-4 Comp:14-2-0 0.778MBps 32.3ms</bind>
  <bind>Comp:14-2-0 Comp:14-3-5 0.778MBps 32.3ms</bind>
  <bind>Comp:14-3-5 Comp:14-2-0 0.778MBps 32.3ms</bind>
  <bind>Comp:14-2-0 Comp:14-3-6 0.778MBps 32.3ms</bind>
  <bind>Comp:14-3-6 Comp:14-2-0 0.778MBps 32.3ms</bind>
  <bind>Comp:14-2-0 Comp:14-3-7 0.778MBps 32.3ms</bind>
  <bind>Comp:14-3-7 Comp:14-2-0 0.778MBps 32.3ms</bind>
  <bind>Comp:14-2-0 Comp:14-3-8 0.778MBps 32.3ms</bind>
  <bind>Comp:14-3-8 Comp:14-2-0 0.778MBps 32.3ms</bind>
</app>
<app>
  <id>App15</id>
<comp>
  <id>Comp:15-1-0</id>
  <CPU>0.422Gf</CPU>
  <RAM>0.164GB</RAM>
  <DISK>1.74GB</DISK>
</comp>
<comp>
  <id>Comp:15-1-1</id>
  <CPU>0.422Gf</CPU>
  <RAM>0.164GB</RAM>
  <DISK>1.74GB</DISK>
</comp>
<comp>
  <id>Comp:15-1-2</id>
  <CPU>0.422Gf</CPU>
  <RAM>0.164GB</RAM>
  <DISK>1.74GB</DISK>
</comp>
<comp>
  <id>Comp:15-1-3</id>
  <CPU>0.422Gf</CPU>
  <RAM>0.164GB</RAM>
  <DISK>1.74GB</DISK>
</comp>
<comp>
  <id>Comp:15-1-4</id>
  <CPU>0.422Gf</CPU>
  <RAM>0.164GB</RAM>
  <DISK>1.74GB</DISK>
</comp>
<comp>
  <id>Comp:15-2-0</id>
  <CPU>0.186Gf</CPU>
  <RAM>0.725GB</RAM>
  <DISK>0.586GB</DISK>
</comp>
<comp>
  <id>Comp:15-2-1</id>
  <CPU>0.186Gf</CPU>
  <RAM>0.725GB</RAM>
  <DISK>0.586GB</DISK>
</comp>
  <bind>Comp:15-1-0 Appliance-3 0.708MBps 36.9ms</bind>
  <bind>Appliance-3 Comp:15-1-0 0.708MBps 36.9ms</bind>
  <bind>Comp:15-1-1 Appliance-8 0.708MBps 36.9ms</bind>
  <bind>Appliance-8 Comp:15-1-1 0.708MBps 36.9ms</bind>
  <bind>Comp:15-1-2 Appliance-3 0.708MBps 36.9ms</bind>
  <bind>Appliance-3 Comp:15-1-2 0.708MBps 36.9ms</bind>
  <bind>Comp:15-1-3 Appliance-3 0.708MBps 36.9ms</bind>
  <bind>Appliance-3 Comp:15-1-3 0.708MBps 36.9ms</bind>
  <bind>Comp:15-1-4 Appliance-8 0.708MBps 36.9ms</bind>
  <bind>Appliance-8 Comp:15-1-4 0.708MBps 36.9ms</bind>
  <bind>Comp:15-1-0 Comp:15-2-0 0.22MBps 26.6ms</bind>
  <bind>Comp:15-2-0 Comp:15-1-0 0.22MBps 26.6ms</bind>
  <bind>Comp:15-1-1 Comp:15-2-1 0.22MBps 26.6ms</bind>
  <bind>Comp:15-2-1 Comp:15-1-1 0.22MBps 26.6ms</bind>
  <bind>Comp:15-1-2 Comp:15-2-0 0.22MBps 26.6ms</bind>
  <bind>Comp:15-2-0 Comp:15-1-2 0.22MBps 26.6ms</bind>
  <bind>Comp:15-1-3 Comp:15-2-1 0.22MBps 26.6ms</bind>
  <bind>Comp:15-2-1 Comp:15-1-3 0.22MBps 26.6ms</bind>
  <bind>Comp:15-1-4 Comp:15-2-0 0.22MBps 26.6ms</bind>
  <bind>Comp:15-2-0 Comp:15-1-4 0.22MBps 26.6ms</bind>
</app>
<app>
  <id>App16</id>
<comp>
  <id>Comp:16-0-0</id>
  <CPU>0.462Gf</CPU>
  <RAM>0.29GB</RAM>
  <DISK>1.74GB</DISK>
</comp>
<comp>
  <id>Comp:16-0-1</id>
  <CPU>0.462Gf</CPU>
  <RAM>0.29GB</RAM>
  <DISK>1.74GB</DISK>
</comp>
<comp>
  <id>Comp:16-0-2</id>
  <CPU>0.462Gf</CPU>
  <RAM>0.29GB</RAM>
  <DISK>1.74GB</DISK>
</comp>
<comp>
  <id>Comp:16-0-3</id>
  <CPU>0.462Gf</CPU>
  <RAM>0.29GB</RAM>
  <DISK>1.74GB</DISK>
</comp>
<comp>
  <id>Comp:16-0-4</id>
  <CPU>0.462Gf</CPU>
  <RAM>0.29GB</RAM>
  <DISK>1.74GB</DISK>
</comp>
<comp>
  <id>Comp:16-0-5</id>
  <CPU>0.462Gf</CPU>
  <RAM>0.29GB</RAM>
  <DISK>1.74GB</DISK>
</comp>
<comp>
  <id>Comp:16-0-6</id>
  <CPU>0.462Gf</CPU>
  <RAM>0.29GB</RAM>
  <DISK>1.74GB</DISK>
</comp>
<comp>
  <id>Comp:16-0-7</id>
  <CPU>0.462Gf</CPU>
  <RAM>0.29GB</RAM>
  <DISK>1.74GB</DISK>
</comp>
<comp>
  <id>Comp:16-0-8</id>
  <CPU>0.462Gf</CPU>
  <RAM>0.29GB</RAM>
  <DISK>1.74GB</DISK>
</comp>
<comp>
  <id>Comp:16-0-9</id>
  <CPU>0.462Gf</CPU>
  <RAM>0.29GB</RAM>
  <DISK>1.74GB</DISK>
</comp>
<comp>
  <id>Comp:16-1-0</id>
  <CPU>0.36Gf</CPU>
  <RAM>0.717GB</RAM>
  <DISK>1.93GB</DISK>
</comp>
<comp>
  <id>Comp:16-1-1</id>
  <CPU>0.36Gf</CPU>
  <RAM>0.717GB</RAM>
  <DISK>1.93GB</DISK>
</comp>
<comp>
  <id>Comp:16-1-2</id>
  <CPU>0.36Gf</CPU>
  <RAM>0.717GB</RAM>
  <DISK>1.93GB</DISK>
</comp>
<comp>
  <id>Comp:16-1-3</id>
  <CPU>0.36Gf</CPU>
  <RAM>0.717GB</RAM>
  <DISK>1.93GB</DISK>
</comp>
<comp>
  <id>Comp:16-1-4</id>
  <CPU>0.36Gf</CPU>
  <RAM>0.717GB</RAM>
  <DISK>1.93GB</DISK>
</comp>
<comp>
  <id>Comp:16-1-5</id>
  <CPU>0.36Gf</CPU>
  <RAM>0.717GB</RAM>
  <DISK>1.93GB</DISK>
</comp>
<comp>
  <id>Comp:16-1-6</id>
  <CPU>0.36Gf</CPU>
  <RAM>0.717GB</RAM>
  <DISK>1.93GB</DISK>
</comp>
<comp>
  <id>Comp:16-1-7</id>
  <CPU>0.36Gf</CPU>
  <RAM>0.717GB</RAM>
  <DISK>1.93GB</DISK>
</comp>
<comp>
  <id>Comp:16-1-8</id>
  <CPU>0.36Gf</CPU>
  <RAM>0.717GB</RAM>
  <DISK>1.93GB</DISK>
</comp>
  <bind>Comp:16-1-0 Comp:16-0-0 0.0707MBps 45.8ms</bind>
  <bind>Comp:16-0-0 Comp:16-1-0 0.0707MBps 45.8ms</bind>
  <bind>Comp:16-1-1 Comp:16-0-1 0.0707MBps 45.8ms</bind>
  <bind>Comp:16-0-1 Comp:16-1-1 0.0707MBps 45.8ms</bind>
  <bind>Comp:16-1-2 Comp:16-0-2 0.0707MBps 45.8ms</bind>
  <bind>Comp:16-0-2 Comp:16-1-2 0.0707MBps 45.8ms</bind>
  <bind>Comp:16-1-3 Comp:16-0-3 0.0707MBps 45.8ms</bind>
  <bind>Comp:16-0-3 Comp:16-1-3 0.0707MBps 45.8ms</bind>
  <bind>Comp:16-1-4 Comp:16-0-4 0.0707MBps 45.8ms</bind>
  <bind>Comp:16-0-4 Comp:16-1-4 0.0707MBps 45.8ms</bind>
  <bind>Comp:16-1-5 Comp:16-0-5 0.0707MBps 45.8ms</bind>
  <bind>Comp:16-0-5 Comp:16-1-5 0.0707MBps 45.8ms</bind>
  <bind>Comp:16-1-6 Comp:16-0-6 0.0707MBps 45.8ms</bind>
  <bind>Comp:16-0-6 Comp:16-1-6 0.0707MBps 45.8ms</bind>
  <bind>Comp:16-1-7 Comp:16-0-7 0.0707MBps 45.8ms</bind>
  <bind>Comp:16-0-7 Comp:16-1-7 0.0707MBps 45.8ms</bind>
  <bind>Comp:16-1-8 Comp:16-0-8 0.0707MBps 45.8ms</bind>
  <bind>Comp:16-0-8 Comp:16-1-8 0.0707MBps 45.8ms</bind>
  <bind>Comp:16-1-0 Comp:16-0-9 0.0707MBps 45.8ms</bind>
  <bind>Comp:16-0-9 Comp:16-1-0 0.0707MBps 45.8ms</bind>
  <bind>Comp:16-1-0 Appliance-26 0.0459MBps 33.3ms</bind>
  <bind>Appliance-26 Comp:16-1-0 0.0459MBps 33.3ms</bind>
  <bind>Comp:16-1-1 Appliance-6 0.0459MBps 33.3ms</bind>
  <bind>Appliance-6 Comp:16-1-1 0.0459MBps 33.3ms</bind>
  <bind>Comp:16-1-2 Appliance-20 0.0459MBps 33.3ms</bind>
  <bind>Appliance-20 Comp:16-1-2 0.0459MBps 33.3ms</bind>
  <bind>Comp:16-1-3 Appliance-20 0.0459MBps 33.3ms</bind>
  <bind>Appliance-20 Comp:16-1-3 0.0459MBps 33.3ms</bind>
  <bind>Comp:16-1-4 Appliance-22 0.0459MBps 33.3ms</bind>
  <bind>Appliance-22 Comp:16-1-4 0.0459MBps 33.3ms</bind>
  <bind>Comp:16-1-5 Appliance-34 0.0459MBps 33.3ms</bind>
  <bind>Appliance-34 Comp:16-1-5 0.0459MBps 33.3ms</bind>
  <bind>Comp:16-1-6 Appliance-13 0.0459MBps 33.3ms</bind>
  <bind>Appliance-13 Comp:16-1-6 0.0459MBps 33.3ms</bind>
  <bind>Comp:16-1-7 Appliance-38 0.0459MBps 33.3ms</bind>
  <bind>Appliance-38 Comp:16-1-7 0.0459MBps 33.3ms</bind>
  <bind>Comp:16-1-8 Appliance-26 0.0459MBps 33.3ms</bind>
  <bind>Appliance-26 Comp:16-1-8 0.0459MBps 33.3ms</bind>
</app>
<app>
  <id>App17</id>
<comp>
  <id>Comp:17-0-0</id>
  <CPU>0.715Gf</CPU>
  <RAM>0.374GB</RAM>
  <DISK>1.89GB</DISK>
</comp>
<comp>
  <id>Comp:17-0-1</id>
  <CPU>0.715Gf</CPU>
  <RAM>0.374GB</RAM>
  <DISK>1.89GB</DISK>
</comp>
<comp>
  <id>Comp:17-1-0</id>
  <CPU>0.39Gf</CPU>
  <RAM>0.579GB</RAM>
  <DISK>1.08GB</DISK>
</comp>
<comp>
  <id>Comp:17-1-1</id>
  <CPU>0.39Gf</CPU>
  <RAM>0.579GB</RAM>
  <DISK>1.08GB</DISK>
</comp>
<comp>
  <id>Comp:17-1-2</id>
  <CPU>0.39Gf</CPU>
  <RAM>0.579GB</RAM>
  <DISK>1.08GB</DISK>
</comp>
<comp>
  <id>Comp:17-1-3</id>
  <CPU>0.39Gf</CPU>
  <RAM>0.579GB</RAM>
  <DISK>1.08GB</DISK>
</comp>
<comp>
  <id>Comp:17-2-0</id>
  <CPU>0.365Gf</CPU>
  <RAM>0.972GB</RAM>
  <DISK>1.52GB</DISK>
</comp>
<comp>
  <id>Comp:17-2-1</id>
  <CPU>0.365Gf</CPU>
  <RAM>0.972GB</RAM>
  <DISK>1.52GB</DISK>
</comp>
<comp>
  <id>Comp:17-2-2</id>
  <CPU>0.365Gf</CPU>
  <RAM>0.972GB</RAM>
  <DISK>1.52GB</DISK>
</comp>
<comp>
  <id>Comp:17-2-3</id>
  <CPU>0.365Gf</CPU>
  <RAM>0.972GB</RAM>
  <DISK>1.52GB</DISK>
</comp>
<comp>
  <id>Comp:17-3-0</id>
  <CPU>0.732Gf</CPU>
  <RAM>0.343GB</RAM>
  <DISK>0.00199GB</DISK>
</comp>
<comp>
  <id>Comp:17-4-0</id>
  <CPU>0.349Gf</CPU>
  <RAM>0.18GB</RAM>
  <DISK>1.66GB</DISK>
</comp>
<comp>
  <id>Comp:17-5-0</id>
  <CPU>0.61Gf</CPU>
  <RAM>0.935GB</RAM>
  <DISK>1.28GB</DISK>
</comp>
<comp>
  <id>Comp:17-5-1</id>
  <CPU>0.61Gf</CPU>
  <RAM>0.935GB</RAM>
  <DISK>1.28GB</DISK>
</comp>
<comp>
  <id>Comp:17-5-2</id>
  <CPU>0.61Gf</CPU>
  <RAM>0.935GB</RAM>
  <DISK>1.28GB</DISK>
</comp>
<comp>
  <id>Comp:17-5-3</id>
  <CPU>0.61Gf</CPU>
  <RAM>0.935GB</RAM>
  <DISK>1.28GB</DISK>
</comp>
<comp>
  <id>Comp:17-5-4</id>
  <CPU>0.61Gf</CPU>
  <RAM>0.935GB</RAM>
  <DISK>1.28GB</DISK>
</comp>
<comp>
  <id>Comp:17-5-5</id>
  <CPU>0.61Gf</CPU>
  <RAM>0.935GB</RAM>
  <DISK>1.28GB</DISK>
</comp>
<comp>
  <id>Comp:17-5-6</id>
  <CPU>0.61Gf</CPU>
  <RAM>0.935GB</RAM>
  <DISK>1.28GB</DISK>
</comp>
  <bind>Comp:17-1-0 Comp:17-0-0 0.694MBps 26.2ms</bind>
  <bind>Comp:17-0-0 Comp:17-1-0 0.694MBps 26.2ms</bind>
  <bind>Comp:17-1-1 Comp:17-0-1 0.694MBps 26.2ms</bind>
  <bind>Comp:17-0-1 Comp:17-1-1 0.694MBps 26.2ms</bind>
  <bind>Comp:17-1-2 Comp:17-0-0 0.694MBps 26.2ms</bind>
  <bind>Comp:17-0-0 Comp:17-1-2 0.694MBps 26.2ms</bind>
  <bind>Comp:17-1-3 Comp:17-0-1 0.694MBps 26.2ms</bind>
  <bind>Comp:17-0-1 Comp:17-1-3 0.694MBps 26.2ms</bind>
  <bind>Comp:17-2-0 Comp:17-1-0 0.274MBps 29.9ms</bind>
  <bind>Comp:17-1-0 Comp:17-2-0 0.274MBps 29.9ms</bind>
  <bind>Comp:17-2-1 Comp:17-1-1 0.274MBps 29.9ms</bind>
  <bind>Comp:17-1-1 Comp:17-2-1 0.274MBps 29.9ms</bind>
  <bind>Comp:17-2-2 Comp:17-1-2 0.274MBps 29.9ms</bind>
  <bind>Comp:17-1-2 Comp:17-2-2 0.274MBps 29.9ms</bind>
  <bind>Comp:17-2-3 Comp:17-1-3 0.274MBps 29.9ms</bind>
  <bind>Comp:17-1-3 Comp:17-2-3 0.274MBps 29.9ms</bind>
  <bind>Comp:17-3-0 Comp:17-2-0 0.7MBps 33.7ms</bind>
  <bind>Comp:17-2-0 Comp:17-3-0 0.7MBps 33.7ms</bind>
  <bind>Comp:17-3-0 Comp:17-2-1 0.7MBps 33.7ms</bind>
  <bind>Comp:17-2-1 Comp:17-3-0 0.7MBps 33.7ms</bind>
  <bind>Comp:17-3-0 Comp:17-2-2 0.7MBps 33.7ms</bind>
  <bind>Comp:17-2-2 Comp:17-3-0 0.7MBps 33.7ms</bind>
  <bind>Comp:17-3-0 Comp:17-2-3 0.7MBps 33.7ms</bind>
  <bind>Comp:17-2-3 Comp:17-3-0 0.7MBps 33.7ms</bind>
  <bind>Comp:17-4-0 Comp:17-3-0 0.13MBps 49.7ms</bind>
  <bind>Comp:17-3-0 Comp:17-4-0 0.13MBps 49.7ms</bind>
  <bind>Comp:17-5-0 Comp:17-4-0 0.554MBps 45.7ms</bind>
  <bind>Comp:17-4-0 Comp:17-5-0 0.554MBps 45.7ms</bind>
  <bind>Comp:17-5-1 Comp:17-4-0 0.554MBps 45.7ms</bind>
  <bind>Comp:17-4-0 Comp:17-5-1 0.554MBps 45.7ms</bind>
  <bind>Comp:17-5-2 Comp:17-4-0 0.554MBps 45.7ms</bind>
  <bind>Comp:17-4-0 Comp:17-5-2 0.554MBps 45.7ms</bind>
  <bind>Comp:17-5-3 Comp:17-4-0 0.554MBps 45.7ms</bind>
  <bind>Comp:17-4-0 Comp:17-5-3 0.554MBps 45.7ms</bind>
  <bind>Comp:17-5-4 Comp:17-4-0 0.554MBps 45.7ms</bind>
  <bind>Comp:17-4-0 Comp:17-5-4 0.554MBps 45.7ms</bind>
  <bind>Comp:17-5-5 Comp:17-4-0 0.554MBps 45.7ms</bind>
  <bind>Comp:17-4-0 Comp:17-5-5 0.554MBps 45.7ms</bind>
  <bind>Comp:17-5-6 Comp:17-4-0 0.554MBps 45.7ms</bind>
  <bind>Comp:17-4-0 Comp:17-5-6 0.554MBps 45.7ms</bind>
  <bind>Comp:17-5-0 Appliance-29 0.702MBps 35.8ms</bind>
  <bind>Appliance-29 Comp:17-5-0 0.702MBps 35.8ms</bind>
  <bind>Comp:17-5-1 Appliance-22 0.702MBps 35.8ms</bind>
  <bind>Appliance-22 Comp:17-5-1 0.702MBps 35.8ms</bind>
  <bind>Comp:17-5-2 Appliance-20 0.702MBps 35.8ms</bind>
  <bind>Appliance-20 Comp:17-5-2 0.702MBps 35.8ms</bind>
  <bind>Comp:17-5-3 Appliance-33 0.702MBps 35.8ms</bind>
  <bind>Appliance-33 Comp:17-5-3 0.702MBps 35.8ms</bind>
  <bind>Comp:17-5-4 Appliance-34 0.702MBps 35.8ms</bind>
  <bind>Appliance-34 Comp:17-5-4 0.702MBps 35.8ms</bind>
  <bind>Comp:17-5-5 Appliance-20 0.702MBps 35.8ms</bind>
  <bind>Appliance-20 Comp:17-5-5 0.702MBps 35.8ms</bind>
  <bind>Comp:17-5-6 Appliance-33 0.702MBps 35.8ms</bind>
  <bind>Appliance-33 Comp:17-5-6 0.702MBps 35.8ms</bind>
  <bind>Comp:17-5-0 Appliance-9 0.702MBps 35.8ms</bind>
  <bind>Appliance-9 Comp:17-5-0 0.702MBps 35.8ms</bind>
</app>
<app>
  <id>App18</id>
<comp>
  <id>Comp:18-1-0</id>
  <CPU>0.765Gf</CPU>
  <RAM>0.113GB</RAM>
  <DISK>0.745GB</DISK>
</comp>
<comp>
  <id>Comp:18-2-0</id>
  <CPU>0.378Gf</CPU>
  <RAM>0.816GB</RAM>
  <DISK>1.04GB</DISK>
</comp>
<comp>
  <id>Comp:18-2-1</id>
  <CPU>0.378Gf</CPU>
  <RAM>0.816GB</RAM>
  <DISK>1.04GB</DISK>
</comp>
<comp>
  <id>Comp:18-2-2</id>
  <CPU>0.378Gf</CPU>
  <RAM>0.816GB</RAM>
  <DISK>1.04GB</DISK>
</comp>
<comp>
  <id>Comp:18-2-3</id>
  <CPU>0.378Gf</CPU>
  <RAM>0.816GB</RAM>
  <DISK>1.04GB</DISK>
</comp>
<comp>
  <id>Comp:18-2-4</id>
  <CPU>0.378Gf</CPU>
  <RAM>0.816GB</RAM>
  <DISK>1.04GB</DISK>
</comp>
<comp>
  <id>Comp:18-3-0</id>
  <CPU>0.209Gf</CPU>
  <RAM>0.955GB</RAM>
  <DISK>0.764GB</DISK>
</comp>
<comp>
  <id>Comp:18-3-1</id>
  <CPU>0.209Gf</CPU>
  <RAM>0.955GB</RAM>
  <DISK>0.764GB</DISK>
</comp>
<comp>
  <id>Comp:18-3-2</id>
  <CPU>0.209Gf</CPU>
  <RAM>0.955GB</RAM>
  <DISK>0.764GB</DISK>
</comp>
<comp>
  <id>Comp:18-3-3</id>
  <CPU>0.209Gf</CPU>
  <RAM>0.955GB</RAM>
  <DISK>0.764GB</DISK>
</comp>
<comp>
  <id>Comp:18-3-4</id>
  <CPU>0.209Gf</CPU>
  <RAM>0.955GB</RAM>
  <DISK>0.764GB</DISK>
</comp>
<comp>
  <id>Comp:18-3-5</id>
  <CPU>0.209Gf</CPU>
  <RAM>0.955GB</RAM>
  <DISK>0.764GB</DISK>
</comp>
<comp>
  <id>Comp:18-3-6</id>
  <CPU>0.209Gf</CPU>
  <RAM>0.955GB</RAM>
  <DISK>0.764GB</DISK>
</comp>
<comp>
  <id>Comp:18-4-0</id>
  <CPU>0.587Gf</CPU>
  <RAM>0.982GB</RAM>
  <DISK>0.911GB</DISK>
</comp>
<comp>
  <id>Comp:18-4-1</id>
  <CPU>0.587Gf</CPU>
  <RAM>0.982GB</RAM>
  <DISK>0.911GB</DISK>
</comp>
<comp>
  <id>Comp:18-4-2</id>
  <CPU>0.587Gf</CPU>
  <RAM>0.982GB</RAM>
  <DISK>0.911GB</DISK>
</comp>
<comp>
  <id>Comp:18-4-3</id>
  <CPU>0.587Gf</CPU>
  <RAM>0.982GB</RAM>
  <DISK>0.911GB</DISK>
</comp>
<comp>
  <id>Comp:18-4-4</id>
  <CPU>0.587Gf</CPU>
  <RAM>0.982GB</RAM>
  <DISK>0.911GB</DISK>
</comp>
<comp>
  <id>Comp:18-5-0</id>
  <CPU>0.558Gf</CPU>
  <RAM>0.955GB</RAM>
  <DISK>0.396GB</DISK>
</comp>
<comp>
  <id>Comp:18-5-1</id>
  <CPU>0.558Gf</CPU>
  <RAM>0.955GB</RAM>
  <DISK>0.396GB</DISK>
</comp>
<comp>
  <id>Comp:18-5-2</id>
  <CPU>0.558Gf</CPU>
  <RAM>0.955GB</RAM>
  <DISK>0.396GB</DISK>
</comp>
<comp>
  <id>Comp:18-5-3</id>
  <CPU>0.558Gf</CPU>
  <RAM>0.955GB</RAM>
  <DISK>0.396GB</DISK>
</comp>
<comp>
  <id>Comp:18-5-4</id>
  <CPU>0.558Gf</CPU>
  <RAM>0.955GB</RAM>
  <DISK>0.396GB</DISK>
</comp>
<comp>
  <id>Comp:18-5-5</id>
  <CPU>0.558Gf</CPU>
  <RAM>0.955GB</RAM>
  <DISK>0.396GB</DISK>
</comp>
<comp>
  <id>Comp:18-5-6</id>
  <CPU>0.558Gf</CPU>
  <RAM>0.955GB</RAM>
  <DISK>0.396GB</DISK>
</comp>
<comp>
  <id>Comp:18-5-7</id>
  <CPU>0.558Gf</CPU>
  <RAM>0.955GB</RAM>
  <DISK>0.396GB</DISK>
</comp>
<comp>
  <id>Comp:18-5-8</id>
  <CPU>0.558Gf</CPU>
  <RAM>0.955GB</RAM>
  <DISK>0.396GB</DISK>
</comp>
<comp>
  <id>Comp:18-6-0</id>
  <CPU>0.555Gf</CPU>
  <RAM>0.784GB</RAM>
  <DISK>0.079GB</DISK>
</comp>
<comp>
  <id>Comp:18-6-1</id>
  <CPU>0.555Gf</CPU>
  <RAM>0.784GB</RAM>
  <DISK>0.079GB</DISK>
</comp>
<comp>
  <id>Comp:18-6-2</id>
  <CPU>0.555Gf</CPU>
  <RAM>0.784GB</RAM>
  <DISK>0.079GB</DISK>
</comp>
  <bind>Comp:18-1-0 Appliance-37 0.214MBps 43.8ms</bind>
  <bind>Appliance-37 Comp:18-1-0 0.214MBps 43.8ms</bind>
  <bind>Comp:18-1-0 Appliance-36 0.214MBps 43.8ms</bind>
  <bind>Appliance-36 Comp:18-1-0 0.214MBps 43.8ms</bind>
  <bind>Comp:18-1-0 Appliance-33 0.214MBps 43.8ms</bind>
  <bind>Appliance-33 Comp:18-1-0 0.214MBps 43.8ms</bind>
  <bind>Comp:18-1-0 Appliance-3 0.214MBps 43.8ms</bind>
  <bind>Appliance-3 Comp:18-1-0 0.214MBps 43.8ms</bind>
  <bind>Comp:18-1-0 Appliance-0 0.214MBps 43.8ms</bind>
  <bind>Appliance-0 Comp:18-1-0 0.214MBps 43.8ms</bind>
  <bind>Comp:18-1-0 Appliance-9 0.214MBps 43.8ms</bind>
  <bind>Appliance-9 Comp:18-1-0 0.214MBps 43.8ms</bind>
  <bind>Comp:18-2-0 Comp:18-1-0 0.112MBps 36.6ms</bind>
  <bind>Comp:18-1-0 Comp:18-2-0 0.112MBps 36.6ms</bind>
  <bind>Comp:18-2-1 Comp:18-1-0 0.112MBps 36.6ms</bind>
  <bind>Comp:18-1-0 Comp:18-2-1 0.112MBps 36.6ms</bind>
  <bind>Comp:18-2-2 Comp:18-1-0 0.112MBps 36.6ms</bind>
  <bind>Comp:18-1-0 Comp:18-2-2 0.112MBps 36.6ms</bind>
  <bind>Comp:18-2-3 Comp:18-1-0 0.112MBps 36.6ms</bind>
  <bind>Comp:18-1-0 Comp:18-2-3 0.112MBps 36.6ms</bind>
  <bind>Comp:18-2-4 Comp:18-1-0 0.112MBps 36.6ms</bind>
  <bind>Comp:18-1-0 Comp:18-2-4 0.112MBps 36.6ms</bind>
  <bind>Comp:18-3-0 Comp:18-2-0 0.544MBps 49.5ms</bind>
  <bind>Comp:18-2-0 Comp:18-3-0 0.544MBps 49.5ms</bind>
  <bind>Comp:18-3-1 Comp:18-2-1 0.544MBps 49.5ms</bind>
  <bind>Comp:18-2-1 Comp:18-3-1 0.544MBps 49.5ms</bind>
  <bind>Comp:18-3-2 Comp:18-2-2 0.544MBps 49.5ms</bind>
  <bind>Comp:18-2-2 Comp:18-3-2 0.544MBps 49.5ms</bind>
  <bind>Comp:18-3-3 Comp:18-2-3 0.544MBps 49.5ms</bind>
  <bind>Comp:18-2-3 Comp:18-3-3 0.544MBps 49.5ms</bind>
  <bind>Comp:18-3-4 Comp:18-2-4 0.544MBps 49.5ms</bind>
  <bind>Comp:18-2-4 Comp:18-3-4 0.544MBps 49.5ms</bind>
  <bind>Comp:18-3-5 Comp:18-2-0 0.544MBps 49.5ms</bind>
  <bind>Comp:18-2-0 Comp:18-3-5 0.544MBps 49.5ms</bind>
  <bind>Comp:18-3-6 Comp:18-2-1 0.544MBps 49.5ms</bind>
  <bind>Comp:18-2-1 Comp:18-3-6 0.544MBps 49.5ms</bind>
  <bind>Comp:18-4-0 Comp:18-3-0 0.755MBps 37.7ms</bind>
  <bind>Comp:18-3-0 Comp:18-4-0 0.755MBps 37.7ms</bind>
  <bind>Comp:18-4-1 Comp:18-3-1 0.755MBps 37.7ms</bind>
  <bind>Comp:18-3-1 Comp:18-4-1 0.755MBps 37.7ms</bind>
  <bind>Comp:18-4-2 Comp:18-3-2 0.755MBps 37.7ms</bind>
  <bind>Comp:18-3-2 Comp:18-4-2 0.755MBps 37.7ms</bind>
  <bind>Comp:18-4-3 Comp:18-3-3 0.755MBps 37.7ms</bind>
  <bind>Comp:18-3-3 Comp:18-4-3 0.755MBps 37.7ms</bind>
  <bind>Comp:18-4-4 Comp:18-3-4 0.755MBps 37.7ms</bind>
  <bind>Comp:18-3-4 Comp:18-4-4 0.755MBps 37.7ms</bind>
  <bind>Comp:18-4-0 Comp:18-3-5 0.755MBps 37.7ms</bind>
  <bind>Comp:18-3-5 Comp:18-4-0 0.755MBps 37.7ms</bind>
  <bind>Comp:18-4-1 Comp:18-3-6 0.755MBps 37.7ms</bind>
  <bind>Comp:18-3-6 Comp:18-4-1 0.755MBps 37.7ms</bind>
  <bind>Comp:18-5-0 Comp:18-4-0 0.622MBps 26.0ms</bind>
  <bind>Comp:18-4-0 Comp:18-5-0 0.622MBps 26.0ms</bind>
  <bind>Comp:18-5-1 Comp:18-4-1 0.622MBps 26.0ms</bind>
  <bind>Comp:18-4-1 Comp:18-5-1 0.622MBps 26.0ms</bind>
  <bind>Comp:18-5-2 Comp:18-4-2 0.622MBps 26.0ms</bind>
  <bind>Comp:18-4-2 Comp:18-5-2 0.622MBps 26.0ms</bind>
  <bind>Comp:18-5-3 Comp:18-4-3 0.622MBps 26.0ms</bind>
  <bind>Comp:18-4-3 Comp:18-5-3 0.622MBps 26.0ms</bind>
  <bind>Comp:18-5-4 Comp:18-4-4 0.622MBps 26.0ms</bind>
  <bind>Comp:18-4-4 Comp:18-5-4 0.622MBps 26.0ms</bind>
  <bind>Comp:18-5-5 Comp:18-4-0 0.622MBps 26.0ms</bind>
  <bind>Comp:18-4-0 Comp:18-5-5 0.622MBps 26.0ms</bind>
  <bind>Comp:18-5-6 Comp:18-4-1 0.622MBps 26.0ms</bind>
  <bind>Comp:18-4-1 Comp:18-5-6 0.622MBps 26.0ms</bind>
  <bind>Comp:18-5-7 Comp:18-4-2 0.622MBps 26.0ms</bind>
  <bind>Comp:18-4-2 Comp:18-5-7 0.622MBps 26.0ms</bind>
  <bind>Comp:18-5-8 Comp:18-4-3 0.622MBps 26.0ms</bind>
  <bind>Comp:18-4-3 Comp:18-5-8 0.622MBps 26.0ms</bind>
  <bind>Comp:18-5-0 Comp:18-6-0 0.713MBps 25.3ms</bind>
  <bind>Comp:18-6-0 Comp:18-5-0 0.713MBps 25.3ms</bind>
  <bind>Comp:18-5-1 Comp:18-6-1 0.713MBps 25.3ms</bind>
  <bind>Comp:18-6-1 Comp:18-5-1 0.713MBps 25.3ms</bind>
  <bind>Comp:18-5-2 Comp:18-6-2 0.713MBps 25.3ms</bind>
  <bind>Comp:18-6-2 Comp:18-5-2 0.713MBps 25.3ms</bind>
  <bind>Comp:18-5-3 Comp:18-6-0 0.713MBps 25.3ms</bind>
  <bind>Comp:18-6-0 Comp:18-5-3 0.713MBps 25.3ms</bind>
  <bind>Comp:18-5-4 Comp:18-6-1 0.713MBps 25.3ms</bind>
  <bind>Comp:18-6-1 Comp:18-5-4 0.713MBps 25.3ms</bind>
  <bind>Comp:18-5-5 Comp:18-6-2 0.713MBps 25.3ms</bind>
  <bind>Comp:18-6-2 Comp:18-5-5 0.713MBps 25.3ms</bind>
  <bind>Comp:18-5-6 Comp:18-6-0 0.713MBps 25.3ms</bind>
  <bind>Comp:18-6-0 Comp:18-5-6 0.713MBps 25.3ms</bind>
  <bind>Comp:18-5-7 Comp:18-6-1 0.713MBps 25.3ms</bind>
  <bind>Comp:18-6-1 Comp:18-5-7 0.713MBps 25.3ms</bind>
  <bind>Comp:18-5-8 Comp:18-6-2 0.713MBps 25.3ms</bind>
  <bind>Comp:18-6-2 Comp:18-5-8 0.713MBps 25.3ms</bind>
</app>
<app>
  <id>App19</id>
<comp>
  <id>Comp:19-1-0</id>
  <CPU>0.632Gf</CPU>
  <RAM>0.529GB</RAM>
  <DISK>0.766GB</DISK>
</comp>
<comp>
  <id>Comp:19-1-1</id>
  <CPU>0.632Gf</CPU>
  <RAM>0.529GB</RAM>
  <DISK>0.766GB</DISK>
</comp>
<comp>
  <id>Comp:19-1-2</id>
  <CPU>0.632Gf</CPU>
  <RAM>0.529GB</RAM>
  <DISK>0.766GB</DISK>
</comp>
<comp>
  <id>Comp:19-1-3</id>
  <CPU>0.632Gf</CPU>
  <RAM>0.529GB</RAM>
  <DISK>0.766GB</DISK>
</comp>
<comp>
  <id>Comp:19-1-4</id>
  <CPU>0.632Gf</CPU>
  <RAM>0.529GB</RAM>
  <DISK>0.766GB</DISK>
</comp>
<comp>
  <id>Comp:19-1-5</id>
  <CPU>0.632Gf</CPU>
  <RAM>0.529GB</RAM>
  <DISK>0.766GB</DISK>
</comp>
<comp>
  <id>Comp:19-1-6</id>
  <CPU>0.632Gf</CPU>
  <RAM>0.529GB</RAM>
  <DISK>0.766GB</DISK>
</comp>
<comp>
  <id>Comp:19-1-7</id>
  <CPU>0.632Gf</CPU>
  <RAM>0.529GB</RAM>
  <DISK>0.766GB</DISK>
</comp>
<comp>
  <id>Comp:19-1-8</id>
  <CPU>0.632Gf</CPU>
  <RAM>0.529GB</RAM>
  <DISK>0.766GB</DISK>
</comp>
<comp>
  <id>Comp:19-1-9</id>
  <CPU>0.632Gf</CPU>
  <RAM>0.529GB</RAM>
  <DISK>0.766GB</DISK>
</comp>
<comp>
  <id>Comp:19-2-0</id>
  <CPU>0.682Gf</CPU>
  <RAM>0.832GB</RAM>
  <DISK>1.67GB</DISK>
</comp>
  <bind>Comp:19-1-0 Appliance-29 0.0193MBps 25.5ms</bind>
  <bind>Appliance-29 Comp:19-1-0 0.0193MBps 25.5ms</bind>
  <bind>Comp:19-1-1 Appliance-0 0.0193MBps 25.5ms</bind>
  <bind>Appliance-0 Comp:19-1-1 0.0193MBps 25.5ms</bind>
  <bind>Comp:19-1-2 Appliance-29 0.0193MBps 25.5ms</bind>
  <bind>Appliance-29 Comp:19-1-2 0.0193MBps 25.5ms</bind>
  <bind>Comp:19-1-3 Appliance-29 0.0193MBps 25.5ms</bind>
  <bind>Appliance-29 Comp:19-1-3 0.0193MBps 25.5ms</bind>
  <bind>Comp:19-1-4 Appliance-34 0.0193MBps 25.5ms</bind>
  <bind>Appliance-34 Comp:19-1-4 0.0193MBps 25.5ms</bind>
  <bind>Comp:19-1-5 Appliance-9 0.0193MBps 25.5ms</bind>
  <bind>Appliance-9 Comp:19-1-5 0.0193MBps 25.5ms</bind>
  <bind>Comp:19-1-6 Appliance-24 0.0193MBps 25.5ms</bind>
  <bind>Appliance-24 Comp:19-1-6 0.0193MBps 25.5ms</bind>
  <bind>Comp:19-1-7 Appliance-34 0.0193MBps 25.5ms</bind>
  <bind>Appliance-34 Comp:19-1-7 0.0193MBps 25.5ms</bind>
  <bind>Comp:19-1-8 Appliance-32 0.0193MBps 25.5ms</bind>
  <bind>Appliance-32 Comp:19-1-8 0.0193MBps 25.5ms</bind>
  <bind>Comp:19-1-9 Appliance-8 0.0193MBps 25.5ms</bind>
  <bind>Appliance-8 Comp:19-1-9 0.0193MBps 25.5ms</bind>
  <bind>Comp:19-1-0 Comp:19-2-0 0.673MBps 44.0ms</bind>
  <bind>Comp:19-2-0 Comp:19-1-0 0.673MBps 44.0ms</bind>
  <bind>Comp:19-1-1 Comp:19-2-0 0.673MBps 44.0ms</bind>
  <bind>Comp:19-2-0 Comp:19-1-1 0.673MBps 44.0ms</bind>
  <bind>Comp:19-1-2 Comp:19-2-0 0.673MBps 44.0ms</bind>
  <bind>Comp:19-2-0 Comp:19-1-2 0.673MBps 44.0ms</bind>
  <bind>Comp:19-1-3 Comp:19-2-0 0.673MBps 44.0ms</bind>
  <bind>Comp:19-2-0 Comp:19-1-3 0.673MBps 44.0ms</bind>
  <bind>Comp:19-1-4 Comp:19-2-0 0.673MBps 44.0ms</bind>
  <bind>Comp:19-2-0 Comp:19-1-4 0.673MBps 44.0ms</bind>
  <bind>Comp:19-1-5 Comp:19-2-0 0.673MBps 44.0ms</bind>
  <bind>Comp:19-2-0 Comp:19-1-5 0.673MBps 44.0ms</bind>
  <bind>Comp:19-1-6 Comp:19-2-0 0.673MBps 44.0ms</bind>
  <bind>Comp:19-2-0 Comp:19-1-6 0.673MBps 44.0ms</bind>
  <bind>Comp:19-1-7 Comp:19-2-0 0.673MBps 44.0ms</bind>
  <bind>Comp:19-2-0 Comp:19-1-7 0.673MBps 44.0ms</bind>
  <bind>Comp:19-1-8 Comp:19-2-0 0.673MBps 44.0ms</bind>
  <bind>Comp:19-2-0 Comp:19-1-8 0.673MBps 44.0ms</bind>
  <bind>Comp:19-1-9 Comp:19-2-0 0.673MBps 44.0ms</bind>
  <bind>Comp:19-2-0 Comp:19-1-9 0.673MBps 44.0ms</bind>
</app>
</apps>
