<?xml version="1.0"?>
<infra>
<fogNode>
  <id>Cloud-0</id>
  <CPU>999999Gf</CPU>
  <RAM>999999GB</RAM>
  <DISK>999999GB</DISK>
</fogNode>
<fogNode>
  <id>EdgeServer-0</id>
  <CPU>32.2Gf</CPU>
  <RAM>268.0GB</RAM>
  <DISK>227.0GB</DISK>
</fogNode>
<fogNode>
  <id>EdgeServer-1</id>
  <CPU>79.7Gf</CPU>
  <RAM>23.0GB</RAM>
  <DISK>3500.0GB</DISK>
</fogNode>
<fogNode>
  <id>EdgeServer-2</id>
  <CPU>15.8Gf</CPU>
  <RAM>271.0GB</RAM>
  <DISK>4030.0GB</DISK>
</fogNode>
<fogNode>
  <id>Gateway-0</id>
  <CPU>5.88Gf</CPU>
  <RAM>3.1GB</RAM>
  <DISK>456.0GB</DISK>
</fogNode>
<fogNode>
  <id>Gateway-1</id>
  <CPU>1.27Gf</CPU>
  <RAM>4.0GB</RAM>
  <DISK>129.0GB</DISK>
</fogNode>
<fogNode>
  <id>Gateway-2</id>
  <CPU>5.55Gf</CPU>
  <RAM>6.6GB</RAM>
  <DISK>189.0GB</DISK>
</fogNode>
<fogNode>
  <id>EndFogNode-0</id>
  <CPU>1.22Gf</CPU>
  <RAM>1.05GB</RAM>
  <DISK>94.0GB</DISK>
</fogNode>
<fogNode>
  <id>EndFogNode-1</id>
  <CPU>0.411Gf</CPU>
  <RAM>0.798GB</RAM>
  <DISK>23.5GB</DISK>
</fogNode>
<fogNode>
  <id>EndFogNode-2</id>
  <CPU>1.32Gf</CPU>
  <RAM>1.76GB</RAM>
  <DISK>107.0GB</DISK>
</fogNode>
<fogNode>
  <id>EndFogNode-3</id>
  <CPU>0.122Gf</CPU>
  <RAM>1.89GB</RAM>
  <DISK>60.0GB</DISK>
</fogNode>
<fogNode>
  <id>EndFogNode-4</id>
  <CPU>0.486Gf</CPU>
  <RAM>1.13GB</RAM>
  <DISK>196.0GB</DISK>
</fogNode>
<fogNode>
  <id>EndFogNode-5</id>
  <CPU>1.87Gf</CPU>
  <RAM>0.697GB</RAM>
  <DISK>79.1GB</DISK>
</fogNode>
<fogNode>
  <id>EndFogNode-6</id>
  <CPU>0.945Gf</CPU>
  <RAM>3.4GB</RAM>
  <DISK>73.2GB</DISK>
</fogNode>
<fogNode>
  <id>EndFogNode-7</id>
  <CPU>1.13Gf</CPU>
  <RAM>2.22GB</RAM>
  <DISK>49.3GB</DISK>
</fogNode>
<fogNode>
  <id>EndFogNode-8</id>
  <CPU>1.27Gf</CPU>
  <RAM>2.52GB</RAM>
  <DISK>197.0GB</DISK>
</fogNode>
<fogNode>
  <id>EndFogNode-9</id>
  <CPU>0.427Gf</CPU>
  <RAM>3.67GB</RAM>
  <DISK>54.3GB</DISK>
</fogNode>
<fogNode>
  <id>EndFogNode-10</id>
  <CPU>0.597Gf</CPU>
  <RAM>2.8GB</RAM>
  <DISK>23.4GB</DISK>
</fogNode>
<fogNode>
  <id>EndFogNode-11</id>
  <CPU>0.474Gf</CPU>
  <RAM>0.783GB</RAM>
  <DISK>180.0GB</DISK>
</fogNode>
<fogNode>
  <id>EndFogNode-12</id>
  <CPU>0.273Gf</CPU>
  <RAM>2.76GB</RAM>
  <DISK>133.0GB</DISK>
</fogNode>
<fogNode>
  <id>EndFogNode-13</id>
  <CPU>0.0255Gf</CPU>
  <RAM>1.9GB</RAM>
  <DISK>124.0GB</DISK>
</fogNode>
<fogNode>
  <id>EndFogNode-14</id>
  <CPU>1.74Gf</CPU>
  <RAM>2.45GB</RAM>
  <DISK>54.4GB</DISK>
</fogNode>
<fogNode>
  <id>EndFogNode-15</id>
  <CPU>0.338Gf</CPU>
  <RAM>0.45GB</RAM>
  <DISK>62.7GB</DISK>
</fogNode>
<fogNode>
  <id>EndFogNode-16</id>
  <CPU>0.86Gf</CPU>
  <RAM>0.133GB</RAM>
  <DISK>108.0GB</DISK>
</fogNode>
<fogNode>
  <id>EndFogNode-17</id>
  <CPU>1.82Gf</CPU>
  <RAM>0.176GB</RAM>
  <DISK>17.8GB</DISK>
</fogNode>
<fogNode>
  <id>EndFogNode-18</id>
  <CPU>0.632Gf</CPU>
  <RAM>2.6GB</RAM>
  <DISK>139.0GB</DISK>
</fogNode>
<fogNode>
  <id>EndFogNode-19</id>
  <CPU>0.736Gf</CPU>
  <RAM>2.51GB</RAM>
  <DISK>112.0GB</DISK>
</fogNode>
<appliance>
  <id>Appliance-0</id>
</appliance>
<appliance>
  <id>Appliance-1</id>
</appliance>
<appliance>
  <id>Appliance-2</id>
</appliance>
<appliance>
  <id>Appliance-3</id>
</appliance>
<appliance>
  <id>Appliance-4</id>
</appliance>
<appliance>
  <id>Appliance-5</id>
</appliance>
<appliance>
  <id>Appliance-6</id>
</appliance>
<appliance>
  <id>Appliance-7</id>
</appliance>
<appliance>
  <id>Appliance-8</id>
</appliance>
<appliance>
  <id>Appliance-9</id>
</appliance>
<appliance>
  <id>Appliance-10</id>
</appliance>
<appliance>
  <id>Appliance-11</id>
</appliance>
<appliance>
  <id>Appliance-12</id>
</appliance>
<appliance>
  <id>Appliance-13</id>
</appliance>
<appliance>
  <id>Appliance-14</id>
</appliance>
<appliance>
  <id>Appliance-15</id>
</appliance>
<appliance>
  <id>Appliance-16</id>
</appliance>
<appliance>
  <id>Appliance-17</id>
</appliance>
<appliance>
  <id>Appliance-18</id>
</appliance>
<appliance>
  <id>Appliance-19</id>
</appliance>
<appliance>
  <id>Appliance-20</id>
</appliance>
<appliance>
  <id>Appliance-21</id>
</appliance>
<appliance>
  <id>Appliance-22</id>
</appliance>
<appliance>
  <id>Appliance-23</id>
</appliance>
<appliance>
  <id>Appliance-24</id>
</appliance>
<appliance>
  <id>Appliance-25</id>
</appliance>
<appliance>
  <id>Appliance-26</id>
</appliance>
<appliance>
  <id>Appliance-27</id>
</appliance>
<appliance>
  <id>Appliance-28</id>
</appliance>
<appliance>
  <id>Appliance-29</id>
</appliance>
<appliance>
  <id>Appliance-30</id>
</appliance>
<appliance>
  <id>Appliance-31</id>
</appliance>
<appliance>
  <id>Appliance-32</id>
</appliance>
<appliance>
  <id>Appliance-33</id>
</appliance>
<appliance>
  <id>Appliance-34</id>
</appliance>
<appliance>
  <id>Appliance-35</id>
</appliance>
<appliance>
  <id>Appliance-36</id>
</appliance>
<appliance>
  <id>Appliance-37</id>
</appliance>
<appliance>
  <id>Appliance-38</id>
</appliance>
<appliance>
  <id>Appliance-39</id>
</appliance>
  <link>EndFogNode-19 Gateway-1 409.0MBps 2.44ms</link>
  <link>Gateway-1 EndFogNode-19 409.0MBps 2.44ms</link>
  <link>Appliance-15 Gateway-0 381.0MBps 3.08ms</link>
  <link>Gateway-0 Appliance-15 381.0MBps 3.08ms</link>
  <link>Appliance-16 Gateway-2 655.0MBps 4.42ms</link>
  <link>Gateway-2 Appliance-16 655.0MBps 4.42ms</link>
  <link>Appliance-17 Gateway-0 347.0MBps 1.79ms</link>
  <link>Gateway-0 Appliance-17 347.0MBps 1.79ms</link>
  <link>Appliance-18 Gateway-0 695.0MBps 4.15ms</link>
  <link>Gateway-0 Appliance-18 695.0MBps 4.15ms</link>
  <link>Cloud-0 EdgeServer-0 61.2MBps 57.3ms</link>
  <link>EdgeServer-0 Cloud-0 61.2MBps 57.3ms</link>
  <link>Appliance-19 Gateway-2 30.4MBps 2.15ms</link>
  <link>Gateway-2 Appliance-19 30.4MBps 2.15ms</link>
  <link>Appliance-20 Gateway-0 156.0MBps 2.28ms</link>
  <link>Gateway-0 Appliance-20 156.0MBps 2.28ms</link>
  <link>Appliance-21 Gateway-1 552.0MBps 3.47ms</link>
  <link>Gateway-1 Appliance-21 552.0MBps 3.47ms</link>
  <link>Appliance-22 Gateway-0 516.0MBps 1.49ms</link>
  <link>Gateway-0 Appliance-22 516.0MBps 1.49ms</link>
  <link>Appliance-23 Gateway-2 465.0MBps 1.37ms</link>
  <link>Gateway-2 Appliance-23 465.0MBps 1.37ms</link>
  <link>Appliance-24 Gateway-1 488.0MBps 4.16ms</link>
  <link>Gateway-1 Appliance-24 488.0MBps 4.16ms</link>
  <link>Appliance-25 Gateway-0 560.0MBps 4.39ms</link>
  <link>Gateway-0 Appliance-25 560.0MBps 4.39ms</link>
  <link>Appliance-26 Gateway-0 62.4MBps 4.25ms</link>
  <link>Gateway-0 Appliance-26 62.4MBps 4.25ms</link>
  <link>Appliance-27 Gateway-2 195.0MBps 2.89ms</link>
  <link>Gateway-2 Appliance-27 195.0MBps 2.89ms</link>
  <link>Appliance-28 Gateway-2 32.5MBps 2.55ms</link>
  <link>Gateway-2 Appliance-28 32.5MBps 2.55ms</link>
  <link>Appliance-30 Gateway-1 49.0MBps 2.53ms</link>
  <link>Gateway-1 Appliance-30 49.0MBps 2.53ms</link>
  <link>Appliance-29 Gateway-2 134.0MBps 2.53ms</link>
  <link>Gateway-2 Appliance-29 134.0MBps 2.53ms</link>
  <link>Appliance-31 Gateway-0 404.0MBps 2.0ms</link>
  <link>Gateway-0 Appliance-31 404.0MBps 2.0ms</link>
  <link>EndFogNode-0 Gateway-0 743.0MBps 1.39ms</link>
  <link>Gateway-0 EndFogNode-0 743.0MBps 1.39ms</link>
  <link>Appliance-32 Gateway-2 944.0MBps 2.06ms</link>
  <link>Gateway-2 Appliance-32 944.0MBps 2.06ms</link>
  <link>EndFogNode-1 EdgeServer-1 63.5MBps 14.9ms</link>
  <link>EdgeServer-1 EndFogNode-1 63.5MBps 14.9ms</link>
  <link>Appliance-33 Gateway-1 446.0MBps 2.7ms</link>
  <link>Gateway-1 Appliance-33 446.0MBps 2.7ms</link>
  <link>EndFogNode-2 Gateway-0 553.0MBps 3.99ms</link>
  <link>Gateway-0 EndFogNode-2 553.0MBps 3.99ms</link>
  <link>Appliance-34 Gateway-2 851.0MBps 4.35ms</link>
  <link>Gateway-2 Appliance-34 851.0MBps 4.35ms</link>
  <link>EndFogNode-3 Gateway-2 403.0MBps 3.45ms</link>
  <link>Gateway-2 EndFogNode-3 403.0MBps 3.45ms</link>
  <link>Appliance-35 Gateway-2 19.9MBps 4.17ms</link>
  <link>Gateway-2 Appliance-35 19.9MBps 4.17ms</link>
  <link>EndFogNode-4 EdgeServer-1 59.8MBps 13.4ms</link>
  <link>EdgeServer-1 EndFogNode-4 59.8MBps 13.4ms</link>
  <link>Appliance-36 Gateway-2 569.0MBps 3.36ms</link>
  <link>Gateway-2 Appliance-36 569.0MBps 3.36ms</link>
  <link>EndFogNode-5 EdgeServer-1 55.7MBps 16.4ms</link>
  <link>EdgeServer-1 EndFogNode-5 55.7MBps 16.4ms</link>
  <link>Appliance-37 Gateway-0 328.0MBps 2.94ms</link>
  <link>Gateway-0 Appliance-37 328.0MBps 2.94ms</link>
  <link>EndFogNode-6 Gateway-0 92.3MBps 3.98ms</link>
  <link>Gateway-0 EndFogNode-6 92.3MBps 3.98ms</link>
  <link>Appliance-38 Gateway-2 421.0MBps 3.83ms</link>
  <link>Gateway-2 Appliance-38 421.0MBps 3.83ms</link>
  <link>EndFogNode-7 Gateway-0 112.0MBps 3.71ms</link>
  <link>Gateway-0 EndFogNode-7 112.0MBps 3.71ms</link>
  <link>Appliance-39 Gateway-2 320.0MBps 2.36ms</link>
  <link>Gateway-2 Appliance-39 320.0MBps 2.36ms</link>
  <link>EndFogNode-8 Gateway-2 521.0MBps 3.23ms</link>
  <link>Gateway-2 EndFogNode-8 521.0MBps 3.23ms</link>
  <link>EndFogNode-9 Gateway-0 276.0MBps 4.3ms</link>
  <link>Gateway-0 EndFogNode-9 276.0MBps 4.3ms</link>
  <link>Gateway-0 EdgeServer-2 82.2MBps 19.4ms</link>
  <link>EdgeServer-2 Gateway-0 82.2MBps 19.4ms</link>
  <link>Gateway-1 EdgeServer-2 10.8MBps 4.49ms</link>
  <link>EdgeServer-2 Gateway-1 10.8MBps 4.49ms</link>
  <link>Gateway-2 EdgeServer-1 11.8MBps 11.0ms</link>
  <link>EdgeServer-1 Gateway-2 11.8MBps 11.0ms</link>
  <link>EdgeServer-1 EdgeServer-0 847.0MBps 4.91ms</link>
  <link>EdgeServer-0 EdgeServer-1 847.0MBps 4.91ms</link>
  <link>EdgeServer-2 EdgeServer-0 119.0MBps 6.4ms</link>
  <link>EdgeServer-0 EdgeServer-2 119.0MBps 6.4ms</link>
  <link>Appliance-0 Gateway-2 713.0MBps 1.76ms</link>
  <link>Gateway-2 Appliance-0 713.0MBps 1.76ms</link>
  <link>Appliance-1 Gateway-0 341.0MBps 3.42ms</link>
  <link>Gateway-0 Appliance-1 341.0MBps 3.42ms</link>
  <link>Appliance-2 Gateway-2 318.0MBps 4.6ms</link>
  <link>Gateway-2 Appliance-2 318.0MBps 4.6ms</link>
  <link>Appliance-3 Gateway-2 367.0MBps 4.01ms</link>
  <link>Gateway-2 Appliance-3 367.0MBps 4.01ms</link>
  <link>Appliance-4 Gateway-0 572.0MBps 3.65ms</link>
  <link>Gateway-0 Appliance-4 572.0MBps 3.65ms</link>
  <link>EndFogNode-10 Gateway-1 354.0MBps 1.62ms</link>
  <link>Gateway-1 EndFogNode-10 354.0MBps 1.62ms</link>
  <link>Appliance-5 Gateway-1 514.0MBps 1.45ms</link>
  <link>Gateway-1 Appliance-5 514.0MBps 1.45ms</link>
  <link>EndFogNode-11 Gateway-2 36.2MBps 3.1ms</link>
  <link>Gateway-2 EndFogNode-11 36.2MBps 3.1ms</link>
  <link>Appliance-6 Gateway-2 802.0MBps 1.09ms</link>
  <link>Gateway-2 Appliance-6 802.0MBps 1.09ms</link>
  <link>EndFogNode-12 Gateway-2 603.0MBps 4.77ms</link>
  <link>Gateway-2 EndFogNode-12 603.0MBps 4.77ms</link>
  <link>Appliance-7 Gateway-2 854.0MBps 2.2ms</link>
  <link>Gateway-2 Appliance-7 854.0MBps 2.2ms</link>
  <link>EndFogNode-13 Gateway-2 135.0MBps 4.01ms</link>
  <link>Gateway-2 EndFogNode-13 135.0MBps 4.01ms</link>
  <link>Appliance-8 Gateway-2 609.0MBps 3.5ms</link>
  <link>Gateway-2 Appliance-8 609.0MBps 3.5ms</link>
  <link>EndFogNode-14 Gateway-0 763.0MBps 3.0ms</link>
  <link>Gateway-0 EndFogNode-14 763.0MBps 3.0ms</link>
  <link>Appliance-9 Gateway-2 110.0MBps 3.98ms</link>
  <link>Gateway-2 Appliance-9 110.0MBps 3.98ms</link>
  <link>Appliance-10 Gateway-2 676.0MBps 3.43ms</link>
  <link>Gateway-2 Appliance-10 676.0MBps 3.43ms</link>
  <link>EndFogNode-15 Gateway-0 481.0MBps 3.21ms</link>
  <link>Gateway-0 EndFogNode-15 481.0MBps 3.21ms</link>
  <link>Appliance-11 Gateway-0 393.0MBps 1.37ms</link>
  <link>Gateway-0 Appliance-11 393.0MBps 1.37ms</link>
  <link>EndFogNode-16 Gateway-1 492.0MBps 4.52ms</link>
  <link>Gateway-1 EndFogNode-16 492.0MBps 4.52ms</link>
  <link>Appliance-12 Gateway-0 4.15MBps 2.9ms</link>
  <link>Gateway-0 Appliance-12 4.15MBps 2.9ms</link>
  <link>EndFogNode-17 Gateway-1 125.0MBps 3.84ms</link>
  <link>Gateway-1 EndFogNode-17 125.0MBps 3.84ms</link>
  <link>Appliance-13 Gateway-0 109.0MBps 3.01ms</link>
  <link>Gateway-0 Appliance-13 109.0MBps 3.01ms</link>
  <link>EndFogNode-18 Gateway-2 506.0MBps 1.11ms</link>
  <link>Gateway-2 EndFogNode-18 506.0MBps 1.11ms</link>
  <link>Appliance-14 Gateway-1 652.0MBps 4.7ms</link>
  <link>Gateway-1 Appliance-14 652.0MBps 4.7ms</link>
</infra>
