<?xml version="1.0"?>
<infra>
<fogNode>
  <id>Cloud-0</id>
  <CPU>999999Gf</CPU>
  <RAM>999999GB</RAM>
  <DISK>999999GB</DISK>
</fogNode>
<fogNode>
  <id>EdgeServer-0</id>
  <CPU>98.4Gf</CPU>
  <RAM>175.0GB</RAM>
  <DISK>3370.0GB</DISK>
</fogNode>
<fogNode>
  <id>EdgeServer-1</id>
  <CPU>3.53Gf</CPU>
  <RAM>7.78GB</RAM>
  <DISK>3100.0GB</DISK>
</fogNode>
<fogNode>
  <id>EdgeServer-2</id>
  <CPU>38.1Gf</CPU>
  <RAM>4.35GB</RAM>
  <DISK>849.0GB</DISK>
</fogNode>
<fogNode>
  <id>Gateway-0</id>
  <CPU>7.67Gf</CPU>
  <RAM>6.7GB</RAM>
  <DISK>101.0GB</DISK>
</fogNode>
<fogNode>
  <id>Gateway-1</id>
  <CPU>1.67Gf</CPU>
  <RAM>4.42GB</RAM>
  <DISK>456.0GB</DISK>
</fogNode>
<fogNode>
  <id>Gateway-2</id>
  <CPU>4.37Gf</CPU>
  <RAM>7.9GB</RAM>
  <DISK>474.0GB</DISK>
</fogNode>
<fogNode>
  <id>EndFogNode-0</id>
  <CPU>0.658Gf</CPU>
  <RAM>1.86GB</RAM>
  <DISK>147.0GB</DISK>
</fogNode>
<fogNode>
  <id>EndFogNode-1</id>
  <CPU>1.39Gf</CPU>
  <RAM>1.06GB</RAM>
  <DISK>23.1GB</DISK>
</fogNode>
<fogNode>
  <id>EndFogNode-2</id>
  <CPU>1.99Gf</CPU>
  <RAM>0.942GB</RAM>
  <DISK>71.2GB</DISK>
</fogNode>
<fogNode>
  <id>EndFogNode-3</id>
  <CPU>0.657Gf</CPU>
  <RAM>1.98GB</RAM>
  <DISK>91.0GB</DISK>
</fogNode>
<fogNode>
  <id>EndFogNode-4</id>
  <CPU>0.971Gf</CPU>
  <RAM>1.58GB</RAM>
  <DISK>132.0GB</DISK>
</fogNode>
<fogNode>
  <id>EndFogNode-5</id>
  <CPU>0.293Gf</CPU>
  <RAM>2.92GB</RAM>
  <DISK>49.4GB</DISK>
</fogNode>
<fogNode>
  <id>EndFogNode-6</id>
  <CPU>1.84Gf</CPU>
  <RAM>1.08GB</RAM>
  <DISK>120.0GB</DISK>
</fogNode>
<fogNode>
  <id>EndFogNode-7</id>
  <CPU>0.367Gf</CPU>
  <RAM>2.27GB</RAM>
  <DISK>134.0GB</DISK>
</fogNode>
<fogNode>
  <id>EndFogNode-8</id>
  <CPU>0.839Gf</CPU>
  <RAM>0.659GB</RAM>
  <DISK>96.5GB</DISK>
</fogNode>
<fogNode>
  <id>EndFogNode-9</id>
  <CPU>1.04Gf</CPU>
  <RAM>2.7GB</RAM>
  <DISK>110.0GB</DISK>
</fogNode>
<fogNode>
  <id>EndFogNode-10</id>
  <CPU>0.635Gf</CPU>
  <RAM>2.14GB</RAM>
  <DISK>40.2GB</DISK>
</fogNode>
<fogNode>
  <id>EndFogNode-11</id>
  <CPU>1.74Gf</CPU>
  <RAM>1.88GB</RAM>
  <DISK>32.8GB</DISK>
</fogNode>
<fogNode>
  <id>EndFogNode-12</id>
  <CPU>1.6Gf</CPU>
  <RAM>0.712GB</RAM>
  <DISK>142.0GB</DISK>
</fogNode>
<fogNode>
  <id>EndFogNode-13</id>
  <CPU>1.18Gf</CPU>
  <RAM>1.12GB</RAM>
  <DISK>138.0GB</DISK>
</fogNode>
<fogNode>
  <id>EndFogNode-14</id>
  <CPU>1.77Gf</CPU>
  <RAM>0.576GB</RAM>
  <DISK>7.48GB</DISK>
</fogNode>
<fogNode>
  <id>EndFogNode-15</id>
  <CPU>0.08Gf</CPU>
  <RAM>3.62GB</RAM>
  <DISK>154.0GB</DISK>
</fogNode>
<fogNode>
  <id>EndFogNode-16</id>
  <CPU>1.19Gf</CPU>
  <RAM>3.55GB</RAM>
  <DISK>139.0GB</DISK>
</fogNode>
<fogNode>
  <id>EndFogNode-17</id>
  <CPU>1.78Gf</CPU>
  <RAM>3.29GB</RAM>
  <DISK>76.1GB</DISK>
</fogNode>
<fogNode>
  <id>EndFogNode-18</id>
  <CPU>0.272Gf</CPU>
  <RAM>3.43GB</RAM>
  <DISK>94.6GB</DISK>
</fogNode>
<fogNode>
  <id>EndFogNode-19</id>
  <CPU>0.64Gf</CPU>
  <RAM>2.91GB</RAM>
  <DISK>119.0GB</DISK>
</fogNode>
<appliance>
  <id>Appliance-0</id>
</appliance>
<appliance>
  <id>Appliance-1</id>
</appliance>
<appliance>
  <id>Appliance-2</id>
</appliance>
<appliance>
  <id>Appliance-3</id>
</appliance>
<appliance>
  <id>Appliance-4</id>
</appliance>
<appliance>
  <id>Appliance-5</id>
</appliance>
<appliance>
  <id>Appliance-6</id>
</appliance>
<appliance>
  <id>Appliance-7</id>
</appliance>
<appliance>
  <id>Appliance-8</id>
</appliance>
<appliance>
  <id>Appliance-9</id>
</appliance>
<appliance>
  <id>Appliance-10</id>
</appliance>
<appliance>
  <id>Appliance-11</id>
</appliance>
<appliance>
  <id>Appliance-12</id>
</appliance>
<appliance>
  <id>Appliance-13</id>
</appliance>
<appliance>
  <id>Appliance-14</id>
</appliance>
<appliance>
  <id>Appliance-15</id>
</appliance>
<appliance>
  <id>Appliance-16</id>
</appliance>
<appliance>
  <id>Appliance-17</id>
</appliance>
<appliance>
  <id>Appliance-18</id>
</appliance>
<appliance>
  <id>Appliance-19</id>
</appliance>
<appliance>
  <id>Appliance-20</id>
</appliance>
<appliance>
  <id>Appliance-21</id>
</appliance>
<appliance>
  <id>Appliance-22</id>
</appliance>
<appliance>
  <id>Appliance-23</id>
</appliance>
<appliance>
  <id>Appliance-24</id>
</appliance>
<appliance>
  <id>Appliance-25</id>
</appliance>
<appliance>
  <id>Appliance-26</id>
</appliance>
<appliance>
  <id>Appliance-27</id>
</appliance>
<appliance>
  <id>Appliance-28</id>
</appliance>
<appliance>
  <id>Appliance-29</id>
</appliance>
<appliance>
  <id>Appliance-30</id>
</appliance>
<appliance>
  <id>Appliance-31</id>
</appliance>
<appliance>
  <id>Appliance-32</id>
</appliance>
<appliance>
  <id>Appliance-33</id>
</appliance>
<appliance>
  <id>Appliance-34</id>
</appliance>
<appliance>
  <id>Appliance-35</id>
</appliance>
<appliance>
  <id>Appliance-36</id>
</appliance>
<appliance>
  <id>Appliance-37</id>
</appliance>
<appliance>
  <id>Appliance-38</id>
</appliance>
<appliance>
  <id>Appliance-39</id>
</appliance>
  <link>EndFogNode-19 Gateway-2 337.0MBps 4.36ms</link>
  <link>Gateway-2 EndFogNode-19 337.0MBps 4.36ms</link>
  <link>Appliance-15 Gateway-1 45.4MBps 4.54ms</link>
  <link>Gateway-1 Appliance-15 45.4MBps 4.54ms</link>
  <link>Appliance-16 Gateway-2 432.0MBps 2.05ms</link>
  <link>Gateway-2 Appliance-16 432.0MBps 2.05ms</link>
  <link>Appliance-17 Gateway-1 350.0MBps 3.77ms</link>
  <link>Gateway-1 Appliance-17 350.0MBps 3.77ms</link>
  <link>Appliance-18 Gateway-2 713.0MBps 3.04ms</link>
  <link>Gateway-2 Appliance-18 713.0MBps 3.04ms</link>
  <link>Cloud-0 EdgeServer-0 926.0MBps 40.3ms</link>
  <link>EdgeServer-0 Cloud-0 926.0MBps 40.3ms</link>
  <link>Appliance-19 Gateway-0 174.0MBps 1.28ms</link>
  <link>Gateway-0 Appliance-19 174.0MBps 1.28ms</link>
  <link>Appliance-20 Gateway-1 361.0MBps 1.06ms</link>
  <link>Gateway-1 Appliance-20 361.0MBps 1.06ms</link>
  <link>Appliance-21 Gateway-1 456.0MBps 1.74ms</link>
  <link>Gateway-1 Appliance-21 456.0MBps 1.74ms</link>
  <link>Appliance-22 Gateway-2 97.0MBps 3.11ms</link>
  <link>Gateway-2 Appliance-22 97.0MBps 3.11ms</link>
  <link>Appliance-23 Gateway-2 41.5MBps 4.45ms</link>
  <link>Gateway-2 Appliance-23 41.5MBps 4.45ms</link>
  <link>Appliance-24 Gateway-2 980.0MBps 2.29ms</link>
  <link>Gateway-2 Appliance-24 980.0MBps 2.29ms</link>
  <link>Appliance-25 Gateway-1 729.0MBps 2.31ms</link>
  <link>Gateway-1 Appliance-25 729.0MBps 2.31ms</link>
  <link>Appliance-26 Gateway-1 129.0MBps 1.82ms</link>
  <link>Gateway-1 Appliance-26 129.0MBps 1.82ms</link>
  <link>Appliance-27 Gateway-2 950.0MBps 3.53ms</link>
  <link>Gateway-2 Appliance-27 950.0MBps 3.53ms</link>
  <link>Appliance-28 Gateway-2 160.0MBps 1.47ms</link>
  <link>Gateway-2 Appliance-28 160.0MBps 1.47ms</link>
  <link>Appliance-30 Gateway-1 941.0MBps 2.85ms</link>
  <link>Gateway-1 Appliance-30 941.0MBps 2.85ms</link>
  <link>Appliance-29 Gateway-1 568.0MBps 4.67ms</link>
  <link>Gateway-1 Appliance-29 568.0MBps 4.67ms</link>
  <link>Appliance-31 Gateway-2 837.0MBps 2.12ms</link>
  <link>Gateway-2 Appliance-31 837.0MBps 2.12ms</link>
  <link>EndFogNode-0 EdgeServer-1 71.8MBps 17.3ms</link>
  <link>EdgeServer-1 EndFogNode-0 71.8MBps 17.3ms</link>
  <link>Appliance-32 Gateway-0 100.0MBps 4.62ms</link>
  <link>Gateway-0 Appliance-32 100.0MBps 4.62ms</link>
  <link>EndFogNode-1 Gateway-0 520.0MBps 3.55ms</link>
  <link>Gateway-0 EndFogNode-1 520.0MBps 3.55ms</link>
  <link>Appliance-33 Gateway-1 949.0MBps 4.21ms</link>
  <link>Gateway-1 Appliance-33 949.0MBps 4.21ms</link>
  <link>EndFogNode-2 Gateway-2 736.0MBps 2.28ms</link>
  <link>Gateway-2 EndFogNode-2 736.0MBps 2.28ms</link>
  <link>Appliance-34 Gateway-0 603.0MBps 4.95ms</link>
  <link>Gateway-0 Appliance-34 603.0MBps 4.95ms</link>
  <link>EndFogNode-3 Gateway-1 188.0MBps 1.42ms</link>
  <link>Gateway-1 EndFogNode-3 188.0MBps 1.42ms</link>
  <link>Appliance-35 Gateway-1 596.0MBps 1.36ms</link>
  <link>Gateway-1 Appliance-35 596.0MBps 1.36ms</link>
  <link>EndFogNode-4 EdgeServer-1 19.0MBps 14.6ms</link>
  <link>EdgeServer-1 EndFogNode-4 19.0MBps 14.6ms</link>
  <link>Appliance-36 Gateway-0 640.0MBps 2.7ms</link>
  <link>Gateway-0 Appliance-36 640.0MBps 2.7ms</link>
  <link>EndFogNode-5 Gateway-2 824.0MBps 1.58ms</link>
  <link>Gateway-2 EndFogNode-5 824.0MBps 1.58ms</link>
  <link>Appliance-37 Gateway-1 307.0MBps 3.63ms</link>
  <link>Gateway-1 Appliance-37 307.0MBps 3.63ms</link>
  <link>EndFogNode-6 Gateway-0 362.0MBps 3.56ms</link>
  <link>Gateway-0 EndFogNode-6 362.0MBps 3.56ms</link>
  <link>Appliance-38 Gateway-1 674.0MBps 1.43ms</link>
  <link>Gateway-1 Appliance-38 674.0MBps 1.43ms</link>
  <link>EndFogNode-7 Gateway-2 601.0MBps 4.37ms</link>
  <link>Gateway-2 EndFogNode-7 601.0MBps 4.37ms</link>
  <link>Appliance-39 Gateway-2 127.0MBps 4.47ms</link>
  <link>Gateway-2 Appliance-39 127.0MBps 4.47ms</link>
  <link>EndFogNode-8 Gateway-2 608.0MBps 1.21ms</link>
  <link>Gateway-2 EndFogNode-8 608.0MBps 1.21ms</link>
  <link>EndFogNode-9 EdgeServer-1 17.4MBps 22.0ms</link>
  <link>EdgeServer-1 EndFogNode-9 17.4MBps 22.0ms</link>
  <link>Gateway-0 EdgeServer-1 86.5MBps 16.2ms</link>
  <link>EdgeServer-1 Gateway-0 86.5MBps 16.2ms</link>
  <link>Gateway-1 EdgeServer-1 84.1MBps 17.7ms</link>
  <link>EdgeServer-1 Gateway-1 84.1MBps 17.7ms</link>
  <link>Gateway-2 EdgeServer-2 55.9MBps 6.0ms</link>
  <link>EdgeServer-2 Gateway-2 55.9MBps 6.0ms</link>
  <link>EdgeServer-1 EdgeServer-0 949.0MBps 8.39ms</link>
  <link>EdgeServer-0 EdgeServer-1 949.0MBps 8.39ms</link>
  <link>EdgeServer-2 EdgeServer-0 88.3MBps 8.58ms</link>
  <link>EdgeServer-0 EdgeServer-2 88.3MBps 8.58ms</link>
  <link>Appliance-0 Gateway-1 930.0MBps 2.81ms</link>
  <link>Gateway-1 Appliance-0 930.0MBps 2.81ms</link>
  <link>Appliance-1 Gateway-0 571.0MBps 1.1ms</link>
  <link>Gateway-0 Appliance-1 571.0MBps 1.1ms</link>
  <link>Appliance-2 Gateway-2 63.7MBps 2.78ms</link>
  <link>Gateway-2 Appliance-2 63.7MBps 2.78ms</link>
  <link>Appliance-3 Gateway-0 248.0MBps 1.68ms</link>
  <link>Gateway-0 Appliance-3 248.0MBps 1.68ms</link>
  <link>Appliance-4 Gateway-2 276.0MBps 1.5ms</link>
  <link>Gateway-2 Appliance-4 276.0MBps 1.5ms</link>
  <link>EndFogNode-10 Gateway-1 597.0MBps 1.79ms</link>
  <link>Gateway-1 EndFogNode-10 597.0MBps 1.79ms</link>
  <link>Appliance-5 Gateway-0 707.0MBps 2.42ms</link>
  <link>Gateway-0 Appliance-5 707.0MBps 2.42ms</link>
  <link>EndFogNode-11 Gateway-1 36.9MBps 2.54ms</link>
  <link>Gateway-1 EndFogNode-11 36.9MBps 2.54ms</link>
  <link>Appliance-6 Gateway-1 475.0MBps 3.1ms</link>
  <link>Gateway-1 Appliance-6 475.0MBps 3.1ms</link>
  <link>EndFogNode-12 Gateway-1 572.0MBps 2.41ms</link>
  <link>Gateway-1 EndFogNode-12 572.0MBps 2.41ms</link>
  <link>Appliance-7 Gateway-1 945.0MBps 2.96ms</link>
  <link>Gateway-1 Appliance-7 945.0MBps 2.96ms</link>
  <link>EndFogNode-13 Gateway-0 561.0MBps 3.17ms</link>
  <link>Gateway-0 EndFogNode-13 561.0MBps 3.17ms</link>
  <link>Appliance-8 Gateway-0 433.0MBps 3.51ms</link>
  <link>Gateway-0 Appliance-8 433.0MBps 3.51ms</link>
  <link>EndFogNode-14 Gateway-1 359.0MBps 2.67ms</link>
  <link>Gateway-1 EndFogNode-14 359.0MBps 2.67ms</link>
  <link>Appliance-9 Gateway-1 392.0MBps 4.22ms</link>
  <link>Gateway-1 Appliance-9 392.0MBps 4.22ms</link>
  <link>Appliance-10 Gateway-0 587.0MBps 4.61ms</link>
  <link>Gateway-0 Appliance-10 587.0MBps 4.61ms</link>
  <link>EndFogNode-15 Gateway-0 517.0MBps 3.21ms</link>
  <link>Gateway-0 EndFogNode-15 517.0MBps 3.21ms</link>
  <link>Appliance-11 Gateway-1 782.0MBps 4.81ms</link>
  <link>Gateway-1 Appliance-11 782.0MBps 4.81ms</link>
  <link>EndFogNode-16 Gateway-1 102.0MBps 2.88ms</link>
  <link>Gateway-1 EndFogNode-16 102.0MBps 2.88ms</link>
  <link>Appliance-12 Gateway-1 678.0MBps 1.92ms</link>
  <link>Gateway-1 Appliance-12 678.0MBps 1.92ms</link>
  <link>EndFogNode-17 Gateway-2 993.0MBps 3.5ms</link>
  <link>Gateway-2 EndFogNode-17 993.0MBps 3.5ms</link>
  <link>Appliance-13 Gateway-1 336.0MBps 3.67ms</link>
  <link>Gateway-1 Appliance-13 336.0MBps 3.67ms</link>
  <link>EndFogNode-18 Gateway-2 155.0MBps 4.61ms</link>
  <link>Gateway-2 EndFogNode-18 155.0MBps 4.61ms</link>
  <link>Appliance-14 Gateway-1 227.0MBps 4.83ms</link>
  <link>Gateway-1 Appliance-14 227.0MBps 4.83ms</link>
</infra>
