<?xml version="1.0"?>
<apps>
<app>
  <id>App1</id>
<comp>
  <id>Comp:1-1-0</id>
  <CPU>0.289Gf</CPU>
  <RAM>0.711GB</RAM>
  <DISK>0.567GB</DISK>
</comp>
<comp>
  <id>Comp:1-1-1</id>
  <CPU>0.289Gf</CPU>
  <RAM>0.711GB</RAM>
  <DISK>0.567GB</DISK>
</comp>
<comp>
  <id>Comp:1-1-2</id>
  <CPU>0.289Gf</CPU>
  <RAM>0.711GB</RAM>
  <DISK>0.567GB</DISK>
</comp>
<comp>
  <id>Comp:1-1-3</id>
  <CPU>0.289Gf</CPU>
  <RAM>0.711GB</RAM>
  <DISK>0.567GB</DISK>
</comp>
<comp>
  <id>Comp:1-1-4</id>
  <CPU>0.289Gf</CPU>
  <RAM>0.711GB</RAM>
  <DISK>0.567GB</DISK>
</comp>
<comp>
  <id>Comp:1-1-5</id>
  <CPU>0.289Gf</CPU>
  <RAM>0.711GB</RAM>
  <DISK>0.567GB</DISK>
</comp>
<comp>
  <id>Comp:1-1-6</id>
  <CPU>0.289Gf</CPU>
  <RAM>0.711GB</RAM>
  <DISK>0.567GB</DISK>
</comp>
<comp>
  <id>Comp:1-2-0</id>
  <CPU>0.507Gf</CPU>
  <RAM>0.571GB</RAM>
  <DISK>0.375GB</DISK>
</comp>
<comp>
  <id>Comp:1-2-1</id>
  <CPU>0.507Gf</CPU>
  <RAM>0.571GB</RAM>
  <DISK>0.375GB</DISK>
</comp>
<comp>
  <id>Comp:1-3-0</id>
  <CPU>0.616Gf</CPU>
  <RAM>0.541GB</RAM>
  <DISK>1.49GB</DISK>
</comp>
<comp>
  <id>Comp:1-3-1</id>
  <CPU>0.616Gf</CPU>
  <RAM>0.541GB</RAM>
  <DISK>1.49GB</DISK>
</comp>
<comp>
  <id>Comp:1-3-2</id>
  <CPU>0.616Gf</CPU>
  <RAM>0.541GB</RAM>
  <DISK>1.49GB</DISK>
</comp>
<comp>
  <id>Comp:1-3-3</id>
  <CPU>0.616Gf</CPU>
  <RAM>0.541GB</RAM>
  <DISK>1.49GB</DISK>
</comp>
<comp>
  <id>Comp:1-3-4</id>
  <CPU>0.616Gf</CPU>
  <RAM>0.541GB</RAM>
  <DISK>1.49GB</DISK>
</comp>
<comp>
  <id>Comp:1-3-5</id>
  <CPU>0.616Gf</CPU>
  <RAM>0.541GB</RAM>
  <DISK>1.49GB</DISK>
</comp>
<comp>
  <id>Comp:1-4-0</id>
  <CPU>0.727Gf</CPU>
  <RAM>0.158GB</RAM>
  <DISK>0.428GB</DISK>
</comp>
<comp>
  <id>Comp:1-4-1</id>
  <CPU>0.727Gf</CPU>
  <RAM>0.158GB</RAM>
  <DISK>0.428GB</DISK>
</comp>
<comp>
  <id>Comp:1-4-2</id>
  <CPU>0.727Gf</CPU>
  <RAM>0.158GB</RAM>
  <DISK>0.428GB</DISK>
</comp>
<comp>
  <id>Comp:1-4-3</id>
  <CPU>0.727Gf</CPU>
  <RAM>0.158GB</RAM>
  <DISK>0.428GB</DISK>
</comp>
<comp>
  <id>Comp:1-4-4</id>
  <CPU>0.727Gf</CPU>
  <RAM>0.158GB</RAM>
  <DISK>0.428GB</DISK>
</comp>
<comp>
  <id>Comp:1-4-5</id>
  <CPU>0.727Gf</CPU>
  <RAM>0.158GB</RAM>
  <DISK>0.428GB</DISK>
</comp>
<comp>
  <id>Comp:1-4-6</id>
  <CPU>0.727Gf</CPU>
  <RAM>0.158GB</RAM>
  <DISK>0.428GB</DISK>
</comp>
<comp>
  <id>Comp:1-4-7</id>
  <CPU>0.727Gf</CPU>
  <RAM>0.158GB</RAM>
  <DISK>0.428GB</DISK>
</comp>
<comp>
  <id>Comp:1-4-8</id>
  <CPU>0.727Gf</CPU>
  <RAM>0.158GB</RAM>
  <DISK>0.428GB</DISK>
</comp>
<comp>
  <id>Comp:1-5-0</id>
  <CPU>0.608Gf</CPU>
  <RAM>0.349GB</RAM>
  <DISK>1.33GB</DISK>
</comp>
<comp>
  <id>Comp:1-5-1</id>
  <CPU>0.608Gf</CPU>
  <RAM>0.349GB</RAM>
  <DISK>1.33GB</DISK>
</comp>
<comp>
  <id>Comp:1-5-2</id>
  <CPU>0.608Gf</CPU>
  <RAM>0.349GB</RAM>
  <DISK>1.33GB</DISK>
</comp>
<comp>
  <id>Comp:1-5-3</id>
  <CPU>0.608Gf</CPU>
  <RAM>0.349GB</RAM>
  <DISK>1.33GB</DISK>
</comp>
<comp>
  <id>Comp:1-5-4</id>
  <CPU>0.608Gf</CPU>
  <RAM>0.349GB</RAM>
  <DISK>1.33GB</DISK>
</comp>
<comp>
  <id>Comp:1-5-5</id>
  <CPU>0.608Gf</CPU>
  <RAM>0.349GB</RAM>
  <DISK>1.33GB</DISK>
</comp>
<comp>
  <id>Comp:1-5-6</id>
  <CPU>0.608Gf</CPU>
  <RAM>0.349GB</RAM>
  <DISK>1.33GB</DISK>
</comp>
<comp>
  <id>Comp:1-5-7</id>
  <CPU>0.608Gf</CPU>
  <RAM>0.349GB</RAM>
  <DISK>1.33GB</DISK>
</comp>
<comp>
  <id>Comp:1-5-8</id>
  <CPU>0.608Gf</CPU>
  <RAM>0.349GB</RAM>
  <DISK>1.33GB</DISK>
</comp>
  <bind>Comp:1-1-0 Appliance-280 0.254MBps 27.7ms</bind>
  <bind>Appliance-280 Comp:1-1-0 0.254MBps 27.7ms</bind>
  <bind>Comp:1-1-1 Appliance-61 0.254MBps 27.7ms</bind>
  <bind>Appliance-61 Comp:1-1-1 0.254MBps 27.7ms</bind>
  <bind>Comp:1-1-2 Appliance-1 0.254MBps 27.7ms</bind>
  <bind>Appliance-1 Comp:1-1-2 0.254MBps 27.7ms</bind>
  <bind>Comp:1-1-3 Appliance-273 0.254MBps 27.7ms</bind>
  <bind>Appliance-273 Comp:1-1-3 0.254MBps 27.7ms</bind>
  <bind>Comp:1-1-4 Appliance-355 0.254MBps 27.7ms</bind>
  <bind>Appliance-355 Comp:1-1-4 0.254MBps 27.7ms</bind>
  <bind>Comp:1-1-5 Appliance-376 0.254MBps 27.7ms</bind>
  <bind>Appliance-376 Comp:1-1-5 0.254MBps 27.7ms</bind>
  <bind>Comp:1-1-6 Appliance-280 0.254MBps 27.7ms</bind>
  <bind>Appliance-280 Comp:1-1-6 0.254MBps 27.7ms</bind>
  <bind>Comp:1-2-0 Comp:1-1-0 0.286MBps 44.1ms</bind>
  <bind>Comp:1-1-0 Comp:1-2-0 0.286MBps 44.1ms</bind>
  <bind>Comp:1-2-1 Comp:1-1-1 0.286MBps 44.1ms</bind>
  <bind>Comp:1-1-1 Comp:1-2-1 0.286MBps 44.1ms</bind>
  <bind>Comp:1-2-0 Comp:1-1-2 0.286MBps 44.1ms</bind>
  <bind>Comp:1-1-2 Comp:1-2-0 0.286MBps 44.1ms</bind>
  <bind>Comp:1-2-1 Comp:1-1-3 0.286MBps 44.1ms</bind>
  <bind>Comp:1-1-3 Comp:1-2-1 0.286MBps 44.1ms</bind>
  <bind>Comp:1-2-0 Comp:1-1-4 0.286MBps 44.1ms</bind>
  <bind>Comp:1-1-4 Comp:1-2-0 0.286MBps 44.1ms</bind>
  <bind>Comp:1-2-1 Comp:1-1-5 0.286MBps 44.1ms</bind>
  <bind>Comp:1-1-5 Comp:1-2-1 0.286MBps 44.1ms</bind>
  <bind>Comp:1-2-0 Comp:1-1-6 0.286MBps 44.1ms</bind>
  <bind>Comp:1-1-6 Comp:1-2-0 0.286MBps 44.1ms</bind>
  <bind>Comp:1-3-0 Comp:1-2-0 0.932MBps 29.7ms</bind>
  <bind>Comp:1-2-0 Comp:1-3-0 0.932MBps 29.7ms</bind>
  <bind>Comp:1-3-1 Comp:1-2-1 0.932MBps 29.7ms</bind>
  <bind>Comp:1-2-1 Comp:1-3-1 0.932MBps 29.7ms</bind>
  <bind>Comp:1-3-2 Comp:1-2-0 0.932MBps 29.7ms</bind>
  <bind>Comp:1-2-0 Comp:1-3-2 0.932MBps 29.7ms</bind>
  <bind>Comp:1-3-3 Comp:1-2-1 0.932MBps 29.7ms</bind>
  <bind>Comp:1-2-1 Comp:1-3-3 0.932MBps 29.7ms</bind>
  <bind>Comp:1-3-4 Comp:1-2-0 0.932MBps 29.7ms</bind>
  <bind>Comp:1-2-0 Comp:1-3-4 0.932MBps 29.7ms</bind>
  <bind>Comp:1-3-5 Comp:1-2-1 0.932MBps 29.7ms</bind>
  <bind>Comp:1-2-1 Comp:1-3-5 0.932MBps 29.7ms</bind>
  <bind>Comp:1-4-0 Comp:1-3-0 0.461MBps 27.9ms</bind>
  <bind>Comp:1-3-0 Comp:1-4-0 0.461MBps 27.9ms</bind>
  <bind>Comp:1-4-1 Comp:1-3-1 0.461MBps 27.9ms</bind>
  <bind>Comp:1-3-1 Comp:1-4-1 0.461MBps 27.9ms</bind>
  <bind>Comp:1-4-2 Comp:1-3-2 0.461MBps 27.9ms</bind>
  <bind>Comp:1-3-2 Comp:1-4-2 0.461MBps 27.9ms</bind>
  <bind>Comp:1-4-3 Comp:1-3-3 0.461MBps 27.9ms</bind>
  <bind>Comp:1-3-3 Comp:1-4-3 0.461MBps 27.9ms</bind>
  <bind>Comp:1-4-4 Comp:1-3-4 0.461MBps 27.9ms</bind>
  <bind>Comp:1-3-4 Comp:1-4-4 0.461MBps 27.9ms</bind>
  <bind>Comp:1-4-5 Comp:1-3-5 0.461MBps 27.9ms</bind>
  <bind>Comp:1-3-5 Comp:1-4-5 0.461MBps 27.9ms</bind>
  <bind>Comp:1-4-6 Comp:1-3-0 0.461MBps 27.9ms</bind>
  <bind>Comp:1-3-0 Comp:1-4-6 0.461MBps 27.9ms</bind>
  <bind>Comp:1-4-7 Comp:1-3-1 0.461MBps 27.9ms</bind>
  <bind>Comp:1-3-1 Comp:1-4-7 0.461MBps 27.9ms</bind>
  <bind>Comp:1-4-8 Comp:1-3-2 0.461MBps 27.9ms</bind>
  <bind>Comp:1-3-2 Comp:1-4-8 0.461MBps 27.9ms</bind>
  <bind>Comp:1-4-0 Comp:1-5-0 0.762MBps 32.0ms</bind>
  <bind>Comp:1-5-0 Comp:1-4-0 0.762MBps 32.0ms</bind>
  <bind>Comp:1-4-1 Comp:1-5-1 0.762MBps 32.0ms</bind>
  <bind>Comp:1-5-1 Comp:1-4-1 0.762MBps 32.0ms</bind>
  <bind>Comp:1-4-2 Comp:1-5-2 0.762MBps 32.0ms</bind>
  <bind>Comp:1-5-2 Comp:1-4-2 0.762MBps 32.0ms</bind>
  <bind>Comp:1-4-3 Comp:1-5-3 0.762MBps 32.0ms</bind>
  <bind>Comp:1-5-3 Comp:1-4-3 0.762MBps 32.0ms</bind>
  <bind>Comp:1-4-4 Comp:1-5-4 0.762MBps 32.0ms</bind>
  <bind>Comp:1-5-4 Comp:1-4-4 0.762MBps 32.0ms</bind>
  <bind>Comp:1-4-5 Comp:1-5-5 0.762MBps 32.0ms</bind>
  <bind>Comp:1-5-5 Comp:1-4-5 0.762MBps 32.0ms</bind>
  <bind>Comp:1-4-6 Comp:1-5-6 0.762MBps 32.0ms</bind>
  <bind>Comp:1-5-6 Comp:1-4-6 0.762MBps 32.0ms</bind>
  <bind>Comp:1-4-7 Comp:1-5-7 0.762MBps 32.0ms</bind>
  <bind>Comp:1-5-7 Comp:1-4-7 0.762MBps 32.0ms</bind>
  <bind>Comp:1-4-8 Comp:1-5-8 0.762MBps 32.0ms</bind>
  <bind>Comp:1-5-8 Comp:1-4-8 0.762MBps 32.0ms</bind>
</app>
</apps>
