<?xml version="1.0"?>
<apps>
<app>
  <id>App1</id>
<comp>
  <id>Comp:1-1-0</id>
  <CPU>0.289Gf</CPU>
  <RAM>0.711GB</RAM>
  <DISK>0.567GB</DISK>
</comp>
<comp>
  <id>Comp:1-1-1</id>
  <CPU>0.289Gf</CPU>
  <RAM>0.711GB</RAM>
  <DISK>0.567GB</DISK>
</comp>
<comp>
  <id>Comp:1-1-2</id>
  <CPU>0.289Gf</CPU>
  <RAM>0.711GB</RAM>
  <DISK>0.567GB</DISK>
</comp>
<comp>
  <id>Comp:1-1-3</id>
  <CPU>0.289Gf</CPU>
  <RAM>0.711GB</RAM>
  <DISK>0.567GB</DISK>
</comp>
<comp>
  <id>Comp:1-1-4</id>
  <CPU>0.289Gf</CPU>
  <RAM>0.711GB</RAM>
  <DISK>0.567GB</DISK>
</comp>
<comp>
  <id>Comp:1-1-5</id>
  <CPU>0.289Gf</CPU>
  <RAM>0.711GB</RAM>
  <DISK>0.567GB</DISK>
</comp>
<comp>
  <id>Comp:1-1-6</id>
  <CPU>0.289Gf</CPU>
  <RAM>0.711GB</RAM>
  <DISK>0.567GB</DISK>
</comp>
<comp>
  <id>Comp:1-2-0</id>
  <CPU>0.507Gf</CPU>
  <RAM>0.571GB</RAM>
  <DISK>0.375GB</DISK>
</comp>
<comp>
  <id>Comp:1-2-1</id>
  <CPU>0.507Gf</CPU>
  <RAM>0.571GB</RAM>
  <DISK>0.375GB</DISK>
</comp>
<comp>
  <id>Comp:1-3-0</id>
  <CPU>0.616Gf</CPU>
  <RAM>0.541GB</RAM>
  <DISK>1.49GB</DISK>
</comp>
<comp>
  <id>Comp:1-3-1</id>
  <CPU>0.616Gf</CPU>
  <RAM>0.541GB</RAM>
  <DISK>1.49GB</DISK>
</comp>
<comp>
  <id>Comp:1-3-2</id>
  <CPU>0.616Gf</CPU>
  <RAM>0.541GB</RAM>
  <DISK>1.49GB</DISK>
</comp>
<comp>
  <id>Comp:1-3-3</id>
  <CPU>0.616Gf</CPU>
  <RAM>0.541GB</RAM>
  <DISK>1.49GB</DISK>
</comp>
<comp>
  <id>Comp:1-3-4</id>
  <CPU>0.616Gf</CPU>
  <RAM>0.541GB</RAM>
  <DISK>1.49GB</DISK>
</comp>
<comp>
  <id>Comp:1-3-5</id>
  <CPU>0.616Gf</CPU>
  <RAM>0.541GB</RAM>
  <DISK>1.49GB</DISK>
</comp>
<comp>
  <id>Comp:1-4-0</id>
  <CPU>0.727Gf</CPU>
  <RAM>0.158GB</RAM>
  <DISK>0.428GB</DISK>
</comp>
<comp>
  <id>Comp:1-4-1</id>
  <CPU>0.727Gf</CPU>
  <RAM>0.158GB</RAM>
  <DISK>0.428GB</DISK>
</comp>
<comp>
  <id>Comp:1-4-2</id>
  <CPU>0.727Gf</CPU>
  <RAM>0.158GB</RAM>
  <DISK>0.428GB</DISK>
</comp>
<comp>
  <id>Comp:1-4-3</id>
  <CPU>0.727Gf</CPU>
  <RAM>0.158GB</RAM>
  <DISK>0.428GB</DISK>
</comp>
<comp>
  <id>Comp:1-4-4</id>
  <CPU>0.727Gf</CPU>
  <RAM>0.158GB</RAM>
  <DISK>0.428GB</DISK>
</comp>
<comp>
  <id>Comp:1-4-5</id>
  <CPU>0.727Gf</CPU>
  <RAM>0.158GB</RAM>
  <DISK>0.428GB</DISK>
</comp>
<comp>
  <id>Comp:1-4-6</id>
  <CPU>0.727Gf</CPU>
  <RAM>0.158GB</RAM>
  <DISK>0.428GB</DISK>
</comp>
<comp>
  <id>Comp:1-4-7</id>
  <CPU>0.727Gf</CPU>
  <RAM>0.158GB</RAM>
  <DISK>0.428GB</DISK>
</comp>
<comp>
  <id>Comp:1-4-8</id>
  <CPU>0.727Gf</CPU>
  <RAM>0.158GB</RAM>
  <DISK>0.428GB</DISK>
</comp>
<comp>
  <id>Comp:1-5-0</id>
  <CPU>0.608Gf</CPU>
  <RAM>0.349GB</RAM>
  <DISK>1.33GB</DISK>
</comp>
<comp>
  <id>Comp:1-5-1</id>
  <CPU>0.608Gf</CPU>
  <RAM>0.349GB</RAM>
  <DISK>1.33GB</DISK>
</comp>
<comp>
  <id>Comp:1-5-2</id>
  <CPU>0.608Gf</CPU>
  <RAM>0.349GB</RAM>
  <DISK>1.33GB</DISK>
</comp>
<comp>
  <id>Comp:1-5-3</id>
  <CPU>0.608Gf</CPU>
  <RAM>0.349GB</RAM>
  <DISK>1.33GB</DISK>
</comp>
<comp>
  <id>Comp:1-5-4</id>
  <CPU>0.608Gf</CPU>
  <RAM>0.349GB</RAM>
  <DISK>1.33GB</DISK>
</comp>
<comp>
  <id>Comp:1-5-5</id>
  <CPU>0.608Gf</CPU>
  <RAM>0.349GB</RAM>
  <DISK>1.33GB</DISK>
</comp>
<comp>
  <id>Comp:1-5-6</id>
  <CPU>0.608Gf</CPU>
  <RAM>0.349GB</RAM>
  <DISK>1.33GB</DISK>
</comp>
<comp>
  <id>Comp:1-5-7</id>
  <CPU>0.608Gf</CPU>
  <RAM>0.349GB</RAM>
  <DISK>1.33GB</DISK>
</comp>
<comp>
  <id>Comp:1-5-8</id>
  <CPU>0.608Gf</CPU>
  <RAM>0.349GB</RAM>
  <DISK>1.33GB</DISK>
</comp>
  <bind>Comp:1-1-0 Appliance-280 0.254MBps 27.7ms</bind>
  <bind>Appliance-280 Comp:1-1-0 0.254MBps 27.7ms</bind>
  <bind>Comp:1-1-1 Appliance-61 0.254MBps 27.7ms</bind>
  <bind>Appliance-61 Comp:1-1-1 0.254MBps 27.7ms</bind>
  <bind>Comp:1-1-2 Appliance-1 0.254MBps 27.7ms</bind>
  <bind>Appliance-1 Comp:1-1-2 0.254MBps 27.7ms</bind>
  <bind>Comp:1-1-3 Appliance-273 0.254MBps 27.7ms</bind>
  <bind>Appliance-273 Comp:1-1-3 0.254MBps 27.7ms</bind>
  <bind>Comp:1-1-4 Appliance-355 0.254MBps 27.7ms</bind>
  <bind>Appliance-355 Comp:1-1-4 0.254MBps 27.7ms</bind>
  <bind>Comp:1-1-5 Appliance-376 0.254MBps 27.7ms</bind>
  <bind>Appliance-376 Comp:1-1-5 0.254MBps 27.7ms</bind>
  <bind>Comp:1-1-6 Appliance-280 0.254MBps 27.7ms</bind>
  <bind>Appliance-280 Comp:1-1-6 0.254MBps 27.7ms</bind>
  <bind>Comp:1-2-0 Comp:1-1-0 0.286MBps 44.1ms</bind>
  <bind>Comp:1-1-0 Comp:1-2-0 0.286MBps 44.1ms</bind>
  <bind>Comp:1-2-1 Comp:1-1-1 0.286MBps 44.1ms</bind>
  <bind>Comp:1-1-1 Comp:1-2-1 0.286MBps 44.1ms</bind>
  <bind>Comp:1-2-0 Comp:1-1-2 0.286MBps 44.1ms</bind>
  <bind>Comp:1-1-2 Comp:1-2-0 0.286MBps 44.1ms</bind>
  <bind>Comp:1-2-1 Comp:1-1-3 0.286MBps 44.1ms</bind>
  <bind>Comp:1-1-3 Comp:1-2-1 0.286MBps 44.1ms</bind>
  <bind>Comp:1-2-0 Comp:1-1-4 0.286MBps 44.1ms</bind>
  <bind>Comp:1-1-4 Comp:1-2-0 0.286MBps 44.1ms</bind>
  <bind>Comp:1-2-1 Comp:1-1-5 0.286MBps 44.1ms</bind>
  <bind>Comp:1-1-5 Comp:1-2-1 0.286MBps 44.1ms</bind>
  <bind>Comp:1-2-0 Comp:1-1-6 0.286MBps 44.1ms</bind>
  <bind>Comp:1-1-6 Comp:1-2-0 0.286MBps 44.1ms</bind>
  <bind>Comp:1-3-0 Comp:1-2-0 0.932MBps 29.7ms</bind>
  <bind>Comp:1-2-0 Comp:1-3-0 0.932MBps 29.7ms</bind>
  <bind>Comp:1-3-1 Comp:1-2-1 0.932MBps 29.7ms</bind>
  <bind>Comp:1-2-1 Comp:1-3-1 0.932MBps 29.7ms</bind>
  <bind>Comp:1-3-2 Comp:1-2-0 0.932MBps 29.7ms</bind>
  <bind>Comp:1-2-0 Comp:1-3-2 0.932MBps 29.7ms</bind>
  <bind>Comp:1-3-3 Comp:1-2-1 0.932MBps 29.7ms</bind>
  <bind>Comp:1-2-1 Comp:1-3-3 0.932MBps 29.7ms</bind>
  <bind>Comp:1-3-4 Comp:1-2-0 0.932MBps 29.7ms</bind>
  <bind>Comp:1-2-0 Comp:1-3-4 0.932MBps 29.7ms</bind>
  <bind>Comp:1-3-5 Comp:1-2-1 0.932MBps 29.7ms</bind>
  <bind>Comp:1-2-1 Comp:1-3-5 0.932MBps 29.7ms</bind>
  <bind>Comp:1-4-0 Comp:1-3-0 0.461MBps 27.9ms</bind>
  <bind>Comp:1-3-0 Comp:1-4-0 0.461MBps 27.9ms</bind>
  <bind>Comp:1-4-1 Comp:1-3-1 0.461MBps 27.9ms</bind>
  <bind>Comp:1-3-1 Comp:1-4-1 0.461MBps 27.9ms</bind>
  <bind>Comp:1-4-2 Comp:1-3-2 0.461MBps 27.9ms</bind>
  <bind>Comp:1-3-2 Comp:1-4-2 0.461MBps 27.9ms</bind>
  <bind>Comp:1-4-3 Comp:1-3-3 0.461MBps 27.9ms</bind>
  <bind>Comp:1-3-3 Comp:1-4-3 0.461MBps 27.9ms</bind>
  <bind>Comp:1-4-4 Comp:1-3-4 0.461MBps 27.9ms</bind>
  <bind>Comp:1-3-4 Comp:1-4-4 0.461MBps 27.9ms</bind>
  <bind>Comp:1-4-5 Comp:1-3-5 0.461MBps 27.9ms</bind>
  <bind>Comp:1-3-5 Comp:1-4-5 0.461MBps 27.9ms</bind>
  <bind>Comp:1-4-6 Comp:1-3-0 0.461MBps 27.9ms</bind>
  <bind>Comp:1-3-0 Comp:1-4-6 0.461MBps 27.9ms</bind>
  <bind>Comp:1-4-7 Comp:1-3-1 0.461MBps 27.9ms</bind>
  <bind>Comp:1-3-1 Comp:1-4-7 0.461MBps 27.9ms</bind>
  <bind>Comp:1-4-8 Comp:1-3-2 0.461MBps 27.9ms</bind>
  <bind>Comp:1-3-2 Comp:1-4-8 0.461MBps 27.9ms</bind>
  <bind>Comp:1-4-0 Comp:1-5-0 0.762MBps 32.0ms</bind>
  <bind>Comp:1-5-0 Comp:1-4-0 0.762MBps 32.0ms</bind>
  <bind>Comp:1-4-1 Comp:1-5-1 0.762MBps 32.0ms</bind>
  <bind>Comp:1-5-1 Comp:1-4-1 0.762MBps 32.0ms</bind>
  <bind>Comp:1-4-2 Comp:1-5-2 0.762MBps 32.0ms</bind>
  <bind>Comp:1-5-2 Comp:1-4-2 0.762MBps 32.0ms</bind>
  <bind>Comp:1-4-3 Comp:1-5-3 0.762MBps 32.0ms</bind>
  <bind>Comp:1-5-3 Comp:1-4-3 0.762MBps 32.0ms</bind>
  <bind>Comp:1-4-4 Comp:1-5-4 0.762MBps 32.0ms</bind>
  <bind>Comp:1-5-4 Comp:1-4-4 0.762MBps 32.0ms</bind>
  <bind>Comp:1-4-5 Comp:1-5-5 0.762MBps 32.0ms</bind>
  <bind>Comp:1-5-5 Comp:1-4-5 0.762MBps 32.0ms</bind>
  <bind>Comp:1-4-6 Comp:1-5-6 0.762MBps 32.0ms</bind>
  <bind>Comp:1-5-6 Comp:1-4-6 0.762MBps 32.0ms</bind>
  <bind>Comp:1-4-7 Comp:1-5-7 0.762MBps 32.0ms</bind>
  <bind>Comp:1-5-7 Comp:1-4-7 0.762MBps 32.0ms</bind>
  <bind>Comp:1-4-8 Comp:1-5-8 0.762MBps 32.0ms</bind>
  <bind>Comp:1-5-8 Comp:1-4-8 0.762MBps 32.0ms</bind>
</app>
<app>
  <id>App10</id>
<comp>
  <id>Comp:10-0-0</id>
  <CPU>0.853Gf</CPU>
  <RAM>0.809GB</RAM>
  <DISK>0.432GB</DISK>
</comp>
<comp>
  <id>Comp:10-0-1</id>
  <CPU>0.853Gf</CPU>
  <RAM>0.809GB</RAM>
  <DISK>0.432GB</DISK>
</comp>
<comp>
  <id>Comp:10-0-2</id>
  <CPU>0.853Gf</CPU>
  <RAM>0.809GB</RAM>
  <DISK>0.432GB</DISK>
</comp>
<comp>
  <id>Comp:10-0-3</id>
  <CPU>0.853Gf</CPU>
  <RAM>0.809GB</RAM>
  <DISK>0.432GB</DISK>
</comp>
<comp>
  <id>Comp:10-1-0</id>
  <CPU>0.101Gf</CPU>
  <RAM>0.502GB</RAM>
  <DISK>0.271GB</DISK>
</comp>
<comp>
  <id>Comp:10-1-1</id>
  <CPU>0.101Gf</CPU>
  <RAM>0.502GB</RAM>
  <DISK>0.271GB</DISK>
</comp>
<comp>
  <id>Comp:10-1-2</id>
  <CPU>0.101Gf</CPU>
  <RAM>0.502GB</RAM>
  <DISK>0.271GB</DISK>
</comp>
<comp>
  <id>Comp:10-1-3</id>
  <CPU>0.101Gf</CPU>
  <RAM>0.502GB</RAM>
  <DISK>0.271GB</DISK>
</comp>
<comp>
  <id>Comp:10-1-4</id>
  <CPU>0.101Gf</CPU>
  <RAM>0.502GB</RAM>
  <DISK>0.271GB</DISK>
</comp>
<comp>
  <id>Comp:10-1-5</id>
  <CPU>0.101Gf</CPU>
  <RAM>0.502GB</RAM>
  <DISK>0.271GB</DISK>
</comp>
<comp>
  <id>Comp:10-2-0</id>
  <CPU>0.25Gf</CPU>
  <RAM>0.24GB</RAM>
  <DISK>1.07GB</DISK>
</comp>
<comp>
  <id>Comp:10-2-1</id>
  <CPU>0.25Gf</CPU>
  <RAM>0.24GB</RAM>
  <DISK>1.07GB</DISK>
</comp>
<comp>
  <id>Comp:10-2-2</id>
  <CPU>0.25Gf</CPU>
  <RAM>0.24GB</RAM>
  <DISK>1.07GB</DISK>
</comp>
<comp>
  <id>Comp:10-3-0</id>
  <CPU>0.92Gf</CPU>
  <RAM>0.679GB</RAM>
  <DISK>1.66GB</DISK>
</comp>
<comp>
  <id>Comp:10-3-1</id>
  <CPU>0.92Gf</CPU>
  <RAM>0.679GB</RAM>
  <DISK>1.66GB</DISK>
</comp>
<comp>
  <id>Comp:10-3-2</id>
  <CPU>0.92Gf</CPU>
  <RAM>0.679GB</RAM>
  <DISK>1.66GB</DISK>
</comp>
<comp>
  <id>Comp:10-3-3</id>
  <CPU>0.92Gf</CPU>
  <RAM>0.679GB</RAM>
  <DISK>1.66GB</DISK>
</comp>
<comp>
  <id>Comp:10-3-4</id>
  <CPU>0.92Gf</CPU>
  <RAM>0.679GB</RAM>
  <DISK>1.66GB</DISK>
</comp>
<comp>
  <id>Comp:10-4-0</id>
  <CPU>0.649Gf</CPU>
  <RAM>0.523GB</RAM>
  <DISK>0.326GB</DISK>
</comp>
<comp>
  <id>Comp:10-4-1</id>
  <CPU>0.649Gf</CPU>
  <RAM>0.523GB</RAM>
  <DISK>0.326GB</DISK>
</comp>
  <bind>Comp:10-1-0 Comp:10-0-0 0.364MBps 26.7ms</bind>
  <bind>Comp:10-0-0 Comp:10-1-0 0.364MBps 26.7ms</bind>
  <bind>Comp:10-1-1 Comp:10-0-1 0.364MBps 26.7ms</bind>
  <bind>Comp:10-0-1 Comp:10-1-1 0.364MBps 26.7ms</bind>
  <bind>Comp:10-1-2 Comp:10-0-2 0.364MBps 26.7ms</bind>
  <bind>Comp:10-0-2 Comp:10-1-2 0.364MBps 26.7ms</bind>
  <bind>Comp:10-1-3 Comp:10-0-3 0.364MBps 26.7ms</bind>
  <bind>Comp:10-0-3 Comp:10-1-3 0.364MBps 26.7ms</bind>
  <bind>Comp:10-1-4 Comp:10-0-0 0.364MBps 26.7ms</bind>
  <bind>Comp:10-0-0 Comp:10-1-4 0.364MBps 26.7ms</bind>
  <bind>Comp:10-1-5 Comp:10-0-1 0.364MBps 26.7ms</bind>
  <bind>Comp:10-0-1 Comp:10-1-5 0.364MBps 26.7ms</bind>
  <bind>Comp:10-2-0 Comp:10-1-0 0.54MBps 28.6ms</bind>
  <bind>Comp:10-1-0 Comp:10-2-0 0.54MBps 28.6ms</bind>
  <bind>Comp:10-2-1 Comp:10-1-1 0.54MBps 28.6ms</bind>
  <bind>Comp:10-1-1 Comp:10-2-1 0.54MBps 28.6ms</bind>
  <bind>Comp:10-2-2 Comp:10-1-2 0.54MBps 28.6ms</bind>
  <bind>Comp:10-1-2 Comp:10-2-2 0.54MBps 28.6ms</bind>
  <bind>Comp:10-2-0 Comp:10-1-3 0.54MBps 28.6ms</bind>
  <bind>Comp:10-1-3 Comp:10-2-0 0.54MBps 28.6ms</bind>
  <bind>Comp:10-2-1 Comp:10-1-4 0.54MBps 28.6ms</bind>
  <bind>Comp:10-1-4 Comp:10-2-1 0.54MBps 28.6ms</bind>
  <bind>Comp:10-2-2 Comp:10-1-5 0.54MBps 28.6ms</bind>
  <bind>Comp:10-1-5 Comp:10-2-2 0.54MBps 28.6ms</bind>
  <bind>Comp:10-3-0 Comp:10-2-0 0.252MBps 40.0ms</bind>
  <bind>Comp:10-2-0 Comp:10-3-0 0.252MBps 40.0ms</bind>
  <bind>Comp:10-3-1 Comp:10-2-1 0.252MBps 40.0ms</bind>
  <bind>Comp:10-2-1 Comp:10-3-1 0.252MBps 40.0ms</bind>
  <bind>Comp:10-3-2 Comp:10-2-2 0.252MBps 40.0ms</bind>
  <bind>Comp:10-2-2 Comp:10-3-2 0.252MBps 40.0ms</bind>
  <bind>Comp:10-3-3 Comp:10-2-0 0.252MBps 40.0ms</bind>
  <bind>Comp:10-2-0 Comp:10-3-3 0.252MBps 40.0ms</bind>
  <bind>Comp:10-3-4 Comp:10-2-1 0.252MBps 40.0ms</bind>
  <bind>Comp:10-2-1 Comp:10-3-4 0.252MBps 40.0ms</bind>
  <bind>Comp:10-4-0 Comp:10-3-0 0.644MBps 46.5ms</bind>
  <bind>Comp:10-3-0 Comp:10-4-0 0.644MBps 46.5ms</bind>
  <bind>Comp:10-4-1 Comp:10-3-1 0.644MBps 46.5ms</bind>
  <bind>Comp:10-3-1 Comp:10-4-1 0.644MBps 46.5ms</bind>
  <bind>Comp:10-4-0 Comp:10-3-2 0.644MBps 46.5ms</bind>
  <bind>Comp:10-3-2 Comp:10-4-0 0.644MBps 46.5ms</bind>
  <bind>Comp:10-4-1 Comp:10-3-3 0.644MBps 46.5ms</bind>
  <bind>Comp:10-3-3 Comp:10-4-1 0.644MBps 46.5ms</bind>
  <bind>Comp:10-4-0 Comp:10-3-4 0.644MBps 46.5ms</bind>
  <bind>Comp:10-3-4 Comp:10-4-0 0.644MBps 46.5ms</bind>
  <bind>Comp:10-4-0 Appliance-178 0.0578MBps 31.6ms</bind>
  <bind>Appliance-178 Comp:10-4-0 0.0578MBps 31.6ms</bind>
  <bind>Comp:10-4-1 Appliance-178 0.0578MBps 31.6ms</bind>
  <bind>Appliance-178 Comp:10-4-1 0.0578MBps 31.6ms</bind>
</app>
<app>
  <id>App11</id>
<comp>
  <id>Comp:11-1-0</id>
  <CPU>0.37Gf</CPU>
  <RAM>0.578GB</RAM>
  <DISK>1.45GB</DISK>
</comp>
<comp>
  <id>Comp:11-1-1</id>
  <CPU>0.37Gf</CPU>
  <RAM>0.578GB</RAM>
  <DISK>1.45GB</DISK>
</comp>
<comp>
  <id>Comp:11-2-0</id>
  <CPU>0.548Gf</CPU>
  <RAM>0.44GB</RAM>
  <DISK>0.573GB</DISK>
</comp>
<comp>
  <id>Comp:11-2-1</id>
  <CPU>0.548Gf</CPU>
  <RAM>0.44GB</RAM>
  <DISK>0.573GB</DISK>
</comp>
<comp>
  <id>Comp:11-2-2</id>
  <CPU>0.548Gf</CPU>
  <RAM>0.44GB</RAM>
  <DISK>0.573GB</DISK>
</comp>
<comp>
  <id>Comp:11-3-0</id>
  <CPU>0.339Gf</CPU>
  <RAM>0.828GB</RAM>
  <DISK>0.89GB</DISK>
</comp>
<comp>
  <id>Comp:11-3-1</id>
  <CPU>0.339Gf</CPU>
  <RAM>0.828GB</RAM>
  <DISK>0.89GB</DISK>
</comp>
<comp>
  <id>Comp:11-4-0</id>
  <CPU>0.889Gf</CPU>
  <RAM>0.78GB</RAM>
  <DISK>1.93GB</DISK>
</comp>
<comp>
  <id>Comp:11-4-1</id>
  <CPU>0.889Gf</CPU>
  <RAM>0.78GB</RAM>
  <DISK>1.93GB</DISK>
</comp>
<comp>
  <id>Comp:11-4-2</id>
  <CPU>0.889Gf</CPU>
  <RAM>0.78GB</RAM>
  <DISK>1.93GB</DISK>
</comp>
<comp>
  <id>Comp:11-4-3</id>
  <CPU>0.889Gf</CPU>
  <RAM>0.78GB</RAM>
  <DISK>1.93GB</DISK>
</comp>
<comp>
  <id>Comp:11-4-4</id>
  <CPU>0.889Gf</CPU>
  <RAM>0.78GB</RAM>
  <DISK>1.93GB</DISK>
</comp>
<comp>
  <id>Comp:11-4-5</id>
  <CPU>0.889Gf</CPU>
  <RAM>0.78GB</RAM>
  <DISK>1.93GB</DISK>
</comp>
<comp>
  <id>Comp:11-4-6</id>
  <CPU>0.889Gf</CPU>
  <RAM>0.78GB</RAM>
  <DISK>1.93GB</DISK>
</comp>
<comp>
  <id>Comp:11-4-7</id>
  <CPU>0.889Gf</CPU>
  <RAM>0.78GB</RAM>
  <DISK>1.93GB</DISK>
</comp>
<comp>
  <id>Comp:11-4-8</id>
  <CPU>0.889Gf</CPU>
  <RAM>0.78GB</RAM>
  <DISK>1.93GB</DISK>
</comp>
<comp>
  <id>Comp:11-4-9</id>
  <CPU>0.889Gf</CPU>
  <RAM>0.78GB</RAM>
  <DISK>1.93GB</DISK>
</comp>
  <bind>Comp:11-1-0 Appliance-310 0.782MBps 44.1ms</bind>
  <bind>Appliance-310 Comp:11-1-0 0.782MBps 44.1ms</bind>
  <bind>Comp:11-1-1 Appliance-286 0.782MBps 44.1ms</bind>
  <bind>Appliance-286 Comp:11-1-1 0.782MBps 44.1ms</bind>
  <bind>Comp:11-1-0 Appliance-306 0.782MBps 44.1ms</bind>
  <bind>Appliance-306 Comp:11-1-0 0.782MBps 44.1ms</bind>
  <bind>Comp:11-1-1 Appliance-146 0.782MBps 44.1ms</bind>
  <bind>Appliance-146 Comp:11-1-1 0.782MBps 44.1ms</bind>
  <bind>Comp:11-1-0 Appliance-136 0.782MBps 44.1ms</bind>
  <bind>Appliance-136 Comp:11-1-0 0.782MBps 44.1ms</bind>
  <bind>Comp:11-1-1 Appliance-31 0.782MBps 44.1ms</bind>
  <bind>Appliance-31 Comp:11-1-1 0.782MBps 44.1ms</bind>
  <bind>Comp:11-1-0 Appliance-41 0.782MBps 44.1ms</bind>
  <bind>Appliance-41 Comp:11-1-0 0.782MBps 44.1ms</bind>
  <bind>Comp:11-1-1 Appliance-248 0.782MBps 44.1ms</bind>
  <bind>Appliance-248 Comp:11-1-1 0.782MBps 44.1ms</bind>
  <bind>Comp:11-1-0 Appliance-393 0.782MBps 44.1ms</bind>
  <bind>Appliance-393 Comp:11-1-0 0.782MBps 44.1ms</bind>
  <bind>Comp:11-1-1 Appliance-248 0.782MBps 44.1ms</bind>
  <bind>Appliance-248 Comp:11-1-1 0.782MBps 44.1ms</bind>
  <bind>Comp:11-2-0 Comp:11-1-0 0.755MBps 49.5ms</bind>
  <bind>Comp:11-1-0 Comp:11-2-0 0.755MBps 49.5ms</bind>
  <bind>Comp:11-2-1 Comp:11-1-1 0.755MBps 49.5ms</bind>
  <bind>Comp:11-1-1 Comp:11-2-1 0.755MBps 49.5ms</bind>
  <bind>Comp:11-2-2 Comp:11-1-0 0.755MBps 49.5ms</bind>
  <bind>Comp:11-1-0 Comp:11-2-2 0.755MBps 49.5ms</bind>
  <bind>Comp:11-3-0 Comp:11-2-0 0.436MBps 36.5ms</bind>
  <bind>Comp:11-2-0 Comp:11-3-0 0.436MBps 36.5ms</bind>
  <bind>Comp:11-3-1 Comp:11-2-1 0.436MBps 36.5ms</bind>
  <bind>Comp:11-2-1 Comp:11-3-1 0.436MBps 36.5ms</bind>
  <bind>Comp:11-3-0 Comp:11-2-2 0.436MBps 36.5ms</bind>
  <bind>Comp:11-2-2 Comp:11-3-0 0.436MBps 36.5ms</bind>
  <bind>Comp:11-3-0 Comp:11-4-0 0.197MBps 26.8ms</bind>
  <bind>Comp:11-4-0 Comp:11-3-0 0.197MBps 26.8ms</bind>
  <bind>Comp:11-3-1 Comp:11-4-1 0.197MBps 26.8ms</bind>
  <bind>Comp:11-4-1 Comp:11-3-1 0.197MBps 26.8ms</bind>
  <bind>Comp:11-3-0 Comp:11-4-2 0.197MBps 26.8ms</bind>
  <bind>Comp:11-4-2 Comp:11-3-0 0.197MBps 26.8ms</bind>
  <bind>Comp:11-3-1 Comp:11-4-3 0.197MBps 26.8ms</bind>
  <bind>Comp:11-4-3 Comp:11-3-1 0.197MBps 26.8ms</bind>
  <bind>Comp:11-3-0 Comp:11-4-4 0.197MBps 26.8ms</bind>
  <bind>Comp:11-4-4 Comp:11-3-0 0.197MBps 26.8ms</bind>
  <bind>Comp:11-3-1 Comp:11-4-5 0.197MBps 26.8ms</bind>
  <bind>Comp:11-4-5 Comp:11-3-1 0.197MBps 26.8ms</bind>
  <bind>Comp:11-3-0 Comp:11-4-6 0.197MBps 26.8ms</bind>
  <bind>Comp:11-4-6 Comp:11-3-0 0.197MBps 26.8ms</bind>
  <bind>Comp:11-3-1 Comp:11-4-7 0.197MBps 26.8ms</bind>
  <bind>Comp:11-4-7 Comp:11-3-1 0.197MBps 26.8ms</bind>
  <bind>Comp:11-3-0 Comp:11-4-8 0.197MBps 26.8ms</bind>
  <bind>Comp:11-4-8 Comp:11-3-0 0.197MBps 26.8ms</bind>
  <bind>Comp:11-3-1 Comp:11-4-9 0.197MBps 26.8ms</bind>
  <bind>Comp:11-4-9 Comp:11-3-1 0.197MBps 26.8ms</bind>
</app>
<app>
  <id>App12</id>
<comp>
  <id>Comp:12-0-0</id>
  <CPU>0.61Gf</CPU>
  <RAM>0.181GB</RAM>
  <DISK>1.15GB</DISK>
</comp>
<comp>
  <id>Comp:12-0-1</id>
  <CPU>0.61Gf</CPU>
  <RAM>0.181GB</RAM>
  <DISK>1.15GB</DISK>
</comp>
<comp>
  <id>Comp:12-1-0</id>
  <CPU>0.912Gf</CPU>
  <RAM>0.716GB</RAM>
  <DISK>0.501GB</DISK>
</comp>
<comp>
  <id>Comp:12-1-1</id>
  <CPU>0.912Gf</CPU>
  <RAM>0.716GB</RAM>
  <DISK>0.501GB</DISK>
</comp>
<comp>
  <id>Comp:12-1-2</id>
  <CPU>0.912Gf</CPU>
  <RAM>0.716GB</RAM>
  <DISK>0.501GB</DISK>
</comp>
<comp>
  <id>Comp:12-1-3</id>
  <CPU>0.912Gf</CPU>
  <RAM>0.716GB</RAM>
  <DISK>0.501GB</DISK>
</comp>
<comp>
  <id>Comp:12-1-4</id>
  <CPU>0.912Gf</CPU>
  <RAM>0.716GB</RAM>
  <DISK>0.501GB</DISK>
</comp>
<comp>
  <id>Comp:12-1-5</id>
  <CPU>0.912Gf</CPU>
  <RAM>0.716GB</RAM>
  <DISK>0.501GB</DISK>
</comp>
<comp>
  <id>Comp:12-1-6</id>
  <CPU>0.912Gf</CPU>
  <RAM>0.716GB</RAM>
  <DISK>0.501GB</DISK>
</comp>
<comp>
  <id>Comp:12-1-7</id>
  <CPU>0.912Gf</CPU>
  <RAM>0.716GB</RAM>
  <DISK>0.501GB</DISK>
</comp>
<comp>
  <id>Comp:12-2-0</id>
  <CPU>0.187Gf</CPU>
  <RAM>0.992GB</RAM>
  <DISK>1.17GB</DISK>
</comp>
<comp>
  <id>Comp:12-2-1</id>
  <CPU>0.187Gf</CPU>
  <RAM>0.992GB</RAM>
  <DISK>1.17GB</DISK>
</comp>
<comp>
  <id>Comp:12-2-2</id>
  <CPU>0.187Gf</CPU>
  <RAM>0.992GB</RAM>
  <DISK>1.17GB</DISK>
</comp>
<comp>
  <id>Comp:12-2-3</id>
  <CPU>0.187Gf</CPU>
  <RAM>0.992GB</RAM>
  <DISK>1.17GB</DISK>
</comp>
<comp>
  <id>Comp:12-2-4</id>
  <CPU>0.187Gf</CPU>
  <RAM>0.992GB</RAM>
  <DISK>1.17GB</DISK>
</comp>
<comp>
  <id>Comp:12-2-5</id>
  <CPU>0.187Gf</CPU>
  <RAM>0.992GB</RAM>
  <DISK>1.17GB</DISK>
</comp>
<comp>
  <id>Comp:12-2-6</id>
  <CPU>0.187Gf</CPU>
  <RAM>0.992GB</RAM>
  <DISK>1.17GB</DISK>
</comp>
<comp>
  <id>Comp:12-2-7</id>
  <CPU>0.187Gf</CPU>
  <RAM>0.992GB</RAM>
  <DISK>1.17GB</DISK>
</comp>
<comp>
  <id>Comp:12-2-8</id>
  <CPU>0.187Gf</CPU>
  <RAM>0.992GB</RAM>
  <DISK>1.17GB</DISK>
</comp>
<comp>
  <id>Comp:12-2-9</id>
  <CPU>0.187Gf</CPU>
  <RAM>0.992GB</RAM>
  <DISK>1.17GB</DISK>
</comp>
  <bind>Comp:12-1-0 Comp:12-0-0 0.211MBps 40.6ms</bind>
  <bind>Comp:12-0-0 Comp:12-1-0 0.211MBps 40.6ms</bind>
  <bind>Comp:12-1-1 Comp:12-0-1 0.211MBps 40.6ms</bind>
  <bind>Comp:12-0-1 Comp:12-1-1 0.211MBps 40.6ms</bind>
  <bind>Comp:12-1-2 Comp:12-0-0 0.211MBps 40.6ms</bind>
  <bind>Comp:12-0-0 Comp:12-1-2 0.211MBps 40.6ms</bind>
  <bind>Comp:12-1-3 Comp:12-0-1 0.211MBps 40.6ms</bind>
  <bind>Comp:12-0-1 Comp:12-1-3 0.211MBps 40.6ms</bind>
  <bind>Comp:12-1-4 Comp:12-0-0 0.211MBps 40.6ms</bind>
  <bind>Comp:12-0-0 Comp:12-1-4 0.211MBps 40.6ms</bind>
  <bind>Comp:12-1-5 Comp:12-0-1 0.211MBps 40.6ms</bind>
  <bind>Comp:12-0-1 Comp:12-1-5 0.211MBps 40.6ms</bind>
  <bind>Comp:12-1-6 Comp:12-0-0 0.211MBps 40.6ms</bind>
  <bind>Comp:12-0-0 Comp:12-1-6 0.211MBps 40.6ms</bind>
  <bind>Comp:12-1-7 Comp:12-0-1 0.211MBps 40.6ms</bind>
  <bind>Comp:12-0-1 Comp:12-1-7 0.211MBps 40.6ms</bind>
  <bind>Comp:12-2-0 Comp:12-1-0 0.439MBps 35.9ms</bind>
  <bind>Comp:12-1-0 Comp:12-2-0 0.439MBps 35.9ms</bind>
  <bind>Comp:12-2-1 Comp:12-1-1 0.439MBps 35.9ms</bind>
  <bind>Comp:12-1-1 Comp:12-2-1 0.439MBps 35.9ms</bind>
  <bind>Comp:12-2-2 Comp:12-1-2 0.439MBps 35.9ms</bind>
  <bind>Comp:12-1-2 Comp:12-2-2 0.439MBps 35.9ms</bind>
  <bind>Comp:12-2-3 Comp:12-1-3 0.439MBps 35.9ms</bind>
  <bind>Comp:12-1-3 Comp:12-2-3 0.439MBps 35.9ms</bind>
  <bind>Comp:12-2-4 Comp:12-1-4 0.439MBps 35.9ms</bind>
  <bind>Comp:12-1-4 Comp:12-2-4 0.439MBps 35.9ms</bind>
  <bind>Comp:12-2-5 Comp:12-1-5 0.439MBps 35.9ms</bind>
  <bind>Comp:12-1-5 Comp:12-2-5 0.439MBps 35.9ms</bind>
  <bind>Comp:12-2-6 Comp:12-1-6 0.439MBps 35.9ms</bind>
  <bind>Comp:12-1-6 Comp:12-2-6 0.439MBps 35.9ms</bind>
  <bind>Comp:12-2-7 Comp:12-1-7 0.439MBps 35.9ms</bind>
  <bind>Comp:12-1-7 Comp:12-2-7 0.439MBps 35.9ms</bind>
  <bind>Comp:12-2-8 Comp:12-1-0 0.439MBps 35.9ms</bind>
  <bind>Comp:12-1-0 Comp:12-2-8 0.439MBps 35.9ms</bind>
  <bind>Comp:12-2-9 Comp:12-1-1 0.439MBps 35.9ms</bind>
  <bind>Comp:12-1-1 Comp:12-2-9 0.439MBps 35.9ms</bind>
  <bind>Comp:12-2-0 Appliance-197 0.11MBps 27.2ms</bind>
  <bind>Appliance-197 Comp:12-2-0 0.11MBps 27.2ms</bind>
  <bind>Comp:12-2-1 Appliance-259 0.11MBps 27.2ms</bind>
  <bind>Appliance-259 Comp:12-2-1 0.11MBps 27.2ms</bind>
  <bind>Comp:12-2-2 Appliance-247 0.11MBps 27.2ms</bind>
  <bind>Appliance-247 Comp:12-2-2 0.11MBps 27.2ms</bind>
  <bind>Comp:12-2-3 Appliance-186 0.11MBps 27.2ms</bind>
  <bind>Appliance-186 Comp:12-2-3 0.11MBps 27.2ms</bind>
  <bind>Comp:12-2-4 Appliance-69 0.11MBps 27.2ms</bind>
  <bind>Appliance-69 Comp:12-2-4 0.11MBps 27.2ms</bind>
  <bind>Comp:12-2-5 Appliance-197 0.11MBps 27.2ms</bind>
  <bind>Appliance-197 Comp:12-2-5 0.11MBps 27.2ms</bind>
  <bind>Comp:12-2-6 Appliance-259 0.11MBps 27.2ms</bind>
  <bind>Appliance-259 Comp:12-2-6 0.11MBps 27.2ms</bind>
  <bind>Comp:12-2-7 Appliance-247 0.11MBps 27.2ms</bind>
  <bind>Appliance-247 Comp:12-2-7 0.11MBps 27.2ms</bind>
  <bind>Comp:12-2-8 Appliance-186 0.11MBps 27.2ms</bind>
  <bind>Appliance-186 Comp:12-2-8 0.11MBps 27.2ms</bind>
  <bind>Comp:12-2-9 Appliance-69 0.11MBps 27.2ms</bind>
  <bind>Appliance-69 Comp:12-2-9 0.11MBps 27.2ms</bind>
</app>
<app>
  <id>App13</id>
<comp>
  <id>Comp:13-0-0</id>
  <CPU>0.747Gf</CPU>
  <RAM>0.67GB</RAM>
  <DISK>1.14GB</DISK>
</comp>
<comp>
  <id>Comp:13-0-1</id>
  <CPU>0.747Gf</CPU>
  <RAM>0.67GB</RAM>
  <DISK>1.14GB</DISK>
</comp>
<comp>
  <id>Comp:13-1-0</id>
  <CPU>0.822Gf</CPU>
  <RAM>0.59GB</RAM>
  <DISK>0.703GB</DISK>
</comp>
<comp>
  <id>Comp:13-1-1</id>
  <CPU>0.822Gf</CPU>
  <RAM>0.59GB</RAM>
  <DISK>0.703GB</DISK>
</comp>
<comp>
  <id>Comp:13-2-0</id>
  <CPU>0.914Gf</CPU>
  <RAM>0.557GB</RAM>
  <DISK>1.52GB</DISK>
</comp>
<comp>
  <id>Comp:13-2-1</id>
  <CPU>0.914Gf</CPU>
  <RAM>0.557GB</RAM>
  <DISK>1.52GB</DISK>
</comp>
<comp>
  <id>Comp:13-2-2</id>
  <CPU>0.914Gf</CPU>
  <RAM>0.557GB</RAM>
  <DISK>1.52GB</DISK>
</comp>
<comp>
  <id>Comp:13-2-3</id>
  <CPU>0.914Gf</CPU>
  <RAM>0.557GB</RAM>
  <DISK>1.52GB</DISK>
</comp>
<comp>
  <id>Comp:13-2-4</id>
  <CPU>0.914Gf</CPU>
  <RAM>0.557GB</RAM>
  <DISK>1.52GB</DISK>
</comp>
<comp>
  <id>Comp:13-3-0</id>
  <CPU>0.61Gf</CPU>
  <RAM>0.55GB</RAM>
  <DISK>0.415GB</DISK>
</comp>
<comp>
  <id>Comp:13-3-1</id>
  <CPU>0.61Gf</CPU>
  <RAM>0.55GB</RAM>
  <DISK>0.415GB</DISK>
</comp>
<comp>
  <id>Comp:13-3-2</id>
  <CPU>0.61Gf</CPU>
  <RAM>0.55GB</RAM>
  <DISK>0.415GB</DISK>
</comp>
<comp>
  <id>Comp:13-3-3</id>
  <CPU>0.61Gf</CPU>
  <RAM>0.55GB</RAM>
  <DISK>0.415GB</DISK>
</comp>
  <bind>Comp:13-1-0 Comp:13-0-0 0.423MBps 35.2ms</bind>
  <bind>Comp:13-0-0 Comp:13-1-0 0.423MBps 35.2ms</bind>
  <bind>Comp:13-1-1 Comp:13-0-1 0.423MBps 35.2ms</bind>
  <bind>Comp:13-0-1 Comp:13-1-1 0.423MBps 35.2ms</bind>
  <bind>Comp:13-2-0 Comp:13-1-0 0.14MBps 40.4ms</bind>
  <bind>Comp:13-1-0 Comp:13-2-0 0.14MBps 40.4ms</bind>
  <bind>Comp:13-2-1 Comp:13-1-1 0.14MBps 40.4ms</bind>
  <bind>Comp:13-1-1 Comp:13-2-1 0.14MBps 40.4ms</bind>
  <bind>Comp:13-2-2 Comp:13-1-0 0.14MBps 40.4ms</bind>
  <bind>Comp:13-1-0 Comp:13-2-2 0.14MBps 40.4ms</bind>
  <bind>Comp:13-2-3 Comp:13-1-1 0.14MBps 40.4ms</bind>
  <bind>Comp:13-1-1 Comp:13-2-3 0.14MBps 40.4ms</bind>
  <bind>Comp:13-2-4 Comp:13-1-0 0.14MBps 40.4ms</bind>
  <bind>Comp:13-1-0 Comp:13-2-4 0.14MBps 40.4ms</bind>
  <bind>Comp:13-3-0 Comp:13-2-0 0.74MBps 47.2ms</bind>
  <bind>Comp:13-2-0 Comp:13-3-0 0.74MBps 47.2ms</bind>
  <bind>Comp:13-3-1 Comp:13-2-1 0.74MBps 47.2ms</bind>
  <bind>Comp:13-2-1 Comp:13-3-1 0.74MBps 47.2ms</bind>
  <bind>Comp:13-3-2 Comp:13-2-2 0.74MBps 47.2ms</bind>
  <bind>Comp:13-2-2 Comp:13-3-2 0.74MBps 47.2ms</bind>
  <bind>Comp:13-3-3 Comp:13-2-3 0.74MBps 47.2ms</bind>
  <bind>Comp:13-2-3 Comp:13-3-3 0.74MBps 47.2ms</bind>
  <bind>Comp:13-3-0 Comp:13-2-4 0.74MBps 47.2ms</bind>
  <bind>Comp:13-2-4 Comp:13-3-0 0.74MBps 47.2ms</bind>
  <bind>Comp:13-3-0 Appliance-36 0.765MBps 32.2ms</bind>
  <bind>Appliance-36 Comp:13-3-0 0.765MBps 32.2ms</bind>
  <bind>Comp:13-3-1 Appliance-328 0.765MBps 32.2ms</bind>
  <bind>Appliance-328 Comp:13-3-1 0.765MBps 32.2ms</bind>
  <bind>Comp:13-3-2 Appliance-69 0.765MBps 32.2ms</bind>
  <bind>Appliance-69 Comp:13-3-2 0.765MBps 32.2ms</bind>
  <bind>Comp:13-3-3 Appliance-174 0.765MBps 32.2ms</bind>
  <bind>Appliance-174 Comp:13-3-3 0.765MBps 32.2ms</bind>
  <bind>Comp:13-3-0 Appliance-8 0.765MBps 32.2ms</bind>
  <bind>Appliance-8 Comp:13-3-0 0.765MBps 32.2ms</bind>
  <bind>Comp:13-3-1 Appliance-40 0.765MBps 32.2ms</bind>
  <bind>Appliance-40 Comp:13-3-1 0.765MBps 32.2ms</bind>
  <bind>Comp:13-3-2 Appliance-310 0.765MBps 32.2ms</bind>
  <bind>Appliance-310 Comp:13-3-2 0.765MBps 32.2ms</bind>
</app>
<app>
  <id>App14</id>
<comp>
  <id>Comp:14-0-0</id>
  <CPU>0.762Gf</CPU>
  <RAM>0.504GB</RAM>
  <DISK>1.05GB</DISK>
</comp>
<comp>
  <id>Comp:14-0-1</id>
  <CPU>0.762Gf</CPU>
  <RAM>0.504GB</RAM>
  <DISK>1.05GB</DISK>
</comp>
<comp>
  <id>Comp:14-0-2</id>
  <CPU>0.762Gf</CPU>
  <RAM>0.504GB</RAM>
  <DISK>1.05GB</DISK>
</comp>
<comp>
  <id>Comp:14-0-3</id>
  <CPU>0.762Gf</CPU>
  <RAM>0.504GB</RAM>
  <DISK>1.05GB</DISK>
</comp>
<comp>
  <id>Comp:14-0-4</id>
  <CPU>0.762Gf</CPU>
  <RAM>0.504GB</RAM>
  <DISK>1.05GB</DISK>
</comp>
<comp>
  <id>Comp:14-1-0</id>
  <CPU>0.955Gf</CPU>
  <RAM>0.999GB</RAM>
  <DISK>1.45GB</DISK>
</comp>
<comp>
  <id>Comp:14-1-1</id>
  <CPU>0.955Gf</CPU>
  <RAM>0.999GB</RAM>
  <DISK>1.45GB</DISK>
</comp>
<comp>
  <id>Comp:14-1-2</id>
  <CPU>0.955Gf</CPU>
  <RAM>0.999GB</RAM>
  <DISK>1.45GB</DISK>
</comp>
  <bind>Comp:14-1-0 Comp:14-0-0 0.294MBps 26.4ms</bind>
  <bind>Comp:14-0-0 Comp:14-1-0 0.294MBps 26.4ms</bind>
  <bind>Comp:14-1-1 Comp:14-0-1 0.294MBps 26.4ms</bind>
  <bind>Comp:14-0-1 Comp:14-1-1 0.294MBps 26.4ms</bind>
  <bind>Comp:14-1-2 Comp:14-0-2 0.294MBps 26.4ms</bind>
  <bind>Comp:14-0-2 Comp:14-1-2 0.294MBps 26.4ms</bind>
  <bind>Comp:14-1-0 Comp:14-0-3 0.294MBps 26.4ms</bind>
  <bind>Comp:14-0-3 Comp:14-1-0 0.294MBps 26.4ms</bind>
  <bind>Comp:14-1-1 Comp:14-0-4 0.294MBps 26.4ms</bind>
  <bind>Comp:14-0-4 Comp:14-1-1 0.294MBps 26.4ms</bind>
  <bind>Comp:14-1-0 Appliance-128 0.685MBps 25.8ms</bind>
  <bind>Appliance-128 Comp:14-1-0 0.685MBps 25.8ms</bind>
  <bind>Comp:14-1-1 Appliance-146 0.685MBps 25.8ms</bind>
  <bind>Appliance-146 Comp:14-1-1 0.685MBps 25.8ms</bind>
  <bind>Comp:14-1-2 Appliance-82 0.685MBps 25.8ms</bind>
  <bind>Appliance-82 Comp:14-1-2 0.685MBps 25.8ms</bind>
  <bind>Comp:14-1-0 Appliance-367 0.685MBps 25.8ms</bind>
  <bind>Appliance-367 Comp:14-1-0 0.685MBps 25.8ms</bind>
  <bind>Comp:14-1-1 Appliance-31 0.685MBps 25.8ms</bind>
  <bind>Appliance-31 Comp:14-1-1 0.685MBps 25.8ms</bind>
  <bind>Comp:14-1-2 Appliance-219 0.685MBps 25.8ms</bind>
  <bind>Appliance-219 Comp:14-1-2 0.685MBps 25.8ms</bind>
  <bind>Comp:14-1-0 Appliance-328 0.685MBps 25.8ms</bind>
  <bind>Appliance-328 Comp:14-1-0 0.685MBps 25.8ms</bind>
  <bind>Comp:14-1-1 Appliance-248 0.685MBps 25.8ms</bind>
  <bind>Appliance-248 Comp:14-1-1 0.685MBps 25.8ms</bind>
  <bind>Comp:14-1-2 Appliance-197 0.685MBps 25.8ms</bind>
  <bind>Appliance-197 Comp:14-1-2 0.685MBps 25.8ms</bind>
  <bind>Comp:14-1-0 Appliance-107 0.685MBps 25.8ms</bind>
  <bind>Appliance-107 Comp:14-1-0 0.685MBps 25.8ms</bind>
</app>
<app>
  <id>App15</id>
<comp>
  <id>Comp:15-1-0</id>
  <CPU>0.949Gf</CPU>
  <RAM>0.76GB</RAM>
  <DISK>0.22GB</DISK>
</comp>
<comp>
  <id>Comp:15-1-1</id>
  <CPU>0.949Gf</CPU>
  <RAM>0.76GB</RAM>
  <DISK>0.22GB</DISK>
</comp>
<comp>
  <id>Comp:15-1-2</id>
  <CPU>0.949Gf</CPU>
  <RAM>0.76GB</RAM>
  <DISK>0.22GB</DISK>
</comp>
<comp>
  <id>Comp:15-1-3</id>
  <CPU>0.949Gf</CPU>
  <RAM>0.76GB</RAM>
  <DISK>0.22GB</DISK>
</comp>
<comp>
  <id>Comp:15-1-4</id>
  <CPU>0.949Gf</CPU>
  <RAM>0.76GB</RAM>
  <DISK>0.22GB</DISK>
</comp>
  <bind>Comp:15-1-0 Appliance-387 0.0944MBps 34.2ms</bind>
  <bind>Appliance-387 Comp:15-1-0 0.0944MBps 34.2ms</bind>
  <bind>Comp:15-1-1 Appliance-113 0.0944MBps 34.2ms</bind>
  <bind>Appliance-113 Comp:15-1-1 0.0944MBps 34.2ms</bind>
  <bind>Comp:15-1-2 Appliance-69 0.0944MBps 34.2ms</bind>
  <bind>Appliance-69 Comp:15-1-2 0.0944MBps 34.2ms</bind>
  <bind>Comp:15-1-3 Appliance-367 0.0944MBps 34.2ms</bind>
  <bind>Appliance-367 Comp:15-1-3 0.0944MBps 34.2ms</bind>
  <bind>Comp:15-1-4 Appliance-249 0.0944MBps 34.2ms</bind>
  <bind>Appliance-249 Comp:15-1-4 0.0944MBps 34.2ms</bind>
  <bind>Comp:15-1-0 Appliance-362 0.0944MBps 34.2ms</bind>
  <bind>Appliance-362 Comp:15-1-0 0.0944MBps 34.2ms</bind>
  <bind>Comp:15-1-1 Appliance-219 0.0944MBps 34.2ms</bind>
  <bind>Appliance-219 Comp:15-1-1 0.0944MBps 34.2ms</bind>
  <bind>Comp:15-1-0 Appliance-41 0.868MBps 42.0ms</bind>
  <bind>Appliance-41 Comp:15-1-0 0.868MBps 42.0ms</bind>
  <bind>Comp:15-1-1 Appliance-334 0.868MBps 42.0ms</bind>
  <bind>Appliance-334 Comp:15-1-1 0.868MBps 42.0ms</bind>
  <bind>Comp:15-1-2 Appliance-41 0.868MBps 42.0ms</bind>
  <bind>Appliance-41 Comp:15-1-2 0.868MBps 42.0ms</bind>
  <bind>Comp:15-1-3 Appliance-334 0.868MBps 42.0ms</bind>
  <bind>Appliance-334 Comp:15-1-3 0.868MBps 42.0ms</bind>
  <bind>Comp:15-1-4 Appliance-41 0.868MBps 42.0ms</bind>
  <bind>Appliance-41 Comp:15-1-4 0.868MBps 42.0ms</bind>
</app>
<app>
  <id>App16</id>
<comp>
  <id>Comp:16-0-0</id>
  <CPU>0.541Gf</CPU>
  <RAM>0.484GB</RAM>
  <DISK>0.516GB</DISK>
</comp>
<comp>
  <id>Comp:16-1-0</id>
  <CPU>0.533Gf</CPU>
  <RAM>0.795GB</RAM>
  <DISK>1.33GB</DISK>
</comp>
<comp>
  <id>Comp:16-1-1</id>
  <CPU>0.533Gf</CPU>
  <RAM>0.795GB</RAM>
  <DISK>1.33GB</DISK>
</comp>
<comp>
  <id>Comp:16-1-2</id>
  <CPU>0.533Gf</CPU>
  <RAM>0.795GB</RAM>
  <DISK>1.33GB</DISK>
</comp>
<comp>
  <id>Comp:16-1-3</id>
  <CPU>0.533Gf</CPU>
  <RAM>0.795GB</RAM>
  <DISK>1.33GB</DISK>
</comp>
<comp>
  <id>Comp:16-1-4</id>
  <CPU>0.533Gf</CPU>
  <RAM>0.795GB</RAM>
  <DISK>1.33GB</DISK>
</comp>
<comp>
  <id>Comp:16-1-5</id>
  <CPU>0.533Gf</CPU>
  <RAM>0.795GB</RAM>
  <DISK>1.33GB</DISK>
</comp>
<comp>
  <id>Comp:16-1-6</id>
  <CPU>0.533Gf</CPU>
  <RAM>0.795GB</RAM>
  <DISK>1.33GB</DISK>
</comp>
<comp>
  <id>Comp:16-1-7</id>
  <CPU>0.533Gf</CPU>
  <RAM>0.795GB</RAM>
  <DISK>1.33GB</DISK>
</comp>
  <bind>Comp:16-1-0 Comp:16-0-0 0.0976MBps 34.4ms</bind>
  <bind>Comp:16-0-0 Comp:16-1-0 0.0976MBps 34.4ms</bind>
  <bind>Comp:16-1-1 Comp:16-0-0 0.0976MBps 34.4ms</bind>
  <bind>Comp:16-0-0 Comp:16-1-1 0.0976MBps 34.4ms</bind>
  <bind>Comp:16-1-2 Comp:16-0-0 0.0976MBps 34.4ms</bind>
  <bind>Comp:16-0-0 Comp:16-1-2 0.0976MBps 34.4ms</bind>
  <bind>Comp:16-1-3 Comp:16-0-0 0.0976MBps 34.4ms</bind>
  <bind>Comp:16-0-0 Comp:16-1-3 0.0976MBps 34.4ms</bind>
  <bind>Comp:16-1-4 Comp:16-0-0 0.0976MBps 34.4ms</bind>
  <bind>Comp:16-0-0 Comp:16-1-4 0.0976MBps 34.4ms</bind>
  <bind>Comp:16-1-5 Comp:16-0-0 0.0976MBps 34.4ms</bind>
  <bind>Comp:16-0-0 Comp:16-1-5 0.0976MBps 34.4ms</bind>
  <bind>Comp:16-1-6 Comp:16-0-0 0.0976MBps 34.4ms</bind>
  <bind>Comp:16-0-0 Comp:16-1-6 0.0976MBps 34.4ms</bind>
  <bind>Comp:16-1-7 Comp:16-0-0 0.0976MBps 34.4ms</bind>
  <bind>Comp:16-0-0 Comp:16-1-7 0.0976MBps 34.4ms</bind>
  <bind>Comp:16-1-0 Appliance-164 0.911MBps 37.3ms</bind>
  <bind>Appliance-164 Comp:16-1-0 0.911MBps 37.3ms</bind>
  <bind>Comp:16-1-1 Appliance-164 0.911MBps 37.3ms</bind>
  <bind>Appliance-164 Comp:16-1-1 0.911MBps 37.3ms</bind>
  <bind>Comp:16-1-2 Appliance-164 0.911MBps 37.3ms</bind>
  <bind>Appliance-164 Comp:16-1-2 0.911MBps 37.3ms</bind>
  <bind>Comp:16-1-3 Appliance-164 0.911MBps 37.3ms</bind>
  <bind>Appliance-164 Comp:16-1-3 0.911MBps 37.3ms</bind>
  <bind>Comp:16-1-4 Appliance-164 0.911MBps 37.3ms</bind>
  <bind>Appliance-164 Comp:16-1-4 0.911MBps 37.3ms</bind>
  <bind>Comp:16-1-5 Appliance-164 0.911MBps 37.3ms</bind>
  <bind>Appliance-164 Comp:16-1-5 0.911MBps 37.3ms</bind>
  <bind>Comp:16-1-6 Appliance-164 0.911MBps 37.3ms</bind>
  <bind>Appliance-164 Comp:16-1-6 0.911MBps 37.3ms</bind>
  <bind>Comp:16-1-7 Appliance-164 0.911MBps 37.3ms</bind>
  <bind>Appliance-164 Comp:16-1-7 0.911MBps 37.3ms</bind>
</app>
<app>
  <id>App17</id>
<comp>
  <id>Comp:17-0-0</id>
  <CPU>0.639Gf</CPU>
  <RAM>0.712GB</RAM>
  <DISK>0.0223GB</DISK>
</comp>
<comp>
  <id>Comp:17-0-1</id>
  <CPU>0.639Gf</CPU>
  <RAM>0.712GB</RAM>
  <DISK>0.0223GB</DISK>
</comp>
<comp>
  <id>Comp:17-0-2</id>
  <CPU>0.639Gf</CPU>
  <RAM>0.712GB</RAM>
  <DISK>0.0223GB</DISK>
</comp>
<comp>
  <id>Comp:17-0-3</id>
  <CPU>0.639Gf</CPU>
  <RAM>0.712GB</RAM>
  <DISK>0.0223GB</DISK>
</comp>
<comp>
  <id>Comp:17-0-4</id>
  <CPU>0.639Gf</CPU>
  <RAM>0.712GB</RAM>
  <DISK>0.0223GB</DISK>
</comp>
<comp>
  <id>Comp:17-0-5</id>
  <CPU>0.639Gf</CPU>
  <RAM>0.712GB</RAM>
  <DISK>0.0223GB</DISK>
</comp>
<comp>
  <id>Comp:17-0-6</id>
  <CPU>0.639Gf</CPU>
  <RAM>0.712GB</RAM>
  <DISK>0.0223GB</DISK>
</comp>
<comp>
  <id>Comp:17-1-0</id>
  <CPU>0.233Gf</CPU>
  <RAM>0.626GB</RAM>
  <DISK>0.445GB</DISK>
</comp>
<comp>
  <id>Comp:17-1-1</id>
  <CPU>0.233Gf</CPU>
  <RAM>0.626GB</RAM>
  <DISK>0.445GB</DISK>
</comp>
<comp>
  <id>Comp:17-1-2</id>
  <CPU>0.233Gf</CPU>
  <RAM>0.626GB</RAM>
  <DISK>0.445GB</DISK>
</comp>
<comp>
  <id>Comp:17-1-3</id>
  <CPU>0.233Gf</CPU>
  <RAM>0.626GB</RAM>
  <DISK>0.445GB</DISK>
</comp>
<comp>
  <id>Comp:17-1-4</id>
  <CPU>0.233Gf</CPU>
  <RAM>0.626GB</RAM>
  <DISK>0.445GB</DISK>
</comp>
<comp>
  <id>Comp:17-1-5</id>
  <CPU>0.233Gf</CPU>
  <RAM>0.626GB</RAM>
  <DISK>0.445GB</DISK>
</comp>
<comp>
  <id>Comp:17-1-6</id>
  <CPU>0.233Gf</CPU>
  <RAM>0.626GB</RAM>
  <DISK>0.445GB</DISK>
</comp>
  <bind>Comp:17-1-0 Comp:17-0-0 0.158MBps 28.2ms</bind>
  <bind>Comp:17-0-0 Comp:17-1-0 0.158MBps 28.2ms</bind>
  <bind>Comp:17-1-1 Comp:17-0-1 0.158MBps 28.2ms</bind>
  <bind>Comp:17-0-1 Comp:17-1-1 0.158MBps 28.2ms</bind>
  <bind>Comp:17-1-2 Comp:17-0-2 0.158MBps 28.2ms</bind>
  <bind>Comp:17-0-2 Comp:17-1-2 0.158MBps 28.2ms</bind>
  <bind>Comp:17-1-3 Comp:17-0-3 0.158MBps 28.2ms</bind>
  <bind>Comp:17-0-3 Comp:17-1-3 0.158MBps 28.2ms</bind>
  <bind>Comp:17-1-4 Comp:17-0-4 0.158MBps 28.2ms</bind>
  <bind>Comp:17-0-4 Comp:17-1-4 0.158MBps 28.2ms</bind>
  <bind>Comp:17-1-5 Comp:17-0-5 0.158MBps 28.2ms</bind>
  <bind>Comp:17-0-5 Comp:17-1-5 0.158MBps 28.2ms</bind>
  <bind>Comp:17-1-6 Comp:17-0-6 0.158MBps 28.2ms</bind>
  <bind>Comp:17-0-6 Comp:17-1-6 0.158MBps 28.2ms</bind>
  <bind>Comp:17-1-0 Appliance-373 0.256MBps 30.9ms</bind>
  <bind>Appliance-373 Comp:17-1-0 0.256MBps 30.9ms</bind>
  <bind>Comp:17-1-1 Appliance-122 0.256MBps 30.9ms</bind>
  <bind>Appliance-122 Comp:17-1-1 0.256MBps 30.9ms</bind>
  <bind>Comp:17-1-2 Appliance-255 0.256MBps 30.9ms</bind>
  <bind>Appliance-255 Comp:17-1-2 0.256MBps 30.9ms</bind>
  <bind>Comp:17-1-3 Appliance-44 0.256MBps 30.9ms</bind>
  <bind>Appliance-44 Comp:17-1-3 0.256MBps 30.9ms</bind>
  <bind>Comp:17-1-4 Appliance-392 0.256MBps 30.9ms</bind>
  <bind>Appliance-392 Comp:17-1-4 0.256MBps 30.9ms</bind>
  <bind>Comp:17-1-5 Appliance-373 0.256MBps 30.9ms</bind>
  <bind>Appliance-373 Comp:17-1-5 0.256MBps 30.9ms</bind>
  <bind>Comp:17-1-6 Appliance-122 0.256MBps 30.9ms</bind>
  <bind>Appliance-122 Comp:17-1-6 0.256MBps 30.9ms</bind>
</app>
<app>
  <id>App18</id>
<comp>
  <id>Comp:18-0-0</id>
  <CPU>0.505Gf</CPU>
  <RAM>0.604GB</RAM>
  <DISK>0.26GB</DISK>
</comp>
<comp>
  <id>Comp:18-0-1</id>
  <CPU>0.505Gf</CPU>
  <RAM>0.604GB</RAM>
  <DISK>0.26GB</DISK>
</comp>
<comp>
  <id>Comp:18-0-2</id>
  <CPU>0.505Gf</CPU>
  <RAM>0.604GB</RAM>
  <DISK>0.26GB</DISK>
</comp>
<comp>
  <id>Comp:18-0-3</id>
  <CPU>0.505Gf</CPU>
  <RAM>0.604GB</RAM>
  <DISK>0.26GB</DISK>
</comp>
<comp>
  <id>Comp:18-0-4</id>
  <CPU>0.505Gf</CPU>
  <RAM>0.604GB</RAM>
  <DISK>0.26GB</DISK>
</comp>
<comp>
  <id>Comp:18-0-5</id>
  <CPU>0.505Gf</CPU>
  <RAM>0.604GB</RAM>
  <DISK>0.26GB</DISK>
</comp>
<comp>
  <id>Comp:18-1-0</id>
  <CPU>0.497Gf</CPU>
  <RAM>0.517GB</RAM>
  <DISK>0.132GB</DISK>
</comp>
<comp>
  <id>Comp:18-1-1</id>
  <CPU>0.497Gf</CPU>
  <RAM>0.517GB</RAM>
  <DISK>0.132GB</DISK>
</comp>
<comp>
  <id>Comp:18-2-0</id>
  <CPU>0.577Gf</CPU>
  <RAM>0.135GB</RAM>
  <DISK>1.99GB</DISK>
</comp>
<comp>
  <id>Comp:18-2-1</id>
  <CPU>0.577Gf</CPU>
  <RAM>0.135GB</RAM>
  <DISK>1.99GB</DISK>
</comp>
<comp>
  <id>Comp:18-2-2</id>
  <CPU>0.577Gf</CPU>
  <RAM>0.135GB</RAM>
  <DISK>1.99GB</DISK>
</comp>
<comp>
  <id>Comp:18-2-3</id>
  <CPU>0.577Gf</CPU>
  <RAM>0.135GB</RAM>
  <DISK>1.99GB</DISK>
</comp>
<comp>
  <id>Comp:18-2-4</id>
  <CPU>0.577Gf</CPU>
  <RAM>0.135GB</RAM>
  <DISK>1.99GB</DISK>
</comp>
  <bind>Comp:18-1-0 Comp:18-0-0 0.0307MBps 46.2ms</bind>
  <bind>Comp:18-0-0 Comp:18-1-0 0.0307MBps 46.2ms</bind>
  <bind>Comp:18-1-1 Comp:18-0-1 0.0307MBps 46.2ms</bind>
  <bind>Comp:18-0-1 Comp:18-1-1 0.0307MBps 46.2ms</bind>
  <bind>Comp:18-1-0 Comp:18-0-2 0.0307MBps 46.2ms</bind>
  <bind>Comp:18-0-2 Comp:18-1-0 0.0307MBps 46.2ms</bind>
  <bind>Comp:18-1-1 Comp:18-0-3 0.0307MBps 46.2ms</bind>
  <bind>Comp:18-0-3 Comp:18-1-1 0.0307MBps 46.2ms</bind>
  <bind>Comp:18-1-0 Comp:18-0-4 0.0307MBps 46.2ms</bind>
  <bind>Comp:18-0-4 Comp:18-1-0 0.0307MBps 46.2ms</bind>
  <bind>Comp:18-1-1 Comp:18-0-5 0.0307MBps 46.2ms</bind>
  <bind>Comp:18-0-5 Comp:18-1-1 0.0307MBps 46.2ms</bind>
  <bind>Comp:18-2-0 Comp:18-1-0 0.59MBps 38.4ms</bind>
  <bind>Comp:18-1-0 Comp:18-2-0 0.59MBps 38.4ms</bind>
  <bind>Comp:18-2-1 Comp:18-1-1 0.59MBps 38.4ms</bind>
  <bind>Comp:18-1-1 Comp:18-2-1 0.59MBps 38.4ms</bind>
  <bind>Comp:18-2-2 Comp:18-1-0 0.59MBps 38.4ms</bind>
  <bind>Comp:18-1-0 Comp:18-2-2 0.59MBps 38.4ms</bind>
  <bind>Comp:18-2-3 Comp:18-1-1 0.59MBps 38.4ms</bind>
  <bind>Comp:18-1-1 Comp:18-2-3 0.59MBps 38.4ms</bind>
  <bind>Comp:18-2-4 Comp:18-1-0 0.59MBps 38.4ms</bind>
  <bind>Comp:18-1-0 Comp:18-2-4 0.59MBps 38.4ms</bind>
  <bind>Comp:18-2-0 Appliance-149 0.277MBps 27.6ms</bind>
  <bind>Appliance-149 Comp:18-2-0 0.277MBps 27.6ms</bind>
  <bind>Comp:18-2-1 Appliance-109 0.277MBps 27.6ms</bind>
  <bind>Appliance-109 Comp:18-2-1 0.277MBps 27.6ms</bind>
  <bind>Comp:18-2-2 Appliance-387 0.277MBps 27.6ms</bind>
  <bind>Appliance-387 Comp:18-2-2 0.277MBps 27.6ms</bind>
  <bind>Comp:18-2-3 Appliance-219 0.277MBps 27.6ms</bind>
  <bind>Appliance-219 Comp:18-2-3 0.277MBps 27.6ms</bind>
  <bind>Comp:18-2-4 Appliance-328 0.277MBps 27.6ms</bind>
  <bind>Appliance-328 Comp:18-2-4 0.277MBps 27.6ms</bind>
  <bind>Comp:18-2-0 Appliance-259 0.277MBps 27.6ms</bind>
  <bind>Appliance-259 Comp:18-2-0 0.277MBps 27.6ms</bind>
</app>
<app>
  <id>App19</id>
<comp>
  <id>Comp:19-0-0</id>
  <CPU>0.661Gf</CPU>
  <RAM>0.569GB</RAM>
  <DISK>1.75GB</DISK>
</comp>
<comp>
  <id>Comp:19-0-1</id>
  <CPU>0.661Gf</CPU>
  <RAM>0.569GB</RAM>
  <DISK>1.75GB</DISK>
</comp>
<comp>
  <id>Comp:19-0-2</id>
  <CPU>0.661Gf</CPU>
  <RAM>0.569GB</RAM>
  <DISK>1.75GB</DISK>
</comp>
<comp>
  <id>Comp:19-0-3</id>
  <CPU>0.661Gf</CPU>
  <RAM>0.569GB</RAM>
  <DISK>1.75GB</DISK>
</comp>
<comp>
  <id>Comp:19-1-0</id>
  <CPU>0.735Gf</CPU>
  <RAM>0.204GB</RAM>
  <DISK>1.27GB</DISK>
</comp>
<comp>
  <id>Comp:19-1-1</id>
  <CPU>0.735Gf</CPU>
  <RAM>0.204GB</RAM>
  <DISK>1.27GB</DISK>
</comp>
<comp>
  <id>Comp:19-1-2</id>
  <CPU>0.735Gf</CPU>
  <RAM>0.204GB</RAM>
  <DISK>1.27GB</DISK>
</comp>
<comp>
  <id>Comp:19-1-3</id>
  <CPU>0.735Gf</CPU>
  <RAM>0.204GB</RAM>
  <DISK>1.27GB</DISK>
</comp>
<comp>
  <id>Comp:19-1-4</id>
  <CPU>0.735Gf</CPU>
  <RAM>0.204GB</RAM>
  <DISK>1.27GB</DISK>
</comp>
<comp>
  <id>Comp:19-1-5</id>
  <CPU>0.735Gf</CPU>
  <RAM>0.204GB</RAM>
  <DISK>1.27GB</DISK>
</comp>
<comp>
  <id>Comp:19-1-6</id>
  <CPU>0.735Gf</CPU>
  <RAM>0.204GB</RAM>
  <DISK>1.27GB</DISK>
</comp>
<comp>
  <id>Comp:19-1-7</id>
  <CPU>0.735Gf</CPU>
  <RAM>0.204GB</RAM>
  <DISK>1.27GB</DISK>
</comp>
<comp>
  <id>Comp:19-1-8</id>
  <CPU>0.735Gf</CPU>
  <RAM>0.204GB</RAM>
  <DISK>1.27GB</DISK>
</comp>
<comp>
  <id>Comp:19-2-0</id>
  <CPU>0.28Gf</CPU>
  <RAM>0.366GB</RAM>
  <DISK>1.96GB</DISK>
</comp>
<comp>
  <id>Comp:19-2-1</id>
  <CPU>0.28Gf</CPU>
  <RAM>0.366GB</RAM>
  <DISK>1.96GB</DISK>
</comp>
<comp>
  <id>Comp:19-2-2</id>
  <CPU>0.28Gf</CPU>
  <RAM>0.366GB</RAM>
  <DISK>1.96GB</DISK>
</comp>
<comp>
  <id>Comp:19-2-3</id>
  <CPU>0.28Gf</CPU>
  <RAM>0.366GB</RAM>
  <DISK>1.96GB</DISK>
</comp>
<comp>
  <id>Comp:19-2-4</id>
  <CPU>0.28Gf</CPU>
  <RAM>0.366GB</RAM>
  <DISK>1.96GB</DISK>
</comp>
<comp>
  <id>Comp:19-2-5</id>
  <CPU>0.28Gf</CPU>
  <RAM>0.366GB</RAM>
  <DISK>1.96GB</DISK>
</comp>
<comp>
  <id>Comp:19-2-6</id>
  <CPU>0.28Gf</CPU>
  <RAM>0.366GB</RAM>
  <DISK>1.96GB</DISK>
</comp>
<comp>
  <id>Comp:19-2-7</id>
  <CPU>0.28Gf</CPU>
  <RAM>0.366GB</RAM>
  <DISK>1.96GB</DISK>
</comp>
<comp>
  <id>Comp:19-3-0</id>
  <CPU>0.896Gf</CPU>
  <RAM>0.517GB</RAM>
  <DISK>1.02GB</DISK>
</comp>
<comp>
  <id>Comp:19-3-1</id>
  <CPU>0.896Gf</CPU>
  <RAM>0.517GB</RAM>
  <DISK>1.02GB</DISK>
</comp>
<comp>
  <id>Comp:19-3-2</id>
  <CPU>0.896Gf</CPU>
  <RAM>0.517GB</RAM>
  <DISK>1.02GB</DISK>
</comp>
<comp>
  <id>Comp:19-3-3</id>
  <CPU>0.896Gf</CPU>
  <RAM>0.517GB</RAM>
  <DISK>1.02GB</DISK>
</comp>
<comp>
  <id>Comp:19-3-4</id>
  <CPU>0.896Gf</CPU>
  <RAM>0.517GB</RAM>
  <DISK>1.02GB</DISK>
</comp>
<comp>
  <id>Comp:19-3-5</id>
  <CPU>0.896Gf</CPU>
  <RAM>0.517GB</RAM>
  <DISK>1.02GB</DISK>
</comp>
<comp>
  <id>Comp:19-3-6</id>
  <CPU>0.896Gf</CPU>
  <RAM>0.517GB</RAM>
  <DISK>1.02GB</DISK>
</comp>
  <bind>Comp:19-1-0 Comp:19-0-0 0.624MBps 39.9ms</bind>
  <bind>Comp:19-0-0 Comp:19-1-0 0.624MBps 39.9ms</bind>
  <bind>Comp:19-1-1 Comp:19-0-1 0.624MBps 39.9ms</bind>
  <bind>Comp:19-0-1 Comp:19-1-1 0.624MBps 39.9ms</bind>
  <bind>Comp:19-1-2 Comp:19-0-2 0.624MBps 39.9ms</bind>
  <bind>Comp:19-0-2 Comp:19-1-2 0.624MBps 39.9ms</bind>
  <bind>Comp:19-1-3 Comp:19-0-3 0.624MBps 39.9ms</bind>
  <bind>Comp:19-0-3 Comp:19-1-3 0.624MBps 39.9ms</bind>
  <bind>Comp:19-1-4 Comp:19-0-0 0.624MBps 39.9ms</bind>
  <bind>Comp:19-0-0 Comp:19-1-4 0.624MBps 39.9ms</bind>
  <bind>Comp:19-1-5 Comp:19-0-1 0.624MBps 39.9ms</bind>
  <bind>Comp:19-0-1 Comp:19-1-5 0.624MBps 39.9ms</bind>
  <bind>Comp:19-1-6 Comp:19-0-2 0.624MBps 39.9ms</bind>
  <bind>Comp:19-0-2 Comp:19-1-6 0.624MBps 39.9ms</bind>
  <bind>Comp:19-1-7 Comp:19-0-3 0.624MBps 39.9ms</bind>
  <bind>Comp:19-0-3 Comp:19-1-7 0.624MBps 39.9ms</bind>
  <bind>Comp:19-1-8 Comp:19-0-0 0.624MBps 39.9ms</bind>
  <bind>Comp:19-0-0 Comp:19-1-8 0.624MBps 39.9ms</bind>
  <bind>Comp:19-2-0 Comp:19-1-0 0.0469MBps 37.9ms</bind>
  <bind>Comp:19-1-0 Comp:19-2-0 0.0469MBps 37.9ms</bind>
  <bind>Comp:19-2-1 Comp:19-1-1 0.0469MBps 37.9ms</bind>
  <bind>Comp:19-1-1 Comp:19-2-1 0.0469MBps 37.9ms</bind>
  <bind>Comp:19-2-2 Comp:19-1-2 0.0469MBps 37.9ms</bind>
  <bind>Comp:19-1-2 Comp:19-2-2 0.0469MBps 37.9ms</bind>
  <bind>Comp:19-2-3 Comp:19-1-3 0.0469MBps 37.9ms</bind>
  <bind>Comp:19-1-3 Comp:19-2-3 0.0469MBps 37.9ms</bind>
  <bind>Comp:19-2-4 Comp:19-1-4 0.0469MBps 37.9ms</bind>
  <bind>Comp:19-1-4 Comp:19-2-4 0.0469MBps 37.9ms</bind>
  <bind>Comp:19-2-5 Comp:19-1-5 0.0469MBps 37.9ms</bind>
  <bind>Comp:19-1-5 Comp:19-2-5 0.0469MBps 37.9ms</bind>
  <bind>Comp:19-2-6 Comp:19-1-6 0.0469MBps 37.9ms</bind>
  <bind>Comp:19-1-6 Comp:19-2-6 0.0469MBps 37.9ms</bind>
  <bind>Comp:19-2-7 Comp:19-1-7 0.0469MBps 37.9ms</bind>
  <bind>Comp:19-1-7 Comp:19-2-7 0.0469MBps 37.9ms</bind>
  <bind>Comp:19-2-0 Comp:19-1-8 0.0469MBps 37.9ms</bind>
  <bind>Comp:19-1-8 Comp:19-2-0 0.0469MBps 37.9ms</bind>
  <bind>Comp:19-3-0 Comp:19-2-0 0.334MBps 42.1ms</bind>
  <bind>Comp:19-2-0 Comp:19-3-0 0.334MBps 42.1ms</bind>
  <bind>Comp:19-3-1 Comp:19-2-1 0.334MBps 42.1ms</bind>
  <bind>Comp:19-2-1 Comp:19-3-1 0.334MBps 42.1ms</bind>
  <bind>Comp:19-3-2 Comp:19-2-2 0.334MBps 42.1ms</bind>
  <bind>Comp:19-2-2 Comp:19-3-2 0.334MBps 42.1ms</bind>
  <bind>Comp:19-3-3 Comp:19-2-3 0.334MBps 42.1ms</bind>
  <bind>Comp:19-2-3 Comp:19-3-3 0.334MBps 42.1ms</bind>
  <bind>Comp:19-3-4 Comp:19-2-4 0.334MBps 42.1ms</bind>
  <bind>Comp:19-2-4 Comp:19-3-4 0.334MBps 42.1ms</bind>
  <bind>Comp:19-3-5 Comp:19-2-5 0.334MBps 42.1ms</bind>
  <bind>Comp:19-2-5 Comp:19-3-5 0.334MBps 42.1ms</bind>
  <bind>Comp:19-3-6 Comp:19-2-6 0.334MBps 42.1ms</bind>
  <bind>Comp:19-2-6 Comp:19-3-6 0.334MBps 42.1ms</bind>
  <bind>Comp:19-3-0 Comp:19-2-7 0.334MBps 42.1ms</bind>
  <bind>Comp:19-2-7 Comp:19-3-0 0.334MBps 42.1ms</bind>
  <bind>Comp:19-3-0 Appliance-99 0.812MBps 37.6ms</bind>
  <bind>Appliance-99 Comp:19-3-0 0.812MBps 37.6ms</bind>
  <bind>Comp:19-3-1 Appliance-99 0.812MBps 37.6ms</bind>
  <bind>Appliance-99 Comp:19-3-1 0.812MBps 37.6ms</bind>
  <bind>Comp:19-3-2 Appliance-99 0.812MBps 37.6ms</bind>
  <bind>Appliance-99 Comp:19-3-2 0.812MBps 37.6ms</bind>
  <bind>Comp:19-3-3 Appliance-99 0.812MBps 37.6ms</bind>
  <bind>Appliance-99 Comp:19-3-3 0.812MBps 37.6ms</bind>
  <bind>Comp:19-3-4 Appliance-99 0.812MBps 37.6ms</bind>
  <bind>Appliance-99 Comp:19-3-4 0.812MBps 37.6ms</bind>
  <bind>Comp:19-3-5 Appliance-99 0.812MBps 37.6ms</bind>
  <bind>Appliance-99 Comp:19-3-5 0.812MBps 37.6ms</bind>
  <bind>Comp:19-3-6 Appliance-99 0.812MBps 37.6ms</bind>
  <bind>Appliance-99 Comp:19-3-6 0.812MBps 37.6ms</bind>
</app>
<app>
  <id>App2</id>
<comp>
  <id>Comp:2-1-0</id>
  <CPU>0.133Gf</CPU>
  <RAM>0.601GB</RAM>
  <DISK>1.33GB</DISK>
</comp>
<comp>
  <id>Comp:2-1-1</id>
  <CPU>0.133Gf</CPU>
  <RAM>0.601GB</RAM>
  <DISK>1.33GB</DISK>
</comp>
<comp>
  <id>Comp:2-1-2</id>
  <CPU>0.133Gf</CPU>
  <RAM>0.601GB</RAM>
  <DISK>1.33GB</DISK>
</comp>
<comp>
  <id>Comp:2-1-3</id>
  <CPU>0.133Gf</CPU>
  <RAM>0.601GB</RAM>
  <DISK>1.33GB</DISK>
</comp>
<comp>
  <id>Comp:2-1-4</id>
  <CPU>0.133Gf</CPU>
  <RAM>0.601GB</RAM>
  <DISK>1.33GB</DISK>
</comp>
<comp>
  <id>Comp:2-1-5</id>
  <CPU>0.133Gf</CPU>
  <RAM>0.601GB</RAM>
  <DISK>1.33GB</DISK>
</comp>
<comp>
  <id>Comp:2-1-6</id>
  <CPU>0.133Gf</CPU>
  <RAM>0.601GB</RAM>
  <DISK>1.33GB</DISK>
</comp>
<comp>
  <id>Comp:2-2-0</id>
  <CPU>0.604Gf</CPU>
  <RAM>0.156GB</RAM>
  <DISK>1.44GB</DISK>
</comp>
<comp>
  <id>Comp:2-2-1</id>
  <CPU>0.604Gf</CPU>
  <RAM>0.156GB</RAM>
  <DISK>1.44GB</DISK>
</comp>
<comp>
  <id>Comp:2-2-2</id>
  <CPU>0.604Gf</CPU>
  <RAM>0.156GB</RAM>
  <DISK>1.44GB</DISK>
</comp>
<comp>
  <id>Comp:2-2-3</id>
  <CPU>0.604Gf</CPU>
  <RAM>0.156GB</RAM>
  <DISK>1.44GB</DISK>
</comp>
<comp>
  <id>Comp:2-2-4</id>
  <CPU>0.604Gf</CPU>
  <RAM>0.156GB</RAM>
  <DISK>1.44GB</DISK>
</comp>
<comp>
  <id>Comp:2-2-5</id>
  <CPU>0.604Gf</CPU>
  <RAM>0.156GB</RAM>
  <DISK>1.44GB</DISK>
</comp>
<comp>
  <id>Comp:2-2-6</id>
  <CPU>0.604Gf</CPU>
  <RAM>0.156GB</RAM>
  <DISK>1.44GB</DISK>
</comp>
<comp>
  <id>Comp:2-2-7</id>
  <CPU>0.604Gf</CPU>
  <RAM>0.156GB</RAM>
  <DISK>1.44GB</DISK>
</comp>
<comp>
  <id>Comp:2-3-0</id>
  <CPU>0.669Gf</CPU>
  <RAM>0.422GB</RAM>
  <DISK>1.67GB</DISK>
</comp>
<comp>
  <id>Comp:2-3-1</id>
  <CPU>0.669Gf</CPU>
  <RAM>0.422GB</RAM>
  <DISK>1.67GB</DISK>
</comp>
<comp>
  <id>Comp:2-3-2</id>
  <CPU>0.669Gf</CPU>
  <RAM>0.422GB</RAM>
  <DISK>1.67GB</DISK>
</comp>
<comp>
  <id>Comp:2-3-3</id>
  <CPU>0.669Gf</CPU>
  <RAM>0.422GB</RAM>
  <DISK>1.67GB</DISK>
</comp>
<comp>
  <id>Comp:2-3-4</id>
  <CPU>0.669Gf</CPU>
  <RAM>0.422GB</RAM>
  <DISK>1.67GB</DISK>
</comp>
<comp>
  <id>Comp:2-3-5</id>
  <CPU>0.669Gf</CPU>
  <RAM>0.422GB</RAM>
  <DISK>1.67GB</DISK>
</comp>
<comp>
  <id>Comp:2-3-6</id>
  <CPU>0.669Gf</CPU>
  <RAM>0.422GB</RAM>
  <DISK>1.67GB</DISK>
</comp>
<comp>
  <id>Comp:2-4-0</id>
  <CPU>0.27Gf</CPU>
  <RAM>0.424GB</RAM>
  <DISK>1.52GB</DISK>
</comp>
<comp>
  <id>Comp:2-4-1</id>
  <CPU>0.27Gf</CPU>
  <RAM>0.424GB</RAM>
  <DISK>1.52GB</DISK>
</comp>
<comp>
  <id>Comp:2-4-2</id>
  <CPU>0.27Gf</CPU>
  <RAM>0.424GB</RAM>
  <DISK>1.52GB</DISK>
</comp>
<comp>
  <id>Comp:2-4-3</id>
  <CPU>0.27Gf</CPU>
  <RAM>0.424GB</RAM>
  <DISK>1.52GB</DISK>
</comp>
<comp>
  <id>Comp:2-4-4</id>
  <CPU>0.27Gf</CPU>
  <RAM>0.424GB</RAM>
  <DISK>1.52GB</DISK>
</comp>
<comp>
  <id>Comp:2-4-5</id>
  <CPU>0.27Gf</CPU>
  <RAM>0.424GB</RAM>
  <DISK>1.52GB</DISK>
</comp>
<comp>
  <id>Comp:2-4-6</id>
  <CPU>0.27Gf</CPU>
  <RAM>0.424GB</RAM>
  <DISK>1.52GB</DISK>
</comp>
<comp>
  <id>Comp:2-4-7</id>
  <CPU>0.27Gf</CPU>
  <RAM>0.424GB</RAM>
  <DISK>1.52GB</DISK>
</comp>
<comp>
  <id>Comp:2-4-8</id>
  <CPU>0.27Gf</CPU>
  <RAM>0.424GB</RAM>
  <DISK>1.52GB</DISK>
</comp>
<comp>
  <id>Comp:2-4-9</id>
  <CPU>0.27Gf</CPU>
  <RAM>0.424GB</RAM>
  <DISK>1.52GB</DISK>
</comp>
  <bind>Comp:2-1-0 Appliance-41 0.862MBps 48.7ms</bind>
  <bind>Appliance-41 Comp:2-1-0 0.862MBps 48.7ms</bind>
  <bind>Comp:2-1-1 Appliance-228 0.862MBps 48.7ms</bind>
  <bind>Appliance-228 Comp:2-1-1 0.862MBps 48.7ms</bind>
  <bind>Comp:2-1-2 Appliance-393 0.862MBps 48.7ms</bind>
  <bind>Appliance-393 Comp:2-1-2 0.862MBps 48.7ms</bind>
  <bind>Comp:2-1-3 Appliance-103 0.862MBps 48.7ms</bind>
  <bind>Appliance-103 Comp:2-1-3 0.862MBps 48.7ms</bind>
  <bind>Comp:2-1-4 Appliance-259 0.862MBps 48.7ms</bind>
  <bind>Appliance-259 Comp:2-1-4 0.862MBps 48.7ms</bind>
  <bind>Comp:2-1-5 Appliance-301 0.862MBps 48.7ms</bind>
  <bind>Appliance-301 Comp:2-1-5 0.862MBps 48.7ms</bind>
  <bind>Comp:2-1-6 Appliance-212 0.862MBps 48.7ms</bind>
  <bind>Appliance-212 Comp:2-1-6 0.862MBps 48.7ms</bind>
  <bind>Comp:2-1-0 Appliance-40 0.862MBps 48.7ms</bind>
  <bind>Appliance-40 Comp:2-1-0 0.862MBps 48.7ms</bind>
  <bind>Comp:2-1-1 Appliance-354 0.862MBps 48.7ms</bind>
  <bind>Appliance-354 Comp:2-1-1 0.862MBps 48.7ms</bind>
  <bind>Comp:2-2-0 Comp:2-1-0 0.631MBps 25.6ms</bind>
  <bind>Comp:2-1-0 Comp:2-2-0 0.631MBps 25.6ms</bind>
  <bind>Comp:2-2-1 Comp:2-1-1 0.631MBps 25.6ms</bind>
  <bind>Comp:2-1-1 Comp:2-2-1 0.631MBps 25.6ms</bind>
  <bind>Comp:2-2-2 Comp:2-1-2 0.631MBps 25.6ms</bind>
  <bind>Comp:2-1-2 Comp:2-2-2 0.631MBps 25.6ms</bind>
  <bind>Comp:2-2-3 Comp:2-1-3 0.631MBps 25.6ms</bind>
  <bind>Comp:2-1-3 Comp:2-2-3 0.631MBps 25.6ms</bind>
  <bind>Comp:2-2-4 Comp:2-1-4 0.631MBps 25.6ms</bind>
  <bind>Comp:2-1-4 Comp:2-2-4 0.631MBps 25.6ms</bind>
  <bind>Comp:2-2-5 Comp:2-1-5 0.631MBps 25.6ms</bind>
  <bind>Comp:2-1-5 Comp:2-2-5 0.631MBps 25.6ms</bind>
  <bind>Comp:2-2-6 Comp:2-1-6 0.631MBps 25.6ms</bind>
  <bind>Comp:2-1-6 Comp:2-2-6 0.631MBps 25.6ms</bind>
  <bind>Comp:2-2-7 Comp:2-1-0 0.631MBps 25.6ms</bind>
  <bind>Comp:2-1-0 Comp:2-2-7 0.631MBps 25.6ms</bind>
  <bind>Comp:2-3-0 Comp:2-2-0 0.332MBps 37.6ms</bind>
  <bind>Comp:2-2-0 Comp:2-3-0 0.332MBps 37.6ms</bind>
  <bind>Comp:2-3-1 Comp:2-2-1 0.332MBps 37.6ms</bind>
  <bind>Comp:2-2-1 Comp:2-3-1 0.332MBps 37.6ms</bind>
  <bind>Comp:2-3-2 Comp:2-2-2 0.332MBps 37.6ms</bind>
  <bind>Comp:2-2-2 Comp:2-3-2 0.332MBps 37.6ms</bind>
  <bind>Comp:2-3-3 Comp:2-2-3 0.332MBps 37.6ms</bind>
  <bind>Comp:2-2-3 Comp:2-3-3 0.332MBps 37.6ms</bind>
  <bind>Comp:2-3-4 Comp:2-2-4 0.332MBps 37.6ms</bind>
  <bind>Comp:2-2-4 Comp:2-3-4 0.332MBps 37.6ms</bind>
  <bind>Comp:2-3-5 Comp:2-2-5 0.332MBps 37.6ms</bind>
  <bind>Comp:2-2-5 Comp:2-3-5 0.332MBps 37.6ms</bind>
  <bind>Comp:2-3-6 Comp:2-2-6 0.332MBps 37.6ms</bind>
  <bind>Comp:2-2-6 Comp:2-3-6 0.332MBps 37.6ms</bind>
  <bind>Comp:2-3-0 Comp:2-2-7 0.332MBps 37.6ms</bind>
  <bind>Comp:2-2-7 Comp:2-3-0 0.332MBps 37.6ms</bind>
  <bind>Comp:2-3-0 Comp:2-4-0 0.105MBps 43.8ms</bind>
  <bind>Comp:2-4-0 Comp:2-3-0 0.105MBps 43.8ms</bind>
  <bind>Comp:2-3-1 Comp:2-4-1 0.105MBps 43.8ms</bind>
  <bind>Comp:2-4-1 Comp:2-3-1 0.105MBps 43.8ms</bind>
  <bind>Comp:2-3-2 Comp:2-4-2 0.105MBps 43.8ms</bind>
  <bind>Comp:2-4-2 Comp:2-3-2 0.105MBps 43.8ms</bind>
  <bind>Comp:2-3-3 Comp:2-4-3 0.105MBps 43.8ms</bind>
  <bind>Comp:2-4-3 Comp:2-3-3 0.105MBps 43.8ms</bind>
  <bind>Comp:2-3-4 Comp:2-4-4 0.105MBps 43.8ms</bind>
  <bind>Comp:2-4-4 Comp:2-3-4 0.105MBps 43.8ms</bind>
  <bind>Comp:2-3-5 Comp:2-4-5 0.105MBps 43.8ms</bind>
  <bind>Comp:2-4-5 Comp:2-3-5 0.105MBps 43.8ms</bind>
  <bind>Comp:2-3-6 Comp:2-4-6 0.105MBps 43.8ms</bind>
  <bind>Comp:2-4-6 Comp:2-3-6 0.105MBps 43.8ms</bind>
  <bind>Comp:2-3-0 Comp:2-4-7 0.105MBps 43.8ms</bind>
  <bind>Comp:2-4-7 Comp:2-3-0 0.105MBps 43.8ms</bind>
  <bind>Comp:2-3-1 Comp:2-4-8 0.105MBps 43.8ms</bind>
  <bind>Comp:2-4-8 Comp:2-3-1 0.105MBps 43.8ms</bind>
  <bind>Comp:2-3-2 Comp:2-4-9 0.105MBps 43.8ms</bind>
  <bind>Comp:2-4-9 Comp:2-3-2 0.105MBps 43.8ms</bind>
</app>
<app>
  <id>App20</id>
<comp>
  <id>Comp:20-1-0</id>
  <CPU>0.514Gf</CPU>
  <RAM>0.498GB</RAM>
  <DISK>0.371GB</DISK>
</comp>
<comp>
  <id>Comp:20-1-1</id>
  <CPU>0.514Gf</CPU>
  <RAM>0.498GB</RAM>
  <DISK>0.371GB</DISK>
</comp>
<comp>
  <id>Comp:20-1-2</id>
  <CPU>0.514Gf</CPU>
  <RAM>0.498GB</RAM>
  <DISK>0.371GB</DISK>
</comp>
<comp>
  <id>Comp:20-1-3</id>
  <CPU>0.514Gf</CPU>
  <RAM>0.498GB</RAM>
  <DISK>0.371GB</DISK>
</comp>
<comp>
  <id>Comp:20-1-4</id>
  <CPU>0.514Gf</CPU>
  <RAM>0.498GB</RAM>
  <DISK>0.371GB</DISK>
</comp>
<comp>
  <id>Comp:20-1-5</id>
  <CPU>0.514Gf</CPU>
  <RAM>0.498GB</RAM>
  <DISK>0.371GB</DISK>
</comp>
<comp>
  <id>Comp:20-1-6</id>
  <CPU>0.514Gf</CPU>
  <RAM>0.498GB</RAM>
  <DISK>0.371GB</DISK>
</comp>
<comp>
  <id>Comp:20-2-0</id>
  <CPU>0.211Gf</CPU>
  <RAM>0.493GB</RAM>
  <DISK>0.688GB</DISK>
</comp>
<comp>
  <id>Comp:20-2-1</id>
  <CPU>0.211Gf</CPU>
  <RAM>0.493GB</RAM>
  <DISK>0.688GB</DISK>
</comp>
<comp>
  <id>Comp:20-3-0</id>
  <CPU>0.732Gf</CPU>
  <RAM>0.906GB</RAM>
  <DISK>1.33GB</DISK>
</comp>
<comp>
  <id>Comp:20-3-1</id>
  <CPU>0.732Gf</CPU>
  <RAM>0.906GB</RAM>
  <DISK>1.33GB</DISK>
</comp>
<comp>
  <id>Comp:20-3-2</id>
  <CPU>0.732Gf</CPU>
  <RAM>0.906GB</RAM>
  <DISK>1.33GB</DISK>
</comp>
<comp>
  <id>Comp:20-3-3</id>
  <CPU>0.732Gf</CPU>
  <RAM>0.906GB</RAM>
  <DISK>1.33GB</DISK>
</comp>
<comp>
  <id>Comp:20-3-4</id>
  <CPU>0.732Gf</CPU>
  <RAM>0.906GB</RAM>
  <DISK>1.33GB</DISK>
</comp>
<comp>
  <id>Comp:20-3-5</id>
  <CPU>0.732Gf</CPU>
  <RAM>0.906GB</RAM>
  <DISK>1.33GB</DISK>
</comp>
<comp>
  <id>Comp:20-3-6</id>
  <CPU>0.732Gf</CPU>
  <RAM>0.906GB</RAM>
  <DISK>1.33GB</DISK>
</comp>
<comp>
  <id>Comp:20-3-7</id>
  <CPU>0.732Gf</CPU>
  <RAM>0.906GB</RAM>
  <DISK>1.33GB</DISK>
</comp>
<comp>
  <id>Comp:20-3-8</id>
  <CPU>0.732Gf</CPU>
  <RAM>0.906GB</RAM>
  <DISK>1.33GB</DISK>
</comp>
  <bind>Comp:20-1-0 Appliance-248 0.436MBps 48.7ms</bind>
  <bind>Appliance-248 Comp:20-1-0 0.436MBps 48.7ms</bind>
  <bind>Comp:20-1-1 Appliance-393 0.436MBps 48.7ms</bind>
  <bind>Appliance-393 Comp:20-1-1 0.436MBps 48.7ms</bind>
  <bind>Comp:20-1-2 Appliance-286 0.436MBps 48.7ms</bind>
  <bind>Appliance-286 Comp:20-1-2 0.436MBps 48.7ms</bind>
  <bind>Comp:20-1-3 Appliance-383 0.436MBps 48.7ms</bind>
  <bind>Appliance-383 Comp:20-1-3 0.436MBps 48.7ms</bind>
  <bind>Comp:20-1-4 Appliance-248 0.436MBps 48.7ms</bind>
  <bind>Appliance-248 Comp:20-1-4 0.436MBps 48.7ms</bind>
  <bind>Comp:20-1-5 Appliance-393 0.436MBps 48.7ms</bind>
  <bind>Appliance-393 Comp:20-1-5 0.436MBps 48.7ms</bind>
  <bind>Comp:20-1-6 Appliance-286 0.436MBps 48.7ms</bind>
  <bind>Appliance-286 Comp:20-1-6 0.436MBps 48.7ms</bind>
  <bind>Comp:20-2-0 Comp:20-1-0 0.308MBps 29.3ms</bind>
  <bind>Comp:20-1-0 Comp:20-2-0 0.308MBps 29.3ms</bind>
  <bind>Comp:20-2-1 Comp:20-1-1 0.308MBps 29.3ms</bind>
  <bind>Comp:20-1-1 Comp:20-2-1 0.308MBps 29.3ms</bind>
  <bind>Comp:20-2-0 Comp:20-1-2 0.308MBps 29.3ms</bind>
  <bind>Comp:20-1-2 Comp:20-2-0 0.308MBps 29.3ms</bind>
  <bind>Comp:20-2-1 Comp:20-1-3 0.308MBps 29.3ms</bind>
  <bind>Comp:20-1-3 Comp:20-2-1 0.308MBps 29.3ms</bind>
  <bind>Comp:20-2-0 Comp:20-1-4 0.308MBps 29.3ms</bind>
  <bind>Comp:20-1-4 Comp:20-2-0 0.308MBps 29.3ms</bind>
  <bind>Comp:20-2-1 Comp:20-1-5 0.308MBps 29.3ms</bind>
  <bind>Comp:20-1-5 Comp:20-2-1 0.308MBps 29.3ms</bind>
  <bind>Comp:20-2-0 Comp:20-1-6 0.308MBps 29.3ms</bind>
  <bind>Comp:20-1-6 Comp:20-2-0 0.308MBps 29.3ms</bind>
  <bind>Comp:20-3-0 Comp:20-2-0 0.27MBps 36.8ms</bind>
  <bind>Comp:20-2-0 Comp:20-3-0 0.27MBps 36.8ms</bind>
  <bind>Comp:20-3-1 Comp:20-2-1 0.27MBps 36.8ms</bind>
  <bind>Comp:20-2-1 Comp:20-3-1 0.27MBps 36.8ms</bind>
  <bind>Comp:20-3-2 Comp:20-2-0 0.27MBps 36.8ms</bind>
  <bind>Comp:20-2-0 Comp:20-3-2 0.27MBps 36.8ms</bind>
  <bind>Comp:20-3-3 Comp:20-2-1 0.27MBps 36.8ms</bind>
  <bind>Comp:20-2-1 Comp:20-3-3 0.27MBps 36.8ms</bind>
  <bind>Comp:20-3-4 Comp:20-2-0 0.27MBps 36.8ms</bind>
  <bind>Comp:20-2-0 Comp:20-3-4 0.27MBps 36.8ms</bind>
  <bind>Comp:20-3-5 Comp:20-2-1 0.27MBps 36.8ms</bind>
  <bind>Comp:20-2-1 Comp:20-3-5 0.27MBps 36.8ms</bind>
  <bind>Comp:20-3-6 Comp:20-2-0 0.27MBps 36.8ms</bind>
  <bind>Comp:20-2-0 Comp:20-3-6 0.27MBps 36.8ms</bind>
  <bind>Comp:20-3-7 Comp:20-2-1 0.27MBps 36.8ms</bind>
  <bind>Comp:20-2-1 Comp:20-3-7 0.27MBps 36.8ms</bind>
  <bind>Comp:20-3-8 Comp:20-2-0 0.27MBps 36.8ms</bind>
  <bind>Comp:20-2-0 Comp:20-3-8 0.27MBps 36.8ms</bind>
  <bind>Comp:20-3-0 Appliance-334 0.0449MBps 32.4ms</bind>
  <bind>Appliance-334 Comp:20-3-0 0.0449MBps 32.4ms</bind>
  <bind>Comp:20-3-1 Appliance-248 0.0449MBps 32.4ms</bind>
  <bind>Appliance-248 Comp:20-3-1 0.0449MBps 32.4ms</bind>
  <bind>Comp:20-3-2 Appliance-149 0.0449MBps 32.4ms</bind>
  <bind>Appliance-149 Comp:20-3-2 0.0449MBps 32.4ms</bind>
  <bind>Comp:20-3-3 Appliance-41 0.0449MBps 32.4ms</bind>
  <bind>Appliance-41 Comp:20-3-3 0.0449MBps 32.4ms</bind>
  <bind>Comp:20-3-4 Appliance-334 0.0449MBps 32.4ms</bind>
  <bind>Appliance-334 Comp:20-3-4 0.0449MBps 32.4ms</bind>
  <bind>Comp:20-3-5 Appliance-248 0.0449MBps 32.4ms</bind>
  <bind>Appliance-248 Comp:20-3-5 0.0449MBps 32.4ms</bind>
  <bind>Comp:20-3-6 Appliance-149 0.0449MBps 32.4ms</bind>
  <bind>Appliance-149 Comp:20-3-6 0.0449MBps 32.4ms</bind>
  <bind>Comp:20-3-7 Appliance-41 0.0449MBps 32.4ms</bind>
  <bind>Appliance-41 Comp:20-3-7 0.0449MBps 32.4ms</bind>
  <bind>Comp:20-3-8 Appliance-334 0.0449MBps 32.4ms</bind>
  <bind>Appliance-334 Comp:20-3-8 0.0449MBps 32.4ms</bind>
</app>
<app>
  <id>App22</id>
<comp>
  <id>Comp:22-0-0</id>
  <CPU>0.196Gf</CPU>
  <RAM>0.198GB</RAM>
  <DISK>0.172GB</DISK>
</comp>
<comp>
  <id>Comp:22-0-1</id>
  <CPU>0.196Gf</CPU>
  <RAM>0.198GB</RAM>
  <DISK>0.172GB</DISK>
</comp>
<comp>
  <id>Comp:22-0-2</id>
  <CPU>0.196Gf</CPU>
  <RAM>0.198GB</RAM>
  <DISK>0.172GB</DISK>
</comp>
<comp>
  <id>Comp:22-0-3</id>
  <CPU>0.196Gf</CPU>
  <RAM>0.198GB</RAM>
  <DISK>0.172GB</DISK>
</comp>
<comp>
  <id>Comp:22-0-4</id>
  <CPU>0.196Gf</CPU>
  <RAM>0.198GB</RAM>
  <DISK>0.172GB</DISK>
</comp>
<comp>
  <id>Comp:22-0-5</id>
  <CPU>0.196Gf</CPU>
  <RAM>0.198GB</RAM>
  <DISK>0.172GB</DISK>
</comp>
<comp>
  <id>Comp:22-0-6</id>
  <CPU>0.196Gf</CPU>
  <RAM>0.198GB</RAM>
  <DISK>0.172GB</DISK>
</comp>
<comp>
  <id>Comp:22-1-0</id>
  <CPU>0.195Gf</CPU>
  <RAM>0.543GB</RAM>
  <DISK>1.86GB</DISK>
</comp>
<comp>
  <id>Comp:22-2-0</id>
  <CPU>0.742Gf</CPU>
  <RAM>0.764GB</RAM>
  <DISK>0.983GB</DISK>
</comp>
<comp>
  <id>Comp:22-2-1</id>
  <CPU>0.742Gf</CPU>
  <RAM>0.764GB</RAM>
  <DISK>0.983GB</DISK>
</comp>
  <bind>Comp:22-1-0 Comp:22-0-0 0.198MBps 49.1ms</bind>
  <bind>Comp:22-0-0 Comp:22-1-0 0.198MBps 49.1ms</bind>
  <bind>Comp:22-1-0 Comp:22-0-1 0.198MBps 49.1ms</bind>
  <bind>Comp:22-0-1 Comp:22-1-0 0.198MBps 49.1ms</bind>
  <bind>Comp:22-1-0 Comp:22-0-2 0.198MBps 49.1ms</bind>
  <bind>Comp:22-0-2 Comp:22-1-0 0.198MBps 49.1ms</bind>
  <bind>Comp:22-1-0 Comp:22-0-3 0.198MBps 49.1ms</bind>
  <bind>Comp:22-0-3 Comp:22-1-0 0.198MBps 49.1ms</bind>
  <bind>Comp:22-1-0 Comp:22-0-4 0.198MBps 49.1ms</bind>
  <bind>Comp:22-0-4 Comp:22-1-0 0.198MBps 49.1ms</bind>
  <bind>Comp:22-1-0 Comp:22-0-5 0.198MBps 49.1ms</bind>
  <bind>Comp:22-0-5 Comp:22-1-0 0.198MBps 49.1ms</bind>
  <bind>Comp:22-1-0 Comp:22-0-6 0.198MBps 49.1ms</bind>
  <bind>Comp:22-0-6 Comp:22-1-0 0.198MBps 49.1ms</bind>
  <bind>Comp:22-2-0 Comp:22-1-0 0.715MBps 35.1ms</bind>
  <bind>Comp:22-1-0 Comp:22-2-0 0.715MBps 35.1ms</bind>
  <bind>Comp:22-2-1 Comp:22-1-0 0.715MBps 35.1ms</bind>
  <bind>Comp:22-1-0 Comp:22-2-1 0.715MBps 35.1ms</bind>
  <bind>Comp:22-2-0 Appliance-174 0.626MBps 29.9ms</bind>
  <bind>Appliance-174 Comp:22-2-0 0.626MBps 29.9ms</bind>
  <bind>Comp:22-2-1 Appliance-174 0.626MBps 29.9ms</bind>
  <bind>Appliance-174 Comp:22-2-1 0.626MBps 29.9ms</bind>
</app>
<app>
  <id>App23</id>
<comp>
  <id>Comp:23-0-0</id>
  <CPU>0.242Gf</CPU>
  <RAM>0.49GB</RAM>
  <DISK>0.538GB</DISK>
</comp>
<comp>
  <id>Comp:23-0-1</id>
  <CPU>0.242Gf</CPU>
  <RAM>0.49GB</RAM>
  <DISK>0.538GB</DISK>
</comp>
<comp>
  <id>Comp:23-0-2</id>
  <CPU>0.242Gf</CPU>
  <RAM>0.49GB</RAM>
  <DISK>0.538GB</DISK>
</comp>
<comp>
  <id>Comp:23-0-3</id>
  <CPU>0.242Gf</CPU>
  <RAM>0.49GB</RAM>
  <DISK>0.538GB</DISK>
</comp>
<comp>
  <id>Comp:23-0-4</id>
  <CPU>0.242Gf</CPU>
  <RAM>0.49GB</RAM>
  <DISK>0.538GB</DISK>
</comp>
<comp>
  <id>Comp:23-0-5</id>
  <CPU>0.242Gf</CPU>
  <RAM>0.49GB</RAM>
  <DISK>0.538GB</DISK>
</comp>
<comp>
  <id>Comp:23-1-0</id>
  <CPU>0.275Gf</CPU>
  <RAM>0.179GB</RAM>
  <DISK>0.0646GB</DISK>
</comp>
<comp>
  <id>Comp:23-1-1</id>
  <CPU>0.275Gf</CPU>
  <RAM>0.179GB</RAM>
  <DISK>0.0646GB</DISK>
</comp>
<comp>
  <id>Comp:23-1-2</id>
  <CPU>0.275Gf</CPU>
  <RAM>0.179GB</RAM>
  <DISK>0.0646GB</DISK>
</comp>
<comp>
  <id>Comp:23-2-0</id>
  <CPU>0.135Gf</CPU>
  <RAM>0.59GB</RAM>
  <DISK>0.562GB</DISK>
</comp>
<comp>
  <id>Comp:23-2-1</id>
  <CPU>0.135Gf</CPU>
  <RAM>0.59GB</RAM>
  <DISK>0.562GB</DISK>
</comp>
<comp>
  <id>Comp:23-2-2</id>
  <CPU>0.135Gf</CPU>
  <RAM>0.59GB</RAM>
  <DISK>0.562GB</DISK>
</comp>
<comp>
  <id>Comp:23-2-3</id>
  <CPU>0.135Gf</CPU>
  <RAM>0.59GB</RAM>
  <DISK>0.562GB</DISK>
</comp>
<comp>
  <id>Comp:23-2-4</id>
  <CPU>0.135Gf</CPU>
  <RAM>0.59GB</RAM>
  <DISK>0.562GB</DISK>
</comp>
<comp>
  <id>Comp:23-2-5</id>
  <CPU>0.135Gf</CPU>
  <RAM>0.59GB</RAM>
  <DISK>0.562GB</DISK>
</comp>
<comp>
  <id>Comp:23-2-6</id>
  <CPU>0.135Gf</CPU>
  <RAM>0.59GB</RAM>
  <DISK>0.562GB</DISK>
</comp>
<comp>
  <id>Comp:23-3-0</id>
  <CPU>0.665Gf</CPU>
  <RAM>0.798GB</RAM>
  <DISK>1.28GB</DISK>
</comp>
<comp>
  <id>Comp:23-3-1</id>
  <CPU>0.665Gf</CPU>
  <RAM>0.798GB</RAM>
  <DISK>1.28GB</DISK>
</comp>
<comp>
  <id>Comp:23-3-2</id>
  <CPU>0.665Gf</CPU>
  <RAM>0.798GB</RAM>
  <DISK>1.28GB</DISK>
</comp>
<comp>
  <id>Comp:23-3-3</id>
  <CPU>0.665Gf</CPU>
  <RAM>0.798GB</RAM>
  <DISK>1.28GB</DISK>
</comp>
<comp>
  <id>Comp:23-3-4</id>
  <CPU>0.665Gf</CPU>
  <RAM>0.798GB</RAM>
  <DISK>1.28GB</DISK>
</comp>
  <bind>Comp:23-1-0 Comp:23-0-0 0.546MBps 29.3ms</bind>
  <bind>Comp:23-0-0 Comp:23-1-0 0.546MBps 29.3ms</bind>
  <bind>Comp:23-1-1 Comp:23-0-1 0.546MBps 29.3ms</bind>
  <bind>Comp:23-0-1 Comp:23-1-1 0.546MBps 29.3ms</bind>
  <bind>Comp:23-1-2 Comp:23-0-2 0.546MBps 29.3ms</bind>
  <bind>Comp:23-0-2 Comp:23-1-2 0.546MBps 29.3ms</bind>
  <bind>Comp:23-1-0 Comp:23-0-3 0.546MBps 29.3ms</bind>
  <bind>Comp:23-0-3 Comp:23-1-0 0.546MBps 29.3ms</bind>
  <bind>Comp:23-1-1 Comp:23-0-4 0.546MBps 29.3ms</bind>
  <bind>Comp:23-0-4 Comp:23-1-1 0.546MBps 29.3ms</bind>
  <bind>Comp:23-1-2 Comp:23-0-5 0.546MBps 29.3ms</bind>
  <bind>Comp:23-0-5 Comp:23-1-2 0.546MBps 29.3ms</bind>
  <bind>Comp:23-2-0 Comp:23-1-0 0.266MBps 40.7ms</bind>
  <bind>Comp:23-1-0 Comp:23-2-0 0.266MBps 40.7ms</bind>
  <bind>Comp:23-2-1 Comp:23-1-1 0.266MBps 40.7ms</bind>
  <bind>Comp:23-1-1 Comp:23-2-1 0.266MBps 40.7ms</bind>
  <bind>Comp:23-2-2 Comp:23-1-2 0.266MBps 40.7ms</bind>
  <bind>Comp:23-1-2 Comp:23-2-2 0.266MBps 40.7ms</bind>
  <bind>Comp:23-2-3 Comp:23-1-0 0.266MBps 40.7ms</bind>
  <bind>Comp:23-1-0 Comp:23-2-3 0.266MBps 40.7ms</bind>
  <bind>Comp:23-2-4 Comp:23-1-1 0.266MBps 40.7ms</bind>
  <bind>Comp:23-1-1 Comp:23-2-4 0.266MBps 40.7ms</bind>
  <bind>Comp:23-2-5 Comp:23-1-2 0.266MBps 40.7ms</bind>
  <bind>Comp:23-1-2 Comp:23-2-5 0.266MBps 40.7ms</bind>
  <bind>Comp:23-2-6 Comp:23-1-0 0.266MBps 40.7ms</bind>
  <bind>Comp:23-1-0 Comp:23-2-6 0.266MBps 40.7ms</bind>
  <bind>Comp:23-3-0 Comp:23-2-0 0.781MBps 39.2ms</bind>
  <bind>Comp:23-2-0 Comp:23-3-0 0.781MBps 39.2ms</bind>
  <bind>Comp:23-3-1 Comp:23-2-1 0.781MBps 39.2ms</bind>
  <bind>Comp:23-2-1 Comp:23-3-1 0.781MBps 39.2ms</bind>
  <bind>Comp:23-3-2 Comp:23-2-2 0.781MBps 39.2ms</bind>
  <bind>Comp:23-2-2 Comp:23-3-2 0.781MBps 39.2ms</bind>
  <bind>Comp:23-3-3 Comp:23-2-3 0.781MBps 39.2ms</bind>
  <bind>Comp:23-2-3 Comp:23-3-3 0.781MBps 39.2ms</bind>
  <bind>Comp:23-3-4 Comp:23-2-4 0.781MBps 39.2ms</bind>
  <bind>Comp:23-2-4 Comp:23-3-4 0.781MBps 39.2ms</bind>
  <bind>Comp:23-3-0 Comp:23-2-5 0.781MBps 39.2ms</bind>
  <bind>Comp:23-2-5 Comp:23-3-0 0.781MBps 39.2ms</bind>
  <bind>Comp:23-3-1 Comp:23-2-6 0.781MBps 39.2ms</bind>
  <bind>Comp:23-2-6 Comp:23-3-1 0.781MBps 39.2ms</bind>
  <bind>Comp:23-3-0 Appliance-385 0.956MBps 25.8ms</bind>
  <bind>Appliance-385 Comp:23-3-0 0.956MBps 25.8ms</bind>
  <bind>Comp:23-3-1 Appliance-301 0.956MBps 25.8ms</bind>
  <bind>Appliance-301 Comp:23-3-1 0.956MBps 25.8ms</bind>
  <bind>Comp:23-3-2 Appliance-104 0.956MBps 25.8ms</bind>
  <bind>Appliance-104 Comp:23-3-2 0.956MBps 25.8ms</bind>
  <bind>Comp:23-3-3 Appliance-286 0.956MBps 25.8ms</bind>
  <bind>Appliance-286 Comp:23-3-3 0.956MBps 25.8ms</bind>
  <bind>Comp:23-3-4 Appliance-146 0.956MBps 25.8ms</bind>
  <bind>Appliance-146 Comp:23-3-4 0.956MBps 25.8ms</bind>
  <bind>Comp:23-3-0 Appliance-68 0.956MBps 25.8ms</bind>
  <bind>Appliance-68 Comp:23-3-0 0.956MBps 25.8ms</bind>
</app>
<app>
  <id>App25</id>
<comp>
  <id>Comp:25-1-0</id>
  <CPU>0.759Gf</CPU>
  <RAM>0.175GB</RAM>
  <DISK>0.77GB</DISK>
</comp>
<comp>
  <id>Comp:25-1-1</id>
  <CPU>0.759Gf</CPU>
  <RAM>0.175GB</RAM>
  <DISK>0.77GB</DISK>
</comp>
<comp>
  <id>Comp:25-1-2</id>
  <CPU>0.759Gf</CPU>
  <RAM>0.175GB</RAM>
  <DISK>0.77GB</DISK>
</comp>
<comp>
  <id>Comp:25-1-3</id>
  <CPU>0.759Gf</CPU>
  <RAM>0.175GB</RAM>
  <DISK>0.77GB</DISK>
</comp>
<comp>
  <id>Comp:25-2-0</id>
  <CPU>0.835Gf</CPU>
  <RAM>0.827GB</RAM>
  <DISK>0.127GB</DISK>
</comp>
<comp>
  <id>Comp:25-2-1</id>
  <CPU>0.835Gf</CPU>
  <RAM>0.827GB</RAM>
  <DISK>0.127GB</DISK>
</comp>
<comp>
  <id>Comp:25-2-2</id>
  <CPU>0.835Gf</CPU>
  <RAM>0.827GB</RAM>
  <DISK>0.127GB</DISK>
</comp>
<comp>
  <id>Comp:25-2-3</id>
  <CPU>0.835Gf</CPU>
  <RAM>0.827GB</RAM>
  <DISK>0.127GB</DISK>
</comp>
<comp>
  <id>Comp:25-2-4</id>
  <CPU>0.835Gf</CPU>
  <RAM>0.827GB</RAM>
  <DISK>0.127GB</DISK>
</comp>
<comp>
  <id>Comp:25-3-0</id>
  <CPU>0.19Gf</CPU>
  <RAM>0.962GB</RAM>
  <DISK>0.961GB</DISK>
</comp>
<comp>
  <id>Comp:25-3-1</id>
  <CPU>0.19Gf</CPU>
  <RAM>0.962GB</RAM>
  <DISK>0.961GB</DISK>
</comp>
<comp>
  <id>Comp:25-3-2</id>
  <CPU>0.19Gf</CPU>
  <RAM>0.962GB</RAM>
  <DISK>0.961GB</DISK>
</comp>
<comp>
  <id>Comp:25-3-3</id>
  <CPU>0.19Gf</CPU>
  <RAM>0.962GB</RAM>
  <DISK>0.961GB</DISK>
</comp>
<comp>
  <id>Comp:25-3-4</id>
  <CPU>0.19Gf</CPU>
  <RAM>0.962GB</RAM>
  <DISK>0.961GB</DISK>
</comp>
<comp>
  <id>Comp:25-3-5</id>
  <CPU>0.19Gf</CPU>
  <RAM>0.962GB</RAM>
  <DISK>0.961GB</DISK>
</comp>
<comp>
  <id>Comp:25-4-0</id>
  <CPU>0.891Gf</CPU>
  <RAM>0.415GB</RAM>
  <DISK>1.86GB</DISK>
</comp>
<comp>
  <id>Comp:25-4-1</id>
  <CPU>0.891Gf</CPU>
  <RAM>0.415GB</RAM>
  <DISK>1.86GB</DISK>
</comp>
  <bind>Comp:25-1-0 Appliance-250 0.878MBps 42.5ms</bind>
  <bind>Appliance-250 Comp:25-1-0 0.878MBps 42.5ms</bind>
  <bind>Comp:25-1-1 Appliance-160 0.878MBps 42.5ms</bind>
  <bind>Appliance-160 Comp:25-1-1 0.878MBps 42.5ms</bind>
  <bind>Comp:25-1-2 Appliance-115 0.878MBps 42.5ms</bind>
  <bind>Appliance-115 Comp:25-1-2 0.878MBps 42.5ms</bind>
  <bind>Comp:25-1-3 Appliance-260 0.878MBps 42.5ms</bind>
  <bind>Appliance-260 Comp:25-1-3 0.878MBps 42.5ms</bind>
  <bind>Comp:25-1-0 Appliance-107 0.878MBps 42.5ms</bind>
  <bind>Appliance-107 Comp:25-1-0 0.878MBps 42.5ms</bind>
  <bind>Comp:25-1-1 Appliance-334 0.878MBps 42.5ms</bind>
  <bind>Appliance-334 Comp:25-1-1 0.878MBps 42.5ms</bind>
  <bind>Comp:25-1-2 Appliance-228 0.878MBps 42.5ms</bind>
  <bind>Appliance-228 Comp:25-1-2 0.878MBps 42.5ms</bind>
  <bind>Comp:25-2-0 Comp:25-1-0 0.533MBps 29.6ms</bind>
  <bind>Comp:25-1-0 Comp:25-2-0 0.533MBps 29.6ms</bind>
  <bind>Comp:25-2-1 Comp:25-1-1 0.533MBps 29.6ms</bind>
  <bind>Comp:25-1-1 Comp:25-2-1 0.533MBps 29.6ms</bind>
  <bind>Comp:25-2-2 Comp:25-1-2 0.533MBps 29.6ms</bind>
  <bind>Comp:25-1-2 Comp:25-2-2 0.533MBps 29.6ms</bind>
  <bind>Comp:25-2-3 Comp:25-1-3 0.533MBps 29.6ms</bind>
  <bind>Comp:25-1-3 Comp:25-2-3 0.533MBps 29.6ms</bind>
  <bind>Comp:25-2-4 Comp:25-1-0 0.533MBps 29.6ms</bind>
  <bind>Comp:25-1-0 Comp:25-2-4 0.533MBps 29.6ms</bind>
  <bind>Comp:25-3-0 Comp:25-2-0 0.462MBps 25.4ms</bind>
  <bind>Comp:25-2-0 Comp:25-3-0 0.462MBps 25.4ms</bind>
  <bind>Comp:25-3-1 Comp:25-2-1 0.462MBps 25.4ms</bind>
  <bind>Comp:25-2-1 Comp:25-3-1 0.462MBps 25.4ms</bind>
  <bind>Comp:25-3-2 Comp:25-2-2 0.462MBps 25.4ms</bind>
  <bind>Comp:25-2-2 Comp:25-3-2 0.462MBps 25.4ms</bind>
  <bind>Comp:25-3-3 Comp:25-2-3 0.462MBps 25.4ms</bind>
  <bind>Comp:25-2-3 Comp:25-3-3 0.462MBps 25.4ms</bind>
  <bind>Comp:25-3-4 Comp:25-2-4 0.462MBps 25.4ms</bind>
  <bind>Comp:25-2-4 Comp:25-3-4 0.462MBps 25.4ms</bind>
  <bind>Comp:25-3-5 Comp:25-2-0 0.462MBps 25.4ms</bind>
  <bind>Comp:25-2-0 Comp:25-3-5 0.462MBps 25.4ms</bind>
  <bind>Comp:25-4-0 Comp:25-3-0 0.376MBps 34.3ms</bind>
  <bind>Comp:25-3-0 Comp:25-4-0 0.376MBps 34.3ms</bind>
  <bind>Comp:25-4-1 Comp:25-3-1 0.376MBps 34.3ms</bind>
  <bind>Comp:25-3-1 Comp:25-4-1 0.376MBps 34.3ms</bind>
  <bind>Comp:25-4-0 Comp:25-3-2 0.376MBps 34.3ms</bind>
  <bind>Comp:25-3-2 Comp:25-4-0 0.376MBps 34.3ms</bind>
  <bind>Comp:25-4-1 Comp:25-3-3 0.376MBps 34.3ms</bind>
  <bind>Comp:25-3-3 Comp:25-4-1 0.376MBps 34.3ms</bind>
  <bind>Comp:25-4-0 Comp:25-3-4 0.376MBps 34.3ms</bind>
  <bind>Comp:25-3-4 Comp:25-4-0 0.376MBps 34.3ms</bind>
  <bind>Comp:25-4-1 Comp:25-3-5 0.376MBps 34.3ms</bind>
  <bind>Comp:25-3-5 Comp:25-4-1 0.376MBps 34.3ms</bind>
  <bind>Comp:25-4-0 Appliance-301 0.499MBps 44.0ms</bind>
  <bind>Appliance-301 Comp:25-4-0 0.499MBps 44.0ms</bind>
  <bind>Comp:25-4-1 Appliance-248 0.499MBps 44.0ms</bind>
  <bind>Appliance-248 Comp:25-4-1 0.499MBps 44.0ms</bind>
  <bind>Comp:25-4-0 Appliance-212 0.499MBps 44.0ms</bind>
  <bind>Appliance-212 Comp:25-4-0 0.499MBps 44.0ms</bind>
  <bind>Comp:25-4-1 Appliance-393 0.499MBps 44.0ms</bind>
  <bind>Appliance-393 Comp:25-4-1 0.499MBps 44.0ms</bind>
  <bind>Comp:25-4-0 Appliance-107 0.499MBps 44.0ms</bind>
  <bind>Appliance-107 Comp:25-4-0 0.499MBps 44.0ms</bind>
  <bind>Comp:25-4-1 Appliance-197 0.499MBps 44.0ms</bind>
  <bind>Appliance-197 Comp:25-4-1 0.499MBps 44.0ms</bind>
  <bind>Comp:25-4-0 Appliance-260 0.499MBps 44.0ms</bind>
  <bind>Appliance-260 Comp:25-4-0 0.499MBps 44.0ms</bind>
  <bind>Comp:25-4-1 Appliance-104 0.499MBps 44.0ms</bind>
  <bind>Appliance-104 Comp:25-4-1 0.499MBps 44.0ms</bind>
  <bind>Comp:25-4-0 Appliance-362 0.499MBps 44.0ms</bind>
  <bind>Appliance-362 Comp:25-4-0 0.499MBps 44.0ms</bind>
  <bind>Comp:25-4-1 Appliance-381 0.499MBps 44.0ms</bind>
  <bind>Appliance-381 Comp:25-4-1 0.499MBps 44.0ms</bind>
</app>
<app>
  <id>App26</id>
<comp>
  <id>Comp:26-1-0</id>
  <CPU>0.898Gf</CPU>
  <RAM>0.866GB</RAM>
  <DISK>0.684GB</DISK>
</comp>
<comp>
  <id>Comp:26-1-1</id>
  <CPU>0.898Gf</CPU>
  <RAM>0.866GB</RAM>
  <DISK>0.684GB</DISK>
</comp>
<comp>
  <id>Comp:26-1-2</id>
  <CPU>0.898Gf</CPU>
  <RAM>0.866GB</RAM>
  <DISK>0.684GB</DISK>
</comp>
<comp>
  <id>Comp:26-1-3</id>
  <CPU>0.898Gf</CPU>
  <RAM>0.866GB</RAM>
  <DISK>0.684GB</DISK>
</comp>
<comp>
  <id>Comp:26-1-4</id>
  <CPU>0.898Gf</CPU>
  <RAM>0.866GB</RAM>
  <DISK>0.684GB</DISK>
</comp>
<comp>
  <id>Comp:26-1-5</id>
  <CPU>0.898Gf</CPU>
  <RAM>0.866GB</RAM>
  <DISK>0.684GB</DISK>
</comp>
<comp>
  <id>Comp:26-2-0</id>
  <CPU>0.52Gf</CPU>
  <RAM>0.364GB</RAM>
  <DISK>1.9GB</DISK>
</comp>
<comp>
  <id>Comp:26-3-0</id>
  <CPU>0.206Gf</CPU>
  <RAM>0.151GB</RAM>
  <DISK>0.545GB</DISK>
</comp>
  <bind>Comp:26-1-0 Appliance-40 0.463MBps 43.7ms</bind>
  <bind>Appliance-40 Comp:26-1-0 0.463MBps 43.7ms</bind>
  <bind>Comp:26-1-1 Appliance-250 0.463MBps 43.7ms</bind>
  <bind>Appliance-250 Comp:26-1-1 0.463MBps 43.7ms</bind>
  <bind>Comp:26-1-2 Appliance-72 0.463MBps 43.7ms</bind>
  <bind>Appliance-72 Comp:26-1-2 0.463MBps 43.7ms</bind>
  <bind>Comp:26-1-3 Appliance-197 0.463MBps 43.7ms</bind>
  <bind>Appliance-197 Comp:26-1-3 0.463MBps 43.7ms</bind>
  <bind>Comp:26-1-4 Appliance-306 0.463MBps 43.7ms</bind>
  <bind>Appliance-306 Comp:26-1-4 0.463MBps 43.7ms</bind>
  <bind>Comp:26-1-5 Appliance-69 0.463MBps 43.7ms</bind>
  <bind>Appliance-69 Comp:26-1-5 0.463MBps 43.7ms</bind>
  <bind>Comp:26-1-0 Appliance-367 0.463MBps 43.7ms</bind>
  <bind>Appliance-367 Comp:26-1-0 0.463MBps 43.7ms</bind>
  <bind>Comp:26-1-1 Appliance-137 0.463MBps 43.7ms</bind>
  <bind>Appliance-137 Comp:26-1-1 0.463MBps 43.7ms</bind>
  <bind>Comp:26-1-2 Appliance-197 0.463MBps 43.7ms</bind>
  <bind>Appliance-197 Comp:26-1-2 0.463MBps 43.7ms</bind>
  <bind>Comp:26-1-3 Appliance-259 0.463MBps 43.7ms</bind>
  <bind>Appliance-259 Comp:26-1-3 0.463MBps 43.7ms</bind>
  <bind>Comp:26-2-0 Comp:26-1-0 0.171MBps 25.8ms</bind>
  <bind>Comp:26-1-0 Comp:26-2-0 0.171MBps 25.8ms</bind>
  <bind>Comp:26-2-0 Comp:26-1-1 0.171MBps 25.8ms</bind>
  <bind>Comp:26-1-1 Comp:26-2-0 0.171MBps 25.8ms</bind>
  <bind>Comp:26-2-0 Comp:26-1-2 0.171MBps 25.8ms</bind>
  <bind>Comp:26-1-2 Comp:26-2-0 0.171MBps 25.8ms</bind>
  <bind>Comp:26-2-0 Comp:26-1-3 0.171MBps 25.8ms</bind>
  <bind>Comp:26-1-3 Comp:26-2-0 0.171MBps 25.8ms</bind>
  <bind>Comp:26-2-0 Comp:26-1-4 0.171MBps 25.8ms</bind>
  <bind>Comp:26-1-4 Comp:26-2-0 0.171MBps 25.8ms</bind>
  <bind>Comp:26-2-0 Comp:26-1-5 0.171MBps 25.8ms</bind>
  <bind>Comp:26-1-5 Comp:26-2-0 0.171MBps 25.8ms</bind>
  <bind>Comp:26-3-0 Comp:26-2-0 0.0334MBps 47.9ms</bind>
  <bind>Comp:26-2-0 Comp:26-3-0 0.0334MBps 47.9ms</bind>
  <bind>Comp:26-3-0 Appliance-385 0.108MBps 42.9ms</bind>
  <bind>Appliance-385 Comp:26-3-0 0.108MBps 42.9ms</bind>
  <bind>Comp:26-3-0 Appliance-102 0.108MBps 42.9ms</bind>
  <bind>Appliance-102 Comp:26-3-0 0.108MBps 42.9ms</bind>
</app>
<app>
  <id>App27</id>
<comp>
  <id>Comp:27-0-0</id>
  <CPU>0.269Gf</CPU>
  <RAM>0.639GB</RAM>
  <DISK>1.25GB</DISK>
</comp>
<comp>
  <id>Comp:27-0-1</id>
  <CPU>0.269Gf</CPU>
  <RAM>0.639GB</RAM>
  <DISK>1.25GB</DISK>
</comp>
<comp>
  <id>Comp:27-0-2</id>
  <CPU>0.269Gf</CPU>
  <RAM>0.639GB</RAM>
  <DISK>1.25GB</DISK>
</comp>
<comp>
  <id>Comp:27-0-3</id>
  <CPU>0.269Gf</CPU>
  <RAM>0.639GB</RAM>
  <DISK>1.25GB</DISK>
</comp>
<comp>
  <id>Comp:27-0-4</id>
  <CPU>0.269Gf</CPU>
  <RAM>0.639GB</RAM>
  <DISK>1.25GB</DISK>
</comp>
<comp>
  <id>Comp:27-0-5</id>
  <CPU>0.269Gf</CPU>
  <RAM>0.639GB</RAM>
  <DISK>1.25GB</DISK>
</comp>
<comp>
  <id>Comp:27-0-6</id>
  <CPU>0.269Gf</CPU>
  <RAM>0.639GB</RAM>
  <DISK>1.25GB</DISK>
</comp>
<comp>
  <id>Comp:27-0-7</id>
  <CPU>0.269Gf</CPU>
  <RAM>0.639GB</RAM>
  <DISK>1.25GB</DISK>
</comp>
<comp>
  <id>Comp:27-0-8</id>
  <CPU>0.269Gf</CPU>
  <RAM>0.639GB</RAM>
  <DISK>1.25GB</DISK>
</comp>
<comp>
  <id>Comp:27-0-9</id>
  <CPU>0.269Gf</CPU>
  <RAM>0.639GB</RAM>
  <DISK>1.25GB</DISK>
</comp>
<comp>
  <id>Comp:27-1-0</id>
  <CPU>0.664Gf</CPU>
  <RAM>0.143GB</RAM>
  <DISK>1.47GB</DISK>
</comp>
<comp>
  <id>Comp:27-1-1</id>
  <CPU>0.664Gf</CPU>
  <RAM>0.143GB</RAM>
  <DISK>1.47GB</DISK>
</comp>
<comp>
  <id>Comp:27-1-2</id>
  <CPU>0.664Gf</CPU>
  <RAM>0.143GB</RAM>
  <DISK>1.47GB</DISK>
</comp>
<comp>
  <id>Comp:27-1-3</id>
  <CPU>0.664Gf</CPU>
  <RAM>0.143GB</RAM>
  <DISK>1.47GB</DISK>
</comp>
<comp>
  <id>Comp:27-2-0</id>
  <CPU>0.363Gf</CPU>
  <RAM>0.971GB</RAM>
  <DISK>1.85GB</DISK>
</comp>
<comp>
  <id>Comp:27-2-1</id>
  <CPU>0.363Gf</CPU>
  <RAM>0.971GB</RAM>
  <DISK>1.85GB</DISK>
</comp>
<comp>
  <id>Comp:27-2-2</id>
  <CPU>0.363Gf</CPU>
  <RAM>0.971GB</RAM>
  <DISK>1.85GB</DISK>
</comp>
<comp>
  <id>Comp:27-2-3</id>
  <CPU>0.363Gf</CPU>
  <RAM>0.971GB</RAM>
  <DISK>1.85GB</DISK>
</comp>
<comp>
  <id>Comp:27-2-4</id>
  <CPU>0.363Gf</CPU>
  <RAM>0.971GB</RAM>
  <DISK>1.85GB</DISK>
</comp>
<comp>
  <id>Comp:27-3-0</id>
  <CPU>0.675Gf</CPU>
  <RAM>0.444GB</RAM>
  <DISK>1.96GB</DISK>
</comp>
<comp>
  <id>Comp:27-3-1</id>
  <CPU>0.675Gf</CPU>
  <RAM>0.444GB</RAM>
  <DISK>1.96GB</DISK>
</comp>
<comp>
  <id>Comp:27-3-2</id>
  <CPU>0.675Gf</CPU>
  <RAM>0.444GB</RAM>
  <DISK>1.96GB</DISK>
</comp>
<comp>
  <id>Comp:27-3-3</id>
  <CPU>0.675Gf</CPU>
  <RAM>0.444GB</RAM>
  <DISK>1.96GB</DISK>
</comp>
<comp>
  <id>Comp:27-3-4</id>
  <CPU>0.675Gf</CPU>
  <RAM>0.444GB</RAM>
  <DISK>1.96GB</DISK>
</comp>
<comp>
  <id>Comp:27-4-0</id>
  <CPU>0.452Gf</CPU>
  <RAM>0.622GB</RAM>
  <DISK>0.565GB</DISK>
</comp>
<comp>
  <id>Comp:27-4-1</id>
  <CPU>0.452Gf</CPU>
  <RAM>0.622GB</RAM>
  <DISK>0.565GB</DISK>
</comp>
<comp>
  <id>Comp:27-4-2</id>
  <CPU>0.452Gf</CPU>
  <RAM>0.622GB</RAM>
  <DISK>0.565GB</DISK>
</comp>
<comp>
  <id>Comp:27-4-3</id>
  <CPU>0.452Gf</CPU>
  <RAM>0.622GB</RAM>
  <DISK>0.565GB</DISK>
</comp>
<comp>
  <id>Comp:27-4-4</id>
  <CPU>0.452Gf</CPU>
  <RAM>0.622GB</RAM>
  <DISK>0.565GB</DISK>
</comp>
<comp>
  <id>Comp:27-4-5</id>
  <CPU>0.452Gf</CPU>
  <RAM>0.622GB</RAM>
  <DISK>0.565GB</DISK>
</comp>
<comp>
  <id>Comp:27-4-6</id>
  <CPU>0.452Gf</CPU>
  <RAM>0.622GB</RAM>
  <DISK>0.565GB</DISK>
</comp>
<comp>
  <id>Comp:27-4-7</id>
  <CPU>0.452Gf</CPU>
  <RAM>0.622GB</RAM>
  <DISK>0.565GB</DISK>
</comp>
<comp>
  <id>Comp:27-4-8</id>
  <CPU>0.452Gf</CPU>
  <RAM>0.622GB</RAM>
  <DISK>0.565GB</DISK>
</comp>
<comp>
  <id>Comp:27-4-9</id>
  <CPU>0.452Gf</CPU>
  <RAM>0.622GB</RAM>
  <DISK>0.565GB</DISK>
</comp>
<comp>
  <id>Comp:27-5-0</id>
  <CPU>0.142Gf</CPU>
  <RAM>0.264GB</RAM>
  <DISK>1.37GB</DISK>
</comp>
<comp>
  <id>Comp:27-5-1</id>
  <CPU>0.142Gf</CPU>
  <RAM>0.264GB</RAM>
  <DISK>1.37GB</DISK>
</comp>
<comp>
  <id>Comp:27-5-2</id>
  <CPU>0.142Gf</CPU>
  <RAM>0.264GB</RAM>
  <DISK>1.37GB</DISK>
</comp>
<comp>
  <id>Comp:27-5-3</id>
  <CPU>0.142Gf</CPU>
  <RAM>0.264GB</RAM>
  <DISK>1.37GB</DISK>
</comp>
<comp>
  <id>Comp:27-5-4</id>
  <CPU>0.142Gf</CPU>
  <RAM>0.264GB</RAM>
  <DISK>1.37GB</DISK>
</comp>
<comp>
  <id>Comp:27-5-5</id>
  <CPU>0.142Gf</CPU>
  <RAM>0.264GB</RAM>
  <DISK>1.37GB</DISK>
</comp>
<comp>
  <id>Comp:27-5-6</id>
  <CPU>0.142Gf</CPU>
  <RAM>0.264GB</RAM>
  <DISK>1.37GB</DISK>
</comp>
<comp>
  <id>Comp:27-5-7</id>
  <CPU>0.142Gf</CPU>
  <RAM>0.264GB</RAM>
  <DISK>1.37GB</DISK>
</comp>
<comp>
  <id>Comp:27-5-8</id>
  <CPU>0.142Gf</CPU>
  <RAM>0.264GB</RAM>
  <DISK>1.37GB</DISK>
</comp>
<comp>
  <id>Comp:27-5-9</id>
  <CPU>0.142Gf</CPU>
  <RAM>0.264GB</RAM>
  <DISK>1.37GB</DISK>
</comp>
  <bind>Comp:27-1-0 Comp:27-0-0 0.341MBps 44.5ms</bind>
  <bind>Comp:27-0-0 Comp:27-1-0 0.341MBps 44.5ms</bind>
  <bind>Comp:27-1-1 Comp:27-0-1 0.341MBps 44.5ms</bind>
  <bind>Comp:27-0-1 Comp:27-1-1 0.341MBps 44.5ms</bind>
  <bind>Comp:27-1-2 Comp:27-0-2 0.341MBps 44.5ms</bind>
  <bind>Comp:27-0-2 Comp:27-1-2 0.341MBps 44.5ms</bind>
  <bind>Comp:27-1-3 Comp:27-0-3 0.341MBps 44.5ms</bind>
  <bind>Comp:27-0-3 Comp:27-1-3 0.341MBps 44.5ms</bind>
  <bind>Comp:27-1-0 Comp:27-0-4 0.341MBps 44.5ms</bind>
  <bind>Comp:27-0-4 Comp:27-1-0 0.341MBps 44.5ms</bind>
  <bind>Comp:27-1-1 Comp:27-0-5 0.341MBps 44.5ms</bind>
  <bind>Comp:27-0-5 Comp:27-1-1 0.341MBps 44.5ms</bind>
  <bind>Comp:27-1-2 Comp:27-0-6 0.341MBps 44.5ms</bind>
  <bind>Comp:27-0-6 Comp:27-1-2 0.341MBps 44.5ms</bind>
  <bind>Comp:27-1-3 Comp:27-0-7 0.341MBps 44.5ms</bind>
  <bind>Comp:27-0-7 Comp:27-1-3 0.341MBps 44.5ms</bind>
  <bind>Comp:27-1-0 Comp:27-0-8 0.341MBps 44.5ms</bind>
  <bind>Comp:27-0-8 Comp:27-1-0 0.341MBps 44.5ms</bind>
  <bind>Comp:27-1-1 Comp:27-0-9 0.341MBps 44.5ms</bind>
  <bind>Comp:27-0-9 Comp:27-1-1 0.341MBps 44.5ms</bind>
  <bind>Comp:27-2-0 Comp:27-1-0 0.118MBps 32.1ms</bind>
  <bind>Comp:27-1-0 Comp:27-2-0 0.118MBps 32.1ms</bind>
  <bind>Comp:27-2-1 Comp:27-1-1 0.118MBps 32.1ms</bind>
  <bind>Comp:27-1-1 Comp:27-2-1 0.118MBps 32.1ms</bind>
  <bind>Comp:27-2-2 Comp:27-1-2 0.118MBps 32.1ms</bind>
  <bind>Comp:27-1-2 Comp:27-2-2 0.118MBps 32.1ms</bind>
  <bind>Comp:27-2-3 Comp:27-1-3 0.118MBps 32.1ms</bind>
  <bind>Comp:27-1-3 Comp:27-2-3 0.118MBps 32.1ms</bind>
  <bind>Comp:27-2-4 Comp:27-1-0 0.118MBps 32.1ms</bind>
  <bind>Comp:27-1-0 Comp:27-2-4 0.118MBps 32.1ms</bind>
  <bind>Comp:27-3-0 Comp:27-2-0 0.126MBps 27.4ms</bind>
  <bind>Comp:27-2-0 Comp:27-3-0 0.126MBps 27.4ms</bind>
  <bind>Comp:27-3-1 Comp:27-2-1 0.126MBps 27.4ms</bind>
  <bind>Comp:27-2-1 Comp:27-3-1 0.126MBps 27.4ms</bind>
  <bind>Comp:27-3-2 Comp:27-2-2 0.126MBps 27.4ms</bind>
  <bind>Comp:27-2-2 Comp:27-3-2 0.126MBps 27.4ms</bind>
  <bind>Comp:27-3-3 Comp:27-2-3 0.126MBps 27.4ms</bind>
  <bind>Comp:27-2-3 Comp:27-3-3 0.126MBps 27.4ms</bind>
  <bind>Comp:27-3-4 Comp:27-2-4 0.126MBps 27.4ms</bind>
  <bind>Comp:27-2-4 Comp:27-3-4 0.126MBps 27.4ms</bind>
  <bind>Comp:27-4-0 Comp:27-3-0 0.864MBps 28.8ms</bind>
  <bind>Comp:27-3-0 Comp:27-4-0 0.864MBps 28.8ms</bind>
  <bind>Comp:27-4-1 Comp:27-3-1 0.864MBps 28.8ms</bind>
  <bind>Comp:27-3-1 Comp:27-4-1 0.864MBps 28.8ms</bind>
  <bind>Comp:27-4-2 Comp:27-3-2 0.864MBps 28.8ms</bind>
  <bind>Comp:27-3-2 Comp:27-4-2 0.864MBps 28.8ms</bind>
  <bind>Comp:27-4-3 Comp:27-3-3 0.864MBps 28.8ms</bind>
  <bind>Comp:27-3-3 Comp:27-4-3 0.864MBps 28.8ms</bind>
  <bind>Comp:27-4-4 Comp:27-3-4 0.864MBps 28.8ms</bind>
  <bind>Comp:27-3-4 Comp:27-4-4 0.864MBps 28.8ms</bind>
  <bind>Comp:27-4-5 Comp:27-3-0 0.864MBps 28.8ms</bind>
  <bind>Comp:27-3-0 Comp:27-4-5 0.864MBps 28.8ms</bind>
  <bind>Comp:27-4-6 Comp:27-3-1 0.864MBps 28.8ms</bind>
  <bind>Comp:27-3-1 Comp:27-4-6 0.864MBps 28.8ms</bind>
  <bind>Comp:27-4-7 Comp:27-3-2 0.864MBps 28.8ms</bind>
  <bind>Comp:27-3-2 Comp:27-4-7 0.864MBps 28.8ms</bind>
  <bind>Comp:27-4-8 Comp:27-3-3 0.864MBps 28.8ms</bind>
  <bind>Comp:27-3-3 Comp:27-4-8 0.864MBps 28.8ms</bind>
  <bind>Comp:27-4-9 Comp:27-3-4 0.864MBps 28.8ms</bind>
  <bind>Comp:27-3-4 Comp:27-4-9 0.864MBps 28.8ms</bind>
  <bind>Comp:27-5-0 Comp:27-4-0 0.141MBps 25.3ms</bind>
  <bind>Comp:27-4-0 Comp:27-5-0 0.141MBps 25.3ms</bind>
  <bind>Comp:27-5-1 Comp:27-4-1 0.141MBps 25.3ms</bind>
  <bind>Comp:27-4-1 Comp:27-5-1 0.141MBps 25.3ms</bind>
  <bind>Comp:27-5-2 Comp:27-4-2 0.141MBps 25.3ms</bind>
  <bind>Comp:27-4-2 Comp:27-5-2 0.141MBps 25.3ms</bind>
  <bind>Comp:27-5-3 Comp:27-4-3 0.141MBps 25.3ms</bind>
  <bind>Comp:27-4-3 Comp:27-5-3 0.141MBps 25.3ms</bind>
  <bind>Comp:27-5-4 Comp:27-4-4 0.141MBps 25.3ms</bind>
  <bind>Comp:27-4-4 Comp:27-5-4 0.141MBps 25.3ms</bind>
  <bind>Comp:27-5-5 Comp:27-4-5 0.141MBps 25.3ms</bind>
  <bind>Comp:27-4-5 Comp:27-5-5 0.141MBps 25.3ms</bind>
  <bind>Comp:27-5-6 Comp:27-4-6 0.141MBps 25.3ms</bind>
  <bind>Comp:27-4-6 Comp:27-5-6 0.141MBps 25.3ms</bind>
  <bind>Comp:27-5-7 Comp:27-4-7 0.141MBps 25.3ms</bind>
  <bind>Comp:27-4-7 Comp:27-5-7 0.141MBps 25.3ms</bind>
  <bind>Comp:27-5-8 Comp:27-4-8 0.141MBps 25.3ms</bind>
  <bind>Comp:27-4-8 Comp:27-5-8 0.141MBps 25.3ms</bind>
  <bind>Comp:27-5-9 Comp:27-4-9 0.141MBps 25.3ms</bind>
  <bind>Comp:27-4-9 Comp:27-5-9 0.141MBps 25.3ms</bind>
  <bind>Comp:27-5-0 Appliance-214 0.385MBps 44.2ms</bind>
  <bind>Appliance-214 Comp:27-5-0 0.385MBps 44.2ms</bind>
  <bind>Comp:27-5-1 Appliance-285 0.385MBps 44.2ms</bind>
  <bind>Appliance-285 Comp:27-5-1 0.385MBps 44.2ms</bind>
  <bind>Comp:27-5-2 Appliance-100 0.385MBps 44.2ms</bind>
  <bind>Appliance-100 Comp:27-5-2 0.385MBps 44.2ms</bind>
  <bind>Comp:27-5-3 Appliance-337 0.385MBps 44.2ms</bind>
  <bind>Appliance-337 Comp:27-5-3 0.385MBps 44.2ms</bind>
  <bind>Comp:27-5-4 Appliance-16 0.385MBps 44.2ms</bind>
  <bind>Appliance-16 Comp:27-5-4 0.385MBps 44.2ms</bind>
  <bind>Comp:27-5-5 Appliance-85 0.385MBps 44.2ms</bind>
  <bind>Appliance-85 Comp:27-5-5 0.385MBps 44.2ms</bind>
  <bind>Comp:27-5-6 Appliance-377 0.385MBps 44.2ms</bind>
  <bind>Appliance-377 Comp:27-5-6 0.385MBps 44.2ms</bind>
  <bind>Comp:27-5-7 Appliance-246 0.385MBps 44.2ms</bind>
  <bind>Appliance-246 Comp:27-5-7 0.385MBps 44.2ms</bind>
  <bind>Comp:27-5-8 Appliance-214 0.385MBps 44.2ms</bind>
  <bind>Appliance-214 Comp:27-5-8 0.385MBps 44.2ms</bind>
  <bind>Comp:27-5-9 Appliance-285 0.385MBps 44.2ms</bind>
  <bind>Appliance-285 Comp:27-5-9 0.385MBps 44.2ms</bind>
</app>
</apps>
