<?xml version="1.0"?>
<apps>
<app>
  <id>App1</id>
<comp>
  <id>Comp:1-1-0</id>
  <CPU>0.29Gf</CPU>
  <RAM>0.896GB</RAM>
  <DISK>1.61GB</DISK>
</comp>
<comp>
  <id>Comp:1-1-1</id>
  <CPU>0.29Gf</CPU>
  <RAM>0.896GB</RAM>
  <DISK>1.61GB</DISK>
</comp>
<comp>
  <id>Comp:1-1-2</id>
  <CPU>0.29Gf</CPU>
  <RAM>0.896GB</RAM>
  <DISK>1.61GB</DISK>
</comp>
<comp>
  <id>Comp:1-1-3</id>
  <CPU>0.29Gf</CPU>
  <RAM>0.896GB</RAM>
  <DISK>1.61GB</DISK>
</comp>
<comp>
  <id>Comp:1-1-4</id>
  <CPU>0.29Gf</CPU>
  <RAM>0.896GB</RAM>
  <DISK>1.61GB</DISK>
</comp>
<comp>
  <id>Comp:1-1-5</id>
  <CPU>0.29Gf</CPU>
  <RAM>0.896GB</RAM>
  <DISK>1.61GB</DISK>
</comp>
<comp>
  <id>Comp:1-1-6</id>
  <CPU>0.29Gf</CPU>
  <RAM>0.896GB</RAM>
  <DISK>1.61GB</DISK>
</comp>
<comp>
  <id>Comp:1-2-0</id>
  <CPU>0.519Gf</CPU>
  <RAM>0.405GB</RAM>
  <DISK>1.8GB</DISK>
</comp>
<comp>
  <id>Comp:1-2-1</id>
  <CPU>0.519Gf</CPU>
  <RAM>0.405GB</RAM>
  <DISK>1.8GB</DISK>
</comp>
<comp>
  <id>Comp:1-2-2</id>
  <CPU>0.519Gf</CPU>
  <RAM>0.405GB</RAM>
  <DISK>1.8GB</DISK>
</comp>
<comp>
  <id>Comp:1-2-3</id>
  <CPU>0.519Gf</CPU>
  <RAM>0.405GB</RAM>
  <DISK>1.8GB</DISK>
</comp>
<comp>
  <id>Comp:1-2-4</id>
  <CPU>0.519Gf</CPU>
  <RAM>0.405GB</RAM>
  <DISK>1.8GB</DISK>
</comp>
<comp>
  <id>Comp:1-2-5</id>
  <CPU>0.519Gf</CPU>
  <RAM>0.405GB</RAM>
  <DISK>1.8GB</DISK>
</comp>
<comp>
  <id>Comp:1-2-6</id>
  <CPU>0.519Gf</CPU>
  <RAM>0.405GB</RAM>
  <DISK>1.8GB</DISK>
</comp>
<comp>
  <id>Comp:1-2-7</id>
  <CPU>0.519Gf</CPU>
  <RAM>0.405GB</RAM>
  <DISK>1.8GB</DISK>
</comp>
<comp>
  <id>Comp:1-2-8</id>
  <CPU>0.519Gf</CPU>
  <RAM>0.405GB</RAM>
  <DISK>1.8GB</DISK>
</comp>
<comp>
  <id>Comp:1-3-0</id>
  <CPU>0.907Gf</CPU>
  <RAM>0.959GB</RAM>
  <DISK>1.52GB</DISK>
</comp>
<comp>
  <id>Comp:1-3-1</id>
  <CPU>0.907Gf</CPU>
  <RAM>0.959GB</RAM>
  <DISK>1.52GB</DISK>
</comp>
<comp>
  <id>Comp:1-3-2</id>
  <CPU>0.907Gf</CPU>
  <RAM>0.959GB</RAM>
  <DISK>1.52GB</DISK>
</comp>
<comp>
  <id>Comp:1-3-3</id>
  <CPU>0.907Gf</CPU>
  <RAM>0.959GB</RAM>
  <DISK>1.52GB</DISK>
</comp>
<comp>
  <id>Comp:1-3-4</id>
  <CPU>0.907Gf</CPU>
  <RAM>0.959GB</RAM>
  <DISK>1.52GB</DISK>
</comp>
<comp>
  <id>Comp:1-3-5</id>
  <CPU>0.907Gf</CPU>
  <RAM>0.959GB</RAM>
  <DISK>1.52GB</DISK>
</comp>
<comp>
  <id>Comp:1-4-0</id>
  <CPU>0.993Gf</CPU>
  <RAM>0.62GB</RAM>
  <DISK>0.14GB</DISK>
</comp>
<comp>
  <id>Comp:1-4-1</id>
  <CPU>0.993Gf</CPU>
  <RAM>0.62GB</RAM>
  <DISK>0.14GB</DISK>
</comp>
<comp>
  <id>Comp:1-4-2</id>
  <CPU>0.993Gf</CPU>
  <RAM>0.62GB</RAM>
  <DISK>0.14GB</DISK>
</comp>
<comp>
  <id>Comp:1-4-3</id>
  <CPU>0.993Gf</CPU>
  <RAM>0.62GB</RAM>
  <DISK>0.14GB</DISK>
</comp>
<comp>
  <id>Comp:1-5-0</id>
  <CPU>0.716Gf</CPU>
  <RAM>0.865GB</RAM>
  <DISK>0.732GB</DISK>
</comp>
<comp>
  <id>Comp:1-6-0</id>
  <CPU>0.756Gf</CPU>
  <RAM>0.836GB</RAM>
  <DISK>0.743GB</DISK>
</comp>
<comp>
  <id>Comp:1-6-1</id>
  <CPU>0.756Gf</CPU>
  <RAM>0.836GB</RAM>
  <DISK>0.743GB</DISK>
</comp>
<comp>
  <id>Comp:1-6-2</id>
  <CPU>0.756Gf</CPU>
  <RAM>0.836GB</RAM>
  <DISK>0.743GB</DISK>
</comp>
<comp>
  <id>Comp:1-6-3</id>
  <CPU>0.756Gf</CPU>
  <RAM>0.836GB</RAM>
  <DISK>0.743GB</DISK>
</comp>
<comp>
  <id>Comp:1-6-4</id>
  <CPU>0.756Gf</CPU>
  <RAM>0.836GB</RAM>
  <DISK>0.743GB</DISK>
</comp>
<comp>
  <id>Comp:1-6-5</id>
  <CPU>0.756Gf</CPU>
  <RAM>0.836GB</RAM>
  <DISK>0.743GB</DISK>
</comp>
<comp>
  <id>Comp:1-6-6</id>
  <CPU>0.756Gf</CPU>
  <RAM>0.836GB</RAM>
  <DISK>0.743GB</DISK>
</comp>
  <bind>Comp:1-1-0 Appliance-367 0.28MBps 35.6ms</bind>
  <bind>Appliance-367 Comp:1-1-0 0.28MBps 35.6ms</bind>
  <bind>Comp:1-1-1 Appliance-118 0.28MBps 35.6ms</bind>
  <bind>Appliance-118 Comp:1-1-1 0.28MBps 35.6ms</bind>
  <bind>Comp:1-1-2 Appliance-47 0.28MBps 35.6ms</bind>
  <bind>Appliance-47 Comp:1-1-2 0.28MBps 35.6ms</bind>
  <bind>Comp:1-1-3 Appliance-315 0.28MBps 35.6ms</bind>
  <bind>Appliance-315 Comp:1-1-3 0.28MBps 35.6ms</bind>
  <bind>Comp:1-1-4 Appliance-26 0.28MBps 35.6ms</bind>
  <bind>Appliance-26 Comp:1-1-4 0.28MBps 35.6ms</bind>
  <bind>Comp:1-1-5 Appliance-26 0.28MBps 35.6ms</bind>
  <bind>Appliance-26 Comp:1-1-5 0.28MBps 35.6ms</bind>
  <bind>Comp:1-1-6 Appliance-367 0.28MBps 35.6ms</bind>
  <bind>Appliance-367 Comp:1-1-6 0.28MBps 35.6ms</bind>
  <bind>Comp:1-2-0 Comp:1-1-0 0.531MBps 37.9ms</bind>
  <bind>Comp:1-1-0 Comp:1-2-0 0.531MBps 37.9ms</bind>
  <bind>Comp:1-2-1 Comp:1-1-1 0.531MBps 37.9ms</bind>
  <bind>Comp:1-1-1 Comp:1-2-1 0.531MBps 37.9ms</bind>
  <bind>Comp:1-2-2 Comp:1-1-2 0.531MBps 37.9ms</bind>
  <bind>Comp:1-1-2 Comp:1-2-2 0.531MBps 37.9ms</bind>
  <bind>Comp:1-2-3 Comp:1-1-3 0.531MBps 37.9ms</bind>
  <bind>Comp:1-1-3 Comp:1-2-3 0.531MBps 37.9ms</bind>
  <bind>Comp:1-2-4 Comp:1-1-4 0.531MBps 37.9ms</bind>
  <bind>Comp:1-1-4 Comp:1-2-4 0.531MBps 37.9ms</bind>
  <bind>Comp:1-2-5 Comp:1-1-5 0.531MBps 37.9ms</bind>
  <bind>Comp:1-1-5 Comp:1-2-5 0.531MBps 37.9ms</bind>
  <bind>Comp:1-2-6 Comp:1-1-6 0.531MBps 37.9ms</bind>
  <bind>Comp:1-1-6 Comp:1-2-6 0.531MBps 37.9ms</bind>
  <bind>Comp:1-2-7 Comp:1-1-0 0.531MBps 37.9ms</bind>
  <bind>Comp:1-1-0 Comp:1-2-7 0.531MBps 37.9ms</bind>
  <bind>Comp:1-2-8 Comp:1-1-1 0.531MBps 37.9ms</bind>
  <bind>Comp:1-1-1 Comp:1-2-8 0.531MBps 37.9ms</bind>
  <bind>Comp:1-3-0 Comp:1-2-0 0.503MBps 36.0ms</bind>
  <bind>Comp:1-2-0 Comp:1-3-0 0.503MBps 36.0ms</bind>
  <bind>Comp:1-3-1 Comp:1-2-1 0.503MBps 36.0ms</bind>
  <bind>Comp:1-2-1 Comp:1-3-1 0.503MBps 36.0ms</bind>
  <bind>Comp:1-3-2 Comp:1-2-2 0.503MBps 36.0ms</bind>
  <bind>Comp:1-2-2 Comp:1-3-2 0.503MBps 36.0ms</bind>
  <bind>Comp:1-3-3 Comp:1-2-3 0.503MBps 36.0ms</bind>
  <bind>Comp:1-2-3 Comp:1-3-3 0.503MBps 36.0ms</bind>
  <bind>Comp:1-3-4 Comp:1-2-4 0.503MBps 36.0ms</bind>
  <bind>Comp:1-2-4 Comp:1-3-4 0.503MBps 36.0ms</bind>
  <bind>Comp:1-3-5 Comp:1-2-5 0.503MBps 36.0ms</bind>
  <bind>Comp:1-2-5 Comp:1-3-5 0.503MBps 36.0ms</bind>
  <bind>Comp:1-3-0 Comp:1-2-6 0.503MBps 36.0ms</bind>
  <bind>Comp:1-2-6 Comp:1-3-0 0.503MBps 36.0ms</bind>
  <bind>Comp:1-3-1 Comp:1-2-7 0.503MBps 36.0ms</bind>
  <bind>Comp:1-2-7 Comp:1-3-1 0.503MBps 36.0ms</bind>
  <bind>Comp:1-3-2 Comp:1-2-8 0.503MBps 36.0ms</bind>
  <bind>Comp:1-2-8 Comp:1-3-2 0.503MBps 36.0ms</bind>
  <bind>Comp:1-4-0 Comp:1-3-0 0.217MBps 43.3ms</bind>
  <bind>Comp:1-3-0 Comp:1-4-0 0.217MBps 43.3ms</bind>
  <bind>Comp:1-4-1 Comp:1-3-1 0.217MBps 43.3ms</bind>
  <bind>Comp:1-3-1 Comp:1-4-1 0.217MBps 43.3ms</bind>
  <bind>Comp:1-4-2 Comp:1-3-2 0.217MBps 43.3ms</bind>
  <bind>Comp:1-3-2 Comp:1-4-2 0.217MBps 43.3ms</bind>
  <bind>Comp:1-4-3 Comp:1-3-3 0.217MBps 43.3ms</bind>
  <bind>Comp:1-3-3 Comp:1-4-3 0.217MBps 43.3ms</bind>
  <bind>Comp:1-4-0 Comp:1-3-4 0.217MBps 43.3ms</bind>
  <bind>Comp:1-3-4 Comp:1-4-0 0.217MBps 43.3ms</bind>
  <bind>Comp:1-4-1 Comp:1-3-5 0.217MBps 43.3ms</bind>
  <bind>Comp:1-3-5 Comp:1-4-1 0.217MBps 43.3ms</bind>
  <bind>Comp:1-5-0 Comp:1-4-0 0.0124MBps 34.0ms</bind>
  <bind>Comp:1-4-0 Comp:1-5-0 0.0124MBps 34.0ms</bind>
  <bind>Comp:1-5-0 Comp:1-4-1 0.0124MBps 34.0ms</bind>
  <bind>Comp:1-4-1 Comp:1-5-0 0.0124MBps 34.0ms</bind>
  <bind>Comp:1-5-0 Comp:1-4-2 0.0124MBps 34.0ms</bind>
  <bind>Comp:1-4-2 Comp:1-5-0 0.0124MBps 34.0ms</bind>
  <bind>Comp:1-5-0 Comp:1-4-3 0.0124MBps 34.0ms</bind>
  <bind>Comp:1-4-3 Comp:1-5-0 0.0124MBps 34.0ms</bind>
  <bind>Comp:1-5-0 Comp:1-6-0 0.921MBps 26.6ms</bind>
  <bind>Comp:1-6-0 Comp:1-5-0 0.921MBps 26.6ms</bind>
  <bind>Comp:1-5-0 Comp:1-6-1 0.921MBps 26.6ms</bind>
  <bind>Comp:1-6-1 Comp:1-5-0 0.921MBps 26.6ms</bind>
  <bind>Comp:1-5-0 Comp:1-6-2 0.921MBps 26.6ms</bind>
  <bind>Comp:1-6-2 Comp:1-5-0 0.921MBps 26.6ms</bind>
  <bind>Comp:1-5-0 Comp:1-6-3 0.921MBps 26.6ms</bind>
  <bind>Comp:1-6-3 Comp:1-5-0 0.921MBps 26.6ms</bind>
  <bind>Comp:1-5-0 Comp:1-6-4 0.921MBps 26.6ms</bind>
  <bind>Comp:1-6-4 Comp:1-5-0 0.921MBps 26.6ms</bind>
  <bind>Comp:1-5-0 Comp:1-6-5 0.921MBps 26.6ms</bind>
  <bind>Comp:1-6-5 Comp:1-5-0 0.921MBps 26.6ms</bind>
  <bind>Comp:1-5-0 Comp:1-6-6 0.921MBps 26.6ms</bind>
  <bind>Comp:1-6-6 Comp:1-5-0 0.921MBps 26.6ms</bind>
</app>
<app>
  <id>App100</id>
<comp>
  <id>Comp:100-1-0</id>
  <CPU>0.292Gf</CPU>
  <RAM>0.426GB</RAM>
  <DISK>0.678GB</DISK>
</comp>
<comp>
  <id>Comp:100-1-1</id>
  <CPU>0.292Gf</CPU>
  <RAM>0.426GB</RAM>
  <DISK>0.678GB</DISK>
</comp>
<comp>
  <id>Comp:100-1-2</id>
  <CPU>0.292Gf</CPU>
  <RAM>0.426GB</RAM>
  <DISK>0.678GB</DISK>
</comp>
<comp>
  <id>Comp:100-1-3</id>
  <CPU>0.292Gf</CPU>
  <RAM>0.426GB</RAM>
  <DISK>0.678GB</DISK>
</comp>
<comp>
  <id>Comp:100-1-4</id>
  <CPU>0.292Gf</CPU>
  <RAM>0.426GB</RAM>
  <DISK>0.678GB</DISK>
</comp>
<comp>
  <id>Comp:100-1-5</id>
  <CPU>0.292Gf</CPU>
  <RAM>0.426GB</RAM>
  <DISK>0.678GB</DISK>
</comp>
<comp>
  <id>Comp:100-1-6</id>
  <CPU>0.292Gf</CPU>
  <RAM>0.426GB</RAM>
  <DISK>0.678GB</DISK>
</comp>
<comp>
  <id>Comp:100-1-7</id>
  <CPU>0.292Gf</CPU>
  <RAM>0.426GB</RAM>
  <DISK>0.678GB</DISK>
</comp>
<comp>
  <id>Comp:100-1-8</id>
  <CPU>0.292Gf</CPU>
  <RAM>0.426GB</RAM>
  <DISK>0.678GB</DISK>
</comp>
<comp>
  <id>Comp:100-1-9</id>
  <CPU>0.292Gf</CPU>
  <RAM>0.426GB</RAM>
  <DISK>0.678GB</DISK>
</comp>
  <bind>Comp:100-1-0 Appliance-32 0.993MBps 26.6ms</bind>
  <bind>Appliance-32 Comp:100-1-0 0.993MBps 26.6ms</bind>
  <bind>Comp:100-1-1 Appliance-412 0.993MBps 26.6ms</bind>
  <bind>Appliance-412 Comp:100-1-1 0.993MBps 26.6ms</bind>
  <bind>Comp:100-1-2 Appliance-100 0.993MBps 26.6ms</bind>
  <bind>Appliance-100 Comp:100-1-2 0.993MBps 26.6ms</bind>
  <bind>Comp:100-1-3 Appliance-32 0.993MBps 26.6ms</bind>
  <bind>Appliance-32 Comp:100-1-3 0.993MBps 26.6ms</bind>
  <bind>Comp:100-1-4 Appliance-412 0.993MBps 26.6ms</bind>
  <bind>Appliance-412 Comp:100-1-4 0.993MBps 26.6ms</bind>
  <bind>Comp:100-1-5 Appliance-100 0.993MBps 26.6ms</bind>
  <bind>Appliance-100 Comp:100-1-5 0.993MBps 26.6ms</bind>
  <bind>Comp:100-1-6 Appliance-32 0.993MBps 26.6ms</bind>
  <bind>Appliance-32 Comp:100-1-6 0.993MBps 26.6ms</bind>
  <bind>Comp:100-1-7 Appliance-412 0.993MBps 26.6ms</bind>
  <bind>Appliance-412 Comp:100-1-7 0.993MBps 26.6ms</bind>
  <bind>Comp:100-1-8 Appliance-100 0.993MBps 26.6ms</bind>
  <bind>Appliance-100 Comp:100-1-8 0.993MBps 26.6ms</bind>
  <bind>Comp:100-1-9 Appliance-32 0.993MBps 26.6ms</bind>
  <bind>Appliance-32 Comp:100-1-9 0.993MBps 26.6ms</bind>
  <bind>Comp:100-1-0 Appliance-43 0.346MBps 37.3ms</bind>
  <bind>Appliance-43 Comp:100-1-0 0.346MBps 37.3ms</bind>
  <bind>Comp:100-1-1 Appliance-374 0.346MBps 37.3ms</bind>
  <bind>Appliance-374 Comp:100-1-1 0.346MBps 37.3ms</bind>
  <bind>Comp:100-1-2 Appliance-43 0.346MBps 37.3ms</bind>
  <bind>Appliance-43 Comp:100-1-2 0.346MBps 37.3ms</bind>
  <bind>Comp:100-1-3 Appliance-374 0.346MBps 37.3ms</bind>
  <bind>Appliance-374 Comp:100-1-3 0.346MBps 37.3ms</bind>
  <bind>Comp:100-1-4 Appliance-43 0.346MBps 37.3ms</bind>
  <bind>Appliance-43 Comp:100-1-4 0.346MBps 37.3ms</bind>
  <bind>Comp:100-1-5 Appliance-374 0.346MBps 37.3ms</bind>
  <bind>Appliance-374 Comp:100-1-5 0.346MBps 37.3ms</bind>
  <bind>Comp:100-1-6 Appliance-43 0.346MBps 37.3ms</bind>
  <bind>Appliance-43 Comp:100-1-6 0.346MBps 37.3ms</bind>
  <bind>Comp:100-1-7 Appliance-374 0.346MBps 37.3ms</bind>
  <bind>Appliance-374 Comp:100-1-7 0.346MBps 37.3ms</bind>
  <bind>Comp:100-1-8 Appliance-43 0.346MBps 37.3ms</bind>
  <bind>Appliance-43 Comp:100-1-8 0.346MBps 37.3ms</bind>
  <bind>Comp:100-1-9 Appliance-374 0.346MBps 37.3ms</bind>
  <bind>Appliance-374 Comp:100-1-9 0.346MBps 37.3ms</bind>
</app>
</apps>
