<?xml version="1.0"?>
<apps>
<app>
  <id>App1</id>
<comp>
  <id>Comp:1-1-0</id>
  <CPU>0.29Gf</CPU>
  <RAM>0.896GB</RAM>
  <DISK>1.61GB</DISK>
</comp>
<comp>
  <id>Comp:1-1-1</id>
  <CPU>0.29Gf</CPU>
  <RAM>0.896GB</RAM>
  <DISK>1.61GB</DISK>
</comp>
<comp>
  <id>Comp:1-1-2</id>
  <CPU>0.29Gf</CPU>
  <RAM>0.896GB</RAM>
  <DISK>1.61GB</DISK>
</comp>
<comp>
  <id>Comp:1-1-3</id>
  <CPU>0.29Gf</CPU>
  <RAM>0.896GB</RAM>
  <DISK>1.61GB</DISK>
</comp>
<comp>
  <id>Comp:1-1-4</id>
  <CPU>0.29Gf</CPU>
  <RAM>0.896GB</RAM>
  <DISK>1.61GB</DISK>
</comp>
<comp>
  <id>Comp:1-1-5</id>
  <CPU>0.29Gf</CPU>
  <RAM>0.896GB</RAM>
  <DISK>1.61GB</DISK>
</comp>
<comp>
  <id>Comp:1-1-6</id>
  <CPU>0.29Gf</CPU>
  <RAM>0.896GB</RAM>
  <DISK>1.61GB</DISK>
</comp>
<comp>
  <id>Comp:1-2-0</id>
  <CPU>0.519Gf</CPU>
  <RAM>0.405GB</RAM>
  <DISK>1.8GB</DISK>
</comp>
<comp>
  <id>Comp:1-2-1</id>
  <CPU>0.519Gf</CPU>
  <RAM>0.405GB</RAM>
  <DISK>1.8GB</DISK>
</comp>
<comp>
  <id>Comp:1-2-2</id>
  <CPU>0.519Gf</CPU>
  <RAM>0.405GB</RAM>
  <DISK>1.8GB</DISK>
</comp>
<comp>
  <id>Comp:1-2-3</id>
  <CPU>0.519Gf</CPU>
  <RAM>0.405GB</RAM>
  <DISK>1.8GB</DISK>
</comp>
<comp>
  <id>Comp:1-2-4</id>
  <CPU>0.519Gf</CPU>
  <RAM>0.405GB</RAM>
  <DISK>1.8GB</DISK>
</comp>
<comp>
  <id>Comp:1-2-5</id>
  <CPU>0.519Gf</CPU>
  <RAM>0.405GB</RAM>
  <DISK>1.8GB</DISK>
</comp>
<comp>
  <id>Comp:1-2-6</id>
  <CPU>0.519Gf</CPU>
  <RAM>0.405GB</RAM>
  <DISK>1.8GB</DISK>
</comp>
<comp>
  <id>Comp:1-2-7</id>
  <CPU>0.519Gf</CPU>
  <RAM>0.405GB</RAM>
  <DISK>1.8GB</DISK>
</comp>
<comp>
  <id>Comp:1-2-8</id>
  <CPU>0.519Gf</CPU>
  <RAM>0.405GB</RAM>
  <DISK>1.8GB</DISK>
</comp>
<comp>
  <id>Comp:1-3-0</id>
  <CPU>0.907Gf</CPU>
  <RAM>0.959GB</RAM>
  <DISK>1.52GB</DISK>
</comp>
<comp>
  <id>Comp:1-3-1</id>
  <CPU>0.907Gf</CPU>
  <RAM>0.959GB</RAM>
  <DISK>1.52GB</DISK>
</comp>
<comp>
  <id>Comp:1-3-2</id>
  <CPU>0.907Gf</CPU>
  <RAM>0.959GB</RAM>
  <DISK>1.52GB</DISK>
</comp>
<comp>
  <id>Comp:1-3-3</id>
  <CPU>0.907Gf</CPU>
  <RAM>0.959GB</RAM>
  <DISK>1.52GB</DISK>
</comp>
<comp>
  <id>Comp:1-3-4</id>
  <CPU>0.907Gf</CPU>
  <RAM>0.959GB</RAM>
  <DISK>1.52GB</DISK>
</comp>
<comp>
  <id>Comp:1-3-5</id>
  <CPU>0.907Gf</CPU>
  <RAM>0.959GB</RAM>
  <DISK>1.52GB</DISK>
</comp>
<comp>
  <id>Comp:1-4-0</id>
  <CPU>0.993Gf</CPU>
  <RAM>0.62GB</RAM>
  <DISK>0.14GB</DISK>
</comp>
<comp>
  <id>Comp:1-4-1</id>
  <CPU>0.993Gf</CPU>
  <RAM>0.62GB</RAM>
  <DISK>0.14GB</DISK>
</comp>
<comp>
  <id>Comp:1-4-2</id>
  <CPU>0.993Gf</CPU>
  <RAM>0.62GB</RAM>
  <DISK>0.14GB</DISK>
</comp>
<comp>
  <id>Comp:1-4-3</id>
  <CPU>0.993Gf</CPU>
  <RAM>0.62GB</RAM>
  <DISK>0.14GB</DISK>
</comp>
<comp>
  <id>Comp:1-5-0</id>
  <CPU>0.716Gf</CPU>
  <RAM>0.865GB</RAM>
  <DISK>0.732GB</DISK>
</comp>
<comp>
  <id>Comp:1-6-0</id>
  <CPU>0.756Gf</CPU>
  <RAM>0.836GB</RAM>
  <DISK>0.743GB</DISK>
</comp>
<comp>
  <id>Comp:1-6-1</id>
  <CPU>0.756Gf</CPU>
  <RAM>0.836GB</RAM>
  <DISK>0.743GB</DISK>
</comp>
<comp>
  <id>Comp:1-6-2</id>
  <CPU>0.756Gf</CPU>
  <RAM>0.836GB</RAM>
  <DISK>0.743GB</DISK>
</comp>
<comp>
  <id>Comp:1-6-3</id>
  <CPU>0.756Gf</CPU>
  <RAM>0.836GB</RAM>
  <DISK>0.743GB</DISK>
</comp>
<comp>
  <id>Comp:1-6-4</id>
  <CPU>0.756Gf</CPU>
  <RAM>0.836GB</RAM>
  <DISK>0.743GB</DISK>
</comp>
<comp>
  <id>Comp:1-6-5</id>
  <CPU>0.756Gf</CPU>
  <RAM>0.836GB</RAM>
  <DISK>0.743GB</DISK>
</comp>
<comp>
  <id>Comp:1-6-6</id>
  <CPU>0.756Gf</CPU>
  <RAM>0.836GB</RAM>
  <DISK>0.743GB</DISK>
</comp>
  <bind>Comp:1-1-0 Appliance-367 0.28MBps 35.6ms</bind>
  <bind>Appliance-367 Comp:1-1-0 0.28MBps 35.6ms</bind>
  <bind>Comp:1-1-1 Appliance-118 0.28MBps 35.6ms</bind>
  <bind>Appliance-118 Comp:1-1-1 0.28MBps 35.6ms</bind>
  <bind>Comp:1-1-2 Appliance-47 0.28MBps 35.6ms</bind>
  <bind>Appliance-47 Comp:1-1-2 0.28MBps 35.6ms</bind>
  <bind>Comp:1-1-3 Appliance-315 0.28MBps 35.6ms</bind>
  <bind>Appliance-315 Comp:1-1-3 0.28MBps 35.6ms</bind>
  <bind>Comp:1-1-4 Appliance-26 0.28MBps 35.6ms</bind>
  <bind>Appliance-26 Comp:1-1-4 0.28MBps 35.6ms</bind>
  <bind>Comp:1-1-5 Appliance-26 0.28MBps 35.6ms</bind>
  <bind>Appliance-26 Comp:1-1-5 0.28MBps 35.6ms</bind>
  <bind>Comp:1-1-6 Appliance-367 0.28MBps 35.6ms</bind>
  <bind>Appliance-367 Comp:1-1-6 0.28MBps 35.6ms</bind>
  <bind>Comp:1-2-0 Comp:1-1-0 0.531MBps 37.9ms</bind>
  <bind>Comp:1-1-0 Comp:1-2-0 0.531MBps 37.9ms</bind>
  <bind>Comp:1-2-1 Comp:1-1-1 0.531MBps 37.9ms</bind>
  <bind>Comp:1-1-1 Comp:1-2-1 0.531MBps 37.9ms</bind>
  <bind>Comp:1-2-2 Comp:1-1-2 0.531MBps 37.9ms</bind>
  <bind>Comp:1-1-2 Comp:1-2-2 0.531MBps 37.9ms</bind>
  <bind>Comp:1-2-3 Comp:1-1-3 0.531MBps 37.9ms</bind>
  <bind>Comp:1-1-3 Comp:1-2-3 0.531MBps 37.9ms</bind>
  <bind>Comp:1-2-4 Comp:1-1-4 0.531MBps 37.9ms</bind>
  <bind>Comp:1-1-4 Comp:1-2-4 0.531MBps 37.9ms</bind>
  <bind>Comp:1-2-5 Comp:1-1-5 0.531MBps 37.9ms</bind>
  <bind>Comp:1-1-5 Comp:1-2-5 0.531MBps 37.9ms</bind>
  <bind>Comp:1-2-6 Comp:1-1-6 0.531MBps 37.9ms</bind>
  <bind>Comp:1-1-6 Comp:1-2-6 0.531MBps 37.9ms</bind>
  <bind>Comp:1-2-7 Comp:1-1-0 0.531MBps 37.9ms</bind>
  <bind>Comp:1-1-0 Comp:1-2-7 0.531MBps 37.9ms</bind>
  <bind>Comp:1-2-8 Comp:1-1-1 0.531MBps 37.9ms</bind>
  <bind>Comp:1-1-1 Comp:1-2-8 0.531MBps 37.9ms</bind>
  <bind>Comp:1-3-0 Comp:1-2-0 0.503MBps 36.0ms</bind>
  <bind>Comp:1-2-0 Comp:1-3-0 0.503MBps 36.0ms</bind>
  <bind>Comp:1-3-1 Comp:1-2-1 0.503MBps 36.0ms</bind>
  <bind>Comp:1-2-1 Comp:1-3-1 0.503MBps 36.0ms</bind>
  <bind>Comp:1-3-2 Comp:1-2-2 0.503MBps 36.0ms</bind>
  <bind>Comp:1-2-2 Comp:1-3-2 0.503MBps 36.0ms</bind>
  <bind>Comp:1-3-3 Comp:1-2-3 0.503MBps 36.0ms</bind>
  <bind>Comp:1-2-3 Comp:1-3-3 0.503MBps 36.0ms</bind>
  <bind>Comp:1-3-4 Comp:1-2-4 0.503MBps 36.0ms</bind>
  <bind>Comp:1-2-4 Comp:1-3-4 0.503MBps 36.0ms</bind>
  <bind>Comp:1-3-5 Comp:1-2-5 0.503MBps 36.0ms</bind>
  <bind>Comp:1-2-5 Comp:1-3-5 0.503MBps 36.0ms</bind>
  <bind>Comp:1-3-0 Comp:1-2-6 0.503MBps 36.0ms</bind>
  <bind>Comp:1-2-6 Comp:1-3-0 0.503MBps 36.0ms</bind>
  <bind>Comp:1-3-1 Comp:1-2-7 0.503MBps 36.0ms</bind>
  <bind>Comp:1-2-7 Comp:1-3-1 0.503MBps 36.0ms</bind>
  <bind>Comp:1-3-2 Comp:1-2-8 0.503MBps 36.0ms</bind>
  <bind>Comp:1-2-8 Comp:1-3-2 0.503MBps 36.0ms</bind>
  <bind>Comp:1-4-0 Comp:1-3-0 0.217MBps 43.3ms</bind>
  <bind>Comp:1-3-0 Comp:1-4-0 0.217MBps 43.3ms</bind>
  <bind>Comp:1-4-1 Comp:1-3-1 0.217MBps 43.3ms</bind>
  <bind>Comp:1-3-1 Comp:1-4-1 0.217MBps 43.3ms</bind>
  <bind>Comp:1-4-2 Comp:1-3-2 0.217MBps 43.3ms</bind>
  <bind>Comp:1-3-2 Comp:1-4-2 0.217MBps 43.3ms</bind>
  <bind>Comp:1-4-3 Comp:1-3-3 0.217MBps 43.3ms</bind>
  <bind>Comp:1-3-3 Comp:1-4-3 0.217MBps 43.3ms</bind>
  <bind>Comp:1-4-0 Comp:1-3-4 0.217MBps 43.3ms</bind>
  <bind>Comp:1-3-4 Comp:1-4-0 0.217MBps 43.3ms</bind>
  <bind>Comp:1-4-1 Comp:1-3-5 0.217MBps 43.3ms</bind>
  <bind>Comp:1-3-5 Comp:1-4-1 0.217MBps 43.3ms</bind>
  <bind>Comp:1-5-0 Comp:1-4-0 0.0124MBps 34.0ms</bind>
  <bind>Comp:1-4-0 Comp:1-5-0 0.0124MBps 34.0ms</bind>
  <bind>Comp:1-5-0 Comp:1-4-1 0.0124MBps 34.0ms</bind>
  <bind>Comp:1-4-1 Comp:1-5-0 0.0124MBps 34.0ms</bind>
  <bind>Comp:1-5-0 Comp:1-4-2 0.0124MBps 34.0ms</bind>
  <bind>Comp:1-4-2 Comp:1-5-0 0.0124MBps 34.0ms</bind>
  <bind>Comp:1-5-0 Comp:1-4-3 0.0124MBps 34.0ms</bind>
  <bind>Comp:1-4-3 Comp:1-5-0 0.0124MBps 34.0ms</bind>
  <bind>Comp:1-5-0 Comp:1-6-0 0.921MBps 26.6ms</bind>
  <bind>Comp:1-6-0 Comp:1-5-0 0.921MBps 26.6ms</bind>
  <bind>Comp:1-5-0 Comp:1-6-1 0.921MBps 26.6ms</bind>
  <bind>Comp:1-6-1 Comp:1-5-0 0.921MBps 26.6ms</bind>
  <bind>Comp:1-5-0 Comp:1-6-2 0.921MBps 26.6ms</bind>
  <bind>Comp:1-6-2 Comp:1-5-0 0.921MBps 26.6ms</bind>
  <bind>Comp:1-5-0 Comp:1-6-3 0.921MBps 26.6ms</bind>
  <bind>Comp:1-6-3 Comp:1-5-0 0.921MBps 26.6ms</bind>
  <bind>Comp:1-5-0 Comp:1-6-4 0.921MBps 26.6ms</bind>
  <bind>Comp:1-6-4 Comp:1-5-0 0.921MBps 26.6ms</bind>
  <bind>Comp:1-5-0 Comp:1-6-5 0.921MBps 26.6ms</bind>
  <bind>Comp:1-6-5 Comp:1-5-0 0.921MBps 26.6ms</bind>
  <bind>Comp:1-5-0 Comp:1-6-6 0.921MBps 26.6ms</bind>
  <bind>Comp:1-6-6 Comp:1-5-0 0.921MBps 26.6ms</bind>
</app>
<app>
  <id>App100</id>
<comp>
  <id>Comp:100-1-0</id>
  <CPU>0.292Gf</CPU>
  <RAM>0.426GB</RAM>
  <DISK>0.678GB</DISK>
</comp>
<comp>
  <id>Comp:100-1-1</id>
  <CPU>0.292Gf</CPU>
  <RAM>0.426GB</RAM>
  <DISK>0.678GB</DISK>
</comp>
<comp>
  <id>Comp:100-1-2</id>
  <CPU>0.292Gf</CPU>
  <RAM>0.426GB</RAM>
  <DISK>0.678GB</DISK>
</comp>
<comp>
  <id>Comp:100-1-3</id>
  <CPU>0.292Gf</CPU>
  <RAM>0.426GB</RAM>
  <DISK>0.678GB</DISK>
</comp>
<comp>
  <id>Comp:100-1-4</id>
  <CPU>0.292Gf</CPU>
  <RAM>0.426GB</RAM>
  <DISK>0.678GB</DISK>
</comp>
<comp>
  <id>Comp:100-1-5</id>
  <CPU>0.292Gf</CPU>
  <RAM>0.426GB</RAM>
  <DISK>0.678GB</DISK>
</comp>
<comp>
  <id>Comp:100-1-6</id>
  <CPU>0.292Gf</CPU>
  <RAM>0.426GB</RAM>
  <DISK>0.678GB</DISK>
</comp>
<comp>
  <id>Comp:100-1-7</id>
  <CPU>0.292Gf</CPU>
  <RAM>0.426GB</RAM>
  <DISK>0.678GB</DISK>
</comp>
<comp>
  <id>Comp:100-1-8</id>
  <CPU>0.292Gf</CPU>
  <RAM>0.426GB</RAM>
  <DISK>0.678GB</DISK>
</comp>
<comp>
  <id>Comp:100-1-9</id>
  <CPU>0.292Gf</CPU>
  <RAM>0.426GB</RAM>
  <DISK>0.678GB</DISK>
</comp>
  <bind>Comp:100-1-0 Appliance-32 0.993MBps 26.6ms</bind>
  <bind>Appliance-32 Comp:100-1-0 0.993MBps 26.6ms</bind>
  <bind>Comp:100-1-1 Appliance-412 0.993MBps 26.6ms</bind>
  <bind>Appliance-412 Comp:100-1-1 0.993MBps 26.6ms</bind>
  <bind>Comp:100-1-2 Appliance-100 0.993MBps 26.6ms</bind>
  <bind>Appliance-100 Comp:100-1-2 0.993MBps 26.6ms</bind>
  <bind>Comp:100-1-3 Appliance-32 0.993MBps 26.6ms</bind>
  <bind>Appliance-32 Comp:100-1-3 0.993MBps 26.6ms</bind>
  <bind>Comp:100-1-4 Appliance-412 0.993MBps 26.6ms</bind>
  <bind>Appliance-412 Comp:100-1-4 0.993MBps 26.6ms</bind>
  <bind>Comp:100-1-5 Appliance-100 0.993MBps 26.6ms</bind>
  <bind>Appliance-100 Comp:100-1-5 0.993MBps 26.6ms</bind>
  <bind>Comp:100-1-6 Appliance-32 0.993MBps 26.6ms</bind>
  <bind>Appliance-32 Comp:100-1-6 0.993MBps 26.6ms</bind>
  <bind>Comp:100-1-7 Appliance-412 0.993MBps 26.6ms</bind>
  <bind>Appliance-412 Comp:100-1-7 0.993MBps 26.6ms</bind>
  <bind>Comp:100-1-8 Appliance-100 0.993MBps 26.6ms</bind>
  <bind>Appliance-100 Comp:100-1-8 0.993MBps 26.6ms</bind>
  <bind>Comp:100-1-9 Appliance-32 0.993MBps 26.6ms</bind>
  <bind>Appliance-32 Comp:100-1-9 0.993MBps 26.6ms</bind>
  <bind>Comp:100-1-0 Appliance-43 0.346MBps 37.3ms</bind>
  <bind>Appliance-43 Comp:100-1-0 0.346MBps 37.3ms</bind>
  <bind>Comp:100-1-1 Appliance-374 0.346MBps 37.3ms</bind>
  <bind>Appliance-374 Comp:100-1-1 0.346MBps 37.3ms</bind>
  <bind>Comp:100-1-2 Appliance-43 0.346MBps 37.3ms</bind>
  <bind>Appliance-43 Comp:100-1-2 0.346MBps 37.3ms</bind>
  <bind>Comp:100-1-3 Appliance-374 0.346MBps 37.3ms</bind>
  <bind>Appliance-374 Comp:100-1-3 0.346MBps 37.3ms</bind>
  <bind>Comp:100-1-4 Appliance-43 0.346MBps 37.3ms</bind>
  <bind>Appliance-43 Comp:100-1-4 0.346MBps 37.3ms</bind>
  <bind>Comp:100-1-5 Appliance-374 0.346MBps 37.3ms</bind>
  <bind>Appliance-374 Comp:100-1-5 0.346MBps 37.3ms</bind>
  <bind>Comp:100-1-6 Appliance-43 0.346MBps 37.3ms</bind>
  <bind>Appliance-43 Comp:100-1-6 0.346MBps 37.3ms</bind>
  <bind>Comp:100-1-7 Appliance-374 0.346MBps 37.3ms</bind>
  <bind>Appliance-374 Comp:100-1-7 0.346MBps 37.3ms</bind>
  <bind>Comp:100-1-8 Appliance-43 0.346MBps 37.3ms</bind>
  <bind>Appliance-43 Comp:100-1-8 0.346MBps 37.3ms</bind>
  <bind>Comp:100-1-9 Appliance-374 0.346MBps 37.3ms</bind>
  <bind>Appliance-374 Comp:100-1-9 0.346MBps 37.3ms</bind>
</app>
<app>
  <id>App11</id>
<comp>
  <id>Comp:11-0-0</id>
  <CPU>0.612Gf</CPU>
  <RAM>0.176GB</RAM>
  <DISK>0.956GB</DISK>
</comp>
<comp>
  <id>Comp:11-0-1</id>
  <CPU>0.612Gf</CPU>
  <RAM>0.176GB</RAM>
  <DISK>0.956GB</DISK>
</comp>
<comp>
  <id>Comp:11-1-0</id>
  <CPU>0.137Gf</CPU>
  <RAM>0.966GB</RAM>
  <DISK>0.769GB</DISK>
</comp>
<comp>
  <id>Comp:11-1-1</id>
  <CPU>0.137Gf</CPU>
  <RAM>0.966GB</RAM>
  <DISK>0.769GB</DISK>
</comp>
<comp>
  <id>Comp:11-1-2</id>
  <CPU>0.137Gf</CPU>
  <RAM>0.966GB</RAM>
  <DISK>0.769GB</DISK>
</comp>
<comp>
  <id>Comp:11-1-3</id>
  <CPU>0.137Gf</CPU>
  <RAM>0.966GB</RAM>
  <DISK>0.769GB</DISK>
</comp>
<comp>
  <id>Comp:11-2-0</id>
  <CPU>0.679Gf</CPU>
  <RAM>0.926GB</RAM>
  <DISK>1.91GB</DISK>
</comp>
<comp>
  <id>Comp:11-2-1</id>
  <CPU>0.679Gf</CPU>
  <RAM>0.926GB</RAM>
  <DISK>1.91GB</DISK>
</comp>
<comp>
  <id>Comp:11-2-2</id>
  <CPU>0.679Gf</CPU>
  <RAM>0.926GB</RAM>
  <DISK>1.91GB</DISK>
</comp>
<comp>
  <id>Comp:11-2-3</id>
  <CPU>0.679Gf</CPU>
  <RAM>0.926GB</RAM>
  <DISK>1.91GB</DISK>
</comp>
<comp>
  <id>Comp:11-2-4</id>
  <CPU>0.679Gf</CPU>
  <RAM>0.926GB</RAM>
  <DISK>1.91GB</DISK>
</comp>
<comp>
  <id>Comp:11-3-0</id>
  <CPU>0.172Gf</CPU>
  <RAM>0.515GB</RAM>
  <DISK>1.63GB</DISK>
</comp>
<comp>
  <id>Comp:11-3-1</id>
  <CPU>0.172Gf</CPU>
  <RAM>0.515GB</RAM>
  <DISK>1.63GB</DISK>
</comp>
<comp>
  <id>Comp:11-3-2</id>
  <CPU>0.172Gf</CPU>
  <RAM>0.515GB</RAM>
  <DISK>1.63GB</DISK>
</comp>
<comp>
  <id>Comp:11-3-3</id>
  <CPU>0.172Gf</CPU>
  <RAM>0.515GB</RAM>
  <DISK>1.63GB</DISK>
</comp>
<comp>
  <id>Comp:11-3-4</id>
  <CPU>0.172Gf</CPU>
  <RAM>0.515GB</RAM>
  <DISK>1.63GB</DISK>
</comp>
<comp>
  <id>Comp:11-4-0</id>
  <CPU>0.55Gf</CPU>
  <RAM>0.768GB</RAM>
  <DISK>0.687GB</DISK>
</comp>
<comp>
  <id>Comp:11-4-1</id>
  <CPU>0.55Gf</CPU>
  <RAM>0.768GB</RAM>
  <DISK>0.687GB</DISK>
</comp>
<comp>
  <id>Comp:11-4-2</id>
  <CPU>0.55Gf</CPU>
  <RAM>0.768GB</RAM>
  <DISK>0.687GB</DISK>
</comp>
<comp>
  <id>Comp:11-5-0</id>
  <CPU>0.995Gf</CPU>
  <RAM>0.538GB</RAM>
  <DISK>1.19GB</DISK>
</comp>
<comp>
  <id>Comp:11-5-1</id>
  <CPU>0.995Gf</CPU>
  <RAM>0.538GB</RAM>
  <DISK>1.19GB</DISK>
</comp>
<comp>
  <id>Comp:11-5-2</id>
  <CPU>0.995Gf</CPU>
  <RAM>0.538GB</RAM>
  <DISK>1.19GB</DISK>
</comp>
<comp>
  <id>Comp:11-5-3</id>
  <CPU>0.995Gf</CPU>
  <RAM>0.538GB</RAM>
  <DISK>1.19GB</DISK>
</comp>
<comp>
  <id>Comp:11-5-4</id>
  <CPU>0.995Gf</CPU>
  <RAM>0.538GB</RAM>
  <DISK>1.19GB</DISK>
</comp>
  <bind>Comp:11-1-0 Comp:11-0-0 0.0199MBps 44.8ms</bind>
  <bind>Comp:11-0-0 Comp:11-1-0 0.0199MBps 44.8ms</bind>
  <bind>Comp:11-1-1 Comp:11-0-1 0.0199MBps 44.8ms</bind>
  <bind>Comp:11-0-1 Comp:11-1-1 0.0199MBps 44.8ms</bind>
  <bind>Comp:11-1-2 Comp:11-0-0 0.0199MBps 44.8ms</bind>
  <bind>Comp:11-0-0 Comp:11-1-2 0.0199MBps 44.8ms</bind>
  <bind>Comp:11-1-3 Comp:11-0-1 0.0199MBps 44.8ms</bind>
  <bind>Comp:11-0-1 Comp:11-1-3 0.0199MBps 44.8ms</bind>
  <bind>Comp:11-2-0 Comp:11-1-0 0.511MBps 47.4ms</bind>
  <bind>Comp:11-1-0 Comp:11-2-0 0.511MBps 47.4ms</bind>
  <bind>Comp:11-2-1 Comp:11-1-1 0.511MBps 47.4ms</bind>
  <bind>Comp:11-1-1 Comp:11-2-1 0.511MBps 47.4ms</bind>
  <bind>Comp:11-2-2 Comp:11-1-2 0.511MBps 47.4ms</bind>
  <bind>Comp:11-1-2 Comp:11-2-2 0.511MBps 47.4ms</bind>
  <bind>Comp:11-2-3 Comp:11-1-3 0.511MBps 47.4ms</bind>
  <bind>Comp:11-1-3 Comp:11-2-3 0.511MBps 47.4ms</bind>
  <bind>Comp:11-2-4 Comp:11-1-0 0.511MBps 47.4ms</bind>
  <bind>Comp:11-1-0 Comp:11-2-4 0.511MBps 47.4ms</bind>
  <bind>Comp:11-3-0 Comp:11-2-0 0.968MBps 49.2ms</bind>
  <bind>Comp:11-2-0 Comp:11-3-0 0.968MBps 49.2ms</bind>
  <bind>Comp:11-3-1 Comp:11-2-1 0.968MBps 49.2ms</bind>
  <bind>Comp:11-2-1 Comp:11-3-1 0.968MBps 49.2ms</bind>
  <bind>Comp:11-3-2 Comp:11-2-2 0.968MBps 49.2ms</bind>
  <bind>Comp:11-2-2 Comp:11-3-2 0.968MBps 49.2ms</bind>
  <bind>Comp:11-3-3 Comp:11-2-3 0.968MBps 49.2ms</bind>
  <bind>Comp:11-2-3 Comp:11-3-3 0.968MBps 49.2ms</bind>
  <bind>Comp:11-3-4 Comp:11-2-4 0.968MBps 49.2ms</bind>
  <bind>Comp:11-2-4 Comp:11-3-4 0.968MBps 49.2ms</bind>
  <bind>Comp:11-4-0 Comp:11-3-0 0.263MBps 44.6ms</bind>
  <bind>Comp:11-3-0 Comp:11-4-0 0.263MBps 44.6ms</bind>
  <bind>Comp:11-4-1 Comp:11-3-1 0.263MBps 44.6ms</bind>
  <bind>Comp:11-3-1 Comp:11-4-1 0.263MBps 44.6ms</bind>
  <bind>Comp:11-4-2 Comp:11-3-2 0.263MBps 44.6ms</bind>
  <bind>Comp:11-3-2 Comp:11-4-2 0.263MBps 44.6ms</bind>
  <bind>Comp:11-4-0 Comp:11-3-3 0.263MBps 44.6ms</bind>
  <bind>Comp:11-3-3 Comp:11-4-0 0.263MBps 44.6ms</bind>
  <bind>Comp:11-4-1 Comp:11-3-4 0.263MBps 44.6ms</bind>
  <bind>Comp:11-3-4 Comp:11-4-1 0.263MBps 44.6ms</bind>
  <bind>Comp:11-5-0 Comp:11-4-0 0.52MBps 35.5ms</bind>
  <bind>Comp:11-4-0 Comp:11-5-0 0.52MBps 35.5ms</bind>
  <bind>Comp:11-5-1 Comp:11-4-1 0.52MBps 35.5ms</bind>
  <bind>Comp:11-4-1 Comp:11-5-1 0.52MBps 35.5ms</bind>
  <bind>Comp:11-5-2 Comp:11-4-2 0.52MBps 35.5ms</bind>
  <bind>Comp:11-4-2 Comp:11-5-2 0.52MBps 35.5ms</bind>
  <bind>Comp:11-5-3 Comp:11-4-0 0.52MBps 35.5ms</bind>
  <bind>Comp:11-4-0 Comp:11-5-3 0.52MBps 35.5ms</bind>
  <bind>Comp:11-5-4 Comp:11-4-1 0.52MBps 35.5ms</bind>
  <bind>Comp:11-4-1 Comp:11-5-4 0.52MBps 35.5ms</bind>
  <bind>Comp:11-5-0 Appliance-164 0.562MBps 25.9ms</bind>
  <bind>Appliance-164 Comp:11-5-0 0.562MBps 25.9ms</bind>
  <bind>Comp:11-5-1 Appliance-484 0.562MBps 25.9ms</bind>
  <bind>Appliance-484 Comp:11-5-1 0.562MBps 25.9ms</bind>
  <bind>Comp:11-5-2 Appliance-10 0.562MBps 25.9ms</bind>
  <bind>Appliance-10 Comp:11-5-2 0.562MBps 25.9ms</bind>
  <bind>Comp:11-5-3 Appliance-264 0.562MBps 25.9ms</bind>
  <bind>Appliance-264 Comp:11-5-3 0.562MBps 25.9ms</bind>
  <bind>Comp:11-5-4 Appliance-216 0.562MBps 25.9ms</bind>
  <bind>Appliance-216 Comp:11-5-4 0.562MBps 25.9ms</bind>
  <bind>Comp:11-5-0 Appliance-371 0.562MBps 25.9ms</bind>
  <bind>Appliance-371 Comp:11-5-0 0.562MBps 25.9ms</bind>
  <bind>Comp:11-5-1 Appliance-471 0.562MBps 25.9ms</bind>
  <bind>Appliance-471 Comp:11-5-1 0.562MBps 25.9ms</bind>
</app>
<app>
  <id>App12</id>
<comp>
  <id>Comp:12-0-0</id>
  <CPU>0.164Gf</CPU>
  <RAM>0.224GB</RAM>
  <DISK>0.794GB</DISK>
</comp>
<comp>
  <id>Comp:12-0-1</id>
  <CPU>0.164Gf</CPU>
  <RAM>0.224GB</RAM>
  <DISK>0.794GB</DISK>
</comp>
<comp>
  <id>Comp:12-1-0</id>
  <CPU>0.665Gf</CPU>
  <RAM>0.947GB</RAM>
  <DISK>1.29GB</DISK>
</comp>
<comp>
  <id>Comp:12-1-1</id>
  <CPU>0.665Gf</CPU>
  <RAM>0.947GB</RAM>
  <DISK>1.29GB</DISK>
</comp>
<comp>
  <id>Comp:12-1-2</id>
  <CPU>0.665Gf</CPU>
  <RAM>0.947GB</RAM>
  <DISK>1.29GB</DISK>
</comp>
<comp>
  <id>Comp:12-1-3</id>
  <CPU>0.665Gf</CPU>
  <RAM>0.947GB</RAM>
  <DISK>1.29GB</DISK>
</comp>
<comp>
  <id>Comp:12-1-4</id>
  <CPU>0.665Gf</CPU>
  <RAM>0.947GB</RAM>
  <DISK>1.29GB</DISK>
</comp>
<comp>
  <id>Comp:12-1-5</id>
  <CPU>0.665Gf</CPU>
  <RAM>0.947GB</RAM>
  <DISK>1.29GB</DISK>
</comp>
<comp>
  <id>Comp:12-2-0</id>
  <CPU>0.844Gf</CPU>
  <RAM>0.615GB</RAM>
  <DISK>1.61GB</DISK>
</comp>
<comp>
  <id>Comp:12-2-1</id>
  <CPU>0.844Gf</CPU>
  <RAM>0.615GB</RAM>
  <DISK>1.61GB</DISK>
</comp>
<comp>
  <id>Comp:12-2-2</id>
  <CPU>0.844Gf</CPU>
  <RAM>0.615GB</RAM>
  <DISK>1.61GB</DISK>
</comp>
<comp>
  <id>Comp:12-2-3</id>
  <CPU>0.844Gf</CPU>
  <RAM>0.615GB</RAM>
  <DISK>1.61GB</DISK>
</comp>
<comp>
  <id>Comp:12-3-0</id>
  <CPU>0.997Gf</CPU>
  <RAM>0.851GB</RAM>
  <DISK>0.26GB</DISK>
</comp>
<comp>
  <id>Comp:12-3-1</id>
  <CPU>0.997Gf</CPU>
  <RAM>0.851GB</RAM>
  <DISK>0.26GB</DISK>
</comp>
<comp>
  <id>Comp:12-3-2</id>
  <CPU>0.997Gf</CPU>
  <RAM>0.851GB</RAM>
  <DISK>0.26GB</DISK>
</comp>
<comp>
  <id>Comp:12-3-3</id>
  <CPU>0.997Gf</CPU>
  <RAM>0.851GB</RAM>
  <DISK>0.26GB</DISK>
</comp>
<comp>
  <id>Comp:12-3-4</id>
  <CPU>0.997Gf</CPU>
  <RAM>0.851GB</RAM>
  <DISK>0.26GB</DISK>
</comp>
<comp>
  <id>Comp:12-3-5</id>
  <CPU>0.997Gf</CPU>
  <RAM>0.851GB</RAM>
  <DISK>0.26GB</DISK>
</comp>
<comp>
  <id>Comp:12-3-6</id>
  <CPU>0.997Gf</CPU>
  <RAM>0.851GB</RAM>
  <DISK>0.26GB</DISK>
</comp>
<comp>
  <id>Comp:12-4-0</id>
  <CPU>0.916Gf</CPU>
  <RAM>0.966GB</RAM>
  <DISK>0.474GB</DISK>
</comp>
<comp>
  <id>Comp:12-4-1</id>
  <CPU>0.916Gf</CPU>
  <RAM>0.966GB</RAM>
  <DISK>0.474GB</DISK>
</comp>
<comp>
  <id>Comp:12-4-2</id>
  <CPU>0.916Gf</CPU>
  <RAM>0.966GB</RAM>
  <DISK>0.474GB</DISK>
</comp>
<comp>
  <id>Comp:12-4-3</id>
  <CPU>0.916Gf</CPU>
  <RAM>0.966GB</RAM>
  <DISK>0.474GB</DISK>
</comp>
<comp>
  <id>Comp:12-4-4</id>
  <CPU>0.916Gf</CPU>
  <RAM>0.966GB</RAM>
  <DISK>0.474GB</DISK>
</comp>
<comp>
  <id>Comp:12-4-5</id>
  <CPU>0.916Gf</CPU>
  <RAM>0.966GB</RAM>
  <DISK>0.474GB</DISK>
</comp>
  <bind>Comp:12-1-0 Comp:12-0-0 0.218MBps 49.9ms</bind>
  <bind>Comp:12-0-0 Comp:12-1-0 0.218MBps 49.9ms</bind>
  <bind>Comp:12-1-1 Comp:12-0-1 0.218MBps 49.9ms</bind>
  <bind>Comp:12-0-1 Comp:12-1-1 0.218MBps 49.9ms</bind>
  <bind>Comp:12-1-2 Comp:12-0-0 0.218MBps 49.9ms</bind>
  <bind>Comp:12-0-0 Comp:12-1-2 0.218MBps 49.9ms</bind>
  <bind>Comp:12-1-3 Comp:12-0-1 0.218MBps 49.9ms</bind>
  <bind>Comp:12-0-1 Comp:12-1-3 0.218MBps 49.9ms</bind>
  <bind>Comp:12-1-4 Comp:12-0-0 0.218MBps 49.9ms</bind>
  <bind>Comp:12-0-0 Comp:12-1-4 0.218MBps 49.9ms</bind>
  <bind>Comp:12-1-5 Comp:12-0-1 0.218MBps 49.9ms</bind>
  <bind>Comp:12-0-1 Comp:12-1-5 0.218MBps 49.9ms</bind>
  <bind>Comp:12-2-0 Comp:12-1-0 0.697MBps 43.4ms</bind>
  <bind>Comp:12-1-0 Comp:12-2-0 0.697MBps 43.4ms</bind>
  <bind>Comp:12-2-1 Comp:12-1-1 0.697MBps 43.4ms</bind>
  <bind>Comp:12-1-1 Comp:12-2-1 0.697MBps 43.4ms</bind>
  <bind>Comp:12-2-2 Comp:12-1-2 0.697MBps 43.4ms</bind>
  <bind>Comp:12-1-2 Comp:12-2-2 0.697MBps 43.4ms</bind>
  <bind>Comp:12-2-3 Comp:12-1-3 0.697MBps 43.4ms</bind>
  <bind>Comp:12-1-3 Comp:12-2-3 0.697MBps 43.4ms</bind>
  <bind>Comp:12-2-0 Comp:12-1-4 0.697MBps 43.4ms</bind>
  <bind>Comp:12-1-4 Comp:12-2-0 0.697MBps 43.4ms</bind>
  <bind>Comp:12-2-1 Comp:12-1-5 0.697MBps 43.4ms</bind>
  <bind>Comp:12-1-5 Comp:12-2-1 0.697MBps 43.4ms</bind>
  <bind>Comp:12-3-0 Comp:12-2-0 0.3MBps 38.2ms</bind>
  <bind>Comp:12-2-0 Comp:12-3-0 0.3MBps 38.2ms</bind>
  <bind>Comp:12-3-1 Comp:12-2-1 0.3MBps 38.2ms</bind>
  <bind>Comp:12-2-1 Comp:12-3-1 0.3MBps 38.2ms</bind>
  <bind>Comp:12-3-2 Comp:12-2-2 0.3MBps 38.2ms</bind>
  <bind>Comp:12-2-2 Comp:12-3-2 0.3MBps 38.2ms</bind>
  <bind>Comp:12-3-3 Comp:12-2-3 0.3MBps 38.2ms</bind>
  <bind>Comp:12-2-3 Comp:12-3-3 0.3MBps 38.2ms</bind>
  <bind>Comp:12-3-4 Comp:12-2-0 0.3MBps 38.2ms</bind>
  <bind>Comp:12-2-0 Comp:12-3-4 0.3MBps 38.2ms</bind>
  <bind>Comp:12-3-5 Comp:12-2-1 0.3MBps 38.2ms</bind>
  <bind>Comp:12-2-1 Comp:12-3-5 0.3MBps 38.2ms</bind>
  <bind>Comp:12-3-6 Comp:12-2-2 0.3MBps 38.2ms</bind>
  <bind>Comp:12-2-2 Comp:12-3-6 0.3MBps 38.2ms</bind>
  <bind>Comp:12-4-0 Comp:12-3-0 0.355MBps 37.2ms</bind>
  <bind>Comp:12-3-0 Comp:12-4-0 0.355MBps 37.2ms</bind>
  <bind>Comp:12-4-1 Comp:12-3-1 0.355MBps 37.2ms</bind>
  <bind>Comp:12-3-1 Comp:12-4-1 0.355MBps 37.2ms</bind>
  <bind>Comp:12-4-2 Comp:12-3-2 0.355MBps 37.2ms</bind>
  <bind>Comp:12-3-2 Comp:12-4-2 0.355MBps 37.2ms</bind>
  <bind>Comp:12-4-3 Comp:12-3-3 0.355MBps 37.2ms</bind>
  <bind>Comp:12-3-3 Comp:12-4-3 0.355MBps 37.2ms</bind>
  <bind>Comp:12-4-4 Comp:12-3-4 0.355MBps 37.2ms</bind>
  <bind>Comp:12-3-4 Comp:12-4-4 0.355MBps 37.2ms</bind>
  <bind>Comp:12-4-5 Comp:12-3-5 0.355MBps 37.2ms</bind>
  <bind>Comp:12-3-5 Comp:12-4-5 0.355MBps 37.2ms</bind>
  <bind>Comp:12-4-0 Comp:12-3-6 0.355MBps 37.2ms</bind>
  <bind>Comp:12-3-6 Comp:12-4-0 0.355MBps 37.2ms</bind>
  <bind>Comp:12-4-0 Appliance-350 0.355MBps 30.1ms</bind>
  <bind>Appliance-350 Comp:12-4-0 0.355MBps 30.1ms</bind>
  <bind>Comp:12-4-1 Appliance-176 0.355MBps 30.1ms</bind>
  <bind>Appliance-176 Comp:12-4-1 0.355MBps 30.1ms</bind>
  <bind>Comp:12-4-2 Appliance-338 0.355MBps 30.1ms</bind>
  <bind>Appliance-338 Comp:12-4-2 0.355MBps 30.1ms</bind>
  <bind>Comp:12-4-3 Appliance-350 0.355MBps 30.1ms</bind>
  <bind>Appliance-350 Comp:12-4-3 0.355MBps 30.1ms</bind>
  <bind>Comp:12-4-4 Appliance-176 0.355MBps 30.1ms</bind>
  <bind>Appliance-176 Comp:12-4-4 0.355MBps 30.1ms</bind>
  <bind>Comp:12-4-5 Appliance-338 0.355MBps 30.1ms</bind>
  <bind>Appliance-338 Comp:12-4-5 0.355MBps 30.1ms</bind>
</app>
</apps>
