<?xml version="1.0"?>
<apps>
<app>
  <id>App1</id>
<comp>
  <id>Comp:1-0-0</id>
  <CPU>0.538Gf</CPU>
  <RAM>0.426GB</RAM>
  <DISK>0.967GB</DISK>
</comp>
<comp>
  <id>Comp:1-0-1</id>
  <CPU>0.538Gf</CPU>
  <RAM>0.426GB</RAM>
  <DISK>0.967GB</DISK>
</comp>
<comp>
  <id>Comp:1-0-2</id>
  <CPU>0.538Gf</CPU>
  <RAM>0.426GB</RAM>
  <DISK>0.967GB</DISK>
</comp>
<comp>
  <id>Comp:1-0-3</id>
  <CPU>0.538Gf</CPU>
  <RAM>0.426GB</RAM>
  <DISK>0.967GB</DISK>
</comp>
<comp>
  <id>Comp:1-1-0</id>
  <CPU>0.407Gf</CPU>
  <RAM>0.731GB</RAM>
  <DISK>1.04GB</DISK>
</comp>
<comp>
  <id>Comp:1-1-1</id>
  <CPU>0.407Gf</CPU>
  <RAM>0.731GB</RAM>
  <DISK>1.04GB</DISK>
</comp>
  <bind>Comp:1-1-0 Comp:1-0-0 0.888MBps 39.3ms</bind>
  <bind>Comp:1-0-0 Comp:1-1-0 0.888MBps 39.3ms</bind>
  <bind>Comp:1-1-1 Comp:1-0-1 0.888MBps 39.3ms</bind>
  <bind>Comp:1-0-1 Comp:1-1-1 0.888MBps 39.3ms</bind>
  <bind>Comp:1-1-0 Comp:1-0-2 0.888MBps 39.3ms</bind>
  <bind>Comp:1-0-2 Comp:1-1-0 0.888MBps 39.3ms</bind>
  <bind>Comp:1-1-1 Comp:1-0-3 0.888MBps 39.3ms</bind>
  <bind>Comp:1-0-3 Comp:1-1-1 0.888MBps 39.3ms</bind>
  <bind>Comp:1-1-0 Appliance-12 0.323MBps 48.9ms</bind>
  <bind>Appliance-12 Comp:1-1-0 0.323MBps 48.9ms</bind>
  <bind>Comp:1-1-1 Appliance-10 0.323MBps 48.9ms</bind>
  <bind>Appliance-10 Comp:1-1-1 0.323MBps 48.9ms</bind>
</app>
<app>
  <id>App10</id>
<comp>
  <id>Comp:10-0-0</id>
  <CPU>0.118Gf</CPU>
  <RAM>0.825GB</RAM>
  <DISK>0.858GB</DISK>
</comp>
<comp>
  <id>Comp:10-0-1</id>
  <CPU>0.118Gf</CPU>
  <RAM>0.825GB</RAM>
  <DISK>0.858GB</DISK>
</comp>
<comp>
  <id>Comp:10-1-0</id>
  <CPU>0.352Gf</CPU>
  <RAM>0.379GB</RAM>
  <DISK>1.43GB</DISK>
</comp>
<comp>
  <id>Comp:10-1-1</id>
  <CPU>0.352Gf</CPU>
  <RAM>0.379GB</RAM>
  <DISK>1.43GB</DISK>
</comp>
<comp>
  <id>Comp:10-1-2</id>
  <CPU>0.352Gf</CPU>
  <RAM>0.379GB</RAM>
  <DISK>1.43GB</DISK>
</comp>
<comp>
  <id>Comp:10-1-3</id>
  <CPU>0.352Gf</CPU>
  <RAM>0.379GB</RAM>
  <DISK>1.43GB</DISK>
</comp>
<comp>
  <id>Comp:10-1-4</id>
  <CPU>0.352Gf</CPU>
  <RAM>0.379GB</RAM>
  <DISK>1.43GB</DISK>
</comp>
<comp>
  <id>Comp:10-1-5</id>
  <CPU>0.352Gf</CPU>
  <RAM>0.379GB</RAM>
  <DISK>1.43GB</DISK>
</comp>
<comp>
  <id>Comp:10-1-6</id>
  <CPU>0.352Gf</CPU>
  <RAM>0.379GB</RAM>
  <DISK>1.43GB</DISK>
</comp>
<comp>
  <id>Comp:10-1-7</id>
  <CPU>0.352Gf</CPU>
  <RAM>0.379GB</RAM>
  <DISK>1.43GB</DISK>
</comp>
<comp>
  <id>Comp:10-2-0</id>
  <CPU>0.126Gf</CPU>
  <RAM>0.485GB</RAM>
  <DISK>1.86GB</DISK>
</comp>
<comp>
  <id>Comp:10-3-0</id>
  <CPU>0.505Gf</CPU>
  <RAM>0.385GB</RAM>
  <DISK>0.00754GB</DISK>
</comp>
<comp>
  <id>Comp:10-3-1</id>
  <CPU>0.505Gf</CPU>
  <RAM>0.385GB</RAM>
  <DISK>0.00754GB</DISK>
</comp>
<comp>
  <id>Comp:10-3-2</id>
  <CPU>0.505Gf</CPU>
  <RAM>0.385GB</RAM>
  <DISK>0.00754GB</DISK>
</comp>
<comp>
  <id>Comp:10-3-3</id>
  <CPU>0.505Gf</CPU>
  <RAM>0.385GB</RAM>
  <DISK>0.00754GB</DISK>
</comp>
<comp>
  <id>Comp:10-3-4</id>
  <CPU>0.505Gf</CPU>
  <RAM>0.385GB</RAM>
  <DISK>0.00754GB</DISK>
</comp>
<comp>
  <id>Comp:10-4-0</id>
  <CPU>0.737Gf</CPU>
  <RAM>0.463GB</RAM>
  <DISK>0.555GB</DISK>
</comp>
<comp>
  <id>Comp:10-4-1</id>
  <CPU>0.737Gf</CPU>
  <RAM>0.463GB</RAM>
  <DISK>0.555GB</DISK>
</comp>
<comp>
  <id>Comp:10-4-2</id>
  <CPU>0.737Gf</CPU>
  <RAM>0.463GB</RAM>
  <DISK>0.555GB</DISK>
</comp>
<comp>
  <id>Comp:10-4-3</id>
  <CPU>0.737Gf</CPU>
  <RAM>0.463GB</RAM>
  <DISK>0.555GB</DISK>
</comp>
<comp>
  <id>Comp:10-4-4</id>
  <CPU>0.737Gf</CPU>
  <RAM>0.463GB</RAM>
  <DISK>0.555GB</DISK>
</comp>
  <bind>Comp:10-1-0 Comp:10-0-0 0.32MBps 37.4ms</bind>
  <bind>Comp:10-0-0 Comp:10-1-0 0.32MBps 37.4ms</bind>
  <bind>Comp:10-1-1 Comp:10-0-1 0.32MBps 37.4ms</bind>
  <bind>Comp:10-0-1 Comp:10-1-1 0.32MBps 37.4ms</bind>
  <bind>Comp:10-1-2 Comp:10-0-0 0.32MBps 37.4ms</bind>
  <bind>Comp:10-0-0 Comp:10-1-2 0.32MBps 37.4ms</bind>
  <bind>Comp:10-1-3 Comp:10-0-1 0.32MBps 37.4ms</bind>
  <bind>Comp:10-0-1 Comp:10-1-3 0.32MBps 37.4ms</bind>
  <bind>Comp:10-1-4 Comp:10-0-0 0.32MBps 37.4ms</bind>
  <bind>Comp:10-0-0 Comp:10-1-4 0.32MBps 37.4ms</bind>
  <bind>Comp:10-1-5 Comp:10-0-1 0.32MBps 37.4ms</bind>
  <bind>Comp:10-0-1 Comp:10-1-5 0.32MBps 37.4ms</bind>
  <bind>Comp:10-1-6 Comp:10-0-0 0.32MBps 37.4ms</bind>
  <bind>Comp:10-0-0 Comp:10-1-6 0.32MBps 37.4ms</bind>
  <bind>Comp:10-1-7 Comp:10-0-1 0.32MBps 37.4ms</bind>
  <bind>Comp:10-0-1 Comp:10-1-7 0.32MBps 37.4ms</bind>
  <bind>Comp:10-2-0 Comp:10-1-0 0.481MBps 32.0ms</bind>
  <bind>Comp:10-1-0 Comp:10-2-0 0.481MBps 32.0ms</bind>
  <bind>Comp:10-2-0 Comp:10-1-1 0.481MBps 32.0ms</bind>
  <bind>Comp:10-1-1 Comp:10-2-0 0.481MBps 32.0ms</bind>
  <bind>Comp:10-2-0 Comp:10-1-2 0.481MBps 32.0ms</bind>
  <bind>Comp:10-1-2 Comp:10-2-0 0.481MBps 32.0ms</bind>
  <bind>Comp:10-2-0 Comp:10-1-3 0.481MBps 32.0ms</bind>
  <bind>Comp:10-1-3 Comp:10-2-0 0.481MBps 32.0ms</bind>
  <bind>Comp:10-2-0 Comp:10-1-4 0.481MBps 32.0ms</bind>
  <bind>Comp:10-1-4 Comp:10-2-0 0.481MBps 32.0ms</bind>
  <bind>Comp:10-2-0 Comp:10-1-5 0.481MBps 32.0ms</bind>
  <bind>Comp:10-1-5 Comp:10-2-0 0.481MBps 32.0ms</bind>
  <bind>Comp:10-2-0 Comp:10-1-6 0.481MBps 32.0ms</bind>
  <bind>Comp:10-1-6 Comp:10-2-0 0.481MBps 32.0ms</bind>
  <bind>Comp:10-2-0 Comp:10-1-7 0.481MBps 32.0ms</bind>
  <bind>Comp:10-1-7 Comp:10-2-0 0.481MBps 32.0ms</bind>
  <bind>Comp:10-3-0 Comp:10-2-0 0.361MBps 26.3ms</bind>
  <bind>Comp:10-2-0 Comp:10-3-0 0.361MBps 26.3ms</bind>
  <bind>Comp:10-3-1 Comp:10-2-0 0.361MBps 26.3ms</bind>
  <bind>Comp:10-2-0 Comp:10-3-1 0.361MBps 26.3ms</bind>
  <bind>Comp:10-3-2 Comp:10-2-0 0.361MBps 26.3ms</bind>
  <bind>Comp:10-2-0 Comp:10-3-2 0.361MBps 26.3ms</bind>
  <bind>Comp:10-3-3 Comp:10-2-0 0.361MBps 26.3ms</bind>
  <bind>Comp:10-2-0 Comp:10-3-3 0.361MBps 26.3ms</bind>
  <bind>Comp:10-3-4 Comp:10-2-0 0.361MBps 26.3ms</bind>
  <bind>Comp:10-2-0 Comp:10-3-4 0.361MBps 26.3ms</bind>
  <bind>Comp:10-4-0 Comp:10-3-0 0.804MBps 41.7ms</bind>
  <bind>Comp:10-3-0 Comp:10-4-0 0.804MBps 41.7ms</bind>
  <bind>Comp:10-4-1 Comp:10-3-1 0.804MBps 41.7ms</bind>
  <bind>Comp:10-3-1 Comp:10-4-1 0.804MBps 41.7ms</bind>
  <bind>Comp:10-4-2 Comp:10-3-2 0.804MBps 41.7ms</bind>
  <bind>Comp:10-3-2 Comp:10-4-2 0.804MBps 41.7ms</bind>
  <bind>Comp:10-4-3 Comp:10-3-3 0.804MBps 41.7ms</bind>
  <bind>Comp:10-3-3 Comp:10-4-3 0.804MBps 41.7ms</bind>
  <bind>Comp:10-4-4 Comp:10-3-4 0.804MBps 41.7ms</bind>
  <bind>Comp:10-3-4 Comp:10-4-4 0.804MBps 41.7ms</bind>
  <bind>Comp:10-4-0 Appliance-5 0.277MBps 46.8ms</bind>
  <bind>Appliance-5 Comp:10-4-0 0.277MBps 46.8ms</bind>
  <bind>Comp:10-4-1 Appliance-5 0.277MBps 46.8ms</bind>
  <bind>Appliance-5 Comp:10-4-1 0.277MBps 46.8ms</bind>
  <bind>Comp:10-4-2 Appliance-5 0.277MBps 46.8ms</bind>
  <bind>Appliance-5 Comp:10-4-2 0.277MBps 46.8ms</bind>
  <bind>Comp:10-4-3 Appliance-5 0.277MBps 46.8ms</bind>
  <bind>Appliance-5 Comp:10-4-3 0.277MBps 46.8ms</bind>
  <bind>Comp:10-4-4 Appliance-5 0.277MBps 46.8ms</bind>
  <bind>Appliance-5 Comp:10-4-4 0.277MBps 46.8ms</bind>
</app>
<app>
  <id>App11</id>
<comp>
  <id>Comp:11-0-0</id>
  <CPU>0.699Gf</CPU>
  <RAM>0.632GB</RAM>
  <DISK>0.732GB</DISK>
</comp>
<comp>
  <id>Comp:11-0-1</id>
  <CPU>0.699Gf</CPU>
  <RAM>0.632GB</RAM>
  <DISK>0.732GB</DISK>
</comp>
<comp>
  <id>Comp:11-0-2</id>
  <CPU>0.699Gf</CPU>
  <RAM>0.632GB</RAM>
  <DISK>0.732GB</DISK>
</comp>
<comp>
  <id>Comp:11-0-3</id>
  <CPU>0.699Gf</CPU>
  <RAM>0.632GB</RAM>
  <DISK>0.732GB</DISK>
</comp>
<comp>
  <id>Comp:11-1-0</id>
  <CPU>0.208Gf</CPU>
  <RAM>0.627GB</RAM>
  <DISK>0.402GB</DISK>
</comp>
<comp>
  <id>Comp:11-1-1</id>
  <CPU>0.208Gf</CPU>
  <RAM>0.627GB</RAM>
  <DISK>0.402GB</DISK>
</comp>
<comp>
  <id>Comp:11-1-2</id>
  <CPU>0.208Gf</CPU>
  <RAM>0.627GB</RAM>
  <DISK>0.402GB</DISK>
</comp>
<comp>
  <id>Comp:11-2-0</id>
  <CPU>0.216Gf</CPU>
  <RAM>0.581GB</RAM>
  <DISK>0.611GB</DISK>
</comp>
<comp>
  <id>Comp:11-2-1</id>
  <CPU>0.216Gf</CPU>
  <RAM>0.581GB</RAM>
  <DISK>0.611GB</DISK>
</comp>
<comp>
  <id>Comp:11-3-0</id>
  <CPU>0.492Gf</CPU>
  <RAM>0.648GB</RAM>
  <DISK>1.12GB</DISK>
</comp>
<comp>
  <id>Comp:11-3-1</id>
  <CPU>0.492Gf</CPU>
  <RAM>0.648GB</RAM>
  <DISK>1.12GB</DISK>
</comp>
  <bind>Comp:11-1-0 Comp:11-0-0 0.633MBps 38.6ms</bind>
  <bind>Comp:11-0-0 Comp:11-1-0 0.633MBps 38.6ms</bind>
  <bind>Comp:11-1-1 Comp:11-0-1 0.633MBps 38.6ms</bind>
  <bind>Comp:11-0-1 Comp:11-1-1 0.633MBps 38.6ms</bind>
  <bind>Comp:11-1-2 Comp:11-0-2 0.633MBps 38.6ms</bind>
  <bind>Comp:11-0-2 Comp:11-1-2 0.633MBps 38.6ms</bind>
  <bind>Comp:11-1-0 Comp:11-0-3 0.633MBps 38.6ms</bind>
  <bind>Comp:11-0-3 Comp:11-1-0 0.633MBps 38.6ms</bind>
  <bind>Comp:11-2-0 Comp:11-1-0 0.362MBps 25.7ms</bind>
  <bind>Comp:11-1-0 Comp:11-2-0 0.362MBps 25.7ms</bind>
  <bind>Comp:11-2-1 Comp:11-1-1 0.362MBps 25.7ms</bind>
  <bind>Comp:11-1-1 Comp:11-2-1 0.362MBps 25.7ms</bind>
  <bind>Comp:11-2-0 Comp:11-1-2 0.362MBps 25.7ms</bind>
  <bind>Comp:11-1-2 Comp:11-2-0 0.362MBps 25.7ms</bind>
  <bind>Comp:11-3-0 Comp:11-2-0 0.764MBps 45.0ms</bind>
  <bind>Comp:11-2-0 Comp:11-3-0 0.764MBps 45.0ms</bind>
  <bind>Comp:11-3-1 Comp:11-2-1 0.764MBps 45.0ms</bind>
  <bind>Comp:11-2-1 Comp:11-3-1 0.764MBps 45.0ms</bind>
  <bind>Comp:11-3-0 Appliance-4 0.196MBps 29.7ms</bind>
  <bind>Appliance-4 Comp:11-3-0 0.196MBps 29.7ms</bind>
  <bind>Comp:11-3-1 Appliance-37 0.196MBps 29.7ms</bind>
  <bind>Appliance-37 Comp:11-3-1 0.196MBps 29.7ms</bind>
  <bind>Comp:11-3-0 Appliance-4 0.196MBps 29.7ms</bind>
  <bind>Appliance-4 Comp:11-3-0 0.196MBps 29.7ms</bind>
  <bind>Comp:11-3-1 Appliance-4 0.196MBps 29.7ms</bind>
  <bind>Appliance-4 Comp:11-3-1 0.196MBps 29.7ms</bind>
  <bind>Comp:11-3-0 Appliance-33 0.196MBps 29.7ms</bind>
  <bind>Appliance-33 Comp:11-3-0 0.196MBps 29.7ms</bind>
  <bind>Comp:11-3-1 Appliance-15 0.196MBps 29.7ms</bind>
  <bind>Appliance-15 Comp:11-3-1 0.196MBps 29.7ms</bind>
  <bind>Comp:11-3-0 Appliance-15 0.196MBps 29.7ms</bind>
  <bind>Appliance-15 Comp:11-3-0 0.196MBps 29.7ms</bind>
</app>
<app>
  <id>App12</id>
<comp>
  <id>Comp:12-1-0</id>
  <CPU>0.429Gf</CPU>
  <RAM>0.224GB</RAM>
  <DISK>1.75GB</DISK>
</comp>
<comp>
  <id>Comp:12-2-0</id>
  <CPU>0.106Gf</CPU>
  <RAM>0.96GB</RAM>
  <DISK>1.09GB</DISK>
</comp>
<comp>
  <id>Comp:12-3-0</id>
  <CPU>0.304Gf</CPU>
  <RAM>0.795GB</RAM>
  <DISK>1.27GB</DISK>
</comp>
<comp>
  <id>Comp:12-3-1</id>
  <CPU>0.304Gf</CPU>
  <RAM>0.795GB</RAM>
  <DISK>1.27GB</DISK>
</comp>
<comp>
  <id>Comp:12-4-0</id>
  <CPU>0.747Gf</CPU>
  <RAM>0.505GB</RAM>
  <DISK>1.94GB</DISK>
</comp>
<comp>
  <id>Comp:12-4-1</id>
  <CPU>0.747Gf</CPU>
  <RAM>0.505GB</RAM>
  <DISK>1.94GB</DISK>
</comp>
<comp>
  <id>Comp:12-4-2</id>
  <CPU>0.747Gf</CPU>
  <RAM>0.505GB</RAM>
  <DISK>1.94GB</DISK>
</comp>
<comp>
  <id>Comp:12-4-3</id>
  <CPU>0.747Gf</CPU>
  <RAM>0.505GB</RAM>
  <DISK>1.94GB</DISK>
</comp>
<comp>
  <id>Comp:12-4-4</id>
  <CPU>0.747Gf</CPU>
  <RAM>0.505GB</RAM>
  <DISK>1.94GB</DISK>
</comp>
<comp>
  <id>Comp:12-4-5</id>
  <CPU>0.747Gf</CPU>
  <RAM>0.505GB</RAM>
  <DISK>1.94GB</DISK>
</comp>
<comp>
  <id>Comp:12-5-0</id>
  <CPU>0.925Gf</CPU>
  <RAM>0.345GB</RAM>
  <DISK>1.66GB</DISK>
</comp>
<comp>
  <id>Comp:12-5-1</id>
  <CPU>0.925Gf</CPU>
  <RAM>0.345GB</RAM>
  <DISK>1.66GB</DISK>
</comp>
<comp>
  <id>Comp:12-5-2</id>
  <CPU>0.925Gf</CPU>
  <RAM>0.345GB</RAM>
  <DISK>1.66GB</DISK>
</comp>
<comp>
  <id>Comp:12-5-3</id>
  <CPU>0.925Gf</CPU>
  <RAM>0.345GB</RAM>
  <DISK>1.66GB</DISK>
</comp>
<comp>
  <id>Comp:12-5-4</id>
  <CPU>0.925Gf</CPU>
  <RAM>0.345GB</RAM>
  <DISK>1.66GB</DISK>
</comp>
<comp>
  <id>Comp:12-5-5</id>
  <CPU>0.925Gf</CPU>
  <RAM>0.345GB</RAM>
  <DISK>1.66GB</DISK>
</comp>
  <bind>Comp:12-1-0 Appliance-24 0.895MBps 39.4ms</bind>
  <bind>Appliance-24 Comp:12-1-0 0.895MBps 39.4ms</bind>
  <bind>Comp:12-1-0 Appliance-39 0.895MBps 39.4ms</bind>
  <bind>Appliance-39 Comp:12-1-0 0.895MBps 39.4ms</bind>
  <bind>Comp:12-1-0 Appliance-22 0.895MBps 39.4ms</bind>
  <bind>Appliance-22 Comp:12-1-0 0.895MBps 39.4ms</bind>
  <bind>Comp:12-1-0 Appliance-10 0.895MBps 39.4ms</bind>
  <bind>Appliance-10 Comp:12-1-0 0.895MBps 39.4ms</bind>
  <bind>Comp:12-1-0 Appliance-7 0.895MBps 39.4ms</bind>
  <bind>Appliance-7 Comp:12-1-0 0.895MBps 39.4ms</bind>
  <bind>Comp:12-1-0 Appliance-4 0.895MBps 39.4ms</bind>
  <bind>Appliance-4 Comp:12-1-0 0.895MBps 39.4ms</bind>
  <bind>Comp:12-1-0 Appliance-2 0.895MBps 39.4ms</bind>
  <bind>Appliance-2 Comp:12-1-0 0.895MBps 39.4ms</bind>
  <bind>Comp:12-2-0 Comp:12-1-0 0.165MBps 35.0ms</bind>
  <bind>Comp:12-1-0 Comp:12-2-0 0.165MBps 35.0ms</bind>
  <bind>Comp:12-3-0 Comp:12-2-0 0.681MBps 35.7ms</bind>
  <bind>Comp:12-2-0 Comp:12-3-0 0.681MBps 35.7ms</bind>
  <bind>Comp:12-3-1 Comp:12-2-0 0.681MBps 35.7ms</bind>
  <bind>Comp:12-2-0 Comp:12-3-1 0.681MBps 35.7ms</bind>
  <bind>Comp:12-4-0 Comp:12-3-0 0.015MBps 38.2ms</bind>
  <bind>Comp:12-3-0 Comp:12-4-0 0.015MBps 38.2ms</bind>
  <bind>Comp:12-4-1 Comp:12-3-1 0.015MBps 38.2ms</bind>
  <bind>Comp:12-3-1 Comp:12-4-1 0.015MBps 38.2ms</bind>
  <bind>Comp:12-4-2 Comp:12-3-0 0.015MBps 38.2ms</bind>
  <bind>Comp:12-3-0 Comp:12-4-2 0.015MBps 38.2ms</bind>
  <bind>Comp:12-4-3 Comp:12-3-1 0.015MBps 38.2ms</bind>
  <bind>Comp:12-3-1 Comp:12-4-3 0.015MBps 38.2ms</bind>
  <bind>Comp:12-4-4 Comp:12-3-0 0.015MBps 38.2ms</bind>
  <bind>Comp:12-3-0 Comp:12-4-4 0.015MBps 38.2ms</bind>
  <bind>Comp:12-4-5 Comp:12-3-1 0.015MBps 38.2ms</bind>
  <bind>Comp:12-3-1 Comp:12-4-5 0.015MBps 38.2ms</bind>
  <bind>Comp:12-5-0 Comp:12-4-0 0.159MBps 36.9ms</bind>
  <bind>Comp:12-4-0 Comp:12-5-0 0.159MBps 36.9ms</bind>
  <bind>Comp:12-5-1 Comp:12-4-1 0.159MBps 36.9ms</bind>
  <bind>Comp:12-4-1 Comp:12-5-1 0.159MBps 36.9ms</bind>
  <bind>Comp:12-5-2 Comp:12-4-2 0.159MBps 36.9ms</bind>
  <bind>Comp:12-4-2 Comp:12-5-2 0.159MBps 36.9ms</bind>
  <bind>Comp:12-5-3 Comp:12-4-3 0.159MBps 36.9ms</bind>
  <bind>Comp:12-4-3 Comp:12-5-3 0.159MBps 36.9ms</bind>
  <bind>Comp:12-5-4 Comp:12-4-4 0.159MBps 36.9ms</bind>
  <bind>Comp:12-4-4 Comp:12-5-4 0.159MBps 36.9ms</bind>
  <bind>Comp:12-5-5 Comp:12-4-5 0.159MBps 36.9ms</bind>
  <bind>Comp:12-4-5 Comp:12-5-5 0.159MBps 36.9ms</bind>
  <bind>Comp:12-5-0 Appliance-4 0.907MBps 33.5ms</bind>
  <bind>Appliance-4 Comp:12-5-0 0.907MBps 33.5ms</bind>
  <bind>Comp:12-5-1 Appliance-15 0.907MBps 33.5ms</bind>
  <bind>Appliance-15 Comp:12-5-1 0.907MBps 33.5ms</bind>
  <bind>Comp:12-5-2 Appliance-39 0.907MBps 33.5ms</bind>
  <bind>Appliance-39 Comp:12-5-2 0.907MBps 33.5ms</bind>
  <bind>Comp:12-5-3 Appliance-2 0.907MBps 33.5ms</bind>
  <bind>Appliance-2 Comp:12-5-3 0.907MBps 33.5ms</bind>
  <bind>Comp:12-5-4 Appliance-33 0.907MBps 33.5ms</bind>
  <bind>Appliance-33 Comp:12-5-4 0.907MBps 33.5ms</bind>
  <bind>Comp:12-5-5 Appliance-22 0.907MBps 33.5ms</bind>
  <bind>Appliance-22 Comp:12-5-5 0.907MBps 33.5ms</bind>
  <bind>Comp:12-5-0 Appliance-5 0.907MBps 33.5ms</bind>
  <bind>Appliance-5 Comp:12-5-0 0.907MBps 33.5ms</bind>
</app>
<app>
  <id>App13</id>
<comp>
  <id>Comp:13-0-0</id>
  <CPU>0.399Gf</CPU>
  <RAM>0.781GB</RAM>
  <DISK>0.819GB</DISK>
</comp>
<comp>
  <id>Comp:13-0-1</id>
  <CPU>0.399Gf</CPU>
  <RAM>0.781GB</RAM>
  <DISK>0.819GB</DISK>
</comp>
<comp>
  <id>Comp:13-0-2</id>
  <CPU>0.399Gf</CPU>
  <RAM>0.781GB</RAM>
  <DISK>0.819GB</DISK>
</comp>
<comp>
  <id>Comp:13-0-3</id>
  <CPU>0.399Gf</CPU>
  <RAM>0.781GB</RAM>
  <DISK>0.819GB</DISK>
</comp>
<comp>
  <id>Comp:13-0-4</id>
  <CPU>0.399Gf</CPU>
  <RAM>0.781GB</RAM>
  <DISK>0.819GB</DISK>
</comp>
<comp>
  <id>Comp:13-0-5</id>
  <CPU>0.399Gf</CPU>
  <RAM>0.781GB</RAM>
  <DISK>0.819GB</DISK>
</comp>
<comp>
  <id>Comp:13-0-6</id>
  <CPU>0.399Gf</CPU>
  <RAM>0.781GB</RAM>
  <DISK>0.819GB</DISK>
</comp>
<comp>
  <id>Comp:13-0-7</id>
  <CPU>0.399Gf</CPU>
  <RAM>0.781GB</RAM>
  <DISK>0.819GB</DISK>
</comp>
<comp>
  <id>Comp:13-0-8</id>
  <CPU>0.399Gf</CPU>
  <RAM>0.781GB</RAM>
  <DISK>0.819GB</DISK>
</comp>
<comp>
  <id>Comp:13-0-9</id>
  <CPU>0.399Gf</CPU>
  <RAM>0.781GB</RAM>
  <DISK>0.819GB</DISK>
</comp>
<comp>
  <id>Comp:13-1-0</id>
  <CPU>0.248Gf</CPU>
  <RAM>0.677GB</RAM>
  <DISK>0.166GB</DISK>
</comp>
<comp>
  <id>Comp:13-1-1</id>
  <CPU>0.248Gf</CPU>
  <RAM>0.677GB</RAM>
  <DISK>0.166GB</DISK>
</comp>
  <bind>Comp:13-1-0 Comp:13-0-0 0.879MBps 28.7ms</bind>
  <bind>Comp:13-0-0 Comp:13-1-0 0.879MBps 28.7ms</bind>
  <bind>Comp:13-1-1 Comp:13-0-1 0.879MBps 28.7ms</bind>
  <bind>Comp:13-0-1 Comp:13-1-1 0.879MBps 28.7ms</bind>
  <bind>Comp:13-1-0 Comp:13-0-2 0.879MBps 28.7ms</bind>
  <bind>Comp:13-0-2 Comp:13-1-0 0.879MBps 28.7ms</bind>
  <bind>Comp:13-1-1 Comp:13-0-3 0.879MBps 28.7ms</bind>
  <bind>Comp:13-0-3 Comp:13-1-1 0.879MBps 28.7ms</bind>
  <bind>Comp:13-1-0 Comp:13-0-4 0.879MBps 28.7ms</bind>
  <bind>Comp:13-0-4 Comp:13-1-0 0.879MBps 28.7ms</bind>
  <bind>Comp:13-1-1 Comp:13-0-5 0.879MBps 28.7ms</bind>
  <bind>Comp:13-0-5 Comp:13-1-1 0.879MBps 28.7ms</bind>
  <bind>Comp:13-1-0 Comp:13-0-6 0.879MBps 28.7ms</bind>
  <bind>Comp:13-0-6 Comp:13-1-0 0.879MBps 28.7ms</bind>
  <bind>Comp:13-1-1 Comp:13-0-7 0.879MBps 28.7ms</bind>
  <bind>Comp:13-0-7 Comp:13-1-1 0.879MBps 28.7ms</bind>
  <bind>Comp:13-1-0 Comp:13-0-8 0.879MBps 28.7ms</bind>
  <bind>Comp:13-0-8 Comp:13-1-0 0.879MBps 28.7ms</bind>
  <bind>Comp:13-1-1 Comp:13-0-9 0.879MBps 28.7ms</bind>
  <bind>Comp:13-0-9 Comp:13-1-1 0.879MBps 28.7ms</bind>
  <bind>Comp:13-1-0 Appliance-32 0.117MBps 27.8ms</bind>
  <bind>Appliance-32 Comp:13-1-0 0.117MBps 27.8ms</bind>
  <bind>Comp:13-1-1 Appliance-19 0.117MBps 27.8ms</bind>
  <bind>Appliance-19 Comp:13-1-1 0.117MBps 27.8ms</bind>
  <bind>Comp:13-1-0 Appliance-32 0.117MBps 27.8ms</bind>
  <bind>Appliance-32 Comp:13-1-0 0.117MBps 27.8ms</bind>
</app>
<app>
  <id>App14</id>
<comp>
  <id>Comp:14-0-0</id>
  <CPU>0.362Gf</CPU>
  <RAM>0.885GB</RAM>
  <DISK>1.02GB</DISK>
</comp>
<comp>
  <id>Comp:14-0-1</id>
  <CPU>0.362Gf</CPU>
  <RAM>0.885GB</RAM>
  <DISK>1.02GB</DISK>
</comp>
<comp>
  <id>Comp:14-0-2</id>
  <CPU>0.362Gf</CPU>
  <RAM>0.885GB</RAM>
  <DISK>1.02GB</DISK>
</comp>
<comp>
  <id>Comp:14-0-3</id>
  <CPU>0.362Gf</CPU>
  <RAM>0.885GB</RAM>
  <DISK>1.02GB</DISK>
</comp>
<comp>
  <id>Comp:14-0-4</id>
  <CPU>0.362Gf</CPU>
  <RAM>0.885GB</RAM>
  <DISK>1.02GB</DISK>
</comp>
<comp>
  <id>Comp:14-0-5</id>
  <CPU>0.362Gf</CPU>
  <RAM>0.885GB</RAM>
  <DISK>1.02GB</DISK>
</comp>
<comp>
  <id>Comp:14-0-6</id>
  <CPU>0.362Gf</CPU>
  <RAM>0.885GB</RAM>
  <DISK>1.02GB</DISK>
</comp>
<comp>
  <id>Comp:14-1-0</id>
  <CPU>0.301Gf</CPU>
  <RAM>0.696GB</RAM>
  <DISK>1.89GB</DISK>
</comp>
<comp>
  <id>Comp:14-1-1</id>
  <CPU>0.301Gf</CPU>
  <RAM>0.696GB</RAM>
  <DISK>1.89GB</DISK>
</comp>
<comp>
  <id>Comp:14-1-2</id>
  <CPU>0.301Gf</CPU>
  <RAM>0.696GB</RAM>
  <DISK>1.89GB</DISK>
</comp>
<comp>
  <id>Comp:14-1-3</id>
  <CPU>0.301Gf</CPU>
  <RAM>0.696GB</RAM>
  <DISK>1.89GB</DISK>
</comp>
<comp>
  <id>Comp:14-1-4</id>
  <CPU>0.301Gf</CPU>
  <RAM>0.696GB</RAM>
  <DISK>1.89GB</DISK>
</comp>
<comp>
  <id>Comp:14-1-5</id>
  <CPU>0.301Gf</CPU>
  <RAM>0.696GB</RAM>
  <DISK>1.89GB</DISK>
</comp>
<comp>
  <id>Comp:14-2-0</id>
  <CPU>0.74Gf</CPU>
  <RAM>0.761GB</RAM>
  <DISK>0.673GB</DISK>
</comp>
  <bind>Comp:14-1-0 Comp:14-0-0 0.118MBps 47.3ms</bind>
  <bind>Comp:14-0-0 Comp:14-1-0 0.118MBps 47.3ms</bind>
  <bind>Comp:14-1-1 Comp:14-0-1 0.118MBps 47.3ms</bind>
  <bind>Comp:14-0-1 Comp:14-1-1 0.118MBps 47.3ms</bind>
  <bind>Comp:14-1-2 Comp:14-0-2 0.118MBps 47.3ms</bind>
  <bind>Comp:14-0-2 Comp:14-1-2 0.118MBps 47.3ms</bind>
  <bind>Comp:14-1-3 Comp:14-0-3 0.118MBps 47.3ms</bind>
  <bind>Comp:14-0-3 Comp:14-1-3 0.118MBps 47.3ms</bind>
  <bind>Comp:14-1-4 Comp:14-0-4 0.118MBps 47.3ms</bind>
  <bind>Comp:14-0-4 Comp:14-1-4 0.118MBps 47.3ms</bind>
  <bind>Comp:14-1-5 Comp:14-0-5 0.118MBps 47.3ms</bind>
  <bind>Comp:14-0-5 Comp:14-1-5 0.118MBps 47.3ms</bind>
  <bind>Comp:14-1-0 Comp:14-0-6 0.118MBps 47.3ms</bind>
  <bind>Comp:14-0-6 Comp:14-1-0 0.118MBps 47.3ms</bind>
  <bind>Comp:14-2-0 Comp:14-1-0 0.311MBps 41.6ms</bind>
  <bind>Comp:14-1-0 Comp:14-2-0 0.311MBps 41.6ms</bind>
  <bind>Comp:14-2-0 Comp:14-1-1 0.311MBps 41.6ms</bind>
  <bind>Comp:14-1-1 Comp:14-2-0 0.311MBps 41.6ms</bind>
  <bind>Comp:14-2-0 Comp:14-1-2 0.311MBps 41.6ms</bind>
  <bind>Comp:14-1-2 Comp:14-2-0 0.311MBps 41.6ms</bind>
  <bind>Comp:14-2-0 Comp:14-1-3 0.311MBps 41.6ms</bind>
  <bind>Comp:14-1-3 Comp:14-2-0 0.311MBps 41.6ms</bind>
  <bind>Comp:14-2-0 Comp:14-1-4 0.311MBps 41.6ms</bind>
  <bind>Comp:14-1-4 Comp:14-2-0 0.311MBps 41.6ms</bind>
  <bind>Comp:14-2-0 Comp:14-1-5 0.311MBps 41.6ms</bind>
  <bind>Comp:14-1-5 Comp:14-2-0 0.311MBps 41.6ms</bind>
  <bind>Comp:14-2-0 Appliance-31 0.666MBps 41.0ms</bind>
  <bind>Appliance-31 Comp:14-2-0 0.666MBps 41.0ms</bind>
  <bind>Comp:14-2-0 Appliance-25 0.666MBps 41.0ms</bind>
  <bind>Appliance-25 Comp:14-2-0 0.666MBps 41.0ms</bind>
  <bind>Comp:14-2-0 Appliance-25 0.666MBps 41.0ms</bind>
  <bind>Appliance-25 Comp:14-2-0 0.666MBps 41.0ms</bind>
  <bind>Comp:14-2-0 Appliance-1 0.666MBps 41.0ms</bind>
  <bind>Appliance-1 Comp:14-2-0 0.666MBps 41.0ms</bind>
  <bind>Comp:14-2-0 Appliance-18 0.666MBps 41.0ms</bind>
  <bind>Appliance-18 Comp:14-2-0 0.666MBps 41.0ms</bind>
  <bind>Comp:14-2-0 Appliance-35 0.666MBps 41.0ms</bind>
  <bind>Appliance-35 Comp:14-2-0 0.666MBps 41.0ms</bind>
</app>
<app>
  <id>App15</id>
<comp>
  <id>Comp:15-0-0</id>
  <CPU>0.6Gf</CPU>
  <RAM>0.202GB</RAM>
  <DISK>0.387GB</DISK>
</comp>
<comp>
  <id>Comp:15-0-1</id>
  <CPU>0.6Gf</CPU>
  <RAM>0.202GB</RAM>
  <DISK>0.387GB</DISK>
</comp>
<comp>
  <id>Comp:15-0-2</id>
  <CPU>0.6Gf</CPU>
  <RAM>0.202GB</RAM>
  <DISK>0.387GB</DISK>
</comp>
<comp>
  <id>Comp:15-0-3</id>
  <CPU>0.6Gf</CPU>
  <RAM>0.202GB</RAM>
  <DISK>0.387GB</DISK>
</comp>
<comp>
  <id>Comp:15-0-4</id>
  <CPU>0.6Gf</CPU>
  <RAM>0.202GB</RAM>
  <DISK>0.387GB</DISK>
</comp>
<comp>
  <id>Comp:15-0-5</id>
  <CPU>0.6Gf</CPU>
  <RAM>0.202GB</RAM>
  <DISK>0.387GB</DISK>
</comp>
<comp>
  <id>Comp:15-0-6</id>
  <CPU>0.6Gf</CPU>
  <RAM>0.202GB</RAM>
  <DISK>0.387GB</DISK>
</comp>
<comp>
  <id>Comp:15-0-7</id>
  <CPU>0.6Gf</CPU>
  <RAM>0.202GB</RAM>
  <DISK>0.387GB</DISK>
</comp>
<comp>
  <id>Comp:15-0-8</id>
  <CPU>0.6Gf</CPU>
  <RAM>0.202GB</RAM>
  <DISK>0.387GB</DISK>
</comp>
<comp>
  <id>Comp:15-1-0</id>
  <CPU>0.751Gf</CPU>
  <RAM>0.376GB</RAM>
  <DISK>0.0236GB</DISK>
</comp>
<comp>
  <id>Comp:15-1-1</id>
  <CPU>0.751Gf</CPU>
  <RAM>0.376GB</RAM>
  <DISK>0.0236GB</DISK>
</comp>
<comp>
  <id>Comp:15-1-2</id>
  <CPU>0.751Gf</CPU>
  <RAM>0.376GB</RAM>
  <DISK>0.0236GB</DISK>
</comp>
<comp>
  <id>Comp:15-1-3</id>
  <CPU>0.751Gf</CPU>
  <RAM>0.376GB</RAM>
  <DISK>0.0236GB</DISK>
</comp>
<comp>
  <id>Comp:15-1-4</id>
  <CPU>0.751Gf</CPU>
  <RAM>0.376GB</RAM>
  <DISK>0.0236GB</DISK>
</comp>
<comp>
  <id>Comp:15-1-5</id>
  <CPU>0.751Gf</CPU>
  <RAM>0.376GB</RAM>
  <DISK>0.0236GB</DISK>
</comp>
<comp>
  <id>Comp:15-1-6</id>
  <CPU>0.751Gf</CPU>
  <RAM>0.376GB</RAM>
  <DISK>0.0236GB</DISK>
</comp>
<comp>
  <id>Comp:15-1-7</id>
  <CPU>0.751Gf</CPU>
  <RAM>0.376GB</RAM>
  <DISK>0.0236GB</DISK>
</comp>
<comp>
  <id>Comp:15-1-8</id>
  <CPU>0.751Gf</CPU>
  <RAM>0.376GB</RAM>
  <DISK>0.0236GB</DISK>
</comp>
<comp>
  <id>Comp:15-2-0</id>
  <CPU>0.553Gf</CPU>
  <RAM>0.412GB</RAM>
  <DISK>0.215GB</DISK>
</comp>
<comp>
  <id>Comp:15-2-1</id>
  <CPU>0.553Gf</CPU>
  <RAM>0.412GB</RAM>
  <DISK>0.215GB</DISK>
</comp>
<comp>
  <id>Comp:15-2-2</id>
  <CPU>0.553Gf</CPU>
  <RAM>0.412GB</RAM>
  <DISK>0.215GB</DISK>
</comp>
  <bind>Comp:15-1-0 Comp:15-0-0 0.449MBps 31.1ms</bind>
  <bind>Comp:15-0-0 Comp:15-1-0 0.449MBps 31.1ms</bind>
  <bind>Comp:15-1-1 Comp:15-0-1 0.449MBps 31.1ms</bind>
  <bind>Comp:15-0-1 Comp:15-1-1 0.449MBps 31.1ms</bind>
  <bind>Comp:15-1-2 Comp:15-0-2 0.449MBps 31.1ms</bind>
  <bind>Comp:15-0-2 Comp:15-1-2 0.449MBps 31.1ms</bind>
  <bind>Comp:15-1-3 Comp:15-0-3 0.449MBps 31.1ms</bind>
  <bind>Comp:15-0-3 Comp:15-1-3 0.449MBps 31.1ms</bind>
  <bind>Comp:15-1-4 Comp:15-0-4 0.449MBps 31.1ms</bind>
  <bind>Comp:15-0-4 Comp:15-1-4 0.449MBps 31.1ms</bind>
  <bind>Comp:15-1-5 Comp:15-0-5 0.449MBps 31.1ms</bind>
  <bind>Comp:15-0-5 Comp:15-1-5 0.449MBps 31.1ms</bind>
  <bind>Comp:15-1-6 Comp:15-0-6 0.449MBps 31.1ms</bind>
  <bind>Comp:15-0-6 Comp:15-1-6 0.449MBps 31.1ms</bind>
  <bind>Comp:15-1-7 Comp:15-0-7 0.449MBps 31.1ms</bind>
  <bind>Comp:15-0-7 Comp:15-1-7 0.449MBps 31.1ms</bind>
  <bind>Comp:15-1-8 Comp:15-0-8 0.449MBps 31.1ms</bind>
  <bind>Comp:15-0-8 Comp:15-1-8 0.449MBps 31.1ms</bind>
  <bind>Comp:15-2-0 Comp:15-1-0 0.828MBps 31.4ms</bind>
  <bind>Comp:15-1-0 Comp:15-2-0 0.828MBps 31.4ms</bind>
  <bind>Comp:15-2-1 Comp:15-1-1 0.828MBps 31.4ms</bind>
  <bind>Comp:15-1-1 Comp:15-2-1 0.828MBps 31.4ms</bind>
  <bind>Comp:15-2-2 Comp:15-1-2 0.828MBps 31.4ms</bind>
  <bind>Comp:15-1-2 Comp:15-2-2 0.828MBps 31.4ms</bind>
  <bind>Comp:15-2-0 Comp:15-1-3 0.828MBps 31.4ms</bind>
  <bind>Comp:15-1-3 Comp:15-2-0 0.828MBps 31.4ms</bind>
  <bind>Comp:15-2-1 Comp:15-1-4 0.828MBps 31.4ms</bind>
  <bind>Comp:15-1-4 Comp:15-2-1 0.828MBps 31.4ms</bind>
  <bind>Comp:15-2-2 Comp:15-1-5 0.828MBps 31.4ms</bind>
  <bind>Comp:15-1-5 Comp:15-2-2 0.828MBps 31.4ms</bind>
  <bind>Comp:15-2-0 Comp:15-1-6 0.828MBps 31.4ms</bind>
  <bind>Comp:15-1-6 Comp:15-2-0 0.828MBps 31.4ms</bind>
  <bind>Comp:15-2-1 Comp:15-1-7 0.828MBps 31.4ms</bind>
  <bind>Comp:15-1-7 Comp:15-2-1 0.828MBps 31.4ms</bind>
  <bind>Comp:15-2-2 Comp:15-1-8 0.828MBps 31.4ms</bind>
  <bind>Comp:15-1-8 Comp:15-2-2 0.828MBps 31.4ms</bind>
  <bind>Comp:15-2-0 Appliance-36 0.858MBps 30.4ms</bind>
  <bind>Appliance-36 Comp:15-2-0 0.858MBps 30.4ms</bind>
  <bind>Comp:15-2-1 Appliance-2 0.858MBps 30.4ms</bind>
  <bind>Appliance-2 Comp:15-2-1 0.858MBps 30.4ms</bind>
  <bind>Comp:15-2-2 Appliance-15 0.858MBps 30.4ms</bind>
  <bind>Appliance-15 Comp:15-2-2 0.858MBps 30.4ms</bind>
  <bind>Comp:15-2-0 Appliance-10 0.858MBps 30.4ms</bind>
  <bind>Appliance-10 Comp:15-2-0 0.858MBps 30.4ms</bind>
  <bind>Comp:15-2-1 Appliance-24 0.858MBps 30.4ms</bind>
  <bind>Appliance-24 Comp:15-2-1 0.858MBps 30.4ms</bind>
  <bind>Comp:15-2-2 Appliance-7 0.858MBps 30.4ms</bind>
  <bind>Appliance-7 Comp:15-2-2 0.858MBps 30.4ms</bind>
  <bind>Comp:15-2-0 Appliance-12 0.858MBps 30.4ms</bind>
  <bind>Appliance-12 Comp:15-2-0 0.858MBps 30.4ms</bind>
  <bind>Comp:15-2-1 Appliance-12 0.858MBps 30.4ms</bind>
  <bind>Appliance-12 Comp:15-2-1 0.858MBps 30.4ms</bind>
  <bind>Comp:15-2-2 Appliance-12 0.858MBps 30.4ms</bind>
  <bind>Appliance-12 Comp:15-2-2 0.858MBps 30.4ms</bind>
</app>
<app>
  <id>App16</id>
<comp>
  <id>Comp:16-0-0</id>
  <CPU>0.964Gf</CPU>
  <RAM>0.638GB</RAM>
  <DISK>0.44GB</DISK>
</comp>
<comp>
  <id>Comp:16-0-1</id>
  <CPU>0.964Gf</CPU>
  <RAM>0.638GB</RAM>
  <DISK>0.44GB</DISK>
</comp>
<comp>
  <id>Comp:16-0-2</id>
  <CPU>0.964Gf</CPU>
  <RAM>0.638GB</RAM>
  <DISK>0.44GB</DISK>
</comp>
<comp>
  <id>Comp:16-0-3</id>
  <CPU>0.964Gf</CPU>
  <RAM>0.638GB</RAM>
  <DISK>0.44GB</DISK>
</comp>
<comp>
  <id>Comp:16-0-4</id>
  <CPU>0.964Gf</CPU>
  <RAM>0.638GB</RAM>
  <DISK>0.44GB</DISK>
</comp>
<comp>
  <id>Comp:16-0-5</id>
  <CPU>0.964Gf</CPU>
  <RAM>0.638GB</RAM>
  <DISK>0.44GB</DISK>
</comp>
<comp>
  <id>Comp:16-1-0</id>
  <CPU>0.481Gf</CPU>
  <RAM>0.273GB</RAM>
  <DISK>1.16GB</DISK>
</comp>
<comp>
  <id>Comp:16-1-1</id>
  <CPU>0.481Gf</CPU>
  <RAM>0.273GB</RAM>
  <DISK>1.16GB</DISK>
</comp>
<comp>
  <id>Comp:16-1-2</id>
  <CPU>0.481Gf</CPU>
  <RAM>0.273GB</RAM>
  <DISK>1.16GB</DISK>
</comp>
<comp>
  <id>Comp:16-1-3</id>
  <CPU>0.481Gf</CPU>
  <RAM>0.273GB</RAM>
  <DISK>1.16GB</DISK>
</comp>
<comp>
  <id>Comp:16-2-0</id>
  <CPU>0.227Gf</CPU>
  <RAM>0.437GB</RAM>
  <DISK>0.174GB</DISK>
</comp>
<comp>
  <id>Comp:16-2-1</id>
  <CPU>0.227Gf</CPU>
  <RAM>0.437GB</RAM>
  <DISK>0.174GB</DISK>
</comp>
<comp>
  <id>Comp:16-2-2</id>
  <CPU>0.227Gf</CPU>
  <RAM>0.437GB</RAM>
  <DISK>0.174GB</DISK>
</comp>
<comp>
  <id>Comp:16-2-3</id>
  <CPU>0.227Gf</CPU>
  <RAM>0.437GB</RAM>
  <DISK>0.174GB</DISK>
</comp>
<comp>
  <id>Comp:16-3-0</id>
  <CPU>0.144Gf</CPU>
  <RAM>0.306GB</RAM>
  <DISK>1.15GB</DISK>
</comp>
  <bind>Comp:16-1-0 Comp:16-0-0 0.724MBps 41.9ms</bind>
  <bind>Comp:16-0-0 Comp:16-1-0 0.724MBps 41.9ms</bind>
  <bind>Comp:16-1-1 Comp:16-0-1 0.724MBps 41.9ms</bind>
  <bind>Comp:16-0-1 Comp:16-1-1 0.724MBps 41.9ms</bind>
  <bind>Comp:16-1-2 Comp:16-0-2 0.724MBps 41.9ms</bind>
  <bind>Comp:16-0-2 Comp:16-1-2 0.724MBps 41.9ms</bind>
  <bind>Comp:16-1-3 Comp:16-0-3 0.724MBps 41.9ms</bind>
  <bind>Comp:16-0-3 Comp:16-1-3 0.724MBps 41.9ms</bind>
  <bind>Comp:16-1-0 Comp:16-0-4 0.724MBps 41.9ms</bind>
  <bind>Comp:16-0-4 Comp:16-1-0 0.724MBps 41.9ms</bind>
  <bind>Comp:16-1-1 Comp:16-0-5 0.724MBps 41.9ms</bind>
  <bind>Comp:16-0-5 Comp:16-1-1 0.724MBps 41.9ms</bind>
  <bind>Comp:16-2-0 Comp:16-1-0 0.636MBps 29.5ms</bind>
  <bind>Comp:16-1-0 Comp:16-2-0 0.636MBps 29.5ms</bind>
  <bind>Comp:16-2-1 Comp:16-1-1 0.636MBps 29.5ms</bind>
  <bind>Comp:16-1-1 Comp:16-2-1 0.636MBps 29.5ms</bind>
  <bind>Comp:16-2-2 Comp:16-1-2 0.636MBps 29.5ms</bind>
  <bind>Comp:16-1-2 Comp:16-2-2 0.636MBps 29.5ms</bind>
  <bind>Comp:16-2-3 Comp:16-1-3 0.636MBps 29.5ms</bind>
  <bind>Comp:16-1-3 Comp:16-2-3 0.636MBps 29.5ms</bind>
  <bind>Comp:16-3-0 Comp:16-2-0 0.758MBps 48.0ms</bind>
  <bind>Comp:16-2-0 Comp:16-3-0 0.758MBps 48.0ms</bind>
  <bind>Comp:16-3-0 Comp:16-2-1 0.758MBps 48.0ms</bind>
  <bind>Comp:16-2-1 Comp:16-3-0 0.758MBps 48.0ms</bind>
  <bind>Comp:16-3-0 Comp:16-2-2 0.758MBps 48.0ms</bind>
  <bind>Comp:16-2-2 Comp:16-3-0 0.758MBps 48.0ms</bind>
  <bind>Comp:16-3-0 Comp:16-2-3 0.758MBps 48.0ms</bind>
  <bind>Comp:16-2-3 Comp:16-3-0 0.758MBps 48.0ms</bind>
  <bind>Comp:16-3-0 Appliance-24 0.522MBps 49.7ms</bind>
  <bind>Appliance-24 Comp:16-3-0 0.522MBps 49.7ms</bind>
</app>
<app>
  <id>App17</id>
<comp>
  <id>Comp:17-1-0</id>
  <CPU>0.923Gf</CPU>
  <RAM>0.201GB</RAM>
  <DISK>0.0749GB</DISK>
</comp>
<comp>
  <id>Comp:17-1-1</id>
  <CPU>0.923Gf</CPU>
  <RAM>0.201GB</RAM>
  <DISK>0.0749GB</DISK>
</comp>
<comp>
  <id>Comp:17-2-0</id>
  <CPU>0.223Gf</CPU>
  <RAM>0.915GB</RAM>
  <DISK>1.15GB</DISK>
</comp>
<comp>
  <id>Comp:17-2-1</id>
  <CPU>0.223Gf</CPU>
  <RAM>0.915GB</RAM>
  <DISK>1.15GB</DISK>
</comp>
<comp>
  <id>Comp:17-2-2</id>
  <CPU>0.223Gf</CPU>
  <RAM>0.915GB</RAM>
  <DISK>1.15GB</DISK>
</comp>
<comp>
  <id>Comp:17-2-3</id>
  <CPU>0.223Gf</CPU>
  <RAM>0.915GB</RAM>
  <DISK>1.15GB</DISK>
</comp>
<comp>
  <id>Comp:17-2-4</id>
  <CPU>0.223Gf</CPU>
  <RAM>0.915GB</RAM>
  <DISK>1.15GB</DISK>
</comp>
<comp>
  <id>Comp:17-2-5</id>
  <CPU>0.223Gf</CPU>
  <RAM>0.915GB</RAM>
  <DISK>1.15GB</DISK>
</comp>
<comp>
  <id>Comp:17-2-6</id>
  <CPU>0.223Gf</CPU>
  <RAM>0.915GB</RAM>
  <DISK>1.15GB</DISK>
</comp>
<comp>
  <id>Comp:17-2-7</id>
  <CPU>0.223Gf</CPU>
  <RAM>0.915GB</RAM>
  <DISK>1.15GB</DISK>
</comp>
<comp>
  <id>Comp:17-2-8</id>
  <CPU>0.223Gf</CPU>
  <RAM>0.915GB</RAM>
  <DISK>1.15GB</DISK>
</comp>
<comp>
  <id>Comp:17-2-9</id>
  <CPU>0.223Gf</CPU>
  <RAM>0.915GB</RAM>
  <DISK>1.15GB</DISK>
</comp>
<comp>
  <id>Comp:17-3-0</id>
  <CPU>0.735Gf</CPU>
  <RAM>0.549GB</RAM>
  <DISK>0.15GB</DISK>
</comp>
<comp>
  <id>Comp:17-3-1</id>
  <CPU>0.735Gf</CPU>
  <RAM>0.549GB</RAM>
  <DISK>0.15GB</DISK>
</comp>
<comp>
  <id>Comp:17-3-2</id>
  <CPU>0.735Gf</CPU>
  <RAM>0.549GB</RAM>
  <DISK>0.15GB</DISK>
</comp>
<comp>
  <id>Comp:17-3-3</id>
  <CPU>0.735Gf</CPU>
  <RAM>0.549GB</RAM>
  <DISK>0.15GB</DISK>
</comp>
<comp>
  <id>Comp:17-4-0</id>
  <CPU>0.696Gf</CPU>
  <RAM>0.691GB</RAM>
  <DISK>1.6GB</DISK>
</comp>
<comp>
  <id>Comp:17-4-1</id>
  <CPU>0.696Gf</CPU>
  <RAM>0.691GB</RAM>
  <DISK>1.6GB</DISK>
</comp>
<comp>
  <id>Comp:17-4-2</id>
  <CPU>0.696Gf</CPU>
  <RAM>0.691GB</RAM>
  <DISK>1.6GB</DISK>
</comp>
<comp>
  <id>Comp:17-4-3</id>
  <CPU>0.696Gf</CPU>
  <RAM>0.691GB</RAM>
  <DISK>1.6GB</DISK>
</comp>
<comp>
  <id>Comp:17-4-4</id>
  <CPU>0.696Gf</CPU>
  <RAM>0.691GB</RAM>
  <DISK>1.6GB</DISK>
</comp>
<comp>
  <id>Comp:17-4-5</id>
  <CPU>0.696Gf</CPU>
  <RAM>0.691GB</RAM>
  <DISK>1.6GB</DISK>
</comp>
<comp>
  <id>Comp:17-4-6</id>
  <CPU>0.696Gf</CPU>
  <RAM>0.691GB</RAM>
  <DISK>1.6GB</DISK>
</comp>
<comp>
  <id>Comp:17-4-7</id>
  <CPU>0.696Gf</CPU>
  <RAM>0.691GB</RAM>
  <DISK>1.6GB</DISK>
</comp>
<comp>
  <id>Comp:17-4-8</id>
  <CPU>0.696Gf</CPU>
  <RAM>0.691GB</RAM>
  <DISK>1.6GB</DISK>
</comp>
<comp>
  <id>Comp:17-4-9</id>
  <CPU>0.696Gf</CPU>
  <RAM>0.691GB</RAM>
  <DISK>1.6GB</DISK>
</comp>
<comp>
  <id>Comp:17-5-0</id>
  <CPU>0.999Gf</CPU>
  <RAM>0.554GB</RAM>
  <DISK>1.58GB</DISK>
</comp>
<comp>
  <id>Comp:17-5-1</id>
  <CPU>0.999Gf</CPU>
  <RAM>0.554GB</RAM>
  <DISK>1.58GB</DISK>
</comp>
<comp>
  <id>Comp:17-5-2</id>
  <CPU>0.999Gf</CPU>
  <RAM>0.554GB</RAM>
  <DISK>1.58GB</DISK>
</comp>
<comp>
  <id>Comp:17-5-3</id>
  <CPU>0.999Gf</CPU>
  <RAM>0.554GB</RAM>
  <DISK>1.58GB</DISK>
</comp>
<comp>
  <id>Comp:17-5-4</id>
  <CPU>0.999Gf</CPU>
  <RAM>0.554GB</RAM>
  <DISK>1.58GB</DISK>
</comp>
<comp>
  <id>Comp:17-6-0</id>
  <CPU>0.968Gf</CPU>
  <RAM>0.979GB</RAM>
  <DISK>0.175GB</DISK>
</comp>
<comp>
  <id>Comp:17-6-1</id>
  <CPU>0.968Gf</CPU>
  <RAM>0.979GB</RAM>
  <DISK>0.175GB</DISK>
</comp>
<comp>
  <id>Comp:17-6-2</id>
  <CPU>0.968Gf</CPU>
  <RAM>0.979GB</RAM>
  <DISK>0.175GB</DISK>
</comp>
<comp>
  <id>Comp:17-6-3</id>
  <CPU>0.968Gf</CPU>
  <RAM>0.979GB</RAM>
  <DISK>0.175GB</DISK>
</comp>
<comp>
  <id>Comp:17-6-4</id>
  <CPU>0.968Gf</CPU>
  <RAM>0.979GB</RAM>
  <DISK>0.175GB</DISK>
</comp>
<comp>
  <id>Comp:17-6-5</id>
  <CPU>0.968Gf</CPU>
  <RAM>0.979GB</RAM>
  <DISK>0.175GB</DISK>
</comp>
<comp>
  <id>Comp:17-6-6</id>
  <CPU>0.968Gf</CPU>
  <RAM>0.979GB</RAM>
  <DISK>0.175GB</DISK>
</comp>
<comp>
  <id>Comp:17-6-7</id>
  <CPU>0.968Gf</CPU>
  <RAM>0.979GB</RAM>
  <DISK>0.175GB</DISK>
</comp>
  <bind>Comp:17-1-0 Appliance-5 0.537MBps 37.5ms</bind>
  <bind>Appliance-5 Comp:17-1-0 0.537MBps 37.5ms</bind>
  <bind>Comp:17-1-1 Appliance-5 0.537MBps 37.5ms</bind>
  <bind>Appliance-5 Comp:17-1-1 0.537MBps 37.5ms</bind>
  <bind>Comp:17-1-0 Appliance-2 0.537MBps 37.5ms</bind>
  <bind>Appliance-2 Comp:17-1-0 0.537MBps 37.5ms</bind>
  <bind>Comp:17-1-1 Appliance-33 0.537MBps 37.5ms</bind>
  <bind>Appliance-33 Comp:17-1-1 0.537MBps 37.5ms</bind>
  <bind>Comp:17-1-0 Appliance-7 0.537MBps 37.5ms</bind>
  <bind>Appliance-7 Comp:17-1-0 0.537MBps 37.5ms</bind>
  <bind>Comp:17-1-1 Appliance-24 0.537MBps 37.5ms</bind>
  <bind>Appliance-24 Comp:17-1-1 0.537MBps 37.5ms</bind>
  <bind>Comp:17-1-0 Appliance-36 0.537MBps 37.5ms</bind>
  <bind>Appliance-36 Comp:17-1-0 0.537MBps 37.5ms</bind>
  <bind>Comp:17-1-1 Appliance-5 0.537MBps 37.5ms</bind>
  <bind>Appliance-5 Comp:17-1-1 0.537MBps 37.5ms</bind>
  <bind>Comp:17-1-0 Appliance-39 0.537MBps 37.5ms</bind>
  <bind>Appliance-39 Comp:17-1-0 0.537MBps 37.5ms</bind>
  <bind>Comp:17-2-0 Comp:17-1-0 0.971MBps 47.5ms</bind>
  <bind>Comp:17-1-0 Comp:17-2-0 0.971MBps 47.5ms</bind>
  <bind>Comp:17-2-1 Comp:17-1-1 0.971MBps 47.5ms</bind>
  <bind>Comp:17-1-1 Comp:17-2-1 0.971MBps 47.5ms</bind>
  <bind>Comp:17-2-2 Comp:17-1-0 0.971MBps 47.5ms</bind>
  <bind>Comp:17-1-0 Comp:17-2-2 0.971MBps 47.5ms</bind>
  <bind>Comp:17-2-3 Comp:17-1-1 0.971MBps 47.5ms</bind>
  <bind>Comp:17-1-1 Comp:17-2-3 0.971MBps 47.5ms</bind>
  <bind>Comp:17-2-4 Comp:17-1-0 0.971MBps 47.5ms</bind>
  <bind>Comp:17-1-0 Comp:17-2-4 0.971MBps 47.5ms</bind>
  <bind>Comp:17-2-5 Comp:17-1-1 0.971MBps 47.5ms</bind>
  <bind>Comp:17-1-1 Comp:17-2-5 0.971MBps 47.5ms</bind>
  <bind>Comp:17-2-6 Comp:17-1-0 0.971MBps 47.5ms</bind>
  <bind>Comp:17-1-0 Comp:17-2-6 0.971MBps 47.5ms</bind>
  <bind>Comp:17-2-7 Comp:17-1-1 0.971MBps 47.5ms</bind>
  <bind>Comp:17-1-1 Comp:17-2-7 0.971MBps 47.5ms</bind>
  <bind>Comp:17-2-8 Comp:17-1-0 0.971MBps 47.5ms</bind>
  <bind>Comp:17-1-0 Comp:17-2-8 0.971MBps 47.5ms</bind>
  <bind>Comp:17-2-9 Comp:17-1-1 0.971MBps 47.5ms</bind>
  <bind>Comp:17-1-1 Comp:17-2-9 0.971MBps 47.5ms</bind>
  <bind>Comp:17-3-0 Comp:17-2-0 0.803MBps 46.2ms</bind>
  <bind>Comp:17-2-0 Comp:17-3-0 0.803MBps 46.2ms</bind>
  <bind>Comp:17-3-1 Comp:17-2-1 0.803MBps 46.2ms</bind>
  <bind>Comp:17-2-1 Comp:17-3-1 0.803MBps 46.2ms</bind>
  <bind>Comp:17-3-2 Comp:17-2-2 0.803MBps 46.2ms</bind>
  <bind>Comp:17-2-2 Comp:17-3-2 0.803MBps 46.2ms</bind>
  <bind>Comp:17-3-3 Comp:17-2-3 0.803MBps 46.2ms</bind>
  <bind>Comp:17-2-3 Comp:17-3-3 0.803MBps 46.2ms</bind>
  <bind>Comp:17-3-0 Comp:17-2-4 0.803MBps 46.2ms</bind>
  <bind>Comp:17-2-4 Comp:17-3-0 0.803MBps 46.2ms</bind>
  <bind>Comp:17-3-1 Comp:17-2-5 0.803MBps 46.2ms</bind>
  <bind>Comp:17-2-5 Comp:17-3-1 0.803MBps 46.2ms</bind>
  <bind>Comp:17-3-2 Comp:17-2-6 0.803MBps 46.2ms</bind>
  <bind>Comp:17-2-6 Comp:17-3-2 0.803MBps 46.2ms</bind>
  <bind>Comp:17-3-3 Comp:17-2-7 0.803MBps 46.2ms</bind>
  <bind>Comp:17-2-7 Comp:17-3-3 0.803MBps 46.2ms</bind>
  <bind>Comp:17-3-0 Comp:17-2-8 0.803MBps 46.2ms</bind>
  <bind>Comp:17-2-8 Comp:17-3-0 0.803MBps 46.2ms</bind>
  <bind>Comp:17-3-1 Comp:17-2-9 0.803MBps 46.2ms</bind>
  <bind>Comp:17-2-9 Comp:17-3-1 0.803MBps 46.2ms</bind>
  <bind>Comp:17-4-0 Comp:17-3-0 0.508MBps 34.3ms</bind>
  <bind>Comp:17-3-0 Comp:17-4-0 0.508MBps 34.3ms</bind>
  <bind>Comp:17-4-1 Comp:17-3-1 0.508MBps 34.3ms</bind>
  <bind>Comp:17-3-1 Comp:17-4-1 0.508MBps 34.3ms</bind>
  <bind>Comp:17-4-2 Comp:17-3-2 0.508MBps 34.3ms</bind>
  <bind>Comp:17-3-2 Comp:17-4-2 0.508MBps 34.3ms</bind>
  <bind>Comp:17-4-3 Comp:17-3-3 0.508MBps 34.3ms</bind>
  <bind>Comp:17-3-3 Comp:17-4-3 0.508MBps 34.3ms</bind>
  <bind>Comp:17-4-4 Comp:17-3-0 0.508MBps 34.3ms</bind>
  <bind>Comp:17-3-0 Comp:17-4-4 0.508MBps 34.3ms</bind>
  <bind>Comp:17-4-5 Comp:17-3-1 0.508MBps 34.3ms</bind>
  <bind>Comp:17-3-1 Comp:17-4-5 0.508MBps 34.3ms</bind>
  <bind>Comp:17-4-6 Comp:17-3-2 0.508MBps 34.3ms</bind>
  <bind>Comp:17-3-2 Comp:17-4-6 0.508MBps 34.3ms</bind>
  <bind>Comp:17-4-7 Comp:17-3-3 0.508MBps 34.3ms</bind>
  <bind>Comp:17-3-3 Comp:17-4-7 0.508MBps 34.3ms</bind>
  <bind>Comp:17-4-8 Comp:17-3-0 0.508MBps 34.3ms</bind>
  <bind>Comp:17-3-0 Comp:17-4-8 0.508MBps 34.3ms</bind>
  <bind>Comp:17-4-9 Comp:17-3-1 0.508MBps 34.3ms</bind>
  <bind>Comp:17-3-1 Comp:17-4-9 0.508MBps 34.3ms</bind>
  <bind>Comp:17-5-0 Comp:17-4-0 0.287MBps 34.2ms</bind>
  <bind>Comp:17-4-0 Comp:17-5-0 0.287MBps 34.2ms</bind>
  <bind>Comp:17-5-1 Comp:17-4-1 0.287MBps 34.2ms</bind>
  <bind>Comp:17-4-1 Comp:17-5-1 0.287MBps 34.2ms</bind>
  <bind>Comp:17-5-2 Comp:17-4-2 0.287MBps 34.2ms</bind>
  <bind>Comp:17-4-2 Comp:17-5-2 0.287MBps 34.2ms</bind>
  <bind>Comp:17-5-3 Comp:17-4-3 0.287MBps 34.2ms</bind>
  <bind>Comp:17-4-3 Comp:17-5-3 0.287MBps 34.2ms</bind>
  <bind>Comp:17-5-4 Comp:17-4-4 0.287MBps 34.2ms</bind>
  <bind>Comp:17-4-4 Comp:17-5-4 0.287MBps 34.2ms</bind>
  <bind>Comp:17-5-0 Comp:17-4-5 0.287MBps 34.2ms</bind>
  <bind>Comp:17-4-5 Comp:17-5-0 0.287MBps 34.2ms</bind>
  <bind>Comp:17-5-1 Comp:17-4-6 0.287MBps 34.2ms</bind>
  <bind>Comp:17-4-6 Comp:17-5-1 0.287MBps 34.2ms</bind>
  <bind>Comp:17-5-2 Comp:17-4-7 0.287MBps 34.2ms</bind>
  <bind>Comp:17-4-7 Comp:17-5-2 0.287MBps 34.2ms</bind>
  <bind>Comp:17-5-3 Comp:17-4-8 0.287MBps 34.2ms</bind>
  <bind>Comp:17-4-8 Comp:17-5-3 0.287MBps 34.2ms</bind>
  <bind>Comp:17-5-4 Comp:17-4-9 0.287MBps 34.2ms</bind>
  <bind>Comp:17-4-9 Comp:17-5-4 0.287MBps 34.2ms</bind>
  <bind>Comp:17-5-0 Comp:17-6-0 0.76MBps 42.9ms</bind>
  <bind>Comp:17-6-0 Comp:17-5-0 0.76MBps 42.9ms</bind>
  <bind>Comp:17-5-1 Comp:17-6-1 0.76MBps 42.9ms</bind>
  <bind>Comp:17-6-1 Comp:17-5-1 0.76MBps 42.9ms</bind>
  <bind>Comp:17-5-2 Comp:17-6-2 0.76MBps 42.9ms</bind>
  <bind>Comp:17-6-2 Comp:17-5-2 0.76MBps 42.9ms</bind>
  <bind>Comp:17-5-3 Comp:17-6-3 0.76MBps 42.9ms</bind>
  <bind>Comp:17-6-3 Comp:17-5-3 0.76MBps 42.9ms</bind>
  <bind>Comp:17-5-4 Comp:17-6-4 0.76MBps 42.9ms</bind>
  <bind>Comp:17-6-4 Comp:17-5-4 0.76MBps 42.9ms</bind>
  <bind>Comp:17-5-0 Comp:17-6-5 0.76MBps 42.9ms</bind>
  <bind>Comp:17-6-5 Comp:17-5-0 0.76MBps 42.9ms</bind>
  <bind>Comp:17-5-1 Comp:17-6-6 0.76MBps 42.9ms</bind>
  <bind>Comp:17-6-6 Comp:17-5-1 0.76MBps 42.9ms</bind>
  <bind>Comp:17-5-2 Comp:17-6-7 0.76MBps 42.9ms</bind>
  <bind>Comp:17-6-7 Comp:17-5-2 0.76MBps 42.9ms</bind>
</app>
<app>
  <id>App18</id>
<comp>
  <id>Comp:18-1-0</id>
  <CPU>0.873Gf</CPU>
  <RAM>0.393GB</RAM>
  <DISK>1.32GB</DISK>
</comp>
<comp>
  <id>Comp:18-1-1</id>
  <CPU>0.873Gf</CPU>
  <RAM>0.393GB</RAM>
  <DISK>1.32GB</DISK>
</comp>
<comp>
  <id>Comp:18-1-2</id>
  <CPU>0.873Gf</CPU>
  <RAM>0.393GB</RAM>
  <DISK>1.32GB</DISK>
</comp>
<comp>
  <id>Comp:18-1-3</id>
  <CPU>0.873Gf</CPU>
  <RAM>0.393GB</RAM>
  <DISK>1.32GB</DISK>
</comp>
<comp>
  <id>Comp:18-1-4</id>
  <CPU>0.873Gf</CPU>
  <RAM>0.393GB</RAM>
  <DISK>1.32GB</DISK>
</comp>
<comp>
  <id>Comp:18-1-5</id>
  <CPU>0.873Gf</CPU>
  <RAM>0.393GB</RAM>
  <DISK>1.32GB</DISK>
</comp>
<comp>
  <id>Comp:18-1-6</id>
  <CPU>0.873Gf</CPU>
  <RAM>0.393GB</RAM>
  <DISK>1.32GB</DISK>
</comp>
<comp>
  <id>Comp:18-1-7</id>
  <CPU>0.873Gf</CPU>
  <RAM>0.393GB</RAM>
  <DISK>1.32GB</DISK>
</comp>
<comp>
  <id>Comp:18-1-8</id>
  <CPU>0.873Gf</CPU>
  <RAM>0.393GB</RAM>
  <DISK>1.32GB</DISK>
</comp>
<comp>
  <id>Comp:18-2-0</id>
  <CPU>0.319Gf</CPU>
  <RAM>0.523GB</RAM>
  <DISK>1.53GB</DISK>
</comp>
<comp>
  <id>Comp:18-3-0</id>
  <CPU>0.19Gf</CPU>
  <RAM>0.626GB</RAM>
  <DISK>0.595GB</DISK>
</comp>
<comp>
  <id>Comp:18-3-1</id>
  <CPU>0.19Gf</CPU>
  <RAM>0.626GB</RAM>
  <DISK>0.595GB</DISK>
</comp>
<comp>
  <id>Comp:18-3-2</id>
  <CPU>0.19Gf</CPU>
  <RAM>0.626GB</RAM>
  <DISK>0.595GB</DISK>
</comp>
<comp>
  <id>Comp:18-3-3</id>
  <CPU>0.19Gf</CPU>
  <RAM>0.626GB</RAM>
  <DISK>0.595GB</DISK>
</comp>
<comp>
  <id>Comp:18-3-4</id>
  <CPU>0.19Gf</CPU>
  <RAM>0.626GB</RAM>
  <DISK>0.595GB</DISK>
</comp>
<comp>
  <id>Comp:18-3-5</id>
  <CPU>0.19Gf</CPU>
  <RAM>0.626GB</RAM>
  <DISK>0.595GB</DISK>
</comp>
  <bind>Comp:18-1-0 Appliance-24 0.592MBps 28.6ms</bind>
  <bind>Appliance-24 Comp:18-1-0 0.592MBps 28.6ms</bind>
  <bind>Comp:18-1-1 Appliance-36 0.592MBps 28.6ms</bind>
  <bind>Appliance-36 Comp:18-1-1 0.592MBps 28.6ms</bind>
  <bind>Comp:18-1-2 Appliance-37 0.592MBps 28.6ms</bind>
  <bind>Appliance-37 Comp:18-1-2 0.592MBps 28.6ms</bind>
  <bind>Comp:18-1-3 Appliance-37 0.592MBps 28.6ms</bind>
  <bind>Appliance-37 Comp:18-1-3 0.592MBps 28.6ms</bind>
  <bind>Comp:18-1-4 Appliance-33 0.592MBps 28.6ms</bind>
  <bind>Appliance-33 Comp:18-1-4 0.592MBps 28.6ms</bind>
  <bind>Comp:18-1-5 Appliance-39 0.592MBps 28.6ms</bind>
  <bind>Appliance-39 Comp:18-1-5 0.592MBps 28.6ms</bind>
  <bind>Comp:18-1-6 Appliance-24 0.592MBps 28.6ms</bind>
  <bind>Appliance-24 Comp:18-1-6 0.592MBps 28.6ms</bind>
  <bind>Comp:18-1-7 Appliance-36 0.592MBps 28.6ms</bind>
  <bind>Appliance-36 Comp:18-1-7 0.592MBps 28.6ms</bind>
  <bind>Comp:18-1-8 Appliance-37 0.592MBps 28.6ms</bind>
  <bind>Appliance-37 Comp:18-1-8 0.592MBps 28.6ms</bind>
  <bind>Comp:18-2-0 Comp:18-1-0 0.247MBps 41.4ms</bind>
  <bind>Comp:18-1-0 Comp:18-2-0 0.247MBps 41.4ms</bind>
  <bind>Comp:18-2-0 Comp:18-1-1 0.247MBps 41.4ms</bind>
  <bind>Comp:18-1-1 Comp:18-2-0 0.247MBps 41.4ms</bind>
  <bind>Comp:18-2-0 Comp:18-1-2 0.247MBps 41.4ms</bind>
  <bind>Comp:18-1-2 Comp:18-2-0 0.247MBps 41.4ms</bind>
  <bind>Comp:18-2-0 Comp:18-1-3 0.247MBps 41.4ms</bind>
  <bind>Comp:18-1-3 Comp:18-2-0 0.247MBps 41.4ms</bind>
  <bind>Comp:18-2-0 Comp:18-1-4 0.247MBps 41.4ms</bind>
  <bind>Comp:18-1-4 Comp:18-2-0 0.247MBps 41.4ms</bind>
  <bind>Comp:18-2-0 Comp:18-1-5 0.247MBps 41.4ms</bind>
  <bind>Comp:18-1-5 Comp:18-2-0 0.247MBps 41.4ms</bind>
  <bind>Comp:18-2-0 Comp:18-1-6 0.247MBps 41.4ms</bind>
  <bind>Comp:18-1-6 Comp:18-2-0 0.247MBps 41.4ms</bind>
  <bind>Comp:18-2-0 Comp:18-1-7 0.247MBps 41.4ms</bind>
  <bind>Comp:18-1-7 Comp:18-2-0 0.247MBps 41.4ms</bind>
  <bind>Comp:18-2-0 Comp:18-1-8 0.247MBps 41.4ms</bind>
  <bind>Comp:18-1-8 Comp:18-2-0 0.247MBps 41.4ms</bind>
  <bind>Comp:18-2-0 Comp:18-3-0 0.858MBps 41.8ms</bind>
  <bind>Comp:18-3-0 Comp:18-2-0 0.858MBps 41.8ms</bind>
  <bind>Comp:18-2-0 Comp:18-3-1 0.858MBps 41.8ms</bind>
  <bind>Comp:18-3-1 Comp:18-2-0 0.858MBps 41.8ms</bind>
  <bind>Comp:18-2-0 Comp:18-3-2 0.858MBps 41.8ms</bind>
  <bind>Comp:18-3-2 Comp:18-2-0 0.858MBps 41.8ms</bind>
  <bind>Comp:18-2-0 Comp:18-3-3 0.858MBps 41.8ms</bind>
  <bind>Comp:18-3-3 Comp:18-2-0 0.858MBps 41.8ms</bind>
  <bind>Comp:18-2-0 Comp:18-3-4 0.858MBps 41.8ms</bind>
  <bind>Comp:18-3-4 Comp:18-2-0 0.858MBps 41.8ms</bind>
  <bind>Comp:18-2-0 Comp:18-3-5 0.858MBps 41.8ms</bind>
  <bind>Comp:18-3-5 Comp:18-2-0 0.858MBps 41.8ms</bind>
</app>
<app>
  <id>App19</id>
<comp>
  <id>Comp:19-1-0</id>
  <CPU>0.172Gf</CPU>
  <RAM>0.515GB</RAM>
  <DISK>1.76GB</DISK>
</comp>
<comp>
  <id>Comp:19-1-1</id>
  <CPU>0.172Gf</CPU>
  <RAM>0.515GB</RAM>
  <DISK>1.76GB</DISK>
</comp>
<comp>
  <id>Comp:19-1-2</id>
  <CPU>0.172Gf</CPU>
  <RAM>0.515GB</RAM>
  <DISK>1.76GB</DISK>
</comp>
<comp>
  <id>Comp:19-1-3</id>
  <CPU>0.172Gf</CPU>
  <RAM>0.515GB</RAM>
  <DISK>1.76GB</DISK>
</comp>
<comp>
  <id>Comp:19-1-4</id>
  <CPU>0.172Gf</CPU>
  <RAM>0.515GB</RAM>
  <DISK>1.76GB</DISK>
</comp>
<comp>
  <id>Comp:19-1-5</id>
  <CPU>0.172Gf</CPU>
  <RAM>0.515GB</RAM>
  <DISK>1.76GB</DISK>
</comp>
<comp>
  <id>Comp:19-1-6</id>
  <CPU>0.172Gf</CPU>
  <RAM>0.515GB</RAM>
  <DISK>1.76GB</DISK>
</comp>
<comp>
  <id>Comp:19-2-0</id>
  <CPU>0.233Gf</CPU>
  <RAM>0.6GB</RAM>
  <DISK>1.43GB</DISK>
</comp>
<comp>
  <id>Comp:19-2-1</id>
  <CPU>0.233Gf</CPU>
  <RAM>0.6GB</RAM>
  <DISK>1.43GB</DISK>
</comp>
<comp>
  <id>Comp:19-2-2</id>
  <CPU>0.233Gf</CPU>
  <RAM>0.6GB</RAM>
  <DISK>1.43GB</DISK>
</comp>
<comp>
  <id>Comp:19-2-3</id>
  <CPU>0.233Gf</CPU>
  <RAM>0.6GB</RAM>
  <DISK>1.43GB</DISK>
</comp>
<comp>
  <id>Comp:19-2-4</id>
  <CPU>0.233Gf</CPU>
  <RAM>0.6GB</RAM>
  <DISK>1.43GB</DISK>
</comp>
<comp>
  <id>Comp:19-2-5</id>
  <CPU>0.233Gf</CPU>
  <RAM>0.6GB</RAM>
  <DISK>1.43GB</DISK>
</comp>
<comp>
  <id>Comp:19-2-6</id>
  <CPU>0.233Gf</CPU>
  <RAM>0.6GB</RAM>
  <DISK>1.43GB</DISK>
</comp>
<comp>
  <id>Comp:19-3-0</id>
  <CPU>0.978Gf</CPU>
  <RAM>0.467GB</RAM>
  <DISK>0.701GB</DISK>
</comp>
<comp>
  <id>Comp:19-3-1</id>
  <CPU>0.978Gf</CPU>
  <RAM>0.467GB</RAM>
  <DISK>0.701GB</DISK>
</comp>
<comp>
  <id>Comp:19-4-0</id>
  <CPU>0.417Gf</CPU>
  <RAM>0.986GB</RAM>
  <DISK>1.78GB</DISK>
</comp>
<comp>
  <id>Comp:19-4-1</id>
  <CPU>0.417Gf</CPU>
  <RAM>0.986GB</RAM>
  <DISK>1.78GB</DISK>
</comp>
<comp>
  <id>Comp:19-4-2</id>
  <CPU>0.417Gf</CPU>
  <RAM>0.986GB</RAM>
  <DISK>1.78GB</DISK>
</comp>
<comp>
  <id>Comp:19-4-3</id>
  <CPU>0.417Gf</CPU>
  <RAM>0.986GB</RAM>
  <DISK>1.78GB</DISK>
</comp>
<comp>
  <id>Comp:19-4-4</id>
  <CPU>0.417Gf</CPU>
  <RAM>0.986GB</RAM>
  <DISK>1.78GB</DISK>
</comp>
<comp>
  <id>Comp:19-4-5</id>
  <CPU>0.417Gf</CPU>
  <RAM>0.986GB</RAM>
  <DISK>1.78GB</DISK>
</comp>
<comp>
  <id>Comp:19-5-0</id>
  <CPU>0.18Gf</CPU>
  <RAM>0.637GB</RAM>
  <DISK>0.724GB</DISK>
</comp>
<comp>
  <id>Comp:19-5-1</id>
  <CPU>0.18Gf</CPU>
  <RAM>0.637GB</RAM>
  <DISK>0.724GB</DISK>
</comp>
<comp>
  <id>Comp:19-5-2</id>
  <CPU>0.18Gf</CPU>
  <RAM>0.637GB</RAM>
  <DISK>0.724GB</DISK>
</comp>
<comp>
  <id>Comp:19-5-3</id>
  <CPU>0.18Gf</CPU>
  <RAM>0.637GB</RAM>
  <DISK>0.724GB</DISK>
</comp>
<comp>
  <id>Comp:19-5-4</id>
  <CPU>0.18Gf</CPU>
  <RAM>0.637GB</RAM>
  <DISK>0.724GB</DISK>
</comp>
<comp>
  <id>Comp:19-5-5</id>
  <CPU>0.18Gf</CPU>
  <RAM>0.637GB</RAM>
  <DISK>0.724GB</DISK>
</comp>
<comp>
  <id>Comp:19-5-6</id>
  <CPU>0.18Gf</CPU>
  <RAM>0.637GB</RAM>
  <DISK>0.724GB</DISK>
</comp>
  <bind>Comp:19-1-0 Appliance-11 0.451MBps 36.7ms</bind>
  <bind>Appliance-11 Comp:19-1-0 0.451MBps 36.7ms</bind>
  <bind>Comp:19-1-1 Appliance-34 0.451MBps 36.7ms</bind>
  <bind>Appliance-34 Comp:19-1-1 0.451MBps 36.7ms</bind>
  <bind>Comp:19-1-2 Appliance-11 0.451MBps 36.7ms</bind>
  <bind>Appliance-11 Comp:19-1-2 0.451MBps 36.7ms</bind>
  <bind>Comp:19-1-3 Appliance-34 0.451MBps 36.7ms</bind>
  <bind>Appliance-34 Comp:19-1-3 0.451MBps 36.7ms</bind>
  <bind>Comp:19-1-4 Appliance-11 0.451MBps 36.7ms</bind>
  <bind>Appliance-11 Comp:19-1-4 0.451MBps 36.7ms</bind>
  <bind>Comp:19-1-5 Appliance-34 0.451MBps 36.7ms</bind>
  <bind>Appliance-34 Comp:19-1-5 0.451MBps 36.7ms</bind>
  <bind>Comp:19-1-6 Appliance-11 0.451MBps 36.7ms</bind>
  <bind>Appliance-11 Comp:19-1-6 0.451MBps 36.7ms</bind>
  <bind>Comp:19-2-0 Comp:19-1-0 0.0155MBps 47.5ms</bind>
  <bind>Comp:19-1-0 Comp:19-2-0 0.0155MBps 47.5ms</bind>
  <bind>Comp:19-2-1 Comp:19-1-1 0.0155MBps 47.5ms</bind>
  <bind>Comp:19-1-1 Comp:19-2-1 0.0155MBps 47.5ms</bind>
  <bind>Comp:19-2-2 Comp:19-1-2 0.0155MBps 47.5ms</bind>
  <bind>Comp:19-1-2 Comp:19-2-2 0.0155MBps 47.5ms</bind>
  <bind>Comp:19-2-3 Comp:19-1-3 0.0155MBps 47.5ms</bind>
  <bind>Comp:19-1-3 Comp:19-2-3 0.0155MBps 47.5ms</bind>
  <bind>Comp:19-2-4 Comp:19-1-4 0.0155MBps 47.5ms</bind>
  <bind>Comp:19-1-4 Comp:19-2-4 0.0155MBps 47.5ms</bind>
  <bind>Comp:19-2-5 Comp:19-1-5 0.0155MBps 47.5ms</bind>
  <bind>Comp:19-1-5 Comp:19-2-5 0.0155MBps 47.5ms</bind>
  <bind>Comp:19-2-6 Comp:19-1-6 0.0155MBps 47.5ms</bind>
  <bind>Comp:19-1-6 Comp:19-2-6 0.0155MBps 47.5ms</bind>
  <bind>Comp:19-3-0 Comp:19-2-0 0.121MBps 40.4ms</bind>
  <bind>Comp:19-2-0 Comp:19-3-0 0.121MBps 40.4ms</bind>
  <bind>Comp:19-3-1 Comp:19-2-1 0.121MBps 40.4ms</bind>
  <bind>Comp:19-2-1 Comp:19-3-1 0.121MBps 40.4ms</bind>
  <bind>Comp:19-3-0 Comp:19-2-2 0.121MBps 40.4ms</bind>
  <bind>Comp:19-2-2 Comp:19-3-0 0.121MBps 40.4ms</bind>
  <bind>Comp:19-3-1 Comp:19-2-3 0.121MBps 40.4ms</bind>
  <bind>Comp:19-2-3 Comp:19-3-1 0.121MBps 40.4ms</bind>
  <bind>Comp:19-3-0 Comp:19-2-4 0.121MBps 40.4ms</bind>
  <bind>Comp:19-2-4 Comp:19-3-0 0.121MBps 40.4ms</bind>
  <bind>Comp:19-3-1 Comp:19-2-5 0.121MBps 40.4ms</bind>
  <bind>Comp:19-2-5 Comp:19-3-1 0.121MBps 40.4ms</bind>
  <bind>Comp:19-3-0 Comp:19-2-6 0.121MBps 40.4ms</bind>
  <bind>Comp:19-2-6 Comp:19-3-0 0.121MBps 40.4ms</bind>
  <bind>Comp:19-4-0 Comp:19-3-0 0.412MBps 45.8ms</bind>
  <bind>Comp:19-3-0 Comp:19-4-0 0.412MBps 45.8ms</bind>
  <bind>Comp:19-4-1 Comp:19-3-1 0.412MBps 45.8ms</bind>
  <bind>Comp:19-3-1 Comp:19-4-1 0.412MBps 45.8ms</bind>
  <bind>Comp:19-4-2 Comp:19-3-0 0.412MBps 45.8ms</bind>
  <bind>Comp:19-3-0 Comp:19-4-2 0.412MBps 45.8ms</bind>
  <bind>Comp:19-4-3 Comp:19-3-1 0.412MBps 45.8ms</bind>
  <bind>Comp:19-3-1 Comp:19-4-3 0.412MBps 45.8ms</bind>
  <bind>Comp:19-4-4 Comp:19-3-0 0.412MBps 45.8ms</bind>
  <bind>Comp:19-3-0 Comp:19-4-4 0.412MBps 45.8ms</bind>
  <bind>Comp:19-4-5 Comp:19-3-1 0.412MBps 45.8ms</bind>
  <bind>Comp:19-3-1 Comp:19-4-5 0.412MBps 45.8ms</bind>
  <bind>Comp:19-4-0 Comp:19-5-0 0.258MBps 40.3ms</bind>
  <bind>Comp:19-5-0 Comp:19-4-0 0.258MBps 40.3ms</bind>
  <bind>Comp:19-4-1 Comp:19-5-1 0.258MBps 40.3ms</bind>
  <bind>Comp:19-5-1 Comp:19-4-1 0.258MBps 40.3ms</bind>
  <bind>Comp:19-4-2 Comp:19-5-2 0.258MBps 40.3ms</bind>
  <bind>Comp:19-5-2 Comp:19-4-2 0.258MBps 40.3ms</bind>
  <bind>Comp:19-4-3 Comp:19-5-3 0.258MBps 40.3ms</bind>
  <bind>Comp:19-5-3 Comp:19-4-3 0.258MBps 40.3ms</bind>
  <bind>Comp:19-4-4 Comp:19-5-4 0.258MBps 40.3ms</bind>
  <bind>Comp:19-5-4 Comp:19-4-4 0.258MBps 40.3ms</bind>
  <bind>Comp:19-4-5 Comp:19-5-5 0.258MBps 40.3ms</bind>
  <bind>Comp:19-5-5 Comp:19-4-5 0.258MBps 40.3ms</bind>
  <bind>Comp:19-4-0 Comp:19-5-6 0.258MBps 40.3ms</bind>
  <bind>Comp:19-5-6 Comp:19-4-0 0.258MBps 40.3ms</bind>
</app>
<app>
  <id>App2</id>
<comp>
  <id>Comp:2-1-0</id>
  <CPU>0.928Gf</CPU>
  <RAM>0.555GB</RAM>
  <DISK>0.198GB</DISK>
</comp>
<comp>
  <id>Comp:2-1-1</id>
  <CPU>0.928Gf</CPU>
  <RAM>0.555GB</RAM>
  <DISK>0.198GB</DISK>
</comp>
<comp>
  <id>Comp:2-1-2</id>
  <CPU>0.928Gf</CPU>
  <RAM>0.555GB</RAM>
  <DISK>0.198GB</DISK>
</comp>
<comp>
  <id>Comp:2-1-3</id>
  <CPU>0.928Gf</CPU>
  <RAM>0.555GB</RAM>
  <DISK>0.198GB</DISK>
</comp>
<comp>
  <id>Comp:2-1-4</id>
  <CPU>0.928Gf</CPU>
  <RAM>0.555GB</RAM>
  <DISK>0.198GB</DISK>
</comp>
<comp>
  <id>Comp:2-1-5</id>
  <CPU>0.928Gf</CPU>
  <RAM>0.555GB</RAM>
  <DISK>0.198GB</DISK>
</comp>
<comp>
  <id>Comp:2-1-6</id>
  <CPU>0.928Gf</CPU>
  <RAM>0.555GB</RAM>
  <DISK>0.198GB</DISK>
</comp>
<comp>
  <id>Comp:2-1-7</id>
  <CPU>0.928Gf</CPU>
  <RAM>0.555GB</RAM>
  <DISK>0.198GB</DISK>
</comp>
<comp>
  <id>Comp:2-2-0</id>
  <CPU>0.816Gf</CPU>
  <RAM>0.775GB</RAM>
  <DISK>0.914GB</DISK>
</comp>
<comp>
  <id>Comp:2-3-0</id>
  <CPU>0.329Gf</CPU>
  <RAM>0.724GB</RAM>
  <DISK>0.509GB</DISK>
</comp>
<comp>
  <id>Comp:2-3-1</id>
  <CPU>0.329Gf</CPU>
  <RAM>0.724GB</RAM>
  <DISK>0.509GB</DISK>
</comp>
<comp>
  <id>Comp:2-3-2</id>
  <CPU>0.329Gf</CPU>
  <RAM>0.724GB</RAM>
  <DISK>0.509GB</DISK>
</comp>
<comp>
  <id>Comp:2-3-3</id>
  <CPU>0.329Gf</CPU>
  <RAM>0.724GB</RAM>
  <DISK>0.509GB</DISK>
</comp>
<comp>
  <id>Comp:2-3-4</id>
  <CPU>0.329Gf</CPU>
  <RAM>0.724GB</RAM>
  <DISK>0.509GB</DISK>
</comp>
<comp>
  <id>Comp:2-3-5</id>
  <CPU>0.329Gf</CPU>
  <RAM>0.724GB</RAM>
  <DISK>0.509GB</DISK>
</comp>
<comp>
  <id>Comp:2-3-6</id>
  <CPU>0.329Gf</CPU>
  <RAM>0.724GB</RAM>
  <DISK>0.509GB</DISK>
</comp>
<comp>
  <id>Comp:2-3-7</id>
  <CPU>0.329Gf</CPU>
  <RAM>0.724GB</RAM>
  <DISK>0.509GB</DISK>
</comp>
<comp>
  <id>Comp:2-3-8</id>
  <CPU>0.329Gf</CPU>
  <RAM>0.724GB</RAM>
  <DISK>0.509GB</DISK>
</comp>
<comp>
  <id>Comp:2-3-9</id>
  <CPU>0.329Gf</CPU>
  <RAM>0.724GB</RAM>
  <DISK>0.509GB</DISK>
</comp>
<comp>
  <id>Comp:2-4-0</id>
  <CPU>0.924Gf</CPU>
  <RAM>0.829GB</RAM>
  <DISK>0.92GB</DISK>
</comp>
<comp>
  <id>Comp:2-4-1</id>
  <CPU>0.924Gf</CPU>
  <RAM>0.829GB</RAM>
  <DISK>0.92GB</DISK>
</comp>
<comp>
  <id>Comp:2-4-2</id>
  <CPU>0.924Gf</CPU>
  <RAM>0.829GB</RAM>
  <DISK>0.92GB</DISK>
</comp>
<comp>
  <id>Comp:2-4-3</id>
  <CPU>0.924Gf</CPU>
  <RAM>0.829GB</RAM>
  <DISK>0.92GB</DISK>
</comp>
<comp>
  <id>Comp:2-4-4</id>
  <CPU>0.924Gf</CPU>
  <RAM>0.829GB</RAM>
  <DISK>0.92GB</DISK>
</comp>
<comp>
  <id>Comp:2-4-5</id>
  <CPU>0.924Gf</CPU>
  <RAM>0.829GB</RAM>
  <DISK>0.92GB</DISK>
</comp>
<comp>
  <id>Comp:2-4-6</id>
  <CPU>0.924Gf</CPU>
  <RAM>0.829GB</RAM>
  <DISK>0.92GB</DISK>
</comp>
<comp>
  <id>Comp:2-4-7</id>
  <CPU>0.924Gf</CPU>
  <RAM>0.829GB</RAM>
  <DISK>0.92GB</DISK>
</comp>
<comp>
  <id>Comp:2-4-8</id>
  <CPU>0.924Gf</CPU>
  <RAM>0.829GB</RAM>
  <DISK>0.92GB</DISK>
</comp>
<comp>
  <id>Comp:2-4-9</id>
  <CPU>0.924Gf</CPU>
  <RAM>0.829GB</RAM>
  <DISK>0.92GB</DISK>
</comp>
  <bind>Comp:2-1-0 Appliance-3 0.115MBps 48.5ms</bind>
  <bind>Appliance-3 Comp:2-1-0 0.115MBps 48.5ms</bind>
  <bind>Comp:2-1-1 Appliance-3 0.115MBps 48.5ms</bind>
  <bind>Appliance-3 Comp:2-1-1 0.115MBps 48.5ms</bind>
  <bind>Comp:2-1-2 Appliance-38 0.115MBps 48.5ms</bind>
  <bind>Appliance-38 Comp:2-1-2 0.115MBps 48.5ms</bind>
  <bind>Comp:2-1-3 Appliance-19 0.115MBps 48.5ms</bind>
  <bind>Appliance-19 Comp:2-1-3 0.115MBps 48.5ms</bind>
  <bind>Comp:2-1-4 Appliance-20 0.115MBps 48.5ms</bind>
  <bind>Appliance-20 Comp:2-1-4 0.115MBps 48.5ms</bind>
  <bind>Comp:2-1-5 Appliance-35 0.115MBps 48.5ms</bind>
  <bind>Appliance-35 Comp:2-1-5 0.115MBps 48.5ms</bind>
  <bind>Comp:2-1-6 Appliance-30 0.115MBps 48.5ms</bind>
  <bind>Appliance-30 Comp:2-1-6 0.115MBps 48.5ms</bind>
  <bind>Comp:2-1-7 Appliance-6 0.115MBps 48.5ms</bind>
  <bind>Appliance-6 Comp:2-1-7 0.115MBps 48.5ms</bind>
  <bind>Comp:2-1-0 Appliance-11 0.115MBps 48.5ms</bind>
  <bind>Appliance-11 Comp:2-1-0 0.115MBps 48.5ms</bind>
  <bind>Comp:2-2-0 Comp:2-1-0 0.496MBps 48.5ms</bind>
  <bind>Comp:2-1-0 Comp:2-2-0 0.496MBps 48.5ms</bind>
  <bind>Comp:2-2-0 Comp:2-1-1 0.496MBps 48.5ms</bind>
  <bind>Comp:2-1-1 Comp:2-2-0 0.496MBps 48.5ms</bind>
  <bind>Comp:2-2-0 Comp:2-1-2 0.496MBps 48.5ms</bind>
  <bind>Comp:2-1-2 Comp:2-2-0 0.496MBps 48.5ms</bind>
  <bind>Comp:2-2-0 Comp:2-1-3 0.496MBps 48.5ms</bind>
  <bind>Comp:2-1-3 Comp:2-2-0 0.496MBps 48.5ms</bind>
  <bind>Comp:2-2-0 Comp:2-1-4 0.496MBps 48.5ms</bind>
  <bind>Comp:2-1-4 Comp:2-2-0 0.496MBps 48.5ms</bind>
  <bind>Comp:2-2-0 Comp:2-1-5 0.496MBps 48.5ms</bind>
  <bind>Comp:2-1-5 Comp:2-2-0 0.496MBps 48.5ms</bind>
  <bind>Comp:2-2-0 Comp:2-1-6 0.496MBps 48.5ms</bind>
  <bind>Comp:2-1-6 Comp:2-2-0 0.496MBps 48.5ms</bind>
  <bind>Comp:2-2-0 Comp:2-1-7 0.496MBps 48.5ms</bind>
  <bind>Comp:2-1-7 Comp:2-2-0 0.496MBps 48.5ms</bind>
  <bind>Comp:2-3-0 Comp:2-2-0 0.97MBps 32.8ms</bind>
  <bind>Comp:2-2-0 Comp:2-3-0 0.97MBps 32.8ms</bind>
  <bind>Comp:2-3-1 Comp:2-2-0 0.97MBps 32.8ms</bind>
  <bind>Comp:2-2-0 Comp:2-3-1 0.97MBps 32.8ms</bind>
  <bind>Comp:2-3-2 Comp:2-2-0 0.97MBps 32.8ms</bind>
  <bind>Comp:2-2-0 Comp:2-3-2 0.97MBps 32.8ms</bind>
  <bind>Comp:2-3-3 Comp:2-2-0 0.97MBps 32.8ms</bind>
  <bind>Comp:2-2-0 Comp:2-3-3 0.97MBps 32.8ms</bind>
  <bind>Comp:2-3-4 Comp:2-2-0 0.97MBps 32.8ms</bind>
  <bind>Comp:2-2-0 Comp:2-3-4 0.97MBps 32.8ms</bind>
  <bind>Comp:2-3-5 Comp:2-2-0 0.97MBps 32.8ms</bind>
  <bind>Comp:2-2-0 Comp:2-3-5 0.97MBps 32.8ms</bind>
  <bind>Comp:2-3-6 Comp:2-2-0 0.97MBps 32.8ms</bind>
  <bind>Comp:2-2-0 Comp:2-3-6 0.97MBps 32.8ms</bind>
  <bind>Comp:2-3-7 Comp:2-2-0 0.97MBps 32.8ms</bind>
  <bind>Comp:2-2-0 Comp:2-3-7 0.97MBps 32.8ms</bind>
  <bind>Comp:2-3-8 Comp:2-2-0 0.97MBps 32.8ms</bind>
  <bind>Comp:2-2-0 Comp:2-3-8 0.97MBps 32.8ms</bind>
  <bind>Comp:2-3-9 Comp:2-2-0 0.97MBps 32.8ms</bind>
  <bind>Comp:2-2-0 Comp:2-3-9 0.97MBps 32.8ms</bind>
  <bind>Comp:2-4-0 Comp:2-3-0 0.0167MBps 31.5ms</bind>
  <bind>Comp:2-3-0 Comp:2-4-0 0.0167MBps 31.5ms</bind>
  <bind>Comp:2-4-1 Comp:2-3-1 0.0167MBps 31.5ms</bind>
  <bind>Comp:2-3-1 Comp:2-4-1 0.0167MBps 31.5ms</bind>
  <bind>Comp:2-4-2 Comp:2-3-2 0.0167MBps 31.5ms</bind>
  <bind>Comp:2-3-2 Comp:2-4-2 0.0167MBps 31.5ms</bind>
  <bind>Comp:2-4-3 Comp:2-3-3 0.0167MBps 31.5ms</bind>
  <bind>Comp:2-3-3 Comp:2-4-3 0.0167MBps 31.5ms</bind>
  <bind>Comp:2-4-4 Comp:2-3-4 0.0167MBps 31.5ms</bind>
  <bind>Comp:2-3-4 Comp:2-4-4 0.0167MBps 31.5ms</bind>
  <bind>Comp:2-4-5 Comp:2-3-5 0.0167MBps 31.5ms</bind>
  <bind>Comp:2-3-5 Comp:2-4-5 0.0167MBps 31.5ms</bind>
  <bind>Comp:2-4-6 Comp:2-3-6 0.0167MBps 31.5ms</bind>
  <bind>Comp:2-3-6 Comp:2-4-6 0.0167MBps 31.5ms</bind>
  <bind>Comp:2-4-7 Comp:2-3-7 0.0167MBps 31.5ms</bind>
  <bind>Comp:2-3-7 Comp:2-4-7 0.0167MBps 31.5ms</bind>
  <bind>Comp:2-4-8 Comp:2-3-8 0.0167MBps 31.5ms</bind>
  <bind>Comp:2-3-8 Comp:2-4-8 0.0167MBps 31.5ms</bind>
  <bind>Comp:2-4-9 Comp:2-3-9 0.0167MBps 31.5ms</bind>
  <bind>Comp:2-3-9 Comp:2-4-9 0.0167MBps 31.5ms</bind>
  <bind>Comp:2-4-0 Appliance-32 0.129MBps 36.7ms</bind>
  <bind>Appliance-32 Comp:2-4-0 0.129MBps 36.7ms</bind>
  <bind>Comp:2-4-1 Appliance-17 0.129MBps 36.7ms</bind>
  <bind>Appliance-17 Comp:2-4-1 0.129MBps 36.7ms</bind>
  <bind>Comp:2-4-2 Appliance-32 0.129MBps 36.7ms</bind>
  <bind>Appliance-32 Comp:2-4-2 0.129MBps 36.7ms</bind>
  <bind>Comp:2-4-3 Appliance-17 0.129MBps 36.7ms</bind>
  <bind>Appliance-17 Comp:2-4-3 0.129MBps 36.7ms</bind>
  <bind>Comp:2-4-4 Appliance-32 0.129MBps 36.7ms</bind>
  <bind>Appliance-32 Comp:2-4-4 0.129MBps 36.7ms</bind>
  <bind>Comp:2-4-5 Appliance-17 0.129MBps 36.7ms</bind>
  <bind>Appliance-17 Comp:2-4-5 0.129MBps 36.7ms</bind>
  <bind>Comp:2-4-6 Appliance-32 0.129MBps 36.7ms</bind>
  <bind>Appliance-32 Comp:2-4-6 0.129MBps 36.7ms</bind>
  <bind>Comp:2-4-7 Appliance-17 0.129MBps 36.7ms</bind>
  <bind>Appliance-17 Comp:2-4-7 0.129MBps 36.7ms</bind>
  <bind>Comp:2-4-8 Appliance-32 0.129MBps 36.7ms</bind>
  <bind>Appliance-32 Comp:2-4-8 0.129MBps 36.7ms</bind>
  <bind>Comp:2-4-9 Appliance-17 0.129MBps 36.7ms</bind>
  <bind>Appliance-17 Comp:2-4-9 0.129MBps 36.7ms</bind>
</app>
<app>
  <id>App20</id>
<comp>
  <id>Comp:20-1-0</id>
  <CPU>0.684Gf</CPU>
  <RAM>0.403GB</RAM>
  <DISK>1.03GB</DISK>
</comp>
<comp>
  <id>Comp:20-1-1</id>
  <CPU>0.684Gf</CPU>
  <RAM>0.403GB</RAM>
  <DISK>1.03GB</DISK>
</comp>
<comp>
  <id>Comp:20-1-2</id>
  <CPU>0.684Gf</CPU>
  <RAM>0.403GB</RAM>
  <DISK>1.03GB</DISK>
</comp>
<comp>
  <id>Comp:20-1-3</id>
  <CPU>0.684Gf</CPU>
  <RAM>0.403GB</RAM>
  <DISK>1.03GB</DISK>
</comp>
<comp>
  <id>Comp:20-1-4</id>
  <CPU>0.684Gf</CPU>
  <RAM>0.403GB</RAM>
  <DISK>1.03GB</DISK>
</comp>
<comp>
  <id>Comp:20-1-5</id>
  <CPU>0.684Gf</CPU>
  <RAM>0.403GB</RAM>
  <DISK>1.03GB</DISK>
</comp>
<comp>
  <id>Comp:20-1-6</id>
  <CPU>0.684Gf</CPU>
  <RAM>0.403GB</RAM>
  <DISK>1.03GB</DISK>
</comp>
<comp>
  <id>Comp:20-1-7</id>
  <CPU>0.684Gf</CPU>
  <RAM>0.403GB</RAM>
  <DISK>1.03GB</DISK>
</comp>
<comp>
  <id>Comp:20-1-8</id>
  <CPU>0.684Gf</CPU>
  <RAM>0.403GB</RAM>
  <DISK>1.03GB</DISK>
</comp>
<comp>
  <id>Comp:20-2-0</id>
  <CPU>0.403Gf</CPU>
  <RAM>0.873GB</RAM>
  <DISK>0.426GB</DISK>
</comp>
<comp>
  <id>Comp:20-2-1</id>
  <CPU>0.403Gf</CPU>
  <RAM>0.873GB</RAM>
  <DISK>0.426GB</DISK>
</comp>
<comp>
  <id>Comp:20-2-2</id>
  <CPU>0.403Gf</CPU>
  <RAM>0.873GB</RAM>
  <DISK>0.426GB</DISK>
</comp>
<comp>
  <id>Comp:20-2-3</id>
  <CPU>0.403Gf</CPU>
  <RAM>0.873GB</RAM>
  <DISK>0.426GB</DISK>
</comp>
<comp>
  <id>Comp:20-2-4</id>
  <CPU>0.403Gf</CPU>
  <RAM>0.873GB</RAM>
  <DISK>0.426GB</DISK>
</comp>
<comp>
  <id>Comp:20-2-5</id>
  <CPU>0.403Gf</CPU>
  <RAM>0.873GB</RAM>
  <DISK>0.426GB</DISK>
</comp>
<comp>
  <id>Comp:20-3-0</id>
  <CPU>0.308Gf</CPU>
  <RAM>0.753GB</RAM>
  <DISK>0.00371GB</DISK>
</comp>
<comp>
  <id>Comp:20-3-1</id>
  <CPU>0.308Gf</CPU>
  <RAM>0.753GB</RAM>
  <DISK>0.00371GB</DISK>
</comp>
<comp>
  <id>Comp:20-3-2</id>
  <CPU>0.308Gf</CPU>
  <RAM>0.753GB</RAM>
  <DISK>0.00371GB</DISK>
</comp>
<comp>
  <id>Comp:20-3-3</id>
  <CPU>0.308Gf</CPU>
  <RAM>0.753GB</RAM>
  <DISK>0.00371GB</DISK>
</comp>
<comp>
  <id>Comp:20-3-4</id>
  <CPU>0.308Gf</CPU>
  <RAM>0.753GB</RAM>
  <DISK>0.00371GB</DISK>
</comp>
<comp>
  <id>Comp:20-4-0</id>
  <CPU>0.82Gf</CPU>
  <RAM>0.573GB</RAM>
  <DISK>0.812GB</DISK>
</comp>
<comp>
  <id>Comp:20-4-1</id>
  <CPU>0.82Gf</CPU>
  <RAM>0.573GB</RAM>
  <DISK>0.812GB</DISK>
</comp>
<comp>
  <id>Comp:20-4-2</id>
  <CPU>0.82Gf</CPU>
  <RAM>0.573GB</RAM>
  <DISK>0.812GB</DISK>
</comp>
<comp>
  <id>Comp:20-4-3</id>
  <CPU>0.82Gf</CPU>
  <RAM>0.573GB</RAM>
  <DISK>0.812GB</DISK>
</comp>
<comp>
  <id>Comp:20-4-4</id>
  <CPU>0.82Gf</CPU>
  <RAM>0.573GB</RAM>
  <DISK>0.812GB</DISK>
</comp>
<comp>
  <id>Comp:20-4-5</id>
  <CPU>0.82Gf</CPU>
  <RAM>0.573GB</RAM>
  <DISK>0.812GB</DISK>
</comp>
<comp>
  <id>Comp:20-4-6</id>
  <CPU>0.82Gf</CPU>
  <RAM>0.573GB</RAM>
  <DISK>0.812GB</DISK>
</comp>
<comp>
  <id>Comp:20-4-7</id>
  <CPU>0.82Gf</CPU>
  <RAM>0.573GB</RAM>
  <DISK>0.812GB</DISK>
</comp>
  <bind>Comp:20-1-0 Appliance-7 0.211MBps 45.9ms</bind>
  <bind>Appliance-7 Comp:20-1-0 0.211MBps 45.9ms</bind>
  <bind>Comp:20-1-1 Appliance-12 0.211MBps 45.9ms</bind>
  <bind>Appliance-12 Comp:20-1-1 0.211MBps 45.9ms</bind>
  <bind>Comp:20-1-2 Appliance-10 0.211MBps 45.9ms</bind>
  <bind>Appliance-10 Comp:20-1-2 0.211MBps 45.9ms</bind>
  <bind>Comp:20-1-3 Appliance-4 0.211MBps 45.9ms</bind>
  <bind>Appliance-4 Comp:20-1-3 0.211MBps 45.9ms</bind>
  <bind>Comp:20-1-4 Appliance-10 0.211MBps 45.9ms</bind>
  <bind>Appliance-10 Comp:20-1-4 0.211MBps 45.9ms</bind>
  <bind>Comp:20-1-5 Appliance-15 0.211MBps 45.9ms</bind>
  <bind>Appliance-15 Comp:20-1-5 0.211MBps 45.9ms</bind>
  <bind>Comp:20-1-6 Appliance-4 0.211MBps 45.9ms</bind>
  <bind>Appliance-4 Comp:20-1-6 0.211MBps 45.9ms</bind>
  <bind>Comp:20-1-7 Appliance-7 0.211MBps 45.9ms</bind>
  <bind>Appliance-7 Comp:20-1-7 0.211MBps 45.9ms</bind>
  <bind>Comp:20-1-8 Appliance-12 0.211MBps 45.9ms</bind>
  <bind>Appliance-12 Comp:20-1-8 0.211MBps 45.9ms</bind>
  <bind>Comp:20-2-0 Comp:20-1-0 0.294MBps 49.7ms</bind>
  <bind>Comp:20-1-0 Comp:20-2-0 0.294MBps 49.7ms</bind>
  <bind>Comp:20-2-1 Comp:20-1-1 0.294MBps 49.7ms</bind>
  <bind>Comp:20-1-1 Comp:20-2-1 0.294MBps 49.7ms</bind>
  <bind>Comp:20-2-2 Comp:20-1-2 0.294MBps 49.7ms</bind>
  <bind>Comp:20-1-2 Comp:20-2-2 0.294MBps 49.7ms</bind>
  <bind>Comp:20-2-3 Comp:20-1-3 0.294MBps 49.7ms</bind>
  <bind>Comp:20-1-3 Comp:20-2-3 0.294MBps 49.7ms</bind>
  <bind>Comp:20-2-4 Comp:20-1-4 0.294MBps 49.7ms</bind>
  <bind>Comp:20-1-4 Comp:20-2-4 0.294MBps 49.7ms</bind>
  <bind>Comp:20-2-5 Comp:20-1-5 0.294MBps 49.7ms</bind>
  <bind>Comp:20-1-5 Comp:20-2-5 0.294MBps 49.7ms</bind>
  <bind>Comp:20-2-0 Comp:20-1-6 0.294MBps 49.7ms</bind>
  <bind>Comp:20-1-6 Comp:20-2-0 0.294MBps 49.7ms</bind>
  <bind>Comp:20-2-1 Comp:20-1-7 0.294MBps 49.7ms</bind>
  <bind>Comp:20-1-7 Comp:20-2-1 0.294MBps 49.7ms</bind>
  <bind>Comp:20-2-2 Comp:20-1-8 0.294MBps 49.7ms</bind>
  <bind>Comp:20-1-8 Comp:20-2-2 0.294MBps 49.7ms</bind>
  <bind>Comp:20-3-0 Comp:20-2-0 0.21MBps 39.7ms</bind>
  <bind>Comp:20-2-0 Comp:20-3-0 0.21MBps 39.7ms</bind>
  <bind>Comp:20-3-1 Comp:20-2-1 0.21MBps 39.7ms</bind>
  <bind>Comp:20-2-1 Comp:20-3-1 0.21MBps 39.7ms</bind>
  <bind>Comp:20-3-2 Comp:20-2-2 0.21MBps 39.7ms</bind>
  <bind>Comp:20-2-2 Comp:20-3-2 0.21MBps 39.7ms</bind>
  <bind>Comp:20-3-3 Comp:20-2-3 0.21MBps 39.7ms</bind>
  <bind>Comp:20-2-3 Comp:20-3-3 0.21MBps 39.7ms</bind>
  <bind>Comp:20-3-4 Comp:20-2-4 0.21MBps 39.7ms</bind>
  <bind>Comp:20-2-4 Comp:20-3-4 0.21MBps 39.7ms</bind>
  <bind>Comp:20-3-0 Comp:20-2-5 0.21MBps 39.7ms</bind>
  <bind>Comp:20-2-5 Comp:20-3-0 0.21MBps 39.7ms</bind>
  <bind>Comp:20-3-0 Comp:20-4-0 0.182MBps 32.1ms</bind>
  <bind>Comp:20-4-0 Comp:20-3-0 0.182MBps 32.1ms</bind>
  <bind>Comp:20-3-1 Comp:20-4-1 0.182MBps 32.1ms</bind>
  <bind>Comp:20-4-1 Comp:20-3-1 0.182MBps 32.1ms</bind>
  <bind>Comp:20-3-2 Comp:20-4-2 0.182MBps 32.1ms</bind>
  <bind>Comp:20-4-2 Comp:20-3-2 0.182MBps 32.1ms</bind>
  <bind>Comp:20-3-3 Comp:20-4-3 0.182MBps 32.1ms</bind>
  <bind>Comp:20-4-3 Comp:20-3-3 0.182MBps 32.1ms</bind>
  <bind>Comp:20-3-4 Comp:20-4-4 0.182MBps 32.1ms</bind>
  <bind>Comp:20-4-4 Comp:20-3-4 0.182MBps 32.1ms</bind>
  <bind>Comp:20-3-0 Comp:20-4-5 0.182MBps 32.1ms</bind>
  <bind>Comp:20-4-5 Comp:20-3-0 0.182MBps 32.1ms</bind>
  <bind>Comp:20-3-1 Comp:20-4-6 0.182MBps 32.1ms</bind>
  <bind>Comp:20-4-6 Comp:20-3-1 0.182MBps 32.1ms</bind>
  <bind>Comp:20-3-2 Comp:20-4-7 0.182MBps 32.1ms</bind>
  <bind>Comp:20-4-7 Comp:20-3-2 0.182MBps 32.1ms</bind>
</app>
<app>
  <id>App21</id>
<comp>
  <id>Comp:21-0-0</id>
  <CPU>0.296Gf</CPU>
  <RAM>0.601GB</RAM>
  <DISK>1.05GB</DISK>
</comp>
<comp>
  <id>Comp:21-1-0</id>
  <CPU>0.247Gf</CPU>
  <RAM>0.738GB</RAM>
  <DISK>1.39GB</DISK>
</comp>
<comp>
  <id>Comp:21-1-1</id>
  <CPU>0.247Gf</CPU>
  <RAM>0.738GB</RAM>
  <DISK>1.39GB</DISK>
</comp>
<comp>
  <id>Comp:21-1-2</id>
  <CPU>0.247Gf</CPU>
  <RAM>0.738GB</RAM>
  <DISK>1.39GB</DISK>
</comp>
<comp>
  <id>Comp:21-1-3</id>
  <CPU>0.247Gf</CPU>
  <RAM>0.738GB</RAM>
  <DISK>1.39GB</DISK>
</comp>
<comp>
  <id>Comp:21-1-4</id>
  <CPU>0.247Gf</CPU>
  <RAM>0.738GB</RAM>
  <DISK>1.39GB</DISK>
</comp>
<comp>
  <id>Comp:21-1-5</id>
  <CPU>0.247Gf</CPU>
  <RAM>0.738GB</RAM>
  <DISK>1.39GB</DISK>
</comp>
<comp>
  <id>Comp:21-2-0</id>
  <CPU>0.279Gf</CPU>
  <RAM>0.705GB</RAM>
  <DISK>0.975GB</DISK>
</comp>
<comp>
  <id>Comp:21-2-1</id>
  <CPU>0.279Gf</CPU>
  <RAM>0.705GB</RAM>
  <DISK>0.975GB</DISK>
</comp>
<comp>
  <id>Comp:21-2-2</id>
  <CPU>0.279Gf</CPU>
  <RAM>0.705GB</RAM>
  <DISK>0.975GB</DISK>
</comp>
<comp>
  <id>Comp:21-2-3</id>
  <CPU>0.279Gf</CPU>
  <RAM>0.705GB</RAM>
  <DISK>0.975GB</DISK>
</comp>
<comp>
  <id>Comp:21-2-4</id>
  <CPU>0.279Gf</CPU>
  <RAM>0.705GB</RAM>
  <DISK>0.975GB</DISK>
</comp>
<comp>
  <id>Comp:21-2-5</id>
  <CPU>0.279Gf</CPU>
  <RAM>0.705GB</RAM>
  <DISK>0.975GB</DISK>
</comp>
<comp>
  <id>Comp:21-2-6</id>
  <CPU>0.279Gf</CPU>
  <RAM>0.705GB</RAM>
  <DISK>0.975GB</DISK>
</comp>
<comp>
  <id>Comp:21-2-7</id>
  <CPU>0.279Gf</CPU>
  <RAM>0.705GB</RAM>
  <DISK>0.975GB</DISK>
</comp>
<comp>
  <id>Comp:21-2-8</id>
  <CPU>0.279Gf</CPU>
  <RAM>0.705GB</RAM>
  <DISK>0.975GB</DISK>
</comp>
<comp>
  <id>Comp:21-2-9</id>
  <CPU>0.279Gf</CPU>
  <RAM>0.705GB</RAM>
  <DISK>0.975GB</DISK>
</comp>
  <bind>Comp:21-1-0 Comp:21-0-0 0.0426MBps 30.7ms</bind>
  <bind>Comp:21-0-0 Comp:21-1-0 0.0426MBps 30.7ms</bind>
  <bind>Comp:21-1-1 Comp:21-0-0 0.0426MBps 30.7ms</bind>
  <bind>Comp:21-0-0 Comp:21-1-1 0.0426MBps 30.7ms</bind>
  <bind>Comp:21-1-2 Comp:21-0-0 0.0426MBps 30.7ms</bind>
  <bind>Comp:21-0-0 Comp:21-1-2 0.0426MBps 30.7ms</bind>
  <bind>Comp:21-1-3 Comp:21-0-0 0.0426MBps 30.7ms</bind>
  <bind>Comp:21-0-0 Comp:21-1-3 0.0426MBps 30.7ms</bind>
  <bind>Comp:21-1-4 Comp:21-0-0 0.0426MBps 30.7ms</bind>
  <bind>Comp:21-0-0 Comp:21-1-4 0.0426MBps 30.7ms</bind>
  <bind>Comp:21-1-5 Comp:21-0-0 0.0426MBps 30.7ms</bind>
  <bind>Comp:21-0-0 Comp:21-1-5 0.0426MBps 30.7ms</bind>
  <bind>Comp:21-2-0 Comp:21-1-0 0.558MBps 47.5ms</bind>
  <bind>Comp:21-1-0 Comp:21-2-0 0.558MBps 47.5ms</bind>
  <bind>Comp:21-2-1 Comp:21-1-1 0.558MBps 47.5ms</bind>
  <bind>Comp:21-1-1 Comp:21-2-1 0.558MBps 47.5ms</bind>
  <bind>Comp:21-2-2 Comp:21-1-2 0.558MBps 47.5ms</bind>
  <bind>Comp:21-1-2 Comp:21-2-2 0.558MBps 47.5ms</bind>
  <bind>Comp:21-2-3 Comp:21-1-3 0.558MBps 47.5ms</bind>
  <bind>Comp:21-1-3 Comp:21-2-3 0.558MBps 47.5ms</bind>
  <bind>Comp:21-2-4 Comp:21-1-4 0.558MBps 47.5ms</bind>
  <bind>Comp:21-1-4 Comp:21-2-4 0.558MBps 47.5ms</bind>
  <bind>Comp:21-2-5 Comp:21-1-5 0.558MBps 47.5ms</bind>
  <bind>Comp:21-1-5 Comp:21-2-5 0.558MBps 47.5ms</bind>
  <bind>Comp:21-2-6 Comp:21-1-0 0.558MBps 47.5ms</bind>
  <bind>Comp:21-1-0 Comp:21-2-6 0.558MBps 47.5ms</bind>
  <bind>Comp:21-2-7 Comp:21-1-1 0.558MBps 47.5ms</bind>
  <bind>Comp:21-1-1 Comp:21-2-7 0.558MBps 47.5ms</bind>
  <bind>Comp:21-2-8 Comp:21-1-2 0.558MBps 47.5ms</bind>
  <bind>Comp:21-1-2 Comp:21-2-8 0.558MBps 47.5ms</bind>
  <bind>Comp:21-2-9 Comp:21-1-3 0.558MBps 47.5ms</bind>
  <bind>Comp:21-1-3 Comp:21-2-9 0.558MBps 47.5ms</bind>
  <bind>Comp:21-2-0 Appliance-33 0.201MBps 48.1ms</bind>
  <bind>Appliance-33 Comp:21-2-0 0.201MBps 48.1ms</bind>
  <bind>Comp:21-2-1 Appliance-7 0.201MBps 48.1ms</bind>
  <bind>Appliance-7 Comp:21-2-1 0.201MBps 48.1ms</bind>
  <bind>Comp:21-2-2 Appliance-39 0.201MBps 48.1ms</bind>
  <bind>Appliance-39 Comp:21-2-2 0.201MBps 48.1ms</bind>
  <bind>Comp:21-2-3 Appliance-10 0.201MBps 48.1ms</bind>
  <bind>Appliance-10 Comp:21-2-3 0.201MBps 48.1ms</bind>
  <bind>Comp:21-2-4 Appliance-33 0.201MBps 48.1ms</bind>
  <bind>Appliance-33 Comp:21-2-4 0.201MBps 48.1ms</bind>
  <bind>Comp:21-2-5 Appliance-24 0.201MBps 48.1ms</bind>
  <bind>Appliance-24 Comp:21-2-5 0.201MBps 48.1ms</bind>
  <bind>Comp:21-2-6 Appliance-15 0.201MBps 48.1ms</bind>
  <bind>Appliance-15 Comp:21-2-6 0.201MBps 48.1ms</bind>
  <bind>Comp:21-2-7 Appliance-33 0.201MBps 48.1ms</bind>
  <bind>Appliance-33 Comp:21-2-7 0.201MBps 48.1ms</bind>
  <bind>Comp:21-2-8 Appliance-7 0.201MBps 48.1ms</bind>
  <bind>Appliance-7 Comp:21-2-8 0.201MBps 48.1ms</bind>
  <bind>Comp:21-2-9 Appliance-39 0.201MBps 48.1ms</bind>
  <bind>Appliance-39 Comp:21-2-9 0.201MBps 48.1ms</bind>
</app>
</apps>
