<?xml version="1.0"?>
<apps>
<app>
  <id>App1</id>
<comp>
  <id>Comp:1-0-0</id>
  <CPU>0.764Gf</CPU>
  <RAM>0.801GB</RAM>
  <DISK>0.12GB</DISK>
</comp>
<comp>
  <id>Comp:1-0-1</id>
  <CPU>0.764Gf</CPU>
  <RAM>0.801GB</RAM>
  <DISK>0.12GB</DISK>
</comp>
<comp>
  <id>Comp:1-0-2</id>
  <CPU>0.764Gf</CPU>
  <RAM>0.801GB</RAM>
  <DISK>0.12GB</DISK>
</comp>
<comp>
  <id>Comp:1-1-0</id>
  <CPU>0.317Gf</CPU>
  <RAM>0.724GB</RAM>
  <DISK>0.0659GB</DISK>
</comp>
<comp>
  <id>Comp:1-1-1</id>
  <CPU>0.317Gf</CPU>
  <RAM>0.724GB</RAM>
  <DISK>0.0659GB</DISK>
</comp>
<comp>
  <id>Comp:1-1-2</id>
  <CPU>0.317Gf</CPU>
  <RAM>0.724GB</RAM>
  <DISK>0.0659GB</DISK>
</comp>
<comp>
  <id>Comp:1-1-3</id>
  <CPU>0.317Gf</CPU>
  <RAM>0.724GB</RAM>
  <DISK>0.0659GB</DISK>
</comp>
<comp>
  <id>Comp:1-1-4</id>
  <CPU>0.317Gf</CPU>
  <RAM>0.724GB</RAM>
  <DISK>0.0659GB</DISK>
</comp>
<comp>
  <id>Comp:1-1-5</id>
  <CPU>0.317Gf</CPU>
  <RAM>0.724GB</RAM>
  <DISK>0.0659GB</DISK>
</comp>
<comp>
  <id>Comp:1-1-6</id>
  <CPU>0.317Gf</CPU>
  <RAM>0.724GB</RAM>
  <DISK>0.0659GB</DISK>
</comp>
<comp>
  <id>Comp:1-1-7</id>
  <CPU>0.317Gf</CPU>
  <RAM>0.724GB</RAM>
  <DISK>0.0659GB</DISK>
</comp>
<comp>
  <id>Comp:1-2-0</id>
  <CPU>0.779Gf</CPU>
  <RAM>0.527GB</RAM>
  <DISK>1.49GB</DISK>
</comp>
<comp>
  <id>Comp:1-2-1</id>
  <CPU>0.779Gf</CPU>
  <RAM>0.527GB</RAM>
  <DISK>1.49GB</DISK>
</comp>
<comp>
  <id>Comp:1-2-2</id>
  <CPU>0.779Gf</CPU>
  <RAM>0.527GB</RAM>
  <DISK>1.49GB</DISK>
</comp>
<comp>
  <id>Comp:1-3-0</id>
  <CPU>0.541Gf</CPU>
  <RAM>0.442GB</RAM>
  <DISK>1.01GB</DISK>
</comp>
<comp>
  <id>Comp:1-3-1</id>
  <CPU>0.541Gf</CPU>
  <RAM>0.442GB</RAM>
  <DISK>1.01GB</DISK>
</comp>
<comp>
  <id>Comp:1-4-0</id>
  <CPU>0.904Gf</CPU>
  <RAM>0.809GB</RAM>
  <DISK>1.93GB</DISK>
</comp>
<comp>
  <id>Comp:1-4-1</id>
  <CPU>0.904Gf</CPU>
  <RAM>0.809GB</RAM>
  <DISK>1.93GB</DISK>
</comp>
<comp>
  <id>Comp:1-4-2</id>
  <CPU>0.904Gf</CPU>
  <RAM>0.809GB</RAM>
  <DISK>1.93GB</DISK>
</comp>
<comp>
  <id>Comp:1-4-3</id>
  <CPU>0.904Gf</CPU>
  <RAM>0.809GB</RAM>
  <DISK>1.93GB</DISK>
</comp>
<comp>
  <id>Comp:1-4-4</id>
  <CPU>0.904Gf</CPU>
  <RAM>0.809GB</RAM>
  <DISK>1.93GB</DISK>
</comp>
<comp>
  <id>Comp:1-4-5</id>
  <CPU>0.904Gf</CPU>
  <RAM>0.809GB</RAM>
  <DISK>1.93GB</DISK>
</comp>
<comp>
  <id>Comp:1-5-0</id>
  <CPU>0.693Gf</CPU>
  <RAM>0.731GB</RAM>
  <DISK>1.56GB</DISK>
</comp>
<comp>
  <id>Comp:1-5-1</id>
  <CPU>0.693Gf</CPU>
  <RAM>0.731GB</RAM>
  <DISK>1.56GB</DISK>
</comp>
<comp>
  <id>Comp:1-5-2</id>
  <CPU>0.693Gf</CPU>
  <RAM>0.731GB</RAM>
  <DISK>1.56GB</DISK>
</comp>
<comp>
  <id>Comp:1-5-3</id>
  <CPU>0.693Gf</CPU>
  <RAM>0.731GB</RAM>
  <DISK>1.56GB</DISK>
</comp>
  <bind>Comp:1-1-0 Comp:1-0-0 0.181MBps 43.4ms</bind>
  <bind>Comp:1-0-0 Comp:1-1-0 0.181MBps 43.4ms</bind>
  <bind>Comp:1-1-1 Comp:1-0-1 0.181MBps 43.4ms</bind>
  <bind>Comp:1-0-1 Comp:1-1-1 0.181MBps 43.4ms</bind>
  <bind>Comp:1-1-2 Comp:1-0-2 0.181MBps 43.4ms</bind>
  <bind>Comp:1-0-2 Comp:1-1-2 0.181MBps 43.4ms</bind>
  <bind>Comp:1-1-3 Comp:1-0-0 0.181MBps 43.4ms</bind>
  <bind>Comp:1-0-0 Comp:1-1-3 0.181MBps 43.4ms</bind>
  <bind>Comp:1-1-4 Comp:1-0-1 0.181MBps 43.4ms</bind>
  <bind>Comp:1-0-1 Comp:1-1-4 0.181MBps 43.4ms</bind>
  <bind>Comp:1-1-5 Comp:1-0-2 0.181MBps 43.4ms</bind>
  <bind>Comp:1-0-2 Comp:1-1-5 0.181MBps 43.4ms</bind>
  <bind>Comp:1-1-6 Comp:1-0-0 0.181MBps 43.4ms</bind>
  <bind>Comp:1-0-0 Comp:1-1-6 0.181MBps 43.4ms</bind>
  <bind>Comp:1-1-7 Comp:1-0-1 0.181MBps 43.4ms</bind>
  <bind>Comp:1-0-1 Comp:1-1-7 0.181MBps 43.4ms</bind>
  <bind>Comp:1-2-0 Comp:1-1-0 0.227MBps 43.2ms</bind>
  <bind>Comp:1-1-0 Comp:1-2-0 0.227MBps 43.2ms</bind>
  <bind>Comp:1-2-1 Comp:1-1-1 0.227MBps 43.2ms</bind>
  <bind>Comp:1-1-1 Comp:1-2-1 0.227MBps 43.2ms</bind>
  <bind>Comp:1-2-2 Comp:1-1-2 0.227MBps 43.2ms</bind>
  <bind>Comp:1-1-2 Comp:1-2-2 0.227MBps 43.2ms</bind>
  <bind>Comp:1-2-0 Comp:1-1-3 0.227MBps 43.2ms</bind>
  <bind>Comp:1-1-3 Comp:1-2-0 0.227MBps 43.2ms</bind>
  <bind>Comp:1-2-1 Comp:1-1-4 0.227MBps 43.2ms</bind>
  <bind>Comp:1-1-4 Comp:1-2-1 0.227MBps 43.2ms</bind>
  <bind>Comp:1-2-2 Comp:1-1-5 0.227MBps 43.2ms</bind>
  <bind>Comp:1-1-5 Comp:1-2-2 0.227MBps 43.2ms</bind>
  <bind>Comp:1-2-0 Comp:1-1-6 0.227MBps 43.2ms</bind>
  <bind>Comp:1-1-6 Comp:1-2-0 0.227MBps 43.2ms</bind>
  <bind>Comp:1-2-1 Comp:1-1-7 0.227MBps 43.2ms</bind>
  <bind>Comp:1-1-7 Comp:1-2-1 0.227MBps 43.2ms</bind>
  <bind>Comp:1-3-0 Comp:1-2-0 0.658MBps 47.8ms</bind>
  <bind>Comp:1-2-0 Comp:1-3-0 0.658MBps 47.8ms</bind>
  <bind>Comp:1-3-1 Comp:1-2-1 0.658MBps 47.8ms</bind>
  <bind>Comp:1-2-1 Comp:1-3-1 0.658MBps 47.8ms</bind>
  <bind>Comp:1-3-0 Comp:1-2-2 0.658MBps 47.8ms</bind>
  <bind>Comp:1-2-2 Comp:1-3-0 0.658MBps 47.8ms</bind>
  <bind>Comp:1-4-0 Comp:1-3-0 0.204MBps 31.1ms</bind>
  <bind>Comp:1-3-0 Comp:1-4-0 0.204MBps 31.1ms</bind>
  <bind>Comp:1-4-1 Comp:1-3-1 0.204MBps 31.1ms</bind>
  <bind>Comp:1-3-1 Comp:1-4-1 0.204MBps 31.1ms</bind>
  <bind>Comp:1-4-2 Comp:1-3-0 0.204MBps 31.1ms</bind>
  <bind>Comp:1-3-0 Comp:1-4-2 0.204MBps 31.1ms</bind>
  <bind>Comp:1-4-3 Comp:1-3-1 0.204MBps 31.1ms</bind>
  <bind>Comp:1-3-1 Comp:1-4-3 0.204MBps 31.1ms</bind>
  <bind>Comp:1-4-4 Comp:1-3-0 0.204MBps 31.1ms</bind>
  <bind>Comp:1-3-0 Comp:1-4-4 0.204MBps 31.1ms</bind>
  <bind>Comp:1-4-5 Comp:1-3-1 0.204MBps 31.1ms</bind>
  <bind>Comp:1-3-1 Comp:1-4-5 0.204MBps 31.1ms</bind>
  <bind>Comp:1-5-0 Comp:1-4-0 0.122MBps 43.5ms</bind>
  <bind>Comp:1-4-0 Comp:1-5-0 0.122MBps 43.5ms</bind>
  <bind>Comp:1-5-1 Comp:1-4-1 0.122MBps 43.5ms</bind>
  <bind>Comp:1-4-1 Comp:1-5-1 0.122MBps 43.5ms</bind>
  <bind>Comp:1-5-2 Comp:1-4-2 0.122MBps 43.5ms</bind>
  <bind>Comp:1-4-2 Comp:1-5-2 0.122MBps 43.5ms</bind>
  <bind>Comp:1-5-3 Comp:1-4-3 0.122MBps 43.5ms</bind>
  <bind>Comp:1-4-3 Comp:1-5-3 0.122MBps 43.5ms</bind>
  <bind>Comp:1-5-0 Comp:1-4-4 0.122MBps 43.5ms</bind>
  <bind>Comp:1-4-4 Comp:1-5-0 0.122MBps 43.5ms</bind>
  <bind>Comp:1-5-1 Comp:1-4-5 0.122MBps 43.5ms</bind>
  <bind>Comp:1-4-5 Comp:1-5-1 0.122MBps 43.5ms</bind>
  <bind>Comp:1-5-0 Appliance-2 0.657MBps 26.2ms</bind>
  <bind>Appliance-2 Comp:1-5-0 0.657MBps 26.2ms</bind>
  <bind>Comp:1-5-1 Appliance-28 0.657MBps 26.2ms</bind>
  <bind>Appliance-28 Comp:1-5-1 0.657MBps 26.2ms</bind>
  <bind>Comp:1-5-2 Appliance-7 0.657MBps 26.2ms</bind>
  <bind>Appliance-7 Comp:1-5-2 0.657MBps 26.2ms</bind>
  <bind>Comp:1-5-3 Appliance-2 0.657MBps 26.2ms</bind>
  <bind>Appliance-2 Comp:1-5-3 0.657MBps 26.2ms</bind>
</app>
<app>
  <id>App10</id>
<comp>
  <id>Comp:10-0-0</id>
  <CPU>0.957Gf</CPU>
  <RAM>0.684GB</RAM>
  <DISK>0.795GB</DISK>
</comp>
<comp>
  <id>Comp:10-0-1</id>
  <CPU>0.957Gf</CPU>
  <RAM>0.684GB</RAM>
  <DISK>0.795GB</DISK>
</comp>
<comp>
  <id>Comp:10-0-2</id>
  <CPU>0.957Gf</CPU>
  <RAM>0.684GB</RAM>
  <DISK>0.795GB</DISK>
</comp>
<comp>
  <id>Comp:10-0-3</id>
  <CPU>0.957Gf</CPU>
  <RAM>0.684GB</RAM>
  <DISK>0.795GB</DISK>
</comp>
<comp>
  <id>Comp:10-0-4</id>
  <CPU>0.957Gf</CPU>
  <RAM>0.684GB</RAM>
  <DISK>0.795GB</DISK>
</comp>
<comp>
  <id>Comp:10-0-5</id>
  <CPU>0.957Gf</CPU>
  <RAM>0.684GB</RAM>
  <DISK>0.795GB</DISK>
</comp>
<comp>
  <id>Comp:10-0-6</id>
  <CPU>0.957Gf</CPU>
  <RAM>0.684GB</RAM>
  <DISK>0.795GB</DISK>
</comp>
<comp>
  <id>Comp:10-0-7</id>
  <CPU>0.957Gf</CPU>
  <RAM>0.684GB</RAM>
  <DISK>0.795GB</DISK>
</comp>
<comp>
  <id>Comp:10-0-8</id>
  <CPU>0.957Gf</CPU>
  <RAM>0.684GB</RAM>
  <DISK>0.795GB</DISK>
</comp>
<comp>
  <id>Comp:10-0-9</id>
  <CPU>0.957Gf</CPU>
  <RAM>0.684GB</RAM>
  <DISK>0.795GB</DISK>
</comp>
<comp>
  <id>Comp:10-1-0</id>
  <CPU>0.732Gf</CPU>
  <RAM>0.809GB</RAM>
  <DISK>1.49GB</DISK>
</comp>
<comp>
  <id>Comp:10-1-1</id>
  <CPU>0.732Gf</CPU>
  <RAM>0.809GB</RAM>
  <DISK>1.49GB</DISK>
</comp>
<comp>
  <id>Comp:10-1-2</id>
  <CPU>0.732Gf</CPU>
  <RAM>0.809GB</RAM>
  <DISK>1.49GB</DISK>
</comp>
<comp>
  <id>Comp:10-1-3</id>
  <CPU>0.732Gf</CPU>
  <RAM>0.809GB</RAM>
  <DISK>1.49GB</DISK>
</comp>
<comp>
  <id>Comp:10-1-4</id>
  <CPU>0.732Gf</CPU>
  <RAM>0.809GB</RAM>
  <DISK>1.49GB</DISK>
</comp>
<comp>
  <id>Comp:10-1-5</id>
  <CPU>0.732Gf</CPU>
  <RAM>0.809GB</RAM>
  <DISK>1.49GB</DISK>
</comp>
<comp>
  <id>Comp:10-2-0</id>
  <CPU>0.937Gf</CPU>
  <RAM>0.511GB</RAM>
  <DISK>0.436GB</DISK>
</comp>
<comp>
  <id>Comp:10-2-1</id>
  <CPU>0.937Gf</CPU>
  <RAM>0.511GB</RAM>
  <DISK>0.436GB</DISK>
</comp>
<comp>
  <id>Comp:10-2-2</id>
  <CPU>0.937Gf</CPU>
  <RAM>0.511GB</RAM>
  <DISK>0.436GB</DISK>
</comp>
<comp>
  <id>Comp:10-2-3</id>
  <CPU>0.937Gf</CPU>
  <RAM>0.511GB</RAM>
  <DISK>0.436GB</DISK>
</comp>
<comp>
  <id>Comp:10-2-4</id>
  <CPU>0.937Gf</CPU>
  <RAM>0.511GB</RAM>
  <DISK>0.436GB</DISK>
</comp>
  <bind>Comp:10-1-0 Comp:10-0-0 0.109MBps 27.3ms</bind>
  <bind>Comp:10-0-0 Comp:10-1-0 0.109MBps 27.3ms</bind>
  <bind>Comp:10-1-1 Comp:10-0-1 0.109MBps 27.3ms</bind>
  <bind>Comp:10-0-1 Comp:10-1-1 0.109MBps 27.3ms</bind>
  <bind>Comp:10-1-2 Comp:10-0-2 0.109MBps 27.3ms</bind>
  <bind>Comp:10-0-2 Comp:10-1-2 0.109MBps 27.3ms</bind>
  <bind>Comp:10-1-3 Comp:10-0-3 0.109MBps 27.3ms</bind>
  <bind>Comp:10-0-3 Comp:10-1-3 0.109MBps 27.3ms</bind>
  <bind>Comp:10-1-4 Comp:10-0-4 0.109MBps 27.3ms</bind>
  <bind>Comp:10-0-4 Comp:10-1-4 0.109MBps 27.3ms</bind>
  <bind>Comp:10-1-5 Comp:10-0-5 0.109MBps 27.3ms</bind>
  <bind>Comp:10-0-5 Comp:10-1-5 0.109MBps 27.3ms</bind>
  <bind>Comp:10-1-0 Comp:10-0-6 0.109MBps 27.3ms</bind>
  <bind>Comp:10-0-6 Comp:10-1-0 0.109MBps 27.3ms</bind>
  <bind>Comp:10-1-1 Comp:10-0-7 0.109MBps 27.3ms</bind>
  <bind>Comp:10-0-7 Comp:10-1-1 0.109MBps 27.3ms</bind>
  <bind>Comp:10-1-2 Comp:10-0-8 0.109MBps 27.3ms</bind>
  <bind>Comp:10-0-8 Comp:10-1-2 0.109MBps 27.3ms</bind>
  <bind>Comp:10-1-3 Comp:10-0-9 0.109MBps 27.3ms</bind>
  <bind>Comp:10-0-9 Comp:10-1-3 0.109MBps 27.3ms</bind>
  <bind>Comp:10-2-0 Comp:10-1-0 0.328MBps 32.3ms</bind>
  <bind>Comp:10-1-0 Comp:10-2-0 0.328MBps 32.3ms</bind>
  <bind>Comp:10-2-1 Comp:10-1-1 0.328MBps 32.3ms</bind>
  <bind>Comp:10-1-1 Comp:10-2-1 0.328MBps 32.3ms</bind>
  <bind>Comp:10-2-2 Comp:10-1-2 0.328MBps 32.3ms</bind>
  <bind>Comp:10-1-2 Comp:10-2-2 0.328MBps 32.3ms</bind>
  <bind>Comp:10-2-3 Comp:10-1-3 0.328MBps 32.3ms</bind>
  <bind>Comp:10-1-3 Comp:10-2-3 0.328MBps 32.3ms</bind>
  <bind>Comp:10-2-4 Comp:10-1-4 0.328MBps 32.3ms</bind>
  <bind>Comp:10-1-4 Comp:10-2-4 0.328MBps 32.3ms</bind>
  <bind>Comp:10-2-0 Comp:10-1-5 0.328MBps 32.3ms</bind>
  <bind>Comp:10-1-5 Comp:10-2-0 0.328MBps 32.3ms</bind>
  <bind>Comp:10-2-0 Appliance-18 0.474MBps 39.7ms</bind>
  <bind>Appliance-18 Comp:10-2-0 0.474MBps 39.7ms</bind>
  <bind>Comp:10-2-1 Appliance-23 0.474MBps 39.7ms</bind>
  <bind>Appliance-23 Comp:10-2-1 0.474MBps 39.7ms</bind>
  <bind>Comp:10-2-2 Appliance-9 0.474MBps 39.7ms</bind>
  <bind>Appliance-9 Comp:10-2-2 0.474MBps 39.7ms</bind>
  <bind>Comp:10-2-3 Appliance-27 0.474MBps 39.7ms</bind>
  <bind>Appliance-27 Comp:10-2-3 0.474MBps 39.7ms</bind>
  <bind>Comp:10-2-4 Appliance-18 0.474MBps 39.7ms</bind>
  <bind>Appliance-18 Comp:10-2-4 0.474MBps 39.7ms</bind>
</app>
<app>
  <id>App11</id>
<comp>
  <id>Comp:11-0-0</id>
  <CPU>0.972Gf</CPU>
  <RAM>0.687GB</RAM>
  <DISK>1.99GB</DISK>
</comp>
<comp>
  <id>Comp:11-0-1</id>
  <CPU>0.972Gf</CPU>
  <RAM>0.687GB</RAM>
  <DISK>1.99GB</DISK>
</comp>
<comp>
  <id>Comp:11-0-2</id>
  <CPU>0.972Gf</CPU>
  <RAM>0.687GB</RAM>
  <DISK>1.99GB</DISK>
</comp>
<comp>
  <id>Comp:11-0-3</id>
  <CPU>0.972Gf</CPU>
  <RAM>0.687GB</RAM>
  <DISK>1.99GB</DISK>
</comp>
<comp>
  <id>Comp:11-0-4</id>
  <CPU>0.972Gf</CPU>
  <RAM>0.687GB</RAM>
  <DISK>1.99GB</DISK>
</comp>
<comp>
  <id>Comp:11-0-5</id>
  <CPU>0.972Gf</CPU>
  <RAM>0.687GB</RAM>
  <DISK>1.99GB</DISK>
</comp>
<comp>
  <id>Comp:11-0-6</id>
  <CPU>0.972Gf</CPU>
  <RAM>0.687GB</RAM>
  <DISK>1.99GB</DISK>
</comp>
<comp>
  <id>Comp:11-1-0</id>
  <CPU>0.943Gf</CPU>
  <RAM>0.706GB</RAM>
  <DISK>1.31GB</DISK>
</comp>
<comp>
  <id>Comp:11-1-1</id>
  <CPU>0.943Gf</CPU>
  <RAM>0.706GB</RAM>
  <DISK>1.31GB</DISK>
</comp>
<comp>
  <id>Comp:11-1-2</id>
  <CPU>0.943Gf</CPU>
  <RAM>0.706GB</RAM>
  <DISK>1.31GB</DISK>
</comp>
<comp>
  <id>Comp:11-1-3</id>
  <CPU>0.943Gf</CPU>
  <RAM>0.706GB</RAM>
  <DISK>1.31GB</DISK>
</comp>
<comp>
  <id>Comp:11-1-4</id>
  <CPU>0.943Gf</CPU>
  <RAM>0.706GB</RAM>
  <DISK>1.31GB</DISK>
</comp>
<comp>
  <id>Comp:11-1-5</id>
  <CPU>0.943Gf</CPU>
  <RAM>0.706GB</RAM>
  <DISK>1.31GB</DISK>
</comp>
<comp>
  <id>Comp:11-1-6</id>
  <CPU>0.943Gf</CPU>
  <RAM>0.706GB</RAM>
  <DISK>1.31GB</DISK>
</comp>
<comp>
  <id>Comp:11-1-7</id>
  <CPU>0.943Gf</CPU>
  <RAM>0.706GB</RAM>
  <DISK>1.31GB</DISK>
</comp>
<comp>
  <id>Comp:11-1-8</id>
  <CPU>0.943Gf</CPU>
  <RAM>0.706GB</RAM>
  <DISK>1.31GB</DISK>
</comp>
<comp>
  <id>Comp:11-1-9</id>
  <CPU>0.943Gf</CPU>
  <RAM>0.706GB</RAM>
  <DISK>1.31GB</DISK>
</comp>
  <bind>Comp:11-1-0 Comp:11-0-0 0.715MBps 36.4ms</bind>
  <bind>Comp:11-0-0 Comp:11-1-0 0.715MBps 36.4ms</bind>
  <bind>Comp:11-1-1 Comp:11-0-1 0.715MBps 36.4ms</bind>
  <bind>Comp:11-0-1 Comp:11-1-1 0.715MBps 36.4ms</bind>
  <bind>Comp:11-1-2 Comp:11-0-2 0.715MBps 36.4ms</bind>
  <bind>Comp:11-0-2 Comp:11-1-2 0.715MBps 36.4ms</bind>
  <bind>Comp:11-1-3 Comp:11-0-3 0.715MBps 36.4ms</bind>
  <bind>Comp:11-0-3 Comp:11-1-3 0.715MBps 36.4ms</bind>
  <bind>Comp:11-1-4 Comp:11-0-4 0.715MBps 36.4ms</bind>
  <bind>Comp:11-0-4 Comp:11-1-4 0.715MBps 36.4ms</bind>
  <bind>Comp:11-1-5 Comp:11-0-5 0.715MBps 36.4ms</bind>
  <bind>Comp:11-0-5 Comp:11-1-5 0.715MBps 36.4ms</bind>
  <bind>Comp:11-1-6 Comp:11-0-6 0.715MBps 36.4ms</bind>
  <bind>Comp:11-0-6 Comp:11-1-6 0.715MBps 36.4ms</bind>
  <bind>Comp:11-1-7 Comp:11-0-0 0.715MBps 36.4ms</bind>
  <bind>Comp:11-0-0 Comp:11-1-7 0.715MBps 36.4ms</bind>
  <bind>Comp:11-1-8 Comp:11-0-1 0.715MBps 36.4ms</bind>
  <bind>Comp:11-0-1 Comp:11-1-8 0.715MBps 36.4ms</bind>
  <bind>Comp:11-1-9 Comp:11-0-2 0.715MBps 36.4ms</bind>
  <bind>Comp:11-0-2 Comp:11-1-9 0.715MBps 36.4ms</bind>
  <bind>Comp:11-1-0 Appliance-1 0.449MBps 30.0ms</bind>
  <bind>Appliance-1 Comp:11-1-0 0.449MBps 30.0ms</bind>
  <bind>Comp:11-1-1 Appliance-37 0.449MBps 30.0ms</bind>
  <bind>Appliance-37 Comp:11-1-1 0.449MBps 30.0ms</bind>
  <bind>Comp:11-1-2 Appliance-19 0.449MBps 30.0ms</bind>
  <bind>Appliance-19 Comp:11-1-2 0.449MBps 30.0ms</bind>
  <bind>Comp:11-1-3 Appliance-30 0.449MBps 30.0ms</bind>
  <bind>Appliance-30 Comp:11-1-3 0.449MBps 30.0ms</bind>
  <bind>Comp:11-1-4 Appliance-16 0.449MBps 30.0ms</bind>
  <bind>Appliance-16 Comp:11-1-4 0.449MBps 30.0ms</bind>
  <bind>Comp:11-1-5 Appliance-1 0.449MBps 30.0ms</bind>
  <bind>Appliance-1 Comp:11-1-5 0.449MBps 30.0ms</bind>
  <bind>Comp:11-1-6 Appliance-37 0.449MBps 30.0ms</bind>
  <bind>Appliance-37 Comp:11-1-6 0.449MBps 30.0ms</bind>
  <bind>Comp:11-1-7 Appliance-19 0.449MBps 30.0ms</bind>
  <bind>Appliance-19 Comp:11-1-7 0.449MBps 30.0ms</bind>
  <bind>Comp:11-1-8 Appliance-30 0.449MBps 30.0ms</bind>
  <bind>Appliance-30 Comp:11-1-8 0.449MBps 30.0ms</bind>
  <bind>Comp:11-1-9 Appliance-16 0.449MBps 30.0ms</bind>
  <bind>Appliance-16 Comp:11-1-9 0.449MBps 30.0ms</bind>
</app>
<app>
  <id>App12</id>
<comp>
  <id>Comp:12-1-0</id>
  <CPU>0.803Gf</CPU>
  <RAM>0.848GB</RAM>
  <DISK>1.93GB</DISK>
</comp>
<comp>
  <id>Comp:12-1-1</id>
  <CPU>0.803Gf</CPU>
  <RAM>0.848GB</RAM>
  <DISK>1.93GB</DISK>
</comp>
<comp>
  <id>Comp:12-1-2</id>
  <CPU>0.803Gf</CPU>
  <RAM>0.848GB</RAM>
  <DISK>1.93GB</DISK>
</comp>
<comp>
  <id>Comp:12-1-3</id>
  <CPU>0.803Gf</CPU>
  <RAM>0.848GB</RAM>
  <DISK>1.93GB</DISK>
</comp>
<comp>
  <id>Comp:12-1-4</id>
  <CPU>0.803Gf</CPU>
  <RAM>0.848GB</RAM>
  <DISK>1.93GB</DISK>
</comp>
<comp>
  <id>Comp:12-1-5</id>
  <CPU>0.803Gf</CPU>
  <RAM>0.848GB</RAM>
  <DISK>1.93GB</DISK>
</comp>
<comp>
  <id>Comp:12-1-6</id>
  <CPU>0.803Gf</CPU>
  <RAM>0.848GB</RAM>
  <DISK>1.93GB</DISK>
</comp>
<comp>
  <id>Comp:12-1-7</id>
  <CPU>0.803Gf</CPU>
  <RAM>0.848GB</RAM>
  <DISK>1.93GB</DISK>
</comp>
  <bind>Comp:12-1-0 Appliance-7 0.821MBps 46.8ms</bind>
  <bind>Appliance-7 Comp:12-1-0 0.821MBps 46.8ms</bind>
  <bind>Comp:12-1-1 Appliance-9 0.821MBps 46.8ms</bind>
  <bind>Appliance-9 Comp:12-1-1 0.821MBps 46.8ms</bind>
  <bind>Comp:12-1-2 Appliance-23 0.821MBps 46.8ms</bind>
  <bind>Appliance-23 Comp:12-1-2 0.821MBps 46.8ms</bind>
  <bind>Comp:12-1-3 Appliance-28 0.821MBps 46.8ms</bind>
  <bind>Appliance-28 Comp:12-1-3 0.821MBps 46.8ms</bind>
  <bind>Comp:12-1-4 Appliance-7 0.821MBps 46.8ms</bind>
  <bind>Appliance-7 Comp:12-1-4 0.821MBps 46.8ms</bind>
  <bind>Comp:12-1-5 Appliance-9 0.821MBps 46.8ms</bind>
  <bind>Appliance-9 Comp:12-1-5 0.821MBps 46.8ms</bind>
  <bind>Comp:12-1-6 Appliance-23 0.821MBps 46.8ms</bind>
  <bind>Appliance-23 Comp:12-1-6 0.821MBps 46.8ms</bind>
  <bind>Comp:12-1-7 Appliance-28 0.821MBps 46.8ms</bind>
  <bind>Appliance-28 Comp:12-1-7 0.821MBps 46.8ms</bind>
  <bind>Comp:12-1-0 Appliance-4 0.35MBps 42.9ms</bind>
  <bind>Appliance-4 Comp:12-1-0 0.35MBps 42.9ms</bind>
  <bind>Comp:12-1-1 Appliance-2 0.35MBps 42.9ms</bind>
  <bind>Appliance-2 Comp:12-1-1 0.35MBps 42.9ms</bind>
  <bind>Comp:12-1-2 Appliance-7 0.35MBps 42.9ms</bind>
  <bind>Appliance-7 Comp:12-1-2 0.35MBps 42.9ms</bind>
  <bind>Comp:12-1-3 Appliance-9 0.35MBps 42.9ms</bind>
  <bind>Appliance-9 Comp:12-1-3 0.35MBps 42.9ms</bind>
  <bind>Comp:12-1-4 Appliance-9 0.35MBps 42.9ms</bind>
  <bind>Appliance-9 Comp:12-1-4 0.35MBps 42.9ms</bind>
  <bind>Comp:12-1-5 Appliance-27 0.35MBps 42.9ms</bind>
  <bind>Appliance-27 Comp:12-1-5 0.35MBps 42.9ms</bind>
  <bind>Comp:12-1-6 Appliance-5 0.35MBps 42.9ms</bind>
  <bind>Appliance-5 Comp:12-1-6 0.35MBps 42.9ms</bind>
  <bind>Comp:12-1-7 Appliance-0 0.35MBps 42.9ms</bind>
  <bind>Appliance-0 Comp:12-1-7 0.35MBps 42.9ms</bind>
</app>
</apps>
