<?xml version="1.0"?>
<apps>
<app>
  <id>App1</id>
<comp>
  <id>Comp:1-0-0</id>
  <CPU>0.764Gf</CPU>
  <RAM>0.801GB</RAM>
  <DISK>0.12GB</DISK>
</comp>
<comp>
  <id>Comp:1-0-1</id>
  <CPU>0.764Gf</CPU>
  <RAM>0.801GB</RAM>
  <DISK>0.12GB</DISK>
</comp>
<comp>
  <id>Comp:1-0-2</id>
  <CPU>0.764Gf</CPU>
  <RAM>0.801GB</RAM>
  <DISK>0.12GB</DISK>
</comp>
<comp>
  <id>Comp:1-1-0</id>
  <CPU>0.317Gf</CPU>
  <RAM>0.724GB</RAM>
  <DISK>0.0659GB</DISK>
</comp>
<comp>
  <id>Comp:1-1-1</id>
  <CPU>0.317Gf</CPU>
  <RAM>0.724GB</RAM>
  <DISK>0.0659GB</DISK>
</comp>
<comp>
  <id>Comp:1-1-2</id>
  <CPU>0.317Gf</CPU>
  <RAM>0.724GB</RAM>
  <DISK>0.0659GB</DISK>
</comp>
<comp>
  <id>Comp:1-1-3</id>
  <CPU>0.317Gf</CPU>
  <RAM>0.724GB</RAM>
  <DISK>0.0659GB</DISK>
</comp>
<comp>
  <id>Comp:1-1-4</id>
  <CPU>0.317Gf</CPU>
  <RAM>0.724GB</RAM>
  <DISK>0.0659GB</DISK>
</comp>
<comp>
  <id>Comp:1-1-5</id>
  <CPU>0.317Gf</CPU>
  <RAM>0.724GB</RAM>
  <DISK>0.0659GB</DISK>
</comp>
<comp>
  <id>Comp:1-1-6</id>
  <CPU>0.317Gf</CPU>
  <RAM>0.724GB</RAM>
  <DISK>0.0659GB</DISK>
</comp>
<comp>
  <id>Comp:1-1-7</id>
  <CPU>0.317Gf</CPU>
  <RAM>0.724GB</RAM>
  <DISK>0.0659GB</DISK>
</comp>
<comp>
  <id>Comp:1-2-0</id>
  <CPU>0.779Gf</CPU>
  <RAM>0.527GB</RAM>
  <DISK>1.49GB</DISK>
</comp>
<comp>
  <id>Comp:1-2-1</id>
  <CPU>0.779Gf</CPU>
  <RAM>0.527GB</RAM>
  <DISK>1.49GB</DISK>
</comp>
<comp>
  <id>Comp:1-2-2</id>
  <CPU>0.779Gf</CPU>
  <RAM>0.527GB</RAM>
  <DISK>1.49GB</DISK>
</comp>
<comp>
  <id>Comp:1-3-0</id>
  <CPU>0.541Gf</CPU>
  <RAM>0.442GB</RAM>
  <DISK>1.01GB</DISK>
</comp>
<comp>
  <id>Comp:1-3-1</id>
  <CPU>0.541Gf</CPU>
  <RAM>0.442GB</RAM>
  <DISK>1.01GB</DISK>
</comp>
<comp>
  <id>Comp:1-4-0</id>
  <CPU>0.904Gf</CPU>
  <RAM>0.809GB</RAM>
  <DISK>1.93GB</DISK>
</comp>
<comp>
  <id>Comp:1-4-1</id>
  <CPU>0.904Gf</CPU>
  <RAM>0.809GB</RAM>
  <DISK>1.93GB</DISK>
</comp>
<comp>
  <id>Comp:1-4-2</id>
  <CPU>0.904Gf</CPU>
  <RAM>0.809GB</RAM>
  <DISK>1.93GB</DISK>
</comp>
<comp>
  <id>Comp:1-4-3</id>
  <CPU>0.904Gf</CPU>
  <RAM>0.809GB</RAM>
  <DISK>1.93GB</DISK>
</comp>
<comp>
  <id>Comp:1-4-4</id>
  <CPU>0.904Gf</CPU>
  <RAM>0.809GB</RAM>
  <DISK>1.93GB</DISK>
</comp>
<comp>
  <id>Comp:1-4-5</id>
  <CPU>0.904Gf</CPU>
  <RAM>0.809GB</RAM>
  <DISK>1.93GB</DISK>
</comp>
<comp>
  <id>Comp:1-5-0</id>
  <CPU>0.693Gf</CPU>
  <RAM>0.731GB</RAM>
  <DISK>1.56GB</DISK>
</comp>
<comp>
  <id>Comp:1-5-1</id>
  <CPU>0.693Gf</CPU>
  <RAM>0.731GB</RAM>
  <DISK>1.56GB</DISK>
</comp>
<comp>
  <id>Comp:1-5-2</id>
  <CPU>0.693Gf</CPU>
  <RAM>0.731GB</RAM>
  <DISK>1.56GB</DISK>
</comp>
<comp>
  <id>Comp:1-5-3</id>
  <CPU>0.693Gf</CPU>
  <RAM>0.731GB</RAM>
  <DISK>1.56GB</DISK>
</comp>
  <bind>Comp:1-1-0 Comp:1-0-0 0.181MBps 43.4ms</bind>
  <bind>Comp:1-0-0 Comp:1-1-0 0.181MBps 43.4ms</bind>
  <bind>Comp:1-1-1 Comp:1-0-1 0.181MBps 43.4ms</bind>
  <bind>Comp:1-0-1 Comp:1-1-1 0.181MBps 43.4ms</bind>
  <bind>Comp:1-1-2 Comp:1-0-2 0.181MBps 43.4ms</bind>
  <bind>Comp:1-0-2 Comp:1-1-2 0.181MBps 43.4ms</bind>
  <bind>Comp:1-1-3 Comp:1-0-0 0.181MBps 43.4ms</bind>
  <bind>Comp:1-0-0 Comp:1-1-3 0.181MBps 43.4ms</bind>
  <bind>Comp:1-1-4 Comp:1-0-1 0.181MBps 43.4ms</bind>
  <bind>Comp:1-0-1 Comp:1-1-4 0.181MBps 43.4ms</bind>
  <bind>Comp:1-1-5 Comp:1-0-2 0.181MBps 43.4ms</bind>
  <bind>Comp:1-0-2 Comp:1-1-5 0.181MBps 43.4ms</bind>
  <bind>Comp:1-1-6 Comp:1-0-0 0.181MBps 43.4ms</bind>
  <bind>Comp:1-0-0 Comp:1-1-6 0.181MBps 43.4ms</bind>
  <bind>Comp:1-1-7 Comp:1-0-1 0.181MBps 43.4ms</bind>
  <bind>Comp:1-0-1 Comp:1-1-7 0.181MBps 43.4ms</bind>
  <bind>Comp:1-2-0 Comp:1-1-0 0.227MBps 43.2ms</bind>
  <bind>Comp:1-1-0 Comp:1-2-0 0.227MBps 43.2ms</bind>
  <bind>Comp:1-2-1 Comp:1-1-1 0.227MBps 43.2ms</bind>
  <bind>Comp:1-1-1 Comp:1-2-1 0.227MBps 43.2ms</bind>
  <bind>Comp:1-2-2 Comp:1-1-2 0.227MBps 43.2ms</bind>
  <bind>Comp:1-1-2 Comp:1-2-2 0.227MBps 43.2ms</bind>
  <bind>Comp:1-2-0 Comp:1-1-3 0.227MBps 43.2ms</bind>
  <bind>Comp:1-1-3 Comp:1-2-0 0.227MBps 43.2ms</bind>
  <bind>Comp:1-2-1 Comp:1-1-4 0.227MBps 43.2ms</bind>
  <bind>Comp:1-1-4 Comp:1-2-1 0.227MBps 43.2ms</bind>
  <bind>Comp:1-2-2 Comp:1-1-5 0.227MBps 43.2ms</bind>
  <bind>Comp:1-1-5 Comp:1-2-2 0.227MBps 43.2ms</bind>
  <bind>Comp:1-2-0 Comp:1-1-6 0.227MBps 43.2ms</bind>
  <bind>Comp:1-1-6 Comp:1-2-0 0.227MBps 43.2ms</bind>
  <bind>Comp:1-2-1 Comp:1-1-7 0.227MBps 43.2ms</bind>
  <bind>Comp:1-1-7 Comp:1-2-1 0.227MBps 43.2ms</bind>
  <bind>Comp:1-3-0 Comp:1-2-0 0.658MBps 47.8ms</bind>
  <bind>Comp:1-2-0 Comp:1-3-0 0.658MBps 47.8ms</bind>
  <bind>Comp:1-3-1 Comp:1-2-1 0.658MBps 47.8ms</bind>
  <bind>Comp:1-2-1 Comp:1-3-1 0.658MBps 47.8ms</bind>
  <bind>Comp:1-3-0 Comp:1-2-2 0.658MBps 47.8ms</bind>
  <bind>Comp:1-2-2 Comp:1-3-0 0.658MBps 47.8ms</bind>
  <bind>Comp:1-4-0 Comp:1-3-0 0.204MBps 31.1ms</bind>
  <bind>Comp:1-3-0 Comp:1-4-0 0.204MBps 31.1ms</bind>
  <bind>Comp:1-4-1 Comp:1-3-1 0.204MBps 31.1ms</bind>
  <bind>Comp:1-3-1 Comp:1-4-1 0.204MBps 31.1ms</bind>
  <bind>Comp:1-4-2 Comp:1-3-0 0.204MBps 31.1ms</bind>
  <bind>Comp:1-3-0 Comp:1-4-2 0.204MBps 31.1ms</bind>
  <bind>Comp:1-4-3 Comp:1-3-1 0.204MBps 31.1ms</bind>
  <bind>Comp:1-3-1 Comp:1-4-3 0.204MBps 31.1ms</bind>
  <bind>Comp:1-4-4 Comp:1-3-0 0.204MBps 31.1ms</bind>
  <bind>Comp:1-3-0 Comp:1-4-4 0.204MBps 31.1ms</bind>
  <bind>Comp:1-4-5 Comp:1-3-1 0.204MBps 31.1ms</bind>
  <bind>Comp:1-3-1 Comp:1-4-5 0.204MBps 31.1ms</bind>
  <bind>Comp:1-5-0 Comp:1-4-0 0.122MBps 43.5ms</bind>
  <bind>Comp:1-4-0 Comp:1-5-0 0.122MBps 43.5ms</bind>
  <bind>Comp:1-5-1 Comp:1-4-1 0.122MBps 43.5ms</bind>
  <bind>Comp:1-4-1 Comp:1-5-1 0.122MBps 43.5ms</bind>
  <bind>Comp:1-5-2 Comp:1-4-2 0.122MBps 43.5ms</bind>
  <bind>Comp:1-4-2 Comp:1-5-2 0.122MBps 43.5ms</bind>
  <bind>Comp:1-5-3 Comp:1-4-3 0.122MBps 43.5ms</bind>
  <bind>Comp:1-4-3 Comp:1-5-3 0.122MBps 43.5ms</bind>
  <bind>Comp:1-5-0 Comp:1-4-4 0.122MBps 43.5ms</bind>
  <bind>Comp:1-4-4 Comp:1-5-0 0.122MBps 43.5ms</bind>
  <bind>Comp:1-5-1 Comp:1-4-5 0.122MBps 43.5ms</bind>
  <bind>Comp:1-4-5 Comp:1-5-1 0.122MBps 43.5ms</bind>
  <bind>Comp:1-5-0 Appliance-2 0.657MBps 26.2ms</bind>
  <bind>Appliance-2 Comp:1-5-0 0.657MBps 26.2ms</bind>
  <bind>Comp:1-5-1 Appliance-28 0.657MBps 26.2ms</bind>
  <bind>Appliance-28 Comp:1-5-1 0.657MBps 26.2ms</bind>
  <bind>Comp:1-5-2 Appliance-7 0.657MBps 26.2ms</bind>
  <bind>Appliance-7 Comp:1-5-2 0.657MBps 26.2ms</bind>
  <bind>Comp:1-5-3 Appliance-2 0.657MBps 26.2ms</bind>
  <bind>Appliance-2 Comp:1-5-3 0.657MBps 26.2ms</bind>
</app>
<app>
  <id>App10</id>
<comp>
  <id>Comp:10-0-0</id>
  <CPU>0.957Gf</CPU>
  <RAM>0.684GB</RAM>
  <DISK>0.795GB</DISK>
</comp>
<comp>
  <id>Comp:10-0-1</id>
  <CPU>0.957Gf</CPU>
  <RAM>0.684GB</RAM>
  <DISK>0.795GB</DISK>
</comp>
<comp>
  <id>Comp:10-0-2</id>
  <CPU>0.957Gf</CPU>
  <RAM>0.684GB</RAM>
  <DISK>0.795GB</DISK>
</comp>
<comp>
  <id>Comp:10-0-3</id>
  <CPU>0.957Gf</CPU>
  <RAM>0.684GB</RAM>
  <DISK>0.795GB</DISK>
</comp>
<comp>
  <id>Comp:10-0-4</id>
  <CPU>0.957Gf</CPU>
  <RAM>0.684GB</RAM>
  <DISK>0.795GB</DISK>
</comp>
<comp>
  <id>Comp:10-0-5</id>
  <CPU>0.957Gf</CPU>
  <RAM>0.684GB</RAM>
  <DISK>0.795GB</DISK>
</comp>
<comp>
  <id>Comp:10-0-6</id>
  <CPU>0.957Gf</CPU>
  <RAM>0.684GB</RAM>
  <DISK>0.795GB</DISK>
</comp>
<comp>
  <id>Comp:10-0-7</id>
  <CPU>0.957Gf</CPU>
  <RAM>0.684GB</RAM>
  <DISK>0.795GB</DISK>
</comp>
<comp>
  <id>Comp:10-0-8</id>
  <CPU>0.957Gf</CPU>
  <RAM>0.684GB</RAM>
  <DISK>0.795GB</DISK>
</comp>
<comp>
  <id>Comp:10-0-9</id>
  <CPU>0.957Gf</CPU>
  <RAM>0.684GB</RAM>
  <DISK>0.795GB</DISK>
</comp>
<comp>
  <id>Comp:10-1-0</id>
  <CPU>0.732Gf</CPU>
  <RAM>0.809GB</RAM>
  <DISK>1.49GB</DISK>
</comp>
<comp>
  <id>Comp:10-1-1</id>
  <CPU>0.732Gf</CPU>
  <RAM>0.809GB</RAM>
  <DISK>1.49GB</DISK>
</comp>
<comp>
  <id>Comp:10-1-2</id>
  <CPU>0.732Gf</CPU>
  <RAM>0.809GB</RAM>
  <DISK>1.49GB</DISK>
</comp>
<comp>
  <id>Comp:10-1-3</id>
  <CPU>0.732Gf</CPU>
  <RAM>0.809GB</RAM>
  <DISK>1.49GB</DISK>
</comp>
<comp>
  <id>Comp:10-1-4</id>
  <CPU>0.732Gf</CPU>
  <RAM>0.809GB</RAM>
  <DISK>1.49GB</DISK>
</comp>
<comp>
  <id>Comp:10-1-5</id>
  <CPU>0.732Gf</CPU>
  <RAM>0.809GB</RAM>
  <DISK>1.49GB</DISK>
</comp>
<comp>
  <id>Comp:10-2-0</id>
  <CPU>0.937Gf</CPU>
  <RAM>0.511GB</RAM>
  <DISK>0.436GB</DISK>
</comp>
<comp>
  <id>Comp:10-2-1</id>
  <CPU>0.937Gf</CPU>
  <RAM>0.511GB</RAM>
  <DISK>0.436GB</DISK>
</comp>
<comp>
  <id>Comp:10-2-2</id>
  <CPU>0.937Gf</CPU>
  <RAM>0.511GB</RAM>
  <DISK>0.436GB</DISK>
</comp>
<comp>
  <id>Comp:10-2-3</id>
  <CPU>0.937Gf</CPU>
  <RAM>0.511GB</RAM>
  <DISK>0.436GB</DISK>
</comp>
<comp>
  <id>Comp:10-2-4</id>
  <CPU>0.937Gf</CPU>
  <RAM>0.511GB</RAM>
  <DISK>0.436GB</DISK>
</comp>
  <bind>Comp:10-1-0 Comp:10-0-0 0.109MBps 27.3ms</bind>
  <bind>Comp:10-0-0 Comp:10-1-0 0.109MBps 27.3ms</bind>
  <bind>Comp:10-1-1 Comp:10-0-1 0.109MBps 27.3ms</bind>
  <bind>Comp:10-0-1 Comp:10-1-1 0.109MBps 27.3ms</bind>
  <bind>Comp:10-1-2 Comp:10-0-2 0.109MBps 27.3ms</bind>
  <bind>Comp:10-0-2 Comp:10-1-2 0.109MBps 27.3ms</bind>
  <bind>Comp:10-1-3 Comp:10-0-3 0.109MBps 27.3ms</bind>
  <bind>Comp:10-0-3 Comp:10-1-3 0.109MBps 27.3ms</bind>
  <bind>Comp:10-1-4 Comp:10-0-4 0.109MBps 27.3ms</bind>
  <bind>Comp:10-0-4 Comp:10-1-4 0.109MBps 27.3ms</bind>
  <bind>Comp:10-1-5 Comp:10-0-5 0.109MBps 27.3ms</bind>
  <bind>Comp:10-0-5 Comp:10-1-5 0.109MBps 27.3ms</bind>
  <bind>Comp:10-1-0 Comp:10-0-6 0.109MBps 27.3ms</bind>
  <bind>Comp:10-0-6 Comp:10-1-0 0.109MBps 27.3ms</bind>
  <bind>Comp:10-1-1 Comp:10-0-7 0.109MBps 27.3ms</bind>
  <bind>Comp:10-0-7 Comp:10-1-1 0.109MBps 27.3ms</bind>
  <bind>Comp:10-1-2 Comp:10-0-8 0.109MBps 27.3ms</bind>
  <bind>Comp:10-0-8 Comp:10-1-2 0.109MBps 27.3ms</bind>
  <bind>Comp:10-1-3 Comp:10-0-9 0.109MBps 27.3ms</bind>
  <bind>Comp:10-0-9 Comp:10-1-3 0.109MBps 27.3ms</bind>
  <bind>Comp:10-2-0 Comp:10-1-0 0.328MBps 32.3ms</bind>
  <bind>Comp:10-1-0 Comp:10-2-0 0.328MBps 32.3ms</bind>
  <bind>Comp:10-2-1 Comp:10-1-1 0.328MBps 32.3ms</bind>
  <bind>Comp:10-1-1 Comp:10-2-1 0.328MBps 32.3ms</bind>
  <bind>Comp:10-2-2 Comp:10-1-2 0.328MBps 32.3ms</bind>
  <bind>Comp:10-1-2 Comp:10-2-2 0.328MBps 32.3ms</bind>
  <bind>Comp:10-2-3 Comp:10-1-3 0.328MBps 32.3ms</bind>
  <bind>Comp:10-1-3 Comp:10-2-3 0.328MBps 32.3ms</bind>
  <bind>Comp:10-2-4 Comp:10-1-4 0.328MBps 32.3ms</bind>
  <bind>Comp:10-1-4 Comp:10-2-4 0.328MBps 32.3ms</bind>
  <bind>Comp:10-2-0 Comp:10-1-5 0.328MBps 32.3ms</bind>
  <bind>Comp:10-1-5 Comp:10-2-0 0.328MBps 32.3ms</bind>
  <bind>Comp:10-2-0 Appliance-18 0.474MBps 39.7ms</bind>
  <bind>Appliance-18 Comp:10-2-0 0.474MBps 39.7ms</bind>
  <bind>Comp:10-2-1 Appliance-23 0.474MBps 39.7ms</bind>
  <bind>Appliance-23 Comp:10-2-1 0.474MBps 39.7ms</bind>
  <bind>Comp:10-2-2 Appliance-9 0.474MBps 39.7ms</bind>
  <bind>Appliance-9 Comp:10-2-2 0.474MBps 39.7ms</bind>
  <bind>Comp:10-2-3 Appliance-27 0.474MBps 39.7ms</bind>
  <bind>Appliance-27 Comp:10-2-3 0.474MBps 39.7ms</bind>
  <bind>Comp:10-2-4 Appliance-18 0.474MBps 39.7ms</bind>
  <bind>Appliance-18 Comp:10-2-4 0.474MBps 39.7ms</bind>
</app>
<app>
  <id>App11</id>
<comp>
  <id>Comp:11-0-0</id>
  <CPU>0.972Gf</CPU>
  <RAM>0.687GB</RAM>
  <DISK>1.99GB</DISK>
</comp>
<comp>
  <id>Comp:11-0-1</id>
  <CPU>0.972Gf</CPU>
  <RAM>0.687GB</RAM>
  <DISK>1.99GB</DISK>
</comp>
<comp>
  <id>Comp:11-0-2</id>
  <CPU>0.972Gf</CPU>
  <RAM>0.687GB</RAM>
  <DISK>1.99GB</DISK>
</comp>
<comp>
  <id>Comp:11-0-3</id>
  <CPU>0.972Gf</CPU>
  <RAM>0.687GB</RAM>
  <DISK>1.99GB</DISK>
</comp>
<comp>
  <id>Comp:11-0-4</id>
  <CPU>0.972Gf</CPU>
  <RAM>0.687GB</RAM>
  <DISK>1.99GB</DISK>
</comp>
<comp>
  <id>Comp:11-0-5</id>
  <CPU>0.972Gf</CPU>
  <RAM>0.687GB</RAM>
  <DISK>1.99GB</DISK>
</comp>
<comp>
  <id>Comp:11-0-6</id>
  <CPU>0.972Gf</CPU>
  <RAM>0.687GB</RAM>
  <DISK>1.99GB</DISK>
</comp>
<comp>
  <id>Comp:11-1-0</id>
  <CPU>0.943Gf</CPU>
  <RAM>0.706GB</RAM>
  <DISK>1.31GB</DISK>
</comp>
<comp>
  <id>Comp:11-1-1</id>
  <CPU>0.943Gf</CPU>
  <RAM>0.706GB</RAM>
  <DISK>1.31GB</DISK>
</comp>
<comp>
  <id>Comp:11-1-2</id>
  <CPU>0.943Gf</CPU>
  <RAM>0.706GB</RAM>
  <DISK>1.31GB</DISK>
</comp>
<comp>
  <id>Comp:11-1-3</id>
  <CPU>0.943Gf</CPU>
  <RAM>0.706GB</RAM>
  <DISK>1.31GB</DISK>
</comp>
<comp>
  <id>Comp:11-1-4</id>
  <CPU>0.943Gf</CPU>
  <RAM>0.706GB</RAM>
  <DISK>1.31GB</DISK>
</comp>
<comp>
  <id>Comp:11-1-5</id>
  <CPU>0.943Gf</CPU>
  <RAM>0.706GB</RAM>
  <DISK>1.31GB</DISK>
</comp>
<comp>
  <id>Comp:11-1-6</id>
  <CPU>0.943Gf</CPU>
  <RAM>0.706GB</RAM>
  <DISK>1.31GB</DISK>
</comp>
<comp>
  <id>Comp:11-1-7</id>
  <CPU>0.943Gf</CPU>
  <RAM>0.706GB</RAM>
  <DISK>1.31GB</DISK>
</comp>
<comp>
  <id>Comp:11-1-8</id>
  <CPU>0.943Gf</CPU>
  <RAM>0.706GB</RAM>
  <DISK>1.31GB</DISK>
</comp>
<comp>
  <id>Comp:11-1-9</id>
  <CPU>0.943Gf</CPU>
  <RAM>0.706GB</RAM>
  <DISK>1.31GB</DISK>
</comp>
  <bind>Comp:11-1-0 Comp:11-0-0 0.715MBps 36.4ms</bind>
  <bind>Comp:11-0-0 Comp:11-1-0 0.715MBps 36.4ms</bind>
  <bind>Comp:11-1-1 Comp:11-0-1 0.715MBps 36.4ms</bind>
  <bind>Comp:11-0-1 Comp:11-1-1 0.715MBps 36.4ms</bind>
  <bind>Comp:11-1-2 Comp:11-0-2 0.715MBps 36.4ms</bind>
  <bind>Comp:11-0-2 Comp:11-1-2 0.715MBps 36.4ms</bind>
  <bind>Comp:11-1-3 Comp:11-0-3 0.715MBps 36.4ms</bind>
  <bind>Comp:11-0-3 Comp:11-1-3 0.715MBps 36.4ms</bind>
  <bind>Comp:11-1-4 Comp:11-0-4 0.715MBps 36.4ms</bind>
  <bind>Comp:11-0-4 Comp:11-1-4 0.715MBps 36.4ms</bind>
  <bind>Comp:11-1-5 Comp:11-0-5 0.715MBps 36.4ms</bind>
  <bind>Comp:11-0-5 Comp:11-1-5 0.715MBps 36.4ms</bind>
  <bind>Comp:11-1-6 Comp:11-0-6 0.715MBps 36.4ms</bind>
  <bind>Comp:11-0-6 Comp:11-1-6 0.715MBps 36.4ms</bind>
  <bind>Comp:11-1-7 Comp:11-0-0 0.715MBps 36.4ms</bind>
  <bind>Comp:11-0-0 Comp:11-1-7 0.715MBps 36.4ms</bind>
  <bind>Comp:11-1-8 Comp:11-0-1 0.715MBps 36.4ms</bind>
  <bind>Comp:11-0-1 Comp:11-1-8 0.715MBps 36.4ms</bind>
  <bind>Comp:11-1-9 Comp:11-0-2 0.715MBps 36.4ms</bind>
  <bind>Comp:11-0-2 Comp:11-1-9 0.715MBps 36.4ms</bind>
  <bind>Comp:11-1-0 Appliance-1 0.449MBps 30.0ms</bind>
  <bind>Appliance-1 Comp:11-1-0 0.449MBps 30.0ms</bind>
  <bind>Comp:11-1-1 Appliance-37 0.449MBps 30.0ms</bind>
  <bind>Appliance-37 Comp:11-1-1 0.449MBps 30.0ms</bind>
  <bind>Comp:11-1-2 Appliance-19 0.449MBps 30.0ms</bind>
  <bind>Appliance-19 Comp:11-1-2 0.449MBps 30.0ms</bind>
  <bind>Comp:11-1-3 Appliance-30 0.449MBps 30.0ms</bind>
  <bind>Appliance-30 Comp:11-1-3 0.449MBps 30.0ms</bind>
  <bind>Comp:11-1-4 Appliance-16 0.449MBps 30.0ms</bind>
  <bind>Appliance-16 Comp:11-1-4 0.449MBps 30.0ms</bind>
  <bind>Comp:11-1-5 Appliance-1 0.449MBps 30.0ms</bind>
  <bind>Appliance-1 Comp:11-1-5 0.449MBps 30.0ms</bind>
  <bind>Comp:11-1-6 Appliance-37 0.449MBps 30.0ms</bind>
  <bind>Appliance-37 Comp:11-1-6 0.449MBps 30.0ms</bind>
  <bind>Comp:11-1-7 Appliance-19 0.449MBps 30.0ms</bind>
  <bind>Appliance-19 Comp:11-1-7 0.449MBps 30.0ms</bind>
  <bind>Comp:11-1-8 Appliance-30 0.449MBps 30.0ms</bind>
  <bind>Appliance-30 Comp:11-1-8 0.449MBps 30.0ms</bind>
  <bind>Comp:11-1-9 Appliance-16 0.449MBps 30.0ms</bind>
  <bind>Appliance-16 Comp:11-1-9 0.449MBps 30.0ms</bind>
</app>
<app>
  <id>App12</id>
<comp>
  <id>Comp:12-1-0</id>
  <CPU>0.803Gf</CPU>
  <RAM>0.848GB</RAM>
  <DISK>1.93GB</DISK>
</comp>
<comp>
  <id>Comp:12-1-1</id>
  <CPU>0.803Gf</CPU>
  <RAM>0.848GB</RAM>
  <DISK>1.93GB</DISK>
</comp>
<comp>
  <id>Comp:12-1-2</id>
  <CPU>0.803Gf</CPU>
  <RAM>0.848GB</RAM>
  <DISK>1.93GB</DISK>
</comp>
<comp>
  <id>Comp:12-1-3</id>
  <CPU>0.803Gf</CPU>
  <RAM>0.848GB</RAM>
  <DISK>1.93GB</DISK>
</comp>
<comp>
  <id>Comp:12-1-4</id>
  <CPU>0.803Gf</CPU>
  <RAM>0.848GB</RAM>
  <DISK>1.93GB</DISK>
</comp>
<comp>
  <id>Comp:12-1-5</id>
  <CPU>0.803Gf</CPU>
  <RAM>0.848GB</RAM>
  <DISK>1.93GB</DISK>
</comp>
<comp>
  <id>Comp:12-1-6</id>
  <CPU>0.803Gf</CPU>
  <RAM>0.848GB</RAM>
  <DISK>1.93GB</DISK>
</comp>
<comp>
  <id>Comp:12-1-7</id>
  <CPU>0.803Gf</CPU>
  <RAM>0.848GB</RAM>
  <DISK>1.93GB</DISK>
</comp>
  <bind>Comp:12-1-0 Appliance-7 0.821MBps 46.8ms</bind>
  <bind>Appliance-7 Comp:12-1-0 0.821MBps 46.8ms</bind>
  <bind>Comp:12-1-1 Appliance-9 0.821MBps 46.8ms</bind>
  <bind>Appliance-9 Comp:12-1-1 0.821MBps 46.8ms</bind>
  <bind>Comp:12-1-2 Appliance-23 0.821MBps 46.8ms</bind>
  <bind>Appliance-23 Comp:12-1-2 0.821MBps 46.8ms</bind>
  <bind>Comp:12-1-3 Appliance-28 0.821MBps 46.8ms</bind>
  <bind>Appliance-28 Comp:12-1-3 0.821MBps 46.8ms</bind>
  <bind>Comp:12-1-4 Appliance-7 0.821MBps 46.8ms</bind>
  <bind>Appliance-7 Comp:12-1-4 0.821MBps 46.8ms</bind>
  <bind>Comp:12-1-5 Appliance-9 0.821MBps 46.8ms</bind>
  <bind>Appliance-9 Comp:12-1-5 0.821MBps 46.8ms</bind>
  <bind>Comp:12-1-6 Appliance-23 0.821MBps 46.8ms</bind>
  <bind>Appliance-23 Comp:12-1-6 0.821MBps 46.8ms</bind>
  <bind>Comp:12-1-7 Appliance-28 0.821MBps 46.8ms</bind>
  <bind>Appliance-28 Comp:12-1-7 0.821MBps 46.8ms</bind>
  <bind>Comp:12-1-0 Appliance-4 0.35MBps 42.9ms</bind>
  <bind>Appliance-4 Comp:12-1-0 0.35MBps 42.9ms</bind>
  <bind>Comp:12-1-1 Appliance-2 0.35MBps 42.9ms</bind>
  <bind>Appliance-2 Comp:12-1-1 0.35MBps 42.9ms</bind>
  <bind>Comp:12-1-2 Appliance-7 0.35MBps 42.9ms</bind>
  <bind>Appliance-7 Comp:12-1-2 0.35MBps 42.9ms</bind>
  <bind>Comp:12-1-3 Appliance-9 0.35MBps 42.9ms</bind>
  <bind>Appliance-9 Comp:12-1-3 0.35MBps 42.9ms</bind>
  <bind>Comp:12-1-4 Appliance-9 0.35MBps 42.9ms</bind>
  <bind>Appliance-9 Comp:12-1-4 0.35MBps 42.9ms</bind>
  <bind>Comp:12-1-5 Appliance-27 0.35MBps 42.9ms</bind>
  <bind>Appliance-27 Comp:12-1-5 0.35MBps 42.9ms</bind>
  <bind>Comp:12-1-6 Appliance-5 0.35MBps 42.9ms</bind>
  <bind>Appliance-5 Comp:12-1-6 0.35MBps 42.9ms</bind>
  <bind>Comp:12-1-7 Appliance-0 0.35MBps 42.9ms</bind>
  <bind>Appliance-0 Comp:12-1-7 0.35MBps 42.9ms</bind>
</app>
<app>
  <id>App13</id>
<comp>
  <id>Comp:13-0-0</id>
  <CPU>0.496Gf</CPU>
  <RAM>0.648GB</RAM>
  <DISK>0.28GB</DISK>
</comp>
<comp>
  <id>Comp:13-0-1</id>
  <CPU>0.496Gf</CPU>
  <RAM>0.648GB</RAM>
  <DISK>0.28GB</DISK>
</comp>
<comp>
  <id>Comp:13-0-2</id>
  <CPU>0.496Gf</CPU>
  <RAM>0.648GB</RAM>
  <DISK>0.28GB</DISK>
</comp>
<comp>
  <id>Comp:13-0-3</id>
  <CPU>0.496Gf</CPU>
  <RAM>0.648GB</RAM>
  <DISK>0.28GB</DISK>
</comp>
<comp>
  <id>Comp:13-0-4</id>
  <CPU>0.496Gf</CPU>
  <RAM>0.648GB</RAM>
  <DISK>0.28GB</DISK>
</comp>
<comp>
  <id>Comp:13-0-5</id>
  <CPU>0.496Gf</CPU>
  <RAM>0.648GB</RAM>
  <DISK>0.28GB</DISK>
</comp>
<comp>
  <id>Comp:13-0-6</id>
  <CPU>0.496Gf</CPU>
  <RAM>0.648GB</RAM>
  <DISK>0.28GB</DISK>
</comp>
<comp>
  <id>Comp:13-0-7</id>
  <CPU>0.496Gf</CPU>
  <RAM>0.648GB</RAM>
  <DISK>0.28GB</DISK>
</comp>
<comp>
  <id>Comp:13-0-8</id>
  <CPU>0.496Gf</CPU>
  <RAM>0.648GB</RAM>
  <DISK>0.28GB</DISK>
</comp>
<comp>
  <id>Comp:13-1-0</id>
  <CPU>0.129Gf</CPU>
  <RAM>0.97GB</RAM>
  <DISK>0.344GB</DISK>
</comp>
<comp>
  <id>Comp:13-1-1</id>
  <CPU>0.129Gf</CPU>
  <RAM>0.97GB</RAM>
  <DISK>0.344GB</DISK>
</comp>
<comp>
  <id>Comp:13-1-2</id>
  <CPU>0.129Gf</CPU>
  <RAM>0.97GB</RAM>
  <DISK>0.344GB</DISK>
</comp>
<comp>
  <id>Comp:13-1-3</id>
  <CPU>0.129Gf</CPU>
  <RAM>0.97GB</RAM>
  <DISK>0.344GB</DISK>
</comp>
<comp>
  <id>Comp:13-1-4</id>
  <CPU>0.129Gf</CPU>
  <RAM>0.97GB</RAM>
  <DISK>0.344GB</DISK>
</comp>
<comp>
  <id>Comp:13-2-0</id>
  <CPU>0.544Gf</CPU>
  <RAM>0.582GB</RAM>
  <DISK>0.156GB</DISK>
</comp>
<comp>
  <id>Comp:13-2-1</id>
  <CPU>0.544Gf</CPU>
  <RAM>0.582GB</RAM>
  <DISK>0.156GB</DISK>
</comp>
<comp>
  <id>Comp:13-2-2</id>
  <CPU>0.544Gf</CPU>
  <RAM>0.582GB</RAM>
  <DISK>0.156GB</DISK>
</comp>
<comp>
  <id>Comp:13-2-3</id>
  <CPU>0.544Gf</CPU>
  <RAM>0.582GB</RAM>
  <DISK>0.156GB</DISK>
</comp>
<comp>
  <id>Comp:13-2-4</id>
  <CPU>0.544Gf</CPU>
  <RAM>0.582GB</RAM>
  <DISK>0.156GB</DISK>
</comp>
<comp>
  <id>Comp:13-2-5</id>
  <CPU>0.544Gf</CPU>
  <RAM>0.582GB</RAM>
  <DISK>0.156GB</DISK>
</comp>
<comp>
  <id>Comp:13-2-6</id>
  <CPU>0.544Gf</CPU>
  <RAM>0.582GB</RAM>
  <DISK>0.156GB</DISK>
</comp>
<comp>
  <id>Comp:13-2-7</id>
  <CPU>0.544Gf</CPU>
  <RAM>0.582GB</RAM>
  <DISK>0.156GB</DISK>
</comp>
<comp>
  <id>Comp:13-2-8</id>
  <CPU>0.544Gf</CPU>
  <RAM>0.582GB</RAM>
  <DISK>0.156GB</DISK>
</comp>
<comp>
  <id>Comp:13-3-0</id>
  <CPU>0.271Gf</CPU>
  <RAM>0.267GB</RAM>
  <DISK>0.12GB</DISK>
</comp>
<comp>
  <id>Comp:13-3-1</id>
  <CPU>0.271Gf</CPU>
  <RAM>0.267GB</RAM>
  <DISK>0.12GB</DISK>
</comp>
<comp>
  <id>Comp:13-3-2</id>
  <CPU>0.271Gf</CPU>
  <RAM>0.267GB</RAM>
  <DISK>0.12GB</DISK>
</comp>
<comp>
  <id>Comp:13-3-3</id>
  <CPU>0.271Gf</CPU>
  <RAM>0.267GB</RAM>
  <DISK>0.12GB</DISK>
</comp>
<comp>
  <id>Comp:13-4-0</id>
  <CPU>0.879Gf</CPU>
  <RAM>0.874GB</RAM>
  <DISK>1.55GB</DISK>
</comp>
<comp>
  <id>Comp:13-4-1</id>
  <CPU>0.879Gf</CPU>
  <RAM>0.874GB</RAM>
  <DISK>1.55GB</DISK>
</comp>
<comp>
  <id>Comp:13-4-2</id>
  <CPU>0.879Gf</CPU>
  <RAM>0.874GB</RAM>
  <DISK>1.55GB</DISK>
</comp>
<comp>
  <id>Comp:13-4-3</id>
  <CPU>0.879Gf</CPU>
  <RAM>0.874GB</RAM>
  <DISK>1.55GB</DISK>
</comp>
<comp>
  <id>Comp:13-4-4</id>
  <CPU>0.879Gf</CPU>
  <RAM>0.874GB</RAM>
  <DISK>1.55GB</DISK>
</comp>
<comp>
  <id>Comp:13-4-5</id>
  <CPU>0.879Gf</CPU>
  <RAM>0.874GB</RAM>
  <DISK>1.55GB</DISK>
</comp>
<comp>
  <id>Comp:13-4-6</id>
  <CPU>0.879Gf</CPU>
  <RAM>0.874GB</RAM>
  <DISK>1.55GB</DISK>
</comp>
<comp>
  <id>Comp:13-4-7</id>
  <CPU>0.879Gf</CPU>
  <RAM>0.874GB</RAM>
  <DISK>1.55GB</DISK>
</comp>
<comp>
  <id>Comp:13-5-0</id>
  <CPU>0.172Gf</CPU>
  <RAM>0.357GB</RAM>
  <DISK>0.34GB</DISK>
</comp>
<comp>
  <id>Comp:13-5-1</id>
  <CPU>0.172Gf</CPU>
  <RAM>0.357GB</RAM>
  <DISK>0.34GB</DISK>
</comp>
<comp>
  <id>Comp:13-5-2</id>
  <CPU>0.172Gf</CPU>
  <RAM>0.357GB</RAM>
  <DISK>0.34GB</DISK>
</comp>
<comp>
  <id>Comp:13-5-3</id>
  <CPU>0.172Gf</CPU>
  <RAM>0.357GB</RAM>
  <DISK>0.34GB</DISK>
</comp>
<comp>
  <id>Comp:13-5-4</id>
  <CPU>0.172Gf</CPU>
  <RAM>0.357GB</RAM>
  <DISK>0.34GB</DISK>
</comp>
<comp>
  <id>Comp:13-5-5</id>
  <CPU>0.172Gf</CPU>
  <RAM>0.357GB</RAM>
  <DISK>0.34GB</DISK>
</comp>
<comp>
  <id>Comp:13-5-6</id>
  <CPU>0.172Gf</CPU>
  <RAM>0.357GB</RAM>
  <DISK>0.34GB</DISK>
</comp>
  <bind>Comp:13-1-0 Comp:13-0-0 0.704MBps 36.2ms</bind>
  <bind>Comp:13-0-0 Comp:13-1-0 0.704MBps 36.2ms</bind>
  <bind>Comp:13-1-1 Comp:13-0-1 0.704MBps 36.2ms</bind>
  <bind>Comp:13-0-1 Comp:13-1-1 0.704MBps 36.2ms</bind>
  <bind>Comp:13-1-2 Comp:13-0-2 0.704MBps 36.2ms</bind>
  <bind>Comp:13-0-2 Comp:13-1-2 0.704MBps 36.2ms</bind>
  <bind>Comp:13-1-3 Comp:13-0-3 0.704MBps 36.2ms</bind>
  <bind>Comp:13-0-3 Comp:13-1-3 0.704MBps 36.2ms</bind>
  <bind>Comp:13-1-4 Comp:13-0-4 0.704MBps 36.2ms</bind>
  <bind>Comp:13-0-4 Comp:13-1-4 0.704MBps 36.2ms</bind>
  <bind>Comp:13-1-0 Comp:13-0-5 0.704MBps 36.2ms</bind>
  <bind>Comp:13-0-5 Comp:13-1-0 0.704MBps 36.2ms</bind>
  <bind>Comp:13-1-1 Comp:13-0-6 0.704MBps 36.2ms</bind>
  <bind>Comp:13-0-6 Comp:13-1-1 0.704MBps 36.2ms</bind>
  <bind>Comp:13-1-2 Comp:13-0-7 0.704MBps 36.2ms</bind>
  <bind>Comp:13-0-7 Comp:13-1-2 0.704MBps 36.2ms</bind>
  <bind>Comp:13-1-3 Comp:13-0-8 0.704MBps 36.2ms</bind>
  <bind>Comp:13-0-8 Comp:13-1-3 0.704MBps 36.2ms</bind>
  <bind>Comp:13-2-0 Comp:13-1-0 0.301MBps 46.1ms</bind>
  <bind>Comp:13-1-0 Comp:13-2-0 0.301MBps 46.1ms</bind>
  <bind>Comp:13-2-1 Comp:13-1-1 0.301MBps 46.1ms</bind>
  <bind>Comp:13-1-1 Comp:13-2-1 0.301MBps 46.1ms</bind>
  <bind>Comp:13-2-2 Comp:13-1-2 0.301MBps 46.1ms</bind>
  <bind>Comp:13-1-2 Comp:13-2-2 0.301MBps 46.1ms</bind>
  <bind>Comp:13-2-3 Comp:13-1-3 0.301MBps 46.1ms</bind>
  <bind>Comp:13-1-3 Comp:13-2-3 0.301MBps 46.1ms</bind>
  <bind>Comp:13-2-4 Comp:13-1-4 0.301MBps 46.1ms</bind>
  <bind>Comp:13-1-4 Comp:13-2-4 0.301MBps 46.1ms</bind>
  <bind>Comp:13-2-5 Comp:13-1-0 0.301MBps 46.1ms</bind>
  <bind>Comp:13-1-0 Comp:13-2-5 0.301MBps 46.1ms</bind>
  <bind>Comp:13-2-6 Comp:13-1-1 0.301MBps 46.1ms</bind>
  <bind>Comp:13-1-1 Comp:13-2-6 0.301MBps 46.1ms</bind>
  <bind>Comp:13-2-7 Comp:13-1-2 0.301MBps 46.1ms</bind>
  <bind>Comp:13-1-2 Comp:13-2-7 0.301MBps 46.1ms</bind>
  <bind>Comp:13-2-8 Comp:13-1-3 0.301MBps 46.1ms</bind>
  <bind>Comp:13-1-3 Comp:13-2-8 0.301MBps 46.1ms</bind>
  <bind>Comp:13-3-0 Comp:13-2-0 0.501MBps 27.7ms</bind>
  <bind>Comp:13-2-0 Comp:13-3-0 0.501MBps 27.7ms</bind>
  <bind>Comp:13-3-1 Comp:13-2-1 0.501MBps 27.7ms</bind>
  <bind>Comp:13-2-1 Comp:13-3-1 0.501MBps 27.7ms</bind>
  <bind>Comp:13-3-2 Comp:13-2-2 0.501MBps 27.7ms</bind>
  <bind>Comp:13-2-2 Comp:13-3-2 0.501MBps 27.7ms</bind>
  <bind>Comp:13-3-3 Comp:13-2-3 0.501MBps 27.7ms</bind>
  <bind>Comp:13-2-3 Comp:13-3-3 0.501MBps 27.7ms</bind>
  <bind>Comp:13-3-0 Comp:13-2-4 0.501MBps 27.7ms</bind>
  <bind>Comp:13-2-4 Comp:13-3-0 0.501MBps 27.7ms</bind>
  <bind>Comp:13-3-1 Comp:13-2-5 0.501MBps 27.7ms</bind>
  <bind>Comp:13-2-5 Comp:13-3-1 0.501MBps 27.7ms</bind>
  <bind>Comp:13-3-2 Comp:13-2-6 0.501MBps 27.7ms</bind>
  <bind>Comp:13-2-6 Comp:13-3-2 0.501MBps 27.7ms</bind>
  <bind>Comp:13-3-3 Comp:13-2-7 0.501MBps 27.7ms</bind>
  <bind>Comp:13-2-7 Comp:13-3-3 0.501MBps 27.7ms</bind>
  <bind>Comp:13-3-0 Comp:13-2-8 0.501MBps 27.7ms</bind>
  <bind>Comp:13-2-8 Comp:13-3-0 0.501MBps 27.7ms</bind>
  <bind>Comp:13-4-0 Comp:13-3-0 0.17MBps 40.9ms</bind>
  <bind>Comp:13-3-0 Comp:13-4-0 0.17MBps 40.9ms</bind>
  <bind>Comp:13-4-1 Comp:13-3-1 0.17MBps 40.9ms</bind>
  <bind>Comp:13-3-1 Comp:13-4-1 0.17MBps 40.9ms</bind>
  <bind>Comp:13-4-2 Comp:13-3-2 0.17MBps 40.9ms</bind>
  <bind>Comp:13-3-2 Comp:13-4-2 0.17MBps 40.9ms</bind>
  <bind>Comp:13-4-3 Comp:13-3-3 0.17MBps 40.9ms</bind>
  <bind>Comp:13-3-3 Comp:13-4-3 0.17MBps 40.9ms</bind>
  <bind>Comp:13-4-4 Comp:13-3-0 0.17MBps 40.9ms</bind>
  <bind>Comp:13-3-0 Comp:13-4-4 0.17MBps 40.9ms</bind>
  <bind>Comp:13-4-5 Comp:13-3-1 0.17MBps 40.9ms</bind>
  <bind>Comp:13-3-1 Comp:13-4-5 0.17MBps 40.9ms</bind>
  <bind>Comp:13-4-6 Comp:13-3-2 0.17MBps 40.9ms</bind>
  <bind>Comp:13-3-2 Comp:13-4-6 0.17MBps 40.9ms</bind>
  <bind>Comp:13-4-7 Comp:13-3-3 0.17MBps 40.9ms</bind>
  <bind>Comp:13-3-3 Comp:13-4-7 0.17MBps 40.9ms</bind>
  <bind>Comp:13-5-0 Comp:13-4-0 0.179MBps 35.9ms</bind>
  <bind>Comp:13-4-0 Comp:13-5-0 0.179MBps 35.9ms</bind>
  <bind>Comp:13-5-1 Comp:13-4-1 0.179MBps 35.9ms</bind>
  <bind>Comp:13-4-1 Comp:13-5-1 0.179MBps 35.9ms</bind>
  <bind>Comp:13-5-2 Comp:13-4-2 0.179MBps 35.9ms</bind>
  <bind>Comp:13-4-2 Comp:13-5-2 0.179MBps 35.9ms</bind>
  <bind>Comp:13-5-3 Comp:13-4-3 0.179MBps 35.9ms</bind>
  <bind>Comp:13-4-3 Comp:13-5-3 0.179MBps 35.9ms</bind>
  <bind>Comp:13-5-4 Comp:13-4-4 0.179MBps 35.9ms</bind>
  <bind>Comp:13-4-4 Comp:13-5-4 0.179MBps 35.9ms</bind>
  <bind>Comp:13-5-5 Comp:13-4-5 0.179MBps 35.9ms</bind>
  <bind>Comp:13-4-5 Comp:13-5-5 0.179MBps 35.9ms</bind>
  <bind>Comp:13-5-6 Comp:13-4-6 0.179MBps 35.9ms</bind>
  <bind>Comp:13-4-6 Comp:13-5-6 0.179MBps 35.9ms</bind>
  <bind>Comp:13-5-0 Comp:13-4-7 0.179MBps 35.9ms</bind>
  <bind>Comp:13-4-7 Comp:13-5-0 0.179MBps 35.9ms</bind>
  <bind>Comp:13-5-0 Appliance-25 0.234MBps 48.2ms</bind>
  <bind>Appliance-25 Comp:13-5-0 0.234MBps 48.2ms</bind>
  <bind>Comp:13-5-1 Appliance-24 0.234MBps 48.2ms</bind>
  <bind>Appliance-24 Comp:13-5-1 0.234MBps 48.2ms</bind>
  <bind>Comp:13-5-2 Appliance-37 0.234MBps 48.2ms</bind>
  <bind>Appliance-37 Comp:13-5-2 0.234MBps 48.2ms</bind>
  <bind>Comp:13-5-3 Appliance-20 0.234MBps 48.2ms</bind>
  <bind>Appliance-20 Comp:13-5-3 0.234MBps 48.2ms</bind>
  <bind>Comp:13-5-4 Appliance-17 0.234MBps 48.2ms</bind>
  <bind>Appliance-17 Comp:13-5-4 0.234MBps 48.2ms</bind>
  <bind>Comp:13-5-5 Appliance-15 0.234MBps 48.2ms</bind>
  <bind>Appliance-15 Comp:13-5-5 0.234MBps 48.2ms</bind>
  <bind>Comp:13-5-6 Appliance-13 0.234MBps 48.2ms</bind>
  <bind>Appliance-13 Comp:13-5-6 0.234MBps 48.2ms</bind>
  <bind>Comp:13-5-0 Appliance-16 0.234MBps 48.2ms</bind>
  <bind>Appliance-16 Comp:13-5-0 0.234MBps 48.2ms</bind>
</app>
<app>
  <id>App14</id>
<comp>
  <id>Comp:14-0-0</id>
  <CPU>0.706Gf</CPU>
  <RAM>0.174GB</RAM>
  <DISK>0.038GB</DISK>
</comp>
<comp>
  <id>Comp:14-0-1</id>
  <CPU>0.706Gf</CPU>
  <RAM>0.174GB</RAM>
  <DISK>0.038GB</DISK>
</comp>
<comp>
  <id>Comp:14-0-2</id>
  <CPU>0.706Gf</CPU>
  <RAM>0.174GB</RAM>
  <DISK>0.038GB</DISK>
</comp>
<comp>
  <id>Comp:14-1-0</id>
  <CPU>0.303Gf</CPU>
  <RAM>0.713GB</RAM>
  <DISK>0.915GB</DISK>
</comp>
<comp>
  <id>Comp:14-1-1</id>
  <CPU>0.303Gf</CPU>
  <RAM>0.713GB</RAM>
  <DISK>0.915GB</DISK>
</comp>
<comp>
  <id>Comp:14-1-2</id>
  <CPU>0.303Gf</CPU>
  <RAM>0.713GB</RAM>
  <DISK>0.915GB</DISK>
</comp>
<comp>
  <id>Comp:14-1-3</id>
  <CPU>0.303Gf</CPU>
  <RAM>0.713GB</RAM>
  <DISK>0.915GB</DISK>
</comp>
<comp>
  <id>Comp:14-1-4</id>
  <CPU>0.303Gf</CPU>
  <RAM>0.713GB</RAM>
  <DISK>0.915GB</DISK>
</comp>
<comp>
  <id>Comp:14-1-5</id>
  <CPU>0.303Gf</CPU>
  <RAM>0.713GB</RAM>
  <DISK>0.915GB</DISK>
</comp>
<comp>
  <id>Comp:14-1-6</id>
  <CPU>0.303Gf</CPU>
  <RAM>0.713GB</RAM>
  <DISK>0.915GB</DISK>
</comp>
<comp>
  <id>Comp:14-1-7</id>
  <CPU>0.303Gf</CPU>
  <RAM>0.713GB</RAM>
  <DISK>0.915GB</DISK>
</comp>
<comp>
  <id>Comp:14-1-8</id>
  <CPU>0.303Gf</CPU>
  <RAM>0.713GB</RAM>
  <DISK>0.915GB</DISK>
</comp>
<comp>
  <id>Comp:14-1-9</id>
  <CPU>0.303Gf</CPU>
  <RAM>0.713GB</RAM>
  <DISK>0.915GB</DISK>
</comp>
<comp>
  <id>Comp:14-2-0</id>
  <CPU>0.285Gf</CPU>
  <RAM>0.18GB</RAM>
  <DISK>0.274GB</DISK>
</comp>
<comp>
  <id>Comp:14-2-1</id>
  <CPU>0.285Gf</CPU>
  <RAM>0.18GB</RAM>
  <DISK>0.274GB</DISK>
</comp>
  <bind>Comp:14-1-0 Comp:14-0-0 0.808MBps 49.6ms</bind>
  <bind>Comp:14-0-0 Comp:14-1-0 0.808MBps 49.6ms</bind>
  <bind>Comp:14-1-1 Comp:14-0-1 0.808MBps 49.6ms</bind>
  <bind>Comp:14-0-1 Comp:14-1-1 0.808MBps 49.6ms</bind>
  <bind>Comp:14-1-2 Comp:14-0-2 0.808MBps 49.6ms</bind>
  <bind>Comp:14-0-2 Comp:14-1-2 0.808MBps 49.6ms</bind>
  <bind>Comp:14-1-3 Comp:14-0-0 0.808MBps 49.6ms</bind>
  <bind>Comp:14-0-0 Comp:14-1-3 0.808MBps 49.6ms</bind>
  <bind>Comp:14-1-4 Comp:14-0-1 0.808MBps 49.6ms</bind>
  <bind>Comp:14-0-1 Comp:14-1-4 0.808MBps 49.6ms</bind>
  <bind>Comp:14-1-5 Comp:14-0-2 0.808MBps 49.6ms</bind>
  <bind>Comp:14-0-2 Comp:14-1-5 0.808MBps 49.6ms</bind>
  <bind>Comp:14-1-6 Comp:14-0-0 0.808MBps 49.6ms</bind>
  <bind>Comp:14-0-0 Comp:14-1-6 0.808MBps 49.6ms</bind>
  <bind>Comp:14-1-7 Comp:14-0-1 0.808MBps 49.6ms</bind>
  <bind>Comp:14-0-1 Comp:14-1-7 0.808MBps 49.6ms</bind>
  <bind>Comp:14-1-8 Comp:14-0-2 0.808MBps 49.6ms</bind>
  <bind>Comp:14-0-2 Comp:14-1-8 0.808MBps 49.6ms</bind>
  <bind>Comp:14-1-9 Comp:14-0-0 0.808MBps 49.6ms</bind>
  <bind>Comp:14-0-0 Comp:14-1-9 0.808MBps 49.6ms</bind>
  <bind>Comp:14-2-0 Comp:14-1-0 0.92MBps 38.8ms</bind>
  <bind>Comp:14-1-0 Comp:14-2-0 0.92MBps 38.8ms</bind>
  <bind>Comp:14-2-1 Comp:14-1-1 0.92MBps 38.8ms</bind>
  <bind>Comp:14-1-1 Comp:14-2-1 0.92MBps 38.8ms</bind>
  <bind>Comp:14-2-0 Comp:14-1-2 0.92MBps 38.8ms</bind>
  <bind>Comp:14-1-2 Comp:14-2-0 0.92MBps 38.8ms</bind>
  <bind>Comp:14-2-1 Comp:14-1-3 0.92MBps 38.8ms</bind>
  <bind>Comp:14-1-3 Comp:14-2-1 0.92MBps 38.8ms</bind>
  <bind>Comp:14-2-0 Comp:14-1-4 0.92MBps 38.8ms</bind>
  <bind>Comp:14-1-4 Comp:14-2-0 0.92MBps 38.8ms</bind>
  <bind>Comp:14-2-1 Comp:14-1-5 0.92MBps 38.8ms</bind>
  <bind>Comp:14-1-5 Comp:14-2-1 0.92MBps 38.8ms</bind>
  <bind>Comp:14-2-0 Comp:14-1-6 0.92MBps 38.8ms</bind>
  <bind>Comp:14-1-6 Comp:14-2-0 0.92MBps 38.8ms</bind>
  <bind>Comp:14-2-1 Comp:14-1-7 0.92MBps 38.8ms</bind>
  <bind>Comp:14-1-7 Comp:14-2-1 0.92MBps 38.8ms</bind>
  <bind>Comp:14-2-0 Comp:14-1-8 0.92MBps 38.8ms</bind>
  <bind>Comp:14-1-8 Comp:14-2-0 0.92MBps 38.8ms</bind>
  <bind>Comp:14-2-1 Comp:14-1-9 0.92MBps 38.8ms</bind>
  <bind>Comp:14-1-9 Comp:14-2-1 0.92MBps 38.8ms</bind>
  <bind>Comp:14-2-0 Appliance-11 0.258MBps 46.5ms</bind>
  <bind>Appliance-11 Comp:14-2-0 0.258MBps 46.5ms</bind>
  <bind>Comp:14-2-1 Appliance-20 0.258MBps 46.5ms</bind>
  <bind>Appliance-20 Comp:14-2-1 0.258MBps 46.5ms</bind>
  <bind>Comp:14-2-0 Appliance-32 0.258MBps 46.5ms</bind>
  <bind>Appliance-32 Comp:14-2-0 0.258MBps 46.5ms</bind>
  <bind>Comp:14-2-1 Appliance-31 0.258MBps 46.5ms</bind>
  <bind>Appliance-31 Comp:14-2-1 0.258MBps 46.5ms</bind>
  <bind>Comp:14-2-0 Appliance-11 0.258MBps 46.5ms</bind>
  <bind>Appliance-11 Comp:14-2-0 0.258MBps 46.5ms</bind>
  <bind>Comp:14-2-1 Appliance-19 0.258MBps 46.5ms</bind>
  <bind>Appliance-19 Comp:14-2-1 0.258MBps 46.5ms</bind>
  <bind>Comp:14-2-0 Appliance-37 0.258MBps 46.5ms</bind>
  <bind>Appliance-37 Comp:14-2-0 0.258MBps 46.5ms</bind>
  <bind>Comp:14-2-1 Appliance-12 0.258MBps 46.5ms</bind>
  <bind>Appliance-12 Comp:14-2-1 0.258MBps 46.5ms</bind>
</app>
<app>
  <id>App15</id>
<comp>
  <id>Comp:15-0-0</id>
  <CPU>0.284Gf</CPU>
  <RAM>0.174GB</RAM>
  <DISK>1.6GB</DISK>
</comp>
<comp>
  <id>Comp:15-0-1</id>
  <CPU>0.284Gf</CPU>
  <RAM>0.174GB</RAM>
  <DISK>1.6GB</DISK>
</comp>
<comp>
  <id>Comp:15-0-2</id>
  <CPU>0.284Gf</CPU>
  <RAM>0.174GB</RAM>
  <DISK>1.6GB</DISK>
</comp>
<comp>
  <id>Comp:15-0-3</id>
  <CPU>0.284Gf</CPU>
  <RAM>0.174GB</RAM>
  <DISK>1.6GB</DISK>
</comp>
<comp>
  <id>Comp:15-0-4</id>
  <CPU>0.284Gf</CPU>
  <RAM>0.174GB</RAM>
  <DISK>1.6GB</DISK>
</comp>
<comp>
  <id>Comp:15-1-0</id>
  <CPU>0.25Gf</CPU>
  <RAM>0.216GB</RAM>
  <DISK>0.617GB</DISK>
</comp>
<comp>
  <id>Comp:15-1-1</id>
  <CPU>0.25Gf</CPU>
  <RAM>0.216GB</RAM>
  <DISK>0.617GB</DISK>
</comp>
<comp>
  <id>Comp:15-2-0</id>
  <CPU>0.85Gf</CPU>
  <RAM>0.318GB</RAM>
  <DISK>0.0148GB</DISK>
</comp>
<comp>
  <id>Comp:15-2-1</id>
  <CPU>0.85Gf</CPU>
  <RAM>0.318GB</RAM>
  <DISK>0.0148GB</DISK>
</comp>
<comp>
  <id>Comp:15-2-2</id>
  <CPU>0.85Gf</CPU>
  <RAM>0.318GB</RAM>
  <DISK>0.0148GB</DISK>
</comp>
<comp>
  <id>Comp:15-2-3</id>
  <CPU>0.85Gf</CPU>
  <RAM>0.318GB</RAM>
  <DISK>0.0148GB</DISK>
</comp>
<comp>
  <id>Comp:15-2-4</id>
  <CPU>0.85Gf</CPU>
  <RAM>0.318GB</RAM>
  <DISK>0.0148GB</DISK>
</comp>
<comp>
  <id>Comp:15-2-5</id>
  <CPU>0.85Gf</CPU>
  <RAM>0.318GB</RAM>
  <DISK>0.0148GB</DISK>
</comp>
<comp>
  <id>Comp:15-2-6</id>
  <CPU>0.85Gf</CPU>
  <RAM>0.318GB</RAM>
  <DISK>0.0148GB</DISK>
</comp>
<comp>
  <id>Comp:15-2-7</id>
  <CPU>0.85Gf</CPU>
  <RAM>0.318GB</RAM>
  <DISK>0.0148GB</DISK>
</comp>
<comp>
  <id>Comp:15-2-8</id>
  <CPU>0.85Gf</CPU>
  <RAM>0.318GB</RAM>
  <DISK>0.0148GB</DISK>
</comp>
<comp>
  <id>Comp:15-2-9</id>
  <CPU>0.85Gf</CPU>
  <RAM>0.318GB</RAM>
  <DISK>0.0148GB</DISK>
</comp>
  <bind>Comp:15-1-0 Comp:15-0-0 0.969MBps 41.4ms</bind>
  <bind>Comp:15-0-0 Comp:15-1-0 0.969MBps 41.4ms</bind>
  <bind>Comp:15-1-1 Comp:15-0-1 0.969MBps 41.4ms</bind>
  <bind>Comp:15-0-1 Comp:15-1-1 0.969MBps 41.4ms</bind>
  <bind>Comp:15-1-0 Comp:15-0-2 0.969MBps 41.4ms</bind>
  <bind>Comp:15-0-2 Comp:15-1-0 0.969MBps 41.4ms</bind>
  <bind>Comp:15-1-1 Comp:15-0-3 0.969MBps 41.4ms</bind>
  <bind>Comp:15-0-3 Comp:15-1-1 0.969MBps 41.4ms</bind>
  <bind>Comp:15-1-0 Comp:15-0-4 0.969MBps 41.4ms</bind>
  <bind>Comp:15-0-4 Comp:15-1-0 0.969MBps 41.4ms</bind>
  <bind>Comp:15-2-0 Comp:15-1-0 0.643MBps 42.5ms</bind>
  <bind>Comp:15-1-0 Comp:15-2-0 0.643MBps 42.5ms</bind>
  <bind>Comp:15-2-1 Comp:15-1-1 0.643MBps 42.5ms</bind>
  <bind>Comp:15-1-1 Comp:15-2-1 0.643MBps 42.5ms</bind>
  <bind>Comp:15-2-2 Comp:15-1-0 0.643MBps 42.5ms</bind>
  <bind>Comp:15-1-0 Comp:15-2-2 0.643MBps 42.5ms</bind>
  <bind>Comp:15-2-3 Comp:15-1-1 0.643MBps 42.5ms</bind>
  <bind>Comp:15-1-1 Comp:15-2-3 0.643MBps 42.5ms</bind>
  <bind>Comp:15-2-4 Comp:15-1-0 0.643MBps 42.5ms</bind>
  <bind>Comp:15-1-0 Comp:15-2-4 0.643MBps 42.5ms</bind>
  <bind>Comp:15-2-5 Comp:15-1-1 0.643MBps 42.5ms</bind>
  <bind>Comp:15-1-1 Comp:15-2-5 0.643MBps 42.5ms</bind>
  <bind>Comp:15-2-6 Comp:15-1-0 0.643MBps 42.5ms</bind>
  <bind>Comp:15-1-0 Comp:15-2-6 0.643MBps 42.5ms</bind>
  <bind>Comp:15-2-7 Comp:15-1-1 0.643MBps 42.5ms</bind>
  <bind>Comp:15-1-1 Comp:15-2-7 0.643MBps 42.5ms</bind>
  <bind>Comp:15-2-8 Comp:15-1-0 0.643MBps 42.5ms</bind>
  <bind>Comp:15-1-0 Comp:15-2-8 0.643MBps 42.5ms</bind>
  <bind>Comp:15-2-9 Comp:15-1-1 0.643MBps 42.5ms</bind>
  <bind>Comp:15-1-1 Comp:15-2-9 0.643MBps 42.5ms</bind>
  <bind>Comp:15-2-0 Appliance-17 0.465MBps 30.8ms</bind>
  <bind>Appliance-17 Comp:15-2-0 0.465MBps 30.8ms</bind>
  <bind>Comp:15-2-1 Appliance-21 0.465MBps 30.8ms</bind>
  <bind>Appliance-21 Comp:15-2-1 0.465MBps 30.8ms</bind>
  <bind>Comp:15-2-2 Appliance-38 0.465MBps 30.8ms</bind>
  <bind>Appliance-38 Comp:15-2-2 0.465MBps 30.8ms</bind>
  <bind>Comp:15-2-3 Appliance-38 0.465MBps 30.8ms</bind>
  <bind>Appliance-38 Comp:15-2-3 0.465MBps 30.8ms</bind>
  <bind>Comp:15-2-4 Appliance-24 0.465MBps 30.8ms</bind>
  <bind>Appliance-24 Comp:15-2-4 0.465MBps 30.8ms</bind>
  <bind>Comp:15-2-5 Appliance-15 0.465MBps 30.8ms</bind>
  <bind>Appliance-15 Comp:15-2-5 0.465MBps 30.8ms</bind>
  <bind>Comp:15-2-6 Appliance-35 0.465MBps 30.8ms</bind>
  <bind>Appliance-35 Comp:15-2-6 0.465MBps 30.8ms</bind>
  <bind>Comp:15-2-7 Appliance-8 0.465MBps 30.8ms</bind>
  <bind>Appliance-8 Comp:15-2-7 0.465MBps 30.8ms</bind>
  <bind>Comp:15-2-8 Appliance-1 0.465MBps 30.8ms</bind>
  <bind>Appliance-1 Comp:15-2-8 0.465MBps 30.8ms</bind>
  <bind>Comp:15-2-9 Appliance-17 0.465MBps 30.8ms</bind>
  <bind>Appliance-17 Comp:15-2-9 0.465MBps 30.8ms</bind>
</app>
<app>
  <id>App17</id>
<comp>
  <id>Comp:17-0-0</id>
  <CPU>0.17Gf</CPU>
  <RAM>0.984GB</RAM>
  <DISK>1.09GB</DISK>
</comp>
<comp>
  <id>Comp:17-1-0</id>
  <CPU>0.196Gf</CPU>
  <RAM>0.468GB</RAM>
  <DISK>0.0932GB</DISK>
</comp>
<comp>
  <id>Comp:17-1-1</id>
  <CPU>0.196Gf</CPU>
  <RAM>0.468GB</RAM>
  <DISK>0.0932GB</DISK>
</comp>
<comp>
  <id>Comp:17-1-2</id>
  <CPU>0.196Gf</CPU>
  <RAM>0.468GB</RAM>
  <DISK>0.0932GB</DISK>
</comp>
  <bind>Comp:17-1-0 Comp:17-0-0 0.392MBps 31.8ms</bind>
  <bind>Comp:17-0-0 Comp:17-1-0 0.392MBps 31.8ms</bind>
  <bind>Comp:17-1-1 Comp:17-0-0 0.392MBps 31.8ms</bind>
  <bind>Comp:17-0-0 Comp:17-1-1 0.392MBps 31.8ms</bind>
  <bind>Comp:17-1-2 Comp:17-0-0 0.392MBps 31.8ms</bind>
  <bind>Comp:17-0-0 Comp:17-1-2 0.392MBps 31.8ms</bind>
  <bind>Comp:17-1-0 Appliance-23 0.0658MBps 40.7ms</bind>
  <bind>Appliance-23 Comp:17-1-0 0.0658MBps 40.7ms</bind>
  <bind>Comp:17-1-1 Appliance-0 0.0658MBps 40.7ms</bind>
  <bind>Appliance-0 Comp:17-1-1 0.0658MBps 40.7ms</bind>
  <bind>Comp:17-1-2 Appliance-6 0.0658MBps 40.7ms</bind>
  <bind>Appliance-6 Comp:17-1-2 0.0658MBps 40.7ms</bind>
  <bind>Comp:17-1-0 Appliance-29 0.0658MBps 40.7ms</bind>
  <bind>Appliance-29 Comp:17-1-0 0.0658MBps 40.7ms</bind>
</app>
<app>
  <id>App18</id>
<comp>
  <id>Comp:18-1-0</id>
  <CPU>0.374Gf</CPU>
  <RAM>0.959GB</RAM>
  <DISK>1.78GB</DISK>
</comp>
<comp>
  <id>Comp:18-1-1</id>
  <CPU>0.374Gf</CPU>
  <RAM>0.959GB</RAM>
  <DISK>1.78GB</DISK>
</comp>
<comp>
  <id>Comp:18-1-2</id>
  <CPU>0.374Gf</CPU>
  <RAM>0.959GB</RAM>
  <DISK>1.78GB</DISK>
</comp>
<comp>
  <id>Comp:18-1-3</id>
  <CPU>0.374Gf</CPU>
  <RAM>0.959GB</RAM>
  <DISK>1.78GB</DISK>
</comp>
<comp>
  <id>Comp:18-1-4</id>
  <CPU>0.374Gf</CPU>
  <RAM>0.959GB</RAM>
  <DISK>1.78GB</DISK>
</comp>
<comp>
  <id>Comp:18-1-5</id>
  <CPU>0.374Gf</CPU>
  <RAM>0.959GB</RAM>
  <DISK>1.78GB</DISK>
</comp>
<comp>
  <id>Comp:18-1-6</id>
  <CPU>0.374Gf</CPU>
  <RAM>0.959GB</RAM>
  <DISK>1.78GB</DISK>
</comp>
<comp>
  <id>Comp:18-1-7</id>
  <CPU>0.374Gf</CPU>
  <RAM>0.959GB</RAM>
  <DISK>1.78GB</DISK>
</comp>
<comp>
  <id>Comp:18-2-0</id>
  <CPU>0.289Gf</CPU>
  <RAM>0.201GB</RAM>
  <DISK>1.76GB</DISK>
</comp>
  <bind>Comp:18-1-0 Appliance-19 0.0448MBps 37.5ms</bind>
  <bind>Appliance-19 Comp:18-1-0 0.0448MBps 37.5ms</bind>
  <bind>Comp:18-1-1 Appliance-38 0.0448MBps 37.5ms</bind>
  <bind>Appliance-38 Comp:18-1-1 0.0448MBps 37.5ms</bind>
  <bind>Comp:18-1-2 Appliance-24 0.0448MBps 37.5ms</bind>
  <bind>Appliance-24 Comp:18-1-2 0.0448MBps 37.5ms</bind>
  <bind>Comp:18-1-3 Appliance-25 0.0448MBps 37.5ms</bind>
  <bind>Appliance-25 Comp:18-1-3 0.0448MBps 37.5ms</bind>
  <bind>Comp:18-1-4 Appliance-19 0.0448MBps 37.5ms</bind>
  <bind>Appliance-19 Comp:18-1-4 0.0448MBps 37.5ms</bind>
  <bind>Comp:18-1-5 Appliance-38 0.0448MBps 37.5ms</bind>
  <bind>Appliance-38 Comp:18-1-5 0.0448MBps 37.5ms</bind>
  <bind>Comp:18-1-6 Appliance-24 0.0448MBps 37.5ms</bind>
  <bind>Appliance-24 Comp:18-1-6 0.0448MBps 37.5ms</bind>
  <bind>Comp:18-1-7 Appliance-25 0.0448MBps 37.5ms</bind>
  <bind>Appliance-25 Comp:18-1-7 0.0448MBps 37.5ms</bind>
  <bind>Comp:18-1-0 Comp:18-2-0 0.599MBps 31.7ms</bind>
  <bind>Comp:18-2-0 Comp:18-1-0 0.599MBps 31.7ms</bind>
  <bind>Comp:18-1-1 Comp:18-2-0 0.599MBps 31.7ms</bind>
  <bind>Comp:18-2-0 Comp:18-1-1 0.599MBps 31.7ms</bind>
  <bind>Comp:18-1-2 Comp:18-2-0 0.599MBps 31.7ms</bind>
  <bind>Comp:18-2-0 Comp:18-1-2 0.599MBps 31.7ms</bind>
  <bind>Comp:18-1-3 Comp:18-2-0 0.599MBps 31.7ms</bind>
  <bind>Comp:18-2-0 Comp:18-1-3 0.599MBps 31.7ms</bind>
  <bind>Comp:18-1-4 Comp:18-2-0 0.599MBps 31.7ms</bind>
  <bind>Comp:18-2-0 Comp:18-1-4 0.599MBps 31.7ms</bind>
  <bind>Comp:18-1-5 Comp:18-2-0 0.599MBps 31.7ms</bind>
  <bind>Comp:18-2-0 Comp:18-1-5 0.599MBps 31.7ms</bind>
  <bind>Comp:18-1-6 Comp:18-2-0 0.599MBps 31.7ms</bind>
  <bind>Comp:18-2-0 Comp:18-1-6 0.599MBps 31.7ms</bind>
  <bind>Comp:18-1-7 Comp:18-2-0 0.599MBps 31.7ms</bind>
  <bind>Comp:18-2-0 Comp:18-1-7 0.599MBps 31.7ms</bind>
</app>
<app>
  <id>App19</id>
<comp>
  <id>Comp:19-1-0</id>
  <CPU>0.538Gf</CPU>
  <RAM>0.155GB</RAM>
  <DISK>0.681GB</DISK>
</comp>
<comp>
  <id>Comp:19-1-1</id>
  <CPU>0.538Gf</CPU>
  <RAM>0.155GB</RAM>
  <DISK>0.681GB</DISK>
</comp>
<comp>
  <id>Comp:19-1-2</id>
  <CPU>0.538Gf</CPU>
  <RAM>0.155GB</RAM>
  <DISK>0.681GB</DISK>
</comp>
<comp>
  <id>Comp:19-1-3</id>
  <CPU>0.538Gf</CPU>
  <RAM>0.155GB</RAM>
  <DISK>0.681GB</DISK>
</comp>
<comp>
  <id>Comp:19-1-4</id>
  <CPU>0.538Gf</CPU>
  <RAM>0.155GB</RAM>
  <DISK>0.681GB</DISK>
</comp>
<comp>
  <id>Comp:19-1-5</id>
  <CPU>0.538Gf</CPU>
  <RAM>0.155GB</RAM>
  <DISK>0.681GB</DISK>
</comp>
<comp>
  <id>Comp:19-1-6</id>
  <CPU>0.538Gf</CPU>
  <RAM>0.155GB</RAM>
  <DISK>0.681GB</DISK>
</comp>
<comp>
  <id>Comp:19-1-7</id>
  <CPU>0.538Gf</CPU>
  <RAM>0.155GB</RAM>
  <DISK>0.681GB</DISK>
</comp>
<comp>
  <id>Comp:19-2-0</id>
  <CPU>0.548Gf</CPU>
  <RAM>0.873GB</RAM>
  <DISK>1.91GB</DISK>
</comp>
<comp>
  <id>Comp:19-2-1</id>
  <CPU>0.548Gf</CPU>
  <RAM>0.873GB</RAM>
  <DISK>1.91GB</DISK>
</comp>
<comp>
  <id>Comp:19-2-2</id>
  <CPU>0.548Gf</CPU>
  <RAM>0.873GB</RAM>
  <DISK>1.91GB</DISK>
</comp>
<comp>
  <id>Comp:19-2-3</id>
  <CPU>0.548Gf</CPU>
  <RAM>0.873GB</RAM>
  <DISK>1.91GB</DISK>
</comp>
<comp>
  <id>Comp:19-3-0</id>
  <CPU>0.744Gf</CPU>
  <RAM>0.218GB</RAM>
  <DISK>0.825GB</DISK>
</comp>
<comp>
  <id>Comp:19-3-1</id>
  <CPU>0.744Gf</CPU>
  <RAM>0.218GB</RAM>
  <DISK>0.825GB</DISK>
</comp>
<comp>
  <id>Comp:19-3-2</id>
  <CPU>0.744Gf</CPU>
  <RAM>0.218GB</RAM>
  <DISK>0.825GB</DISK>
</comp>
<comp>
  <id>Comp:19-3-3</id>
  <CPU>0.744Gf</CPU>
  <RAM>0.218GB</RAM>
  <DISK>0.825GB</DISK>
</comp>
<comp>
  <id>Comp:19-3-4</id>
  <CPU>0.744Gf</CPU>
  <RAM>0.218GB</RAM>
  <DISK>0.825GB</DISK>
</comp>
<comp>
  <id>Comp:19-3-5</id>
  <CPU>0.744Gf</CPU>
  <RAM>0.218GB</RAM>
  <DISK>0.825GB</DISK>
</comp>
<comp>
  <id>Comp:19-3-6</id>
  <CPU>0.744Gf</CPU>
  <RAM>0.218GB</RAM>
  <DISK>0.825GB</DISK>
</comp>
<comp>
  <id>Comp:19-3-7</id>
  <CPU>0.744Gf</CPU>
  <RAM>0.218GB</RAM>
  <DISK>0.825GB</DISK>
</comp>
<comp>
  <id>Comp:19-3-8</id>
  <CPU>0.744Gf</CPU>
  <RAM>0.218GB</RAM>
  <DISK>0.825GB</DISK>
</comp>
<comp>
  <id>Comp:19-3-9</id>
  <CPU>0.744Gf</CPU>
  <RAM>0.218GB</RAM>
  <DISK>0.825GB</DISK>
</comp>
<comp>
  <id>Comp:19-4-0</id>
  <CPU>0.879Gf</CPU>
  <RAM>0.393GB</RAM>
  <DISK>1.03GB</DISK>
</comp>
<comp>
  <id>Comp:19-4-1</id>
  <CPU>0.879Gf</CPU>
  <RAM>0.393GB</RAM>
  <DISK>1.03GB</DISK>
</comp>
<comp>
  <id>Comp:19-4-2</id>
  <CPU>0.879Gf</CPU>
  <RAM>0.393GB</RAM>
  <DISK>1.03GB</DISK>
</comp>
<comp>
  <id>Comp:19-4-3</id>
  <CPU>0.879Gf</CPU>
  <RAM>0.393GB</RAM>
  <DISK>1.03GB</DISK>
</comp>
<comp>
  <id>Comp:19-4-4</id>
  <CPU>0.879Gf</CPU>
  <RAM>0.393GB</RAM>
  <DISK>1.03GB</DISK>
</comp>
<comp>
  <id>Comp:19-4-5</id>
  <CPU>0.879Gf</CPU>
  <RAM>0.393GB</RAM>
  <DISK>1.03GB</DISK>
</comp>
<comp>
  <id>Comp:19-4-6</id>
  <CPU>0.879Gf</CPU>
  <RAM>0.393GB</RAM>
  <DISK>1.03GB</DISK>
</comp>
<comp>
  <id>Comp:19-4-7</id>
  <CPU>0.879Gf</CPU>
  <RAM>0.393GB</RAM>
  <DISK>1.03GB</DISK>
</comp>
<comp>
  <id>Comp:19-4-8</id>
  <CPU>0.879Gf</CPU>
  <RAM>0.393GB</RAM>
  <DISK>1.03GB</DISK>
</comp>
<comp>
  <id>Comp:19-4-9</id>
  <CPU>0.879Gf</CPU>
  <RAM>0.393GB</RAM>
  <DISK>1.03GB</DISK>
</comp>
<comp>
  <id>Comp:19-5-0</id>
  <CPU>0.916Gf</CPU>
  <RAM>0.724GB</RAM>
  <DISK>0.196GB</DISK>
</comp>
  <bind>Comp:19-1-0 Appliance-14 0.679MBps 32.5ms</bind>
  <bind>Appliance-14 Comp:19-1-0 0.679MBps 32.5ms</bind>
  <bind>Comp:19-1-1 Appliance-39 0.679MBps 32.5ms</bind>
  <bind>Appliance-39 Comp:19-1-1 0.679MBps 32.5ms</bind>
  <bind>Comp:19-1-2 Appliance-37 0.679MBps 32.5ms</bind>
  <bind>Appliance-37 Comp:19-1-2 0.679MBps 32.5ms</bind>
  <bind>Comp:19-1-3 Appliance-25 0.679MBps 32.5ms</bind>
  <bind>Appliance-25 Comp:19-1-3 0.679MBps 32.5ms</bind>
  <bind>Comp:19-1-4 Appliance-35 0.679MBps 32.5ms</bind>
  <bind>Appliance-35 Comp:19-1-4 0.679MBps 32.5ms</bind>
  <bind>Comp:19-1-5 Appliance-11 0.679MBps 32.5ms</bind>
  <bind>Appliance-11 Comp:19-1-5 0.679MBps 32.5ms</bind>
  <bind>Comp:19-1-6 Appliance-10 0.679MBps 32.5ms</bind>
  <bind>Appliance-10 Comp:19-1-6 0.679MBps 32.5ms</bind>
  <bind>Comp:19-1-7 Appliance-39 0.679MBps 32.5ms</bind>
  <bind>Appliance-39 Comp:19-1-7 0.679MBps 32.5ms</bind>
  <bind>Comp:19-1-0 Appliance-22 0.679MBps 32.5ms</bind>
  <bind>Appliance-22 Comp:19-1-0 0.679MBps 32.5ms</bind>
  <bind>Comp:19-1-1 Appliance-33 0.679MBps 32.5ms</bind>
  <bind>Appliance-33 Comp:19-1-1 0.679MBps 32.5ms</bind>
  <bind>Comp:19-2-0 Comp:19-1-0 0.0738MBps 35.6ms</bind>
  <bind>Comp:19-1-0 Comp:19-2-0 0.0738MBps 35.6ms</bind>
  <bind>Comp:19-2-1 Comp:19-1-1 0.0738MBps 35.6ms</bind>
  <bind>Comp:19-1-1 Comp:19-2-1 0.0738MBps 35.6ms</bind>
  <bind>Comp:19-2-2 Comp:19-1-2 0.0738MBps 35.6ms</bind>
  <bind>Comp:19-1-2 Comp:19-2-2 0.0738MBps 35.6ms</bind>
  <bind>Comp:19-2-3 Comp:19-1-3 0.0738MBps 35.6ms</bind>
  <bind>Comp:19-1-3 Comp:19-2-3 0.0738MBps 35.6ms</bind>
  <bind>Comp:19-2-0 Comp:19-1-4 0.0738MBps 35.6ms</bind>
  <bind>Comp:19-1-4 Comp:19-2-0 0.0738MBps 35.6ms</bind>
  <bind>Comp:19-2-1 Comp:19-1-5 0.0738MBps 35.6ms</bind>
  <bind>Comp:19-1-5 Comp:19-2-1 0.0738MBps 35.6ms</bind>
  <bind>Comp:19-2-2 Comp:19-1-6 0.0738MBps 35.6ms</bind>
  <bind>Comp:19-1-6 Comp:19-2-2 0.0738MBps 35.6ms</bind>
  <bind>Comp:19-2-3 Comp:19-1-7 0.0738MBps 35.6ms</bind>
  <bind>Comp:19-1-7 Comp:19-2-3 0.0738MBps 35.6ms</bind>
  <bind>Comp:19-3-0 Comp:19-2-0 0.309MBps 38.6ms</bind>
  <bind>Comp:19-2-0 Comp:19-3-0 0.309MBps 38.6ms</bind>
  <bind>Comp:19-3-1 Comp:19-2-1 0.309MBps 38.6ms</bind>
  <bind>Comp:19-2-1 Comp:19-3-1 0.309MBps 38.6ms</bind>
  <bind>Comp:19-3-2 Comp:19-2-2 0.309MBps 38.6ms</bind>
  <bind>Comp:19-2-2 Comp:19-3-2 0.309MBps 38.6ms</bind>
  <bind>Comp:19-3-3 Comp:19-2-3 0.309MBps 38.6ms</bind>
  <bind>Comp:19-2-3 Comp:19-3-3 0.309MBps 38.6ms</bind>
  <bind>Comp:19-3-4 Comp:19-2-0 0.309MBps 38.6ms</bind>
  <bind>Comp:19-2-0 Comp:19-3-4 0.309MBps 38.6ms</bind>
  <bind>Comp:19-3-5 Comp:19-2-1 0.309MBps 38.6ms</bind>
  <bind>Comp:19-2-1 Comp:19-3-5 0.309MBps 38.6ms</bind>
  <bind>Comp:19-3-6 Comp:19-2-2 0.309MBps 38.6ms</bind>
  <bind>Comp:19-2-2 Comp:19-3-6 0.309MBps 38.6ms</bind>
  <bind>Comp:19-3-7 Comp:19-2-3 0.309MBps 38.6ms</bind>
  <bind>Comp:19-2-3 Comp:19-3-7 0.309MBps 38.6ms</bind>
  <bind>Comp:19-3-8 Comp:19-2-0 0.309MBps 38.6ms</bind>
  <bind>Comp:19-2-0 Comp:19-3-8 0.309MBps 38.6ms</bind>
  <bind>Comp:19-3-9 Comp:19-2-1 0.309MBps 38.6ms</bind>
  <bind>Comp:19-2-1 Comp:19-3-9 0.309MBps 38.6ms</bind>
  <bind>Comp:19-4-0 Comp:19-3-0 0.309MBps 40.2ms</bind>
  <bind>Comp:19-3-0 Comp:19-4-0 0.309MBps 40.2ms</bind>
  <bind>Comp:19-4-1 Comp:19-3-1 0.309MBps 40.2ms</bind>
  <bind>Comp:19-3-1 Comp:19-4-1 0.309MBps 40.2ms</bind>
  <bind>Comp:19-4-2 Comp:19-3-2 0.309MBps 40.2ms</bind>
  <bind>Comp:19-3-2 Comp:19-4-2 0.309MBps 40.2ms</bind>
  <bind>Comp:19-4-3 Comp:19-3-3 0.309MBps 40.2ms</bind>
  <bind>Comp:19-3-3 Comp:19-4-3 0.309MBps 40.2ms</bind>
  <bind>Comp:19-4-4 Comp:19-3-4 0.309MBps 40.2ms</bind>
  <bind>Comp:19-3-4 Comp:19-4-4 0.309MBps 40.2ms</bind>
  <bind>Comp:19-4-5 Comp:19-3-5 0.309MBps 40.2ms</bind>
  <bind>Comp:19-3-5 Comp:19-4-5 0.309MBps 40.2ms</bind>
  <bind>Comp:19-4-6 Comp:19-3-6 0.309MBps 40.2ms</bind>
  <bind>Comp:19-3-6 Comp:19-4-6 0.309MBps 40.2ms</bind>
  <bind>Comp:19-4-7 Comp:19-3-7 0.309MBps 40.2ms</bind>
  <bind>Comp:19-3-7 Comp:19-4-7 0.309MBps 40.2ms</bind>
  <bind>Comp:19-4-8 Comp:19-3-8 0.309MBps 40.2ms</bind>
  <bind>Comp:19-3-8 Comp:19-4-8 0.309MBps 40.2ms</bind>
  <bind>Comp:19-4-9 Comp:19-3-9 0.309MBps 40.2ms</bind>
  <bind>Comp:19-3-9 Comp:19-4-9 0.309MBps 40.2ms</bind>
  <bind>Comp:19-4-0 Comp:19-5-0 0.758MBps 45.1ms</bind>
  <bind>Comp:19-5-0 Comp:19-4-0 0.758MBps 45.1ms</bind>
  <bind>Comp:19-4-1 Comp:19-5-0 0.758MBps 45.1ms</bind>
  <bind>Comp:19-5-0 Comp:19-4-1 0.758MBps 45.1ms</bind>
  <bind>Comp:19-4-2 Comp:19-5-0 0.758MBps 45.1ms</bind>
  <bind>Comp:19-5-0 Comp:19-4-2 0.758MBps 45.1ms</bind>
  <bind>Comp:19-4-3 Comp:19-5-0 0.758MBps 45.1ms</bind>
  <bind>Comp:19-5-0 Comp:19-4-3 0.758MBps 45.1ms</bind>
  <bind>Comp:19-4-4 Comp:19-5-0 0.758MBps 45.1ms</bind>
  <bind>Comp:19-5-0 Comp:19-4-4 0.758MBps 45.1ms</bind>
  <bind>Comp:19-4-5 Comp:19-5-0 0.758MBps 45.1ms</bind>
  <bind>Comp:19-5-0 Comp:19-4-5 0.758MBps 45.1ms</bind>
  <bind>Comp:19-4-6 Comp:19-5-0 0.758MBps 45.1ms</bind>
  <bind>Comp:19-5-0 Comp:19-4-6 0.758MBps 45.1ms</bind>
  <bind>Comp:19-4-7 Comp:19-5-0 0.758MBps 45.1ms</bind>
  <bind>Comp:19-5-0 Comp:19-4-7 0.758MBps 45.1ms</bind>
  <bind>Comp:19-4-8 Comp:19-5-0 0.758MBps 45.1ms</bind>
  <bind>Comp:19-5-0 Comp:19-4-8 0.758MBps 45.1ms</bind>
  <bind>Comp:19-4-9 Comp:19-5-0 0.758MBps 45.1ms</bind>
  <bind>Comp:19-5-0 Comp:19-4-9 0.758MBps 45.1ms</bind>
</app>
<app>
  <id>App2</id>
<comp>
  <id>Comp:2-1-0</id>
  <CPU>0.66Gf</CPU>
  <RAM>0.434GB</RAM>
  <DISK>1.09GB</DISK>
</comp>
<comp>
  <id>Comp:2-2-0</id>
  <CPU>0.567Gf</CPU>
  <RAM>0.52GB</RAM>
  <DISK>1.15GB</DISK>
</comp>
<comp>
  <id>Comp:2-2-1</id>
  <CPU>0.567Gf</CPU>
  <RAM>0.52GB</RAM>
  <DISK>1.15GB</DISK>
</comp>
<comp>
  <id>Comp:2-3-0</id>
  <CPU>0.908Gf</CPU>
  <RAM>0.858GB</RAM>
  <DISK>1.84GB</DISK>
</comp>
<comp>
  <id>Comp:2-3-1</id>
  <CPU>0.908Gf</CPU>
  <RAM>0.858GB</RAM>
  <DISK>1.84GB</DISK>
</comp>
<comp>
  <id>Comp:2-3-2</id>
  <CPU>0.908Gf</CPU>
  <RAM>0.858GB</RAM>
  <DISK>1.84GB</DISK>
</comp>
<comp>
  <id>Comp:2-3-3</id>
  <CPU>0.908Gf</CPU>
  <RAM>0.858GB</RAM>
  <DISK>1.84GB</DISK>
</comp>
<comp>
  <id>Comp:2-3-4</id>
  <CPU>0.908Gf</CPU>
  <RAM>0.858GB</RAM>
  <DISK>1.84GB</DISK>
</comp>
<comp>
  <id>Comp:2-3-5</id>
  <CPU>0.908Gf</CPU>
  <RAM>0.858GB</RAM>
  <DISK>1.84GB</DISK>
</comp>
<comp>
  <id>Comp:2-3-6</id>
  <CPU>0.908Gf</CPU>
  <RAM>0.858GB</RAM>
  <DISK>1.84GB</DISK>
</comp>
<comp>
  <id>Comp:2-3-7</id>
  <CPU>0.908Gf</CPU>
  <RAM>0.858GB</RAM>
  <DISK>1.84GB</DISK>
</comp>
<comp>
  <id>Comp:2-3-8</id>
  <CPU>0.908Gf</CPU>
  <RAM>0.858GB</RAM>
  <DISK>1.84GB</DISK>
</comp>
<comp>
  <id>Comp:2-3-9</id>
  <CPU>0.908Gf</CPU>
  <RAM>0.858GB</RAM>
  <DISK>1.84GB</DISK>
</comp>
<comp>
  <id>Comp:2-4-0</id>
  <CPU>0.282Gf</CPU>
  <RAM>0.259GB</RAM>
  <DISK>1.58GB</DISK>
</comp>
<comp>
  <id>Comp:2-4-1</id>
  <CPU>0.282Gf</CPU>
  <RAM>0.259GB</RAM>
  <DISK>1.58GB</DISK>
</comp>
<comp>
  <id>Comp:2-4-2</id>
  <CPU>0.282Gf</CPU>
  <RAM>0.259GB</RAM>
  <DISK>1.58GB</DISK>
</comp>
<comp>
  <id>Comp:2-4-3</id>
  <CPU>0.282Gf</CPU>
  <RAM>0.259GB</RAM>
  <DISK>1.58GB</DISK>
</comp>
<comp>
  <id>Comp:2-4-4</id>
  <CPU>0.282Gf</CPU>
  <RAM>0.259GB</RAM>
  <DISK>1.58GB</DISK>
</comp>
<comp>
  <id>Comp:2-4-5</id>
  <CPU>0.282Gf</CPU>
  <RAM>0.259GB</RAM>
  <DISK>1.58GB</DISK>
</comp>
<comp>
  <id>Comp:2-4-6</id>
  <CPU>0.282Gf</CPU>
  <RAM>0.259GB</RAM>
  <DISK>1.58GB</DISK>
</comp>
<comp>
  <id>Comp:2-4-7</id>
  <CPU>0.282Gf</CPU>
  <RAM>0.259GB</RAM>
  <DISK>1.58GB</DISK>
</comp>
<comp>
  <id>Comp:2-4-8</id>
  <CPU>0.282Gf</CPU>
  <RAM>0.259GB</RAM>
  <DISK>1.58GB</DISK>
</comp>
<comp>
  <id>Comp:2-4-9</id>
  <CPU>0.282Gf</CPU>
  <RAM>0.259GB</RAM>
  <DISK>1.58GB</DISK>
</comp>
  <bind>Comp:2-1-0 Appliance-5 0.328MBps 25.7ms</bind>
  <bind>Appliance-5 Comp:2-1-0 0.328MBps 25.7ms</bind>
  <bind>Comp:2-1-0 Appliance-36 0.328MBps 25.7ms</bind>
  <bind>Appliance-36 Comp:2-1-0 0.328MBps 25.7ms</bind>
  <bind>Comp:2-1-0 Appliance-7 0.328MBps 25.7ms</bind>
  <bind>Appliance-7 Comp:2-1-0 0.328MBps 25.7ms</bind>
  <bind>Comp:2-1-0 Appliance-26 0.328MBps 25.7ms</bind>
  <bind>Appliance-26 Comp:2-1-0 0.328MBps 25.7ms</bind>
  <bind>Comp:2-1-0 Appliance-27 0.328MBps 25.7ms</bind>
  <bind>Appliance-27 Comp:2-1-0 0.328MBps 25.7ms</bind>
  <bind>Comp:2-1-0 Appliance-28 0.328MBps 25.7ms</bind>
  <bind>Appliance-28 Comp:2-1-0 0.328MBps 25.7ms</bind>
  <bind>Comp:2-1-0 Appliance-2 0.328MBps 25.7ms</bind>
  <bind>Appliance-2 Comp:2-1-0 0.328MBps 25.7ms</bind>
  <bind>Comp:2-1-0 Appliance-29 0.328MBps 25.7ms</bind>
  <bind>Appliance-29 Comp:2-1-0 0.328MBps 25.7ms</bind>
  <bind>Comp:2-1-0 Appliance-28 0.328MBps 25.7ms</bind>
  <bind>Appliance-28 Comp:2-1-0 0.328MBps 25.7ms</bind>
  <bind>Comp:2-2-0 Comp:2-1-0 0.778MBps 41.6ms</bind>
  <bind>Comp:2-1-0 Comp:2-2-0 0.778MBps 41.6ms</bind>
  <bind>Comp:2-2-1 Comp:2-1-0 0.778MBps 41.6ms</bind>
  <bind>Comp:2-1-0 Comp:2-2-1 0.778MBps 41.6ms</bind>
  <bind>Comp:2-3-0 Comp:2-2-0 0.75MBps 38.9ms</bind>
  <bind>Comp:2-2-0 Comp:2-3-0 0.75MBps 38.9ms</bind>
  <bind>Comp:2-3-1 Comp:2-2-1 0.75MBps 38.9ms</bind>
  <bind>Comp:2-2-1 Comp:2-3-1 0.75MBps 38.9ms</bind>
  <bind>Comp:2-3-2 Comp:2-2-0 0.75MBps 38.9ms</bind>
  <bind>Comp:2-2-0 Comp:2-3-2 0.75MBps 38.9ms</bind>
  <bind>Comp:2-3-3 Comp:2-2-1 0.75MBps 38.9ms</bind>
  <bind>Comp:2-2-1 Comp:2-3-3 0.75MBps 38.9ms</bind>
  <bind>Comp:2-3-4 Comp:2-2-0 0.75MBps 38.9ms</bind>
  <bind>Comp:2-2-0 Comp:2-3-4 0.75MBps 38.9ms</bind>
  <bind>Comp:2-3-5 Comp:2-2-1 0.75MBps 38.9ms</bind>
  <bind>Comp:2-2-1 Comp:2-3-5 0.75MBps 38.9ms</bind>
  <bind>Comp:2-3-6 Comp:2-2-0 0.75MBps 38.9ms</bind>
  <bind>Comp:2-2-0 Comp:2-3-6 0.75MBps 38.9ms</bind>
  <bind>Comp:2-3-7 Comp:2-2-1 0.75MBps 38.9ms</bind>
  <bind>Comp:2-2-1 Comp:2-3-7 0.75MBps 38.9ms</bind>
  <bind>Comp:2-3-8 Comp:2-2-0 0.75MBps 38.9ms</bind>
  <bind>Comp:2-2-0 Comp:2-3-8 0.75MBps 38.9ms</bind>
  <bind>Comp:2-3-9 Comp:2-2-1 0.75MBps 38.9ms</bind>
  <bind>Comp:2-2-1 Comp:2-3-9 0.75MBps 38.9ms</bind>
  <bind>Comp:2-3-0 Comp:2-4-0 0.357MBps 28.8ms</bind>
  <bind>Comp:2-4-0 Comp:2-3-0 0.357MBps 28.8ms</bind>
  <bind>Comp:2-3-1 Comp:2-4-1 0.357MBps 28.8ms</bind>
  <bind>Comp:2-4-1 Comp:2-3-1 0.357MBps 28.8ms</bind>
  <bind>Comp:2-3-2 Comp:2-4-2 0.357MBps 28.8ms</bind>
  <bind>Comp:2-4-2 Comp:2-3-2 0.357MBps 28.8ms</bind>
  <bind>Comp:2-3-3 Comp:2-4-3 0.357MBps 28.8ms</bind>
  <bind>Comp:2-4-3 Comp:2-3-3 0.357MBps 28.8ms</bind>
  <bind>Comp:2-3-4 Comp:2-4-4 0.357MBps 28.8ms</bind>
  <bind>Comp:2-4-4 Comp:2-3-4 0.357MBps 28.8ms</bind>
  <bind>Comp:2-3-5 Comp:2-4-5 0.357MBps 28.8ms</bind>
  <bind>Comp:2-4-5 Comp:2-3-5 0.357MBps 28.8ms</bind>
  <bind>Comp:2-3-6 Comp:2-4-6 0.357MBps 28.8ms</bind>
  <bind>Comp:2-4-6 Comp:2-3-6 0.357MBps 28.8ms</bind>
  <bind>Comp:2-3-7 Comp:2-4-7 0.357MBps 28.8ms</bind>
  <bind>Comp:2-4-7 Comp:2-3-7 0.357MBps 28.8ms</bind>
  <bind>Comp:2-3-8 Comp:2-4-8 0.357MBps 28.8ms</bind>
  <bind>Comp:2-4-8 Comp:2-3-8 0.357MBps 28.8ms</bind>
  <bind>Comp:2-3-9 Comp:2-4-9 0.357MBps 28.8ms</bind>
  <bind>Comp:2-4-9 Comp:2-3-9 0.357MBps 28.8ms</bind>
</app>
<app>
  <id>App20</id>
<comp>
  <id>Comp:20-1-0</id>
  <CPU>0.12Gf</CPU>
  <RAM>0.277GB</RAM>
  <DISK>1.72GB</DISK>
</comp>
<comp>
  <id>Comp:20-1-1</id>
  <CPU>0.12Gf</CPU>
  <RAM>0.277GB</RAM>
  <DISK>1.72GB</DISK>
</comp>
<comp>
  <id>Comp:20-1-2</id>
  <CPU>0.12Gf</CPU>
  <RAM>0.277GB</RAM>
  <DISK>1.72GB</DISK>
</comp>
<comp>
  <id>Comp:20-1-3</id>
  <CPU>0.12Gf</CPU>
  <RAM>0.277GB</RAM>
  <DISK>1.72GB</DISK>
</comp>
<comp>
  <id>Comp:20-1-4</id>
  <CPU>0.12Gf</CPU>
  <RAM>0.277GB</RAM>
  <DISK>1.72GB</DISK>
</comp>
<comp>
  <id>Comp:20-1-5</id>
  <CPU>0.12Gf</CPU>
  <RAM>0.277GB</RAM>
  <DISK>1.72GB</DISK>
</comp>
<comp>
  <id>Comp:20-1-6</id>
  <CPU>0.12Gf</CPU>
  <RAM>0.277GB</RAM>
  <DISK>1.72GB</DISK>
</comp>
<comp>
  <id>Comp:20-1-7</id>
  <CPU>0.12Gf</CPU>
  <RAM>0.277GB</RAM>
  <DISK>1.72GB</DISK>
</comp>
<comp>
  <id>Comp:20-2-0</id>
  <CPU>0.481Gf</CPU>
  <RAM>0.885GB</RAM>
  <DISK>1.15GB</DISK>
</comp>
<comp>
  <id>Comp:20-2-1</id>
  <CPU>0.481Gf</CPU>
  <RAM>0.885GB</RAM>
  <DISK>1.15GB</DISK>
</comp>
<comp>
  <id>Comp:20-2-2</id>
  <CPU>0.481Gf</CPU>
  <RAM>0.885GB</RAM>
  <DISK>1.15GB</DISK>
</comp>
<comp>
  <id>Comp:20-2-3</id>
  <CPU>0.481Gf</CPU>
  <RAM>0.885GB</RAM>
  <DISK>1.15GB</DISK>
</comp>
<comp>
  <id>Comp:20-2-4</id>
  <CPU>0.481Gf</CPU>
  <RAM>0.885GB</RAM>
  <DISK>1.15GB</DISK>
</comp>
<comp>
  <id>Comp:20-2-5</id>
  <CPU>0.481Gf</CPU>
  <RAM>0.885GB</RAM>
  <DISK>1.15GB</DISK>
</comp>
<comp>
  <id>Comp:20-2-6</id>
  <CPU>0.481Gf</CPU>
  <RAM>0.885GB</RAM>
  <DISK>1.15GB</DISK>
</comp>
<comp>
  <id>Comp:20-2-7</id>
  <CPU>0.481Gf</CPU>
  <RAM>0.885GB</RAM>
  <DISK>1.15GB</DISK>
</comp>
  <bind>Comp:20-1-0 Appliance-4 0.363MBps 32.1ms</bind>
  <bind>Appliance-4 Comp:20-1-0 0.363MBps 32.1ms</bind>
  <bind>Comp:20-1-1 Appliance-26 0.363MBps 32.1ms</bind>
  <bind>Appliance-26 Comp:20-1-1 0.363MBps 32.1ms</bind>
  <bind>Comp:20-1-2 Appliance-36 0.363MBps 32.1ms</bind>
  <bind>Appliance-36 Comp:20-1-2 0.363MBps 32.1ms</bind>
  <bind>Comp:20-1-3 Appliance-36 0.363MBps 32.1ms</bind>
  <bind>Appliance-36 Comp:20-1-3 0.363MBps 32.1ms</bind>
  <bind>Comp:20-1-4 Appliance-28 0.363MBps 32.1ms</bind>
  <bind>Appliance-28 Comp:20-1-4 0.363MBps 32.1ms</bind>
  <bind>Comp:20-1-5 Appliance-28 0.363MBps 32.1ms</bind>
  <bind>Appliance-28 Comp:20-1-5 0.363MBps 32.1ms</bind>
  <bind>Comp:20-1-6 Appliance-4 0.363MBps 32.1ms</bind>
  <bind>Appliance-4 Comp:20-1-6 0.363MBps 32.1ms</bind>
  <bind>Comp:20-1-7 Appliance-18 0.363MBps 32.1ms</bind>
  <bind>Appliance-18 Comp:20-1-7 0.363MBps 32.1ms</bind>
  <bind>Comp:20-1-0 Comp:20-2-0 0.321MBps 47.8ms</bind>
  <bind>Comp:20-2-0 Comp:20-1-0 0.321MBps 47.8ms</bind>
  <bind>Comp:20-1-1 Comp:20-2-1 0.321MBps 47.8ms</bind>
  <bind>Comp:20-2-1 Comp:20-1-1 0.321MBps 47.8ms</bind>
  <bind>Comp:20-1-2 Comp:20-2-2 0.321MBps 47.8ms</bind>
  <bind>Comp:20-2-2 Comp:20-1-2 0.321MBps 47.8ms</bind>
  <bind>Comp:20-1-3 Comp:20-2-3 0.321MBps 47.8ms</bind>
  <bind>Comp:20-2-3 Comp:20-1-3 0.321MBps 47.8ms</bind>
  <bind>Comp:20-1-4 Comp:20-2-4 0.321MBps 47.8ms</bind>
  <bind>Comp:20-2-4 Comp:20-1-4 0.321MBps 47.8ms</bind>
  <bind>Comp:20-1-5 Comp:20-2-5 0.321MBps 47.8ms</bind>
  <bind>Comp:20-2-5 Comp:20-1-5 0.321MBps 47.8ms</bind>
  <bind>Comp:20-1-6 Comp:20-2-6 0.321MBps 47.8ms</bind>
  <bind>Comp:20-2-6 Comp:20-1-6 0.321MBps 47.8ms</bind>
  <bind>Comp:20-1-7 Comp:20-2-7 0.321MBps 47.8ms</bind>
  <bind>Comp:20-2-7 Comp:20-1-7 0.321MBps 47.8ms</bind>
</app>
<app>
  <id>App21</id>
<comp>
  <id>Comp:21-0-0</id>
  <CPU>0.545Gf</CPU>
  <RAM>0.548GB</RAM>
  <DISK>0.264GB</DISK>
</comp>
<comp>
  <id>Comp:21-0-1</id>
  <CPU>0.545Gf</CPU>
  <RAM>0.548GB</RAM>
  <DISK>0.264GB</DISK>
</comp>
<comp>
  <id>Comp:21-0-2</id>
  <CPU>0.545Gf</CPU>
  <RAM>0.548GB</RAM>
  <DISK>0.264GB</DISK>
</comp>
<comp>
  <id>Comp:21-0-3</id>
  <CPU>0.545Gf</CPU>
  <RAM>0.548GB</RAM>
  <DISK>0.264GB</DISK>
</comp>
<comp>
  <id>Comp:21-0-4</id>
  <CPU>0.545Gf</CPU>
  <RAM>0.548GB</RAM>
  <DISK>0.264GB</DISK>
</comp>
<comp>
  <id>Comp:21-0-5</id>
  <CPU>0.545Gf</CPU>
  <RAM>0.548GB</RAM>
  <DISK>0.264GB</DISK>
</comp>
<comp>
  <id>Comp:21-1-0</id>
  <CPU>0.39Gf</CPU>
  <RAM>0.28GB</RAM>
  <DISK>0.722GB</DISK>
</comp>
<comp>
  <id>Comp:21-1-1</id>
  <CPU>0.39Gf</CPU>
  <RAM>0.28GB</RAM>
  <DISK>0.722GB</DISK>
</comp>
<comp>
  <id>Comp:21-1-2</id>
  <CPU>0.39Gf</CPU>
  <RAM>0.28GB</RAM>
  <DISK>0.722GB</DISK>
</comp>
<comp>
  <id>Comp:21-1-3</id>
  <CPU>0.39Gf</CPU>
  <RAM>0.28GB</RAM>
  <DISK>0.722GB</DISK>
</comp>
<comp>
  <id>Comp:21-1-4</id>
  <CPU>0.39Gf</CPU>
  <RAM>0.28GB</RAM>
  <DISK>0.722GB</DISK>
</comp>
<comp>
  <id>Comp:21-1-5</id>
  <CPU>0.39Gf</CPU>
  <RAM>0.28GB</RAM>
  <DISK>0.722GB</DISK>
</comp>
<comp>
  <id>Comp:21-1-6</id>
  <CPU>0.39Gf</CPU>
  <RAM>0.28GB</RAM>
  <DISK>0.722GB</DISK>
</comp>
  <bind>Comp:21-1-0 Comp:21-0-0 0.612MBps 29.5ms</bind>
  <bind>Comp:21-0-0 Comp:21-1-0 0.612MBps 29.5ms</bind>
  <bind>Comp:21-1-1 Comp:21-0-1 0.612MBps 29.5ms</bind>
  <bind>Comp:21-0-1 Comp:21-1-1 0.612MBps 29.5ms</bind>
  <bind>Comp:21-1-2 Comp:21-0-2 0.612MBps 29.5ms</bind>
  <bind>Comp:21-0-2 Comp:21-1-2 0.612MBps 29.5ms</bind>
  <bind>Comp:21-1-3 Comp:21-0-3 0.612MBps 29.5ms</bind>
  <bind>Comp:21-0-3 Comp:21-1-3 0.612MBps 29.5ms</bind>
  <bind>Comp:21-1-4 Comp:21-0-4 0.612MBps 29.5ms</bind>
  <bind>Comp:21-0-4 Comp:21-1-4 0.612MBps 29.5ms</bind>
  <bind>Comp:21-1-5 Comp:21-0-5 0.612MBps 29.5ms</bind>
  <bind>Comp:21-0-5 Comp:21-1-5 0.612MBps 29.5ms</bind>
  <bind>Comp:21-1-6 Comp:21-0-0 0.612MBps 29.5ms</bind>
  <bind>Comp:21-0-0 Comp:21-1-6 0.612MBps 29.5ms</bind>
  <bind>Comp:21-1-0 Appliance-34 0.0576MBps 46.8ms</bind>
  <bind>Appliance-34 Comp:21-1-0 0.0576MBps 46.8ms</bind>
  <bind>Comp:21-1-1 Appliance-34 0.0576MBps 46.8ms</bind>
  <bind>Appliance-34 Comp:21-1-1 0.0576MBps 46.8ms</bind>
  <bind>Comp:21-1-2 Appliance-34 0.0576MBps 46.8ms</bind>
  <bind>Appliance-34 Comp:21-1-2 0.0576MBps 46.8ms</bind>
  <bind>Comp:21-1-3 Appliance-34 0.0576MBps 46.8ms</bind>
  <bind>Appliance-34 Comp:21-1-3 0.0576MBps 46.8ms</bind>
  <bind>Comp:21-1-4 Appliance-34 0.0576MBps 46.8ms</bind>
  <bind>Appliance-34 Comp:21-1-4 0.0576MBps 46.8ms</bind>
  <bind>Comp:21-1-5 Appliance-34 0.0576MBps 46.8ms</bind>
  <bind>Appliance-34 Comp:21-1-5 0.0576MBps 46.8ms</bind>
  <bind>Comp:21-1-6 Appliance-34 0.0576MBps 46.8ms</bind>
  <bind>Appliance-34 Comp:21-1-6 0.0576MBps 46.8ms</bind>
</app>
<app>
  <id>App23</id>
<comp>
  <id>Comp:23-0-0</id>
  <CPU>0.377Gf</CPU>
  <RAM>0.873GB</RAM>
  <DISK>1.92GB</DISK>
</comp>
<comp>
  <id>Comp:23-0-1</id>
  <CPU>0.377Gf</CPU>
  <RAM>0.873GB</RAM>
  <DISK>1.92GB</DISK>
</comp>
<comp>
  <id>Comp:23-0-2</id>
  <CPU>0.377Gf</CPU>
  <RAM>0.873GB</RAM>
  <DISK>1.92GB</DISK>
</comp>
<comp>
  <id>Comp:23-1-0</id>
  <CPU>0.289Gf</CPU>
  <RAM>0.286GB</RAM>
  <DISK>1.65GB</DISK>
</comp>
<comp>
  <id>Comp:23-2-0</id>
  <CPU>0.738Gf</CPU>
  <RAM>0.826GB</RAM>
  <DISK>0.782GB</DISK>
</comp>
<comp>
  <id>Comp:23-2-1</id>
  <CPU>0.738Gf</CPU>
  <RAM>0.826GB</RAM>
  <DISK>0.782GB</DISK>
</comp>
<comp>
  <id>Comp:23-2-2</id>
  <CPU>0.738Gf</CPU>
  <RAM>0.826GB</RAM>
  <DISK>0.782GB</DISK>
</comp>
<comp>
  <id>Comp:23-2-3</id>
  <CPU>0.738Gf</CPU>
  <RAM>0.826GB</RAM>
  <DISK>0.782GB</DISK>
</comp>
<comp>
  <id>Comp:23-2-4</id>
  <CPU>0.738Gf</CPU>
  <RAM>0.826GB</RAM>
  <DISK>0.782GB</DISK>
</comp>
<comp>
  <id>Comp:23-2-5</id>
  <CPU>0.738Gf</CPU>
  <RAM>0.826GB</RAM>
  <DISK>0.782GB</DISK>
</comp>
<comp>
  <id>Comp:23-2-6</id>
  <CPU>0.738Gf</CPU>
  <RAM>0.826GB</RAM>
  <DISK>0.782GB</DISK>
</comp>
<comp>
  <id>Comp:23-2-7</id>
  <CPU>0.738Gf</CPU>
  <RAM>0.826GB</RAM>
  <DISK>0.782GB</DISK>
</comp>
<comp>
  <id>Comp:23-3-0</id>
  <CPU>0.269Gf</CPU>
  <RAM>0.326GB</RAM>
  <DISK>1.11GB</DISK>
</comp>
<comp>
  <id>Comp:23-3-1</id>
  <CPU>0.269Gf</CPU>
  <RAM>0.326GB</RAM>
  <DISK>1.11GB</DISK>
</comp>
<comp>
  <id>Comp:23-3-2</id>
  <CPU>0.269Gf</CPU>
  <RAM>0.326GB</RAM>
  <DISK>1.11GB</DISK>
</comp>
<comp>
  <id>Comp:23-3-3</id>
  <CPU>0.269Gf</CPU>
  <RAM>0.326GB</RAM>
  <DISK>1.11GB</DISK>
</comp>
<comp>
  <id>Comp:23-4-0</id>
  <CPU>0.183Gf</CPU>
  <RAM>0.615GB</RAM>
  <DISK>0.507GB</DISK>
</comp>
<comp>
  <id>Comp:23-4-1</id>
  <CPU>0.183Gf</CPU>
  <RAM>0.615GB</RAM>
  <DISK>0.507GB</DISK>
</comp>
<comp>
  <id>Comp:23-4-2</id>
  <CPU>0.183Gf</CPU>
  <RAM>0.615GB</RAM>
  <DISK>0.507GB</DISK>
</comp>
  <bind>Comp:23-1-0 Comp:23-0-0 0.317MBps 39.9ms</bind>
  <bind>Comp:23-0-0 Comp:23-1-0 0.317MBps 39.9ms</bind>
  <bind>Comp:23-1-0 Comp:23-0-1 0.317MBps 39.9ms</bind>
  <bind>Comp:23-0-1 Comp:23-1-0 0.317MBps 39.9ms</bind>
  <bind>Comp:23-1-0 Comp:23-0-2 0.317MBps 39.9ms</bind>
  <bind>Comp:23-0-2 Comp:23-1-0 0.317MBps 39.9ms</bind>
  <bind>Comp:23-2-0 Comp:23-1-0 0.348MBps 41.9ms</bind>
  <bind>Comp:23-1-0 Comp:23-2-0 0.348MBps 41.9ms</bind>
  <bind>Comp:23-2-1 Comp:23-1-0 0.348MBps 41.9ms</bind>
  <bind>Comp:23-1-0 Comp:23-2-1 0.348MBps 41.9ms</bind>
  <bind>Comp:23-2-2 Comp:23-1-0 0.348MBps 41.9ms</bind>
  <bind>Comp:23-1-0 Comp:23-2-2 0.348MBps 41.9ms</bind>
  <bind>Comp:23-2-3 Comp:23-1-0 0.348MBps 41.9ms</bind>
  <bind>Comp:23-1-0 Comp:23-2-3 0.348MBps 41.9ms</bind>
  <bind>Comp:23-2-4 Comp:23-1-0 0.348MBps 41.9ms</bind>
  <bind>Comp:23-1-0 Comp:23-2-4 0.348MBps 41.9ms</bind>
  <bind>Comp:23-2-5 Comp:23-1-0 0.348MBps 41.9ms</bind>
  <bind>Comp:23-1-0 Comp:23-2-5 0.348MBps 41.9ms</bind>
  <bind>Comp:23-2-6 Comp:23-1-0 0.348MBps 41.9ms</bind>
  <bind>Comp:23-1-0 Comp:23-2-6 0.348MBps 41.9ms</bind>
  <bind>Comp:23-2-7 Comp:23-1-0 0.348MBps 41.9ms</bind>
  <bind>Comp:23-1-0 Comp:23-2-7 0.348MBps 41.9ms</bind>
  <bind>Comp:23-3-0 Comp:23-2-0 0.221MBps 26.3ms</bind>
  <bind>Comp:23-2-0 Comp:23-3-0 0.221MBps 26.3ms</bind>
  <bind>Comp:23-3-1 Comp:23-2-1 0.221MBps 26.3ms</bind>
  <bind>Comp:23-2-1 Comp:23-3-1 0.221MBps 26.3ms</bind>
  <bind>Comp:23-3-2 Comp:23-2-2 0.221MBps 26.3ms</bind>
  <bind>Comp:23-2-2 Comp:23-3-2 0.221MBps 26.3ms</bind>
  <bind>Comp:23-3-3 Comp:23-2-3 0.221MBps 26.3ms</bind>
  <bind>Comp:23-2-3 Comp:23-3-3 0.221MBps 26.3ms</bind>
  <bind>Comp:23-3-0 Comp:23-2-4 0.221MBps 26.3ms</bind>
  <bind>Comp:23-2-4 Comp:23-3-0 0.221MBps 26.3ms</bind>
  <bind>Comp:23-3-1 Comp:23-2-5 0.221MBps 26.3ms</bind>
  <bind>Comp:23-2-5 Comp:23-3-1 0.221MBps 26.3ms</bind>
  <bind>Comp:23-3-2 Comp:23-2-6 0.221MBps 26.3ms</bind>
  <bind>Comp:23-2-6 Comp:23-3-2 0.221MBps 26.3ms</bind>
  <bind>Comp:23-3-3 Comp:23-2-7 0.221MBps 26.3ms</bind>
  <bind>Comp:23-2-7 Comp:23-3-3 0.221MBps 26.3ms</bind>
  <bind>Comp:23-4-0 Comp:23-3-0 0.282MBps 28.5ms</bind>
  <bind>Comp:23-3-0 Comp:23-4-0 0.282MBps 28.5ms</bind>
  <bind>Comp:23-4-1 Comp:23-3-1 0.282MBps 28.5ms</bind>
  <bind>Comp:23-3-1 Comp:23-4-1 0.282MBps 28.5ms</bind>
  <bind>Comp:23-4-2 Comp:23-3-2 0.282MBps 28.5ms</bind>
  <bind>Comp:23-3-2 Comp:23-4-2 0.282MBps 28.5ms</bind>
  <bind>Comp:23-4-0 Comp:23-3-3 0.282MBps 28.5ms</bind>
  <bind>Comp:23-3-3 Comp:23-4-0 0.282MBps 28.5ms</bind>
  <bind>Comp:23-4-0 Appliance-26 0.958MBps 35.7ms</bind>
  <bind>Appliance-26 Comp:23-4-0 0.958MBps 35.7ms</bind>
  <bind>Comp:23-4-1 Appliance-9 0.958MBps 35.7ms</bind>
  <bind>Appliance-9 Comp:23-4-1 0.958MBps 35.7ms</bind>
  <bind>Comp:23-4-2 Appliance-26 0.958MBps 35.7ms</bind>
  <bind>Appliance-26 Comp:23-4-2 0.958MBps 35.7ms</bind>
</app>
<app>
  <id>App3</id>
<comp>
  <id>Comp:3-0-0</id>
  <CPU>0.628Gf</CPU>
  <RAM>0.641GB</RAM>
  <DISK>1.42GB</DISK>
</comp>
<comp>
  <id>Comp:3-0-1</id>
  <CPU>0.628Gf</CPU>
  <RAM>0.641GB</RAM>
  <DISK>1.42GB</DISK>
</comp>
<comp>
  <id>Comp:3-1-0</id>
  <CPU>0.937Gf</CPU>
  <RAM>0.848GB</RAM>
  <DISK>0.944GB</DISK>
</comp>
<comp>
  <id>Comp:3-2-0</id>
  <CPU>0.637Gf</CPU>
  <RAM>0.788GB</RAM>
  <DISK>1.63GB</DISK>
</comp>
<comp>
  <id>Comp:3-2-1</id>
  <CPU>0.637Gf</CPU>
  <RAM>0.788GB</RAM>
  <DISK>1.63GB</DISK>
</comp>
<comp>
  <id>Comp:3-3-0</id>
  <CPU>0.101Gf</CPU>
  <RAM>0.572GB</RAM>
  <DISK>0.146GB</DISK>
</comp>
<comp>
  <id>Comp:3-3-1</id>
  <CPU>0.101Gf</CPU>
  <RAM>0.572GB</RAM>
  <DISK>0.146GB</DISK>
</comp>
<comp>
  <id>Comp:3-3-2</id>
  <CPU>0.101Gf</CPU>
  <RAM>0.572GB</RAM>
  <DISK>0.146GB</DISK>
</comp>
<comp>
  <id>Comp:3-3-3</id>
  <CPU>0.101Gf</CPU>
  <RAM>0.572GB</RAM>
  <DISK>0.146GB</DISK>
</comp>
<comp>
  <id>Comp:3-3-4</id>
  <CPU>0.101Gf</CPU>
  <RAM>0.572GB</RAM>
  <DISK>0.146GB</DISK>
</comp>
<comp>
  <id>Comp:3-3-5</id>
  <CPU>0.101Gf</CPU>
  <RAM>0.572GB</RAM>
  <DISK>0.146GB</DISK>
</comp>
<comp>
  <id>Comp:3-3-6</id>
  <CPU>0.101Gf</CPU>
  <RAM>0.572GB</RAM>
  <DISK>0.146GB</DISK>
</comp>
<comp>
  <id>Comp:3-3-7</id>
  <CPU>0.101Gf</CPU>
  <RAM>0.572GB</RAM>
  <DISK>0.146GB</DISK>
</comp>
<comp>
  <id>Comp:3-3-8</id>
  <CPU>0.101Gf</CPU>
  <RAM>0.572GB</RAM>
  <DISK>0.146GB</DISK>
</comp>
<comp>
  <id>Comp:3-4-0</id>
  <CPU>0.563Gf</CPU>
  <RAM>0.861GB</RAM>
  <DISK>1.7GB</DISK>
</comp>
<comp>
  <id>Comp:3-4-1</id>
  <CPU>0.563Gf</CPU>
  <RAM>0.861GB</RAM>
  <DISK>1.7GB</DISK>
</comp>
<comp>
  <id>Comp:3-4-2</id>
  <CPU>0.563Gf</CPU>
  <RAM>0.861GB</RAM>
  <DISK>1.7GB</DISK>
</comp>
  <bind>Comp:3-1-0 Comp:3-0-0 0.288MBps 46.7ms</bind>
  <bind>Comp:3-0-0 Comp:3-1-0 0.288MBps 46.7ms</bind>
  <bind>Comp:3-1-0 Comp:3-0-1 0.288MBps 46.7ms</bind>
  <bind>Comp:3-0-1 Comp:3-1-0 0.288MBps 46.7ms</bind>
  <bind>Comp:3-2-0 Comp:3-1-0 0.418MBps 42.7ms</bind>
  <bind>Comp:3-1-0 Comp:3-2-0 0.418MBps 42.7ms</bind>
  <bind>Comp:3-2-1 Comp:3-1-0 0.418MBps 42.7ms</bind>
  <bind>Comp:3-1-0 Comp:3-2-1 0.418MBps 42.7ms</bind>
  <bind>Comp:3-3-0 Comp:3-2-0 0.021MBps 33.0ms</bind>
  <bind>Comp:3-2-0 Comp:3-3-0 0.021MBps 33.0ms</bind>
  <bind>Comp:3-3-1 Comp:3-2-1 0.021MBps 33.0ms</bind>
  <bind>Comp:3-2-1 Comp:3-3-1 0.021MBps 33.0ms</bind>
  <bind>Comp:3-3-2 Comp:3-2-0 0.021MBps 33.0ms</bind>
  <bind>Comp:3-2-0 Comp:3-3-2 0.021MBps 33.0ms</bind>
  <bind>Comp:3-3-3 Comp:3-2-1 0.021MBps 33.0ms</bind>
  <bind>Comp:3-2-1 Comp:3-3-3 0.021MBps 33.0ms</bind>
  <bind>Comp:3-3-4 Comp:3-2-0 0.021MBps 33.0ms</bind>
  <bind>Comp:3-2-0 Comp:3-3-4 0.021MBps 33.0ms</bind>
  <bind>Comp:3-3-5 Comp:3-2-1 0.021MBps 33.0ms</bind>
  <bind>Comp:3-2-1 Comp:3-3-5 0.021MBps 33.0ms</bind>
  <bind>Comp:3-3-6 Comp:3-2-0 0.021MBps 33.0ms</bind>
  <bind>Comp:3-2-0 Comp:3-3-6 0.021MBps 33.0ms</bind>
  <bind>Comp:3-3-7 Comp:3-2-1 0.021MBps 33.0ms</bind>
  <bind>Comp:3-2-1 Comp:3-3-7 0.021MBps 33.0ms</bind>
  <bind>Comp:3-3-8 Comp:3-2-0 0.021MBps 33.0ms</bind>
  <bind>Comp:3-2-0 Comp:3-3-8 0.021MBps 33.0ms</bind>
  <bind>Comp:3-4-0 Comp:3-3-0 0.627MBps 26.4ms</bind>
  <bind>Comp:3-3-0 Comp:3-4-0 0.627MBps 26.4ms</bind>
  <bind>Comp:3-4-1 Comp:3-3-1 0.627MBps 26.4ms</bind>
  <bind>Comp:3-3-1 Comp:3-4-1 0.627MBps 26.4ms</bind>
  <bind>Comp:3-4-2 Comp:3-3-2 0.627MBps 26.4ms</bind>
  <bind>Comp:3-3-2 Comp:3-4-2 0.627MBps 26.4ms</bind>
  <bind>Comp:3-4-0 Comp:3-3-3 0.627MBps 26.4ms</bind>
  <bind>Comp:3-3-3 Comp:3-4-0 0.627MBps 26.4ms</bind>
  <bind>Comp:3-4-1 Comp:3-3-4 0.627MBps 26.4ms</bind>
  <bind>Comp:3-3-4 Comp:3-4-1 0.627MBps 26.4ms</bind>
  <bind>Comp:3-4-2 Comp:3-3-5 0.627MBps 26.4ms</bind>
  <bind>Comp:3-3-5 Comp:3-4-2 0.627MBps 26.4ms</bind>
  <bind>Comp:3-4-0 Comp:3-3-6 0.627MBps 26.4ms</bind>
  <bind>Comp:3-3-6 Comp:3-4-0 0.627MBps 26.4ms</bind>
  <bind>Comp:3-4-1 Comp:3-3-7 0.627MBps 26.4ms</bind>
  <bind>Comp:3-3-7 Comp:3-4-1 0.627MBps 26.4ms</bind>
  <bind>Comp:3-4-2 Comp:3-3-8 0.627MBps 26.4ms</bind>
  <bind>Comp:3-3-8 Comp:3-4-2 0.627MBps 26.4ms</bind>
  <bind>Comp:3-4-0 Appliance-28 0.431MBps 49.9ms</bind>
  <bind>Appliance-28 Comp:3-4-0 0.431MBps 49.9ms</bind>
  <bind>Comp:3-4-1 Appliance-4 0.431MBps 49.9ms</bind>
  <bind>Appliance-4 Comp:3-4-1 0.431MBps 49.9ms</bind>
  <bind>Comp:3-4-2 Appliance-2 0.431MBps 49.9ms</bind>
  <bind>Appliance-2 Comp:3-4-2 0.431MBps 49.9ms</bind>
  <bind>Comp:3-4-0 Appliance-4 0.431MBps 49.9ms</bind>
  <bind>Appliance-4 Comp:3-4-0 0.431MBps 49.9ms</bind>
  <bind>Comp:3-4-1 Appliance-36 0.431MBps 49.9ms</bind>
  <bind>Appliance-36 Comp:3-4-1 0.431MBps 49.9ms</bind>
  <bind>Comp:3-4-2 Appliance-18 0.431MBps 49.9ms</bind>
  <bind>Appliance-18 Comp:3-4-2 0.431MBps 49.9ms</bind>
  <bind>Comp:3-4-0 Appliance-36 0.431MBps 49.9ms</bind>
  <bind>Appliance-36 Comp:3-4-0 0.431MBps 49.9ms</bind>
  <bind>Comp:3-4-1 Appliance-9 0.431MBps 49.9ms</bind>
  <bind>Appliance-9 Comp:3-4-1 0.431MBps 49.9ms</bind>
</app>
</apps>
