<?xml version="1.0"?>
<apps>
<app>
  <id>App1</id>
<comp>
  <id>Comp:1-0-0</id>
  <CPU>0.311Gf</CPU>
  <RAM>0.615GB</RAM>
  <DISK>0.682GB</DISK>
</comp>
<comp>
  <id>Comp:1-0-1</id>
  <CPU>0.311Gf</CPU>
  <RAM>0.615GB</RAM>
  <DISK>0.682GB</DISK>
</comp>
<comp>
  <id>Comp:1-0-2</id>
  <CPU>0.311Gf</CPU>
  <RAM>0.615GB</RAM>
  <DISK>0.682GB</DISK>
</comp>
<comp>
  <id>Comp:1-0-3</id>
  <CPU>0.311Gf</CPU>
  <RAM>0.615GB</RAM>
  <DISK>0.682GB</DISK>
</comp>
<comp>
  <id>Comp:1-0-4</id>
  <CPU>0.311Gf</CPU>
  <RAM>0.615GB</RAM>
  <DISK>0.682GB</DISK>
</comp>
<comp>
  <id>Comp:1-0-5</id>
  <CPU>0.311Gf</CPU>
  <RAM>0.615GB</RAM>
  <DISK>0.682GB</DISK>
</comp>
<comp>
  <id>Comp:1-1-0</id>
  <CPU>0.624Gf</CPU>
  <RAM>0.766GB</RAM>
  <DISK>0.568GB</DISK>
</comp>
<comp>
  <id>Comp:1-1-1</id>
  <CPU>0.624Gf</CPU>
  <RAM>0.766GB</RAM>
  <DISK>0.568GB</DISK>
</comp>
<comp>
  <id>Comp:1-1-2</id>
  <CPU>0.624Gf</CPU>
  <RAM>0.766GB</RAM>
  <DISK>0.568GB</DISK>
</comp>
<comp>
  <id>Comp:1-1-3</id>
  <CPU>0.624Gf</CPU>
  <RAM>0.766GB</RAM>
  <DISK>0.568GB</DISK>
</comp>
<comp>
  <id>Comp:1-1-4</id>
  <CPU>0.624Gf</CPU>
  <RAM>0.766GB</RAM>
  <DISK>0.568GB</DISK>
</comp>
<comp>
  <id>Comp:1-2-0</id>
  <CPU>0.911Gf</CPU>
  <RAM>0.368GB</RAM>
  <DISK>1.17GB</DISK>
</comp>
<comp>
  <id>Comp:1-2-1</id>
  <CPU>0.911Gf</CPU>
  <RAM>0.368GB</RAM>
  <DISK>1.17GB</DISK>
</comp>
<comp>
  <id>Comp:1-2-2</id>
  <CPU>0.911Gf</CPU>
  <RAM>0.368GB</RAM>
  <DISK>1.17GB</DISK>
</comp>
<comp>
  <id>Comp:1-2-3</id>
  <CPU>0.911Gf</CPU>
  <RAM>0.368GB</RAM>
  <DISK>1.17GB</DISK>
</comp>
<comp>
  <id>Comp:1-3-0</id>
  <CPU>0.669Gf</CPU>
  <RAM>0.823GB</RAM>
  <DISK>1.68GB</DISK>
</comp>
<comp>
  <id>Comp:1-3-1</id>
  <CPU>0.669Gf</CPU>
  <RAM>0.823GB</RAM>
  <DISK>1.68GB</DISK>
</comp>
<comp>
  <id>Comp:1-3-2</id>
  <CPU>0.669Gf</CPU>
  <RAM>0.823GB</RAM>
  <DISK>1.68GB</DISK>
</comp>
<comp>
  <id>Comp:1-3-3</id>
  <CPU>0.669Gf</CPU>
  <RAM>0.823GB</RAM>
  <DISK>1.68GB</DISK>
</comp>
<comp>
  <id>Comp:1-3-4</id>
  <CPU>0.669Gf</CPU>
  <RAM>0.823GB</RAM>
  <DISK>1.68GB</DISK>
</comp>
<comp>
  <id>Comp:1-3-5</id>
  <CPU>0.669Gf</CPU>
  <RAM>0.823GB</RAM>
  <DISK>1.68GB</DISK>
</comp>
<comp>
  <id>Comp:1-3-6</id>
  <CPU>0.669Gf</CPU>
  <RAM>0.823GB</RAM>
  <DISK>1.68GB</DISK>
</comp>
<comp>
  <id>Comp:1-3-7</id>
  <CPU>0.669Gf</CPU>
  <RAM>0.823GB</RAM>
  <DISK>1.68GB</DISK>
</comp>
<comp>
  <id>Comp:1-4-0</id>
  <CPU>0.556Gf</CPU>
  <RAM>0.518GB</RAM>
  <DISK>1.01GB</DISK>
</comp>
  <bind>Comp:1-1-0 Comp:1-0-0 0.352MBps 40.6ms</bind>
  <bind>Comp:1-0-0 Comp:1-1-0 0.352MBps 40.6ms</bind>
  <bind>Comp:1-1-1 Comp:1-0-1 0.352MBps 40.6ms</bind>
  <bind>Comp:1-0-1 Comp:1-1-1 0.352MBps 40.6ms</bind>
  <bind>Comp:1-1-2 Comp:1-0-2 0.352MBps 40.6ms</bind>
  <bind>Comp:1-0-2 Comp:1-1-2 0.352MBps 40.6ms</bind>
  <bind>Comp:1-1-3 Comp:1-0-3 0.352MBps 40.6ms</bind>
  <bind>Comp:1-0-3 Comp:1-1-3 0.352MBps 40.6ms</bind>
  <bind>Comp:1-1-4 Comp:1-0-4 0.352MBps 40.6ms</bind>
  <bind>Comp:1-0-4 Comp:1-1-4 0.352MBps 40.6ms</bind>
  <bind>Comp:1-1-0 Comp:1-0-5 0.352MBps 40.6ms</bind>
  <bind>Comp:1-0-5 Comp:1-1-0 0.352MBps 40.6ms</bind>
  <bind>Comp:1-2-0 Comp:1-1-0 0.663MBps 38.9ms</bind>
  <bind>Comp:1-1-0 Comp:1-2-0 0.663MBps 38.9ms</bind>
  <bind>Comp:1-2-1 Comp:1-1-1 0.663MBps 38.9ms</bind>
  <bind>Comp:1-1-1 Comp:1-2-1 0.663MBps 38.9ms</bind>
  <bind>Comp:1-2-2 Comp:1-1-2 0.663MBps 38.9ms</bind>
  <bind>Comp:1-1-2 Comp:1-2-2 0.663MBps 38.9ms</bind>
  <bind>Comp:1-2-3 Comp:1-1-3 0.663MBps 38.9ms</bind>
  <bind>Comp:1-1-3 Comp:1-2-3 0.663MBps 38.9ms</bind>
  <bind>Comp:1-2-0 Comp:1-1-4 0.663MBps 38.9ms</bind>
  <bind>Comp:1-1-4 Comp:1-2-0 0.663MBps 38.9ms</bind>
  <bind>Comp:1-3-0 Comp:1-2-0 0.844MBps 42.9ms</bind>
  <bind>Comp:1-2-0 Comp:1-3-0 0.844MBps 42.9ms</bind>
  <bind>Comp:1-3-1 Comp:1-2-1 0.844MBps 42.9ms</bind>
  <bind>Comp:1-2-1 Comp:1-3-1 0.844MBps 42.9ms</bind>
  <bind>Comp:1-3-2 Comp:1-2-2 0.844MBps 42.9ms</bind>
  <bind>Comp:1-2-2 Comp:1-3-2 0.844MBps 42.9ms</bind>
  <bind>Comp:1-3-3 Comp:1-2-3 0.844MBps 42.9ms</bind>
  <bind>Comp:1-2-3 Comp:1-3-3 0.844MBps 42.9ms</bind>
  <bind>Comp:1-3-4 Comp:1-2-0 0.844MBps 42.9ms</bind>
  <bind>Comp:1-2-0 Comp:1-3-4 0.844MBps 42.9ms</bind>
  <bind>Comp:1-3-5 Comp:1-2-1 0.844MBps 42.9ms</bind>
  <bind>Comp:1-2-1 Comp:1-3-5 0.844MBps 42.9ms</bind>
  <bind>Comp:1-3-6 Comp:1-2-2 0.844MBps 42.9ms</bind>
  <bind>Comp:1-2-2 Comp:1-3-6 0.844MBps 42.9ms</bind>
  <bind>Comp:1-3-7 Comp:1-2-3 0.844MBps 42.9ms</bind>
  <bind>Comp:1-2-3 Comp:1-3-7 0.844MBps 42.9ms</bind>
  <bind>Comp:1-4-0 Comp:1-3-0 0.607MBps 30.8ms</bind>
  <bind>Comp:1-3-0 Comp:1-4-0 0.607MBps 30.8ms</bind>
  <bind>Comp:1-4-0 Comp:1-3-1 0.607MBps 30.8ms</bind>
  <bind>Comp:1-3-1 Comp:1-4-0 0.607MBps 30.8ms</bind>
  <bind>Comp:1-4-0 Comp:1-3-2 0.607MBps 30.8ms</bind>
  <bind>Comp:1-3-2 Comp:1-4-0 0.607MBps 30.8ms</bind>
  <bind>Comp:1-4-0 Comp:1-3-3 0.607MBps 30.8ms</bind>
  <bind>Comp:1-3-3 Comp:1-4-0 0.607MBps 30.8ms</bind>
  <bind>Comp:1-4-0 Comp:1-3-4 0.607MBps 30.8ms</bind>
  <bind>Comp:1-3-4 Comp:1-4-0 0.607MBps 30.8ms</bind>
  <bind>Comp:1-4-0 Comp:1-3-5 0.607MBps 30.8ms</bind>
  <bind>Comp:1-3-5 Comp:1-4-0 0.607MBps 30.8ms</bind>
  <bind>Comp:1-4-0 Comp:1-3-6 0.607MBps 30.8ms</bind>
  <bind>Comp:1-3-6 Comp:1-4-0 0.607MBps 30.8ms</bind>
  <bind>Comp:1-4-0 Comp:1-3-7 0.607MBps 30.8ms</bind>
  <bind>Comp:1-3-7 Comp:1-4-0 0.607MBps 30.8ms</bind>
  <bind>Comp:1-4-0 Appliance-28 0.397MBps 45.7ms</bind>
  <bind>Appliance-28 Comp:1-4-0 0.397MBps 45.7ms</bind>
  <bind>Comp:1-4-0 Appliance-27 0.397MBps 45.7ms</bind>
  <bind>Appliance-27 Comp:1-4-0 0.397MBps 45.7ms</bind>
  <bind>Comp:1-4-0 Appliance-24 0.397MBps 45.7ms</bind>
  <bind>Appliance-24 Comp:1-4-0 0.397MBps 45.7ms</bind>
  <bind>Comp:1-4-0 Appliance-27 0.397MBps 45.7ms</bind>
  <bind>Appliance-27 Comp:1-4-0 0.397MBps 45.7ms</bind>
  <bind>Comp:1-4-0 Appliance-24 0.397MBps 45.7ms</bind>
  <bind>Appliance-24 Comp:1-4-0 0.397MBps 45.7ms</bind>
  <bind>Comp:1-4-0 Appliance-24 0.397MBps 45.7ms</bind>
  <bind>Appliance-24 Comp:1-4-0 0.397MBps 45.7ms</bind>
  <bind>Comp:1-4-0 Appliance-28 0.397MBps 45.7ms</bind>
  <bind>Appliance-28 Comp:1-4-0 0.397MBps 45.7ms</bind>
  <bind>Comp:1-4-0 Appliance-23 0.397MBps 45.7ms</bind>
  <bind>Appliance-23 Comp:1-4-0 0.397MBps 45.7ms</bind>
</app>
<app>
  <id>App10</id>
<comp>
  <id>Comp:10-0-0</id>
  <CPU>0.856Gf</CPU>
  <RAM>0.954GB</RAM>
  <DISK>1.14GB</DISK>
</comp>
<comp>
  <id>Comp:10-0-1</id>
  <CPU>0.856Gf</CPU>
  <RAM>0.954GB</RAM>
  <DISK>1.14GB</DISK>
</comp>
<comp>
  <id>Comp:10-0-2</id>
  <CPU>0.856Gf</CPU>
  <RAM>0.954GB</RAM>
  <DISK>1.14GB</DISK>
</comp>
<comp>
  <id>Comp:10-1-0</id>
  <CPU>0.114Gf</CPU>
  <RAM>0.254GB</RAM>
  <DISK>1.26GB</DISK>
</comp>
<comp>
  <id>Comp:10-1-1</id>
  <CPU>0.114Gf</CPU>
  <RAM>0.254GB</RAM>
  <DISK>1.26GB</DISK>
</comp>
<comp>
  <id>Comp:10-1-2</id>
  <CPU>0.114Gf</CPU>
  <RAM>0.254GB</RAM>
  <DISK>1.26GB</DISK>
</comp>
<comp>
  <id>Comp:10-1-3</id>
  <CPU>0.114Gf</CPU>
  <RAM>0.254GB</RAM>
  <DISK>1.26GB</DISK>
</comp>
<comp>
  <id>Comp:10-1-4</id>
  <CPU>0.114Gf</CPU>
  <RAM>0.254GB</RAM>
  <DISK>1.26GB</DISK>
</comp>
<comp>
  <id>Comp:10-1-5</id>
  <CPU>0.114Gf</CPU>
  <RAM>0.254GB</RAM>
  <DISK>1.26GB</DISK>
</comp>
<comp>
  <id>Comp:10-1-6</id>
  <CPU>0.114Gf</CPU>
  <RAM>0.254GB</RAM>
  <DISK>1.26GB</DISK>
</comp>
<comp>
  <id>Comp:10-1-7</id>
  <CPU>0.114Gf</CPU>
  <RAM>0.254GB</RAM>
  <DISK>1.26GB</DISK>
</comp>
<comp>
  <id>Comp:10-1-8</id>
  <CPU>0.114Gf</CPU>
  <RAM>0.254GB</RAM>
  <DISK>1.26GB</DISK>
</comp>
<comp>
  <id>Comp:10-1-9</id>
  <CPU>0.114Gf</CPU>
  <RAM>0.254GB</RAM>
  <DISK>1.26GB</DISK>
</comp>
<comp>
  <id>Comp:10-2-0</id>
  <CPU>0.604Gf</CPU>
  <RAM>0.671GB</RAM>
  <DISK>1.1GB</DISK>
</comp>
<comp>
  <id>Comp:10-2-1</id>
  <CPU>0.604Gf</CPU>
  <RAM>0.671GB</RAM>
  <DISK>1.1GB</DISK>
</comp>
<comp>
  <id>Comp:10-2-2</id>
  <CPU>0.604Gf</CPU>
  <RAM>0.671GB</RAM>
  <DISK>1.1GB</DISK>
</comp>
<comp>
  <id>Comp:10-2-3</id>
  <CPU>0.604Gf</CPU>
  <RAM>0.671GB</RAM>
  <DISK>1.1GB</DISK>
</comp>
<comp>
  <id>Comp:10-2-4</id>
  <CPU>0.604Gf</CPU>
  <RAM>0.671GB</RAM>
  <DISK>1.1GB</DISK>
</comp>
<comp>
  <id>Comp:10-2-5</id>
  <CPU>0.604Gf</CPU>
  <RAM>0.671GB</RAM>
  <DISK>1.1GB</DISK>
</comp>
<comp>
  <id>Comp:10-2-6</id>
  <CPU>0.604Gf</CPU>
  <RAM>0.671GB</RAM>
  <DISK>1.1GB</DISK>
</comp>
<comp>
  <id>Comp:10-2-7</id>
  <CPU>0.604Gf</CPU>
  <RAM>0.671GB</RAM>
  <DISK>1.1GB</DISK>
</comp>
<comp>
  <id>Comp:10-2-8</id>
  <CPU>0.604Gf</CPU>
  <RAM>0.671GB</RAM>
  <DISK>1.1GB</DISK>
</comp>
  <bind>Comp:10-1-0 Comp:10-0-0 0.955MBps 32.0ms</bind>
  <bind>Comp:10-0-0 Comp:10-1-0 0.955MBps 32.0ms</bind>
  <bind>Comp:10-1-1 Comp:10-0-1 0.955MBps 32.0ms</bind>
  <bind>Comp:10-0-1 Comp:10-1-1 0.955MBps 32.0ms</bind>
  <bind>Comp:10-1-2 Comp:10-0-2 0.955MBps 32.0ms</bind>
  <bind>Comp:10-0-2 Comp:10-1-2 0.955MBps 32.0ms</bind>
  <bind>Comp:10-1-3 Comp:10-0-0 0.955MBps 32.0ms</bind>
  <bind>Comp:10-0-0 Comp:10-1-3 0.955MBps 32.0ms</bind>
  <bind>Comp:10-1-4 Comp:10-0-1 0.955MBps 32.0ms</bind>
  <bind>Comp:10-0-1 Comp:10-1-4 0.955MBps 32.0ms</bind>
  <bind>Comp:10-1-5 Comp:10-0-2 0.955MBps 32.0ms</bind>
  <bind>Comp:10-0-2 Comp:10-1-5 0.955MBps 32.0ms</bind>
  <bind>Comp:10-1-6 Comp:10-0-0 0.955MBps 32.0ms</bind>
  <bind>Comp:10-0-0 Comp:10-1-6 0.955MBps 32.0ms</bind>
  <bind>Comp:10-1-7 Comp:10-0-1 0.955MBps 32.0ms</bind>
  <bind>Comp:10-0-1 Comp:10-1-7 0.955MBps 32.0ms</bind>
  <bind>Comp:10-1-8 Comp:10-0-2 0.955MBps 32.0ms</bind>
  <bind>Comp:10-0-2 Comp:10-1-8 0.955MBps 32.0ms</bind>
  <bind>Comp:10-1-9 Comp:10-0-0 0.955MBps 32.0ms</bind>
  <bind>Comp:10-0-0 Comp:10-1-9 0.955MBps 32.0ms</bind>
  <bind>Comp:10-2-0 Comp:10-1-0 0.134MBps 36.6ms</bind>
  <bind>Comp:10-1-0 Comp:10-2-0 0.134MBps 36.6ms</bind>
  <bind>Comp:10-2-1 Comp:10-1-1 0.134MBps 36.6ms</bind>
  <bind>Comp:10-1-1 Comp:10-2-1 0.134MBps 36.6ms</bind>
  <bind>Comp:10-2-2 Comp:10-1-2 0.134MBps 36.6ms</bind>
  <bind>Comp:10-1-2 Comp:10-2-2 0.134MBps 36.6ms</bind>
  <bind>Comp:10-2-3 Comp:10-1-3 0.134MBps 36.6ms</bind>
  <bind>Comp:10-1-3 Comp:10-2-3 0.134MBps 36.6ms</bind>
  <bind>Comp:10-2-4 Comp:10-1-4 0.134MBps 36.6ms</bind>
  <bind>Comp:10-1-4 Comp:10-2-4 0.134MBps 36.6ms</bind>
  <bind>Comp:10-2-5 Comp:10-1-5 0.134MBps 36.6ms</bind>
  <bind>Comp:10-1-5 Comp:10-2-5 0.134MBps 36.6ms</bind>
  <bind>Comp:10-2-6 Comp:10-1-6 0.134MBps 36.6ms</bind>
  <bind>Comp:10-1-6 Comp:10-2-6 0.134MBps 36.6ms</bind>
  <bind>Comp:10-2-7 Comp:10-1-7 0.134MBps 36.6ms</bind>
  <bind>Comp:10-1-7 Comp:10-2-7 0.134MBps 36.6ms</bind>
  <bind>Comp:10-2-8 Comp:10-1-8 0.134MBps 36.6ms</bind>
  <bind>Comp:10-1-8 Comp:10-2-8 0.134MBps 36.6ms</bind>
  <bind>Comp:10-2-0 Comp:10-1-9 0.134MBps 36.6ms</bind>
  <bind>Comp:10-1-9 Comp:10-2-0 0.134MBps 36.6ms</bind>
  <bind>Comp:10-2-0 Appliance-24 0.745MBps 36.6ms</bind>
  <bind>Appliance-24 Comp:10-2-0 0.745MBps 36.6ms</bind>
  <bind>Comp:10-2-1 Appliance-39 0.745MBps 36.6ms</bind>
  <bind>Appliance-39 Comp:10-2-1 0.745MBps 36.6ms</bind>
  <bind>Comp:10-2-2 Appliance-4 0.745MBps 36.6ms</bind>
  <bind>Appliance-4 Comp:10-2-2 0.745MBps 36.6ms</bind>
  <bind>Comp:10-2-3 Appliance-28 0.745MBps 36.6ms</bind>
  <bind>Appliance-28 Comp:10-2-3 0.745MBps 36.6ms</bind>
  <bind>Comp:10-2-4 Appliance-24 0.745MBps 36.6ms</bind>
  <bind>Appliance-24 Comp:10-2-4 0.745MBps 36.6ms</bind>
  <bind>Comp:10-2-5 Appliance-24 0.745MBps 36.6ms</bind>
  <bind>Appliance-24 Comp:10-2-5 0.745MBps 36.6ms</bind>
  <bind>Comp:10-2-6 Appliance-27 0.745MBps 36.6ms</bind>
  <bind>Appliance-27 Comp:10-2-6 0.745MBps 36.6ms</bind>
  <bind>Comp:10-2-7 Appliance-18 0.745MBps 36.6ms</bind>
  <bind>Appliance-18 Comp:10-2-7 0.745MBps 36.6ms</bind>
  <bind>Comp:10-2-8 Appliance-24 0.745MBps 36.6ms</bind>
  <bind>Appliance-24 Comp:10-2-8 0.745MBps 36.6ms</bind>
</app>
<app>
  <id>App11</id>
<comp>
  <id>Comp:11-1-0</id>
  <CPU>0.85Gf</CPU>
  <RAM>0.8GB</RAM>
  <DISK>0.815GB</DISK>
</comp>
<comp>
  <id>Comp:11-1-1</id>
  <CPU>0.85Gf</CPU>
  <RAM>0.8GB</RAM>
  <DISK>0.815GB</DISK>
</comp>
<comp>
  <id>Comp:11-1-2</id>
  <CPU>0.85Gf</CPU>
  <RAM>0.8GB</RAM>
  <DISK>0.815GB</DISK>
</comp>
<comp>
  <id>Comp:11-2-0</id>
  <CPU>0.808Gf</CPU>
  <RAM>0.503GB</RAM>
  <DISK>1.31GB</DISK>
</comp>
<comp>
  <id>Comp:11-2-1</id>
  <CPU>0.808Gf</CPU>
  <RAM>0.503GB</RAM>
  <DISK>1.31GB</DISK>
</comp>
<comp>
  <id>Comp:11-2-2</id>
  <CPU>0.808Gf</CPU>
  <RAM>0.503GB</RAM>
  <DISK>1.31GB</DISK>
</comp>
<comp>
  <id>Comp:11-2-3</id>
  <CPU>0.808Gf</CPU>
  <RAM>0.503GB</RAM>
  <DISK>1.31GB</DISK>
</comp>
<comp>
  <id>Comp:11-2-4</id>
  <CPU>0.808Gf</CPU>
  <RAM>0.503GB</RAM>
  <DISK>1.31GB</DISK>
</comp>
<comp>
  <id>Comp:11-2-5</id>
  <CPU>0.808Gf</CPU>
  <RAM>0.503GB</RAM>
  <DISK>1.31GB</DISK>
</comp>
<comp>
  <id>Comp:11-2-6</id>
  <CPU>0.808Gf</CPU>
  <RAM>0.503GB</RAM>
  <DISK>1.31GB</DISK>
</comp>
  <bind>Comp:11-1-0 Appliance-39 0.931MBps 37.3ms</bind>
  <bind>Appliance-39 Comp:11-1-0 0.931MBps 37.3ms</bind>
  <bind>Comp:11-1-1 Appliance-24 0.931MBps 37.3ms</bind>
  <bind>Appliance-24 Comp:11-1-1 0.931MBps 37.3ms</bind>
  <bind>Comp:11-1-2 Appliance-31 0.931MBps 37.3ms</bind>
  <bind>Appliance-31 Comp:11-1-2 0.931MBps 37.3ms</bind>
  <bind>Comp:11-1-0 Appliance-16 0.931MBps 37.3ms</bind>
  <bind>Appliance-16 Comp:11-1-0 0.931MBps 37.3ms</bind>
  <bind>Comp:11-1-1 Appliance-27 0.931MBps 37.3ms</bind>
  <bind>Appliance-27 Comp:11-1-1 0.931MBps 37.3ms</bind>
  <bind>Comp:11-1-2 Appliance-24 0.931MBps 37.3ms</bind>
  <bind>Appliance-24 Comp:11-1-2 0.931MBps 37.3ms</bind>
  <bind>Comp:11-1-0 Appliance-22 0.931MBps 37.3ms</bind>
  <bind>Appliance-22 Comp:11-1-0 0.931MBps 37.3ms</bind>
  <bind>Comp:11-1-1 Appliance-16 0.931MBps 37.3ms</bind>
  <bind>Appliance-16 Comp:11-1-1 0.931MBps 37.3ms</bind>
  <bind>Comp:11-1-2 Appliance-31 0.931MBps 37.3ms</bind>
  <bind>Appliance-31 Comp:11-1-2 0.931MBps 37.3ms</bind>
  <bind>Comp:11-1-0 Appliance-39 0.931MBps 37.3ms</bind>
  <bind>Appliance-39 Comp:11-1-0 0.931MBps 37.3ms</bind>
  <bind>Comp:11-2-0 Comp:11-1-0 0.878MBps 48.9ms</bind>
  <bind>Comp:11-1-0 Comp:11-2-0 0.878MBps 48.9ms</bind>
  <bind>Comp:11-2-1 Comp:11-1-1 0.878MBps 48.9ms</bind>
  <bind>Comp:11-1-1 Comp:11-2-1 0.878MBps 48.9ms</bind>
  <bind>Comp:11-2-2 Comp:11-1-2 0.878MBps 48.9ms</bind>
  <bind>Comp:11-1-2 Comp:11-2-2 0.878MBps 48.9ms</bind>
  <bind>Comp:11-2-3 Comp:11-1-0 0.878MBps 48.9ms</bind>
  <bind>Comp:11-1-0 Comp:11-2-3 0.878MBps 48.9ms</bind>
  <bind>Comp:11-2-4 Comp:11-1-1 0.878MBps 48.9ms</bind>
  <bind>Comp:11-1-1 Comp:11-2-4 0.878MBps 48.9ms</bind>
  <bind>Comp:11-2-5 Comp:11-1-2 0.878MBps 48.9ms</bind>
  <bind>Comp:11-1-2 Comp:11-2-5 0.878MBps 48.9ms</bind>
  <bind>Comp:11-2-6 Comp:11-1-0 0.878MBps 48.9ms</bind>
  <bind>Comp:11-1-0 Comp:11-2-6 0.878MBps 48.9ms</bind>
  <bind>Comp:11-2-0 Appliance-16 0.924MBps 26.4ms</bind>
  <bind>Appliance-16 Comp:11-2-0 0.924MBps 26.4ms</bind>
  <bind>Comp:11-2-1 Appliance-22 0.924MBps 26.4ms</bind>
  <bind>Appliance-22 Comp:11-2-1 0.924MBps 26.4ms</bind>
  <bind>Comp:11-2-2 Appliance-22 0.924MBps 26.4ms</bind>
  <bind>Appliance-22 Comp:11-2-2 0.924MBps 26.4ms</bind>
  <bind>Comp:11-2-3 Appliance-18 0.924MBps 26.4ms</bind>
  <bind>Appliance-18 Comp:11-2-3 0.924MBps 26.4ms</bind>
  <bind>Comp:11-2-4 Appliance-16 0.924MBps 26.4ms</bind>
  <bind>Appliance-16 Comp:11-2-4 0.924MBps 26.4ms</bind>
  <bind>Comp:11-2-5 Appliance-39 0.924MBps 26.4ms</bind>
  <bind>Appliance-39 Comp:11-2-5 0.924MBps 26.4ms</bind>
  <bind>Comp:11-2-6 Appliance-22 0.924MBps 26.4ms</bind>
  <bind>Appliance-22 Comp:11-2-6 0.924MBps 26.4ms</bind>
  <bind>Comp:11-2-0 Appliance-24 0.924MBps 26.4ms</bind>
  <bind>Appliance-24 Comp:11-2-0 0.924MBps 26.4ms</bind>
  <bind>Comp:11-2-1 Appliance-31 0.924MBps 26.4ms</bind>
  <bind>Appliance-31 Comp:11-2-1 0.924MBps 26.4ms</bind>
  <bind>Comp:11-2-2 Appliance-16 0.924MBps 26.4ms</bind>
  <bind>Appliance-16 Comp:11-2-2 0.924MBps 26.4ms</bind>
</app>
<app>
  <id>App12</id>
<comp>
  <id>Comp:12-1-0</id>
  <CPU>0.63Gf</CPU>
  <RAM>0.889GB</RAM>
  <DISK>1.46GB</DISK>
</comp>
<comp>
  <id>Comp:12-1-1</id>
  <CPU>0.63Gf</CPU>
  <RAM>0.889GB</RAM>
  <DISK>1.46GB</DISK>
</comp>
<comp>
  <id>Comp:12-1-2</id>
  <CPU>0.63Gf</CPU>
  <RAM>0.889GB</RAM>
  <DISK>1.46GB</DISK>
</comp>
<comp>
  <id>Comp:12-2-0</id>
  <CPU>0.446Gf</CPU>
  <RAM>0.345GB</RAM>
  <DISK>0.416GB</DISK>
</comp>
<comp>
  <id>Comp:12-2-1</id>
  <CPU>0.446Gf</CPU>
  <RAM>0.345GB</RAM>
  <DISK>0.416GB</DISK>
</comp>
<comp>
  <id>Comp:12-2-2</id>
  <CPU>0.446Gf</CPU>
  <RAM>0.345GB</RAM>
  <DISK>0.416GB</DISK>
</comp>
<comp>
  <id>Comp:12-2-3</id>
  <CPU>0.446Gf</CPU>
  <RAM>0.345GB</RAM>
  <DISK>0.416GB</DISK>
</comp>
<comp>
  <id>Comp:12-2-4</id>
  <CPU>0.446Gf</CPU>
  <RAM>0.345GB</RAM>
  <DISK>0.416GB</DISK>
</comp>
<comp>
  <id>Comp:12-3-0</id>
  <CPU>0.732Gf</CPU>
  <RAM>0.337GB</RAM>
  <DISK>0.0964GB</DISK>
</comp>
<comp>
  <id>Comp:12-3-1</id>
  <CPU>0.732Gf</CPU>
  <RAM>0.337GB</RAM>
  <DISK>0.0964GB</DISK>
</comp>
<comp>
  <id>Comp:12-3-2</id>
  <CPU>0.732Gf</CPU>
  <RAM>0.337GB</RAM>
  <DISK>0.0964GB</DISK>
</comp>
<comp>
  <id>Comp:12-3-3</id>
  <CPU>0.732Gf</CPU>
  <RAM>0.337GB</RAM>
  <DISK>0.0964GB</DISK>
</comp>
<comp>
  <id>Comp:12-3-4</id>
  <CPU>0.732Gf</CPU>
  <RAM>0.337GB</RAM>
  <DISK>0.0964GB</DISK>
</comp>
<comp>
  <id>Comp:12-3-5</id>
  <CPU>0.732Gf</CPU>
  <RAM>0.337GB</RAM>
  <DISK>0.0964GB</DISK>
</comp>
<comp>
  <id>Comp:12-3-6</id>
  <CPU>0.732Gf</CPU>
  <RAM>0.337GB</RAM>
  <DISK>0.0964GB</DISK>
</comp>
<comp>
  <id>Comp:12-3-7</id>
  <CPU>0.732Gf</CPU>
  <RAM>0.337GB</RAM>
  <DISK>0.0964GB</DISK>
</comp>
<comp>
  <id>Comp:12-4-0</id>
  <CPU>0.574Gf</CPU>
  <RAM>0.165GB</RAM>
  <DISK>1.33GB</DISK>
</comp>
<comp>
  <id>Comp:12-4-1</id>
  <CPU>0.574Gf</CPU>
  <RAM>0.165GB</RAM>
  <DISK>1.33GB</DISK>
</comp>
<comp>
  <id>Comp:12-4-2</id>
  <CPU>0.574Gf</CPU>
  <RAM>0.165GB</RAM>
  <DISK>1.33GB</DISK>
</comp>
<comp>
  <id>Comp:12-4-3</id>
  <CPU>0.574Gf</CPU>
  <RAM>0.165GB</RAM>
  <DISK>1.33GB</DISK>
</comp>
<comp>
  <id>Comp:12-4-4</id>
  <CPU>0.574Gf</CPU>
  <RAM>0.165GB</RAM>
  <DISK>1.33GB</DISK>
</comp>
  <bind>Comp:12-1-0 Appliance-1 0.384MBps 38.7ms</bind>
  <bind>Appliance-1 Comp:12-1-0 0.384MBps 38.7ms</bind>
  <bind>Comp:12-1-1 Appliance-30 0.384MBps 38.7ms</bind>
  <bind>Appliance-30 Comp:12-1-1 0.384MBps 38.7ms</bind>
  <bind>Comp:12-1-2 Appliance-6 0.384MBps 38.7ms</bind>
  <bind>Appliance-6 Comp:12-1-2 0.384MBps 38.7ms</bind>
  <bind>Comp:12-1-0 Appliance-6 0.384MBps 38.7ms</bind>
  <bind>Appliance-6 Comp:12-1-0 0.384MBps 38.7ms</bind>
  <bind>Comp:12-1-1 Appliance-15 0.384MBps 38.7ms</bind>
  <bind>Appliance-15 Comp:12-1-1 0.384MBps 38.7ms</bind>
  <bind>Comp:12-1-2 Appliance-10 0.384MBps 38.7ms</bind>
  <bind>Appliance-10 Comp:12-1-2 0.384MBps 38.7ms</bind>
  <bind>Comp:12-2-0 Comp:12-1-0 0.113MBps 36.9ms</bind>
  <bind>Comp:12-1-0 Comp:12-2-0 0.113MBps 36.9ms</bind>
  <bind>Comp:12-2-1 Comp:12-1-1 0.113MBps 36.9ms</bind>
  <bind>Comp:12-1-1 Comp:12-2-1 0.113MBps 36.9ms</bind>
  <bind>Comp:12-2-2 Comp:12-1-2 0.113MBps 36.9ms</bind>
  <bind>Comp:12-1-2 Comp:12-2-2 0.113MBps 36.9ms</bind>
  <bind>Comp:12-2-3 Comp:12-1-0 0.113MBps 36.9ms</bind>
  <bind>Comp:12-1-0 Comp:12-2-3 0.113MBps 36.9ms</bind>
  <bind>Comp:12-2-4 Comp:12-1-1 0.113MBps 36.9ms</bind>
  <bind>Comp:12-1-1 Comp:12-2-4 0.113MBps 36.9ms</bind>
  <bind>Comp:12-3-0 Comp:12-2-0 0.453MBps 38.9ms</bind>
  <bind>Comp:12-2-0 Comp:12-3-0 0.453MBps 38.9ms</bind>
  <bind>Comp:12-3-1 Comp:12-2-1 0.453MBps 38.9ms</bind>
  <bind>Comp:12-2-1 Comp:12-3-1 0.453MBps 38.9ms</bind>
  <bind>Comp:12-3-2 Comp:12-2-2 0.453MBps 38.9ms</bind>
  <bind>Comp:12-2-2 Comp:12-3-2 0.453MBps 38.9ms</bind>
  <bind>Comp:12-3-3 Comp:12-2-3 0.453MBps 38.9ms</bind>
  <bind>Comp:12-2-3 Comp:12-3-3 0.453MBps 38.9ms</bind>
  <bind>Comp:12-3-4 Comp:12-2-4 0.453MBps 38.9ms</bind>
  <bind>Comp:12-2-4 Comp:12-3-4 0.453MBps 38.9ms</bind>
  <bind>Comp:12-3-5 Comp:12-2-0 0.453MBps 38.9ms</bind>
  <bind>Comp:12-2-0 Comp:12-3-5 0.453MBps 38.9ms</bind>
  <bind>Comp:12-3-6 Comp:12-2-1 0.453MBps 38.9ms</bind>
  <bind>Comp:12-2-1 Comp:12-3-6 0.453MBps 38.9ms</bind>
  <bind>Comp:12-3-7 Comp:12-2-2 0.453MBps 38.9ms</bind>
  <bind>Comp:12-2-2 Comp:12-3-7 0.453MBps 38.9ms</bind>
  <bind>Comp:12-3-0 Comp:12-4-0 0.705MBps 37.2ms</bind>
  <bind>Comp:12-4-0 Comp:12-3-0 0.705MBps 37.2ms</bind>
  <bind>Comp:12-3-1 Comp:12-4-1 0.705MBps 37.2ms</bind>
  <bind>Comp:12-4-1 Comp:12-3-1 0.705MBps 37.2ms</bind>
  <bind>Comp:12-3-2 Comp:12-4-2 0.705MBps 37.2ms</bind>
  <bind>Comp:12-4-2 Comp:12-3-2 0.705MBps 37.2ms</bind>
  <bind>Comp:12-3-3 Comp:12-4-3 0.705MBps 37.2ms</bind>
  <bind>Comp:12-4-3 Comp:12-3-3 0.705MBps 37.2ms</bind>
  <bind>Comp:12-3-4 Comp:12-4-4 0.705MBps 37.2ms</bind>
  <bind>Comp:12-4-4 Comp:12-3-4 0.705MBps 37.2ms</bind>
  <bind>Comp:12-3-5 Comp:12-4-0 0.705MBps 37.2ms</bind>
  <bind>Comp:12-4-0 Comp:12-3-5 0.705MBps 37.2ms</bind>
  <bind>Comp:12-3-6 Comp:12-4-1 0.705MBps 37.2ms</bind>
  <bind>Comp:12-4-1 Comp:12-3-6 0.705MBps 37.2ms</bind>
  <bind>Comp:12-3-7 Comp:12-4-2 0.705MBps 37.2ms</bind>
  <bind>Comp:12-4-2 Comp:12-3-7 0.705MBps 37.2ms</bind>
</app>
<app>
  <id>App13</id>
<comp>
  <id>Comp:13-0-0</id>
  <CPU>0.433Gf</CPU>
  <RAM>0.848GB</RAM>
  <DISK>0.0293GB</DISK>
</comp>
<comp>
  <id>Comp:13-0-1</id>
  <CPU>0.433Gf</CPU>
  <RAM>0.848GB</RAM>
  <DISK>0.0293GB</DISK>
</comp>
<comp>
  <id>Comp:13-0-2</id>
  <CPU>0.433Gf</CPU>
  <RAM>0.848GB</RAM>
  <DISK>0.0293GB</DISK>
</comp>
<comp>
  <id>Comp:13-0-3</id>
  <CPU>0.433Gf</CPU>
  <RAM>0.848GB</RAM>
  <DISK>0.0293GB</DISK>
</comp>
<comp>
  <id>Comp:13-0-4</id>
  <CPU>0.433Gf</CPU>
  <RAM>0.848GB</RAM>
  <DISK>0.0293GB</DISK>
</comp>
<comp>
  <id>Comp:13-0-5</id>
  <CPU>0.433Gf</CPU>
  <RAM>0.848GB</RAM>
  <DISK>0.0293GB</DISK>
</comp>
<comp>
  <id>Comp:13-0-6</id>
  <CPU>0.433Gf</CPU>
  <RAM>0.848GB</RAM>
  <DISK>0.0293GB</DISK>
</comp>
<comp>
  <id>Comp:13-0-7</id>
  <CPU>0.433Gf</CPU>
  <RAM>0.848GB</RAM>
  <DISK>0.0293GB</DISK>
</comp>
<comp>
  <id>Comp:13-0-8</id>
  <CPU>0.433Gf</CPU>
  <RAM>0.848GB</RAM>
  <DISK>0.0293GB</DISK>
</comp>
<comp>
  <id>Comp:13-0-9</id>
  <CPU>0.433Gf</CPU>
  <RAM>0.848GB</RAM>
  <DISK>0.0293GB</DISK>
</comp>
<comp>
  <id>Comp:13-1-0</id>
  <CPU>0.741Gf</CPU>
  <RAM>0.59GB</RAM>
  <DISK>0.586GB</DISK>
</comp>
<comp>
  <id>Comp:13-1-1</id>
  <CPU>0.741Gf</CPU>
  <RAM>0.59GB</RAM>
  <DISK>0.586GB</DISK>
</comp>
<comp>
  <id>Comp:13-1-2</id>
  <CPU>0.741Gf</CPU>
  <RAM>0.59GB</RAM>
  <DISK>0.586GB</DISK>
</comp>
<comp>
  <id>Comp:13-1-3</id>
  <CPU>0.741Gf</CPU>
  <RAM>0.59GB</RAM>
  <DISK>0.586GB</DISK>
</comp>
<comp>
  <id>Comp:13-1-4</id>
  <CPU>0.741Gf</CPU>
  <RAM>0.59GB</RAM>
  <DISK>0.586GB</DISK>
</comp>
<comp>
  <id>Comp:13-1-5</id>
  <CPU>0.741Gf</CPU>
  <RAM>0.59GB</RAM>
  <DISK>0.586GB</DISK>
</comp>
<comp>
  <id>Comp:13-1-6</id>
  <CPU>0.741Gf</CPU>
  <RAM>0.59GB</RAM>
  <DISK>0.586GB</DISK>
</comp>
<comp>
  <id>Comp:13-1-7</id>
  <CPU>0.741Gf</CPU>
  <RAM>0.59GB</RAM>
  <DISK>0.586GB</DISK>
</comp>
<comp>
  <id>Comp:13-1-8</id>
  <CPU>0.741Gf</CPU>
  <RAM>0.59GB</RAM>
  <DISK>0.586GB</DISK>
</comp>
<comp>
  <id>Comp:13-1-9</id>
  <CPU>0.741Gf</CPU>
  <RAM>0.59GB</RAM>
  <DISK>0.586GB</DISK>
</comp>
<comp>
  <id>Comp:13-2-0</id>
  <CPU>0.343Gf</CPU>
  <RAM>0.482GB</RAM>
  <DISK>0.597GB</DISK>
</comp>
<comp>
  <id>Comp:13-3-0</id>
  <CPU>0.142Gf</CPU>
  <RAM>0.633GB</RAM>
  <DISK>1.26GB</DISK>
</comp>
<comp>
  <id>Comp:13-3-1</id>
  <CPU>0.142Gf</CPU>
  <RAM>0.633GB</RAM>
  <DISK>1.26GB</DISK>
</comp>
<comp>
  <id>Comp:13-3-2</id>
  <CPU>0.142Gf</CPU>
  <RAM>0.633GB</RAM>
  <DISK>1.26GB</DISK>
</comp>
<comp>
  <id>Comp:13-3-3</id>
  <CPU>0.142Gf</CPU>
  <RAM>0.633GB</RAM>
  <DISK>1.26GB</DISK>
</comp>
<comp>
  <id>Comp:13-4-0</id>
  <CPU>0.55Gf</CPU>
  <RAM>0.198GB</RAM>
  <DISK>0.148GB</DISK>
</comp>
<comp>
  <id>Comp:13-4-1</id>
  <CPU>0.55Gf</CPU>
  <RAM>0.198GB</RAM>
  <DISK>0.148GB</DISK>
</comp>
<comp>
  <id>Comp:13-5-0</id>
  <CPU>0.711Gf</CPU>
  <RAM>0.141GB</RAM>
  <DISK>0.425GB</DISK>
</comp>
<comp>
  <id>Comp:13-5-1</id>
  <CPU>0.711Gf</CPU>
  <RAM>0.141GB</RAM>
  <DISK>0.425GB</DISK>
</comp>
<comp>
  <id>Comp:13-5-2</id>
  <CPU>0.711Gf</CPU>
  <RAM>0.141GB</RAM>
  <DISK>0.425GB</DISK>
</comp>
<comp>
  <id>Comp:13-5-3</id>
  <CPU>0.711Gf</CPU>
  <RAM>0.141GB</RAM>
  <DISK>0.425GB</DISK>
</comp>
<comp>
  <id>Comp:13-5-4</id>
  <CPU>0.711Gf</CPU>
  <RAM>0.141GB</RAM>
  <DISK>0.425GB</DISK>
</comp>
<comp>
  <id>Comp:13-5-5</id>
  <CPU>0.711Gf</CPU>
  <RAM>0.141GB</RAM>
  <DISK>0.425GB</DISK>
</comp>
<comp>
  <id>Comp:13-5-6</id>
  <CPU>0.711Gf</CPU>
  <RAM>0.141GB</RAM>
  <DISK>0.425GB</DISK>
</comp>
<comp>
  <id>Comp:13-5-7</id>
  <CPU>0.711Gf</CPU>
  <RAM>0.141GB</RAM>
  <DISK>0.425GB</DISK>
</comp>
<comp>
  <id>Comp:13-5-8</id>
  <CPU>0.711Gf</CPU>
  <RAM>0.141GB</RAM>
  <DISK>0.425GB</DISK>
</comp>
  <bind>Comp:13-1-0 Comp:13-0-0 0.262MBps 32.7ms</bind>
  <bind>Comp:13-0-0 Comp:13-1-0 0.262MBps 32.7ms</bind>
  <bind>Comp:13-1-1 Comp:13-0-1 0.262MBps 32.7ms</bind>
  <bind>Comp:13-0-1 Comp:13-1-1 0.262MBps 32.7ms</bind>
  <bind>Comp:13-1-2 Comp:13-0-2 0.262MBps 32.7ms</bind>
  <bind>Comp:13-0-2 Comp:13-1-2 0.262MBps 32.7ms</bind>
  <bind>Comp:13-1-3 Comp:13-0-3 0.262MBps 32.7ms</bind>
  <bind>Comp:13-0-3 Comp:13-1-3 0.262MBps 32.7ms</bind>
  <bind>Comp:13-1-4 Comp:13-0-4 0.262MBps 32.7ms</bind>
  <bind>Comp:13-0-4 Comp:13-1-4 0.262MBps 32.7ms</bind>
  <bind>Comp:13-1-5 Comp:13-0-5 0.262MBps 32.7ms</bind>
  <bind>Comp:13-0-5 Comp:13-1-5 0.262MBps 32.7ms</bind>
  <bind>Comp:13-1-6 Comp:13-0-6 0.262MBps 32.7ms</bind>
  <bind>Comp:13-0-6 Comp:13-1-6 0.262MBps 32.7ms</bind>
  <bind>Comp:13-1-7 Comp:13-0-7 0.262MBps 32.7ms</bind>
  <bind>Comp:13-0-7 Comp:13-1-7 0.262MBps 32.7ms</bind>
  <bind>Comp:13-1-8 Comp:13-0-8 0.262MBps 32.7ms</bind>
  <bind>Comp:13-0-8 Comp:13-1-8 0.262MBps 32.7ms</bind>
  <bind>Comp:13-1-9 Comp:13-0-9 0.262MBps 32.7ms</bind>
  <bind>Comp:13-0-9 Comp:13-1-9 0.262MBps 32.7ms</bind>
  <bind>Comp:13-2-0 Comp:13-1-0 0.253MBps 40.1ms</bind>
  <bind>Comp:13-1-0 Comp:13-2-0 0.253MBps 40.1ms</bind>
  <bind>Comp:13-2-0 Comp:13-1-1 0.253MBps 40.1ms</bind>
  <bind>Comp:13-1-1 Comp:13-2-0 0.253MBps 40.1ms</bind>
  <bind>Comp:13-2-0 Comp:13-1-2 0.253MBps 40.1ms</bind>
  <bind>Comp:13-1-2 Comp:13-2-0 0.253MBps 40.1ms</bind>
  <bind>Comp:13-2-0 Comp:13-1-3 0.253MBps 40.1ms</bind>
  <bind>Comp:13-1-3 Comp:13-2-0 0.253MBps 40.1ms</bind>
  <bind>Comp:13-2-0 Comp:13-1-4 0.253MBps 40.1ms</bind>
  <bind>Comp:13-1-4 Comp:13-2-0 0.253MBps 40.1ms</bind>
  <bind>Comp:13-2-0 Comp:13-1-5 0.253MBps 40.1ms</bind>
  <bind>Comp:13-1-5 Comp:13-2-0 0.253MBps 40.1ms</bind>
  <bind>Comp:13-2-0 Comp:13-1-6 0.253MBps 40.1ms</bind>
  <bind>Comp:13-1-6 Comp:13-2-0 0.253MBps 40.1ms</bind>
  <bind>Comp:13-2-0 Comp:13-1-7 0.253MBps 40.1ms</bind>
  <bind>Comp:13-1-7 Comp:13-2-0 0.253MBps 40.1ms</bind>
  <bind>Comp:13-2-0 Comp:13-1-8 0.253MBps 40.1ms</bind>
  <bind>Comp:13-1-8 Comp:13-2-0 0.253MBps 40.1ms</bind>
  <bind>Comp:13-2-0 Comp:13-1-9 0.253MBps 40.1ms</bind>
  <bind>Comp:13-1-9 Comp:13-2-0 0.253MBps 40.1ms</bind>
  <bind>Comp:13-3-0 Comp:13-2-0 0.677MBps 26.1ms</bind>
  <bind>Comp:13-2-0 Comp:13-3-0 0.677MBps 26.1ms</bind>
  <bind>Comp:13-3-1 Comp:13-2-0 0.677MBps 26.1ms</bind>
  <bind>Comp:13-2-0 Comp:13-3-1 0.677MBps 26.1ms</bind>
  <bind>Comp:13-3-2 Comp:13-2-0 0.677MBps 26.1ms</bind>
  <bind>Comp:13-2-0 Comp:13-3-2 0.677MBps 26.1ms</bind>
  <bind>Comp:13-3-3 Comp:13-2-0 0.677MBps 26.1ms</bind>
  <bind>Comp:13-2-0 Comp:13-3-3 0.677MBps 26.1ms</bind>
  <bind>Comp:13-4-0 Comp:13-3-0 0.426MBps 27.5ms</bind>
  <bind>Comp:13-3-0 Comp:13-4-0 0.426MBps 27.5ms</bind>
  <bind>Comp:13-4-1 Comp:13-3-1 0.426MBps 27.5ms</bind>
  <bind>Comp:13-3-1 Comp:13-4-1 0.426MBps 27.5ms</bind>
  <bind>Comp:13-4-0 Comp:13-3-2 0.426MBps 27.5ms</bind>
  <bind>Comp:13-3-2 Comp:13-4-0 0.426MBps 27.5ms</bind>
  <bind>Comp:13-4-1 Comp:13-3-3 0.426MBps 27.5ms</bind>
  <bind>Comp:13-3-3 Comp:13-4-1 0.426MBps 27.5ms</bind>
  <bind>Comp:13-5-0 Comp:13-4-0 0.8MBps 49.4ms</bind>
  <bind>Comp:13-4-0 Comp:13-5-0 0.8MBps 49.4ms</bind>
  <bind>Comp:13-5-1 Comp:13-4-1 0.8MBps 49.4ms</bind>
  <bind>Comp:13-4-1 Comp:13-5-1 0.8MBps 49.4ms</bind>
  <bind>Comp:13-5-2 Comp:13-4-0 0.8MBps 49.4ms</bind>
  <bind>Comp:13-4-0 Comp:13-5-2 0.8MBps 49.4ms</bind>
  <bind>Comp:13-5-3 Comp:13-4-1 0.8MBps 49.4ms</bind>
  <bind>Comp:13-4-1 Comp:13-5-3 0.8MBps 49.4ms</bind>
  <bind>Comp:13-5-4 Comp:13-4-0 0.8MBps 49.4ms</bind>
  <bind>Comp:13-4-0 Comp:13-5-4 0.8MBps 49.4ms</bind>
  <bind>Comp:13-5-5 Comp:13-4-1 0.8MBps 49.4ms</bind>
  <bind>Comp:13-4-1 Comp:13-5-5 0.8MBps 49.4ms</bind>
  <bind>Comp:13-5-6 Comp:13-4-0 0.8MBps 49.4ms</bind>
  <bind>Comp:13-4-0 Comp:13-5-6 0.8MBps 49.4ms</bind>
  <bind>Comp:13-5-7 Comp:13-4-1 0.8MBps 49.4ms</bind>
  <bind>Comp:13-4-1 Comp:13-5-7 0.8MBps 49.4ms</bind>
  <bind>Comp:13-5-8 Comp:13-4-0 0.8MBps 49.4ms</bind>
  <bind>Comp:13-4-0 Comp:13-5-8 0.8MBps 49.4ms</bind>
  <bind>Comp:13-5-0 Appliance-37 0.697MBps 31.8ms</bind>
  <bind>Appliance-37 Comp:13-5-0 0.697MBps 31.8ms</bind>
  <bind>Comp:13-5-1 Appliance-25 0.697MBps 31.8ms</bind>
  <bind>Appliance-25 Comp:13-5-1 0.697MBps 31.8ms</bind>
  <bind>Comp:13-5-2 Appliance-0 0.697MBps 31.8ms</bind>
  <bind>Appliance-0 Comp:13-5-2 0.697MBps 31.8ms</bind>
  <bind>Comp:13-5-3 Appliance-12 0.697MBps 31.8ms</bind>
  <bind>Appliance-12 Comp:13-5-3 0.697MBps 31.8ms</bind>
  <bind>Comp:13-5-4 Appliance-6 0.697MBps 31.8ms</bind>
  <bind>Appliance-6 Comp:13-5-4 0.697MBps 31.8ms</bind>
  <bind>Comp:13-5-5 Appliance-34 0.697MBps 31.8ms</bind>
  <bind>Appliance-34 Comp:13-5-5 0.697MBps 31.8ms</bind>
  <bind>Comp:13-5-6 Appliance-37 0.697MBps 31.8ms</bind>
  <bind>Appliance-37 Comp:13-5-6 0.697MBps 31.8ms</bind>
  <bind>Comp:13-5-7 Appliance-25 0.697MBps 31.8ms</bind>
  <bind>Appliance-25 Comp:13-5-7 0.697MBps 31.8ms</bind>
  <bind>Comp:13-5-8 Appliance-0 0.697MBps 31.8ms</bind>
  <bind>Appliance-0 Comp:13-5-8 0.697MBps 31.8ms</bind>
</app>
<app>
  <id>App14</id>
<comp>
  <id>Comp:14-0-0</id>
  <CPU>0.969Gf</CPU>
  <RAM>0.702GB</RAM>
  <DISK>1.49GB</DISK>
</comp>
<comp>
  <id>Comp:14-0-1</id>
  <CPU>0.969Gf</CPU>
  <RAM>0.702GB</RAM>
  <DISK>1.49GB</DISK>
</comp>
<comp>
  <id>Comp:14-0-2</id>
  <CPU>0.969Gf</CPU>
  <RAM>0.702GB</RAM>
  <DISK>1.49GB</DISK>
</comp>
<comp>
  <id>Comp:14-0-3</id>
  <CPU>0.969Gf</CPU>
  <RAM>0.702GB</RAM>
  <DISK>1.49GB</DISK>
</comp>
<comp>
  <id>Comp:14-0-4</id>
  <CPU>0.969Gf</CPU>
  <RAM>0.702GB</RAM>
  <DISK>1.49GB</DISK>
</comp>
<comp>
  <id>Comp:14-0-5</id>
  <CPU>0.969Gf</CPU>
  <RAM>0.702GB</RAM>
  <DISK>1.49GB</DISK>
</comp>
<comp>
  <id>Comp:14-0-6</id>
  <CPU>0.969Gf</CPU>
  <RAM>0.702GB</RAM>
  <DISK>1.49GB</DISK>
</comp>
<comp>
  <id>Comp:14-0-7</id>
  <CPU>0.969Gf</CPU>
  <RAM>0.702GB</RAM>
  <DISK>1.49GB</DISK>
</comp>
<comp>
  <id>Comp:14-0-8</id>
  <CPU>0.969Gf</CPU>
  <RAM>0.702GB</RAM>
  <DISK>1.49GB</DISK>
</comp>
<comp>
  <id>Comp:14-0-9</id>
  <CPU>0.969Gf</CPU>
  <RAM>0.702GB</RAM>
  <DISK>1.49GB</DISK>
</comp>
<comp>
  <id>Comp:14-1-0</id>
  <CPU>0.632Gf</CPU>
  <RAM>0.187GB</RAM>
  <DISK>0.00668GB</DISK>
</comp>
<comp>
  <id>Comp:14-1-1</id>
  <CPU>0.632Gf</CPU>
  <RAM>0.187GB</RAM>
  <DISK>0.00668GB</DISK>
</comp>
<comp>
  <id>Comp:14-1-2</id>
  <CPU>0.632Gf</CPU>
  <RAM>0.187GB</RAM>
  <DISK>0.00668GB</DISK>
</comp>
<comp>
  <id>Comp:14-1-3</id>
  <CPU>0.632Gf</CPU>
  <RAM>0.187GB</RAM>
  <DISK>0.00668GB</DISK>
</comp>
<comp>
  <id>Comp:14-1-4</id>
  <CPU>0.632Gf</CPU>
  <RAM>0.187GB</RAM>
  <DISK>0.00668GB</DISK>
</comp>
<comp>
  <id>Comp:14-1-5</id>
  <CPU>0.632Gf</CPU>
  <RAM>0.187GB</RAM>
  <DISK>0.00668GB</DISK>
</comp>
<comp>
  <id>Comp:14-1-6</id>
  <CPU>0.632Gf</CPU>
  <RAM>0.187GB</RAM>
  <DISK>0.00668GB</DISK>
</comp>
<comp>
  <id>Comp:14-1-7</id>
  <CPU>0.632Gf</CPU>
  <RAM>0.187GB</RAM>
  <DISK>0.00668GB</DISK>
</comp>
<comp>
  <id>Comp:14-2-0</id>
  <CPU>0.227Gf</CPU>
  <RAM>0.823GB</RAM>
  <DISK>0.912GB</DISK>
</comp>
<comp>
  <id>Comp:14-2-1</id>
  <CPU>0.227Gf</CPU>
  <RAM>0.823GB</RAM>
  <DISK>0.912GB</DISK>
</comp>
<comp>
  <id>Comp:14-2-2</id>
  <CPU>0.227Gf</CPU>
  <RAM>0.823GB</RAM>
  <DISK>0.912GB</DISK>
</comp>
<comp>
  <id>Comp:14-2-3</id>
  <CPU>0.227Gf</CPU>
  <RAM>0.823GB</RAM>
  <DISK>0.912GB</DISK>
</comp>
<comp>
  <id>Comp:14-2-4</id>
  <CPU>0.227Gf</CPU>
  <RAM>0.823GB</RAM>
  <DISK>0.912GB</DISK>
</comp>
<comp>
  <id>Comp:14-2-5</id>
  <CPU>0.227Gf</CPU>
  <RAM>0.823GB</RAM>
  <DISK>0.912GB</DISK>
</comp>
<comp>
  <id>Comp:14-2-6</id>
  <CPU>0.227Gf</CPU>
  <RAM>0.823GB</RAM>
  <DISK>0.912GB</DISK>
</comp>
<comp>
  <id>Comp:14-2-7</id>
  <CPU>0.227Gf</CPU>
  <RAM>0.823GB</RAM>
  <DISK>0.912GB</DISK>
</comp>
  <bind>Comp:14-1-0 Comp:14-0-0 0.105MBps 42.5ms</bind>
  <bind>Comp:14-0-0 Comp:14-1-0 0.105MBps 42.5ms</bind>
  <bind>Comp:14-1-1 Comp:14-0-1 0.105MBps 42.5ms</bind>
  <bind>Comp:14-0-1 Comp:14-1-1 0.105MBps 42.5ms</bind>
  <bind>Comp:14-1-2 Comp:14-0-2 0.105MBps 42.5ms</bind>
  <bind>Comp:14-0-2 Comp:14-1-2 0.105MBps 42.5ms</bind>
  <bind>Comp:14-1-3 Comp:14-0-3 0.105MBps 42.5ms</bind>
  <bind>Comp:14-0-3 Comp:14-1-3 0.105MBps 42.5ms</bind>
  <bind>Comp:14-1-4 Comp:14-0-4 0.105MBps 42.5ms</bind>
  <bind>Comp:14-0-4 Comp:14-1-4 0.105MBps 42.5ms</bind>
  <bind>Comp:14-1-5 Comp:14-0-5 0.105MBps 42.5ms</bind>
  <bind>Comp:14-0-5 Comp:14-1-5 0.105MBps 42.5ms</bind>
  <bind>Comp:14-1-6 Comp:14-0-6 0.105MBps 42.5ms</bind>
  <bind>Comp:14-0-6 Comp:14-1-6 0.105MBps 42.5ms</bind>
  <bind>Comp:14-1-7 Comp:14-0-7 0.105MBps 42.5ms</bind>
  <bind>Comp:14-0-7 Comp:14-1-7 0.105MBps 42.5ms</bind>
  <bind>Comp:14-1-0 Comp:14-0-8 0.105MBps 42.5ms</bind>
  <bind>Comp:14-0-8 Comp:14-1-0 0.105MBps 42.5ms</bind>
  <bind>Comp:14-1-1 Comp:14-0-9 0.105MBps 42.5ms</bind>
  <bind>Comp:14-0-9 Comp:14-1-1 0.105MBps 42.5ms</bind>
  <bind>Comp:14-2-0 Comp:14-1-0 0.578MBps 26.2ms</bind>
  <bind>Comp:14-1-0 Comp:14-2-0 0.578MBps 26.2ms</bind>
  <bind>Comp:14-2-1 Comp:14-1-1 0.578MBps 26.2ms</bind>
  <bind>Comp:14-1-1 Comp:14-2-1 0.578MBps 26.2ms</bind>
  <bind>Comp:14-2-2 Comp:14-1-2 0.578MBps 26.2ms</bind>
  <bind>Comp:14-1-2 Comp:14-2-2 0.578MBps 26.2ms</bind>
  <bind>Comp:14-2-3 Comp:14-1-3 0.578MBps 26.2ms</bind>
  <bind>Comp:14-1-3 Comp:14-2-3 0.578MBps 26.2ms</bind>
  <bind>Comp:14-2-4 Comp:14-1-4 0.578MBps 26.2ms</bind>
  <bind>Comp:14-1-4 Comp:14-2-4 0.578MBps 26.2ms</bind>
  <bind>Comp:14-2-5 Comp:14-1-5 0.578MBps 26.2ms</bind>
  <bind>Comp:14-1-5 Comp:14-2-5 0.578MBps 26.2ms</bind>
  <bind>Comp:14-2-6 Comp:14-1-6 0.578MBps 26.2ms</bind>
  <bind>Comp:14-1-6 Comp:14-2-6 0.578MBps 26.2ms</bind>
  <bind>Comp:14-2-7 Comp:14-1-7 0.578MBps 26.2ms</bind>
  <bind>Comp:14-1-7 Comp:14-2-7 0.578MBps 26.2ms</bind>
  <bind>Comp:14-2-0 Appliance-8 0.58MBps 35.0ms</bind>
  <bind>Appliance-8 Comp:14-2-0 0.58MBps 35.0ms</bind>
  <bind>Comp:14-2-1 Appliance-0 0.58MBps 35.0ms</bind>
  <bind>Appliance-0 Comp:14-2-1 0.58MBps 35.0ms</bind>
  <bind>Comp:14-2-2 Appliance-8 0.58MBps 35.0ms</bind>
  <bind>Appliance-8 Comp:14-2-2 0.58MBps 35.0ms</bind>
  <bind>Comp:14-2-3 Appliance-0 0.58MBps 35.0ms</bind>
  <bind>Appliance-0 Comp:14-2-3 0.58MBps 35.0ms</bind>
  <bind>Comp:14-2-4 Appliance-8 0.58MBps 35.0ms</bind>
  <bind>Appliance-8 Comp:14-2-4 0.58MBps 35.0ms</bind>
  <bind>Comp:14-2-5 Appliance-0 0.58MBps 35.0ms</bind>
  <bind>Appliance-0 Comp:14-2-5 0.58MBps 35.0ms</bind>
  <bind>Comp:14-2-6 Appliance-8 0.58MBps 35.0ms</bind>
  <bind>Appliance-8 Comp:14-2-6 0.58MBps 35.0ms</bind>
  <bind>Comp:14-2-7 Appliance-0 0.58MBps 35.0ms</bind>
  <bind>Appliance-0 Comp:14-2-7 0.58MBps 35.0ms</bind>
</app>
<app>
  <id>App15</id>
<comp>
  <id>Comp:15-0-0</id>
  <CPU>0.261Gf</CPU>
  <RAM>0.164GB</RAM>
  <DISK>0.399GB</DISK>
</comp>
<comp>
  <id>Comp:15-0-1</id>
  <CPU>0.261Gf</CPU>
  <RAM>0.164GB</RAM>
  <DISK>0.399GB</DISK>
</comp>
<comp>
  <id>Comp:15-0-2</id>
  <CPU>0.261Gf</CPU>
  <RAM>0.164GB</RAM>
  <DISK>0.399GB</DISK>
</comp>
<comp>
  <id>Comp:15-0-3</id>
  <CPU>0.261Gf</CPU>
  <RAM>0.164GB</RAM>
  <DISK>0.399GB</DISK>
</comp>
<comp>
  <id>Comp:15-0-4</id>
  <CPU>0.261Gf</CPU>
  <RAM>0.164GB</RAM>
  <DISK>0.399GB</DISK>
</comp>
<comp>
  <id>Comp:15-0-5</id>
  <CPU>0.261Gf</CPU>
  <RAM>0.164GB</RAM>
  <DISK>0.399GB</DISK>
</comp>
<comp>
  <id>Comp:15-0-6</id>
  <CPU>0.261Gf</CPU>
  <RAM>0.164GB</RAM>
  <DISK>0.399GB</DISK>
</comp>
<comp>
  <id>Comp:15-0-7</id>
  <CPU>0.261Gf</CPU>
  <RAM>0.164GB</RAM>
  <DISK>0.399GB</DISK>
</comp>
<comp>
  <id>Comp:15-0-8</id>
  <CPU>0.261Gf</CPU>
  <RAM>0.164GB</RAM>
  <DISK>0.399GB</DISK>
</comp>
<comp>
  <id>Comp:15-1-0</id>
  <CPU>0.551Gf</CPU>
  <RAM>0.549GB</RAM>
  <DISK>1.97GB</DISK>
</comp>
<comp>
  <id>Comp:15-1-1</id>
  <CPU>0.551Gf</CPU>
  <RAM>0.549GB</RAM>
  <DISK>1.97GB</DISK>
</comp>
<comp>
  <id>Comp:15-1-2</id>
  <CPU>0.551Gf</CPU>
  <RAM>0.549GB</RAM>
  <DISK>1.97GB</DISK>
</comp>
<comp>
  <id>Comp:15-2-0</id>
  <CPU>0.411Gf</CPU>
  <RAM>0.965GB</RAM>
  <DISK>1.95GB</DISK>
</comp>
<comp>
  <id>Comp:15-2-1</id>
  <CPU>0.411Gf</CPU>
  <RAM>0.965GB</RAM>
  <DISK>1.95GB</DISK>
</comp>
<comp>
  <id>Comp:15-2-2</id>
  <CPU>0.411Gf</CPU>
  <RAM>0.965GB</RAM>
  <DISK>1.95GB</DISK>
</comp>
<comp>
  <id>Comp:15-2-3</id>
  <CPU>0.411Gf</CPU>
  <RAM>0.965GB</RAM>
  <DISK>1.95GB</DISK>
</comp>
<comp>
  <id>Comp:15-2-4</id>
  <CPU>0.411Gf</CPU>
  <RAM>0.965GB</RAM>
  <DISK>1.95GB</DISK>
</comp>
<comp>
  <id>Comp:15-3-0</id>
  <CPU>0.948Gf</CPU>
  <RAM>0.73GB</RAM>
  <DISK>1.37GB</DISK>
</comp>
<comp>
  <id>Comp:15-3-1</id>
  <CPU>0.948Gf</CPU>
  <RAM>0.73GB</RAM>
  <DISK>1.37GB</DISK>
</comp>
<comp>
  <id>Comp:15-3-2</id>
  <CPU>0.948Gf</CPU>
  <RAM>0.73GB</RAM>
  <DISK>1.37GB</DISK>
</comp>
<comp>
  <id>Comp:15-3-3</id>
  <CPU>0.948Gf</CPU>
  <RAM>0.73GB</RAM>
  <DISK>1.37GB</DISK>
</comp>
<comp>
  <id>Comp:15-3-4</id>
  <CPU>0.948Gf</CPU>
  <RAM>0.73GB</RAM>
  <DISK>1.37GB</DISK>
</comp>
<comp>
  <id>Comp:15-3-5</id>
  <CPU>0.948Gf</CPU>
  <RAM>0.73GB</RAM>
  <DISK>1.37GB</DISK>
</comp>
<comp>
  <id>Comp:15-3-6</id>
  <CPU>0.948Gf</CPU>
  <RAM>0.73GB</RAM>
  <DISK>1.37GB</DISK>
</comp>
<comp>
  <id>Comp:15-3-7</id>
  <CPU>0.948Gf</CPU>
  <RAM>0.73GB</RAM>
  <DISK>1.37GB</DISK>
</comp>
<comp>
  <id>Comp:15-3-8</id>
  <CPU>0.948Gf</CPU>
  <RAM>0.73GB</RAM>
  <DISK>1.37GB</DISK>
</comp>
<comp>
  <id>Comp:15-3-9</id>
  <CPU>0.948Gf</CPU>
  <RAM>0.73GB</RAM>
  <DISK>1.37GB</DISK>
</comp>
<comp>
  <id>Comp:15-4-0</id>
  <CPU>0.78Gf</CPU>
  <RAM>0.798GB</RAM>
  <DISK>1.44GB</DISK>
</comp>
<comp>
  <id>Comp:15-4-1</id>
  <CPU>0.78Gf</CPU>
  <RAM>0.798GB</RAM>
  <DISK>1.44GB</DISK>
</comp>
<comp>
  <id>Comp:15-4-2</id>
  <CPU>0.78Gf</CPU>
  <RAM>0.798GB</RAM>
  <DISK>1.44GB</DISK>
</comp>
<comp>
  <id>Comp:15-4-3</id>
  <CPU>0.78Gf</CPU>
  <RAM>0.798GB</RAM>
  <DISK>1.44GB</DISK>
</comp>
<comp>
  <id>Comp:15-4-4</id>
  <CPU>0.78Gf</CPU>
  <RAM>0.798GB</RAM>
  <DISK>1.44GB</DISK>
</comp>
  <bind>Comp:15-1-0 Comp:15-0-0 0.709MBps 43.8ms</bind>
  <bind>Comp:15-0-0 Comp:15-1-0 0.709MBps 43.8ms</bind>
  <bind>Comp:15-1-1 Comp:15-0-1 0.709MBps 43.8ms</bind>
  <bind>Comp:15-0-1 Comp:15-1-1 0.709MBps 43.8ms</bind>
  <bind>Comp:15-1-2 Comp:15-0-2 0.709MBps 43.8ms</bind>
  <bind>Comp:15-0-2 Comp:15-1-2 0.709MBps 43.8ms</bind>
  <bind>Comp:15-1-0 Comp:15-0-3 0.709MBps 43.8ms</bind>
  <bind>Comp:15-0-3 Comp:15-1-0 0.709MBps 43.8ms</bind>
  <bind>Comp:15-1-1 Comp:15-0-4 0.709MBps 43.8ms</bind>
  <bind>Comp:15-0-4 Comp:15-1-1 0.709MBps 43.8ms</bind>
  <bind>Comp:15-1-2 Comp:15-0-5 0.709MBps 43.8ms</bind>
  <bind>Comp:15-0-5 Comp:15-1-2 0.709MBps 43.8ms</bind>
  <bind>Comp:15-1-0 Comp:15-0-6 0.709MBps 43.8ms</bind>
  <bind>Comp:15-0-6 Comp:15-1-0 0.709MBps 43.8ms</bind>
  <bind>Comp:15-1-1 Comp:15-0-7 0.709MBps 43.8ms</bind>
  <bind>Comp:15-0-7 Comp:15-1-1 0.709MBps 43.8ms</bind>
  <bind>Comp:15-1-2 Comp:15-0-8 0.709MBps 43.8ms</bind>
  <bind>Comp:15-0-8 Comp:15-1-2 0.709MBps 43.8ms</bind>
  <bind>Comp:15-2-0 Comp:15-1-0 0.451MBps 26.3ms</bind>
  <bind>Comp:15-1-0 Comp:15-2-0 0.451MBps 26.3ms</bind>
  <bind>Comp:15-2-1 Comp:15-1-1 0.451MBps 26.3ms</bind>
  <bind>Comp:15-1-1 Comp:15-2-1 0.451MBps 26.3ms</bind>
  <bind>Comp:15-2-2 Comp:15-1-2 0.451MBps 26.3ms</bind>
  <bind>Comp:15-1-2 Comp:15-2-2 0.451MBps 26.3ms</bind>
  <bind>Comp:15-2-3 Comp:15-1-0 0.451MBps 26.3ms</bind>
  <bind>Comp:15-1-0 Comp:15-2-3 0.451MBps 26.3ms</bind>
  <bind>Comp:15-2-4 Comp:15-1-1 0.451MBps 26.3ms</bind>
  <bind>Comp:15-1-1 Comp:15-2-4 0.451MBps 26.3ms</bind>
  <bind>Comp:15-3-0 Comp:15-2-0 0.768MBps 28.6ms</bind>
  <bind>Comp:15-2-0 Comp:15-3-0 0.768MBps 28.6ms</bind>
  <bind>Comp:15-3-1 Comp:15-2-1 0.768MBps 28.6ms</bind>
  <bind>Comp:15-2-1 Comp:15-3-1 0.768MBps 28.6ms</bind>
  <bind>Comp:15-3-2 Comp:15-2-2 0.768MBps 28.6ms</bind>
  <bind>Comp:15-2-2 Comp:15-3-2 0.768MBps 28.6ms</bind>
  <bind>Comp:15-3-3 Comp:15-2-3 0.768MBps 28.6ms</bind>
  <bind>Comp:15-2-3 Comp:15-3-3 0.768MBps 28.6ms</bind>
  <bind>Comp:15-3-4 Comp:15-2-4 0.768MBps 28.6ms</bind>
  <bind>Comp:15-2-4 Comp:15-3-4 0.768MBps 28.6ms</bind>
  <bind>Comp:15-3-5 Comp:15-2-0 0.768MBps 28.6ms</bind>
  <bind>Comp:15-2-0 Comp:15-3-5 0.768MBps 28.6ms</bind>
  <bind>Comp:15-3-6 Comp:15-2-1 0.768MBps 28.6ms</bind>
  <bind>Comp:15-2-1 Comp:15-3-6 0.768MBps 28.6ms</bind>
  <bind>Comp:15-3-7 Comp:15-2-2 0.768MBps 28.6ms</bind>
  <bind>Comp:15-2-2 Comp:15-3-7 0.768MBps 28.6ms</bind>
  <bind>Comp:15-3-8 Comp:15-2-3 0.768MBps 28.6ms</bind>
  <bind>Comp:15-2-3 Comp:15-3-8 0.768MBps 28.6ms</bind>
  <bind>Comp:15-3-9 Comp:15-2-4 0.768MBps 28.6ms</bind>
  <bind>Comp:15-2-4 Comp:15-3-9 0.768MBps 28.6ms</bind>
  <bind>Comp:15-4-0 Comp:15-3-0 0.0992MBps 43.9ms</bind>
  <bind>Comp:15-3-0 Comp:15-4-0 0.0992MBps 43.9ms</bind>
  <bind>Comp:15-4-1 Comp:15-3-1 0.0992MBps 43.9ms</bind>
  <bind>Comp:15-3-1 Comp:15-4-1 0.0992MBps 43.9ms</bind>
  <bind>Comp:15-4-2 Comp:15-3-2 0.0992MBps 43.9ms</bind>
  <bind>Comp:15-3-2 Comp:15-4-2 0.0992MBps 43.9ms</bind>
  <bind>Comp:15-4-3 Comp:15-3-3 0.0992MBps 43.9ms</bind>
  <bind>Comp:15-3-3 Comp:15-4-3 0.0992MBps 43.9ms</bind>
  <bind>Comp:15-4-4 Comp:15-3-4 0.0992MBps 43.9ms</bind>
  <bind>Comp:15-3-4 Comp:15-4-4 0.0992MBps 43.9ms</bind>
  <bind>Comp:15-4-0 Comp:15-3-5 0.0992MBps 43.9ms</bind>
  <bind>Comp:15-3-5 Comp:15-4-0 0.0992MBps 43.9ms</bind>
  <bind>Comp:15-4-1 Comp:15-3-6 0.0992MBps 43.9ms</bind>
  <bind>Comp:15-3-6 Comp:15-4-1 0.0992MBps 43.9ms</bind>
  <bind>Comp:15-4-2 Comp:15-3-7 0.0992MBps 43.9ms</bind>
  <bind>Comp:15-3-7 Comp:15-4-2 0.0992MBps 43.9ms</bind>
  <bind>Comp:15-4-3 Comp:15-3-8 0.0992MBps 43.9ms</bind>
  <bind>Comp:15-3-8 Comp:15-4-3 0.0992MBps 43.9ms</bind>
  <bind>Comp:15-4-4 Comp:15-3-9 0.0992MBps 43.9ms</bind>
  <bind>Comp:15-3-9 Comp:15-4-4 0.0992MBps 43.9ms</bind>
  <bind>Comp:15-4-0 Appliance-27 0.986MBps 40.9ms</bind>
  <bind>Appliance-27 Comp:15-4-0 0.986MBps 40.9ms</bind>
  <bind>Comp:15-4-1 Appliance-16 0.986MBps 40.9ms</bind>
  <bind>Appliance-16 Comp:15-4-1 0.986MBps 40.9ms</bind>
  <bind>Comp:15-4-2 Appliance-27 0.986MBps 40.9ms</bind>
  <bind>Appliance-27 Comp:15-4-2 0.986MBps 40.9ms</bind>
  <bind>Comp:15-4-3 Appliance-16 0.986MBps 40.9ms</bind>
  <bind>Appliance-16 Comp:15-4-3 0.986MBps 40.9ms</bind>
  <bind>Comp:15-4-4 Appliance-27 0.986MBps 40.9ms</bind>
  <bind>Appliance-27 Comp:15-4-4 0.986MBps 40.9ms</bind>
</app>
<app>
  <id>App16</id>
<comp>
  <id>Comp:16-0-0</id>
  <CPU>0.747Gf</CPU>
  <RAM>0.693GB</RAM>
  <DISK>0.0866GB</DISK>
</comp>
<comp>
  <id>Comp:16-0-1</id>
  <CPU>0.747Gf</CPU>
  <RAM>0.693GB</RAM>
  <DISK>0.0866GB</DISK>
</comp>
<comp>
  <id>Comp:16-1-0</id>
  <CPU>0.631Gf</CPU>
  <RAM>0.348GB</RAM>
  <DISK>1.02GB</DISK>
</comp>
<comp>
  <id>Comp:16-1-1</id>
  <CPU>0.631Gf</CPU>
  <RAM>0.348GB</RAM>
  <DISK>1.02GB</DISK>
</comp>
<comp>
  <id>Comp:16-1-2</id>
  <CPU>0.631Gf</CPU>
  <RAM>0.348GB</RAM>
  <DISK>1.02GB</DISK>
</comp>
<comp>
  <id>Comp:16-1-3</id>
  <CPU>0.631Gf</CPU>
  <RAM>0.348GB</RAM>
  <DISK>1.02GB</DISK>
</comp>
<comp>
  <id>Comp:16-1-4</id>
  <CPU>0.631Gf</CPU>
  <RAM>0.348GB</RAM>
  <DISK>1.02GB</DISK>
</comp>
<comp>
  <id>Comp:16-1-5</id>
  <CPU>0.631Gf</CPU>
  <RAM>0.348GB</RAM>
  <DISK>1.02GB</DISK>
</comp>
<comp>
  <id>Comp:16-1-6</id>
  <CPU>0.631Gf</CPU>
  <RAM>0.348GB</RAM>
  <DISK>1.02GB</DISK>
</comp>
<comp>
  <id>Comp:16-1-7</id>
  <CPU>0.631Gf</CPU>
  <RAM>0.348GB</RAM>
  <DISK>1.02GB</DISK>
</comp>
  <bind>Comp:16-1-0 Comp:16-0-0 0.135MBps 43.7ms</bind>
  <bind>Comp:16-0-0 Comp:16-1-0 0.135MBps 43.7ms</bind>
  <bind>Comp:16-1-1 Comp:16-0-1 0.135MBps 43.7ms</bind>
  <bind>Comp:16-0-1 Comp:16-1-1 0.135MBps 43.7ms</bind>
  <bind>Comp:16-1-2 Comp:16-0-0 0.135MBps 43.7ms</bind>
  <bind>Comp:16-0-0 Comp:16-1-2 0.135MBps 43.7ms</bind>
  <bind>Comp:16-1-3 Comp:16-0-1 0.135MBps 43.7ms</bind>
  <bind>Comp:16-0-1 Comp:16-1-3 0.135MBps 43.7ms</bind>
  <bind>Comp:16-1-4 Comp:16-0-0 0.135MBps 43.7ms</bind>
  <bind>Comp:16-0-0 Comp:16-1-4 0.135MBps 43.7ms</bind>
  <bind>Comp:16-1-5 Comp:16-0-1 0.135MBps 43.7ms</bind>
  <bind>Comp:16-0-1 Comp:16-1-5 0.135MBps 43.7ms</bind>
  <bind>Comp:16-1-6 Comp:16-0-0 0.135MBps 43.7ms</bind>
  <bind>Comp:16-0-0 Comp:16-1-6 0.135MBps 43.7ms</bind>
  <bind>Comp:16-1-7 Comp:16-0-1 0.135MBps 43.7ms</bind>
  <bind>Comp:16-0-1 Comp:16-1-7 0.135MBps 43.7ms</bind>
  <bind>Comp:16-1-0 Appliance-14 0.455MBps 34.6ms</bind>
  <bind>Appliance-14 Comp:16-1-0 0.455MBps 34.6ms</bind>
  <bind>Comp:16-1-1 Appliance-37 0.455MBps 34.6ms</bind>
  <bind>Appliance-37 Comp:16-1-1 0.455MBps 34.6ms</bind>
  <bind>Comp:16-1-2 Appliance-0 0.455MBps 34.6ms</bind>
  <bind>Appliance-0 Comp:16-1-2 0.455MBps 34.6ms</bind>
  <bind>Comp:16-1-3 Appliance-8 0.455MBps 34.6ms</bind>
  <bind>Appliance-8 Comp:16-1-3 0.455MBps 34.6ms</bind>
  <bind>Comp:16-1-4 Appliance-14 0.455MBps 34.6ms</bind>
  <bind>Appliance-14 Comp:16-1-4 0.455MBps 34.6ms</bind>
  <bind>Comp:16-1-5 Appliance-5 0.455MBps 34.6ms</bind>
  <bind>Appliance-5 Comp:16-1-5 0.455MBps 34.6ms</bind>
  <bind>Comp:16-1-6 Appliance-19 0.455MBps 34.6ms</bind>
  <bind>Appliance-19 Comp:16-1-6 0.455MBps 34.6ms</bind>
  <bind>Comp:16-1-7 Appliance-38 0.455MBps 34.6ms</bind>
  <bind>Appliance-38 Comp:16-1-7 0.455MBps 34.6ms</bind>
  <bind>Comp:16-1-0 Appliance-1 0.455MBps 34.6ms</bind>
  <bind>Appliance-1 Comp:16-1-0 0.455MBps 34.6ms</bind>
</app>
<app>
  <id>App17</id>
<comp>
  <id>Comp:17-0-0</id>
  <CPU>0.523Gf</CPU>
  <RAM>0.543GB</RAM>
  <DISK>0.0802GB</DISK>
</comp>
<comp>
  <id>Comp:17-0-1</id>
  <CPU>0.523Gf</CPU>
  <RAM>0.543GB</RAM>
  <DISK>0.0802GB</DISK>
</comp>
<comp>
  <id>Comp:17-0-2</id>
  <CPU>0.523Gf</CPU>
  <RAM>0.543GB</RAM>
  <DISK>0.0802GB</DISK>
</comp>
<comp>
  <id>Comp:17-0-3</id>
  <CPU>0.523Gf</CPU>
  <RAM>0.543GB</RAM>
  <DISK>0.0802GB</DISK>
</comp>
<comp>
  <id>Comp:17-0-4</id>
  <CPU>0.523Gf</CPU>
  <RAM>0.543GB</RAM>
  <DISK>0.0802GB</DISK>
</comp>
<comp>
  <id>Comp:17-0-5</id>
  <CPU>0.523Gf</CPU>
  <RAM>0.543GB</RAM>
  <DISK>0.0802GB</DISK>
</comp>
<comp>
  <id>Comp:17-0-6</id>
  <CPU>0.523Gf</CPU>
  <RAM>0.543GB</RAM>
  <DISK>0.0802GB</DISK>
</comp>
<comp>
  <id>Comp:17-0-7</id>
  <CPU>0.523Gf</CPU>
  <RAM>0.543GB</RAM>
  <DISK>0.0802GB</DISK>
</comp>
<comp>
  <id>Comp:17-1-0</id>
  <CPU>0.691Gf</CPU>
  <RAM>0.525GB</RAM>
  <DISK>0.0878GB</DISK>
</comp>
<comp>
  <id>Comp:17-1-1</id>
  <CPU>0.691Gf</CPU>
  <RAM>0.525GB</RAM>
  <DISK>0.0878GB</DISK>
</comp>
<comp>
  <id>Comp:17-1-2</id>
  <CPU>0.691Gf</CPU>
  <RAM>0.525GB</RAM>
  <DISK>0.0878GB</DISK>
</comp>
<comp>
  <id>Comp:17-1-3</id>
  <CPU>0.691Gf</CPU>
  <RAM>0.525GB</RAM>
  <DISK>0.0878GB</DISK>
</comp>
<comp>
  <id>Comp:17-1-4</id>
  <CPU>0.691Gf</CPU>
  <RAM>0.525GB</RAM>
  <DISK>0.0878GB</DISK>
</comp>
<comp>
  <id>Comp:17-1-5</id>
  <CPU>0.691Gf</CPU>
  <RAM>0.525GB</RAM>
  <DISK>0.0878GB</DISK>
</comp>
<comp>
  <id>Comp:17-1-6</id>
  <CPU>0.691Gf</CPU>
  <RAM>0.525GB</RAM>
  <DISK>0.0878GB</DISK>
</comp>
<comp>
  <id>Comp:17-1-7</id>
  <CPU>0.691Gf</CPU>
  <RAM>0.525GB</RAM>
  <DISK>0.0878GB</DISK>
</comp>
<comp>
  <id>Comp:17-2-0</id>
  <CPU>0.662Gf</CPU>
  <RAM>0.425GB</RAM>
  <DISK>0.814GB</DISK>
</comp>
<comp>
  <id>Comp:17-2-1</id>
  <CPU>0.662Gf</CPU>
  <RAM>0.425GB</RAM>
  <DISK>0.814GB</DISK>
</comp>
<comp>
  <id>Comp:17-2-2</id>
  <CPU>0.662Gf</CPU>
  <RAM>0.425GB</RAM>
  <DISK>0.814GB</DISK>
</comp>
<comp>
  <id>Comp:17-2-3</id>
  <CPU>0.662Gf</CPU>
  <RAM>0.425GB</RAM>
  <DISK>0.814GB</DISK>
</comp>
<comp>
  <id>Comp:17-2-4</id>
  <CPU>0.662Gf</CPU>
  <RAM>0.425GB</RAM>
  <DISK>0.814GB</DISK>
</comp>
<comp>
  <id>Comp:17-2-5</id>
  <CPU>0.662Gf</CPU>
  <RAM>0.425GB</RAM>
  <DISK>0.814GB</DISK>
</comp>
<comp>
  <id>Comp:17-2-6</id>
  <CPU>0.662Gf</CPU>
  <RAM>0.425GB</RAM>
  <DISK>0.814GB</DISK>
</comp>
  <bind>Comp:17-1-0 Comp:17-0-0 0.607MBps 47.8ms</bind>
  <bind>Comp:17-0-0 Comp:17-1-0 0.607MBps 47.8ms</bind>
  <bind>Comp:17-1-1 Comp:17-0-1 0.607MBps 47.8ms</bind>
  <bind>Comp:17-0-1 Comp:17-1-1 0.607MBps 47.8ms</bind>
  <bind>Comp:17-1-2 Comp:17-0-2 0.607MBps 47.8ms</bind>
  <bind>Comp:17-0-2 Comp:17-1-2 0.607MBps 47.8ms</bind>
  <bind>Comp:17-1-3 Comp:17-0-3 0.607MBps 47.8ms</bind>
  <bind>Comp:17-0-3 Comp:17-1-3 0.607MBps 47.8ms</bind>
  <bind>Comp:17-1-4 Comp:17-0-4 0.607MBps 47.8ms</bind>
  <bind>Comp:17-0-4 Comp:17-1-4 0.607MBps 47.8ms</bind>
  <bind>Comp:17-1-5 Comp:17-0-5 0.607MBps 47.8ms</bind>
  <bind>Comp:17-0-5 Comp:17-1-5 0.607MBps 47.8ms</bind>
  <bind>Comp:17-1-6 Comp:17-0-6 0.607MBps 47.8ms</bind>
  <bind>Comp:17-0-6 Comp:17-1-6 0.607MBps 47.8ms</bind>
  <bind>Comp:17-1-7 Comp:17-0-7 0.607MBps 47.8ms</bind>
  <bind>Comp:17-0-7 Comp:17-1-7 0.607MBps 47.8ms</bind>
  <bind>Comp:17-2-0 Comp:17-1-0 0.519MBps 29.4ms</bind>
  <bind>Comp:17-1-0 Comp:17-2-0 0.519MBps 29.4ms</bind>
  <bind>Comp:17-2-1 Comp:17-1-1 0.519MBps 29.4ms</bind>
  <bind>Comp:17-1-1 Comp:17-2-1 0.519MBps 29.4ms</bind>
  <bind>Comp:17-2-2 Comp:17-1-2 0.519MBps 29.4ms</bind>
  <bind>Comp:17-1-2 Comp:17-2-2 0.519MBps 29.4ms</bind>
  <bind>Comp:17-2-3 Comp:17-1-3 0.519MBps 29.4ms</bind>
  <bind>Comp:17-1-3 Comp:17-2-3 0.519MBps 29.4ms</bind>
  <bind>Comp:17-2-4 Comp:17-1-4 0.519MBps 29.4ms</bind>
  <bind>Comp:17-1-4 Comp:17-2-4 0.519MBps 29.4ms</bind>
  <bind>Comp:17-2-5 Comp:17-1-5 0.519MBps 29.4ms</bind>
  <bind>Comp:17-1-5 Comp:17-2-5 0.519MBps 29.4ms</bind>
  <bind>Comp:17-2-6 Comp:17-1-6 0.519MBps 29.4ms</bind>
  <bind>Comp:17-1-6 Comp:17-2-6 0.519MBps 29.4ms</bind>
  <bind>Comp:17-2-0 Comp:17-1-7 0.519MBps 29.4ms</bind>
  <bind>Comp:17-1-7 Comp:17-2-0 0.519MBps 29.4ms</bind>
  <bind>Comp:17-2-0 Appliance-4 0.751MBps 34.9ms</bind>
  <bind>Appliance-4 Comp:17-2-0 0.751MBps 34.9ms</bind>
  <bind>Comp:17-2-1 Appliance-39 0.751MBps 34.9ms</bind>
  <bind>Appliance-39 Comp:17-2-1 0.751MBps 34.9ms</bind>
  <bind>Comp:17-2-2 Appliance-4 0.751MBps 34.9ms</bind>
  <bind>Appliance-4 Comp:17-2-2 0.751MBps 34.9ms</bind>
  <bind>Comp:17-2-3 Appliance-4 0.751MBps 34.9ms</bind>
  <bind>Appliance-4 Comp:17-2-3 0.751MBps 34.9ms</bind>
  <bind>Comp:17-2-4 Appliance-39 0.751MBps 34.9ms</bind>
  <bind>Appliance-39 Comp:17-2-4 0.751MBps 34.9ms</bind>
  <bind>Comp:17-2-5 Appliance-4 0.751MBps 34.9ms</bind>
  <bind>Appliance-4 Comp:17-2-5 0.751MBps 34.9ms</bind>
  <bind>Comp:17-2-6 Appliance-4 0.751MBps 34.9ms</bind>
  <bind>Appliance-4 Comp:17-2-6 0.751MBps 34.9ms</bind>
</app>
<app>
  <id>App18</id>
<comp>
  <id>Comp:18-0-0</id>
  <CPU>0.162Gf</CPU>
  <RAM>0.995GB</RAM>
  <DISK>0.712GB</DISK>
</comp>
<comp>
  <id>Comp:18-0-1</id>
  <CPU>0.162Gf</CPU>
  <RAM>0.995GB</RAM>
  <DISK>0.712GB</DISK>
</comp>
<comp>
  <id>Comp:18-0-2</id>
  <CPU>0.162Gf</CPU>
  <RAM>0.995GB</RAM>
  <DISK>0.712GB</DISK>
</comp>
<comp>
  <id>Comp:18-0-3</id>
  <CPU>0.162Gf</CPU>
  <RAM>0.995GB</RAM>
  <DISK>0.712GB</DISK>
</comp>
<comp>
  <id>Comp:18-0-4</id>
  <CPU>0.162Gf</CPU>
  <RAM>0.995GB</RAM>
  <DISK>0.712GB</DISK>
</comp>
<comp>
  <id>Comp:18-1-0</id>
  <CPU>0.309Gf</CPU>
  <RAM>0.485GB</RAM>
  <DISK>1.5GB</DISK>
</comp>
<comp>
  <id>Comp:18-1-1</id>
  <CPU>0.309Gf</CPU>
  <RAM>0.485GB</RAM>
  <DISK>1.5GB</DISK>
</comp>
<comp>
  <id>Comp:18-1-2</id>
  <CPU>0.309Gf</CPU>
  <RAM>0.485GB</RAM>
  <DISK>1.5GB</DISK>
</comp>
<comp>
  <id>Comp:18-1-3</id>
  <CPU>0.309Gf</CPU>
  <RAM>0.485GB</RAM>
  <DISK>1.5GB</DISK>
</comp>
<comp>
  <id>Comp:18-1-4</id>
  <CPU>0.309Gf</CPU>
  <RAM>0.485GB</RAM>
  <DISK>1.5GB</DISK>
</comp>
<comp>
  <id>Comp:18-1-5</id>
  <CPU>0.309Gf</CPU>
  <RAM>0.485GB</RAM>
  <DISK>1.5GB</DISK>
</comp>
<comp>
  <id>Comp:18-1-6</id>
  <CPU>0.309Gf</CPU>
  <RAM>0.485GB</RAM>
  <DISK>1.5GB</DISK>
</comp>
<comp>
  <id>Comp:18-1-7</id>
  <CPU>0.309Gf</CPU>
  <RAM>0.485GB</RAM>
  <DISK>1.5GB</DISK>
</comp>
<comp>
  <id>Comp:18-1-8</id>
  <CPU>0.309Gf</CPU>
  <RAM>0.485GB</RAM>
  <DISK>1.5GB</DISK>
</comp>
<comp>
  <id>Comp:18-1-9</id>
  <CPU>0.309Gf</CPU>
  <RAM>0.485GB</RAM>
  <DISK>1.5GB</DISK>
</comp>
  <bind>Comp:18-1-0 Comp:18-0-0 0.0391MBps 33.5ms</bind>
  <bind>Comp:18-0-0 Comp:18-1-0 0.0391MBps 33.5ms</bind>
  <bind>Comp:18-1-1 Comp:18-0-1 0.0391MBps 33.5ms</bind>
  <bind>Comp:18-0-1 Comp:18-1-1 0.0391MBps 33.5ms</bind>
  <bind>Comp:18-1-2 Comp:18-0-2 0.0391MBps 33.5ms</bind>
  <bind>Comp:18-0-2 Comp:18-1-2 0.0391MBps 33.5ms</bind>
  <bind>Comp:18-1-3 Comp:18-0-3 0.0391MBps 33.5ms</bind>
  <bind>Comp:18-0-3 Comp:18-1-3 0.0391MBps 33.5ms</bind>
  <bind>Comp:18-1-4 Comp:18-0-4 0.0391MBps 33.5ms</bind>
  <bind>Comp:18-0-4 Comp:18-1-4 0.0391MBps 33.5ms</bind>
  <bind>Comp:18-1-5 Comp:18-0-0 0.0391MBps 33.5ms</bind>
  <bind>Comp:18-0-0 Comp:18-1-5 0.0391MBps 33.5ms</bind>
  <bind>Comp:18-1-6 Comp:18-0-1 0.0391MBps 33.5ms</bind>
  <bind>Comp:18-0-1 Comp:18-1-6 0.0391MBps 33.5ms</bind>
  <bind>Comp:18-1-7 Comp:18-0-2 0.0391MBps 33.5ms</bind>
  <bind>Comp:18-0-2 Comp:18-1-7 0.0391MBps 33.5ms</bind>
  <bind>Comp:18-1-8 Comp:18-0-3 0.0391MBps 33.5ms</bind>
  <bind>Comp:18-0-3 Comp:18-1-8 0.0391MBps 33.5ms</bind>
  <bind>Comp:18-1-9 Comp:18-0-4 0.0391MBps 33.5ms</bind>
  <bind>Comp:18-0-4 Comp:18-1-9 0.0391MBps 33.5ms</bind>
  <bind>Comp:18-1-0 Appliance-31 0.222MBps 47.7ms</bind>
  <bind>Appliance-31 Comp:18-1-0 0.222MBps 47.7ms</bind>
  <bind>Comp:18-1-1 Appliance-18 0.222MBps 47.7ms</bind>
  <bind>Appliance-18 Comp:18-1-1 0.222MBps 47.7ms</bind>
  <bind>Comp:18-1-2 Appliance-18 0.222MBps 47.7ms</bind>
  <bind>Appliance-18 Comp:18-1-2 0.222MBps 47.7ms</bind>
  <bind>Comp:18-1-3 Appliance-39 0.222MBps 47.7ms</bind>
  <bind>Appliance-39 Comp:18-1-3 0.222MBps 47.7ms</bind>
  <bind>Comp:18-1-4 Appliance-39 0.222MBps 47.7ms</bind>
  <bind>Appliance-39 Comp:18-1-4 0.222MBps 47.7ms</bind>
  <bind>Comp:18-1-5 Appliance-31 0.222MBps 47.7ms</bind>
  <bind>Appliance-31 Comp:18-1-5 0.222MBps 47.7ms</bind>
  <bind>Comp:18-1-6 Appliance-18 0.222MBps 47.7ms</bind>
  <bind>Appliance-18 Comp:18-1-6 0.222MBps 47.7ms</bind>
  <bind>Comp:18-1-7 Appliance-18 0.222MBps 47.7ms</bind>
  <bind>Appliance-18 Comp:18-1-7 0.222MBps 47.7ms</bind>
  <bind>Comp:18-1-8 Appliance-39 0.222MBps 47.7ms</bind>
  <bind>Appliance-39 Comp:18-1-8 0.222MBps 47.7ms</bind>
  <bind>Comp:18-1-9 Appliance-39 0.222MBps 47.7ms</bind>
  <bind>Appliance-39 Comp:18-1-9 0.222MBps 47.7ms</bind>
</app>
</apps>
