<?xml version="1.0"?>
<apps>
<app>
  <id>App1</id>
<comp>
  <id>Comp:1-0-0</id>
  <CPU>0.311Gf</CPU>
  <RAM>0.615GB</RAM>
  <DISK>0.682GB</DISK>
</comp>
<comp>
  <id>Comp:1-0-1</id>
  <CPU>0.311Gf</CPU>
  <RAM>0.615GB</RAM>
  <DISK>0.682GB</DISK>
</comp>
<comp>
  <id>Comp:1-0-2</id>
  <CPU>0.311Gf</CPU>
  <RAM>0.615GB</RAM>
  <DISK>0.682GB</DISK>
</comp>
<comp>
  <id>Comp:1-0-3</id>
  <CPU>0.311Gf</CPU>
  <RAM>0.615GB</RAM>
  <DISK>0.682GB</DISK>
</comp>
<comp>
  <id>Comp:1-0-4</id>
  <CPU>0.311Gf</CPU>
  <RAM>0.615GB</RAM>
  <DISK>0.682GB</DISK>
</comp>
<comp>
  <id>Comp:1-0-5</id>
  <CPU>0.311Gf</CPU>
  <RAM>0.615GB</RAM>
  <DISK>0.682GB</DISK>
</comp>
<comp>
  <id>Comp:1-1-0</id>
  <CPU>0.624Gf</CPU>
  <RAM>0.766GB</RAM>
  <DISK>0.568GB</DISK>
</comp>
<comp>
  <id>Comp:1-1-1</id>
  <CPU>0.624Gf</CPU>
  <RAM>0.766GB</RAM>
  <DISK>0.568GB</DISK>
</comp>
<comp>
  <id>Comp:1-1-2</id>
  <CPU>0.624Gf</CPU>
  <RAM>0.766GB</RAM>
  <DISK>0.568GB</DISK>
</comp>
<comp>
  <id>Comp:1-1-3</id>
  <CPU>0.624Gf</CPU>
  <RAM>0.766GB</RAM>
  <DISK>0.568GB</DISK>
</comp>
<comp>
  <id>Comp:1-1-4</id>
  <CPU>0.624Gf</CPU>
  <RAM>0.766GB</RAM>
  <DISK>0.568GB</DISK>
</comp>
<comp>
  <id>Comp:1-2-0</id>
  <CPU>0.911Gf</CPU>
  <RAM>0.368GB</RAM>
  <DISK>1.17GB</DISK>
</comp>
<comp>
  <id>Comp:1-2-1</id>
  <CPU>0.911Gf</CPU>
  <RAM>0.368GB</RAM>
  <DISK>1.17GB</DISK>
</comp>
<comp>
  <id>Comp:1-2-2</id>
  <CPU>0.911Gf</CPU>
  <RAM>0.368GB</RAM>
  <DISK>1.17GB</DISK>
</comp>
<comp>
  <id>Comp:1-2-3</id>
  <CPU>0.911Gf</CPU>
  <RAM>0.368GB</RAM>
  <DISK>1.17GB</DISK>
</comp>
<comp>
  <id>Comp:1-3-0</id>
  <CPU>0.669Gf</CPU>
  <RAM>0.823GB</RAM>
  <DISK>1.68GB</DISK>
</comp>
<comp>
  <id>Comp:1-3-1</id>
  <CPU>0.669Gf</CPU>
  <RAM>0.823GB</RAM>
  <DISK>1.68GB</DISK>
</comp>
<comp>
  <id>Comp:1-3-2</id>
  <CPU>0.669Gf</CPU>
  <RAM>0.823GB</RAM>
  <DISK>1.68GB</DISK>
</comp>
<comp>
  <id>Comp:1-3-3</id>
  <CPU>0.669Gf</CPU>
  <RAM>0.823GB</RAM>
  <DISK>1.68GB</DISK>
</comp>
<comp>
  <id>Comp:1-3-4</id>
  <CPU>0.669Gf</CPU>
  <RAM>0.823GB</RAM>
  <DISK>1.68GB</DISK>
</comp>
<comp>
  <id>Comp:1-3-5</id>
  <CPU>0.669Gf</CPU>
  <RAM>0.823GB</RAM>
  <DISK>1.68GB</DISK>
</comp>
<comp>
  <id>Comp:1-3-6</id>
  <CPU>0.669Gf</CPU>
  <RAM>0.823GB</RAM>
  <DISK>1.68GB</DISK>
</comp>
<comp>
  <id>Comp:1-3-7</id>
  <CPU>0.669Gf</CPU>
  <RAM>0.823GB</RAM>
  <DISK>1.68GB</DISK>
</comp>
<comp>
  <id>Comp:1-4-0</id>
  <CPU>0.556Gf</CPU>
  <RAM>0.518GB</RAM>
  <DISK>1.01GB</DISK>
</comp>
  <bind>Comp:1-1-0 Comp:1-0-0 0.352MBps 40.6ms</bind>
  <bind>Comp:1-0-0 Comp:1-1-0 0.352MBps 40.6ms</bind>
  <bind>Comp:1-1-1 Comp:1-0-1 0.352MBps 40.6ms</bind>
  <bind>Comp:1-0-1 Comp:1-1-1 0.352MBps 40.6ms</bind>
  <bind>Comp:1-1-2 Comp:1-0-2 0.352MBps 40.6ms</bind>
  <bind>Comp:1-0-2 Comp:1-1-2 0.352MBps 40.6ms</bind>
  <bind>Comp:1-1-3 Comp:1-0-3 0.352MBps 40.6ms</bind>
  <bind>Comp:1-0-3 Comp:1-1-3 0.352MBps 40.6ms</bind>
  <bind>Comp:1-1-4 Comp:1-0-4 0.352MBps 40.6ms</bind>
  <bind>Comp:1-0-4 Comp:1-1-4 0.352MBps 40.6ms</bind>
  <bind>Comp:1-1-0 Comp:1-0-5 0.352MBps 40.6ms</bind>
  <bind>Comp:1-0-5 Comp:1-1-0 0.352MBps 40.6ms</bind>
  <bind>Comp:1-2-0 Comp:1-1-0 0.663MBps 38.9ms</bind>
  <bind>Comp:1-1-0 Comp:1-2-0 0.663MBps 38.9ms</bind>
  <bind>Comp:1-2-1 Comp:1-1-1 0.663MBps 38.9ms</bind>
  <bind>Comp:1-1-1 Comp:1-2-1 0.663MBps 38.9ms</bind>
  <bind>Comp:1-2-2 Comp:1-1-2 0.663MBps 38.9ms</bind>
  <bind>Comp:1-1-2 Comp:1-2-2 0.663MBps 38.9ms</bind>
  <bind>Comp:1-2-3 Comp:1-1-3 0.663MBps 38.9ms</bind>
  <bind>Comp:1-1-3 Comp:1-2-3 0.663MBps 38.9ms</bind>
  <bind>Comp:1-2-0 Comp:1-1-4 0.663MBps 38.9ms</bind>
  <bind>Comp:1-1-4 Comp:1-2-0 0.663MBps 38.9ms</bind>
  <bind>Comp:1-3-0 Comp:1-2-0 0.844MBps 42.9ms</bind>
  <bind>Comp:1-2-0 Comp:1-3-0 0.844MBps 42.9ms</bind>
  <bind>Comp:1-3-1 Comp:1-2-1 0.844MBps 42.9ms</bind>
  <bind>Comp:1-2-1 Comp:1-3-1 0.844MBps 42.9ms</bind>
  <bind>Comp:1-3-2 Comp:1-2-2 0.844MBps 42.9ms</bind>
  <bind>Comp:1-2-2 Comp:1-3-2 0.844MBps 42.9ms</bind>
  <bind>Comp:1-3-3 Comp:1-2-3 0.844MBps 42.9ms</bind>
  <bind>Comp:1-2-3 Comp:1-3-3 0.844MBps 42.9ms</bind>
  <bind>Comp:1-3-4 Comp:1-2-0 0.844MBps 42.9ms</bind>
  <bind>Comp:1-2-0 Comp:1-3-4 0.844MBps 42.9ms</bind>
  <bind>Comp:1-3-5 Comp:1-2-1 0.844MBps 42.9ms</bind>
  <bind>Comp:1-2-1 Comp:1-3-5 0.844MBps 42.9ms</bind>
  <bind>Comp:1-3-6 Comp:1-2-2 0.844MBps 42.9ms</bind>
  <bind>Comp:1-2-2 Comp:1-3-6 0.844MBps 42.9ms</bind>
  <bind>Comp:1-3-7 Comp:1-2-3 0.844MBps 42.9ms</bind>
  <bind>Comp:1-2-3 Comp:1-3-7 0.844MBps 42.9ms</bind>
  <bind>Comp:1-4-0 Comp:1-3-0 0.607MBps 30.8ms</bind>
  <bind>Comp:1-3-0 Comp:1-4-0 0.607MBps 30.8ms</bind>
  <bind>Comp:1-4-0 Comp:1-3-1 0.607MBps 30.8ms</bind>
  <bind>Comp:1-3-1 Comp:1-4-0 0.607MBps 30.8ms</bind>
  <bind>Comp:1-4-0 Comp:1-3-2 0.607MBps 30.8ms</bind>
  <bind>Comp:1-3-2 Comp:1-4-0 0.607MBps 30.8ms</bind>
  <bind>Comp:1-4-0 Comp:1-3-3 0.607MBps 30.8ms</bind>
  <bind>Comp:1-3-3 Comp:1-4-0 0.607MBps 30.8ms</bind>
  <bind>Comp:1-4-0 Comp:1-3-4 0.607MBps 30.8ms</bind>
  <bind>Comp:1-3-4 Comp:1-4-0 0.607MBps 30.8ms</bind>
  <bind>Comp:1-4-0 Comp:1-3-5 0.607MBps 30.8ms</bind>
  <bind>Comp:1-3-5 Comp:1-4-0 0.607MBps 30.8ms</bind>
  <bind>Comp:1-4-0 Comp:1-3-6 0.607MBps 30.8ms</bind>
  <bind>Comp:1-3-6 Comp:1-4-0 0.607MBps 30.8ms</bind>
  <bind>Comp:1-4-0 Comp:1-3-7 0.607MBps 30.8ms</bind>
  <bind>Comp:1-3-7 Comp:1-4-0 0.607MBps 30.8ms</bind>
  <bind>Comp:1-4-0 Appliance-28 0.397MBps 45.7ms</bind>
  <bind>Appliance-28 Comp:1-4-0 0.397MBps 45.7ms</bind>
  <bind>Comp:1-4-0 Appliance-27 0.397MBps 45.7ms</bind>
  <bind>Appliance-27 Comp:1-4-0 0.397MBps 45.7ms</bind>
  <bind>Comp:1-4-0 Appliance-24 0.397MBps 45.7ms</bind>
  <bind>Appliance-24 Comp:1-4-0 0.397MBps 45.7ms</bind>
  <bind>Comp:1-4-0 Appliance-27 0.397MBps 45.7ms</bind>
  <bind>Appliance-27 Comp:1-4-0 0.397MBps 45.7ms</bind>
  <bind>Comp:1-4-0 Appliance-24 0.397MBps 45.7ms</bind>
  <bind>Appliance-24 Comp:1-4-0 0.397MBps 45.7ms</bind>
  <bind>Comp:1-4-0 Appliance-24 0.397MBps 45.7ms</bind>
  <bind>Appliance-24 Comp:1-4-0 0.397MBps 45.7ms</bind>
  <bind>Comp:1-4-0 Appliance-28 0.397MBps 45.7ms</bind>
  <bind>Appliance-28 Comp:1-4-0 0.397MBps 45.7ms</bind>
  <bind>Comp:1-4-0 Appliance-23 0.397MBps 45.7ms</bind>
  <bind>Appliance-23 Comp:1-4-0 0.397MBps 45.7ms</bind>
</app>
<app>
  <id>App10</id>
<comp>
  <id>Comp:10-0-0</id>
  <CPU>0.856Gf</CPU>
  <RAM>0.954GB</RAM>
  <DISK>1.14GB</DISK>
</comp>
<comp>
  <id>Comp:10-0-1</id>
  <CPU>0.856Gf</CPU>
  <RAM>0.954GB</RAM>
  <DISK>1.14GB</DISK>
</comp>
<comp>
  <id>Comp:10-0-2</id>
  <CPU>0.856Gf</CPU>
  <RAM>0.954GB</RAM>
  <DISK>1.14GB</DISK>
</comp>
<comp>
  <id>Comp:10-1-0</id>
  <CPU>0.114Gf</CPU>
  <RAM>0.254GB</RAM>
  <DISK>1.26GB</DISK>
</comp>
<comp>
  <id>Comp:10-1-1</id>
  <CPU>0.114Gf</CPU>
  <RAM>0.254GB</RAM>
  <DISK>1.26GB</DISK>
</comp>
<comp>
  <id>Comp:10-1-2</id>
  <CPU>0.114Gf</CPU>
  <RAM>0.254GB</RAM>
  <DISK>1.26GB</DISK>
</comp>
<comp>
  <id>Comp:10-1-3</id>
  <CPU>0.114Gf</CPU>
  <RAM>0.254GB</RAM>
  <DISK>1.26GB</DISK>
</comp>
<comp>
  <id>Comp:10-1-4</id>
  <CPU>0.114Gf</CPU>
  <RAM>0.254GB</RAM>
  <DISK>1.26GB</DISK>
</comp>
<comp>
  <id>Comp:10-1-5</id>
  <CPU>0.114Gf</CPU>
  <RAM>0.254GB</RAM>
  <DISK>1.26GB</DISK>
</comp>
<comp>
  <id>Comp:10-1-6</id>
  <CPU>0.114Gf</CPU>
  <RAM>0.254GB</RAM>
  <DISK>1.26GB</DISK>
</comp>
<comp>
  <id>Comp:10-1-7</id>
  <CPU>0.114Gf</CPU>
  <RAM>0.254GB</RAM>
  <DISK>1.26GB</DISK>
</comp>
<comp>
  <id>Comp:10-1-8</id>
  <CPU>0.114Gf</CPU>
  <RAM>0.254GB</RAM>
  <DISK>1.26GB</DISK>
</comp>
<comp>
  <id>Comp:10-1-9</id>
  <CPU>0.114Gf</CPU>
  <RAM>0.254GB</RAM>
  <DISK>1.26GB</DISK>
</comp>
<comp>
  <id>Comp:10-2-0</id>
  <CPU>0.604Gf</CPU>
  <RAM>0.671GB</RAM>
  <DISK>1.1GB</DISK>
</comp>
<comp>
  <id>Comp:10-2-1</id>
  <CPU>0.604Gf</CPU>
  <RAM>0.671GB</RAM>
  <DISK>1.1GB</DISK>
</comp>
<comp>
  <id>Comp:10-2-2</id>
  <CPU>0.604Gf</CPU>
  <RAM>0.671GB</RAM>
  <DISK>1.1GB</DISK>
</comp>
<comp>
  <id>Comp:10-2-3</id>
  <CPU>0.604Gf</CPU>
  <RAM>0.671GB</RAM>
  <DISK>1.1GB</DISK>
</comp>
<comp>
  <id>Comp:10-2-4</id>
  <CPU>0.604Gf</CPU>
  <RAM>0.671GB</RAM>
  <DISK>1.1GB</DISK>
</comp>
<comp>
  <id>Comp:10-2-5</id>
  <CPU>0.604Gf</CPU>
  <RAM>0.671GB</RAM>
  <DISK>1.1GB</DISK>
</comp>
<comp>
  <id>Comp:10-2-6</id>
  <CPU>0.604Gf</CPU>
  <RAM>0.671GB</RAM>
  <DISK>1.1GB</DISK>
</comp>
<comp>
  <id>Comp:10-2-7</id>
  <CPU>0.604Gf</CPU>
  <RAM>0.671GB</RAM>
  <DISK>1.1GB</DISK>
</comp>
<comp>
  <id>Comp:10-2-8</id>
  <CPU>0.604Gf</CPU>
  <RAM>0.671GB</RAM>
  <DISK>1.1GB</DISK>
</comp>
  <bind>Comp:10-1-0 Comp:10-0-0 0.955MBps 32.0ms</bind>
  <bind>Comp:10-0-0 Comp:10-1-0 0.955MBps 32.0ms</bind>
  <bind>Comp:10-1-1 Comp:10-0-1 0.955MBps 32.0ms</bind>
  <bind>Comp:10-0-1 Comp:10-1-1 0.955MBps 32.0ms</bind>
  <bind>Comp:10-1-2 Comp:10-0-2 0.955MBps 32.0ms</bind>
  <bind>Comp:10-0-2 Comp:10-1-2 0.955MBps 32.0ms</bind>
  <bind>Comp:10-1-3 Comp:10-0-0 0.955MBps 32.0ms</bind>
  <bind>Comp:10-0-0 Comp:10-1-3 0.955MBps 32.0ms</bind>
  <bind>Comp:10-1-4 Comp:10-0-1 0.955MBps 32.0ms</bind>
  <bind>Comp:10-0-1 Comp:10-1-4 0.955MBps 32.0ms</bind>
  <bind>Comp:10-1-5 Comp:10-0-2 0.955MBps 32.0ms</bind>
  <bind>Comp:10-0-2 Comp:10-1-5 0.955MBps 32.0ms</bind>
  <bind>Comp:10-1-6 Comp:10-0-0 0.955MBps 32.0ms</bind>
  <bind>Comp:10-0-0 Comp:10-1-6 0.955MBps 32.0ms</bind>
  <bind>Comp:10-1-7 Comp:10-0-1 0.955MBps 32.0ms</bind>
  <bind>Comp:10-0-1 Comp:10-1-7 0.955MBps 32.0ms</bind>
  <bind>Comp:10-1-8 Comp:10-0-2 0.955MBps 32.0ms</bind>
  <bind>Comp:10-0-2 Comp:10-1-8 0.955MBps 32.0ms</bind>
  <bind>Comp:10-1-9 Comp:10-0-0 0.955MBps 32.0ms</bind>
  <bind>Comp:10-0-0 Comp:10-1-9 0.955MBps 32.0ms</bind>
  <bind>Comp:10-2-0 Comp:10-1-0 0.134MBps 36.6ms</bind>
  <bind>Comp:10-1-0 Comp:10-2-0 0.134MBps 36.6ms</bind>
  <bind>Comp:10-2-1 Comp:10-1-1 0.134MBps 36.6ms</bind>
  <bind>Comp:10-1-1 Comp:10-2-1 0.134MBps 36.6ms</bind>
  <bind>Comp:10-2-2 Comp:10-1-2 0.134MBps 36.6ms</bind>
  <bind>Comp:10-1-2 Comp:10-2-2 0.134MBps 36.6ms</bind>
  <bind>Comp:10-2-3 Comp:10-1-3 0.134MBps 36.6ms</bind>
  <bind>Comp:10-1-3 Comp:10-2-3 0.134MBps 36.6ms</bind>
  <bind>Comp:10-2-4 Comp:10-1-4 0.134MBps 36.6ms</bind>
  <bind>Comp:10-1-4 Comp:10-2-4 0.134MBps 36.6ms</bind>
  <bind>Comp:10-2-5 Comp:10-1-5 0.134MBps 36.6ms</bind>
  <bind>Comp:10-1-5 Comp:10-2-5 0.134MBps 36.6ms</bind>
  <bind>Comp:10-2-6 Comp:10-1-6 0.134MBps 36.6ms</bind>
  <bind>Comp:10-1-6 Comp:10-2-6 0.134MBps 36.6ms</bind>
  <bind>Comp:10-2-7 Comp:10-1-7 0.134MBps 36.6ms</bind>
  <bind>Comp:10-1-7 Comp:10-2-7 0.134MBps 36.6ms</bind>
  <bind>Comp:10-2-8 Comp:10-1-8 0.134MBps 36.6ms</bind>
  <bind>Comp:10-1-8 Comp:10-2-8 0.134MBps 36.6ms</bind>
  <bind>Comp:10-2-0 Comp:10-1-9 0.134MBps 36.6ms</bind>
  <bind>Comp:10-1-9 Comp:10-2-0 0.134MBps 36.6ms</bind>
  <bind>Comp:10-2-0 Appliance-24 0.745MBps 36.6ms</bind>
  <bind>Appliance-24 Comp:10-2-0 0.745MBps 36.6ms</bind>
  <bind>Comp:10-2-1 Appliance-39 0.745MBps 36.6ms</bind>
  <bind>Appliance-39 Comp:10-2-1 0.745MBps 36.6ms</bind>
  <bind>Comp:10-2-2 Appliance-4 0.745MBps 36.6ms</bind>
  <bind>Appliance-4 Comp:10-2-2 0.745MBps 36.6ms</bind>
  <bind>Comp:10-2-3 Appliance-28 0.745MBps 36.6ms</bind>
  <bind>Appliance-28 Comp:10-2-3 0.745MBps 36.6ms</bind>
  <bind>Comp:10-2-4 Appliance-24 0.745MBps 36.6ms</bind>
  <bind>Appliance-24 Comp:10-2-4 0.745MBps 36.6ms</bind>
  <bind>Comp:10-2-5 Appliance-24 0.745MBps 36.6ms</bind>
  <bind>Appliance-24 Comp:10-2-5 0.745MBps 36.6ms</bind>
  <bind>Comp:10-2-6 Appliance-27 0.745MBps 36.6ms</bind>
  <bind>Appliance-27 Comp:10-2-6 0.745MBps 36.6ms</bind>
  <bind>Comp:10-2-7 Appliance-18 0.745MBps 36.6ms</bind>
  <bind>Appliance-18 Comp:10-2-7 0.745MBps 36.6ms</bind>
  <bind>Comp:10-2-8 Appliance-24 0.745MBps 36.6ms</bind>
  <bind>Appliance-24 Comp:10-2-8 0.745MBps 36.6ms</bind>
</app>
</apps>
