<?xml version="1.0"?>
<apps>
<app>
  <id>App1</id>
<comp>
  <id>Comp:1-1-0</id>
  <CPU>0.372Gf</CPU>
  <RAM>0.592GB</RAM>
  <DISK>0.215GB</DISK>
</comp>
<comp>
  <id>Comp:1-1-1</id>
  <CPU>0.372Gf</CPU>
  <RAM>0.592GB</RAM>
  <DISK>0.215GB</DISK>
</comp>
<comp>
  <id>Comp:1-1-2</id>
  <CPU>0.372Gf</CPU>
  <RAM>0.592GB</RAM>
  <DISK>0.215GB</DISK>
</comp>
<comp>
  <id>Comp:1-1-3</id>
  <CPU>0.372Gf</CPU>
  <RAM>0.592GB</RAM>
  <DISK>0.215GB</DISK>
</comp>
<comp>
  <id>Comp:1-1-4</id>
  <CPU>0.372Gf</CPU>
  <RAM>0.592GB</RAM>
  <DISK>0.215GB</DISK>
</comp>
<comp>
  <id>Comp:1-1-5</id>
  <CPU>0.372Gf</CPU>
  <RAM>0.592GB</RAM>
  <DISK>0.215GB</DISK>
</comp>
<comp>
  <id>Comp:1-1-6</id>
  <CPU>0.372Gf</CPU>
  <RAM>0.592GB</RAM>
  <DISK>0.215GB</DISK>
</comp>
<comp>
  <id>Comp:1-2-0</id>
  <CPU>0.116Gf</CPU>
  <RAM>0.664GB</RAM>
  <DISK>0.095GB</DISK>
</comp>
<comp>
  <id>Comp:1-2-1</id>
  <CPU>0.116Gf</CPU>
  <RAM>0.664GB</RAM>
  <DISK>0.095GB</DISK>
</comp>
<comp>
  <id>Comp:1-2-2</id>
  <CPU>0.116Gf</CPU>
  <RAM>0.664GB</RAM>
  <DISK>0.095GB</DISK>
</comp>
<comp>
  <id>Comp:1-2-3</id>
  <CPU>0.116Gf</CPU>
  <RAM>0.664GB</RAM>
  <DISK>0.095GB</DISK>
</comp>
<comp>
  <id>Comp:1-2-4</id>
  <CPU>0.116Gf</CPU>
  <RAM>0.664GB</RAM>
  <DISK>0.095GB</DISK>
</comp>
<comp>
  <id>Comp:1-2-5</id>
  <CPU>0.116Gf</CPU>
  <RAM>0.664GB</RAM>
  <DISK>0.095GB</DISK>
</comp>
<comp>
  <id>Comp:1-2-6</id>
  <CPU>0.116Gf</CPU>
  <RAM>0.664GB</RAM>
  <DISK>0.095GB</DISK>
</comp>
<comp>
  <id>Comp:1-3-0</id>
  <CPU>0.9Gf</CPU>
  <RAM>0.124GB</RAM>
  <DISK>0.663GB</DISK>
</comp>
<comp>
  <id>Comp:1-3-1</id>
  <CPU>0.9Gf</CPU>
  <RAM>0.124GB</RAM>
  <DISK>0.663GB</DISK>
</comp>
<comp>
  <id>Comp:1-3-2</id>
  <CPU>0.9Gf</CPU>
  <RAM>0.124GB</RAM>
  <DISK>0.663GB</DISK>
</comp>
<comp>
  <id>Comp:1-3-3</id>
  <CPU>0.9Gf</CPU>
  <RAM>0.124GB</RAM>
  <DISK>0.663GB</DISK>
</comp>
<comp>
  <id>Comp:1-3-4</id>
  <CPU>0.9Gf</CPU>
  <RAM>0.124GB</RAM>
  <DISK>0.663GB</DISK>
</comp>
<comp>
  <id>Comp:1-3-5</id>
  <CPU>0.9Gf</CPU>
  <RAM>0.124GB</RAM>
  <DISK>0.663GB</DISK>
</comp>
<comp>
  <id>Comp:1-4-0</id>
  <CPU>0.753Gf</CPU>
  <RAM>0.667GB</RAM>
  <DISK>1.64GB</DISK>
</comp>
<comp>
  <id>Comp:1-4-1</id>
  <CPU>0.753Gf</CPU>
  <RAM>0.667GB</RAM>
  <DISK>1.64GB</DISK>
</comp>
<comp>
  <id>Comp:1-4-2</id>
  <CPU>0.753Gf</CPU>
  <RAM>0.667GB</RAM>
  <DISK>1.64GB</DISK>
</comp>
<comp>
  <id>Comp:1-4-3</id>
  <CPU>0.753Gf</CPU>
  <RAM>0.667GB</RAM>
  <DISK>1.64GB</DISK>
</comp>
<comp>
  <id>Comp:1-4-4</id>
  <CPU>0.753Gf</CPU>
  <RAM>0.667GB</RAM>
  <DISK>1.64GB</DISK>
</comp>
  <bind>Comp:1-1-0 Appliance-278 0.0987MBps 26.1ms</bind>
  <bind>Appliance-278 Comp:1-1-0 0.0987MBps 26.1ms</bind>
  <bind>Comp:1-1-1 Appliance-62 0.0987MBps 26.1ms</bind>
  <bind>Appliance-62 Comp:1-1-1 0.0987MBps 26.1ms</bind>
  <bind>Comp:1-1-2 Appliance-278 0.0987MBps 26.1ms</bind>
  <bind>Appliance-278 Comp:1-1-2 0.0987MBps 26.1ms</bind>
  <bind>Comp:1-1-3 Appliance-360 0.0987MBps 26.1ms</bind>
  <bind>Appliance-360 Comp:1-1-3 0.0987MBps 26.1ms</bind>
  <bind>Comp:1-1-4 Appliance-161 0.0987MBps 26.1ms</bind>
  <bind>Appliance-161 Comp:1-1-4 0.0987MBps 26.1ms</bind>
  <bind>Comp:1-1-5 Appliance-203 0.0987MBps 26.1ms</bind>
  <bind>Appliance-203 Comp:1-1-5 0.0987MBps 26.1ms</bind>
  <bind>Comp:1-1-6 Appliance-62 0.0987MBps 26.1ms</bind>
  <bind>Appliance-62 Comp:1-1-6 0.0987MBps 26.1ms</bind>
  <bind>Comp:1-1-0 Appliance-278 0.0987MBps 26.1ms</bind>
  <bind>Appliance-278 Comp:1-1-0 0.0987MBps 26.1ms</bind>
  <bind>Comp:1-1-1 Appliance-310 0.0987MBps 26.1ms</bind>
  <bind>Appliance-310 Comp:1-1-1 0.0987MBps 26.1ms</bind>
  <bind>Comp:1-1-2 Appliance-188 0.0987MBps 26.1ms</bind>
  <bind>Appliance-188 Comp:1-1-2 0.0987MBps 26.1ms</bind>
  <bind>Comp:1-2-0 Comp:1-1-0 0.443MBps 29.9ms</bind>
  <bind>Comp:1-1-0 Comp:1-2-0 0.443MBps 29.9ms</bind>
  <bind>Comp:1-2-1 Comp:1-1-1 0.443MBps 29.9ms</bind>
  <bind>Comp:1-1-1 Comp:1-2-1 0.443MBps 29.9ms</bind>
  <bind>Comp:1-2-2 Comp:1-1-2 0.443MBps 29.9ms</bind>
  <bind>Comp:1-1-2 Comp:1-2-2 0.443MBps 29.9ms</bind>
  <bind>Comp:1-2-3 Comp:1-1-3 0.443MBps 29.9ms</bind>
  <bind>Comp:1-1-3 Comp:1-2-3 0.443MBps 29.9ms</bind>
  <bind>Comp:1-2-4 Comp:1-1-4 0.443MBps 29.9ms</bind>
  <bind>Comp:1-1-4 Comp:1-2-4 0.443MBps 29.9ms</bind>
  <bind>Comp:1-2-5 Comp:1-1-5 0.443MBps 29.9ms</bind>
  <bind>Comp:1-1-5 Comp:1-2-5 0.443MBps 29.9ms</bind>
  <bind>Comp:1-2-6 Comp:1-1-6 0.443MBps 29.9ms</bind>
  <bind>Comp:1-1-6 Comp:1-2-6 0.443MBps 29.9ms</bind>
  <bind>Comp:1-3-0 Comp:1-2-0 0.323MBps 27.4ms</bind>
  <bind>Comp:1-2-0 Comp:1-3-0 0.323MBps 27.4ms</bind>
  <bind>Comp:1-3-1 Comp:1-2-1 0.323MBps 27.4ms</bind>
  <bind>Comp:1-2-1 Comp:1-3-1 0.323MBps 27.4ms</bind>
  <bind>Comp:1-3-2 Comp:1-2-2 0.323MBps 27.4ms</bind>
  <bind>Comp:1-2-2 Comp:1-3-2 0.323MBps 27.4ms</bind>
  <bind>Comp:1-3-3 Comp:1-2-3 0.323MBps 27.4ms</bind>
  <bind>Comp:1-2-3 Comp:1-3-3 0.323MBps 27.4ms</bind>
  <bind>Comp:1-3-4 Comp:1-2-4 0.323MBps 27.4ms</bind>
  <bind>Comp:1-2-4 Comp:1-3-4 0.323MBps 27.4ms</bind>
  <bind>Comp:1-3-5 Comp:1-2-5 0.323MBps 27.4ms</bind>
  <bind>Comp:1-2-5 Comp:1-3-5 0.323MBps 27.4ms</bind>
  <bind>Comp:1-3-0 Comp:1-2-6 0.323MBps 27.4ms</bind>
  <bind>Comp:1-2-6 Comp:1-3-0 0.323MBps 27.4ms</bind>
  <bind>Comp:1-3-0 Comp:1-4-0 0.834MBps 37.7ms</bind>
  <bind>Comp:1-4-0 Comp:1-3-0 0.834MBps 37.7ms</bind>
  <bind>Comp:1-3-1 Comp:1-4-1 0.834MBps 37.7ms</bind>
  <bind>Comp:1-4-1 Comp:1-3-1 0.834MBps 37.7ms</bind>
  <bind>Comp:1-3-2 Comp:1-4-2 0.834MBps 37.7ms</bind>
  <bind>Comp:1-4-2 Comp:1-3-2 0.834MBps 37.7ms</bind>
  <bind>Comp:1-3-3 Comp:1-4-3 0.834MBps 37.7ms</bind>
  <bind>Comp:1-4-3 Comp:1-3-3 0.834MBps 37.7ms</bind>
  <bind>Comp:1-3-4 Comp:1-4-4 0.834MBps 37.7ms</bind>
  <bind>Comp:1-4-4 Comp:1-3-4 0.834MBps 37.7ms</bind>
  <bind>Comp:1-3-5 Comp:1-4-0 0.834MBps 37.7ms</bind>
  <bind>Comp:1-4-0 Comp:1-3-5 0.834MBps 37.7ms</bind>
</app>
<app>
  <id>App10</id>
<comp>
  <id>Comp:10-0-0</id>
  <CPU>0.698Gf</CPU>
  <RAM>0.223GB</RAM>
  <DISK>1.95GB</DISK>
</comp>
<comp>
  <id>Comp:10-0-1</id>
  <CPU>0.698Gf</CPU>
  <RAM>0.223GB</RAM>
  <DISK>1.95GB</DISK>
</comp>
<comp>
  <id>Comp:10-0-2</id>
  <CPU>0.698Gf</CPU>
  <RAM>0.223GB</RAM>
  <DISK>1.95GB</DISK>
</comp>
<comp>
  <id>Comp:10-1-0</id>
  <CPU>0.235Gf</CPU>
  <RAM>0.173GB</RAM>
  <DISK>1.39GB</DISK>
</comp>
<comp>
  <id>Comp:10-1-1</id>
  <CPU>0.235Gf</CPU>
  <RAM>0.173GB</RAM>
  <DISK>1.39GB</DISK>
</comp>
<comp>
  <id>Comp:10-1-2</id>
  <CPU>0.235Gf</CPU>
  <RAM>0.173GB</RAM>
  <DISK>1.39GB</DISK>
</comp>
<comp>
  <id>Comp:10-1-3</id>
  <CPU>0.235Gf</CPU>
  <RAM>0.173GB</RAM>
  <DISK>1.39GB</DISK>
</comp>
<comp>
  <id>Comp:10-1-4</id>
  <CPU>0.235Gf</CPU>
  <RAM>0.173GB</RAM>
  <DISK>1.39GB</DISK>
</comp>
<comp>
  <id>Comp:10-1-5</id>
  <CPU>0.235Gf</CPU>
  <RAM>0.173GB</RAM>
  <DISK>1.39GB</DISK>
</comp>
<comp>
  <id>Comp:10-1-6</id>
  <CPU>0.235Gf</CPU>
  <RAM>0.173GB</RAM>
  <DISK>1.39GB</DISK>
</comp>
<comp>
  <id>Comp:10-2-0</id>
  <CPU>0.271Gf</CPU>
  <RAM>0.602GB</RAM>
  <DISK>1.33GB</DISK>
</comp>
<comp>
  <id>Comp:10-2-1</id>
  <CPU>0.271Gf</CPU>
  <RAM>0.602GB</RAM>
  <DISK>1.33GB</DISK>
</comp>
<comp>
  <id>Comp:10-2-2</id>
  <CPU>0.271Gf</CPU>
  <RAM>0.602GB</RAM>
  <DISK>1.33GB</DISK>
</comp>
<comp>
  <id>Comp:10-2-3</id>
  <CPU>0.271Gf</CPU>
  <RAM>0.602GB</RAM>
  <DISK>1.33GB</DISK>
</comp>
<comp>
  <id>Comp:10-2-4</id>
  <CPU>0.271Gf</CPU>
  <RAM>0.602GB</RAM>
  <DISK>1.33GB</DISK>
</comp>
<comp>
  <id>Comp:10-2-5</id>
  <CPU>0.271Gf</CPU>
  <RAM>0.602GB</RAM>
  <DISK>1.33GB</DISK>
</comp>
<comp>
  <id>Comp:10-2-6</id>
  <CPU>0.271Gf</CPU>
  <RAM>0.602GB</RAM>
  <DISK>1.33GB</DISK>
</comp>
<comp>
  <id>Comp:10-2-7</id>
  <CPU>0.271Gf</CPU>
  <RAM>0.602GB</RAM>
  <DISK>1.33GB</DISK>
</comp>
<comp>
  <id>Comp:10-2-8</id>
  <CPU>0.271Gf</CPU>
  <RAM>0.602GB</RAM>
  <DISK>1.33GB</DISK>
</comp>
<comp>
  <id>Comp:10-3-0</id>
  <CPU>0.159Gf</CPU>
  <RAM>0.831GB</RAM>
  <DISK>0.0438GB</DISK>
</comp>
<comp>
  <id>Comp:10-3-1</id>
  <CPU>0.159Gf</CPU>
  <RAM>0.831GB</RAM>
  <DISK>0.0438GB</DISK>
</comp>
<comp>
  <id>Comp:10-3-2</id>
  <CPU>0.159Gf</CPU>
  <RAM>0.831GB</RAM>
  <DISK>0.0438GB</DISK>
</comp>
<comp>
  <id>Comp:10-3-3</id>
  <CPU>0.159Gf</CPU>
  <RAM>0.831GB</RAM>
  <DISK>0.0438GB</DISK>
</comp>
<comp>
  <id>Comp:10-3-4</id>
  <CPU>0.159Gf</CPU>
  <RAM>0.831GB</RAM>
  <DISK>0.0438GB</DISK>
</comp>
<comp>
  <id>Comp:10-3-5</id>
  <CPU>0.159Gf</CPU>
  <RAM>0.831GB</RAM>
  <DISK>0.0438GB</DISK>
</comp>
<comp>
  <id>Comp:10-3-6</id>
  <CPU>0.159Gf</CPU>
  <RAM>0.831GB</RAM>
  <DISK>0.0438GB</DISK>
</comp>
  <bind>Comp:10-1-0 Comp:10-0-0 0.353MBps 43.2ms</bind>
  <bind>Comp:10-0-0 Comp:10-1-0 0.353MBps 43.2ms</bind>
  <bind>Comp:10-1-1 Comp:10-0-1 0.353MBps 43.2ms</bind>
  <bind>Comp:10-0-1 Comp:10-1-1 0.353MBps 43.2ms</bind>
  <bind>Comp:10-1-2 Comp:10-0-2 0.353MBps 43.2ms</bind>
  <bind>Comp:10-0-2 Comp:10-1-2 0.353MBps 43.2ms</bind>
  <bind>Comp:10-1-3 Comp:10-0-0 0.353MBps 43.2ms</bind>
  <bind>Comp:10-0-0 Comp:10-1-3 0.353MBps 43.2ms</bind>
  <bind>Comp:10-1-4 Comp:10-0-1 0.353MBps 43.2ms</bind>
  <bind>Comp:10-0-1 Comp:10-1-4 0.353MBps 43.2ms</bind>
  <bind>Comp:10-1-5 Comp:10-0-2 0.353MBps 43.2ms</bind>
  <bind>Comp:10-0-2 Comp:10-1-5 0.353MBps 43.2ms</bind>
  <bind>Comp:10-1-6 Comp:10-0-0 0.353MBps 43.2ms</bind>
  <bind>Comp:10-0-0 Comp:10-1-6 0.353MBps 43.2ms</bind>
  <bind>Comp:10-2-0 Comp:10-1-0 0.0227MBps 46.7ms</bind>
  <bind>Comp:10-1-0 Comp:10-2-0 0.0227MBps 46.7ms</bind>
  <bind>Comp:10-2-1 Comp:10-1-1 0.0227MBps 46.7ms</bind>
  <bind>Comp:10-1-1 Comp:10-2-1 0.0227MBps 46.7ms</bind>
  <bind>Comp:10-2-2 Comp:10-1-2 0.0227MBps 46.7ms</bind>
  <bind>Comp:10-1-2 Comp:10-2-2 0.0227MBps 46.7ms</bind>
  <bind>Comp:10-2-3 Comp:10-1-3 0.0227MBps 46.7ms</bind>
  <bind>Comp:10-1-3 Comp:10-2-3 0.0227MBps 46.7ms</bind>
  <bind>Comp:10-2-4 Comp:10-1-4 0.0227MBps 46.7ms</bind>
  <bind>Comp:10-1-4 Comp:10-2-4 0.0227MBps 46.7ms</bind>
  <bind>Comp:10-2-5 Comp:10-1-5 0.0227MBps 46.7ms</bind>
  <bind>Comp:10-1-5 Comp:10-2-5 0.0227MBps 46.7ms</bind>
  <bind>Comp:10-2-6 Comp:10-1-6 0.0227MBps 46.7ms</bind>
  <bind>Comp:10-1-6 Comp:10-2-6 0.0227MBps 46.7ms</bind>
  <bind>Comp:10-2-7 Comp:10-1-0 0.0227MBps 46.7ms</bind>
  <bind>Comp:10-1-0 Comp:10-2-7 0.0227MBps 46.7ms</bind>
  <bind>Comp:10-2-8 Comp:10-1-1 0.0227MBps 46.7ms</bind>
  <bind>Comp:10-1-1 Comp:10-2-8 0.0227MBps 46.7ms</bind>
  <bind>Comp:10-3-0 Comp:10-2-0 0.786MBps 37.3ms</bind>
  <bind>Comp:10-2-0 Comp:10-3-0 0.786MBps 37.3ms</bind>
  <bind>Comp:10-3-1 Comp:10-2-1 0.786MBps 37.3ms</bind>
  <bind>Comp:10-2-1 Comp:10-3-1 0.786MBps 37.3ms</bind>
  <bind>Comp:10-3-2 Comp:10-2-2 0.786MBps 37.3ms</bind>
  <bind>Comp:10-2-2 Comp:10-3-2 0.786MBps 37.3ms</bind>
  <bind>Comp:10-3-3 Comp:10-2-3 0.786MBps 37.3ms</bind>
  <bind>Comp:10-2-3 Comp:10-3-3 0.786MBps 37.3ms</bind>
  <bind>Comp:10-3-4 Comp:10-2-4 0.786MBps 37.3ms</bind>
  <bind>Comp:10-2-4 Comp:10-3-4 0.786MBps 37.3ms</bind>
  <bind>Comp:10-3-5 Comp:10-2-5 0.786MBps 37.3ms</bind>
  <bind>Comp:10-2-5 Comp:10-3-5 0.786MBps 37.3ms</bind>
  <bind>Comp:10-3-6 Comp:10-2-6 0.786MBps 37.3ms</bind>
  <bind>Comp:10-2-6 Comp:10-3-6 0.786MBps 37.3ms</bind>
  <bind>Comp:10-3-0 Comp:10-2-7 0.786MBps 37.3ms</bind>
  <bind>Comp:10-2-7 Comp:10-3-0 0.786MBps 37.3ms</bind>
  <bind>Comp:10-3-1 Comp:10-2-8 0.786MBps 37.3ms</bind>
  <bind>Comp:10-2-8 Comp:10-3-1 0.786MBps 37.3ms</bind>
  <bind>Comp:10-3-0 Appliance-173 0.0326MBps 36.8ms</bind>
  <bind>Appliance-173 Comp:10-3-0 0.0326MBps 36.8ms</bind>
  <bind>Comp:10-3-1 Appliance-173 0.0326MBps 36.8ms</bind>
  <bind>Appliance-173 Comp:10-3-1 0.0326MBps 36.8ms</bind>
  <bind>Comp:10-3-2 Appliance-173 0.0326MBps 36.8ms</bind>
  <bind>Appliance-173 Comp:10-3-2 0.0326MBps 36.8ms</bind>
  <bind>Comp:10-3-3 Appliance-173 0.0326MBps 36.8ms</bind>
  <bind>Appliance-173 Comp:10-3-3 0.0326MBps 36.8ms</bind>
  <bind>Comp:10-3-4 Appliance-173 0.0326MBps 36.8ms</bind>
  <bind>Appliance-173 Comp:10-3-4 0.0326MBps 36.8ms</bind>
  <bind>Comp:10-3-5 Appliance-173 0.0326MBps 36.8ms</bind>
  <bind>Appliance-173 Comp:10-3-5 0.0326MBps 36.8ms</bind>
  <bind>Comp:10-3-6 Appliance-173 0.0326MBps 36.8ms</bind>
  <bind>Appliance-173 Comp:10-3-6 0.0326MBps 36.8ms</bind>
</app>
<app>
  <id>App11</id>
<comp>
  <id>Comp:11-0-0</id>
  <CPU>0.171Gf</CPU>
  <RAM>0.533GB</RAM>
  <DISK>0.736GB</DISK>
</comp>
<comp>
  <id>Comp:11-0-1</id>
  <CPU>0.171Gf</CPU>
  <RAM>0.533GB</RAM>
  <DISK>0.736GB</DISK>
</comp>
<comp>
  <id>Comp:11-0-2</id>
  <CPU>0.171Gf</CPU>
  <RAM>0.533GB</RAM>
  <DISK>0.736GB</DISK>
</comp>
<comp>
  <id>Comp:11-1-0</id>
  <CPU>0.564Gf</CPU>
  <RAM>0.249GB</RAM>
  <DISK>0.938GB</DISK>
</comp>
<comp>
  <id>Comp:11-1-1</id>
  <CPU>0.564Gf</CPU>
  <RAM>0.249GB</RAM>
  <DISK>0.938GB</DISK>
</comp>
<comp>
  <id>Comp:11-1-2</id>
  <CPU>0.564Gf</CPU>
  <RAM>0.249GB</RAM>
  <DISK>0.938GB</DISK>
</comp>
<comp>
  <id>Comp:11-1-3</id>
  <CPU>0.564Gf</CPU>
  <RAM>0.249GB</RAM>
  <DISK>0.938GB</DISK>
</comp>
<comp>
  <id>Comp:11-1-4</id>
  <CPU>0.564Gf</CPU>
  <RAM>0.249GB</RAM>
  <DISK>0.938GB</DISK>
</comp>
<comp>
  <id>Comp:11-2-0</id>
  <CPU>0.384Gf</CPU>
  <RAM>0.802GB</RAM>
  <DISK>1.93GB</DISK>
</comp>
<comp>
  <id>Comp:11-2-1</id>
  <CPU>0.384Gf</CPU>
  <RAM>0.802GB</RAM>
  <DISK>1.93GB</DISK>
</comp>
<comp>
  <id>Comp:11-2-2</id>
  <CPU>0.384Gf</CPU>
  <RAM>0.802GB</RAM>
  <DISK>1.93GB</DISK>
</comp>
<comp>
  <id>Comp:11-2-3</id>
  <CPU>0.384Gf</CPU>
  <RAM>0.802GB</RAM>
  <DISK>1.93GB</DISK>
</comp>
  <bind>Comp:11-1-0 Comp:11-0-0 0.984MBps 34.3ms</bind>
  <bind>Comp:11-0-0 Comp:11-1-0 0.984MBps 34.3ms</bind>
  <bind>Comp:11-1-1 Comp:11-0-1 0.984MBps 34.3ms</bind>
  <bind>Comp:11-0-1 Comp:11-1-1 0.984MBps 34.3ms</bind>
  <bind>Comp:11-1-2 Comp:11-0-2 0.984MBps 34.3ms</bind>
  <bind>Comp:11-0-2 Comp:11-1-2 0.984MBps 34.3ms</bind>
  <bind>Comp:11-1-3 Comp:11-0-0 0.984MBps 34.3ms</bind>
  <bind>Comp:11-0-0 Comp:11-1-3 0.984MBps 34.3ms</bind>
  <bind>Comp:11-1-4 Comp:11-0-1 0.984MBps 34.3ms</bind>
  <bind>Comp:11-0-1 Comp:11-1-4 0.984MBps 34.3ms</bind>
  <bind>Comp:11-2-0 Comp:11-1-0 0.202MBps 38.3ms</bind>
  <bind>Comp:11-1-0 Comp:11-2-0 0.202MBps 38.3ms</bind>
  <bind>Comp:11-2-1 Comp:11-1-1 0.202MBps 38.3ms</bind>
  <bind>Comp:11-1-1 Comp:11-2-1 0.202MBps 38.3ms</bind>
  <bind>Comp:11-2-2 Comp:11-1-2 0.202MBps 38.3ms</bind>
  <bind>Comp:11-1-2 Comp:11-2-2 0.202MBps 38.3ms</bind>
  <bind>Comp:11-2-3 Comp:11-1-3 0.202MBps 38.3ms</bind>
  <bind>Comp:11-1-3 Comp:11-2-3 0.202MBps 38.3ms</bind>
  <bind>Comp:11-2-0 Comp:11-1-4 0.202MBps 38.3ms</bind>
  <bind>Comp:11-1-4 Comp:11-2-0 0.202MBps 38.3ms</bind>
  <bind>Comp:11-2-0 Appliance-188 0.14MBps 48.5ms</bind>
  <bind>Appliance-188 Comp:11-2-0 0.14MBps 48.5ms</bind>
  <bind>Comp:11-2-1 Appliance-74 0.14MBps 48.5ms</bind>
  <bind>Appliance-74 Comp:11-2-1 0.14MBps 48.5ms</bind>
  <bind>Comp:11-2-2 Appliance-160 0.14MBps 48.5ms</bind>
  <bind>Appliance-160 Comp:11-2-2 0.14MBps 48.5ms</bind>
  <bind>Comp:11-2-3 Appliance-383 0.14MBps 48.5ms</bind>
  <bind>Appliance-383 Comp:11-2-3 0.14MBps 48.5ms</bind>
  <bind>Comp:11-2-0 Appliance-234 0.14MBps 48.5ms</bind>
  <bind>Appliance-234 Comp:11-2-0 0.14MBps 48.5ms</bind>
  <bind>Comp:11-2-1 Appliance-60 0.14MBps 48.5ms</bind>
  <bind>Appliance-60 Comp:11-2-1 0.14MBps 48.5ms</bind>
  <bind>Comp:11-2-2 Appliance-274 0.14MBps 48.5ms</bind>
  <bind>Appliance-274 Comp:11-2-2 0.14MBps 48.5ms</bind>
  <bind>Comp:11-2-3 Appliance-96 0.14MBps 48.5ms</bind>
  <bind>Appliance-96 Comp:11-2-3 0.14MBps 48.5ms</bind>
  <bind>Comp:11-2-0 Appliance-46 0.14MBps 48.5ms</bind>
  <bind>Appliance-46 Comp:11-2-0 0.14MBps 48.5ms</bind>
</app>
<app>
  <id>App12</id>
<comp>
  <id>Comp:12-0-0</id>
  <CPU>0.508Gf</CPU>
  <RAM>0.752GB</RAM>
  <DISK>1.78GB</DISK>
</comp>
<comp>
  <id>Comp:12-0-1</id>
  <CPU>0.508Gf</CPU>
  <RAM>0.752GB</RAM>
  <DISK>1.78GB</DISK>
</comp>
<comp>
  <id>Comp:12-0-2</id>
  <CPU>0.508Gf</CPU>
  <RAM>0.752GB</RAM>
  <DISK>1.78GB</DISK>
</comp>
<comp>
  <id>Comp:12-0-3</id>
  <CPU>0.508Gf</CPU>
  <RAM>0.752GB</RAM>
  <DISK>1.78GB</DISK>
</comp>
<comp>
  <id>Comp:12-0-4</id>
  <CPU>0.508Gf</CPU>
  <RAM>0.752GB</RAM>
  <DISK>1.78GB</DISK>
</comp>
<comp>
  <id>Comp:12-0-5</id>
  <CPU>0.508Gf</CPU>
  <RAM>0.752GB</RAM>
  <DISK>1.78GB</DISK>
</comp>
<comp>
  <id>Comp:12-1-0</id>
  <CPU>0.207Gf</CPU>
  <RAM>0.436GB</RAM>
  <DISK>0.0465GB</DISK>
</comp>
<comp>
  <id>Comp:12-1-1</id>
  <CPU>0.207Gf</CPU>
  <RAM>0.436GB</RAM>
  <DISK>0.0465GB</DISK>
</comp>
<comp>
  <id>Comp:12-1-2</id>
  <CPU>0.207Gf</CPU>
  <RAM>0.436GB</RAM>
  <DISK>0.0465GB</DISK>
</comp>
<comp>
  <id>Comp:12-1-3</id>
  <CPU>0.207Gf</CPU>
  <RAM>0.436GB</RAM>
  <DISK>0.0465GB</DISK>
</comp>
<comp>
  <id>Comp:12-1-4</id>
  <CPU>0.207Gf</CPU>
  <RAM>0.436GB</RAM>
  <DISK>0.0465GB</DISK>
</comp>
<comp>
  <id>Comp:12-1-5</id>
  <CPU>0.207Gf</CPU>
  <RAM>0.436GB</RAM>
  <DISK>0.0465GB</DISK>
</comp>
<comp>
  <id>Comp:12-1-6</id>
  <CPU>0.207Gf</CPU>
  <RAM>0.436GB</RAM>
  <DISK>0.0465GB</DISK>
</comp>
<comp>
  <id>Comp:12-1-7</id>
  <CPU>0.207Gf</CPU>
  <RAM>0.436GB</RAM>
  <DISK>0.0465GB</DISK>
</comp>
<comp>
  <id>Comp:12-1-8</id>
  <CPU>0.207Gf</CPU>
  <RAM>0.436GB</RAM>
  <DISK>0.0465GB</DISK>
</comp>
<comp>
  <id>Comp:12-1-9</id>
  <CPU>0.207Gf</CPU>
  <RAM>0.436GB</RAM>
  <DISK>0.0465GB</DISK>
</comp>
<comp>
  <id>Comp:12-2-0</id>
  <CPU>0.204Gf</CPU>
  <RAM>0.184GB</RAM>
  <DISK>0.703GB</DISK>
</comp>
<comp>
  <id>Comp:12-2-1</id>
  <CPU>0.204Gf</CPU>
  <RAM>0.184GB</RAM>
  <DISK>0.703GB</DISK>
</comp>
<comp>
  <id>Comp:12-2-2</id>
  <CPU>0.204Gf</CPU>
  <RAM>0.184GB</RAM>
  <DISK>0.703GB</DISK>
</comp>
<comp>
  <id>Comp:12-2-3</id>
  <CPU>0.204Gf</CPU>
  <RAM>0.184GB</RAM>
  <DISK>0.703GB</DISK>
</comp>
<comp>
  <id>Comp:12-2-4</id>
  <CPU>0.204Gf</CPU>
  <RAM>0.184GB</RAM>
  <DISK>0.703GB</DISK>
</comp>
<comp>
  <id>Comp:12-2-5</id>
  <CPU>0.204Gf</CPU>
  <RAM>0.184GB</RAM>
  <DISK>0.703GB</DISK>
</comp>
<comp>
  <id>Comp:12-2-6</id>
  <CPU>0.204Gf</CPU>
  <RAM>0.184GB</RAM>
  <DISK>0.703GB</DISK>
</comp>
<comp>
  <id>Comp:12-2-7</id>
  <CPU>0.204Gf</CPU>
  <RAM>0.184GB</RAM>
  <DISK>0.703GB</DISK>
</comp>
<comp>
  <id>Comp:12-3-0</id>
  <CPU>0.216Gf</CPU>
  <RAM>0.75GB</RAM>
  <DISK>0.432GB</DISK>
</comp>
<comp>
  <id>Comp:12-3-1</id>
  <CPU>0.216Gf</CPU>
  <RAM>0.75GB</RAM>
  <DISK>0.432GB</DISK>
</comp>
<comp>
  <id>Comp:12-3-2</id>
  <CPU>0.216Gf</CPU>
  <RAM>0.75GB</RAM>
  <DISK>0.432GB</DISK>
</comp>
<comp>
  <id>Comp:12-3-3</id>
  <CPU>0.216Gf</CPU>
  <RAM>0.75GB</RAM>
  <DISK>0.432GB</DISK>
</comp>
<comp>
  <id>Comp:12-3-4</id>
  <CPU>0.216Gf</CPU>
  <RAM>0.75GB</RAM>
  <DISK>0.432GB</DISK>
</comp>
<comp>
  <id>Comp:12-3-5</id>
  <CPU>0.216Gf</CPU>
  <RAM>0.75GB</RAM>
  <DISK>0.432GB</DISK>
</comp>
<comp>
  <id>Comp:12-3-6</id>
  <CPU>0.216Gf</CPU>
  <RAM>0.75GB</RAM>
  <DISK>0.432GB</DISK>
</comp>
<comp>
  <id>Comp:12-3-7</id>
  <CPU>0.216Gf</CPU>
  <RAM>0.75GB</RAM>
  <DISK>0.432GB</DISK>
</comp>
<comp>
  <id>Comp:12-3-8</id>
  <CPU>0.216Gf</CPU>
  <RAM>0.75GB</RAM>
  <DISK>0.432GB</DISK>
</comp>
  <bind>Comp:12-1-0 Comp:12-0-0 0.629MBps 46.7ms</bind>
  <bind>Comp:12-0-0 Comp:12-1-0 0.629MBps 46.7ms</bind>
  <bind>Comp:12-1-1 Comp:12-0-1 0.629MBps 46.7ms</bind>
  <bind>Comp:12-0-1 Comp:12-1-1 0.629MBps 46.7ms</bind>
  <bind>Comp:12-1-2 Comp:12-0-2 0.629MBps 46.7ms</bind>
  <bind>Comp:12-0-2 Comp:12-1-2 0.629MBps 46.7ms</bind>
  <bind>Comp:12-1-3 Comp:12-0-3 0.629MBps 46.7ms</bind>
  <bind>Comp:12-0-3 Comp:12-1-3 0.629MBps 46.7ms</bind>
  <bind>Comp:12-1-4 Comp:12-0-4 0.629MBps 46.7ms</bind>
  <bind>Comp:12-0-4 Comp:12-1-4 0.629MBps 46.7ms</bind>
  <bind>Comp:12-1-5 Comp:12-0-5 0.629MBps 46.7ms</bind>
  <bind>Comp:12-0-5 Comp:12-1-5 0.629MBps 46.7ms</bind>
  <bind>Comp:12-1-6 Comp:12-0-0 0.629MBps 46.7ms</bind>
  <bind>Comp:12-0-0 Comp:12-1-6 0.629MBps 46.7ms</bind>
  <bind>Comp:12-1-7 Comp:12-0-1 0.629MBps 46.7ms</bind>
  <bind>Comp:12-0-1 Comp:12-1-7 0.629MBps 46.7ms</bind>
  <bind>Comp:12-1-8 Comp:12-0-2 0.629MBps 46.7ms</bind>
  <bind>Comp:12-0-2 Comp:12-1-8 0.629MBps 46.7ms</bind>
  <bind>Comp:12-1-9 Comp:12-0-3 0.629MBps 46.7ms</bind>
  <bind>Comp:12-0-3 Comp:12-1-9 0.629MBps 46.7ms</bind>
  <bind>Comp:12-2-0 Comp:12-1-0 0.897MBps 38.1ms</bind>
  <bind>Comp:12-1-0 Comp:12-2-0 0.897MBps 38.1ms</bind>
  <bind>Comp:12-2-1 Comp:12-1-1 0.897MBps 38.1ms</bind>
  <bind>Comp:12-1-1 Comp:12-2-1 0.897MBps 38.1ms</bind>
  <bind>Comp:12-2-2 Comp:12-1-2 0.897MBps 38.1ms</bind>
  <bind>Comp:12-1-2 Comp:12-2-2 0.897MBps 38.1ms</bind>
  <bind>Comp:12-2-3 Comp:12-1-3 0.897MBps 38.1ms</bind>
  <bind>Comp:12-1-3 Comp:12-2-3 0.897MBps 38.1ms</bind>
  <bind>Comp:12-2-4 Comp:12-1-4 0.897MBps 38.1ms</bind>
  <bind>Comp:12-1-4 Comp:12-2-4 0.897MBps 38.1ms</bind>
  <bind>Comp:12-2-5 Comp:12-1-5 0.897MBps 38.1ms</bind>
  <bind>Comp:12-1-5 Comp:12-2-5 0.897MBps 38.1ms</bind>
  <bind>Comp:12-2-6 Comp:12-1-6 0.897MBps 38.1ms</bind>
  <bind>Comp:12-1-6 Comp:12-2-6 0.897MBps 38.1ms</bind>
  <bind>Comp:12-2-7 Comp:12-1-7 0.897MBps 38.1ms</bind>
  <bind>Comp:12-1-7 Comp:12-2-7 0.897MBps 38.1ms</bind>
  <bind>Comp:12-2-0 Comp:12-1-8 0.897MBps 38.1ms</bind>
  <bind>Comp:12-1-8 Comp:12-2-0 0.897MBps 38.1ms</bind>
  <bind>Comp:12-2-1 Comp:12-1-9 0.897MBps 38.1ms</bind>
  <bind>Comp:12-1-9 Comp:12-2-1 0.897MBps 38.1ms</bind>
  <bind>Comp:12-3-0 Comp:12-2-0 0.665MBps 28.1ms</bind>
  <bind>Comp:12-2-0 Comp:12-3-0 0.665MBps 28.1ms</bind>
  <bind>Comp:12-3-1 Comp:12-2-1 0.665MBps 28.1ms</bind>
  <bind>Comp:12-2-1 Comp:12-3-1 0.665MBps 28.1ms</bind>
  <bind>Comp:12-3-2 Comp:12-2-2 0.665MBps 28.1ms</bind>
  <bind>Comp:12-2-2 Comp:12-3-2 0.665MBps 28.1ms</bind>
  <bind>Comp:12-3-3 Comp:12-2-3 0.665MBps 28.1ms</bind>
  <bind>Comp:12-2-3 Comp:12-3-3 0.665MBps 28.1ms</bind>
  <bind>Comp:12-3-4 Comp:12-2-4 0.665MBps 28.1ms</bind>
  <bind>Comp:12-2-4 Comp:12-3-4 0.665MBps 28.1ms</bind>
  <bind>Comp:12-3-5 Comp:12-2-5 0.665MBps 28.1ms</bind>
  <bind>Comp:12-2-5 Comp:12-3-5 0.665MBps 28.1ms</bind>
  <bind>Comp:12-3-6 Comp:12-2-6 0.665MBps 28.1ms</bind>
  <bind>Comp:12-2-6 Comp:12-3-6 0.665MBps 28.1ms</bind>
  <bind>Comp:12-3-7 Comp:12-2-7 0.665MBps 28.1ms</bind>
  <bind>Comp:12-2-7 Comp:12-3-7 0.665MBps 28.1ms</bind>
  <bind>Comp:12-3-8 Comp:12-2-0 0.665MBps 28.1ms</bind>
  <bind>Comp:12-2-0 Comp:12-3-8 0.665MBps 28.1ms</bind>
  <bind>Comp:12-3-0 Appliance-156 0.756MBps 48.8ms</bind>
  <bind>Appliance-156 Comp:12-3-0 0.756MBps 48.8ms</bind>
  <bind>Comp:12-3-1 Appliance-394 0.756MBps 48.8ms</bind>
  <bind>Appliance-394 Comp:12-3-1 0.756MBps 48.8ms</bind>
  <bind>Comp:12-3-2 Appliance-359 0.756MBps 48.8ms</bind>
  <bind>Appliance-359 Comp:12-3-2 0.756MBps 48.8ms</bind>
  <bind>Comp:12-3-3 Appliance-216 0.756MBps 48.8ms</bind>
  <bind>Appliance-216 Comp:12-3-3 0.756MBps 48.8ms</bind>
  <bind>Comp:12-3-4 Appliance-239 0.756MBps 48.8ms</bind>
  <bind>Appliance-239 Comp:12-3-4 0.756MBps 48.8ms</bind>
  <bind>Comp:12-3-5 Appliance-156 0.756MBps 48.8ms</bind>
  <bind>Appliance-156 Comp:12-3-5 0.756MBps 48.8ms</bind>
  <bind>Comp:12-3-6 Appliance-394 0.756MBps 48.8ms</bind>
  <bind>Appliance-394 Comp:12-3-6 0.756MBps 48.8ms</bind>
  <bind>Comp:12-3-7 Appliance-359 0.756MBps 48.8ms</bind>
  <bind>Appliance-359 Comp:12-3-7 0.756MBps 48.8ms</bind>
  <bind>Comp:12-3-8 Appliance-216 0.756MBps 48.8ms</bind>
  <bind>Appliance-216 Comp:12-3-8 0.756MBps 48.8ms</bind>
</app>
<app>
  <id>App13</id>
<comp>
  <id>Comp:13-1-0</id>
  <CPU>0.363Gf</CPU>
  <RAM>0.712GB</RAM>
  <DISK>0.525GB</DISK>
</comp>
<comp>
  <id>Comp:13-2-0</id>
  <CPU>0.685Gf</CPU>
  <RAM>0.87GB</RAM>
  <DISK>0.923GB</DISK>
</comp>
<comp>
  <id>Comp:13-2-1</id>
  <CPU>0.685Gf</CPU>
  <RAM>0.87GB</RAM>
  <DISK>0.923GB</DISK>
</comp>
  <bind>Comp:13-1-0 Appliance-179 0.364MBps 40.9ms</bind>
  <bind>Appliance-179 Comp:13-1-0 0.364MBps 40.9ms</bind>
  <bind>Comp:13-1-0 Appliance-4 0.364MBps 40.9ms</bind>
  <bind>Appliance-4 Comp:13-1-0 0.364MBps 40.9ms</bind>
  <bind>Comp:13-1-0 Appliance-298 0.364MBps 40.9ms</bind>
  <bind>Appliance-298 Comp:13-1-0 0.364MBps 40.9ms</bind>
  <bind>Comp:13-1-0 Appliance-47 0.364MBps 40.9ms</bind>
  <bind>Appliance-47 Comp:13-1-0 0.364MBps 40.9ms</bind>
  <bind>Comp:13-1-0 Appliance-13 0.364MBps 40.9ms</bind>
  <bind>Appliance-13 Comp:13-1-0 0.364MBps 40.9ms</bind>
  <bind>Comp:13-1-0 Appliance-212 0.364MBps 40.9ms</bind>
  <bind>Appliance-212 Comp:13-1-0 0.364MBps 40.9ms</bind>
  <bind>Comp:13-1-0 Appliance-20 0.364MBps 40.9ms</bind>
  <bind>Appliance-20 Comp:13-1-0 0.364MBps 40.9ms</bind>
  <bind>Comp:13-1-0 Appliance-242 0.364MBps 40.9ms</bind>
  <bind>Appliance-242 Comp:13-1-0 0.364MBps 40.9ms</bind>
  <bind>Comp:13-1-0 Comp:13-2-0 0.273MBps 34.4ms</bind>
  <bind>Comp:13-2-0 Comp:13-1-0 0.273MBps 34.4ms</bind>
  <bind>Comp:13-1-0 Comp:13-2-1 0.273MBps 34.4ms</bind>
  <bind>Comp:13-2-1 Comp:13-1-0 0.273MBps 34.4ms</bind>
</app>
<app>
  <id>App14</id>
<comp>
  <id>Comp:14-1-0</id>
  <CPU>0.34Gf</CPU>
  <RAM>0.266GB</RAM>
  <DISK>0.71GB</DISK>
</comp>
<comp>
  <id>Comp:14-1-1</id>
  <CPU>0.34Gf</CPU>
  <RAM>0.266GB</RAM>
  <DISK>0.71GB</DISK>
</comp>
<comp>
  <id>Comp:14-1-2</id>
  <CPU>0.34Gf</CPU>
  <RAM>0.266GB</RAM>
  <DISK>0.71GB</DISK>
</comp>
<comp>
  <id>Comp:14-1-3</id>
  <CPU>0.34Gf</CPU>
  <RAM>0.266GB</RAM>
  <DISK>0.71GB</DISK>
</comp>
<comp>
  <id>Comp:14-1-4</id>
  <CPU>0.34Gf</CPU>
  <RAM>0.266GB</RAM>
  <DISK>0.71GB</DISK>
</comp>
<comp>
  <id>Comp:14-1-5</id>
  <CPU>0.34Gf</CPU>
  <RAM>0.266GB</RAM>
  <DISK>0.71GB</DISK>
</comp>
<comp>
  <id>Comp:14-1-6</id>
  <CPU>0.34Gf</CPU>
  <RAM>0.266GB</RAM>
  <DISK>0.71GB</DISK>
</comp>
<comp>
  <id>Comp:14-1-7</id>
  <CPU>0.34Gf</CPU>
  <RAM>0.266GB</RAM>
  <DISK>0.71GB</DISK>
</comp>
<comp>
  <id>Comp:14-1-8</id>
  <CPU>0.34Gf</CPU>
  <RAM>0.266GB</RAM>
  <DISK>0.71GB</DISK>
</comp>
  <bind>Comp:14-1-0 Appliance-202 0.212MBps 35.7ms</bind>
  <bind>Appliance-202 Comp:14-1-0 0.212MBps 35.7ms</bind>
  <bind>Comp:14-1-1 Appliance-202 0.212MBps 35.7ms</bind>
  <bind>Appliance-202 Comp:14-1-1 0.212MBps 35.7ms</bind>
  <bind>Comp:14-1-2 Appliance-202 0.212MBps 35.7ms</bind>
  <bind>Appliance-202 Comp:14-1-2 0.212MBps 35.7ms</bind>
  <bind>Comp:14-1-3 Appliance-202 0.212MBps 35.7ms</bind>
  <bind>Appliance-202 Comp:14-1-3 0.212MBps 35.7ms</bind>
  <bind>Comp:14-1-4 Appliance-202 0.212MBps 35.7ms</bind>
  <bind>Appliance-202 Comp:14-1-4 0.212MBps 35.7ms</bind>
  <bind>Comp:14-1-5 Appliance-202 0.212MBps 35.7ms</bind>
  <bind>Appliance-202 Comp:14-1-5 0.212MBps 35.7ms</bind>
  <bind>Comp:14-1-6 Appliance-202 0.212MBps 35.7ms</bind>
  <bind>Appliance-202 Comp:14-1-6 0.212MBps 35.7ms</bind>
  <bind>Comp:14-1-7 Appliance-202 0.212MBps 35.7ms</bind>
  <bind>Appliance-202 Comp:14-1-7 0.212MBps 35.7ms</bind>
  <bind>Comp:14-1-8 Appliance-202 0.212MBps 35.7ms</bind>
  <bind>Appliance-202 Comp:14-1-8 0.212MBps 35.7ms</bind>
  <bind>Comp:14-1-0 Appliance-178 0.531MBps 34.7ms</bind>
  <bind>Appliance-178 Comp:14-1-0 0.531MBps 34.7ms</bind>
  <bind>Comp:14-1-1 Appliance-239 0.531MBps 34.7ms</bind>
  <bind>Appliance-239 Comp:14-1-1 0.531MBps 34.7ms</bind>
  <bind>Comp:14-1-2 Appliance-389 0.531MBps 34.7ms</bind>
  <bind>Appliance-389 Comp:14-1-2 0.531MBps 34.7ms</bind>
  <bind>Comp:14-1-3 Appliance-138 0.531MBps 34.7ms</bind>
  <bind>Appliance-138 Comp:14-1-3 0.531MBps 34.7ms</bind>
  <bind>Comp:14-1-4 Appliance-187 0.531MBps 34.7ms</bind>
  <bind>Appliance-187 Comp:14-1-4 0.531MBps 34.7ms</bind>
  <bind>Comp:14-1-5 Appliance-124 0.531MBps 34.7ms</bind>
  <bind>Appliance-124 Comp:14-1-5 0.531MBps 34.7ms</bind>
  <bind>Comp:14-1-6 Appliance-150 0.531MBps 34.7ms</bind>
  <bind>Appliance-150 Comp:14-1-6 0.531MBps 34.7ms</bind>
  <bind>Comp:14-1-7 Appliance-178 0.531MBps 34.7ms</bind>
  <bind>Appliance-178 Comp:14-1-7 0.531MBps 34.7ms</bind>
  <bind>Comp:14-1-8 Appliance-239 0.531MBps 34.7ms</bind>
  <bind>Appliance-239 Comp:14-1-8 0.531MBps 34.7ms</bind>
</app>
<app>
  <id>App15</id>
<comp>
  <id>Comp:15-1-0</id>
  <CPU>0.758Gf</CPU>
  <RAM>0.618GB</RAM>
  <DISK>0.144GB</DISK>
</comp>
<comp>
  <id>Comp:15-2-0</id>
  <CPU>0.121Gf</CPU>
  <RAM>0.29GB</RAM>
  <DISK>0.679GB</DISK>
</comp>
<comp>
  <id>Comp:15-2-1</id>
  <CPU>0.121Gf</CPU>
  <RAM>0.29GB</RAM>
  <DISK>0.679GB</DISK>
</comp>
<comp>
  <id>Comp:15-2-2</id>
  <CPU>0.121Gf</CPU>
  <RAM>0.29GB</RAM>
  <DISK>0.679GB</DISK>
</comp>
<comp>
  <id>Comp:15-2-3</id>
  <CPU>0.121Gf</CPU>
  <RAM>0.29GB</RAM>
  <DISK>0.679GB</DISK>
</comp>
<comp>
  <id>Comp:15-2-4</id>
  <CPU>0.121Gf</CPU>
  <RAM>0.29GB</RAM>
  <DISK>0.679GB</DISK>
</comp>
<comp>
  <id>Comp:15-2-5</id>
  <CPU>0.121Gf</CPU>
  <RAM>0.29GB</RAM>
  <DISK>0.679GB</DISK>
</comp>
<comp>
  <id>Comp:15-2-6</id>
  <CPU>0.121Gf</CPU>
  <RAM>0.29GB</RAM>
  <DISK>0.679GB</DISK>
</comp>
<comp>
  <id>Comp:15-2-7</id>
  <CPU>0.121Gf</CPU>
  <RAM>0.29GB</RAM>
  <DISK>0.679GB</DISK>
</comp>
<comp>
  <id>Comp:15-2-8</id>
  <CPU>0.121Gf</CPU>
  <RAM>0.29GB</RAM>
  <DISK>0.679GB</DISK>
</comp>
<comp>
  <id>Comp:15-3-0</id>
  <CPU>0.457Gf</CPU>
  <RAM>0.938GB</RAM>
  <DISK>1.01GB</DISK>
</comp>
<comp>
  <id>Comp:15-3-1</id>
  <CPU>0.457Gf</CPU>
  <RAM>0.938GB</RAM>
  <DISK>1.01GB</DISK>
</comp>
<comp>
  <id>Comp:15-3-2</id>
  <CPU>0.457Gf</CPU>
  <RAM>0.938GB</RAM>
  <DISK>1.01GB</DISK>
</comp>
  <bind>Comp:15-1-0 Appliance-145 0.877MBps 47.6ms</bind>
  <bind>Appliance-145 Comp:15-1-0 0.877MBps 47.6ms</bind>
  <bind>Comp:15-1-0 Appliance-398 0.877MBps 47.6ms</bind>
  <bind>Appliance-398 Comp:15-1-0 0.877MBps 47.6ms</bind>
  <bind>Comp:15-1-0 Appliance-129 0.877MBps 47.6ms</bind>
  <bind>Appliance-129 Comp:15-1-0 0.877MBps 47.6ms</bind>
  <bind>Comp:15-1-0 Appliance-239 0.877MBps 47.6ms</bind>
  <bind>Appliance-239 Comp:15-1-0 0.877MBps 47.6ms</bind>
  <bind>Comp:15-1-0 Appliance-330 0.877MBps 47.6ms</bind>
  <bind>Appliance-330 Comp:15-1-0 0.877MBps 47.6ms</bind>
  <bind>Comp:15-1-0 Appliance-321 0.877MBps 47.6ms</bind>
  <bind>Appliance-321 Comp:15-1-0 0.877MBps 47.6ms</bind>
  <bind>Comp:15-1-0 Appliance-284 0.877MBps 47.6ms</bind>
  <bind>Appliance-284 Comp:15-1-0 0.877MBps 47.6ms</bind>
  <bind>Comp:15-1-0 Appliance-257 0.877MBps 47.6ms</bind>
  <bind>Appliance-257 Comp:15-1-0 0.877MBps 47.6ms</bind>
  <bind>Comp:15-1-0 Appliance-332 0.877MBps 47.6ms</bind>
  <bind>Appliance-332 Comp:15-1-0 0.877MBps 47.6ms</bind>
  <bind>Comp:15-2-0 Comp:15-1-0 0.324MBps 27.2ms</bind>
  <bind>Comp:15-1-0 Comp:15-2-0 0.324MBps 27.2ms</bind>
  <bind>Comp:15-2-1 Comp:15-1-0 0.324MBps 27.2ms</bind>
  <bind>Comp:15-1-0 Comp:15-2-1 0.324MBps 27.2ms</bind>
  <bind>Comp:15-2-2 Comp:15-1-0 0.324MBps 27.2ms</bind>
  <bind>Comp:15-1-0 Comp:15-2-2 0.324MBps 27.2ms</bind>
  <bind>Comp:15-2-3 Comp:15-1-0 0.324MBps 27.2ms</bind>
  <bind>Comp:15-1-0 Comp:15-2-3 0.324MBps 27.2ms</bind>
  <bind>Comp:15-2-4 Comp:15-1-0 0.324MBps 27.2ms</bind>
  <bind>Comp:15-1-0 Comp:15-2-4 0.324MBps 27.2ms</bind>
  <bind>Comp:15-2-5 Comp:15-1-0 0.324MBps 27.2ms</bind>
  <bind>Comp:15-1-0 Comp:15-2-5 0.324MBps 27.2ms</bind>
  <bind>Comp:15-2-6 Comp:15-1-0 0.324MBps 27.2ms</bind>
  <bind>Comp:15-1-0 Comp:15-2-6 0.324MBps 27.2ms</bind>
  <bind>Comp:15-2-7 Comp:15-1-0 0.324MBps 27.2ms</bind>
  <bind>Comp:15-1-0 Comp:15-2-7 0.324MBps 27.2ms</bind>
  <bind>Comp:15-2-8 Comp:15-1-0 0.324MBps 27.2ms</bind>
  <bind>Comp:15-1-0 Comp:15-2-8 0.324MBps 27.2ms</bind>
  <bind>Comp:15-3-0 Comp:15-2-0 0.897MBps 40.0ms</bind>
  <bind>Comp:15-2-0 Comp:15-3-0 0.897MBps 40.0ms</bind>
  <bind>Comp:15-3-1 Comp:15-2-1 0.897MBps 40.0ms</bind>
  <bind>Comp:15-2-1 Comp:15-3-1 0.897MBps 40.0ms</bind>
  <bind>Comp:15-3-2 Comp:15-2-2 0.897MBps 40.0ms</bind>
  <bind>Comp:15-2-2 Comp:15-3-2 0.897MBps 40.0ms</bind>
  <bind>Comp:15-3-0 Comp:15-2-3 0.897MBps 40.0ms</bind>
  <bind>Comp:15-2-3 Comp:15-3-0 0.897MBps 40.0ms</bind>
  <bind>Comp:15-3-1 Comp:15-2-4 0.897MBps 40.0ms</bind>
  <bind>Comp:15-2-4 Comp:15-3-1 0.897MBps 40.0ms</bind>
  <bind>Comp:15-3-2 Comp:15-2-5 0.897MBps 40.0ms</bind>
  <bind>Comp:15-2-5 Comp:15-3-2 0.897MBps 40.0ms</bind>
  <bind>Comp:15-3-0 Comp:15-2-6 0.897MBps 40.0ms</bind>
  <bind>Comp:15-2-6 Comp:15-3-0 0.897MBps 40.0ms</bind>
  <bind>Comp:15-3-1 Comp:15-2-7 0.897MBps 40.0ms</bind>
  <bind>Comp:15-2-7 Comp:15-3-1 0.897MBps 40.0ms</bind>
  <bind>Comp:15-3-2 Comp:15-2-8 0.897MBps 40.0ms</bind>
  <bind>Comp:15-2-8 Comp:15-3-2 0.897MBps 40.0ms</bind>
  <bind>Comp:15-3-0 Appliance-193 0.403MBps 46.2ms</bind>
  <bind>Appliance-193 Comp:15-3-0 0.403MBps 46.2ms</bind>
  <bind>Comp:15-3-1 Appliance-102 0.403MBps 46.2ms</bind>
  <bind>Appliance-102 Comp:15-3-1 0.403MBps 46.2ms</bind>
  <bind>Comp:15-3-2 Appliance-193 0.403MBps 46.2ms</bind>
  <bind>Appliance-193 Comp:15-3-2 0.403MBps 46.2ms</bind>
</app>
<app>
  <id>App16</id>
<comp>
  <id>Comp:16-1-0</id>
  <CPU>0.883Gf</CPU>
  <RAM>0.796GB</RAM>
  <DISK>1.96GB</DISK>
</comp>
<comp>
  <id>Comp:16-1-1</id>
  <CPU>0.883Gf</CPU>
  <RAM>0.796GB</RAM>
  <DISK>1.96GB</DISK>
</comp>
<comp>
  <id>Comp:16-1-2</id>
  <CPU>0.883Gf</CPU>
  <RAM>0.796GB</RAM>
  <DISK>1.96GB</DISK>
</comp>
<comp>
  <id>Comp:16-1-3</id>
  <CPU>0.883Gf</CPU>
  <RAM>0.796GB</RAM>
  <DISK>1.96GB</DISK>
</comp>
<comp>
  <id>Comp:16-1-4</id>
  <CPU>0.883Gf</CPU>
  <RAM>0.796GB</RAM>
  <DISK>1.96GB</DISK>
</comp>
<comp>
  <id>Comp:16-1-5</id>
  <CPU>0.883Gf</CPU>
  <RAM>0.796GB</RAM>
  <DISK>1.96GB</DISK>
</comp>
<comp>
  <id>Comp:16-1-6</id>
  <CPU>0.883Gf</CPU>
  <RAM>0.796GB</RAM>
  <DISK>1.96GB</DISK>
</comp>
<comp>
  <id>Comp:16-2-0</id>
  <CPU>0.427Gf</CPU>
  <RAM>0.582GB</RAM>
  <DISK>1.83GB</DISK>
</comp>
<comp>
  <id>Comp:16-3-0</id>
  <CPU>0.969Gf</CPU>
  <RAM>0.885GB</RAM>
  <DISK>1.43GB</DISK>
</comp>
<comp>
  <id>Comp:16-3-1</id>
  <CPU>0.969Gf</CPU>
  <RAM>0.885GB</RAM>
  <DISK>1.43GB</DISK>
</comp>
<comp>
  <id>Comp:16-3-2</id>
  <CPU>0.969Gf</CPU>
  <RAM>0.885GB</RAM>
  <DISK>1.43GB</DISK>
</comp>
<comp>
  <id>Comp:16-4-0</id>
  <CPU>0.453Gf</CPU>
  <RAM>0.894GB</RAM>
  <DISK>0.189GB</DISK>
</comp>
<comp>
  <id>Comp:16-4-1</id>
  <CPU>0.453Gf</CPU>
  <RAM>0.894GB</RAM>
  <DISK>0.189GB</DISK>
</comp>
<comp>
  <id>Comp:16-4-2</id>
  <CPU>0.453Gf</CPU>
  <RAM>0.894GB</RAM>
  <DISK>0.189GB</DISK>
</comp>
<comp>
  <id>Comp:16-4-3</id>
  <CPU>0.453Gf</CPU>
  <RAM>0.894GB</RAM>
  <DISK>0.189GB</DISK>
</comp>
<comp>
  <id>Comp:16-4-4</id>
  <CPU>0.453Gf</CPU>
  <RAM>0.894GB</RAM>
  <DISK>0.189GB</DISK>
</comp>
<comp>
  <id>Comp:16-4-5</id>
  <CPU>0.453Gf</CPU>
  <RAM>0.894GB</RAM>
  <DISK>0.189GB</DISK>
</comp>
<comp>
  <id>Comp:16-4-6</id>
  <CPU>0.453Gf</CPU>
  <RAM>0.894GB</RAM>
  <DISK>0.189GB</DISK>
</comp>
<comp>
  <id>Comp:16-4-7</id>
  <CPU>0.453Gf</CPU>
  <RAM>0.894GB</RAM>
  <DISK>0.189GB</DISK>
</comp>
<comp>
  <id>Comp:16-4-8</id>
  <CPU>0.453Gf</CPU>
  <RAM>0.894GB</RAM>
  <DISK>0.189GB</DISK>
</comp>
<comp>
  <id>Comp:16-5-0</id>
  <CPU>0.873Gf</CPU>
  <RAM>0.316GB</RAM>
  <DISK>0.53GB</DISK>
</comp>
  <bind>Comp:16-1-0 Appliance-128 0.314MBps 40.1ms</bind>
  <bind>Appliance-128 Comp:16-1-0 0.314MBps 40.1ms</bind>
  <bind>Comp:16-1-1 Appliance-80 0.314MBps 40.1ms</bind>
  <bind>Appliance-80 Comp:16-1-1 0.314MBps 40.1ms</bind>
  <bind>Comp:16-1-2 Appliance-311 0.314MBps 40.1ms</bind>
  <bind>Appliance-311 Comp:16-1-2 0.314MBps 40.1ms</bind>
  <bind>Comp:16-1-3 Appliance-17 0.314MBps 40.1ms</bind>
  <bind>Appliance-17 Comp:16-1-3 0.314MBps 40.1ms</bind>
  <bind>Comp:16-1-4 Appliance-345 0.314MBps 40.1ms</bind>
  <bind>Appliance-345 Comp:16-1-4 0.314MBps 40.1ms</bind>
  <bind>Comp:16-1-5 Appliance-343 0.314MBps 40.1ms</bind>
  <bind>Appliance-343 Comp:16-1-5 0.314MBps 40.1ms</bind>
  <bind>Comp:16-1-6 Appliance-128 0.314MBps 40.1ms</bind>
  <bind>Appliance-128 Comp:16-1-6 0.314MBps 40.1ms</bind>
  <bind>Comp:16-2-0 Comp:16-1-0 0.282MBps 41.9ms</bind>
  <bind>Comp:16-1-0 Comp:16-2-0 0.282MBps 41.9ms</bind>
  <bind>Comp:16-2-0 Comp:16-1-1 0.282MBps 41.9ms</bind>
  <bind>Comp:16-1-1 Comp:16-2-0 0.282MBps 41.9ms</bind>
  <bind>Comp:16-2-0 Comp:16-1-2 0.282MBps 41.9ms</bind>
  <bind>Comp:16-1-2 Comp:16-2-0 0.282MBps 41.9ms</bind>
  <bind>Comp:16-2-0 Comp:16-1-3 0.282MBps 41.9ms</bind>
  <bind>Comp:16-1-3 Comp:16-2-0 0.282MBps 41.9ms</bind>
  <bind>Comp:16-2-0 Comp:16-1-4 0.282MBps 41.9ms</bind>
  <bind>Comp:16-1-4 Comp:16-2-0 0.282MBps 41.9ms</bind>
  <bind>Comp:16-2-0 Comp:16-1-5 0.282MBps 41.9ms</bind>
  <bind>Comp:16-1-5 Comp:16-2-0 0.282MBps 41.9ms</bind>
  <bind>Comp:16-2-0 Comp:16-1-6 0.282MBps 41.9ms</bind>
  <bind>Comp:16-1-6 Comp:16-2-0 0.282MBps 41.9ms</bind>
  <bind>Comp:16-3-0 Comp:16-2-0 0.957MBps 44.1ms</bind>
  <bind>Comp:16-2-0 Comp:16-3-0 0.957MBps 44.1ms</bind>
  <bind>Comp:16-3-1 Comp:16-2-0 0.957MBps 44.1ms</bind>
  <bind>Comp:16-2-0 Comp:16-3-1 0.957MBps 44.1ms</bind>
  <bind>Comp:16-3-2 Comp:16-2-0 0.957MBps 44.1ms</bind>
  <bind>Comp:16-2-0 Comp:16-3-2 0.957MBps 44.1ms</bind>
  <bind>Comp:16-4-0 Comp:16-3-0 0.777MBps 38.9ms</bind>
  <bind>Comp:16-3-0 Comp:16-4-0 0.777MBps 38.9ms</bind>
  <bind>Comp:16-4-1 Comp:16-3-1 0.777MBps 38.9ms</bind>
  <bind>Comp:16-3-1 Comp:16-4-1 0.777MBps 38.9ms</bind>
  <bind>Comp:16-4-2 Comp:16-3-2 0.777MBps 38.9ms</bind>
  <bind>Comp:16-3-2 Comp:16-4-2 0.777MBps 38.9ms</bind>
  <bind>Comp:16-4-3 Comp:16-3-0 0.777MBps 38.9ms</bind>
  <bind>Comp:16-3-0 Comp:16-4-3 0.777MBps 38.9ms</bind>
  <bind>Comp:16-4-4 Comp:16-3-1 0.777MBps 38.9ms</bind>
  <bind>Comp:16-3-1 Comp:16-4-4 0.777MBps 38.9ms</bind>
  <bind>Comp:16-4-5 Comp:16-3-2 0.777MBps 38.9ms</bind>
  <bind>Comp:16-3-2 Comp:16-4-5 0.777MBps 38.9ms</bind>
  <bind>Comp:16-4-6 Comp:16-3-0 0.777MBps 38.9ms</bind>
  <bind>Comp:16-3-0 Comp:16-4-6 0.777MBps 38.9ms</bind>
  <bind>Comp:16-4-7 Comp:16-3-1 0.777MBps 38.9ms</bind>
  <bind>Comp:16-3-1 Comp:16-4-7 0.777MBps 38.9ms</bind>
  <bind>Comp:16-4-8 Comp:16-3-2 0.777MBps 38.9ms</bind>
  <bind>Comp:16-3-2 Comp:16-4-8 0.777MBps 38.9ms</bind>
  <bind>Comp:16-5-0 Comp:16-4-0 0.536MBps 48.8ms</bind>
  <bind>Comp:16-4-0 Comp:16-5-0 0.536MBps 48.8ms</bind>
  <bind>Comp:16-5-0 Comp:16-4-1 0.536MBps 48.8ms</bind>
  <bind>Comp:16-4-1 Comp:16-5-0 0.536MBps 48.8ms</bind>
  <bind>Comp:16-5-0 Comp:16-4-2 0.536MBps 48.8ms</bind>
  <bind>Comp:16-4-2 Comp:16-5-0 0.536MBps 48.8ms</bind>
  <bind>Comp:16-5-0 Comp:16-4-3 0.536MBps 48.8ms</bind>
  <bind>Comp:16-4-3 Comp:16-5-0 0.536MBps 48.8ms</bind>
  <bind>Comp:16-5-0 Comp:16-4-4 0.536MBps 48.8ms</bind>
  <bind>Comp:16-4-4 Comp:16-5-0 0.536MBps 48.8ms</bind>
  <bind>Comp:16-5-0 Comp:16-4-5 0.536MBps 48.8ms</bind>
  <bind>Comp:16-4-5 Comp:16-5-0 0.536MBps 48.8ms</bind>
  <bind>Comp:16-5-0 Comp:16-4-6 0.536MBps 48.8ms</bind>
  <bind>Comp:16-4-6 Comp:16-5-0 0.536MBps 48.8ms</bind>
  <bind>Comp:16-5-0 Comp:16-4-7 0.536MBps 48.8ms</bind>
  <bind>Comp:16-4-7 Comp:16-5-0 0.536MBps 48.8ms</bind>
  <bind>Comp:16-5-0 Comp:16-4-8 0.536MBps 48.8ms</bind>
  <bind>Comp:16-4-8 Comp:16-5-0 0.536MBps 48.8ms</bind>
  <bind>Comp:16-5-0 Appliance-256 0.0444MBps 42.0ms</bind>
  <bind>Appliance-256 Comp:16-5-0 0.0444MBps 42.0ms</bind>
  <bind>Comp:16-5-0 Appliance-369 0.0444MBps 42.0ms</bind>
  <bind>Appliance-369 Comp:16-5-0 0.0444MBps 42.0ms</bind>
  <bind>Comp:16-5-0 Appliance-86 0.0444MBps 42.0ms</bind>
  <bind>Appliance-86 Comp:16-5-0 0.0444MBps 42.0ms</bind>
</app>
<app>
  <id>App17</id>
<comp>
  <id>Comp:17-0-0</id>
  <CPU>0.911Gf</CPU>
  <RAM>0.917GB</RAM>
  <DISK>1.39GB</DISK>
</comp>
<comp>
  <id>Comp:17-0-1</id>
  <CPU>0.911Gf</CPU>
  <RAM>0.917GB</RAM>
  <DISK>1.39GB</DISK>
</comp>
<comp>
  <id>Comp:17-0-2</id>
  <CPU>0.911Gf</CPU>
  <RAM>0.917GB</RAM>
  <DISK>1.39GB</DISK>
</comp>
<comp>
  <id>Comp:17-0-3</id>
  <CPU>0.911Gf</CPU>
  <RAM>0.917GB</RAM>
  <DISK>1.39GB</DISK>
</comp>
<comp>
  <id>Comp:17-0-4</id>
  <CPU>0.911Gf</CPU>
  <RAM>0.917GB</RAM>
  <DISK>1.39GB</DISK>
</comp>
<comp>
  <id>Comp:17-0-5</id>
  <CPU>0.911Gf</CPU>
  <RAM>0.917GB</RAM>
  <DISK>1.39GB</DISK>
</comp>
<comp>
  <id>Comp:17-0-6</id>
  <CPU>0.911Gf</CPU>
  <RAM>0.917GB</RAM>
  <DISK>1.39GB</DISK>
</comp>
<comp>
  <id>Comp:17-0-7</id>
  <CPU>0.911Gf</CPU>
  <RAM>0.917GB</RAM>
  <DISK>1.39GB</DISK>
</comp>
<comp>
  <id>Comp:17-0-8</id>
  <CPU>0.911Gf</CPU>
  <RAM>0.917GB</RAM>
  <DISK>1.39GB</DISK>
</comp>
<comp>
  <id>Comp:17-0-9</id>
  <CPU>0.911Gf</CPU>
  <RAM>0.917GB</RAM>
  <DISK>1.39GB</DISK>
</comp>
<comp>
  <id>Comp:17-1-0</id>
  <CPU>0.396Gf</CPU>
  <RAM>0.12GB</RAM>
  <DISK>1.28GB</DISK>
</comp>
<comp>
  <id>Comp:17-1-1</id>
  <CPU>0.396Gf</CPU>
  <RAM>0.12GB</RAM>
  <DISK>1.28GB</DISK>
</comp>
<comp>
  <id>Comp:17-1-2</id>
  <CPU>0.396Gf</CPU>
  <RAM>0.12GB</RAM>
  <DISK>1.28GB</DISK>
</comp>
<comp>
  <id>Comp:17-2-0</id>
  <CPU>0.22Gf</CPU>
  <RAM>0.246GB</RAM>
  <DISK>1.05GB</DISK>
</comp>
<comp>
  <id>Comp:17-3-0</id>
  <CPU>0.186Gf</CPU>
  <RAM>0.686GB</RAM>
  <DISK>0.0475GB</DISK>
</comp>
<comp>
  <id>Comp:17-3-1</id>
  <CPU>0.186Gf</CPU>
  <RAM>0.686GB</RAM>
  <DISK>0.0475GB</DISK>
</comp>
<comp>
  <id>Comp:17-3-2</id>
  <CPU>0.186Gf</CPU>
  <RAM>0.686GB</RAM>
  <DISK>0.0475GB</DISK>
</comp>
<comp>
  <id>Comp:17-4-0</id>
  <CPU>0.976Gf</CPU>
  <RAM>0.998GB</RAM>
  <DISK>0.876GB</DISK>
</comp>
<comp>
  <id>Comp:17-4-1</id>
  <CPU>0.976Gf</CPU>
  <RAM>0.998GB</RAM>
  <DISK>0.876GB</DISK>
</comp>
<comp>
  <id>Comp:17-4-2</id>
  <CPU>0.976Gf</CPU>
  <RAM>0.998GB</RAM>
  <DISK>0.876GB</DISK>
</comp>
<comp>
  <id>Comp:17-4-3</id>
  <CPU>0.976Gf</CPU>
  <RAM>0.998GB</RAM>
  <DISK>0.876GB</DISK>
</comp>
<comp>
  <id>Comp:17-4-4</id>
  <CPU>0.976Gf</CPU>
  <RAM>0.998GB</RAM>
  <DISK>0.876GB</DISK>
</comp>
<comp>
  <id>Comp:17-4-5</id>
  <CPU>0.976Gf</CPU>
  <RAM>0.998GB</RAM>
  <DISK>0.876GB</DISK>
</comp>
<comp>
  <id>Comp:17-4-6</id>
  <CPU>0.976Gf</CPU>
  <RAM>0.998GB</RAM>
  <DISK>0.876GB</DISK>
</comp>
<comp>
  <id>Comp:17-4-7</id>
  <CPU>0.976Gf</CPU>
  <RAM>0.998GB</RAM>
  <DISK>0.876GB</DISK>
</comp>
<comp>
  <id>Comp:17-4-8</id>
  <CPU>0.976Gf</CPU>
  <RAM>0.998GB</RAM>
  <DISK>0.876GB</DISK>
</comp>
<comp>
  <id>Comp:17-4-9</id>
  <CPU>0.976Gf</CPU>
  <RAM>0.998GB</RAM>
  <DISK>0.876GB</DISK>
</comp>
<comp>
  <id>Comp:17-5-0</id>
  <CPU>0.27Gf</CPU>
  <RAM>0.541GB</RAM>
  <DISK>0.293GB</DISK>
</comp>
<comp>
  <id>Comp:17-5-1</id>
  <CPU>0.27Gf</CPU>
  <RAM>0.541GB</RAM>
  <DISK>0.293GB</DISK>
</comp>
<comp>
  <id>Comp:17-5-2</id>
  <CPU>0.27Gf</CPU>
  <RAM>0.541GB</RAM>
  <DISK>0.293GB</DISK>
</comp>
<comp>
  <id>Comp:17-5-3</id>
  <CPU>0.27Gf</CPU>
  <RAM>0.541GB</RAM>
  <DISK>0.293GB</DISK>
</comp>
<comp>
  <id>Comp:17-5-4</id>
  <CPU>0.27Gf</CPU>
  <RAM>0.541GB</RAM>
  <DISK>0.293GB</DISK>
</comp>
<comp>
  <id>Comp:17-5-5</id>
  <CPU>0.27Gf</CPU>
  <RAM>0.541GB</RAM>
  <DISK>0.293GB</DISK>
</comp>
<comp>
  <id>Comp:17-5-6</id>
  <CPU>0.27Gf</CPU>
  <RAM>0.541GB</RAM>
  <DISK>0.293GB</DISK>
</comp>
<comp>
  <id>Comp:17-5-7</id>
  <CPU>0.27Gf</CPU>
  <RAM>0.541GB</RAM>
  <DISK>0.293GB</DISK>
</comp>
<comp>
  <id>Comp:17-5-8</id>
  <CPU>0.27Gf</CPU>
  <RAM>0.541GB</RAM>
  <DISK>0.293GB</DISK>
</comp>
<comp>
  <id>Comp:17-5-9</id>
  <CPU>0.27Gf</CPU>
  <RAM>0.541GB</RAM>
  <DISK>0.293GB</DISK>
</comp>
  <bind>Comp:17-1-0 Comp:17-0-0 0.919MBps 35.9ms</bind>
  <bind>Comp:17-0-0 Comp:17-1-0 0.919MBps 35.9ms</bind>
  <bind>Comp:17-1-1 Comp:17-0-1 0.919MBps 35.9ms</bind>
  <bind>Comp:17-0-1 Comp:17-1-1 0.919MBps 35.9ms</bind>
  <bind>Comp:17-1-2 Comp:17-0-2 0.919MBps 35.9ms</bind>
  <bind>Comp:17-0-2 Comp:17-1-2 0.919MBps 35.9ms</bind>
  <bind>Comp:17-1-0 Comp:17-0-3 0.919MBps 35.9ms</bind>
  <bind>Comp:17-0-3 Comp:17-1-0 0.919MBps 35.9ms</bind>
  <bind>Comp:17-1-1 Comp:17-0-4 0.919MBps 35.9ms</bind>
  <bind>Comp:17-0-4 Comp:17-1-1 0.919MBps 35.9ms</bind>
  <bind>Comp:17-1-2 Comp:17-0-5 0.919MBps 35.9ms</bind>
  <bind>Comp:17-0-5 Comp:17-1-2 0.919MBps 35.9ms</bind>
  <bind>Comp:17-1-0 Comp:17-0-6 0.919MBps 35.9ms</bind>
  <bind>Comp:17-0-6 Comp:17-1-0 0.919MBps 35.9ms</bind>
  <bind>Comp:17-1-1 Comp:17-0-7 0.919MBps 35.9ms</bind>
  <bind>Comp:17-0-7 Comp:17-1-1 0.919MBps 35.9ms</bind>
  <bind>Comp:17-1-2 Comp:17-0-8 0.919MBps 35.9ms</bind>
  <bind>Comp:17-0-8 Comp:17-1-2 0.919MBps 35.9ms</bind>
  <bind>Comp:17-1-0 Comp:17-0-9 0.919MBps 35.9ms</bind>
  <bind>Comp:17-0-9 Comp:17-1-0 0.919MBps 35.9ms</bind>
  <bind>Comp:17-2-0 Comp:17-1-0 0.558MBps 38.8ms</bind>
  <bind>Comp:17-1-0 Comp:17-2-0 0.558MBps 38.8ms</bind>
  <bind>Comp:17-2-0 Comp:17-1-1 0.558MBps 38.8ms</bind>
  <bind>Comp:17-1-1 Comp:17-2-0 0.558MBps 38.8ms</bind>
  <bind>Comp:17-2-0 Comp:17-1-2 0.558MBps 38.8ms</bind>
  <bind>Comp:17-1-2 Comp:17-2-0 0.558MBps 38.8ms</bind>
  <bind>Comp:17-3-0 Comp:17-2-0 0.528MBps 33.4ms</bind>
  <bind>Comp:17-2-0 Comp:17-3-0 0.528MBps 33.4ms</bind>
  <bind>Comp:17-3-1 Comp:17-2-0 0.528MBps 33.4ms</bind>
  <bind>Comp:17-2-0 Comp:17-3-1 0.528MBps 33.4ms</bind>
  <bind>Comp:17-3-2 Comp:17-2-0 0.528MBps 33.4ms</bind>
  <bind>Comp:17-2-0 Comp:17-3-2 0.528MBps 33.4ms</bind>
  <bind>Comp:17-4-0 Comp:17-3-0 0.48MBps 49.5ms</bind>
  <bind>Comp:17-3-0 Comp:17-4-0 0.48MBps 49.5ms</bind>
  <bind>Comp:17-4-1 Comp:17-3-1 0.48MBps 49.5ms</bind>
  <bind>Comp:17-3-1 Comp:17-4-1 0.48MBps 49.5ms</bind>
  <bind>Comp:17-4-2 Comp:17-3-2 0.48MBps 49.5ms</bind>
  <bind>Comp:17-3-2 Comp:17-4-2 0.48MBps 49.5ms</bind>
  <bind>Comp:17-4-3 Comp:17-3-0 0.48MBps 49.5ms</bind>
  <bind>Comp:17-3-0 Comp:17-4-3 0.48MBps 49.5ms</bind>
  <bind>Comp:17-4-4 Comp:17-3-1 0.48MBps 49.5ms</bind>
  <bind>Comp:17-3-1 Comp:17-4-4 0.48MBps 49.5ms</bind>
  <bind>Comp:17-4-5 Comp:17-3-2 0.48MBps 49.5ms</bind>
  <bind>Comp:17-3-2 Comp:17-4-5 0.48MBps 49.5ms</bind>
  <bind>Comp:17-4-6 Comp:17-3-0 0.48MBps 49.5ms</bind>
  <bind>Comp:17-3-0 Comp:17-4-6 0.48MBps 49.5ms</bind>
  <bind>Comp:17-4-7 Comp:17-3-1 0.48MBps 49.5ms</bind>
  <bind>Comp:17-3-1 Comp:17-4-7 0.48MBps 49.5ms</bind>
  <bind>Comp:17-4-8 Comp:17-3-2 0.48MBps 49.5ms</bind>
  <bind>Comp:17-3-2 Comp:17-4-8 0.48MBps 49.5ms</bind>
  <bind>Comp:17-4-9 Comp:17-3-0 0.48MBps 49.5ms</bind>
  <bind>Comp:17-3-0 Comp:17-4-9 0.48MBps 49.5ms</bind>
  <bind>Comp:17-5-0 Comp:17-4-0 0.451MBps 26.4ms</bind>
  <bind>Comp:17-4-0 Comp:17-5-0 0.451MBps 26.4ms</bind>
  <bind>Comp:17-5-1 Comp:17-4-1 0.451MBps 26.4ms</bind>
  <bind>Comp:17-4-1 Comp:17-5-1 0.451MBps 26.4ms</bind>
  <bind>Comp:17-5-2 Comp:17-4-2 0.451MBps 26.4ms</bind>
  <bind>Comp:17-4-2 Comp:17-5-2 0.451MBps 26.4ms</bind>
  <bind>Comp:17-5-3 Comp:17-4-3 0.451MBps 26.4ms</bind>
  <bind>Comp:17-4-3 Comp:17-5-3 0.451MBps 26.4ms</bind>
  <bind>Comp:17-5-4 Comp:17-4-4 0.451MBps 26.4ms</bind>
  <bind>Comp:17-4-4 Comp:17-5-4 0.451MBps 26.4ms</bind>
  <bind>Comp:17-5-5 Comp:17-4-5 0.451MBps 26.4ms</bind>
  <bind>Comp:17-4-5 Comp:17-5-5 0.451MBps 26.4ms</bind>
  <bind>Comp:17-5-6 Comp:17-4-6 0.451MBps 26.4ms</bind>
  <bind>Comp:17-4-6 Comp:17-5-6 0.451MBps 26.4ms</bind>
  <bind>Comp:17-5-7 Comp:17-4-7 0.451MBps 26.4ms</bind>
  <bind>Comp:17-4-7 Comp:17-5-7 0.451MBps 26.4ms</bind>
  <bind>Comp:17-5-8 Comp:17-4-8 0.451MBps 26.4ms</bind>
  <bind>Comp:17-4-8 Comp:17-5-8 0.451MBps 26.4ms</bind>
  <bind>Comp:17-5-9 Comp:17-4-9 0.451MBps 26.4ms</bind>
  <bind>Comp:17-4-9 Comp:17-5-9 0.451MBps 26.4ms</bind>
  <bind>Comp:17-5-0 Appliance-377 0.0497MBps 33.4ms</bind>
  <bind>Appliance-377 Comp:17-5-0 0.0497MBps 33.4ms</bind>
  <bind>Comp:17-5-1 Appliance-358 0.0497MBps 33.4ms</bind>
  <bind>Appliance-358 Comp:17-5-1 0.0497MBps 33.4ms</bind>
  <bind>Comp:17-5-2 Appliance-4 0.0497MBps 33.4ms</bind>
  <bind>Appliance-4 Comp:17-5-2 0.0497MBps 33.4ms</bind>
  <bind>Comp:17-5-3 Appliance-274 0.0497MBps 33.4ms</bind>
  <bind>Appliance-274 Comp:17-5-3 0.0497MBps 33.4ms</bind>
  <bind>Comp:17-5-4 Appliance-396 0.0497MBps 33.4ms</bind>
  <bind>Appliance-396 Comp:17-5-4 0.0497MBps 33.4ms</bind>
  <bind>Comp:17-5-5 Appliance-188 0.0497MBps 33.4ms</bind>
  <bind>Appliance-188 Comp:17-5-5 0.0497MBps 33.4ms</bind>
  <bind>Comp:17-5-6 Appliance-377 0.0497MBps 33.4ms</bind>
  <bind>Appliance-377 Comp:17-5-6 0.0497MBps 33.4ms</bind>
  <bind>Comp:17-5-7 Appliance-358 0.0497MBps 33.4ms</bind>
  <bind>Appliance-358 Comp:17-5-7 0.0497MBps 33.4ms</bind>
  <bind>Comp:17-5-8 Appliance-4 0.0497MBps 33.4ms</bind>
  <bind>Appliance-4 Comp:17-5-8 0.0497MBps 33.4ms</bind>
  <bind>Comp:17-5-9 Appliance-274 0.0497MBps 33.4ms</bind>
  <bind>Appliance-274 Comp:17-5-9 0.0497MBps 33.4ms</bind>
</app>
<app>
  <id>App18</id>
<comp>
  <id>Comp:18-0-0</id>
  <CPU>0.325Gf</CPU>
  <RAM>0.61GB</RAM>
  <DISK>0.0458GB</DISK>
</comp>
<comp>
  <id>Comp:18-0-1</id>
  <CPU>0.325Gf</CPU>
  <RAM>0.61GB</RAM>
  <DISK>0.0458GB</DISK>
</comp>
<comp>
  <id>Comp:18-0-2</id>
  <CPU>0.325Gf</CPU>
  <RAM>0.61GB</RAM>
  <DISK>0.0458GB</DISK>
</comp>
<comp>
  <id>Comp:18-0-3</id>
  <CPU>0.325Gf</CPU>
  <RAM>0.61GB</RAM>
  <DISK>0.0458GB</DISK>
</comp>
<comp>
  <id>Comp:18-0-4</id>
  <CPU>0.325Gf</CPU>
  <RAM>0.61GB</RAM>
  <DISK>0.0458GB</DISK>
</comp>
<comp>
  <id>Comp:18-0-5</id>
  <CPU>0.325Gf</CPU>
  <RAM>0.61GB</RAM>
  <DISK>0.0458GB</DISK>
</comp>
<comp>
  <id>Comp:18-0-6</id>
  <CPU>0.325Gf</CPU>
  <RAM>0.61GB</RAM>
  <DISK>0.0458GB</DISK>
</comp>
<comp>
  <id>Comp:18-0-7</id>
  <CPU>0.325Gf</CPU>
  <RAM>0.61GB</RAM>
  <DISK>0.0458GB</DISK>
</comp>
<comp>
  <id>Comp:18-0-8</id>
  <CPU>0.325Gf</CPU>
  <RAM>0.61GB</RAM>
  <DISK>0.0458GB</DISK>
</comp>
<comp>
  <id>Comp:18-1-0</id>
  <CPU>0.377Gf</CPU>
  <RAM>0.897GB</RAM>
  <DISK>1.12GB</DISK>
</comp>
<comp>
  <id>Comp:18-1-1</id>
  <CPU>0.377Gf</CPU>
  <RAM>0.897GB</RAM>
  <DISK>1.12GB</DISK>
</comp>
<comp>
  <id>Comp:18-1-2</id>
  <CPU>0.377Gf</CPU>
  <RAM>0.897GB</RAM>
  <DISK>1.12GB</DISK>
</comp>
<comp>
  <id>Comp:18-2-0</id>
  <CPU>0.326Gf</CPU>
  <RAM>0.169GB</RAM>
  <DISK>1.52GB</DISK>
</comp>
<comp>
  <id>Comp:18-2-1</id>
  <CPU>0.326Gf</CPU>
  <RAM>0.169GB</RAM>
  <DISK>1.52GB</DISK>
</comp>
<comp>
  <id>Comp:18-2-2</id>
  <CPU>0.326Gf</CPU>
  <RAM>0.169GB</RAM>
  <DISK>1.52GB</DISK>
</comp>
<comp>
  <id>Comp:18-2-3</id>
  <CPU>0.326Gf</CPU>
  <RAM>0.169GB</RAM>
  <DISK>1.52GB</DISK>
</comp>
<comp>
  <id>Comp:18-2-4</id>
  <CPU>0.326Gf</CPU>
  <RAM>0.169GB</RAM>
  <DISK>1.52GB</DISK>
</comp>
<comp>
  <id>Comp:18-2-5</id>
  <CPU>0.326Gf</CPU>
  <RAM>0.169GB</RAM>
  <DISK>1.52GB</DISK>
</comp>
<comp>
  <id>Comp:18-2-6</id>
  <CPU>0.326Gf</CPU>
  <RAM>0.169GB</RAM>
  <DISK>1.52GB</DISK>
</comp>
<comp>
  <id>Comp:18-2-7</id>
  <CPU>0.326Gf</CPU>
  <RAM>0.169GB</RAM>
  <DISK>1.52GB</DISK>
</comp>
<comp>
  <id>Comp:18-2-8</id>
  <CPU>0.326Gf</CPU>
  <RAM>0.169GB</RAM>
  <DISK>1.52GB</DISK>
</comp>
<comp>
  <id>Comp:18-3-0</id>
  <CPU>0.396Gf</CPU>
  <RAM>0.841GB</RAM>
  <DISK>1.37GB</DISK>
</comp>
<comp>
  <id>Comp:18-3-1</id>
  <CPU>0.396Gf</CPU>
  <RAM>0.841GB</RAM>
  <DISK>1.37GB</DISK>
</comp>
<comp>
  <id>Comp:18-3-2</id>
  <CPU>0.396Gf</CPU>
  <RAM>0.841GB</RAM>
  <DISK>1.37GB</DISK>
</comp>
<comp>
  <id>Comp:18-4-0</id>
  <CPU>0.657Gf</CPU>
  <RAM>0.716GB</RAM>
  <DISK>0.496GB</DISK>
</comp>
<comp>
  <id>Comp:18-4-1</id>
  <CPU>0.657Gf</CPU>
  <RAM>0.716GB</RAM>
  <DISK>0.496GB</DISK>
</comp>
  <bind>Comp:18-1-0 Comp:18-0-0 0.799MBps 35.8ms</bind>
  <bind>Comp:18-0-0 Comp:18-1-0 0.799MBps 35.8ms</bind>
  <bind>Comp:18-1-1 Comp:18-0-1 0.799MBps 35.8ms</bind>
  <bind>Comp:18-0-1 Comp:18-1-1 0.799MBps 35.8ms</bind>
  <bind>Comp:18-1-2 Comp:18-0-2 0.799MBps 35.8ms</bind>
  <bind>Comp:18-0-2 Comp:18-1-2 0.799MBps 35.8ms</bind>
  <bind>Comp:18-1-0 Comp:18-0-3 0.799MBps 35.8ms</bind>
  <bind>Comp:18-0-3 Comp:18-1-0 0.799MBps 35.8ms</bind>
  <bind>Comp:18-1-1 Comp:18-0-4 0.799MBps 35.8ms</bind>
  <bind>Comp:18-0-4 Comp:18-1-1 0.799MBps 35.8ms</bind>
  <bind>Comp:18-1-2 Comp:18-0-5 0.799MBps 35.8ms</bind>
  <bind>Comp:18-0-5 Comp:18-1-2 0.799MBps 35.8ms</bind>
  <bind>Comp:18-1-0 Comp:18-0-6 0.799MBps 35.8ms</bind>
  <bind>Comp:18-0-6 Comp:18-1-0 0.799MBps 35.8ms</bind>
  <bind>Comp:18-1-1 Comp:18-0-7 0.799MBps 35.8ms</bind>
  <bind>Comp:18-0-7 Comp:18-1-1 0.799MBps 35.8ms</bind>
  <bind>Comp:18-1-2 Comp:18-0-8 0.799MBps 35.8ms</bind>
  <bind>Comp:18-0-8 Comp:18-1-2 0.799MBps 35.8ms</bind>
  <bind>Comp:18-2-0 Comp:18-1-0 0.287MBps 46.9ms</bind>
  <bind>Comp:18-1-0 Comp:18-2-0 0.287MBps 46.9ms</bind>
  <bind>Comp:18-2-1 Comp:18-1-1 0.287MBps 46.9ms</bind>
  <bind>Comp:18-1-1 Comp:18-2-1 0.287MBps 46.9ms</bind>
  <bind>Comp:18-2-2 Comp:18-1-2 0.287MBps 46.9ms</bind>
  <bind>Comp:18-1-2 Comp:18-2-2 0.287MBps 46.9ms</bind>
  <bind>Comp:18-2-3 Comp:18-1-0 0.287MBps 46.9ms</bind>
  <bind>Comp:18-1-0 Comp:18-2-3 0.287MBps 46.9ms</bind>
  <bind>Comp:18-2-4 Comp:18-1-1 0.287MBps 46.9ms</bind>
  <bind>Comp:18-1-1 Comp:18-2-4 0.287MBps 46.9ms</bind>
  <bind>Comp:18-2-5 Comp:18-1-2 0.287MBps 46.9ms</bind>
  <bind>Comp:18-1-2 Comp:18-2-5 0.287MBps 46.9ms</bind>
  <bind>Comp:18-2-6 Comp:18-1-0 0.287MBps 46.9ms</bind>
  <bind>Comp:18-1-0 Comp:18-2-6 0.287MBps 46.9ms</bind>
  <bind>Comp:18-2-7 Comp:18-1-1 0.287MBps 46.9ms</bind>
  <bind>Comp:18-1-1 Comp:18-2-7 0.287MBps 46.9ms</bind>
  <bind>Comp:18-2-8 Comp:18-1-2 0.287MBps 46.9ms</bind>
  <bind>Comp:18-1-2 Comp:18-2-8 0.287MBps 46.9ms</bind>
  <bind>Comp:18-3-0 Comp:18-2-0 0.903MBps 36.9ms</bind>
  <bind>Comp:18-2-0 Comp:18-3-0 0.903MBps 36.9ms</bind>
  <bind>Comp:18-3-1 Comp:18-2-1 0.903MBps 36.9ms</bind>
  <bind>Comp:18-2-1 Comp:18-3-1 0.903MBps 36.9ms</bind>
  <bind>Comp:18-3-2 Comp:18-2-2 0.903MBps 36.9ms</bind>
  <bind>Comp:18-2-2 Comp:18-3-2 0.903MBps 36.9ms</bind>
  <bind>Comp:18-3-0 Comp:18-2-3 0.903MBps 36.9ms</bind>
  <bind>Comp:18-2-3 Comp:18-3-0 0.903MBps 36.9ms</bind>
  <bind>Comp:18-3-1 Comp:18-2-4 0.903MBps 36.9ms</bind>
  <bind>Comp:18-2-4 Comp:18-3-1 0.903MBps 36.9ms</bind>
  <bind>Comp:18-3-2 Comp:18-2-5 0.903MBps 36.9ms</bind>
  <bind>Comp:18-2-5 Comp:18-3-2 0.903MBps 36.9ms</bind>
  <bind>Comp:18-3-0 Comp:18-2-6 0.903MBps 36.9ms</bind>
  <bind>Comp:18-2-6 Comp:18-3-0 0.903MBps 36.9ms</bind>
  <bind>Comp:18-3-1 Comp:18-2-7 0.903MBps 36.9ms</bind>
  <bind>Comp:18-2-7 Comp:18-3-1 0.903MBps 36.9ms</bind>
  <bind>Comp:18-3-2 Comp:18-2-8 0.903MBps 36.9ms</bind>
  <bind>Comp:18-2-8 Comp:18-3-2 0.903MBps 36.9ms</bind>
  <bind>Comp:18-4-0 Comp:18-3-0 0.492MBps 26.0ms</bind>
  <bind>Comp:18-3-0 Comp:18-4-0 0.492MBps 26.0ms</bind>
  <bind>Comp:18-4-1 Comp:18-3-1 0.492MBps 26.0ms</bind>
  <bind>Comp:18-3-1 Comp:18-4-1 0.492MBps 26.0ms</bind>
  <bind>Comp:18-4-0 Comp:18-3-2 0.492MBps 26.0ms</bind>
  <bind>Comp:18-3-2 Comp:18-4-0 0.492MBps 26.0ms</bind>
  <bind>Comp:18-4-0 Appliance-268 0.788MBps 40.4ms</bind>
  <bind>Appliance-268 Comp:18-4-0 0.788MBps 40.4ms</bind>
  <bind>Comp:18-4-1 Appliance-255 0.788MBps 40.4ms</bind>
  <bind>Appliance-255 Comp:18-4-1 0.788MBps 40.4ms</bind>
</app>
<app>
  <id>App19</id>
<comp>
  <id>Comp:19-0-0</id>
  <CPU>0.57Gf</CPU>
  <RAM>0.125GB</RAM>
  <DISK>1.96GB</DISK>
</comp>
<comp>
  <id>Comp:19-0-1</id>
  <CPU>0.57Gf</CPU>
  <RAM>0.125GB</RAM>
  <DISK>1.96GB</DISK>
</comp>
<comp>
  <id>Comp:19-0-2</id>
  <CPU>0.57Gf</CPU>
  <RAM>0.125GB</RAM>
  <DISK>1.96GB</DISK>
</comp>
<comp>
  <id>Comp:19-0-3</id>
  <CPU>0.57Gf</CPU>
  <RAM>0.125GB</RAM>
  <DISK>1.96GB</DISK>
</comp>
<comp>
  <id>Comp:19-0-4</id>
  <CPU>0.57Gf</CPU>
  <RAM>0.125GB</RAM>
  <DISK>1.96GB</DISK>
</comp>
<comp>
  <id>Comp:19-1-0</id>
  <CPU>0.368Gf</CPU>
  <RAM>0.402GB</RAM>
  <DISK>1.64GB</DISK>
</comp>
<comp>
  <id>Comp:19-1-1</id>
  <CPU>0.368Gf</CPU>
  <RAM>0.402GB</RAM>
  <DISK>1.64GB</DISK>
</comp>
<comp>
  <id>Comp:19-1-2</id>
  <CPU>0.368Gf</CPU>
  <RAM>0.402GB</RAM>
  <DISK>1.64GB</DISK>
</comp>
<comp>
  <id>Comp:19-1-3</id>
  <CPU>0.368Gf</CPU>
  <RAM>0.402GB</RAM>
  <DISK>1.64GB</DISK>
</comp>
<comp>
  <id>Comp:19-1-4</id>
  <CPU>0.368Gf</CPU>
  <RAM>0.402GB</RAM>
  <DISK>1.64GB</DISK>
</comp>
<comp>
  <id>Comp:19-2-0</id>
  <CPU>0.47Gf</CPU>
  <RAM>0.867GB</RAM>
  <DISK>1.57GB</DISK>
</comp>
<comp>
  <id>Comp:19-2-1</id>
  <CPU>0.47Gf</CPU>
  <RAM>0.867GB</RAM>
  <DISK>1.57GB</DISK>
</comp>
<comp>
  <id>Comp:19-2-2</id>
  <CPU>0.47Gf</CPU>
  <RAM>0.867GB</RAM>
  <DISK>1.57GB</DISK>
</comp>
<comp>
  <id>Comp:19-2-3</id>
  <CPU>0.47Gf</CPU>
  <RAM>0.867GB</RAM>
  <DISK>1.57GB</DISK>
</comp>
<comp>
  <id>Comp:19-2-4</id>
  <CPU>0.47Gf</CPU>
  <RAM>0.867GB</RAM>
  <DISK>1.57GB</DISK>
</comp>
<comp>
  <id>Comp:19-2-5</id>
  <CPU>0.47Gf</CPU>
  <RAM>0.867GB</RAM>
  <DISK>1.57GB</DISK>
</comp>
<comp>
  <id>Comp:19-2-6</id>
  <CPU>0.47Gf</CPU>
  <RAM>0.867GB</RAM>
  <DISK>1.57GB</DISK>
</comp>
<comp>
  <id>Comp:19-2-7</id>
  <CPU>0.47Gf</CPU>
  <RAM>0.867GB</RAM>
  <DISK>1.57GB</DISK>
</comp>
<comp>
  <id>Comp:19-2-8</id>
  <CPU>0.47Gf</CPU>
  <RAM>0.867GB</RAM>
  <DISK>1.57GB</DISK>
</comp>
<comp>
  <id>Comp:19-2-9</id>
  <CPU>0.47Gf</CPU>
  <RAM>0.867GB</RAM>
  <DISK>1.57GB</DISK>
</comp>
<comp>
  <id>Comp:19-3-0</id>
  <CPU>0.115Gf</CPU>
  <RAM>0.248GB</RAM>
  <DISK>0.253GB</DISK>
</comp>
<comp>
  <id>Comp:19-3-1</id>
  <CPU>0.115Gf</CPU>
  <RAM>0.248GB</RAM>
  <DISK>0.253GB</DISK>
</comp>
<comp>
  <id>Comp:19-3-2</id>
  <CPU>0.115Gf</CPU>
  <RAM>0.248GB</RAM>
  <DISK>0.253GB</DISK>
</comp>
<comp>
  <id>Comp:19-4-0</id>
  <CPU>0.234Gf</CPU>
  <RAM>0.23GB</RAM>
  <DISK>1.34GB</DISK>
</comp>
<comp>
  <id>Comp:19-4-1</id>
  <CPU>0.234Gf</CPU>
  <RAM>0.23GB</RAM>
  <DISK>1.34GB</DISK>
</comp>
<comp>
  <id>Comp:19-4-2</id>
  <CPU>0.234Gf</CPU>
  <RAM>0.23GB</RAM>
  <DISK>1.34GB</DISK>
</comp>
<comp>
  <id>Comp:19-4-3</id>
  <CPU>0.234Gf</CPU>
  <RAM>0.23GB</RAM>
  <DISK>1.34GB</DISK>
</comp>
<comp>
  <id>Comp:19-4-4</id>
  <CPU>0.234Gf</CPU>
  <RAM>0.23GB</RAM>
  <DISK>1.34GB</DISK>
</comp>
<comp>
  <id>Comp:19-4-5</id>
  <CPU>0.234Gf</CPU>
  <RAM>0.23GB</RAM>
  <DISK>1.34GB</DISK>
</comp>
<comp>
  <id>Comp:19-4-6</id>
  <CPU>0.234Gf</CPU>
  <RAM>0.23GB</RAM>
  <DISK>1.34GB</DISK>
</comp>
<comp>
  <id>Comp:19-5-0</id>
  <CPU>0.592Gf</CPU>
  <RAM>0.388GB</RAM>
  <DISK>0.26GB</DISK>
</comp>
<comp>
  <id>Comp:19-5-1</id>
  <CPU>0.592Gf</CPU>
  <RAM>0.388GB</RAM>
  <DISK>0.26GB</DISK>
</comp>
<comp>
  <id>Comp:19-5-2</id>
  <CPU>0.592Gf</CPU>
  <RAM>0.388GB</RAM>
  <DISK>0.26GB</DISK>
</comp>
<comp>
  <id>Comp:19-5-3</id>
  <CPU>0.592Gf</CPU>
  <RAM>0.388GB</RAM>
  <DISK>0.26GB</DISK>
</comp>
<comp>
  <id>Comp:19-5-4</id>
  <CPU>0.592Gf</CPU>
  <RAM>0.388GB</RAM>
  <DISK>0.26GB</DISK>
</comp>
<comp>
  <id>Comp:19-5-5</id>
  <CPU>0.592Gf</CPU>
  <RAM>0.388GB</RAM>
  <DISK>0.26GB</DISK>
</comp>
  <bind>Comp:19-1-0 Comp:19-0-0 0.534MBps 41.8ms</bind>
  <bind>Comp:19-0-0 Comp:19-1-0 0.534MBps 41.8ms</bind>
  <bind>Comp:19-1-1 Comp:19-0-1 0.534MBps 41.8ms</bind>
  <bind>Comp:19-0-1 Comp:19-1-1 0.534MBps 41.8ms</bind>
  <bind>Comp:19-1-2 Comp:19-0-2 0.534MBps 41.8ms</bind>
  <bind>Comp:19-0-2 Comp:19-1-2 0.534MBps 41.8ms</bind>
  <bind>Comp:19-1-3 Comp:19-0-3 0.534MBps 41.8ms</bind>
  <bind>Comp:19-0-3 Comp:19-1-3 0.534MBps 41.8ms</bind>
  <bind>Comp:19-1-4 Comp:19-0-4 0.534MBps 41.8ms</bind>
  <bind>Comp:19-0-4 Comp:19-1-4 0.534MBps 41.8ms</bind>
  <bind>Comp:19-2-0 Comp:19-1-0 0.633MBps 36.0ms</bind>
  <bind>Comp:19-1-0 Comp:19-2-0 0.633MBps 36.0ms</bind>
  <bind>Comp:19-2-1 Comp:19-1-1 0.633MBps 36.0ms</bind>
  <bind>Comp:19-1-1 Comp:19-2-1 0.633MBps 36.0ms</bind>
  <bind>Comp:19-2-2 Comp:19-1-2 0.633MBps 36.0ms</bind>
  <bind>Comp:19-1-2 Comp:19-2-2 0.633MBps 36.0ms</bind>
  <bind>Comp:19-2-3 Comp:19-1-3 0.633MBps 36.0ms</bind>
  <bind>Comp:19-1-3 Comp:19-2-3 0.633MBps 36.0ms</bind>
  <bind>Comp:19-2-4 Comp:19-1-4 0.633MBps 36.0ms</bind>
  <bind>Comp:19-1-4 Comp:19-2-4 0.633MBps 36.0ms</bind>
  <bind>Comp:19-2-5 Comp:19-1-0 0.633MBps 36.0ms</bind>
  <bind>Comp:19-1-0 Comp:19-2-5 0.633MBps 36.0ms</bind>
  <bind>Comp:19-2-6 Comp:19-1-1 0.633MBps 36.0ms</bind>
  <bind>Comp:19-1-1 Comp:19-2-6 0.633MBps 36.0ms</bind>
  <bind>Comp:19-2-7 Comp:19-1-2 0.633MBps 36.0ms</bind>
  <bind>Comp:19-1-2 Comp:19-2-7 0.633MBps 36.0ms</bind>
  <bind>Comp:19-2-8 Comp:19-1-3 0.633MBps 36.0ms</bind>
  <bind>Comp:19-1-3 Comp:19-2-8 0.633MBps 36.0ms</bind>
  <bind>Comp:19-2-9 Comp:19-1-4 0.633MBps 36.0ms</bind>
  <bind>Comp:19-1-4 Comp:19-2-9 0.633MBps 36.0ms</bind>
  <bind>Comp:19-3-0 Comp:19-2-0 0.609MBps 25.6ms</bind>
  <bind>Comp:19-2-0 Comp:19-3-0 0.609MBps 25.6ms</bind>
  <bind>Comp:19-3-1 Comp:19-2-1 0.609MBps 25.6ms</bind>
  <bind>Comp:19-2-1 Comp:19-3-1 0.609MBps 25.6ms</bind>
  <bind>Comp:19-3-2 Comp:19-2-2 0.609MBps 25.6ms</bind>
  <bind>Comp:19-2-2 Comp:19-3-2 0.609MBps 25.6ms</bind>
  <bind>Comp:19-3-0 Comp:19-2-3 0.609MBps 25.6ms</bind>
  <bind>Comp:19-2-3 Comp:19-3-0 0.609MBps 25.6ms</bind>
  <bind>Comp:19-3-1 Comp:19-2-4 0.609MBps 25.6ms</bind>
  <bind>Comp:19-2-4 Comp:19-3-1 0.609MBps 25.6ms</bind>
  <bind>Comp:19-3-2 Comp:19-2-5 0.609MBps 25.6ms</bind>
  <bind>Comp:19-2-5 Comp:19-3-2 0.609MBps 25.6ms</bind>
  <bind>Comp:19-3-0 Comp:19-2-6 0.609MBps 25.6ms</bind>
  <bind>Comp:19-2-6 Comp:19-3-0 0.609MBps 25.6ms</bind>
  <bind>Comp:19-3-1 Comp:19-2-7 0.609MBps 25.6ms</bind>
  <bind>Comp:19-2-7 Comp:19-3-1 0.609MBps 25.6ms</bind>
  <bind>Comp:19-3-2 Comp:19-2-8 0.609MBps 25.6ms</bind>
  <bind>Comp:19-2-8 Comp:19-3-2 0.609MBps 25.6ms</bind>
  <bind>Comp:19-3-0 Comp:19-2-9 0.609MBps 25.6ms</bind>
  <bind>Comp:19-2-9 Comp:19-3-0 0.609MBps 25.6ms</bind>
  <bind>Comp:19-4-0 Comp:19-3-0 0.108MBps 28.4ms</bind>
  <bind>Comp:19-3-0 Comp:19-4-0 0.108MBps 28.4ms</bind>
  <bind>Comp:19-4-1 Comp:19-3-1 0.108MBps 28.4ms</bind>
  <bind>Comp:19-3-1 Comp:19-4-1 0.108MBps 28.4ms</bind>
  <bind>Comp:19-4-2 Comp:19-3-2 0.108MBps 28.4ms</bind>
  <bind>Comp:19-3-2 Comp:19-4-2 0.108MBps 28.4ms</bind>
  <bind>Comp:19-4-3 Comp:19-3-0 0.108MBps 28.4ms</bind>
  <bind>Comp:19-3-0 Comp:19-4-3 0.108MBps 28.4ms</bind>
  <bind>Comp:19-4-4 Comp:19-3-1 0.108MBps 28.4ms</bind>
  <bind>Comp:19-3-1 Comp:19-4-4 0.108MBps 28.4ms</bind>
  <bind>Comp:19-4-5 Comp:19-3-2 0.108MBps 28.4ms</bind>
  <bind>Comp:19-3-2 Comp:19-4-5 0.108MBps 28.4ms</bind>
  <bind>Comp:19-4-6 Comp:19-3-0 0.108MBps 28.4ms</bind>
  <bind>Comp:19-3-0 Comp:19-4-6 0.108MBps 28.4ms</bind>
  <bind>Comp:19-5-0 Comp:19-4-0 0.473MBps 28.0ms</bind>
  <bind>Comp:19-4-0 Comp:19-5-0 0.473MBps 28.0ms</bind>
  <bind>Comp:19-5-1 Comp:19-4-1 0.473MBps 28.0ms</bind>
  <bind>Comp:19-4-1 Comp:19-5-1 0.473MBps 28.0ms</bind>
  <bind>Comp:19-5-2 Comp:19-4-2 0.473MBps 28.0ms</bind>
  <bind>Comp:19-4-2 Comp:19-5-2 0.473MBps 28.0ms</bind>
  <bind>Comp:19-5-3 Comp:19-4-3 0.473MBps 28.0ms</bind>
  <bind>Comp:19-4-3 Comp:19-5-3 0.473MBps 28.0ms</bind>
  <bind>Comp:19-5-4 Comp:19-4-4 0.473MBps 28.0ms</bind>
  <bind>Comp:19-4-4 Comp:19-5-4 0.473MBps 28.0ms</bind>
  <bind>Comp:19-5-5 Comp:19-4-5 0.473MBps 28.0ms</bind>
  <bind>Comp:19-4-5 Comp:19-5-5 0.473MBps 28.0ms</bind>
  <bind>Comp:19-5-0 Comp:19-4-6 0.473MBps 28.0ms</bind>
  <bind>Comp:19-4-6 Comp:19-5-0 0.473MBps 28.0ms</bind>
  <bind>Comp:19-5-0 Appliance-139 0.228MBps 26.7ms</bind>
  <bind>Appliance-139 Comp:19-5-0 0.228MBps 26.7ms</bind>
  <bind>Comp:19-5-1 Appliance-103 0.228MBps 26.7ms</bind>
  <bind>Appliance-103 Comp:19-5-1 0.228MBps 26.7ms</bind>
  <bind>Comp:19-5-2 Appliance-119 0.228MBps 26.7ms</bind>
  <bind>Appliance-119 Comp:19-5-2 0.228MBps 26.7ms</bind>
  <bind>Comp:19-5-3 Appliance-139 0.228MBps 26.7ms</bind>
  <bind>Appliance-139 Comp:19-5-3 0.228MBps 26.7ms</bind>
  <bind>Comp:19-5-4 Appliance-103 0.228MBps 26.7ms</bind>
  <bind>Appliance-103 Comp:19-5-4 0.228MBps 26.7ms</bind>
  <bind>Comp:19-5-5 Appliance-119 0.228MBps 26.7ms</bind>
  <bind>Appliance-119 Comp:19-5-5 0.228MBps 26.7ms</bind>
</app>
<app>
  <id>App2</id>
<comp>
  <id>Comp:2-1-0</id>
  <CPU>0.48Gf</CPU>
  <RAM>0.877GB</RAM>
  <DISK>1.91GB</DISK>
</comp>
<comp>
  <id>Comp:2-1-1</id>
  <CPU>0.48Gf</CPU>
  <RAM>0.877GB</RAM>
  <DISK>1.91GB</DISK>
</comp>
<comp>
  <id>Comp:2-1-2</id>
  <CPU>0.48Gf</CPU>
  <RAM>0.877GB</RAM>
  <DISK>1.91GB</DISK>
</comp>
<comp>
  <id>Comp:2-1-3</id>
  <CPU>0.48Gf</CPU>
  <RAM>0.877GB</RAM>
  <DISK>1.91GB</DISK>
</comp>
<comp>
  <id>Comp:2-1-4</id>
  <CPU>0.48Gf</CPU>
  <RAM>0.877GB</RAM>
  <DISK>1.91GB</DISK>
</comp>
<comp>
  <id>Comp:2-1-5</id>
  <CPU>0.48Gf</CPU>
  <RAM>0.877GB</RAM>
  <DISK>1.91GB</DISK>
</comp>
<comp>
  <id>Comp:2-1-6</id>
  <CPU>0.48Gf</CPU>
  <RAM>0.877GB</RAM>
  <DISK>1.91GB</DISK>
</comp>
<comp>
  <id>Comp:2-1-7</id>
  <CPU>0.48Gf</CPU>
  <RAM>0.877GB</RAM>
  <DISK>1.91GB</DISK>
</comp>
<comp>
  <id>Comp:2-1-8</id>
  <CPU>0.48Gf</CPU>
  <RAM>0.877GB</RAM>
  <DISK>1.91GB</DISK>
</comp>
<comp>
  <id>Comp:2-1-9</id>
  <CPU>0.48Gf</CPU>
  <RAM>0.877GB</RAM>
  <DISK>1.91GB</DISK>
</comp>
<comp>
  <id>Comp:2-2-0</id>
  <CPU>0.902Gf</CPU>
  <RAM>0.71GB</RAM>
  <DISK>1.09GB</DISK>
</comp>
<comp>
  <id>Comp:2-2-1</id>
  <CPU>0.902Gf</CPU>
  <RAM>0.71GB</RAM>
  <DISK>1.09GB</DISK>
</comp>
<comp>
  <id>Comp:2-2-2</id>
  <CPU>0.902Gf</CPU>
  <RAM>0.71GB</RAM>
  <DISK>1.09GB</DISK>
</comp>
<comp>
  <id>Comp:2-2-3</id>
  <CPU>0.902Gf</CPU>
  <RAM>0.71GB</RAM>
  <DISK>1.09GB</DISK>
</comp>
<comp>
  <id>Comp:2-2-4</id>
  <CPU>0.902Gf</CPU>
  <RAM>0.71GB</RAM>
  <DISK>1.09GB</DISK>
</comp>
<comp>
  <id>Comp:2-2-5</id>
  <CPU>0.902Gf</CPU>
  <RAM>0.71GB</RAM>
  <DISK>1.09GB</DISK>
</comp>
<comp>
  <id>Comp:2-3-0</id>
  <CPU>0.781Gf</CPU>
  <RAM>0.909GB</RAM>
  <DISK>1.12GB</DISK>
</comp>
<comp>
  <id>Comp:2-3-1</id>
  <CPU>0.781Gf</CPU>
  <RAM>0.909GB</RAM>
  <DISK>1.12GB</DISK>
</comp>
<comp>
  <id>Comp:2-3-2</id>
  <CPU>0.781Gf</CPU>
  <RAM>0.909GB</RAM>
  <DISK>1.12GB</DISK>
</comp>
<comp>
  <id>Comp:2-3-3</id>
  <CPU>0.781Gf</CPU>
  <RAM>0.909GB</RAM>
  <DISK>1.12GB</DISK>
</comp>
<comp>
  <id>Comp:2-4-0</id>
  <CPU>0.511Gf</CPU>
  <RAM>0.529GB</RAM>
  <DISK>0.0346GB</DISK>
</comp>
<comp>
  <id>Comp:2-4-1</id>
  <CPU>0.511Gf</CPU>
  <RAM>0.529GB</RAM>
  <DISK>0.0346GB</DISK>
</comp>
<comp>
  <id>Comp:2-4-2</id>
  <CPU>0.511Gf</CPU>
  <RAM>0.529GB</RAM>
  <DISK>0.0346GB</DISK>
</comp>
<comp>
  <id>Comp:2-4-3</id>
  <CPU>0.511Gf</CPU>
  <RAM>0.529GB</RAM>
  <DISK>0.0346GB</DISK>
</comp>
<comp>
  <id>Comp:2-4-4</id>
  <CPU>0.511Gf</CPU>
  <RAM>0.529GB</RAM>
  <DISK>0.0346GB</DISK>
</comp>
<comp>
  <id>Comp:2-4-5</id>
  <CPU>0.511Gf</CPU>
  <RAM>0.529GB</RAM>
  <DISK>0.0346GB</DISK>
</comp>
<comp>
  <id>Comp:2-5-0</id>
  <CPU>0.863Gf</CPU>
  <RAM>0.704GB</RAM>
  <DISK>1.11GB</DISK>
</comp>
<comp>
  <id>Comp:2-5-1</id>
  <CPU>0.863Gf</CPU>
  <RAM>0.704GB</RAM>
  <DISK>1.11GB</DISK>
</comp>
<comp>
  <id>Comp:2-5-2</id>
  <CPU>0.863Gf</CPU>
  <RAM>0.704GB</RAM>
  <DISK>1.11GB</DISK>
</comp>
<comp>
  <id>Comp:2-5-3</id>
  <CPU>0.863Gf</CPU>
  <RAM>0.704GB</RAM>
  <DISK>1.11GB</DISK>
</comp>
<comp>
  <id>Comp:2-5-4</id>
  <CPU>0.863Gf</CPU>
  <RAM>0.704GB</RAM>
  <DISK>1.11GB</DISK>
</comp>
<comp>
  <id>Comp:2-5-5</id>
  <CPU>0.863Gf</CPU>
  <RAM>0.704GB</RAM>
  <DISK>1.11GB</DISK>
</comp>
<comp>
  <id>Comp:2-5-6</id>
  <CPU>0.863Gf</CPU>
  <RAM>0.704GB</RAM>
  <DISK>1.11GB</DISK>
</comp>
<comp>
  <id>Comp:2-5-7</id>
  <CPU>0.863Gf</CPU>
  <RAM>0.704GB</RAM>
  <DISK>1.11GB</DISK>
</comp>
<comp>
  <id>Comp:2-5-8</id>
  <CPU>0.863Gf</CPU>
  <RAM>0.704GB</RAM>
  <DISK>1.11GB</DISK>
</comp>
<comp>
  <id>Comp:2-5-9</id>
  <CPU>0.863Gf</CPU>
  <RAM>0.704GB</RAM>
  <DISK>1.11GB</DISK>
</comp>
  <bind>Comp:2-1-0 Appliance-1 0.0717MBps 48.6ms</bind>
  <bind>Appliance-1 Comp:2-1-0 0.0717MBps 48.6ms</bind>
  <bind>Comp:2-1-1 Appliance-193 0.0717MBps 48.6ms</bind>
  <bind>Appliance-193 Comp:2-1-1 0.0717MBps 48.6ms</bind>
  <bind>Comp:2-1-2 Appliance-51 0.0717MBps 48.6ms</bind>
  <bind>Appliance-51 Comp:2-1-2 0.0717MBps 48.6ms</bind>
  <bind>Comp:2-1-3 Appliance-28 0.0717MBps 48.6ms</bind>
  <bind>Appliance-28 Comp:2-1-3 0.0717MBps 48.6ms</bind>
  <bind>Comp:2-1-4 Appliance-1 0.0717MBps 48.6ms</bind>
  <bind>Appliance-1 Comp:2-1-4 0.0717MBps 48.6ms</bind>
  <bind>Comp:2-1-5 Appliance-193 0.0717MBps 48.6ms</bind>
  <bind>Appliance-193 Comp:2-1-5 0.0717MBps 48.6ms</bind>
  <bind>Comp:2-1-6 Appliance-51 0.0717MBps 48.6ms</bind>
  <bind>Appliance-51 Comp:2-1-6 0.0717MBps 48.6ms</bind>
  <bind>Comp:2-1-7 Appliance-28 0.0717MBps 48.6ms</bind>
  <bind>Appliance-28 Comp:2-1-7 0.0717MBps 48.6ms</bind>
  <bind>Comp:2-1-8 Appliance-1 0.0717MBps 48.6ms</bind>
  <bind>Appliance-1 Comp:2-1-8 0.0717MBps 48.6ms</bind>
  <bind>Comp:2-1-9 Appliance-193 0.0717MBps 48.6ms</bind>
  <bind>Appliance-193 Comp:2-1-9 0.0717MBps 48.6ms</bind>
  <bind>Comp:2-2-0 Comp:2-1-0 0.459MBps 37.5ms</bind>
  <bind>Comp:2-1-0 Comp:2-2-0 0.459MBps 37.5ms</bind>
  <bind>Comp:2-2-1 Comp:2-1-1 0.459MBps 37.5ms</bind>
  <bind>Comp:2-1-1 Comp:2-2-1 0.459MBps 37.5ms</bind>
  <bind>Comp:2-2-2 Comp:2-1-2 0.459MBps 37.5ms</bind>
  <bind>Comp:2-1-2 Comp:2-2-2 0.459MBps 37.5ms</bind>
  <bind>Comp:2-2-3 Comp:2-1-3 0.459MBps 37.5ms</bind>
  <bind>Comp:2-1-3 Comp:2-2-3 0.459MBps 37.5ms</bind>
  <bind>Comp:2-2-4 Comp:2-1-4 0.459MBps 37.5ms</bind>
  <bind>Comp:2-1-4 Comp:2-2-4 0.459MBps 37.5ms</bind>
  <bind>Comp:2-2-5 Comp:2-1-5 0.459MBps 37.5ms</bind>
  <bind>Comp:2-1-5 Comp:2-2-5 0.459MBps 37.5ms</bind>
  <bind>Comp:2-2-0 Comp:2-1-6 0.459MBps 37.5ms</bind>
  <bind>Comp:2-1-6 Comp:2-2-0 0.459MBps 37.5ms</bind>
  <bind>Comp:2-2-1 Comp:2-1-7 0.459MBps 37.5ms</bind>
  <bind>Comp:2-1-7 Comp:2-2-1 0.459MBps 37.5ms</bind>
  <bind>Comp:2-2-2 Comp:2-1-8 0.459MBps 37.5ms</bind>
  <bind>Comp:2-1-8 Comp:2-2-2 0.459MBps 37.5ms</bind>
  <bind>Comp:2-2-3 Comp:2-1-9 0.459MBps 37.5ms</bind>
  <bind>Comp:2-1-9 Comp:2-2-3 0.459MBps 37.5ms</bind>
  <bind>Comp:2-3-0 Comp:2-2-0 0.634MBps 33.7ms</bind>
  <bind>Comp:2-2-0 Comp:2-3-0 0.634MBps 33.7ms</bind>
  <bind>Comp:2-3-1 Comp:2-2-1 0.634MBps 33.7ms</bind>
  <bind>Comp:2-2-1 Comp:2-3-1 0.634MBps 33.7ms</bind>
  <bind>Comp:2-3-2 Comp:2-2-2 0.634MBps 33.7ms</bind>
  <bind>Comp:2-2-2 Comp:2-3-2 0.634MBps 33.7ms</bind>
  <bind>Comp:2-3-3 Comp:2-2-3 0.634MBps 33.7ms</bind>
  <bind>Comp:2-2-3 Comp:2-3-3 0.634MBps 33.7ms</bind>
  <bind>Comp:2-3-0 Comp:2-2-4 0.634MBps 33.7ms</bind>
  <bind>Comp:2-2-4 Comp:2-3-0 0.634MBps 33.7ms</bind>
  <bind>Comp:2-3-1 Comp:2-2-5 0.634MBps 33.7ms</bind>
  <bind>Comp:2-2-5 Comp:2-3-1 0.634MBps 33.7ms</bind>
  <bind>Comp:2-4-0 Comp:2-3-0 0.686MBps 27.6ms</bind>
  <bind>Comp:2-3-0 Comp:2-4-0 0.686MBps 27.6ms</bind>
  <bind>Comp:2-4-1 Comp:2-3-1 0.686MBps 27.6ms</bind>
  <bind>Comp:2-3-1 Comp:2-4-1 0.686MBps 27.6ms</bind>
  <bind>Comp:2-4-2 Comp:2-3-2 0.686MBps 27.6ms</bind>
  <bind>Comp:2-3-2 Comp:2-4-2 0.686MBps 27.6ms</bind>
  <bind>Comp:2-4-3 Comp:2-3-3 0.686MBps 27.6ms</bind>
  <bind>Comp:2-3-3 Comp:2-4-3 0.686MBps 27.6ms</bind>
  <bind>Comp:2-4-4 Comp:2-3-0 0.686MBps 27.6ms</bind>
  <bind>Comp:2-3-0 Comp:2-4-4 0.686MBps 27.6ms</bind>
  <bind>Comp:2-4-5 Comp:2-3-1 0.686MBps 27.6ms</bind>
  <bind>Comp:2-3-1 Comp:2-4-5 0.686MBps 27.6ms</bind>
  <bind>Comp:2-5-0 Comp:2-4-0 0.029MBps 48.8ms</bind>
  <bind>Comp:2-4-0 Comp:2-5-0 0.029MBps 48.8ms</bind>
  <bind>Comp:2-5-1 Comp:2-4-1 0.029MBps 48.8ms</bind>
  <bind>Comp:2-4-1 Comp:2-5-1 0.029MBps 48.8ms</bind>
  <bind>Comp:2-5-2 Comp:2-4-2 0.029MBps 48.8ms</bind>
  <bind>Comp:2-4-2 Comp:2-5-2 0.029MBps 48.8ms</bind>
  <bind>Comp:2-5-3 Comp:2-4-3 0.029MBps 48.8ms</bind>
  <bind>Comp:2-4-3 Comp:2-5-3 0.029MBps 48.8ms</bind>
  <bind>Comp:2-5-4 Comp:2-4-4 0.029MBps 48.8ms</bind>
  <bind>Comp:2-4-4 Comp:2-5-4 0.029MBps 48.8ms</bind>
  <bind>Comp:2-5-5 Comp:2-4-5 0.029MBps 48.8ms</bind>
  <bind>Comp:2-4-5 Comp:2-5-5 0.029MBps 48.8ms</bind>
  <bind>Comp:2-5-6 Comp:2-4-0 0.029MBps 48.8ms</bind>
  <bind>Comp:2-4-0 Comp:2-5-6 0.029MBps 48.8ms</bind>
  <bind>Comp:2-5-7 Comp:2-4-1 0.029MBps 48.8ms</bind>
  <bind>Comp:2-4-1 Comp:2-5-7 0.029MBps 48.8ms</bind>
  <bind>Comp:2-5-8 Comp:2-4-2 0.029MBps 48.8ms</bind>
  <bind>Comp:2-4-2 Comp:2-5-8 0.029MBps 48.8ms</bind>
  <bind>Comp:2-5-9 Comp:2-4-3 0.029MBps 48.8ms</bind>
  <bind>Comp:2-4-3 Comp:2-5-9 0.029MBps 48.8ms</bind>
  <bind>Comp:2-5-0 Appliance-86 0.446MBps 38.2ms</bind>
  <bind>Appliance-86 Comp:2-5-0 0.446MBps 38.2ms</bind>
  <bind>Comp:2-5-1 Appliance-264 0.446MBps 38.2ms</bind>
  <bind>Appliance-264 Comp:2-5-1 0.446MBps 38.2ms</bind>
  <bind>Comp:2-5-2 Appliance-147 0.446MBps 38.2ms</bind>
  <bind>Appliance-147 Comp:2-5-2 0.446MBps 38.2ms</bind>
  <bind>Comp:2-5-3 Appliance-86 0.446MBps 38.2ms</bind>
  <bind>Appliance-86 Comp:2-5-3 0.446MBps 38.2ms</bind>
  <bind>Comp:2-5-4 Appliance-264 0.446MBps 38.2ms</bind>
  <bind>Appliance-264 Comp:2-5-4 0.446MBps 38.2ms</bind>
  <bind>Comp:2-5-5 Appliance-147 0.446MBps 38.2ms</bind>
  <bind>Appliance-147 Comp:2-5-5 0.446MBps 38.2ms</bind>
  <bind>Comp:2-5-6 Appliance-86 0.446MBps 38.2ms</bind>
  <bind>Appliance-86 Comp:2-5-6 0.446MBps 38.2ms</bind>
  <bind>Comp:2-5-7 Appliance-264 0.446MBps 38.2ms</bind>
  <bind>Appliance-264 Comp:2-5-7 0.446MBps 38.2ms</bind>
  <bind>Comp:2-5-8 Appliance-147 0.446MBps 38.2ms</bind>
  <bind>Appliance-147 Comp:2-5-8 0.446MBps 38.2ms</bind>
  <bind>Comp:2-5-9 Appliance-86 0.446MBps 38.2ms</bind>
  <bind>Appliance-86 Comp:2-5-9 0.446MBps 38.2ms</bind>
</app>
<app>
  <id>App20</id>
<comp>
  <id>Comp:20-0-0</id>
  <CPU>0.324Gf</CPU>
  <RAM>0.256GB</RAM>
  <DISK>1.33GB</DISK>
</comp>
<comp>
  <id>Comp:20-0-1</id>
  <CPU>0.324Gf</CPU>
  <RAM>0.256GB</RAM>
  <DISK>1.33GB</DISK>
</comp>
<comp>
  <id>Comp:20-0-2</id>
  <CPU>0.324Gf</CPU>
  <RAM>0.256GB</RAM>
  <DISK>1.33GB</DISK>
</comp>
<comp>
  <id>Comp:20-0-3</id>
  <CPU>0.324Gf</CPU>
  <RAM>0.256GB</RAM>
  <DISK>1.33GB</DISK>
</comp>
<comp>
  <id>Comp:20-0-4</id>
  <CPU>0.324Gf</CPU>
  <RAM>0.256GB</RAM>
  <DISK>1.33GB</DISK>
</comp>
<comp>
  <id>Comp:20-0-5</id>
  <CPU>0.324Gf</CPU>
  <RAM>0.256GB</RAM>
  <DISK>1.33GB</DISK>
</comp>
<comp>
  <id>Comp:20-1-0</id>
  <CPU>0.255Gf</CPU>
  <RAM>0.13GB</RAM>
  <DISK>1.12GB</DISK>
</comp>
<comp>
  <id>Comp:20-1-1</id>
  <CPU>0.255Gf</CPU>
  <RAM>0.13GB</RAM>
  <DISK>1.12GB</DISK>
</comp>
<comp>
  <id>Comp:20-1-2</id>
  <CPU>0.255Gf</CPU>
  <RAM>0.13GB</RAM>
  <DISK>1.12GB</DISK>
</comp>
<comp>
  <id>Comp:20-1-3</id>
  <CPU>0.255Gf</CPU>
  <RAM>0.13GB</RAM>
  <DISK>1.12GB</DISK>
</comp>
<comp>
  <id>Comp:20-1-4</id>
  <CPU>0.255Gf</CPU>
  <RAM>0.13GB</RAM>
  <DISK>1.12GB</DISK>
</comp>
<comp>
  <id>Comp:20-1-5</id>
  <CPU>0.255Gf</CPU>
  <RAM>0.13GB</RAM>
  <DISK>1.12GB</DISK>
</comp>
<comp>
  <id>Comp:20-1-6</id>
  <CPU>0.255Gf</CPU>
  <RAM>0.13GB</RAM>
  <DISK>1.12GB</DISK>
</comp>
<comp>
  <id>Comp:20-1-7</id>
  <CPU>0.255Gf</CPU>
  <RAM>0.13GB</RAM>
  <DISK>1.12GB</DISK>
</comp>
<comp>
  <id>Comp:20-1-8</id>
  <CPU>0.255Gf</CPU>
  <RAM>0.13GB</RAM>
  <DISK>1.12GB</DISK>
</comp>
<comp>
  <id>Comp:20-1-9</id>
  <CPU>0.255Gf</CPU>
  <RAM>0.13GB</RAM>
  <DISK>1.12GB</DISK>
</comp>
<comp>
  <id>Comp:20-2-0</id>
  <CPU>0.532Gf</CPU>
  <RAM>0.33GB</RAM>
  <DISK>1.84GB</DISK>
</comp>
<comp>
  <id>Comp:20-2-1</id>
  <CPU>0.532Gf</CPU>
  <RAM>0.33GB</RAM>
  <DISK>1.84GB</DISK>
</comp>
<comp>
  <id>Comp:20-2-2</id>
  <CPU>0.532Gf</CPU>
  <RAM>0.33GB</RAM>
  <DISK>1.84GB</DISK>
</comp>
<comp>
  <id>Comp:20-3-0</id>
  <CPU>0.131Gf</CPU>
  <RAM>0.991GB</RAM>
  <DISK>1.66GB</DISK>
</comp>
<comp>
  <id>Comp:20-3-1</id>
  <CPU>0.131Gf</CPU>
  <RAM>0.991GB</RAM>
  <DISK>1.66GB</DISK>
</comp>
<comp>
  <id>Comp:20-3-2</id>
  <CPU>0.131Gf</CPU>
  <RAM>0.991GB</RAM>
  <DISK>1.66GB</DISK>
</comp>
<comp>
  <id>Comp:20-3-3</id>
  <CPU>0.131Gf</CPU>
  <RAM>0.991GB</RAM>
  <DISK>1.66GB</DISK>
</comp>
<comp>
  <id>Comp:20-3-4</id>
  <CPU>0.131Gf</CPU>
  <RAM>0.991GB</RAM>
  <DISK>1.66GB</DISK>
</comp>
<comp>
  <id>Comp:20-3-5</id>
  <CPU>0.131Gf</CPU>
  <RAM>0.991GB</RAM>
  <DISK>1.66GB</DISK>
</comp>
<comp>
  <id>Comp:20-3-6</id>
  <CPU>0.131Gf</CPU>
  <RAM>0.991GB</RAM>
  <DISK>1.66GB</DISK>
</comp>
<comp>
  <id>Comp:20-3-7</id>
  <CPU>0.131Gf</CPU>
  <RAM>0.991GB</RAM>
  <DISK>1.66GB</DISK>
</comp>
<comp>
  <id>Comp:20-3-8</id>
  <CPU>0.131Gf</CPU>
  <RAM>0.991GB</RAM>
  <DISK>1.66GB</DISK>
</comp>
<comp>
  <id>Comp:20-3-9</id>
  <CPU>0.131Gf</CPU>
  <RAM>0.991GB</RAM>
  <DISK>1.66GB</DISK>
</comp>
<comp>
  <id>Comp:20-4-0</id>
  <CPU>0.68Gf</CPU>
  <RAM>0.268GB</RAM>
  <DISK>1.33GB</DISK>
</comp>
<comp>
  <id>Comp:20-4-1</id>
  <CPU>0.68Gf</CPU>
  <RAM>0.268GB</RAM>
  <DISK>1.33GB</DISK>
</comp>
<comp>
  <id>Comp:20-4-2</id>
  <CPU>0.68Gf</CPU>
  <RAM>0.268GB</RAM>
  <DISK>1.33GB</DISK>
</comp>
<comp>
  <id>Comp:20-4-3</id>
  <CPU>0.68Gf</CPU>
  <RAM>0.268GB</RAM>
  <DISK>1.33GB</DISK>
</comp>
<comp>
  <id>Comp:20-4-4</id>
  <CPU>0.68Gf</CPU>
  <RAM>0.268GB</RAM>
  <DISK>1.33GB</DISK>
</comp>
<comp>
  <id>Comp:20-4-5</id>
  <CPU>0.68Gf</CPU>
  <RAM>0.268GB</RAM>
  <DISK>1.33GB</DISK>
</comp>
<comp>
  <id>Comp:20-4-6</id>
  <CPU>0.68Gf</CPU>
  <RAM>0.268GB</RAM>
  <DISK>1.33GB</DISK>
</comp>
<comp>
  <id>Comp:20-4-7</id>
  <CPU>0.68Gf</CPU>
  <RAM>0.268GB</RAM>
  <DISK>1.33GB</DISK>
</comp>
<comp>
  <id>Comp:20-4-8</id>
  <CPU>0.68Gf</CPU>
  <RAM>0.268GB</RAM>
  <DISK>1.33GB</DISK>
</comp>
<comp>
  <id>Comp:20-5-0</id>
  <CPU>0.271Gf</CPU>
  <RAM>0.558GB</RAM>
  <DISK>0.378GB</DISK>
</comp>
<comp>
  <id>Comp:20-5-1</id>
  <CPU>0.271Gf</CPU>
  <RAM>0.558GB</RAM>
  <DISK>0.378GB</DISK>
</comp>
<comp>
  <id>Comp:20-5-2</id>
  <CPU>0.271Gf</CPU>
  <RAM>0.558GB</RAM>
  <DISK>0.378GB</DISK>
</comp>
<comp>
  <id>Comp:20-5-3</id>
  <CPU>0.271Gf</CPU>
  <RAM>0.558GB</RAM>
  <DISK>0.378GB</DISK>
</comp>
<comp>
  <id>Comp:20-5-4</id>
  <CPU>0.271Gf</CPU>
  <RAM>0.558GB</RAM>
  <DISK>0.378GB</DISK>
</comp>
<comp>
  <id>Comp:20-5-5</id>
  <CPU>0.271Gf</CPU>
  <RAM>0.558GB</RAM>
  <DISK>0.378GB</DISK>
</comp>
<comp>
  <id>Comp:20-5-6</id>
  <CPU>0.271Gf</CPU>
  <RAM>0.558GB</RAM>
  <DISK>0.378GB</DISK>
</comp>
<comp>
  <id>Comp:20-5-7</id>
  <CPU>0.271Gf</CPU>
  <RAM>0.558GB</RAM>
  <DISK>0.378GB</DISK>
</comp>
<comp>
  <id>Comp:20-5-8</id>
  <CPU>0.271Gf</CPU>
  <RAM>0.558GB</RAM>
  <DISK>0.378GB</DISK>
</comp>
<comp>
  <id>Comp:20-5-9</id>
  <CPU>0.271Gf</CPU>
  <RAM>0.558GB</RAM>
  <DISK>0.378GB</DISK>
</comp>
  <bind>Comp:20-1-0 Comp:20-0-0 0.204MBps 27.7ms</bind>
  <bind>Comp:20-0-0 Comp:20-1-0 0.204MBps 27.7ms</bind>
  <bind>Comp:20-1-1 Comp:20-0-1 0.204MBps 27.7ms</bind>
  <bind>Comp:20-0-1 Comp:20-1-1 0.204MBps 27.7ms</bind>
  <bind>Comp:20-1-2 Comp:20-0-2 0.204MBps 27.7ms</bind>
  <bind>Comp:20-0-2 Comp:20-1-2 0.204MBps 27.7ms</bind>
  <bind>Comp:20-1-3 Comp:20-0-3 0.204MBps 27.7ms</bind>
  <bind>Comp:20-0-3 Comp:20-1-3 0.204MBps 27.7ms</bind>
  <bind>Comp:20-1-4 Comp:20-0-4 0.204MBps 27.7ms</bind>
  <bind>Comp:20-0-4 Comp:20-1-4 0.204MBps 27.7ms</bind>
  <bind>Comp:20-1-5 Comp:20-0-5 0.204MBps 27.7ms</bind>
  <bind>Comp:20-0-5 Comp:20-1-5 0.204MBps 27.7ms</bind>
  <bind>Comp:20-1-6 Comp:20-0-0 0.204MBps 27.7ms</bind>
  <bind>Comp:20-0-0 Comp:20-1-6 0.204MBps 27.7ms</bind>
  <bind>Comp:20-1-7 Comp:20-0-1 0.204MBps 27.7ms</bind>
  <bind>Comp:20-0-1 Comp:20-1-7 0.204MBps 27.7ms</bind>
  <bind>Comp:20-1-8 Comp:20-0-2 0.204MBps 27.7ms</bind>
  <bind>Comp:20-0-2 Comp:20-1-8 0.204MBps 27.7ms</bind>
  <bind>Comp:20-1-9 Comp:20-0-3 0.204MBps 27.7ms</bind>
  <bind>Comp:20-0-3 Comp:20-1-9 0.204MBps 27.7ms</bind>
  <bind>Comp:20-2-0 Comp:20-1-0 0.93MBps 47.2ms</bind>
  <bind>Comp:20-1-0 Comp:20-2-0 0.93MBps 47.2ms</bind>
  <bind>Comp:20-2-1 Comp:20-1-1 0.93MBps 47.2ms</bind>
  <bind>Comp:20-1-1 Comp:20-2-1 0.93MBps 47.2ms</bind>
  <bind>Comp:20-2-2 Comp:20-1-2 0.93MBps 47.2ms</bind>
  <bind>Comp:20-1-2 Comp:20-2-2 0.93MBps 47.2ms</bind>
  <bind>Comp:20-2-0 Comp:20-1-3 0.93MBps 47.2ms</bind>
  <bind>Comp:20-1-3 Comp:20-2-0 0.93MBps 47.2ms</bind>
  <bind>Comp:20-2-1 Comp:20-1-4 0.93MBps 47.2ms</bind>
  <bind>Comp:20-1-4 Comp:20-2-1 0.93MBps 47.2ms</bind>
  <bind>Comp:20-2-2 Comp:20-1-5 0.93MBps 47.2ms</bind>
  <bind>Comp:20-1-5 Comp:20-2-2 0.93MBps 47.2ms</bind>
  <bind>Comp:20-2-0 Comp:20-1-6 0.93MBps 47.2ms</bind>
  <bind>Comp:20-1-6 Comp:20-2-0 0.93MBps 47.2ms</bind>
  <bind>Comp:20-2-1 Comp:20-1-7 0.93MBps 47.2ms</bind>
  <bind>Comp:20-1-7 Comp:20-2-1 0.93MBps 47.2ms</bind>
  <bind>Comp:20-2-2 Comp:20-1-8 0.93MBps 47.2ms</bind>
  <bind>Comp:20-1-8 Comp:20-2-2 0.93MBps 47.2ms</bind>
  <bind>Comp:20-2-0 Comp:20-1-9 0.93MBps 47.2ms</bind>
  <bind>Comp:20-1-9 Comp:20-2-0 0.93MBps 47.2ms</bind>
  <bind>Comp:20-3-0 Comp:20-2-0 0.952MBps 29.8ms</bind>
  <bind>Comp:20-2-0 Comp:20-3-0 0.952MBps 29.8ms</bind>
  <bind>Comp:20-3-1 Comp:20-2-1 0.952MBps 29.8ms</bind>
  <bind>Comp:20-2-1 Comp:20-3-1 0.952MBps 29.8ms</bind>
  <bind>Comp:20-3-2 Comp:20-2-2 0.952MBps 29.8ms</bind>
  <bind>Comp:20-2-2 Comp:20-3-2 0.952MBps 29.8ms</bind>
  <bind>Comp:20-3-3 Comp:20-2-0 0.952MBps 29.8ms</bind>
  <bind>Comp:20-2-0 Comp:20-3-3 0.952MBps 29.8ms</bind>
  <bind>Comp:20-3-4 Comp:20-2-1 0.952MBps 29.8ms</bind>
  <bind>Comp:20-2-1 Comp:20-3-4 0.952MBps 29.8ms</bind>
  <bind>Comp:20-3-5 Comp:20-2-2 0.952MBps 29.8ms</bind>
  <bind>Comp:20-2-2 Comp:20-3-5 0.952MBps 29.8ms</bind>
  <bind>Comp:20-3-6 Comp:20-2-0 0.952MBps 29.8ms</bind>
  <bind>Comp:20-2-0 Comp:20-3-6 0.952MBps 29.8ms</bind>
  <bind>Comp:20-3-7 Comp:20-2-1 0.952MBps 29.8ms</bind>
  <bind>Comp:20-2-1 Comp:20-3-7 0.952MBps 29.8ms</bind>
  <bind>Comp:20-3-8 Comp:20-2-2 0.952MBps 29.8ms</bind>
  <bind>Comp:20-2-2 Comp:20-3-8 0.952MBps 29.8ms</bind>
  <bind>Comp:20-3-9 Comp:20-2-0 0.952MBps 29.8ms</bind>
  <bind>Comp:20-2-0 Comp:20-3-9 0.952MBps 29.8ms</bind>
  <bind>Comp:20-4-0 Comp:20-3-0 0.365MBps 32.4ms</bind>
  <bind>Comp:20-3-0 Comp:20-4-0 0.365MBps 32.4ms</bind>
  <bind>Comp:20-4-1 Comp:20-3-1 0.365MBps 32.4ms</bind>
  <bind>Comp:20-3-1 Comp:20-4-1 0.365MBps 32.4ms</bind>
  <bind>Comp:20-4-2 Comp:20-3-2 0.365MBps 32.4ms</bind>
  <bind>Comp:20-3-2 Comp:20-4-2 0.365MBps 32.4ms</bind>
  <bind>Comp:20-4-3 Comp:20-3-3 0.365MBps 32.4ms</bind>
  <bind>Comp:20-3-3 Comp:20-4-3 0.365MBps 32.4ms</bind>
  <bind>Comp:20-4-4 Comp:20-3-4 0.365MBps 32.4ms</bind>
  <bind>Comp:20-3-4 Comp:20-4-4 0.365MBps 32.4ms</bind>
  <bind>Comp:20-4-5 Comp:20-3-5 0.365MBps 32.4ms</bind>
  <bind>Comp:20-3-5 Comp:20-4-5 0.365MBps 32.4ms</bind>
  <bind>Comp:20-4-6 Comp:20-3-6 0.365MBps 32.4ms</bind>
  <bind>Comp:20-3-6 Comp:20-4-6 0.365MBps 32.4ms</bind>
  <bind>Comp:20-4-7 Comp:20-3-7 0.365MBps 32.4ms</bind>
  <bind>Comp:20-3-7 Comp:20-4-7 0.365MBps 32.4ms</bind>
  <bind>Comp:20-4-8 Comp:20-3-8 0.365MBps 32.4ms</bind>
  <bind>Comp:20-3-8 Comp:20-4-8 0.365MBps 32.4ms</bind>
  <bind>Comp:20-4-0 Comp:20-3-9 0.365MBps 32.4ms</bind>
  <bind>Comp:20-3-9 Comp:20-4-0 0.365MBps 32.4ms</bind>
  <bind>Comp:20-5-0 Comp:20-4-0 0.728MBps 44.5ms</bind>
  <bind>Comp:20-4-0 Comp:20-5-0 0.728MBps 44.5ms</bind>
  <bind>Comp:20-5-1 Comp:20-4-1 0.728MBps 44.5ms</bind>
  <bind>Comp:20-4-1 Comp:20-5-1 0.728MBps 44.5ms</bind>
  <bind>Comp:20-5-2 Comp:20-4-2 0.728MBps 44.5ms</bind>
  <bind>Comp:20-4-2 Comp:20-5-2 0.728MBps 44.5ms</bind>
  <bind>Comp:20-5-3 Comp:20-4-3 0.728MBps 44.5ms</bind>
  <bind>Comp:20-4-3 Comp:20-5-3 0.728MBps 44.5ms</bind>
  <bind>Comp:20-5-4 Comp:20-4-4 0.728MBps 44.5ms</bind>
  <bind>Comp:20-4-4 Comp:20-5-4 0.728MBps 44.5ms</bind>
  <bind>Comp:20-5-5 Comp:20-4-5 0.728MBps 44.5ms</bind>
  <bind>Comp:20-4-5 Comp:20-5-5 0.728MBps 44.5ms</bind>
  <bind>Comp:20-5-6 Comp:20-4-6 0.728MBps 44.5ms</bind>
  <bind>Comp:20-4-6 Comp:20-5-6 0.728MBps 44.5ms</bind>
  <bind>Comp:20-5-7 Comp:20-4-7 0.728MBps 44.5ms</bind>
  <bind>Comp:20-4-7 Comp:20-5-7 0.728MBps 44.5ms</bind>
  <bind>Comp:20-5-8 Comp:20-4-8 0.728MBps 44.5ms</bind>
  <bind>Comp:20-4-8 Comp:20-5-8 0.728MBps 44.5ms</bind>
  <bind>Comp:20-5-9 Comp:20-4-0 0.728MBps 44.5ms</bind>
  <bind>Comp:20-4-0 Comp:20-5-9 0.728MBps 44.5ms</bind>
  <bind>Comp:20-5-0 Appliance-206 0.142MBps 39.7ms</bind>
  <bind>Appliance-206 Comp:20-5-0 0.142MBps 39.7ms</bind>
  <bind>Comp:20-5-1 Appliance-260 0.142MBps 39.7ms</bind>
  <bind>Appliance-260 Comp:20-5-1 0.142MBps 39.7ms</bind>
  <bind>Comp:20-5-2 Appliance-185 0.142MBps 39.7ms</bind>
  <bind>Appliance-185 Comp:20-5-2 0.142MBps 39.7ms</bind>
  <bind>Comp:20-5-3 Appliance-56 0.142MBps 39.7ms</bind>
  <bind>Appliance-56 Comp:20-5-3 0.142MBps 39.7ms</bind>
  <bind>Comp:20-5-4 Appliance-16 0.142MBps 39.7ms</bind>
  <bind>Appliance-16 Comp:20-5-4 0.142MBps 39.7ms</bind>
  <bind>Comp:20-5-5 Appliance-206 0.142MBps 39.7ms</bind>
  <bind>Appliance-206 Comp:20-5-5 0.142MBps 39.7ms</bind>
  <bind>Comp:20-5-6 Appliance-260 0.142MBps 39.7ms</bind>
  <bind>Appliance-260 Comp:20-5-6 0.142MBps 39.7ms</bind>
  <bind>Comp:20-5-7 Appliance-185 0.142MBps 39.7ms</bind>
  <bind>Appliance-185 Comp:20-5-7 0.142MBps 39.7ms</bind>
  <bind>Comp:20-5-8 Appliance-56 0.142MBps 39.7ms</bind>
  <bind>Appliance-56 Comp:20-5-8 0.142MBps 39.7ms</bind>
  <bind>Comp:20-5-9 Appliance-16 0.142MBps 39.7ms</bind>
  <bind>Appliance-16 Comp:20-5-9 0.142MBps 39.7ms</bind>
</app>
<app>
  <id>App21</id>
<comp>
  <id>Comp:21-0-0</id>
  <CPU>0.152Gf</CPU>
  <RAM>0.309GB</RAM>
  <DISK>1.68GB</DISK>
</comp>
<comp>
  <id>Comp:21-0-1</id>
  <CPU>0.152Gf</CPU>
  <RAM>0.309GB</RAM>
  <DISK>1.68GB</DISK>
</comp>
<comp>
  <id>Comp:21-0-2</id>
  <CPU>0.152Gf</CPU>
  <RAM>0.309GB</RAM>
  <DISK>1.68GB</DISK>
</comp>
<comp>
  <id>Comp:21-0-3</id>
  <CPU>0.152Gf</CPU>
  <RAM>0.309GB</RAM>
  <DISK>1.68GB</DISK>
</comp>
<comp>
  <id>Comp:21-0-4</id>
  <CPU>0.152Gf</CPU>
  <RAM>0.309GB</RAM>
  <DISK>1.68GB</DISK>
</comp>
<comp>
  <id>Comp:21-0-5</id>
  <CPU>0.152Gf</CPU>
  <RAM>0.309GB</RAM>
  <DISK>1.68GB</DISK>
</comp>
<comp>
  <id>Comp:21-1-0</id>
  <CPU>0.104Gf</CPU>
  <RAM>0.369GB</RAM>
  <DISK>0.475GB</DISK>
</comp>
<comp>
  <id>Comp:21-1-1</id>
  <CPU>0.104Gf</CPU>
  <RAM>0.369GB</RAM>
  <DISK>0.475GB</DISK>
</comp>
<comp>
  <id>Comp:21-1-2</id>
  <CPU>0.104Gf</CPU>
  <RAM>0.369GB</RAM>
  <DISK>0.475GB</DISK>
</comp>
<comp>
  <id>Comp:21-2-0</id>
  <CPU>0.378Gf</CPU>
  <RAM>0.688GB</RAM>
  <DISK>1.01GB</DISK>
</comp>
<comp>
  <id>Comp:21-2-1</id>
  <CPU>0.378Gf</CPU>
  <RAM>0.688GB</RAM>
  <DISK>1.01GB</DISK>
</comp>
<comp>
  <id>Comp:21-2-2</id>
  <CPU>0.378Gf</CPU>
  <RAM>0.688GB</RAM>
  <DISK>1.01GB</DISK>
</comp>
<comp>
  <id>Comp:21-3-0</id>
  <CPU>0.69Gf</CPU>
  <RAM>0.708GB</RAM>
  <DISK>1.24GB</DISK>
</comp>
<comp>
  <id>Comp:21-3-1</id>
  <CPU>0.69Gf</CPU>
  <RAM>0.708GB</RAM>
  <DISK>1.24GB</DISK>
</comp>
<comp>
  <id>Comp:21-3-2</id>
  <CPU>0.69Gf</CPU>
  <RAM>0.708GB</RAM>
  <DISK>1.24GB</DISK>
</comp>
<comp>
  <id>Comp:21-3-3</id>
  <CPU>0.69Gf</CPU>
  <RAM>0.708GB</RAM>
  <DISK>1.24GB</DISK>
</comp>
<comp>
  <id>Comp:21-3-4</id>
  <CPU>0.69Gf</CPU>
  <RAM>0.708GB</RAM>
  <DISK>1.24GB</DISK>
</comp>
<comp>
  <id>Comp:21-3-5</id>
  <CPU>0.69Gf</CPU>
  <RAM>0.708GB</RAM>
  <DISK>1.24GB</DISK>
</comp>
<comp>
  <id>Comp:21-3-6</id>
  <CPU>0.69Gf</CPU>
  <RAM>0.708GB</RAM>
  <DISK>1.24GB</DISK>
</comp>
<comp>
  <id>Comp:21-3-7</id>
  <CPU>0.69Gf</CPU>
  <RAM>0.708GB</RAM>
  <DISK>1.24GB</DISK>
</comp>
<comp>
  <id>Comp:21-3-8</id>
  <CPU>0.69Gf</CPU>
  <RAM>0.708GB</RAM>
  <DISK>1.24GB</DISK>
</comp>
<comp>
  <id>Comp:21-3-9</id>
  <CPU>0.69Gf</CPU>
  <RAM>0.708GB</RAM>
  <DISK>1.24GB</DISK>
</comp>
  <bind>Comp:21-1-0 Comp:21-0-0 0.0265MBps 48.0ms</bind>
  <bind>Comp:21-0-0 Comp:21-1-0 0.0265MBps 48.0ms</bind>
  <bind>Comp:21-1-1 Comp:21-0-1 0.0265MBps 48.0ms</bind>
  <bind>Comp:21-0-1 Comp:21-1-1 0.0265MBps 48.0ms</bind>
  <bind>Comp:21-1-2 Comp:21-0-2 0.0265MBps 48.0ms</bind>
  <bind>Comp:21-0-2 Comp:21-1-2 0.0265MBps 48.0ms</bind>
  <bind>Comp:21-1-0 Comp:21-0-3 0.0265MBps 48.0ms</bind>
  <bind>Comp:21-0-3 Comp:21-1-0 0.0265MBps 48.0ms</bind>
  <bind>Comp:21-1-1 Comp:21-0-4 0.0265MBps 48.0ms</bind>
  <bind>Comp:21-0-4 Comp:21-1-1 0.0265MBps 48.0ms</bind>
  <bind>Comp:21-1-2 Comp:21-0-5 0.0265MBps 48.0ms</bind>
  <bind>Comp:21-0-5 Comp:21-1-2 0.0265MBps 48.0ms</bind>
  <bind>Comp:21-2-0 Comp:21-1-0 0.71MBps 37.1ms</bind>
  <bind>Comp:21-1-0 Comp:21-2-0 0.71MBps 37.1ms</bind>
  <bind>Comp:21-2-1 Comp:21-1-1 0.71MBps 37.1ms</bind>
  <bind>Comp:21-1-1 Comp:21-2-1 0.71MBps 37.1ms</bind>
  <bind>Comp:21-2-2 Comp:21-1-2 0.71MBps 37.1ms</bind>
  <bind>Comp:21-1-2 Comp:21-2-2 0.71MBps 37.1ms</bind>
  <bind>Comp:21-3-0 Comp:21-2-0 0.627MBps 36.4ms</bind>
  <bind>Comp:21-2-0 Comp:21-3-0 0.627MBps 36.4ms</bind>
  <bind>Comp:21-3-1 Comp:21-2-1 0.627MBps 36.4ms</bind>
  <bind>Comp:21-2-1 Comp:21-3-1 0.627MBps 36.4ms</bind>
  <bind>Comp:21-3-2 Comp:21-2-2 0.627MBps 36.4ms</bind>
  <bind>Comp:21-2-2 Comp:21-3-2 0.627MBps 36.4ms</bind>
  <bind>Comp:21-3-3 Comp:21-2-0 0.627MBps 36.4ms</bind>
  <bind>Comp:21-2-0 Comp:21-3-3 0.627MBps 36.4ms</bind>
  <bind>Comp:21-3-4 Comp:21-2-1 0.627MBps 36.4ms</bind>
  <bind>Comp:21-2-1 Comp:21-3-4 0.627MBps 36.4ms</bind>
  <bind>Comp:21-3-5 Comp:21-2-2 0.627MBps 36.4ms</bind>
  <bind>Comp:21-2-2 Comp:21-3-5 0.627MBps 36.4ms</bind>
  <bind>Comp:21-3-6 Comp:21-2-0 0.627MBps 36.4ms</bind>
  <bind>Comp:21-2-0 Comp:21-3-6 0.627MBps 36.4ms</bind>
  <bind>Comp:21-3-7 Comp:21-2-1 0.627MBps 36.4ms</bind>
  <bind>Comp:21-2-1 Comp:21-3-7 0.627MBps 36.4ms</bind>
  <bind>Comp:21-3-8 Comp:21-2-2 0.627MBps 36.4ms</bind>
  <bind>Comp:21-2-2 Comp:21-3-8 0.627MBps 36.4ms</bind>
  <bind>Comp:21-3-9 Comp:21-2-0 0.627MBps 36.4ms</bind>
  <bind>Comp:21-2-0 Comp:21-3-9 0.627MBps 36.4ms</bind>
  <bind>Comp:21-3-0 Appliance-356 0.92MBps 42.9ms</bind>
  <bind>Appliance-356 Comp:21-3-0 0.92MBps 42.9ms</bind>
  <bind>Comp:21-3-1 Appliance-46 0.92MBps 42.9ms</bind>
  <bind>Appliance-46 Comp:21-3-1 0.92MBps 42.9ms</bind>
  <bind>Comp:21-3-2 Appliance-210 0.92MBps 42.9ms</bind>
  <bind>Appliance-210 Comp:21-3-2 0.92MBps 42.9ms</bind>
  <bind>Comp:21-3-3 Appliance-157 0.92MBps 42.9ms</bind>
  <bind>Appliance-157 Comp:21-3-3 0.92MBps 42.9ms</bind>
  <bind>Comp:21-3-4 Appliance-63 0.92MBps 42.9ms</bind>
  <bind>Appliance-63 Comp:21-3-4 0.92MBps 42.9ms</bind>
  <bind>Comp:21-3-5 Appliance-247 0.92MBps 42.9ms</bind>
  <bind>Appliance-247 Comp:21-3-5 0.92MBps 42.9ms</bind>
  <bind>Comp:21-3-6 Appliance-356 0.92MBps 42.9ms</bind>
  <bind>Appliance-356 Comp:21-3-6 0.92MBps 42.9ms</bind>
  <bind>Comp:21-3-7 Appliance-46 0.92MBps 42.9ms</bind>
  <bind>Appliance-46 Comp:21-3-7 0.92MBps 42.9ms</bind>
  <bind>Comp:21-3-8 Appliance-210 0.92MBps 42.9ms</bind>
  <bind>Appliance-210 Comp:21-3-8 0.92MBps 42.9ms</bind>
  <bind>Comp:21-3-9 Appliance-157 0.92MBps 42.9ms</bind>
  <bind>Appliance-157 Comp:21-3-9 0.92MBps 42.9ms</bind>
</app>
<app>
  <id>App22</id>
<comp>
  <id>Comp:22-1-0</id>
  <CPU>0.858Gf</CPU>
  <RAM>0.34GB</RAM>
  <DISK>0.238GB</DISK>
</comp>
<comp>
  <id>Comp:22-1-1</id>
  <CPU>0.858Gf</CPU>
  <RAM>0.34GB</RAM>
  <DISK>0.238GB</DISK>
</comp>
<comp>
  <id>Comp:22-1-2</id>
  <CPU>0.858Gf</CPU>
  <RAM>0.34GB</RAM>
  <DISK>0.238GB</DISK>
</comp>
<comp>
  <id>Comp:22-1-3</id>
  <CPU>0.858Gf</CPU>
  <RAM>0.34GB</RAM>
  <DISK>0.238GB</DISK>
</comp>
<comp>
  <id>Comp:22-1-4</id>
  <CPU>0.858Gf</CPU>
  <RAM>0.34GB</RAM>
  <DISK>0.238GB</DISK>
</comp>
<comp>
  <id>Comp:22-1-5</id>
  <CPU>0.858Gf</CPU>
  <RAM>0.34GB</RAM>
  <DISK>0.238GB</DISK>
</comp>
<comp>
  <id>Comp:22-1-6</id>
  <CPU>0.858Gf</CPU>
  <RAM>0.34GB</RAM>
  <DISK>0.238GB</DISK>
</comp>
<comp>
  <id>Comp:22-1-7</id>
  <CPU>0.858Gf</CPU>
  <RAM>0.34GB</RAM>
  <DISK>0.238GB</DISK>
</comp>
<comp>
  <id>Comp:22-2-0</id>
  <CPU>0.263Gf</CPU>
  <RAM>0.993GB</RAM>
  <DISK>0.524GB</DISK>
</comp>
<comp>
  <id>Comp:22-2-1</id>
  <CPU>0.263Gf</CPU>
  <RAM>0.993GB</RAM>
  <DISK>0.524GB</DISK>
</comp>
<comp>
  <id>Comp:22-2-2</id>
  <CPU>0.263Gf</CPU>
  <RAM>0.993GB</RAM>
  <DISK>0.524GB</DISK>
</comp>
<comp>
  <id>Comp:22-3-0</id>
  <CPU>0.678Gf</CPU>
  <RAM>0.793GB</RAM>
  <DISK>0.688GB</DISK>
</comp>
  <bind>Comp:22-1-0 Appliance-98 0.751MBps 35.2ms</bind>
  <bind>Appliance-98 Comp:22-1-0 0.751MBps 35.2ms</bind>
  <bind>Comp:22-1-1 Appliance-319 0.751MBps 35.2ms</bind>
  <bind>Appliance-319 Comp:22-1-1 0.751MBps 35.2ms</bind>
  <bind>Comp:22-1-2 Appliance-300 0.751MBps 35.2ms</bind>
  <bind>Appliance-300 Comp:22-1-2 0.751MBps 35.2ms</bind>
  <bind>Comp:22-1-3 Appliance-98 0.751MBps 35.2ms</bind>
  <bind>Appliance-98 Comp:22-1-3 0.751MBps 35.2ms</bind>
  <bind>Comp:22-1-4 Appliance-319 0.751MBps 35.2ms</bind>
  <bind>Appliance-319 Comp:22-1-4 0.751MBps 35.2ms</bind>
  <bind>Comp:22-1-5 Appliance-300 0.751MBps 35.2ms</bind>
  <bind>Appliance-300 Comp:22-1-5 0.751MBps 35.2ms</bind>
  <bind>Comp:22-1-6 Appliance-98 0.751MBps 35.2ms</bind>
  <bind>Appliance-98 Comp:22-1-6 0.751MBps 35.2ms</bind>
  <bind>Comp:22-1-7 Appliance-319 0.751MBps 35.2ms</bind>
  <bind>Appliance-319 Comp:22-1-7 0.751MBps 35.2ms</bind>
  <bind>Comp:22-2-0 Comp:22-1-0 0.878MBps 34.9ms</bind>
  <bind>Comp:22-1-0 Comp:22-2-0 0.878MBps 34.9ms</bind>
  <bind>Comp:22-2-1 Comp:22-1-1 0.878MBps 34.9ms</bind>
  <bind>Comp:22-1-1 Comp:22-2-1 0.878MBps 34.9ms</bind>
  <bind>Comp:22-2-2 Comp:22-1-2 0.878MBps 34.9ms</bind>
  <bind>Comp:22-1-2 Comp:22-2-2 0.878MBps 34.9ms</bind>
  <bind>Comp:22-2-0 Comp:22-1-3 0.878MBps 34.9ms</bind>
  <bind>Comp:22-1-3 Comp:22-2-0 0.878MBps 34.9ms</bind>
  <bind>Comp:22-2-1 Comp:22-1-4 0.878MBps 34.9ms</bind>
  <bind>Comp:22-1-4 Comp:22-2-1 0.878MBps 34.9ms</bind>
  <bind>Comp:22-2-2 Comp:22-1-5 0.878MBps 34.9ms</bind>
  <bind>Comp:22-1-5 Comp:22-2-2 0.878MBps 34.9ms</bind>
  <bind>Comp:22-2-0 Comp:22-1-6 0.878MBps 34.9ms</bind>
  <bind>Comp:22-1-6 Comp:22-2-0 0.878MBps 34.9ms</bind>
  <bind>Comp:22-2-1 Comp:22-1-7 0.878MBps 34.9ms</bind>
  <bind>Comp:22-1-7 Comp:22-2-1 0.878MBps 34.9ms</bind>
  <bind>Comp:22-2-0 Comp:22-3-0 0.0724MBps 35.9ms</bind>
  <bind>Comp:22-3-0 Comp:22-2-0 0.0724MBps 35.9ms</bind>
  <bind>Comp:22-2-1 Comp:22-3-0 0.0724MBps 35.9ms</bind>
  <bind>Comp:22-3-0 Comp:22-2-1 0.0724MBps 35.9ms</bind>
  <bind>Comp:22-2-2 Comp:22-3-0 0.0724MBps 35.9ms</bind>
  <bind>Comp:22-3-0 Comp:22-2-2 0.0724MBps 35.9ms</bind>
</app>
</apps>
