<?xml version="1.0"?>
<apps>
<app>
  <id>App1</id>
<comp>
  <id>Comp:1-1-0</id>
  <CPU>0.372Gf</CPU>
  <RAM>0.592GB</RAM>
  <DISK>0.215GB</DISK>
</comp>
<comp>
  <id>Comp:1-1-1</id>
  <CPU>0.372Gf</CPU>
  <RAM>0.592GB</RAM>
  <DISK>0.215GB</DISK>
</comp>
<comp>
  <id>Comp:1-1-2</id>
  <CPU>0.372Gf</CPU>
  <RAM>0.592GB</RAM>
  <DISK>0.215GB</DISK>
</comp>
<comp>
  <id>Comp:1-1-3</id>
  <CPU>0.372Gf</CPU>
  <RAM>0.592GB</RAM>
  <DISK>0.215GB</DISK>
</comp>
<comp>
  <id>Comp:1-1-4</id>
  <CPU>0.372Gf</CPU>
  <RAM>0.592GB</RAM>
  <DISK>0.215GB</DISK>
</comp>
<comp>
  <id>Comp:1-1-5</id>
  <CPU>0.372Gf</CPU>
  <RAM>0.592GB</RAM>
  <DISK>0.215GB</DISK>
</comp>
<comp>
  <id>Comp:1-1-6</id>
  <CPU>0.372Gf</CPU>
  <RAM>0.592GB</RAM>
  <DISK>0.215GB</DISK>
</comp>
<comp>
  <id>Comp:1-2-0</id>
  <CPU>0.116Gf</CPU>
  <RAM>0.664GB</RAM>
  <DISK>0.095GB</DISK>
</comp>
<comp>
  <id>Comp:1-2-1</id>
  <CPU>0.116Gf</CPU>
  <RAM>0.664GB</RAM>
  <DISK>0.095GB</DISK>
</comp>
<comp>
  <id>Comp:1-2-2</id>
  <CPU>0.116Gf</CPU>
  <RAM>0.664GB</RAM>
  <DISK>0.095GB</DISK>
</comp>
<comp>
  <id>Comp:1-2-3</id>
  <CPU>0.116Gf</CPU>
  <RAM>0.664GB</RAM>
  <DISK>0.095GB</DISK>
</comp>
<comp>
  <id>Comp:1-2-4</id>
  <CPU>0.116Gf</CPU>
  <RAM>0.664GB</RAM>
  <DISK>0.095GB</DISK>
</comp>
<comp>
  <id>Comp:1-2-5</id>
  <CPU>0.116Gf</CPU>
  <RAM>0.664GB</RAM>
  <DISK>0.095GB</DISK>
</comp>
<comp>
  <id>Comp:1-2-6</id>
  <CPU>0.116Gf</CPU>
  <RAM>0.664GB</RAM>
  <DISK>0.095GB</DISK>
</comp>
<comp>
  <id>Comp:1-3-0</id>
  <CPU>0.9Gf</CPU>
  <RAM>0.124GB</RAM>
  <DISK>0.663GB</DISK>
</comp>
<comp>
  <id>Comp:1-3-1</id>
  <CPU>0.9Gf</CPU>
  <RAM>0.124GB</RAM>
  <DISK>0.663GB</DISK>
</comp>
<comp>
  <id>Comp:1-3-2</id>
  <CPU>0.9Gf</CPU>
  <RAM>0.124GB</RAM>
  <DISK>0.663GB</DISK>
</comp>
<comp>
  <id>Comp:1-3-3</id>
  <CPU>0.9Gf</CPU>
  <RAM>0.124GB</RAM>
  <DISK>0.663GB</DISK>
</comp>
<comp>
  <id>Comp:1-3-4</id>
  <CPU>0.9Gf</CPU>
  <RAM>0.124GB</RAM>
  <DISK>0.663GB</DISK>
</comp>
<comp>
  <id>Comp:1-3-5</id>
  <CPU>0.9Gf</CPU>
  <RAM>0.124GB</RAM>
  <DISK>0.663GB</DISK>
</comp>
<comp>
  <id>Comp:1-4-0</id>
  <CPU>0.753Gf</CPU>
  <RAM>0.667GB</RAM>
  <DISK>1.64GB</DISK>
</comp>
<comp>
  <id>Comp:1-4-1</id>
  <CPU>0.753Gf</CPU>
  <RAM>0.667GB</RAM>
  <DISK>1.64GB</DISK>
</comp>
<comp>
  <id>Comp:1-4-2</id>
  <CPU>0.753Gf</CPU>
  <RAM>0.667GB</RAM>
  <DISK>1.64GB</DISK>
</comp>
<comp>
  <id>Comp:1-4-3</id>
  <CPU>0.753Gf</CPU>
  <RAM>0.667GB</RAM>
  <DISK>1.64GB</DISK>
</comp>
<comp>
  <id>Comp:1-4-4</id>
  <CPU>0.753Gf</CPU>
  <RAM>0.667GB</RAM>
  <DISK>1.64GB</DISK>
</comp>
  <bind>Comp:1-1-0 Appliance-278 0.0987MBps 26.1ms</bind>
  <bind>Appliance-278 Comp:1-1-0 0.0987MBps 26.1ms</bind>
  <bind>Comp:1-1-1 Appliance-62 0.0987MBps 26.1ms</bind>
  <bind>Appliance-62 Comp:1-1-1 0.0987MBps 26.1ms</bind>
  <bind>Comp:1-1-2 Appliance-278 0.0987MBps 26.1ms</bind>
  <bind>Appliance-278 Comp:1-1-2 0.0987MBps 26.1ms</bind>
  <bind>Comp:1-1-3 Appliance-360 0.0987MBps 26.1ms</bind>
  <bind>Appliance-360 Comp:1-1-3 0.0987MBps 26.1ms</bind>
  <bind>Comp:1-1-4 Appliance-161 0.0987MBps 26.1ms</bind>
  <bind>Appliance-161 Comp:1-1-4 0.0987MBps 26.1ms</bind>
  <bind>Comp:1-1-5 Appliance-203 0.0987MBps 26.1ms</bind>
  <bind>Appliance-203 Comp:1-1-5 0.0987MBps 26.1ms</bind>
  <bind>Comp:1-1-6 Appliance-62 0.0987MBps 26.1ms</bind>
  <bind>Appliance-62 Comp:1-1-6 0.0987MBps 26.1ms</bind>
  <bind>Comp:1-1-0 Appliance-278 0.0987MBps 26.1ms</bind>
  <bind>Appliance-278 Comp:1-1-0 0.0987MBps 26.1ms</bind>
  <bind>Comp:1-1-1 Appliance-310 0.0987MBps 26.1ms</bind>
  <bind>Appliance-310 Comp:1-1-1 0.0987MBps 26.1ms</bind>
  <bind>Comp:1-1-2 Appliance-188 0.0987MBps 26.1ms</bind>
  <bind>Appliance-188 Comp:1-1-2 0.0987MBps 26.1ms</bind>
  <bind>Comp:1-2-0 Comp:1-1-0 0.443MBps 29.9ms</bind>
  <bind>Comp:1-1-0 Comp:1-2-0 0.443MBps 29.9ms</bind>
  <bind>Comp:1-2-1 Comp:1-1-1 0.443MBps 29.9ms</bind>
  <bind>Comp:1-1-1 Comp:1-2-1 0.443MBps 29.9ms</bind>
  <bind>Comp:1-2-2 Comp:1-1-2 0.443MBps 29.9ms</bind>
  <bind>Comp:1-1-2 Comp:1-2-2 0.443MBps 29.9ms</bind>
  <bind>Comp:1-2-3 Comp:1-1-3 0.443MBps 29.9ms</bind>
  <bind>Comp:1-1-3 Comp:1-2-3 0.443MBps 29.9ms</bind>
  <bind>Comp:1-2-4 Comp:1-1-4 0.443MBps 29.9ms</bind>
  <bind>Comp:1-1-4 Comp:1-2-4 0.443MBps 29.9ms</bind>
  <bind>Comp:1-2-5 Comp:1-1-5 0.443MBps 29.9ms</bind>
  <bind>Comp:1-1-5 Comp:1-2-5 0.443MBps 29.9ms</bind>
  <bind>Comp:1-2-6 Comp:1-1-6 0.443MBps 29.9ms</bind>
  <bind>Comp:1-1-6 Comp:1-2-6 0.443MBps 29.9ms</bind>
  <bind>Comp:1-3-0 Comp:1-2-0 0.323MBps 27.4ms</bind>
  <bind>Comp:1-2-0 Comp:1-3-0 0.323MBps 27.4ms</bind>
  <bind>Comp:1-3-1 Comp:1-2-1 0.323MBps 27.4ms</bind>
  <bind>Comp:1-2-1 Comp:1-3-1 0.323MBps 27.4ms</bind>
  <bind>Comp:1-3-2 Comp:1-2-2 0.323MBps 27.4ms</bind>
  <bind>Comp:1-2-2 Comp:1-3-2 0.323MBps 27.4ms</bind>
  <bind>Comp:1-3-3 Comp:1-2-3 0.323MBps 27.4ms</bind>
  <bind>Comp:1-2-3 Comp:1-3-3 0.323MBps 27.4ms</bind>
  <bind>Comp:1-3-4 Comp:1-2-4 0.323MBps 27.4ms</bind>
  <bind>Comp:1-2-4 Comp:1-3-4 0.323MBps 27.4ms</bind>
  <bind>Comp:1-3-5 Comp:1-2-5 0.323MBps 27.4ms</bind>
  <bind>Comp:1-2-5 Comp:1-3-5 0.323MBps 27.4ms</bind>
  <bind>Comp:1-3-0 Comp:1-2-6 0.323MBps 27.4ms</bind>
  <bind>Comp:1-2-6 Comp:1-3-0 0.323MBps 27.4ms</bind>
  <bind>Comp:1-3-0 Comp:1-4-0 0.834MBps 37.7ms</bind>
  <bind>Comp:1-4-0 Comp:1-3-0 0.834MBps 37.7ms</bind>
  <bind>Comp:1-3-1 Comp:1-4-1 0.834MBps 37.7ms</bind>
  <bind>Comp:1-4-1 Comp:1-3-1 0.834MBps 37.7ms</bind>
  <bind>Comp:1-3-2 Comp:1-4-2 0.834MBps 37.7ms</bind>
  <bind>Comp:1-4-2 Comp:1-3-2 0.834MBps 37.7ms</bind>
  <bind>Comp:1-3-3 Comp:1-4-3 0.834MBps 37.7ms</bind>
  <bind>Comp:1-4-3 Comp:1-3-3 0.834MBps 37.7ms</bind>
  <bind>Comp:1-3-4 Comp:1-4-4 0.834MBps 37.7ms</bind>
  <bind>Comp:1-4-4 Comp:1-3-4 0.834MBps 37.7ms</bind>
  <bind>Comp:1-3-5 Comp:1-4-0 0.834MBps 37.7ms</bind>
  <bind>Comp:1-4-0 Comp:1-3-5 0.834MBps 37.7ms</bind>
</app>
<app>
  <id>App10</id>
<comp>
  <id>Comp:10-0-0</id>
  <CPU>0.698Gf</CPU>
  <RAM>0.223GB</RAM>
  <DISK>1.95GB</DISK>
</comp>
<comp>
  <id>Comp:10-0-1</id>
  <CPU>0.698Gf</CPU>
  <RAM>0.223GB</RAM>
  <DISK>1.95GB</DISK>
</comp>
<comp>
  <id>Comp:10-0-2</id>
  <CPU>0.698Gf</CPU>
  <RAM>0.223GB</RAM>
  <DISK>1.95GB</DISK>
</comp>
<comp>
  <id>Comp:10-1-0</id>
  <CPU>0.235Gf</CPU>
  <RAM>0.173GB</RAM>
  <DISK>1.39GB</DISK>
</comp>
<comp>
  <id>Comp:10-1-1</id>
  <CPU>0.235Gf</CPU>
  <RAM>0.173GB</RAM>
  <DISK>1.39GB</DISK>
</comp>
<comp>
  <id>Comp:10-1-2</id>
  <CPU>0.235Gf</CPU>
  <RAM>0.173GB</RAM>
  <DISK>1.39GB</DISK>
</comp>
<comp>
  <id>Comp:10-1-3</id>
  <CPU>0.235Gf</CPU>
  <RAM>0.173GB</RAM>
  <DISK>1.39GB</DISK>
</comp>
<comp>
  <id>Comp:10-1-4</id>
  <CPU>0.235Gf</CPU>
  <RAM>0.173GB</RAM>
  <DISK>1.39GB</DISK>
</comp>
<comp>
  <id>Comp:10-1-5</id>
  <CPU>0.235Gf</CPU>
  <RAM>0.173GB</RAM>
  <DISK>1.39GB</DISK>
</comp>
<comp>
  <id>Comp:10-1-6</id>
  <CPU>0.235Gf</CPU>
  <RAM>0.173GB</RAM>
  <DISK>1.39GB</DISK>
</comp>
<comp>
  <id>Comp:10-2-0</id>
  <CPU>0.271Gf</CPU>
  <RAM>0.602GB</RAM>
  <DISK>1.33GB</DISK>
</comp>
<comp>
  <id>Comp:10-2-1</id>
  <CPU>0.271Gf</CPU>
  <RAM>0.602GB</RAM>
  <DISK>1.33GB</DISK>
</comp>
<comp>
  <id>Comp:10-2-2</id>
  <CPU>0.271Gf</CPU>
  <RAM>0.602GB</RAM>
  <DISK>1.33GB</DISK>
</comp>
<comp>
  <id>Comp:10-2-3</id>
  <CPU>0.271Gf</CPU>
  <RAM>0.602GB</RAM>
  <DISK>1.33GB</DISK>
</comp>
<comp>
  <id>Comp:10-2-4</id>
  <CPU>0.271Gf</CPU>
  <RAM>0.602GB</RAM>
  <DISK>1.33GB</DISK>
</comp>
<comp>
  <id>Comp:10-2-5</id>
  <CPU>0.271Gf</CPU>
  <RAM>0.602GB</RAM>
  <DISK>1.33GB</DISK>
</comp>
<comp>
  <id>Comp:10-2-6</id>
  <CPU>0.271Gf</CPU>
  <RAM>0.602GB</RAM>
  <DISK>1.33GB</DISK>
</comp>
<comp>
  <id>Comp:10-2-7</id>
  <CPU>0.271Gf</CPU>
  <RAM>0.602GB</RAM>
  <DISK>1.33GB</DISK>
</comp>
<comp>
  <id>Comp:10-2-8</id>
  <CPU>0.271Gf</CPU>
  <RAM>0.602GB</RAM>
  <DISK>1.33GB</DISK>
</comp>
<comp>
  <id>Comp:10-3-0</id>
  <CPU>0.159Gf</CPU>
  <RAM>0.831GB</RAM>
  <DISK>0.0438GB</DISK>
</comp>
<comp>
  <id>Comp:10-3-1</id>
  <CPU>0.159Gf</CPU>
  <RAM>0.831GB</RAM>
  <DISK>0.0438GB</DISK>
</comp>
<comp>
  <id>Comp:10-3-2</id>
  <CPU>0.159Gf</CPU>
  <RAM>0.831GB</RAM>
  <DISK>0.0438GB</DISK>
</comp>
<comp>
  <id>Comp:10-3-3</id>
  <CPU>0.159Gf</CPU>
  <RAM>0.831GB</RAM>
  <DISK>0.0438GB</DISK>
</comp>
<comp>
  <id>Comp:10-3-4</id>
  <CPU>0.159Gf</CPU>
  <RAM>0.831GB</RAM>
  <DISK>0.0438GB</DISK>
</comp>
<comp>
  <id>Comp:10-3-5</id>
  <CPU>0.159Gf</CPU>
  <RAM>0.831GB</RAM>
  <DISK>0.0438GB</DISK>
</comp>
<comp>
  <id>Comp:10-3-6</id>
  <CPU>0.159Gf</CPU>
  <RAM>0.831GB</RAM>
  <DISK>0.0438GB</DISK>
</comp>
  <bind>Comp:10-1-0 Comp:10-0-0 0.353MBps 43.2ms</bind>
  <bind>Comp:10-0-0 Comp:10-1-0 0.353MBps 43.2ms</bind>
  <bind>Comp:10-1-1 Comp:10-0-1 0.353MBps 43.2ms</bind>
  <bind>Comp:10-0-1 Comp:10-1-1 0.353MBps 43.2ms</bind>
  <bind>Comp:10-1-2 Comp:10-0-2 0.353MBps 43.2ms</bind>
  <bind>Comp:10-0-2 Comp:10-1-2 0.353MBps 43.2ms</bind>
  <bind>Comp:10-1-3 Comp:10-0-0 0.353MBps 43.2ms</bind>
  <bind>Comp:10-0-0 Comp:10-1-3 0.353MBps 43.2ms</bind>
  <bind>Comp:10-1-4 Comp:10-0-1 0.353MBps 43.2ms</bind>
  <bind>Comp:10-0-1 Comp:10-1-4 0.353MBps 43.2ms</bind>
  <bind>Comp:10-1-5 Comp:10-0-2 0.353MBps 43.2ms</bind>
  <bind>Comp:10-0-2 Comp:10-1-5 0.353MBps 43.2ms</bind>
  <bind>Comp:10-1-6 Comp:10-0-0 0.353MBps 43.2ms</bind>
  <bind>Comp:10-0-0 Comp:10-1-6 0.353MBps 43.2ms</bind>
  <bind>Comp:10-2-0 Comp:10-1-0 0.0227MBps 46.7ms</bind>
  <bind>Comp:10-1-0 Comp:10-2-0 0.0227MBps 46.7ms</bind>
  <bind>Comp:10-2-1 Comp:10-1-1 0.0227MBps 46.7ms</bind>
  <bind>Comp:10-1-1 Comp:10-2-1 0.0227MBps 46.7ms</bind>
  <bind>Comp:10-2-2 Comp:10-1-2 0.0227MBps 46.7ms</bind>
  <bind>Comp:10-1-2 Comp:10-2-2 0.0227MBps 46.7ms</bind>
  <bind>Comp:10-2-3 Comp:10-1-3 0.0227MBps 46.7ms</bind>
  <bind>Comp:10-1-3 Comp:10-2-3 0.0227MBps 46.7ms</bind>
  <bind>Comp:10-2-4 Comp:10-1-4 0.0227MBps 46.7ms</bind>
  <bind>Comp:10-1-4 Comp:10-2-4 0.0227MBps 46.7ms</bind>
  <bind>Comp:10-2-5 Comp:10-1-5 0.0227MBps 46.7ms</bind>
  <bind>Comp:10-1-5 Comp:10-2-5 0.0227MBps 46.7ms</bind>
  <bind>Comp:10-2-6 Comp:10-1-6 0.0227MBps 46.7ms</bind>
  <bind>Comp:10-1-6 Comp:10-2-6 0.0227MBps 46.7ms</bind>
  <bind>Comp:10-2-7 Comp:10-1-0 0.0227MBps 46.7ms</bind>
  <bind>Comp:10-1-0 Comp:10-2-7 0.0227MBps 46.7ms</bind>
  <bind>Comp:10-2-8 Comp:10-1-1 0.0227MBps 46.7ms</bind>
  <bind>Comp:10-1-1 Comp:10-2-8 0.0227MBps 46.7ms</bind>
  <bind>Comp:10-3-0 Comp:10-2-0 0.786MBps 37.3ms</bind>
  <bind>Comp:10-2-0 Comp:10-3-0 0.786MBps 37.3ms</bind>
  <bind>Comp:10-3-1 Comp:10-2-1 0.786MBps 37.3ms</bind>
  <bind>Comp:10-2-1 Comp:10-3-1 0.786MBps 37.3ms</bind>
  <bind>Comp:10-3-2 Comp:10-2-2 0.786MBps 37.3ms</bind>
  <bind>Comp:10-2-2 Comp:10-3-2 0.786MBps 37.3ms</bind>
  <bind>Comp:10-3-3 Comp:10-2-3 0.786MBps 37.3ms</bind>
  <bind>Comp:10-2-3 Comp:10-3-3 0.786MBps 37.3ms</bind>
  <bind>Comp:10-3-4 Comp:10-2-4 0.786MBps 37.3ms</bind>
  <bind>Comp:10-2-4 Comp:10-3-4 0.786MBps 37.3ms</bind>
  <bind>Comp:10-3-5 Comp:10-2-5 0.786MBps 37.3ms</bind>
  <bind>Comp:10-2-5 Comp:10-3-5 0.786MBps 37.3ms</bind>
  <bind>Comp:10-3-6 Comp:10-2-6 0.786MBps 37.3ms</bind>
  <bind>Comp:10-2-6 Comp:10-3-6 0.786MBps 37.3ms</bind>
  <bind>Comp:10-3-0 Comp:10-2-7 0.786MBps 37.3ms</bind>
  <bind>Comp:10-2-7 Comp:10-3-0 0.786MBps 37.3ms</bind>
  <bind>Comp:10-3-1 Comp:10-2-8 0.786MBps 37.3ms</bind>
  <bind>Comp:10-2-8 Comp:10-3-1 0.786MBps 37.3ms</bind>
  <bind>Comp:10-3-0 Appliance-173 0.0326MBps 36.8ms</bind>
  <bind>Appliance-173 Comp:10-3-0 0.0326MBps 36.8ms</bind>
  <bind>Comp:10-3-1 Appliance-173 0.0326MBps 36.8ms</bind>
  <bind>Appliance-173 Comp:10-3-1 0.0326MBps 36.8ms</bind>
  <bind>Comp:10-3-2 Appliance-173 0.0326MBps 36.8ms</bind>
  <bind>Appliance-173 Comp:10-3-2 0.0326MBps 36.8ms</bind>
  <bind>Comp:10-3-3 Appliance-173 0.0326MBps 36.8ms</bind>
  <bind>Appliance-173 Comp:10-3-3 0.0326MBps 36.8ms</bind>
  <bind>Comp:10-3-4 Appliance-173 0.0326MBps 36.8ms</bind>
  <bind>Appliance-173 Comp:10-3-4 0.0326MBps 36.8ms</bind>
  <bind>Comp:10-3-5 Appliance-173 0.0326MBps 36.8ms</bind>
  <bind>Appliance-173 Comp:10-3-5 0.0326MBps 36.8ms</bind>
  <bind>Comp:10-3-6 Appliance-173 0.0326MBps 36.8ms</bind>
  <bind>Appliance-173 Comp:10-3-6 0.0326MBps 36.8ms</bind>
</app>
<app>
  <id>App11</id>
<comp>
  <id>Comp:11-0-0</id>
  <CPU>0.171Gf</CPU>
  <RAM>0.533GB</RAM>
  <DISK>0.736GB</DISK>
</comp>
<comp>
  <id>Comp:11-0-1</id>
  <CPU>0.171Gf</CPU>
  <RAM>0.533GB</RAM>
  <DISK>0.736GB</DISK>
</comp>
<comp>
  <id>Comp:11-0-2</id>
  <CPU>0.171Gf</CPU>
  <RAM>0.533GB</RAM>
  <DISK>0.736GB</DISK>
</comp>
<comp>
  <id>Comp:11-1-0</id>
  <CPU>0.564Gf</CPU>
  <RAM>0.249GB</RAM>
  <DISK>0.938GB</DISK>
</comp>
<comp>
  <id>Comp:11-1-1</id>
  <CPU>0.564Gf</CPU>
  <RAM>0.249GB</RAM>
  <DISK>0.938GB</DISK>
</comp>
<comp>
  <id>Comp:11-1-2</id>
  <CPU>0.564Gf</CPU>
  <RAM>0.249GB</RAM>
  <DISK>0.938GB</DISK>
</comp>
<comp>
  <id>Comp:11-1-3</id>
  <CPU>0.564Gf</CPU>
  <RAM>0.249GB</RAM>
  <DISK>0.938GB</DISK>
</comp>
<comp>
  <id>Comp:11-1-4</id>
  <CPU>0.564Gf</CPU>
  <RAM>0.249GB</RAM>
  <DISK>0.938GB</DISK>
</comp>
<comp>
  <id>Comp:11-2-0</id>
  <CPU>0.384Gf</CPU>
  <RAM>0.802GB</RAM>
  <DISK>1.93GB</DISK>
</comp>
<comp>
  <id>Comp:11-2-1</id>
  <CPU>0.384Gf</CPU>
  <RAM>0.802GB</RAM>
  <DISK>1.93GB</DISK>
</comp>
<comp>
  <id>Comp:11-2-2</id>
  <CPU>0.384Gf</CPU>
  <RAM>0.802GB</RAM>
  <DISK>1.93GB</DISK>
</comp>
<comp>
  <id>Comp:11-2-3</id>
  <CPU>0.384Gf</CPU>
  <RAM>0.802GB</RAM>
  <DISK>1.93GB</DISK>
</comp>
  <bind>Comp:11-1-0 Comp:11-0-0 0.984MBps 34.3ms</bind>
  <bind>Comp:11-0-0 Comp:11-1-0 0.984MBps 34.3ms</bind>
  <bind>Comp:11-1-1 Comp:11-0-1 0.984MBps 34.3ms</bind>
  <bind>Comp:11-0-1 Comp:11-1-1 0.984MBps 34.3ms</bind>
  <bind>Comp:11-1-2 Comp:11-0-2 0.984MBps 34.3ms</bind>
  <bind>Comp:11-0-2 Comp:11-1-2 0.984MBps 34.3ms</bind>
  <bind>Comp:11-1-3 Comp:11-0-0 0.984MBps 34.3ms</bind>
  <bind>Comp:11-0-0 Comp:11-1-3 0.984MBps 34.3ms</bind>
  <bind>Comp:11-1-4 Comp:11-0-1 0.984MBps 34.3ms</bind>
  <bind>Comp:11-0-1 Comp:11-1-4 0.984MBps 34.3ms</bind>
  <bind>Comp:11-2-0 Comp:11-1-0 0.202MBps 38.3ms</bind>
  <bind>Comp:11-1-0 Comp:11-2-0 0.202MBps 38.3ms</bind>
  <bind>Comp:11-2-1 Comp:11-1-1 0.202MBps 38.3ms</bind>
  <bind>Comp:11-1-1 Comp:11-2-1 0.202MBps 38.3ms</bind>
  <bind>Comp:11-2-2 Comp:11-1-2 0.202MBps 38.3ms</bind>
  <bind>Comp:11-1-2 Comp:11-2-2 0.202MBps 38.3ms</bind>
  <bind>Comp:11-2-3 Comp:11-1-3 0.202MBps 38.3ms</bind>
  <bind>Comp:11-1-3 Comp:11-2-3 0.202MBps 38.3ms</bind>
  <bind>Comp:11-2-0 Comp:11-1-4 0.202MBps 38.3ms</bind>
  <bind>Comp:11-1-4 Comp:11-2-0 0.202MBps 38.3ms</bind>
  <bind>Comp:11-2-0 Appliance-188 0.14MBps 48.5ms</bind>
  <bind>Appliance-188 Comp:11-2-0 0.14MBps 48.5ms</bind>
  <bind>Comp:11-2-1 Appliance-74 0.14MBps 48.5ms</bind>
  <bind>Appliance-74 Comp:11-2-1 0.14MBps 48.5ms</bind>
  <bind>Comp:11-2-2 Appliance-160 0.14MBps 48.5ms</bind>
  <bind>Appliance-160 Comp:11-2-2 0.14MBps 48.5ms</bind>
  <bind>Comp:11-2-3 Appliance-383 0.14MBps 48.5ms</bind>
  <bind>Appliance-383 Comp:11-2-3 0.14MBps 48.5ms</bind>
  <bind>Comp:11-2-0 Appliance-234 0.14MBps 48.5ms</bind>
  <bind>Appliance-234 Comp:11-2-0 0.14MBps 48.5ms</bind>
  <bind>Comp:11-2-1 Appliance-60 0.14MBps 48.5ms</bind>
  <bind>Appliance-60 Comp:11-2-1 0.14MBps 48.5ms</bind>
  <bind>Comp:11-2-2 Appliance-274 0.14MBps 48.5ms</bind>
  <bind>Appliance-274 Comp:11-2-2 0.14MBps 48.5ms</bind>
  <bind>Comp:11-2-3 Appliance-96 0.14MBps 48.5ms</bind>
  <bind>Appliance-96 Comp:11-2-3 0.14MBps 48.5ms</bind>
  <bind>Comp:11-2-0 Appliance-46 0.14MBps 48.5ms</bind>
  <bind>Appliance-46 Comp:11-2-0 0.14MBps 48.5ms</bind>
</app>
</apps>
