<?xml version="1.0"?>
<apps>
<app>
  <id>App1</id>
<comp>
  <id>Comp:1-0-0</id>
  <CPU>0.163Gf</CPU>
  <RAM>0.334GB</RAM>
  <DISK>1.56GB</DISK>
</comp>
<comp>
  <id>Comp:1-0-1</id>
  <CPU>0.163Gf</CPU>
  <RAM>0.334GB</RAM>
  <DISK>1.56GB</DISK>
</comp>
<comp>
  <id>Comp:1-0-2</id>
  <CPU>0.163Gf</CPU>
  <RAM>0.334GB</RAM>
  <DISK>1.56GB</DISK>
</comp>
<comp>
  <id>Comp:1-0-3</id>
  <CPU>0.163Gf</CPU>
  <RAM>0.334GB</RAM>
  <DISK>1.56GB</DISK>
</comp>
<comp>
  <id>Comp:1-0-4</id>
  <CPU>0.163Gf</CPU>
  <RAM>0.334GB</RAM>
  <DISK>1.56GB</DISK>
</comp>
<comp>
  <id>Comp:1-0-5</id>
  <CPU>0.163Gf</CPU>
  <RAM>0.334GB</RAM>
  <DISK>1.56GB</DISK>
</comp>
<comp>
  <id>Comp:1-0-6</id>
  <CPU>0.163Gf</CPU>
  <RAM>0.334GB</RAM>
  <DISK>1.56GB</DISK>
</comp>
<comp>
  <id>Comp:1-0-7</id>
  <CPU>0.163Gf</CPU>
  <RAM>0.334GB</RAM>
  <DISK>1.56GB</DISK>
</comp>
<comp>
  <id>Comp:1-0-8</id>
  <CPU>0.163Gf</CPU>
  <RAM>0.334GB</RAM>
  <DISK>1.56GB</DISK>
</comp>
<comp>
  <id>Comp:1-0-9</id>
  <CPU>0.163Gf</CPU>
  <RAM>0.334GB</RAM>
  <DISK>1.56GB</DISK>
</comp>
<comp>
  <id>Comp:1-1-0</id>
  <CPU>0.223Gf</CPU>
  <RAM>0.858GB</RAM>
  <DISK>0.0596GB</DISK>
</comp>
<comp>
  <id>Comp:1-1-1</id>
  <CPU>0.223Gf</CPU>
  <RAM>0.858GB</RAM>
  <DISK>0.0596GB</DISK>
</comp>
<comp>
  <id>Comp:1-1-2</id>
  <CPU>0.223Gf</CPU>
  <RAM>0.858GB</RAM>
  <DISK>0.0596GB</DISK>
</comp>
<comp>
  <id>Comp:1-1-3</id>
  <CPU>0.223Gf</CPU>
  <RAM>0.858GB</RAM>
  <DISK>0.0596GB</DISK>
</comp>
<comp>
  <id>Comp:1-2-0</id>
  <CPU>0.321Gf</CPU>
  <RAM>0.265GB</RAM>
  <DISK>1.44GB</DISK>
</comp>
<comp>
  <id>Comp:1-2-1</id>
  <CPU>0.321Gf</CPU>
  <RAM>0.265GB</RAM>
  <DISK>1.44GB</DISK>
</comp>
<comp>
  <id>Comp:1-3-0</id>
  <CPU>0.31Gf</CPU>
  <RAM>0.672GB</RAM>
  <DISK>1.58GB</DISK>
</comp>
<comp>
  <id>Comp:1-3-1</id>
  <CPU>0.31Gf</CPU>
  <RAM>0.672GB</RAM>
  <DISK>1.58GB</DISK>
</comp>
<comp>
  <id>Comp:1-3-2</id>
  <CPU>0.31Gf</CPU>
  <RAM>0.672GB</RAM>
  <DISK>1.58GB</DISK>
</comp>
<comp>
  <id>Comp:1-3-3</id>
  <CPU>0.31Gf</CPU>
  <RAM>0.672GB</RAM>
  <DISK>1.58GB</DISK>
</comp>
<comp>
  <id>Comp:1-3-4</id>
  <CPU>0.31Gf</CPU>
  <RAM>0.672GB</RAM>
  <DISK>1.58GB</DISK>
</comp>
<comp>
  <id>Comp:1-3-5</id>
  <CPU>0.31Gf</CPU>
  <RAM>0.672GB</RAM>
  <DISK>1.58GB</DISK>
</comp>
<comp>
  <id>Comp:1-3-6</id>
  <CPU>0.31Gf</CPU>
  <RAM>0.672GB</RAM>
  <DISK>1.58GB</DISK>
</comp>
<comp>
  <id>Comp:1-3-7</id>
  <CPU>0.31Gf</CPU>
  <RAM>0.672GB</RAM>
  <DISK>1.58GB</DISK>
</comp>
<comp>
  <id>Comp:1-3-8</id>
  <CPU>0.31Gf</CPU>
  <RAM>0.672GB</RAM>
  <DISK>1.58GB</DISK>
</comp>
<comp>
  <id>Comp:1-3-9</id>
  <CPU>0.31Gf</CPU>
  <RAM>0.672GB</RAM>
  <DISK>1.58GB</DISK>
</comp>
<comp>
  <id>Comp:1-4-0</id>
  <CPU>0.825Gf</CPU>
  <RAM>0.729GB</RAM>
  <DISK>0.467GB</DISK>
</comp>
<comp>
  <id>Comp:1-4-1</id>
  <CPU>0.825Gf</CPU>
  <RAM>0.729GB</RAM>
  <DISK>0.467GB</DISK>
</comp>
<comp>
  <id>Comp:1-4-2</id>
  <CPU>0.825Gf</CPU>
  <RAM>0.729GB</RAM>
  <DISK>0.467GB</DISK>
</comp>
<comp>
  <id>Comp:1-4-3</id>
  <CPU>0.825Gf</CPU>
  <RAM>0.729GB</RAM>
  <DISK>0.467GB</DISK>
</comp>
<comp>
  <id>Comp:1-4-4</id>
  <CPU>0.825Gf</CPU>
  <RAM>0.729GB</RAM>
  <DISK>0.467GB</DISK>
</comp>
<comp>
  <id>Comp:1-4-5</id>
  <CPU>0.825Gf</CPU>
  <RAM>0.729GB</RAM>
  <DISK>0.467GB</DISK>
</comp>
<comp>
  <id>Comp:1-4-6</id>
  <CPU>0.825Gf</CPU>
  <RAM>0.729GB</RAM>
  <DISK>0.467GB</DISK>
</comp>
<comp>
  <id>Comp:1-4-7</id>
  <CPU>0.825Gf</CPU>
  <RAM>0.729GB</RAM>
  <DISK>0.467GB</DISK>
</comp>
<comp>
  <id>Comp:1-4-8</id>
  <CPU>0.825Gf</CPU>
  <RAM>0.729GB</RAM>
  <DISK>0.467GB</DISK>
</comp>
<comp>
  <id>Comp:1-4-9</id>
  <CPU>0.825Gf</CPU>
  <RAM>0.729GB</RAM>
  <DISK>0.467GB</DISK>
</comp>
<comp>
  <id>Comp:1-5-0</id>
  <CPU>0.653Gf</CPU>
  <RAM>0.126GB</RAM>
  <DISK>1.45GB</DISK>
</comp>
<comp>
  <id>Comp:1-5-1</id>
  <CPU>0.653Gf</CPU>
  <RAM>0.126GB</RAM>
  <DISK>1.45GB</DISK>
</comp>
<comp>
  <id>Comp:1-5-2</id>
  <CPU>0.653Gf</CPU>
  <RAM>0.126GB</RAM>
  <DISK>1.45GB</DISK>
</comp>
<comp>
  <id>Comp:1-5-3</id>
  <CPU>0.653Gf</CPU>
  <RAM>0.126GB</RAM>
  <DISK>1.45GB</DISK>
</comp>
<comp>
  <id>Comp:1-5-4</id>
  <CPU>0.653Gf</CPU>
  <RAM>0.126GB</RAM>
  <DISK>1.45GB</DISK>
</comp>
<comp>
  <id>Comp:1-5-5</id>
  <CPU>0.653Gf</CPU>
  <RAM>0.126GB</RAM>
  <DISK>1.45GB</DISK>
</comp>
<comp>
  <id>Comp:1-5-6</id>
  <CPU>0.653Gf</CPU>
  <RAM>0.126GB</RAM>
  <DISK>1.45GB</DISK>
</comp>
<comp>
  <id>Comp:1-5-7</id>
  <CPU>0.653Gf</CPU>
  <RAM>0.126GB</RAM>
  <DISK>1.45GB</DISK>
</comp>
<comp>
  <id>Comp:1-5-8</id>
  <CPU>0.653Gf</CPU>
  <RAM>0.126GB</RAM>
  <DISK>1.45GB</DISK>
</comp>
  <bind>Comp:1-1-0 Comp:1-0-0 0.0579MBps 36.0ms</bind>
  <bind>Comp:1-0-0 Comp:1-1-0 0.0579MBps 36.0ms</bind>
  <bind>Comp:1-1-1 Comp:1-0-1 0.0579MBps 36.0ms</bind>
  <bind>Comp:1-0-1 Comp:1-1-1 0.0579MBps 36.0ms</bind>
  <bind>Comp:1-1-2 Comp:1-0-2 0.0579MBps 36.0ms</bind>
  <bind>Comp:1-0-2 Comp:1-1-2 0.0579MBps 36.0ms</bind>
  <bind>Comp:1-1-3 Comp:1-0-3 0.0579MBps 36.0ms</bind>
  <bind>Comp:1-0-3 Comp:1-1-3 0.0579MBps 36.0ms</bind>
  <bind>Comp:1-1-0 Comp:1-0-4 0.0579MBps 36.0ms</bind>
  <bind>Comp:1-0-4 Comp:1-1-0 0.0579MBps 36.0ms</bind>
  <bind>Comp:1-1-1 Comp:1-0-5 0.0579MBps 36.0ms</bind>
  <bind>Comp:1-0-5 Comp:1-1-1 0.0579MBps 36.0ms</bind>
  <bind>Comp:1-1-2 Comp:1-0-6 0.0579MBps 36.0ms</bind>
  <bind>Comp:1-0-6 Comp:1-1-2 0.0579MBps 36.0ms</bind>
  <bind>Comp:1-1-3 Comp:1-0-7 0.0579MBps 36.0ms</bind>
  <bind>Comp:1-0-7 Comp:1-1-3 0.0579MBps 36.0ms</bind>
  <bind>Comp:1-1-0 Comp:1-0-8 0.0579MBps 36.0ms</bind>
  <bind>Comp:1-0-8 Comp:1-1-0 0.0579MBps 36.0ms</bind>
  <bind>Comp:1-1-1 Comp:1-0-9 0.0579MBps 36.0ms</bind>
  <bind>Comp:1-0-9 Comp:1-1-1 0.0579MBps 36.0ms</bind>
  <bind>Comp:1-2-0 Comp:1-1-0 0.421MBps 29.0ms</bind>
  <bind>Comp:1-1-0 Comp:1-2-0 0.421MBps 29.0ms</bind>
  <bind>Comp:1-2-1 Comp:1-1-1 0.421MBps 29.0ms</bind>
  <bind>Comp:1-1-1 Comp:1-2-1 0.421MBps 29.0ms</bind>
  <bind>Comp:1-2-0 Comp:1-1-2 0.421MBps 29.0ms</bind>
  <bind>Comp:1-1-2 Comp:1-2-0 0.421MBps 29.0ms</bind>
  <bind>Comp:1-2-1 Comp:1-1-3 0.421MBps 29.0ms</bind>
  <bind>Comp:1-1-3 Comp:1-2-1 0.421MBps 29.0ms</bind>
  <bind>Comp:1-3-0 Comp:1-2-0 0.381MBps 25.1ms</bind>
  <bind>Comp:1-2-0 Comp:1-3-0 0.381MBps 25.1ms</bind>
  <bind>Comp:1-3-1 Comp:1-2-1 0.381MBps 25.1ms</bind>
  <bind>Comp:1-2-1 Comp:1-3-1 0.381MBps 25.1ms</bind>
  <bind>Comp:1-3-2 Comp:1-2-0 0.381MBps 25.1ms</bind>
  <bind>Comp:1-2-0 Comp:1-3-2 0.381MBps 25.1ms</bind>
  <bind>Comp:1-3-3 Comp:1-2-1 0.381MBps 25.1ms</bind>
  <bind>Comp:1-2-1 Comp:1-3-3 0.381MBps 25.1ms</bind>
  <bind>Comp:1-3-4 Comp:1-2-0 0.381MBps 25.1ms</bind>
  <bind>Comp:1-2-0 Comp:1-3-4 0.381MBps 25.1ms</bind>
  <bind>Comp:1-3-5 Comp:1-2-1 0.381MBps 25.1ms</bind>
  <bind>Comp:1-2-1 Comp:1-3-5 0.381MBps 25.1ms</bind>
  <bind>Comp:1-3-6 Comp:1-2-0 0.381MBps 25.1ms</bind>
  <bind>Comp:1-2-0 Comp:1-3-6 0.381MBps 25.1ms</bind>
  <bind>Comp:1-3-7 Comp:1-2-1 0.381MBps 25.1ms</bind>
  <bind>Comp:1-2-1 Comp:1-3-7 0.381MBps 25.1ms</bind>
  <bind>Comp:1-3-8 Comp:1-2-0 0.381MBps 25.1ms</bind>
  <bind>Comp:1-2-0 Comp:1-3-8 0.381MBps 25.1ms</bind>
  <bind>Comp:1-3-9 Comp:1-2-1 0.381MBps 25.1ms</bind>
  <bind>Comp:1-2-1 Comp:1-3-9 0.381MBps 25.1ms</bind>
  <bind>Comp:1-4-0 Comp:1-3-0 0.988MBps 42.6ms</bind>
  <bind>Comp:1-3-0 Comp:1-4-0 0.988MBps 42.6ms</bind>
  <bind>Comp:1-4-1 Comp:1-3-1 0.988MBps 42.6ms</bind>
  <bind>Comp:1-3-1 Comp:1-4-1 0.988MBps 42.6ms</bind>
  <bind>Comp:1-4-2 Comp:1-3-2 0.988MBps 42.6ms</bind>
  <bind>Comp:1-3-2 Comp:1-4-2 0.988MBps 42.6ms</bind>
  <bind>Comp:1-4-3 Comp:1-3-3 0.988MBps 42.6ms</bind>
  <bind>Comp:1-3-3 Comp:1-4-3 0.988MBps 42.6ms</bind>
  <bind>Comp:1-4-4 Comp:1-3-4 0.988MBps 42.6ms</bind>
  <bind>Comp:1-3-4 Comp:1-4-4 0.988MBps 42.6ms</bind>
  <bind>Comp:1-4-5 Comp:1-3-5 0.988MBps 42.6ms</bind>
  <bind>Comp:1-3-5 Comp:1-4-5 0.988MBps 42.6ms</bind>
  <bind>Comp:1-4-6 Comp:1-3-6 0.988MBps 42.6ms</bind>
  <bind>Comp:1-3-6 Comp:1-4-6 0.988MBps 42.6ms</bind>
  <bind>Comp:1-4-7 Comp:1-3-7 0.988MBps 42.6ms</bind>
  <bind>Comp:1-3-7 Comp:1-4-7 0.988MBps 42.6ms</bind>
  <bind>Comp:1-4-8 Comp:1-3-8 0.988MBps 42.6ms</bind>
  <bind>Comp:1-3-8 Comp:1-4-8 0.988MBps 42.6ms</bind>
  <bind>Comp:1-4-9 Comp:1-3-9 0.988MBps 42.6ms</bind>
  <bind>Comp:1-3-9 Comp:1-4-9 0.988MBps 42.6ms</bind>
  <bind>Comp:1-5-0 Comp:1-4-0 0.136MBps 34.6ms</bind>
  <bind>Comp:1-4-0 Comp:1-5-0 0.136MBps 34.6ms</bind>
  <bind>Comp:1-5-1 Comp:1-4-1 0.136MBps 34.6ms</bind>
  <bind>Comp:1-4-1 Comp:1-5-1 0.136MBps 34.6ms</bind>
  <bind>Comp:1-5-2 Comp:1-4-2 0.136MBps 34.6ms</bind>
  <bind>Comp:1-4-2 Comp:1-5-2 0.136MBps 34.6ms</bind>
  <bind>Comp:1-5-3 Comp:1-4-3 0.136MBps 34.6ms</bind>
  <bind>Comp:1-4-3 Comp:1-5-3 0.136MBps 34.6ms</bind>
  <bind>Comp:1-5-4 Comp:1-4-4 0.136MBps 34.6ms</bind>
  <bind>Comp:1-4-4 Comp:1-5-4 0.136MBps 34.6ms</bind>
  <bind>Comp:1-5-5 Comp:1-4-5 0.136MBps 34.6ms</bind>
  <bind>Comp:1-4-5 Comp:1-5-5 0.136MBps 34.6ms</bind>
  <bind>Comp:1-5-6 Comp:1-4-6 0.136MBps 34.6ms</bind>
  <bind>Comp:1-4-6 Comp:1-5-6 0.136MBps 34.6ms</bind>
  <bind>Comp:1-5-7 Comp:1-4-7 0.136MBps 34.6ms</bind>
  <bind>Comp:1-4-7 Comp:1-5-7 0.136MBps 34.6ms</bind>
  <bind>Comp:1-5-8 Comp:1-4-8 0.136MBps 34.6ms</bind>
  <bind>Comp:1-4-8 Comp:1-5-8 0.136MBps 34.6ms</bind>
  <bind>Comp:1-5-0 Comp:1-4-9 0.136MBps 34.6ms</bind>
  <bind>Comp:1-4-9 Comp:1-5-0 0.136MBps 34.6ms</bind>
  <bind>Comp:1-5-0 Appliance-17 0.0251MBps 27.5ms</bind>
  <bind>Appliance-17 Comp:1-5-0 0.0251MBps 27.5ms</bind>
  <bind>Comp:1-5-1 Appliance-32 0.0251MBps 27.5ms</bind>
  <bind>Appliance-32 Comp:1-5-1 0.0251MBps 27.5ms</bind>
  <bind>Comp:1-5-2 Appliance-0 0.0251MBps 27.5ms</bind>
  <bind>Appliance-0 Comp:1-5-2 0.0251MBps 27.5ms</bind>
  <bind>Comp:1-5-3 Appliance-10 0.0251MBps 27.5ms</bind>
  <bind>Appliance-10 Comp:1-5-3 0.0251MBps 27.5ms</bind>
  <bind>Comp:1-5-4 Appliance-5 0.0251MBps 27.5ms</bind>
  <bind>Appliance-5 Comp:1-5-4 0.0251MBps 27.5ms</bind>
  <bind>Comp:1-5-5 Appliance-0 0.0251MBps 27.5ms</bind>
  <bind>Appliance-0 Comp:1-5-5 0.0251MBps 27.5ms</bind>
  <bind>Comp:1-5-6 Appliance-17 0.0251MBps 27.5ms</bind>
  <bind>Appliance-17 Comp:1-5-6 0.0251MBps 27.5ms</bind>
  <bind>Comp:1-5-7 Appliance-32 0.0251MBps 27.5ms</bind>
  <bind>Appliance-32 Comp:1-5-7 0.0251MBps 27.5ms</bind>
  <bind>Comp:1-5-8 Appliance-0 0.0251MBps 27.5ms</bind>
  <bind>Appliance-0 Comp:1-5-8 0.0251MBps 27.5ms</bind>
</app>
<app>
  <id>App10</id>
<comp>
  <id>Comp:10-1-0</id>
  <CPU>0.334Gf</CPU>
  <RAM>0.421GB</RAM>
  <DISK>1.26GB</DISK>
</comp>
<comp>
  <id>Comp:10-1-1</id>
  <CPU>0.334Gf</CPU>
  <RAM>0.421GB</RAM>
  <DISK>1.26GB</DISK>
</comp>
<comp>
  <id>Comp:10-1-2</id>
  <CPU>0.334Gf</CPU>
  <RAM>0.421GB</RAM>
  <DISK>1.26GB</DISK>
</comp>
<comp>
  <id>Comp:10-1-3</id>
  <CPU>0.334Gf</CPU>
  <RAM>0.421GB</RAM>
  <DISK>1.26GB</DISK>
</comp>
<comp>
  <id>Comp:10-1-4</id>
  <CPU>0.334Gf</CPU>
  <RAM>0.421GB</RAM>
  <DISK>1.26GB</DISK>
</comp>
<comp>
  <id>Comp:10-1-5</id>
  <CPU>0.334Gf</CPU>
  <RAM>0.421GB</RAM>
  <DISK>1.26GB</DISK>
</comp>
<comp>
  <id>Comp:10-1-6</id>
  <CPU>0.334Gf</CPU>
  <RAM>0.421GB</RAM>
  <DISK>1.26GB</DISK>
</comp>
<comp>
  <id>Comp:10-1-7</id>
  <CPU>0.334Gf</CPU>
  <RAM>0.421GB</RAM>
  <DISK>1.26GB</DISK>
</comp>
<comp>
  <id>Comp:10-2-0</id>
  <CPU>0.405Gf</CPU>
  <RAM>0.113GB</RAM>
  <DISK>1.7GB</DISK>
</comp>
<comp>
  <id>Comp:10-2-1</id>
  <CPU>0.405Gf</CPU>
  <RAM>0.113GB</RAM>
  <DISK>1.7GB</DISK>
</comp>
<comp>
  <id>Comp:10-2-2</id>
  <CPU>0.405Gf</CPU>
  <RAM>0.113GB</RAM>
  <DISK>1.7GB</DISK>
</comp>
<comp>
  <id>Comp:10-2-3</id>
  <CPU>0.405Gf</CPU>
  <RAM>0.113GB</RAM>
  <DISK>1.7GB</DISK>
</comp>
<comp>
  <id>Comp:10-2-4</id>
  <CPU>0.405Gf</CPU>
  <RAM>0.113GB</RAM>
  <DISK>1.7GB</DISK>
</comp>
<comp>
  <id>Comp:10-2-5</id>
  <CPU>0.405Gf</CPU>
  <RAM>0.113GB</RAM>
  <DISK>1.7GB</DISK>
</comp>
<comp>
  <id>Comp:10-2-6</id>
  <CPU>0.405Gf</CPU>
  <RAM>0.113GB</RAM>
  <DISK>1.7GB</DISK>
</comp>
<comp>
  <id>Comp:10-2-7</id>
  <CPU>0.405Gf</CPU>
  <RAM>0.113GB</RAM>
  <DISK>1.7GB</DISK>
</comp>
<comp>
  <id>Comp:10-2-8</id>
  <CPU>0.405Gf</CPU>
  <RAM>0.113GB</RAM>
  <DISK>1.7GB</DISK>
</comp>
  <bind>Comp:10-1-0 Appliance-1 0.613MBps 38.2ms</bind>
  <bind>Appliance-1 Comp:10-1-0 0.613MBps 38.2ms</bind>
  <bind>Comp:10-1-1 Appliance-26 0.613MBps 38.2ms</bind>
  <bind>Appliance-26 Comp:10-1-1 0.613MBps 38.2ms</bind>
  <bind>Comp:10-1-2 Appliance-36 0.613MBps 38.2ms</bind>
  <bind>Appliance-36 Comp:10-1-2 0.613MBps 38.2ms</bind>
  <bind>Comp:10-1-3 Appliance-5 0.613MBps 38.2ms</bind>
  <bind>Appliance-5 Comp:10-1-3 0.613MBps 38.2ms</bind>
  <bind>Comp:10-1-4 Appliance-36 0.613MBps 38.2ms</bind>
  <bind>Appliance-36 Comp:10-1-4 0.613MBps 38.2ms</bind>
  <bind>Comp:10-1-5 Appliance-0 0.613MBps 38.2ms</bind>
  <bind>Appliance-0 Comp:10-1-5 0.613MBps 38.2ms</bind>
  <bind>Comp:10-1-6 Appliance-26 0.613MBps 38.2ms</bind>
  <bind>Appliance-26 Comp:10-1-6 0.613MBps 38.2ms</bind>
  <bind>Comp:10-1-7 Appliance-30 0.613MBps 38.2ms</bind>
  <bind>Appliance-30 Comp:10-1-7 0.613MBps 38.2ms</bind>
  <bind>Comp:10-1-0 Comp:10-2-0 0.461MBps 26.3ms</bind>
  <bind>Comp:10-2-0 Comp:10-1-0 0.461MBps 26.3ms</bind>
  <bind>Comp:10-1-1 Comp:10-2-1 0.461MBps 26.3ms</bind>
  <bind>Comp:10-2-1 Comp:10-1-1 0.461MBps 26.3ms</bind>
  <bind>Comp:10-1-2 Comp:10-2-2 0.461MBps 26.3ms</bind>
  <bind>Comp:10-2-2 Comp:10-1-2 0.461MBps 26.3ms</bind>
  <bind>Comp:10-1-3 Comp:10-2-3 0.461MBps 26.3ms</bind>
  <bind>Comp:10-2-3 Comp:10-1-3 0.461MBps 26.3ms</bind>
  <bind>Comp:10-1-4 Comp:10-2-4 0.461MBps 26.3ms</bind>
  <bind>Comp:10-2-4 Comp:10-1-4 0.461MBps 26.3ms</bind>
  <bind>Comp:10-1-5 Comp:10-2-5 0.461MBps 26.3ms</bind>
  <bind>Comp:10-2-5 Comp:10-1-5 0.461MBps 26.3ms</bind>
  <bind>Comp:10-1-6 Comp:10-2-6 0.461MBps 26.3ms</bind>
  <bind>Comp:10-2-6 Comp:10-1-6 0.461MBps 26.3ms</bind>
  <bind>Comp:10-1-7 Comp:10-2-7 0.461MBps 26.3ms</bind>
  <bind>Comp:10-2-7 Comp:10-1-7 0.461MBps 26.3ms</bind>
  <bind>Comp:10-1-0 Comp:10-2-8 0.461MBps 26.3ms</bind>
  <bind>Comp:10-2-8 Comp:10-1-0 0.461MBps 26.3ms</bind>
</app>
<app>
  <id>App11</id>
<comp>
  <id>Comp:11-1-0</id>
  <CPU>0.545Gf</CPU>
  <RAM>0.742GB</RAM>
  <DISK>0.725GB</DISK>
</comp>
<comp>
  <id>Comp:11-1-1</id>
  <CPU>0.545Gf</CPU>
  <RAM>0.742GB</RAM>
  <DISK>0.725GB</DISK>
</comp>
<comp>
  <id>Comp:11-1-2</id>
  <CPU>0.545Gf</CPU>
  <RAM>0.742GB</RAM>
  <DISK>0.725GB</DISK>
</comp>
<comp>
  <id>Comp:11-1-3</id>
  <CPU>0.545Gf</CPU>
  <RAM>0.742GB</RAM>
  <DISK>0.725GB</DISK>
</comp>
<comp>
  <id>Comp:11-1-4</id>
  <CPU>0.545Gf</CPU>
  <RAM>0.742GB</RAM>
  <DISK>0.725GB</DISK>
</comp>
<comp>
  <id>Comp:11-1-5</id>
  <CPU>0.545Gf</CPU>
  <RAM>0.742GB</RAM>
  <DISK>0.725GB</DISK>
</comp>
<comp>
  <id>Comp:11-1-6</id>
  <CPU>0.545Gf</CPU>
  <RAM>0.742GB</RAM>
  <DISK>0.725GB</DISK>
</comp>
<comp>
  <id>Comp:11-2-0</id>
  <CPU>0.536Gf</CPU>
  <RAM>0.594GB</RAM>
  <DISK>1.61GB</DISK>
</comp>
<comp>
  <id>Comp:11-2-1</id>
  <CPU>0.536Gf</CPU>
  <RAM>0.594GB</RAM>
  <DISK>1.61GB</DISK>
</comp>
<comp>
  <id>Comp:11-2-2</id>
  <CPU>0.536Gf</CPU>
  <RAM>0.594GB</RAM>
  <DISK>1.61GB</DISK>
</comp>
<comp>
  <id>Comp:11-2-3</id>
  <CPU>0.536Gf</CPU>
  <RAM>0.594GB</RAM>
  <DISK>1.61GB</DISK>
</comp>
<comp>
  <id>Comp:11-2-4</id>
  <CPU>0.536Gf</CPU>
  <RAM>0.594GB</RAM>
  <DISK>1.61GB</DISK>
</comp>
<comp>
  <id>Comp:11-2-5</id>
  <CPU>0.536Gf</CPU>
  <RAM>0.594GB</RAM>
  <DISK>1.61GB</DISK>
</comp>
<comp>
  <id>Comp:11-2-6</id>
  <CPU>0.536Gf</CPU>
  <RAM>0.594GB</RAM>
  <DISK>1.61GB</DISK>
</comp>
<comp>
  <id>Comp:11-2-7</id>
  <CPU>0.536Gf</CPU>
  <RAM>0.594GB</RAM>
  <DISK>1.61GB</DISK>
</comp>
<comp>
  <id>Comp:11-3-0</id>
  <CPU>0.868Gf</CPU>
  <RAM>0.271GB</RAM>
  <DISK>1.15GB</DISK>
</comp>
<comp>
  <id>Comp:11-3-1</id>
  <CPU>0.868Gf</CPU>
  <RAM>0.271GB</RAM>
  <DISK>1.15GB</DISK>
</comp>
<comp>
  <id>Comp:11-3-2</id>
  <CPU>0.868Gf</CPU>
  <RAM>0.271GB</RAM>
  <DISK>1.15GB</DISK>
</comp>
<comp>
  <id>Comp:11-3-3</id>
  <CPU>0.868Gf</CPU>
  <RAM>0.271GB</RAM>
  <DISK>1.15GB</DISK>
</comp>
<comp>
  <id>Comp:11-3-4</id>
  <CPU>0.868Gf</CPU>
  <RAM>0.271GB</RAM>
  <DISK>1.15GB</DISK>
</comp>
<comp>
  <id>Comp:11-3-5</id>
  <CPU>0.868Gf</CPU>
  <RAM>0.271GB</RAM>
  <DISK>1.15GB</DISK>
</comp>
<comp>
  <id>Comp:11-3-6</id>
  <CPU>0.868Gf</CPU>
  <RAM>0.271GB</RAM>
  <DISK>1.15GB</DISK>
</comp>
<comp>
  <id>Comp:11-3-7</id>
  <CPU>0.868Gf</CPU>
  <RAM>0.271GB</RAM>
  <DISK>1.15GB</DISK>
</comp>
<comp>
  <id>Comp:11-3-8</id>
  <CPU>0.868Gf</CPU>
  <RAM>0.271GB</RAM>
  <DISK>1.15GB</DISK>
</comp>
<comp>
  <id>Comp:11-4-0</id>
  <CPU>0.748Gf</CPU>
  <RAM>0.505GB</RAM>
  <DISK>1.39GB</DISK>
</comp>
<comp>
  <id>Comp:11-4-1</id>
  <CPU>0.748Gf</CPU>
  <RAM>0.505GB</RAM>
  <DISK>1.39GB</DISK>
</comp>
<comp>
  <id>Comp:11-4-2</id>
  <CPU>0.748Gf</CPU>
  <RAM>0.505GB</RAM>
  <DISK>1.39GB</DISK>
</comp>
<comp>
  <id>Comp:11-4-3</id>
  <CPU>0.748Gf</CPU>
  <RAM>0.505GB</RAM>
  <DISK>1.39GB</DISK>
</comp>
<comp>
  <id>Comp:11-4-4</id>
  <CPU>0.748Gf</CPU>
  <RAM>0.505GB</RAM>
  <DISK>1.39GB</DISK>
</comp>
<comp>
  <id>Comp:11-5-0</id>
  <CPU>0.719Gf</CPU>
  <RAM>0.878GB</RAM>
  <DISK>0.34GB</DISK>
</comp>
<comp>
  <id>Comp:11-5-1</id>
  <CPU>0.719Gf</CPU>
  <RAM>0.878GB</RAM>
  <DISK>0.34GB</DISK>
</comp>
<comp>
  <id>Comp:11-5-2</id>
  <CPU>0.719Gf</CPU>
  <RAM>0.878GB</RAM>
  <DISK>0.34GB</DISK>
</comp>
<comp>
  <id>Comp:11-5-3</id>
  <CPU>0.719Gf</CPU>
  <RAM>0.878GB</RAM>
  <DISK>0.34GB</DISK>
</comp>
<comp>
  <id>Comp:11-5-4</id>
  <CPU>0.719Gf</CPU>
  <RAM>0.878GB</RAM>
  <DISK>0.34GB</DISK>
</comp>
<comp>
  <id>Comp:11-5-5</id>
  <CPU>0.719Gf</CPU>
  <RAM>0.878GB</RAM>
  <DISK>0.34GB</DISK>
</comp>
<comp>
  <id>Comp:11-5-6</id>
  <CPU>0.719Gf</CPU>
  <RAM>0.878GB</RAM>
  <DISK>0.34GB</DISK>
</comp>
  <bind>Comp:11-1-0 Appliance-6 0.104MBps 38.1ms</bind>
  <bind>Appliance-6 Comp:11-1-0 0.104MBps 38.1ms</bind>
  <bind>Comp:11-1-1 Appliance-34 0.104MBps 38.1ms</bind>
  <bind>Appliance-34 Comp:11-1-1 0.104MBps 38.1ms</bind>
  <bind>Comp:11-1-2 Appliance-14 0.104MBps 38.1ms</bind>
  <bind>Appliance-14 Comp:11-1-2 0.104MBps 38.1ms</bind>
  <bind>Comp:11-1-3 Appliance-6 0.104MBps 38.1ms</bind>
  <bind>Appliance-6 Comp:11-1-3 0.104MBps 38.1ms</bind>
  <bind>Comp:11-1-4 Appliance-34 0.104MBps 38.1ms</bind>
  <bind>Appliance-34 Comp:11-1-4 0.104MBps 38.1ms</bind>
  <bind>Comp:11-1-5 Appliance-14 0.104MBps 38.1ms</bind>
  <bind>Appliance-14 Comp:11-1-5 0.104MBps 38.1ms</bind>
  <bind>Comp:11-1-6 Appliance-6 0.104MBps 38.1ms</bind>
  <bind>Appliance-6 Comp:11-1-6 0.104MBps 38.1ms</bind>
  <bind>Comp:11-2-0 Comp:11-1-0 0.705MBps 30.8ms</bind>
  <bind>Comp:11-1-0 Comp:11-2-0 0.705MBps 30.8ms</bind>
  <bind>Comp:11-2-1 Comp:11-1-1 0.705MBps 30.8ms</bind>
  <bind>Comp:11-1-1 Comp:11-2-1 0.705MBps 30.8ms</bind>
  <bind>Comp:11-2-2 Comp:11-1-2 0.705MBps 30.8ms</bind>
  <bind>Comp:11-1-2 Comp:11-2-2 0.705MBps 30.8ms</bind>
  <bind>Comp:11-2-3 Comp:11-1-3 0.705MBps 30.8ms</bind>
  <bind>Comp:11-1-3 Comp:11-2-3 0.705MBps 30.8ms</bind>
  <bind>Comp:11-2-4 Comp:11-1-4 0.705MBps 30.8ms</bind>
  <bind>Comp:11-1-4 Comp:11-2-4 0.705MBps 30.8ms</bind>
  <bind>Comp:11-2-5 Comp:11-1-5 0.705MBps 30.8ms</bind>
  <bind>Comp:11-1-5 Comp:11-2-5 0.705MBps 30.8ms</bind>
  <bind>Comp:11-2-6 Comp:11-1-6 0.705MBps 30.8ms</bind>
  <bind>Comp:11-1-6 Comp:11-2-6 0.705MBps 30.8ms</bind>
  <bind>Comp:11-2-7 Comp:11-1-0 0.705MBps 30.8ms</bind>
  <bind>Comp:11-1-0 Comp:11-2-7 0.705MBps 30.8ms</bind>
  <bind>Comp:11-3-0 Comp:11-2-0 0.654MBps 39.3ms</bind>
  <bind>Comp:11-2-0 Comp:11-3-0 0.654MBps 39.3ms</bind>
  <bind>Comp:11-3-1 Comp:11-2-1 0.654MBps 39.3ms</bind>
  <bind>Comp:11-2-1 Comp:11-3-1 0.654MBps 39.3ms</bind>
  <bind>Comp:11-3-2 Comp:11-2-2 0.654MBps 39.3ms</bind>
  <bind>Comp:11-2-2 Comp:11-3-2 0.654MBps 39.3ms</bind>
  <bind>Comp:11-3-3 Comp:11-2-3 0.654MBps 39.3ms</bind>
  <bind>Comp:11-2-3 Comp:11-3-3 0.654MBps 39.3ms</bind>
  <bind>Comp:11-3-4 Comp:11-2-4 0.654MBps 39.3ms</bind>
  <bind>Comp:11-2-4 Comp:11-3-4 0.654MBps 39.3ms</bind>
  <bind>Comp:11-3-5 Comp:11-2-5 0.654MBps 39.3ms</bind>
  <bind>Comp:11-2-5 Comp:11-3-5 0.654MBps 39.3ms</bind>
  <bind>Comp:11-3-6 Comp:11-2-6 0.654MBps 39.3ms</bind>
  <bind>Comp:11-2-6 Comp:11-3-6 0.654MBps 39.3ms</bind>
  <bind>Comp:11-3-7 Comp:11-2-7 0.654MBps 39.3ms</bind>
  <bind>Comp:11-2-7 Comp:11-3-7 0.654MBps 39.3ms</bind>
  <bind>Comp:11-3-8 Comp:11-2-0 0.654MBps 39.3ms</bind>
  <bind>Comp:11-2-0 Comp:11-3-8 0.654MBps 39.3ms</bind>
  <bind>Comp:11-4-0 Comp:11-3-0 0.603MBps 49.3ms</bind>
  <bind>Comp:11-3-0 Comp:11-4-0 0.603MBps 49.3ms</bind>
  <bind>Comp:11-4-1 Comp:11-3-1 0.603MBps 49.3ms</bind>
  <bind>Comp:11-3-1 Comp:11-4-1 0.603MBps 49.3ms</bind>
  <bind>Comp:11-4-2 Comp:11-3-2 0.603MBps 49.3ms</bind>
  <bind>Comp:11-3-2 Comp:11-4-2 0.603MBps 49.3ms</bind>
  <bind>Comp:11-4-3 Comp:11-3-3 0.603MBps 49.3ms</bind>
  <bind>Comp:11-3-3 Comp:11-4-3 0.603MBps 49.3ms</bind>
  <bind>Comp:11-4-4 Comp:11-3-4 0.603MBps 49.3ms</bind>
  <bind>Comp:11-3-4 Comp:11-4-4 0.603MBps 49.3ms</bind>
  <bind>Comp:11-4-0 Comp:11-3-5 0.603MBps 49.3ms</bind>
  <bind>Comp:11-3-5 Comp:11-4-0 0.603MBps 49.3ms</bind>
  <bind>Comp:11-4-1 Comp:11-3-6 0.603MBps 49.3ms</bind>
  <bind>Comp:11-3-6 Comp:11-4-1 0.603MBps 49.3ms</bind>
  <bind>Comp:11-4-2 Comp:11-3-7 0.603MBps 49.3ms</bind>
  <bind>Comp:11-3-7 Comp:11-4-2 0.603MBps 49.3ms</bind>
  <bind>Comp:11-4-3 Comp:11-3-8 0.603MBps 49.3ms</bind>
  <bind>Comp:11-3-8 Comp:11-4-3 0.603MBps 49.3ms</bind>
  <bind>Comp:11-4-0 Comp:11-5-0 0.395MBps 40.1ms</bind>
  <bind>Comp:11-5-0 Comp:11-4-0 0.395MBps 40.1ms</bind>
  <bind>Comp:11-4-1 Comp:11-5-1 0.395MBps 40.1ms</bind>
  <bind>Comp:11-5-1 Comp:11-4-1 0.395MBps 40.1ms</bind>
  <bind>Comp:11-4-2 Comp:11-5-2 0.395MBps 40.1ms</bind>
  <bind>Comp:11-5-2 Comp:11-4-2 0.395MBps 40.1ms</bind>
  <bind>Comp:11-4-3 Comp:11-5-3 0.395MBps 40.1ms</bind>
  <bind>Comp:11-5-3 Comp:11-4-3 0.395MBps 40.1ms</bind>
  <bind>Comp:11-4-4 Comp:11-5-4 0.395MBps 40.1ms</bind>
  <bind>Comp:11-5-4 Comp:11-4-4 0.395MBps 40.1ms</bind>
  <bind>Comp:11-4-0 Comp:11-5-5 0.395MBps 40.1ms</bind>
  <bind>Comp:11-5-5 Comp:11-4-0 0.395MBps 40.1ms</bind>
  <bind>Comp:11-4-1 Comp:11-5-6 0.395MBps 40.1ms</bind>
  <bind>Comp:11-5-6 Comp:11-4-1 0.395MBps 40.1ms</bind>
</app>
<app>
  <id>App12</id>
<comp>
  <id>Comp:12-0-0</id>
  <CPU>0.113Gf</CPU>
  <RAM>0.548GB</RAM>
  <DISK>0.471GB</DISK>
</comp>
<comp>
  <id>Comp:12-0-1</id>
  <CPU>0.113Gf</CPU>
  <RAM>0.548GB</RAM>
  <DISK>0.471GB</DISK>
</comp>
<comp>
  <id>Comp:12-1-0</id>
  <CPU>0.173Gf</CPU>
  <RAM>0.135GB</RAM>
  <DISK>0.737GB</DISK>
</comp>
<comp>
  <id>Comp:12-1-1</id>
  <CPU>0.173Gf</CPU>
  <RAM>0.135GB</RAM>
  <DISK>0.737GB</DISK>
</comp>
<comp>
  <id>Comp:12-1-2</id>
  <CPU>0.173Gf</CPU>
  <RAM>0.135GB</RAM>
  <DISK>0.737GB</DISK>
</comp>
<comp>
  <id>Comp:12-2-0</id>
  <CPU>0.154Gf</CPU>
  <RAM>0.473GB</RAM>
  <DISK>1.57GB</DISK>
</comp>
<comp>
  <id>Comp:12-2-1</id>
  <CPU>0.154Gf</CPU>
  <RAM>0.473GB</RAM>
  <DISK>1.57GB</DISK>
</comp>
<comp>
  <id>Comp:12-2-2</id>
  <CPU>0.154Gf</CPU>
  <RAM>0.473GB</RAM>
  <DISK>1.57GB</DISK>
</comp>
<comp>
  <id>Comp:12-2-3</id>
  <CPU>0.154Gf</CPU>
  <RAM>0.473GB</RAM>
  <DISK>1.57GB</DISK>
</comp>
<comp>
  <id>Comp:12-2-4</id>
  <CPU>0.154Gf</CPU>
  <RAM>0.473GB</RAM>
  <DISK>1.57GB</DISK>
</comp>
<comp>
  <id>Comp:12-2-5</id>
  <CPU>0.154Gf</CPU>
  <RAM>0.473GB</RAM>
  <DISK>1.57GB</DISK>
</comp>
<comp>
  <id>Comp:12-2-6</id>
  <CPU>0.154Gf</CPU>
  <RAM>0.473GB</RAM>
  <DISK>1.57GB</DISK>
</comp>
<comp>
  <id>Comp:12-3-0</id>
  <CPU>0.384Gf</CPU>
  <RAM>0.892GB</RAM>
  <DISK>1.87GB</DISK>
</comp>
<comp>
  <id>Comp:12-3-1</id>
  <CPU>0.384Gf</CPU>
  <RAM>0.892GB</RAM>
  <DISK>1.87GB</DISK>
</comp>
<comp>
  <id>Comp:12-3-2</id>
  <CPU>0.384Gf</CPU>
  <RAM>0.892GB</RAM>
  <DISK>1.87GB</DISK>
</comp>
<comp>
  <id>Comp:12-3-3</id>
  <CPU>0.384Gf</CPU>
  <RAM>0.892GB</RAM>
  <DISK>1.87GB</DISK>
</comp>
<comp>
  <id>Comp:12-3-4</id>
  <CPU>0.384Gf</CPU>
  <RAM>0.892GB</RAM>
  <DISK>1.87GB</DISK>
</comp>
<comp>
  <id>Comp:12-3-5</id>
  <CPU>0.384Gf</CPU>
  <RAM>0.892GB</RAM>
  <DISK>1.87GB</DISK>
</comp>
<comp>
  <id>Comp:12-3-6</id>
  <CPU>0.384Gf</CPU>
  <RAM>0.892GB</RAM>
  <DISK>1.87GB</DISK>
</comp>
<comp>
  <id>Comp:12-3-7</id>
  <CPU>0.384Gf</CPU>
  <RAM>0.892GB</RAM>
  <DISK>1.87GB</DISK>
</comp>
<comp>
  <id>Comp:12-3-8</id>
  <CPU>0.384Gf</CPU>
  <RAM>0.892GB</RAM>
  <DISK>1.87GB</DISK>
</comp>
<comp>
  <id>Comp:12-4-0</id>
  <CPU>0.14Gf</CPU>
  <RAM>0.61GB</RAM>
  <DISK>0.951GB</DISK>
</comp>
<comp>
  <id>Comp:12-4-1</id>
  <CPU>0.14Gf</CPU>
  <RAM>0.61GB</RAM>
  <DISK>0.951GB</DISK>
</comp>
<comp>
  <id>Comp:12-4-2</id>
  <CPU>0.14Gf</CPU>
  <RAM>0.61GB</RAM>
  <DISK>0.951GB</DISK>
</comp>
<comp>
  <id>Comp:12-4-3</id>
  <CPU>0.14Gf</CPU>
  <RAM>0.61GB</RAM>
  <DISK>0.951GB</DISK>
</comp>
<comp>
  <id>Comp:12-4-4</id>
  <CPU>0.14Gf</CPU>
  <RAM>0.61GB</RAM>
  <DISK>0.951GB</DISK>
</comp>
<comp>
  <id>Comp:12-4-5</id>
  <CPU>0.14Gf</CPU>
  <RAM>0.61GB</RAM>
  <DISK>0.951GB</DISK>
</comp>
<comp>
  <id>Comp:12-4-6</id>
  <CPU>0.14Gf</CPU>
  <RAM>0.61GB</RAM>
  <DISK>0.951GB</DISK>
</comp>
  <bind>Comp:12-1-0 Comp:12-0-0 0.276MBps 32.6ms</bind>
  <bind>Comp:12-0-0 Comp:12-1-0 0.276MBps 32.6ms</bind>
  <bind>Comp:12-1-1 Comp:12-0-1 0.276MBps 32.6ms</bind>
  <bind>Comp:12-0-1 Comp:12-1-1 0.276MBps 32.6ms</bind>
  <bind>Comp:12-1-2 Comp:12-0-0 0.276MBps 32.6ms</bind>
  <bind>Comp:12-0-0 Comp:12-1-2 0.276MBps 32.6ms</bind>
  <bind>Comp:12-2-0 Comp:12-1-0 0.0543MBps 29.3ms</bind>
  <bind>Comp:12-1-0 Comp:12-2-0 0.0543MBps 29.3ms</bind>
  <bind>Comp:12-2-1 Comp:12-1-1 0.0543MBps 29.3ms</bind>
  <bind>Comp:12-1-1 Comp:12-2-1 0.0543MBps 29.3ms</bind>
  <bind>Comp:12-2-2 Comp:12-1-2 0.0543MBps 29.3ms</bind>
  <bind>Comp:12-1-2 Comp:12-2-2 0.0543MBps 29.3ms</bind>
  <bind>Comp:12-2-3 Comp:12-1-0 0.0543MBps 29.3ms</bind>
  <bind>Comp:12-1-0 Comp:12-2-3 0.0543MBps 29.3ms</bind>
  <bind>Comp:12-2-4 Comp:12-1-1 0.0543MBps 29.3ms</bind>
  <bind>Comp:12-1-1 Comp:12-2-4 0.0543MBps 29.3ms</bind>
  <bind>Comp:12-2-5 Comp:12-1-2 0.0543MBps 29.3ms</bind>
  <bind>Comp:12-1-2 Comp:12-2-5 0.0543MBps 29.3ms</bind>
  <bind>Comp:12-2-6 Comp:12-1-0 0.0543MBps 29.3ms</bind>
  <bind>Comp:12-1-0 Comp:12-2-6 0.0543MBps 29.3ms</bind>
  <bind>Comp:12-3-0 Comp:12-2-0 0.397MBps 47.0ms</bind>
  <bind>Comp:12-2-0 Comp:12-3-0 0.397MBps 47.0ms</bind>
  <bind>Comp:12-3-1 Comp:12-2-1 0.397MBps 47.0ms</bind>
  <bind>Comp:12-2-1 Comp:12-3-1 0.397MBps 47.0ms</bind>
  <bind>Comp:12-3-2 Comp:12-2-2 0.397MBps 47.0ms</bind>
  <bind>Comp:12-2-2 Comp:12-3-2 0.397MBps 47.0ms</bind>
  <bind>Comp:12-3-3 Comp:12-2-3 0.397MBps 47.0ms</bind>
  <bind>Comp:12-2-3 Comp:12-3-3 0.397MBps 47.0ms</bind>
  <bind>Comp:12-3-4 Comp:12-2-4 0.397MBps 47.0ms</bind>
  <bind>Comp:12-2-4 Comp:12-3-4 0.397MBps 47.0ms</bind>
  <bind>Comp:12-3-5 Comp:12-2-5 0.397MBps 47.0ms</bind>
  <bind>Comp:12-2-5 Comp:12-3-5 0.397MBps 47.0ms</bind>
  <bind>Comp:12-3-6 Comp:12-2-6 0.397MBps 47.0ms</bind>
  <bind>Comp:12-2-6 Comp:12-3-6 0.397MBps 47.0ms</bind>
  <bind>Comp:12-3-7 Comp:12-2-0 0.397MBps 47.0ms</bind>
  <bind>Comp:12-2-0 Comp:12-3-7 0.397MBps 47.0ms</bind>
  <bind>Comp:12-3-8 Comp:12-2-1 0.397MBps 47.0ms</bind>
  <bind>Comp:12-2-1 Comp:12-3-8 0.397MBps 47.0ms</bind>
  <bind>Comp:12-4-0 Comp:12-3-0 0.91MBps 34.0ms</bind>
  <bind>Comp:12-3-0 Comp:12-4-0 0.91MBps 34.0ms</bind>
  <bind>Comp:12-4-1 Comp:12-3-1 0.91MBps 34.0ms</bind>
  <bind>Comp:12-3-1 Comp:12-4-1 0.91MBps 34.0ms</bind>
  <bind>Comp:12-4-2 Comp:12-3-2 0.91MBps 34.0ms</bind>
  <bind>Comp:12-3-2 Comp:12-4-2 0.91MBps 34.0ms</bind>
  <bind>Comp:12-4-3 Comp:12-3-3 0.91MBps 34.0ms</bind>
  <bind>Comp:12-3-3 Comp:12-4-3 0.91MBps 34.0ms</bind>
  <bind>Comp:12-4-4 Comp:12-3-4 0.91MBps 34.0ms</bind>
  <bind>Comp:12-3-4 Comp:12-4-4 0.91MBps 34.0ms</bind>
  <bind>Comp:12-4-5 Comp:12-3-5 0.91MBps 34.0ms</bind>
  <bind>Comp:12-3-5 Comp:12-4-5 0.91MBps 34.0ms</bind>
  <bind>Comp:12-4-6 Comp:12-3-6 0.91MBps 34.0ms</bind>
  <bind>Comp:12-3-6 Comp:12-4-6 0.91MBps 34.0ms</bind>
  <bind>Comp:12-4-0 Comp:12-3-7 0.91MBps 34.0ms</bind>
  <bind>Comp:12-3-7 Comp:12-4-0 0.91MBps 34.0ms</bind>
  <bind>Comp:12-4-1 Comp:12-3-8 0.91MBps 34.0ms</bind>
  <bind>Comp:12-3-8 Comp:12-4-1 0.91MBps 34.0ms</bind>
  <bind>Comp:12-4-0 Appliance-6 0.906MBps 42.7ms</bind>
  <bind>Appliance-6 Comp:12-4-0 0.906MBps 42.7ms</bind>
  <bind>Comp:12-4-1 Appliance-3 0.906MBps 42.7ms</bind>
  <bind>Appliance-3 Comp:12-4-1 0.906MBps 42.7ms</bind>
  <bind>Comp:12-4-2 Appliance-33 0.906MBps 42.7ms</bind>
  <bind>Appliance-33 Comp:12-4-2 0.906MBps 42.7ms</bind>
  <bind>Comp:12-4-3 Appliance-3 0.906MBps 42.7ms</bind>
  <bind>Appliance-3 Comp:12-4-3 0.906MBps 42.7ms</bind>
  <bind>Comp:12-4-4 Appliance-15 0.906MBps 42.7ms</bind>
  <bind>Appliance-15 Comp:12-4-4 0.906MBps 42.7ms</bind>
  <bind>Comp:12-4-5 Appliance-6 0.906MBps 42.7ms</bind>
  <bind>Appliance-6 Comp:12-4-5 0.906MBps 42.7ms</bind>
  <bind>Comp:12-4-6 Appliance-33 0.906MBps 42.7ms</bind>
  <bind>Appliance-33 Comp:12-4-6 0.906MBps 42.7ms</bind>
</app>
<app>
  <id>App13</id>
<comp>
  <id>Comp:13-0-0</id>
  <CPU>0.367Gf</CPU>
  <RAM>0.551GB</RAM>
  <DISK>1.74GB</DISK>
</comp>
<comp>
  <id>Comp:13-0-1</id>
  <CPU>0.367Gf</CPU>
  <RAM>0.551GB</RAM>
  <DISK>1.74GB</DISK>
</comp>
<comp>
  <id>Comp:13-0-2</id>
  <CPU>0.367Gf</CPU>
  <RAM>0.551GB</RAM>
  <DISK>1.74GB</DISK>
</comp>
<comp>
  <id>Comp:13-1-0</id>
  <CPU>0.455Gf</CPU>
  <RAM>0.248GB</RAM>
  <DISK>1.88GB</DISK>
</comp>
<comp>
  <id>Comp:13-1-1</id>
  <CPU>0.455Gf</CPU>
  <RAM>0.248GB</RAM>
  <DISK>1.88GB</DISK>
</comp>
<comp>
  <id>Comp:13-1-2</id>
  <CPU>0.455Gf</CPU>
  <RAM>0.248GB</RAM>
  <DISK>1.88GB</DISK>
</comp>
<comp>
  <id>Comp:13-1-3</id>
  <CPU>0.455Gf</CPU>
  <RAM>0.248GB</RAM>
  <DISK>1.88GB</DISK>
</comp>
<comp>
  <id>Comp:13-1-4</id>
  <CPU>0.455Gf</CPU>
  <RAM>0.248GB</RAM>
  <DISK>1.88GB</DISK>
</comp>
<comp>
  <id>Comp:13-1-5</id>
  <CPU>0.455Gf</CPU>
  <RAM>0.248GB</RAM>
  <DISK>1.88GB</DISK>
</comp>
<comp>
  <id>Comp:13-2-0</id>
  <CPU>0.349Gf</CPU>
  <RAM>0.221GB</RAM>
  <DISK>1.96GB</DISK>
</comp>
<comp>
  <id>Comp:13-2-1</id>
  <CPU>0.349Gf</CPU>
  <RAM>0.221GB</RAM>
  <DISK>1.96GB</DISK>
</comp>
<comp>
  <id>Comp:13-2-2</id>
  <CPU>0.349Gf</CPU>
  <RAM>0.221GB</RAM>
  <DISK>1.96GB</DISK>
</comp>
<comp>
  <id>Comp:13-2-3</id>
  <CPU>0.349Gf</CPU>
  <RAM>0.221GB</RAM>
  <DISK>1.96GB</DISK>
</comp>
<comp>
  <id>Comp:13-2-4</id>
  <CPU>0.349Gf</CPU>
  <RAM>0.221GB</RAM>
  <DISK>1.96GB</DISK>
</comp>
<comp>
  <id>Comp:13-2-5</id>
  <CPU>0.349Gf</CPU>
  <RAM>0.221GB</RAM>
  <DISK>1.96GB</DISK>
</comp>
<comp>
  <id>Comp:13-2-6</id>
  <CPU>0.349Gf</CPU>
  <RAM>0.221GB</RAM>
  <DISK>1.96GB</DISK>
</comp>
<comp>
  <id>Comp:13-3-0</id>
  <CPU>0.877Gf</CPU>
  <RAM>0.925GB</RAM>
  <DISK>0.351GB</DISK>
</comp>
  <bind>Comp:13-1-0 Comp:13-0-0 0.455MBps 32.5ms</bind>
  <bind>Comp:13-0-0 Comp:13-1-0 0.455MBps 32.5ms</bind>
  <bind>Comp:13-1-1 Comp:13-0-1 0.455MBps 32.5ms</bind>
  <bind>Comp:13-0-1 Comp:13-1-1 0.455MBps 32.5ms</bind>
  <bind>Comp:13-1-2 Comp:13-0-2 0.455MBps 32.5ms</bind>
  <bind>Comp:13-0-2 Comp:13-1-2 0.455MBps 32.5ms</bind>
  <bind>Comp:13-1-3 Comp:13-0-0 0.455MBps 32.5ms</bind>
  <bind>Comp:13-0-0 Comp:13-1-3 0.455MBps 32.5ms</bind>
  <bind>Comp:13-1-4 Comp:13-0-1 0.455MBps 32.5ms</bind>
  <bind>Comp:13-0-1 Comp:13-1-4 0.455MBps 32.5ms</bind>
  <bind>Comp:13-1-5 Comp:13-0-2 0.455MBps 32.5ms</bind>
  <bind>Comp:13-0-2 Comp:13-1-5 0.455MBps 32.5ms</bind>
  <bind>Comp:13-2-0 Comp:13-1-0 0.922MBps 49.2ms</bind>
  <bind>Comp:13-1-0 Comp:13-2-0 0.922MBps 49.2ms</bind>
  <bind>Comp:13-2-1 Comp:13-1-1 0.922MBps 49.2ms</bind>
  <bind>Comp:13-1-1 Comp:13-2-1 0.922MBps 49.2ms</bind>
  <bind>Comp:13-2-2 Comp:13-1-2 0.922MBps 49.2ms</bind>
  <bind>Comp:13-1-2 Comp:13-2-2 0.922MBps 49.2ms</bind>
  <bind>Comp:13-2-3 Comp:13-1-3 0.922MBps 49.2ms</bind>
  <bind>Comp:13-1-3 Comp:13-2-3 0.922MBps 49.2ms</bind>
  <bind>Comp:13-2-4 Comp:13-1-4 0.922MBps 49.2ms</bind>
  <bind>Comp:13-1-4 Comp:13-2-4 0.922MBps 49.2ms</bind>
  <bind>Comp:13-2-5 Comp:13-1-5 0.922MBps 49.2ms</bind>
  <bind>Comp:13-1-5 Comp:13-2-5 0.922MBps 49.2ms</bind>
  <bind>Comp:13-2-6 Comp:13-1-0 0.922MBps 49.2ms</bind>
  <bind>Comp:13-1-0 Comp:13-2-6 0.922MBps 49.2ms</bind>
  <bind>Comp:13-3-0 Comp:13-2-0 0.773MBps 34.6ms</bind>
  <bind>Comp:13-2-0 Comp:13-3-0 0.773MBps 34.6ms</bind>
  <bind>Comp:13-3-0 Comp:13-2-1 0.773MBps 34.6ms</bind>
  <bind>Comp:13-2-1 Comp:13-3-0 0.773MBps 34.6ms</bind>
  <bind>Comp:13-3-0 Comp:13-2-2 0.773MBps 34.6ms</bind>
  <bind>Comp:13-2-2 Comp:13-3-0 0.773MBps 34.6ms</bind>
  <bind>Comp:13-3-0 Comp:13-2-3 0.773MBps 34.6ms</bind>
  <bind>Comp:13-2-3 Comp:13-3-0 0.773MBps 34.6ms</bind>
  <bind>Comp:13-3-0 Comp:13-2-4 0.773MBps 34.6ms</bind>
  <bind>Comp:13-2-4 Comp:13-3-0 0.773MBps 34.6ms</bind>
  <bind>Comp:13-3-0 Comp:13-2-5 0.773MBps 34.6ms</bind>
  <bind>Comp:13-2-5 Comp:13-3-0 0.773MBps 34.6ms</bind>
  <bind>Comp:13-3-0 Comp:13-2-6 0.773MBps 34.6ms</bind>
  <bind>Comp:13-2-6 Comp:13-3-0 0.773MBps 34.6ms</bind>
  <bind>Comp:13-3-0 Appliance-32 0.144MBps 38.2ms</bind>
  <bind>Appliance-32 Comp:13-3-0 0.144MBps 38.2ms</bind>
  <bind>Comp:13-3-0 Appliance-27 0.144MBps 38.2ms</bind>
  <bind>Appliance-27 Comp:13-3-0 0.144MBps 38.2ms</bind>
  <bind>Comp:13-3-0 Appliance-0 0.144MBps 38.2ms</bind>
  <bind>Appliance-0 Comp:13-3-0 0.144MBps 38.2ms</bind>
  <bind>Comp:13-3-0 Appliance-10 0.144MBps 38.2ms</bind>
  <bind>Appliance-10 Comp:13-3-0 0.144MBps 38.2ms</bind>
  <bind>Comp:13-3-0 Appliance-17 0.144MBps 38.2ms</bind>
  <bind>Appliance-17 Comp:13-3-0 0.144MBps 38.2ms</bind>
  <bind>Comp:13-3-0 Appliance-36 0.144MBps 38.2ms</bind>
  <bind>Appliance-36 Comp:13-3-0 0.144MBps 38.2ms</bind>
  <bind>Comp:13-3-0 Appliance-24 0.144MBps 38.2ms</bind>
  <bind>Appliance-24 Comp:13-3-0 0.144MBps 38.2ms</bind>
  <bind>Comp:13-3-0 Appliance-28 0.144MBps 38.2ms</bind>
  <bind>Appliance-28 Comp:13-3-0 0.144MBps 38.2ms</bind>
  <bind>Comp:13-3-0 Appliance-11 0.144MBps 38.2ms</bind>
  <bind>Appliance-11 Comp:13-3-0 0.144MBps 38.2ms</bind>
</app>
<app>
  <id>App15</id>
<comp>
  <id>Comp:15-1-0</id>
  <CPU>0.216Gf</CPU>
  <RAM>0.731GB</RAM>
  <DISK>1.13GB</DISK>
</comp>
<comp>
  <id>Comp:15-1-1</id>
  <CPU>0.216Gf</CPU>
  <RAM>0.731GB</RAM>
  <DISK>1.13GB</DISK>
</comp>
<comp>
  <id>Comp:15-1-2</id>
  <CPU>0.216Gf</CPU>
  <RAM>0.731GB</RAM>
  <DISK>1.13GB</DISK>
</comp>
<comp>
  <id>Comp:15-1-3</id>
  <CPU>0.216Gf</CPU>
  <RAM>0.731GB</RAM>
  <DISK>1.13GB</DISK>
</comp>
<comp>
  <id>Comp:15-1-4</id>
  <CPU>0.216Gf</CPU>
  <RAM>0.731GB</RAM>
  <DISK>1.13GB</DISK>
</comp>
<comp>
  <id>Comp:15-1-5</id>
  <CPU>0.216Gf</CPU>
  <RAM>0.731GB</RAM>
  <DISK>1.13GB</DISK>
</comp>
<comp>
  <id>Comp:15-1-6</id>
  <CPU>0.216Gf</CPU>
  <RAM>0.731GB</RAM>
  <DISK>1.13GB</DISK>
</comp>
  <bind>Comp:15-1-0 Appliance-18 0.651MBps 49.8ms</bind>
  <bind>Appliance-18 Comp:15-1-0 0.651MBps 49.8ms</bind>
  <bind>Comp:15-1-1 Appliance-6 0.651MBps 49.8ms</bind>
  <bind>Appliance-6 Comp:15-1-1 0.651MBps 49.8ms</bind>
  <bind>Comp:15-1-2 Appliance-4 0.651MBps 49.8ms</bind>
  <bind>Appliance-4 Comp:15-1-2 0.651MBps 49.8ms</bind>
  <bind>Comp:15-1-3 Appliance-14 0.651MBps 49.8ms</bind>
  <bind>Appliance-14 Comp:15-1-3 0.651MBps 49.8ms</bind>
  <bind>Comp:15-1-4 Appliance-34 0.651MBps 49.8ms</bind>
  <bind>Appliance-34 Comp:15-1-4 0.651MBps 49.8ms</bind>
  <bind>Comp:15-1-5 Appliance-25 0.651MBps 49.8ms</bind>
  <bind>Appliance-25 Comp:15-1-5 0.651MBps 49.8ms</bind>
  <bind>Comp:15-1-6 Appliance-18 0.651MBps 49.8ms</bind>
  <bind>Appliance-18 Comp:15-1-6 0.651MBps 49.8ms</bind>
  <bind>Comp:15-1-0 Appliance-18 0.52MBps 48.2ms</bind>
  <bind>Appliance-18 Comp:15-1-0 0.52MBps 48.2ms</bind>
  <bind>Comp:15-1-1 Appliance-15 0.52MBps 48.2ms</bind>
  <bind>Appliance-15 Comp:15-1-1 0.52MBps 48.2ms</bind>
  <bind>Comp:15-1-2 Appliance-18 0.52MBps 48.2ms</bind>
  <bind>Appliance-18 Comp:15-1-2 0.52MBps 48.2ms</bind>
  <bind>Comp:15-1-3 Appliance-34 0.52MBps 48.2ms</bind>
  <bind>Appliance-34 Comp:15-1-3 0.52MBps 48.2ms</bind>
  <bind>Comp:15-1-4 Appliance-25 0.52MBps 48.2ms</bind>
  <bind>Appliance-25 Comp:15-1-4 0.52MBps 48.2ms</bind>
  <bind>Comp:15-1-5 Appliance-3 0.52MBps 48.2ms</bind>
  <bind>Appliance-3 Comp:15-1-5 0.52MBps 48.2ms</bind>
  <bind>Comp:15-1-6 Appliance-6 0.52MBps 48.2ms</bind>
  <bind>Appliance-6 Comp:15-1-6 0.52MBps 48.2ms</bind>
  <bind>Comp:15-1-0 Appliance-34 0.52MBps 48.2ms</bind>
  <bind>Appliance-34 Comp:15-1-0 0.52MBps 48.2ms</bind>
  <bind>Comp:15-1-1 Appliance-4 0.52MBps 48.2ms</bind>
  <bind>Appliance-4 Comp:15-1-1 0.52MBps 48.2ms</bind>
  <bind>Comp:15-1-2 Appliance-4 0.52MBps 48.2ms</bind>
  <bind>Appliance-4 Comp:15-1-2 0.52MBps 48.2ms</bind>
</app>
<app>
  <id>App16</id>
<comp>
  <id>Comp:16-1-0</id>
  <CPU>0.909Gf</CPU>
  <RAM>0.343GB</RAM>
  <DISK>0.545GB</DISK>
</comp>
<comp>
  <id>Comp:16-1-1</id>
  <CPU>0.909Gf</CPU>
  <RAM>0.343GB</RAM>
  <DISK>0.545GB</DISK>
</comp>
<comp>
  <id>Comp:16-1-2</id>
  <CPU>0.909Gf</CPU>
  <RAM>0.343GB</RAM>
  <DISK>0.545GB</DISK>
</comp>
<comp>
  <id>Comp:16-1-3</id>
  <CPU>0.909Gf</CPU>
  <RAM>0.343GB</RAM>
  <DISK>0.545GB</DISK>
</comp>
<comp>
  <id>Comp:16-2-0</id>
  <CPU>0.465Gf</CPU>
  <RAM>0.433GB</RAM>
  <DISK>0.82GB</DISK>
</comp>
<comp>
  <id>Comp:16-2-1</id>
  <CPU>0.465Gf</CPU>
  <RAM>0.433GB</RAM>
  <DISK>0.82GB</DISK>
</comp>
<comp>
  <id>Comp:16-2-2</id>
  <CPU>0.465Gf</CPU>
  <RAM>0.433GB</RAM>
  <DISK>0.82GB</DISK>
</comp>
<comp>
  <id>Comp:16-2-3</id>
  <CPU>0.465Gf</CPU>
  <RAM>0.433GB</RAM>
  <DISK>0.82GB</DISK>
</comp>
<comp>
  <id>Comp:16-2-4</id>
  <CPU>0.465Gf</CPU>
  <RAM>0.433GB</RAM>
  <DISK>0.82GB</DISK>
</comp>
<comp>
  <id>Comp:16-2-5</id>
  <CPU>0.465Gf</CPU>
  <RAM>0.433GB</RAM>
  <DISK>0.82GB</DISK>
</comp>
<comp>
  <id>Comp:16-2-6</id>
  <CPU>0.465Gf</CPU>
  <RAM>0.433GB</RAM>
  <DISK>0.82GB</DISK>
</comp>
<comp>
  <id>Comp:16-2-7</id>
  <CPU>0.465Gf</CPU>
  <RAM>0.433GB</RAM>
  <DISK>0.82GB</DISK>
</comp>
<comp>
  <id>Comp:16-3-0</id>
  <CPU>0.245Gf</CPU>
  <RAM>0.635GB</RAM>
  <DISK>2.0GB</DISK>
</comp>
<comp>
  <id>Comp:16-3-1</id>
  <CPU>0.245Gf</CPU>
  <RAM>0.635GB</RAM>
  <DISK>2.0GB</DISK>
</comp>
<comp>
  <id>Comp:16-3-2</id>
  <CPU>0.245Gf</CPU>
  <RAM>0.635GB</RAM>
  <DISK>2.0GB</DISK>
</comp>
<comp>
  <id>Comp:16-3-3</id>
  <CPU>0.245Gf</CPU>
  <RAM>0.635GB</RAM>
  <DISK>2.0GB</DISK>
</comp>
<comp>
  <id>Comp:16-3-4</id>
  <CPU>0.245Gf</CPU>
  <RAM>0.635GB</RAM>
  <DISK>2.0GB</DISK>
</comp>
<comp>
  <id>Comp:16-4-0</id>
  <CPU>0.569Gf</CPU>
  <RAM>0.684GB</RAM>
  <DISK>0.376GB</DISK>
</comp>
<comp>
  <id>Comp:16-4-1</id>
  <CPU>0.569Gf</CPU>
  <RAM>0.684GB</RAM>
  <DISK>0.376GB</DISK>
</comp>
<comp>
  <id>Comp:16-4-2</id>
  <CPU>0.569Gf</CPU>
  <RAM>0.684GB</RAM>
  <DISK>0.376GB</DISK>
</comp>
<comp>
  <id>Comp:16-4-3</id>
  <CPU>0.569Gf</CPU>
  <RAM>0.684GB</RAM>
  <DISK>0.376GB</DISK>
</comp>
<comp>
  <id>Comp:16-4-4</id>
  <CPU>0.569Gf</CPU>
  <RAM>0.684GB</RAM>
  <DISK>0.376GB</DISK>
</comp>
<comp>
  <id>Comp:16-4-5</id>
  <CPU>0.569Gf</CPU>
  <RAM>0.684GB</RAM>
  <DISK>0.376GB</DISK>
</comp>
<comp>
  <id>Comp:16-4-6</id>
  <CPU>0.569Gf</CPU>
  <RAM>0.684GB</RAM>
  <DISK>0.376GB</DISK>
</comp>
<comp>
  <id>Comp:16-4-7</id>
  <CPU>0.569Gf</CPU>
  <RAM>0.684GB</RAM>
  <DISK>0.376GB</DISK>
</comp>
<comp>
  <id>Comp:16-4-8</id>
  <CPU>0.569Gf</CPU>
  <RAM>0.684GB</RAM>
  <DISK>0.376GB</DISK>
</comp>
<comp>
  <id>Comp:16-5-0</id>
  <CPU>0.164Gf</CPU>
  <RAM>0.46GB</RAM>
  <DISK>0.486GB</DISK>
</comp>
<comp>
  <id>Comp:16-5-1</id>
  <CPU>0.164Gf</CPU>
  <RAM>0.46GB</RAM>
  <DISK>0.486GB</DISK>
</comp>
<comp>
  <id>Comp:16-5-2</id>
  <CPU>0.164Gf</CPU>
  <RAM>0.46GB</RAM>
  <DISK>0.486GB</DISK>
</comp>
  <bind>Comp:16-1-0 Appliance-4 0.209MBps 42.6ms</bind>
  <bind>Appliance-4 Comp:16-1-0 0.209MBps 42.6ms</bind>
  <bind>Comp:16-1-1 Appliance-4 0.209MBps 42.6ms</bind>
  <bind>Appliance-4 Comp:16-1-1 0.209MBps 42.6ms</bind>
  <bind>Comp:16-1-2 Appliance-4 0.209MBps 42.6ms</bind>
  <bind>Appliance-4 Comp:16-1-2 0.209MBps 42.6ms</bind>
  <bind>Comp:16-1-3 Appliance-4 0.209MBps 42.6ms</bind>
  <bind>Appliance-4 Comp:16-1-3 0.209MBps 42.6ms</bind>
  <bind>Comp:16-2-0 Comp:16-1-0 0.353MBps 25.5ms</bind>
  <bind>Comp:16-1-0 Comp:16-2-0 0.353MBps 25.5ms</bind>
  <bind>Comp:16-2-1 Comp:16-1-1 0.353MBps 25.5ms</bind>
  <bind>Comp:16-1-1 Comp:16-2-1 0.353MBps 25.5ms</bind>
  <bind>Comp:16-2-2 Comp:16-1-2 0.353MBps 25.5ms</bind>
  <bind>Comp:16-1-2 Comp:16-2-2 0.353MBps 25.5ms</bind>
  <bind>Comp:16-2-3 Comp:16-1-3 0.353MBps 25.5ms</bind>
  <bind>Comp:16-1-3 Comp:16-2-3 0.353MBps 25.5ms</bind>
  <bind>Comp:16-2-4 Comp:16-1-0 0.353MBps 25.5ms</bind>
  <bind>Comp:16-1-0 Comp:16-2-4 0.353MBps 25.5ms</bind>
  <bind>Comp:16-2-5 Comp:16-1-1 0.353MBps 25.5ms</bind>
  <bind>Comp:16-1-1 Comp:16-2-5 0.353MBps 25.5ms</bind>
  <bind>Comp:16-2-6 Comp:16-1-2 0.353MBps 25.5ms</bind>
  <bind>Comp:16-1-2 Comp:16-2-6 0.353MBps 25.5ms</bind>
  <bind>Comp:16-2-7 Comp:16-1-3 0.353MBps 25.5ms</bind>
  <bind>Comp:16-1-3 Comp:16-2-7 0.353MBps 25.5ms</bind>
  <bind>Comp:16-3-0 Comp:16-2-0 0.0137MBps 28.1ms</bind>
  <bind>Comp:16-2-0 Comp:16-3-0 0.0137MBps 28.1ms</bind>
  <bind>Comp:16-3-1 Comp:16-2-1 0.0137MBps 28.1ms</bind>
  <bind>Comp:16-2-1 Comp:16-3-1 0.0137MBps 28.1ms</bind>
  <bind>Comp:16-3-2 Comp:16-2-2 0.0137MBps 28.1ms</bind>
  <bind>Comp:16-2-2 Comp:16-3-2 0.0137MBps 28.1ms</bind>
  <bind>Comp:16-3-3 Comp:16-2-3 0.0137MBps 28.1ms</bind>
  <bind>Comp:16-2-3 Comp:16-3-3 0.0137MBps 28.1ms</bind>
  <bind>Comp:16-3-4 Comp:16-2-4 0.0137MBps 28.1ms</bind>
  <bind>Comp:16-2-4 Comp:16-3-4 0.0137MBps 28.1ms</bind>
  <bind>Comp:16-3-0 Comp:16-2-5 0.0137MBps 28.1ms</bind>
  <bind>Comp:16-2-5 Comp:16-3-0 0.0137MBps 28.1ms</bind>
  <bind>Comp:16-3-1 Comp:16-2-6 0.0137MBps 28.1ms</bind>
  <bind>Comp:16-2-6 Comp:16-3-1 0.0137MBps 28.1ms</bind>
  <bind>Comp:16-3-2 Comp:16-2-7 0.0137MBps 28.1ms</bind>
  <bind>Comp:16-2-7 Comp:16-3-2 0.0137MBps 28.1ms</bind>
  <bind>Comp:16-4-0 Comp:16-3-0 0.242MBps 46.2ms</bind>
  <bind>Comp:16-3-0 Comp:16-4-0 0.242MBps 46.2ms</bind>
  <bind>Comp:16-4-1 Comp:16-3-1 0.242MBps 46.2ms</bind>
  <bind>Comp:16-3-1 Comp:16-4-1 0.242MBps 46.2ms</bind>
  <bind>Comp:16-4-2 Comp:16-3-2 0.242MBps 46.2ms</bind>
  <bind>Comp:16-3-2 Comp:16-4-2 0.242MBps 46.2ms</bind>
  <bind>Comp:16-4-3 Comp:16-3-3 0.242MBps 46.2ms</bind>
  <bind>Comp:16-3-3 Comp:16-4-3 0.242MBps 46.2ms</bind>
  <bind>Comp:16-4-4 Comp:16-3-4 0.242MBps 46.2ms</bind>
  <bind>Comp:16-3-4 Comp:16-4-4 0.242MBps 46.2ms</bind>
  <bind>Comp:16-4-5 Comp:16-3-0 0.242MBps 46.2ms</bind>
  <bind>Comp:16-3-0 Comp:16-4-5 0.242MBps 46.2ms</bind>
  <bind>Comp:16-4-6 Comp:16-3-1 0.242MBps 46.2ms</bind>
  <bind>Comp:16-3-1 Comp:16-4-6 0.242MBps 46.2ms</bind>
  <bind>Comp:16-4-7 Comp:16-3-2 0.242MBps 46.2ms</bind>
  <bind>Comp:16-3-2 Comp:16-4-7 0.242MBps 46.2ms</bind>
  <bind>Comp:16-4-8 Comp:16-3-3 0.242MBps 46.2ms</bind>
  <bind>Comp:16-3-3 Comp:16-4-8 0.242MBps 46.2ms</bind>
  <bind>Comp:16-4-0 Comp:16-5-0 0.811MBps 37.1ms</bind>
  <bind>Comp:16-5-0 Comp:16-4-0 0.811MBps 37.1ms</bind>
  <bind>Comp:16-4-1 Comp:16-5-1 0.811MBps 37.1ms</bind>
  <bind>Comp:16-5-1 Comp:16-4-1 0.811MBps 37.1ms</bind>
  <bind>Comp:16-4-2 Comp:16-5-2 0.811MBps 37.1ms</bind>
  <bind>Comp:16-5-2 Comp:16-4-2 0.811MBps 37.1ms</bind>
  <bind>Comp:16-4-3 Comp:16-5-0 0.811MBps 37.1ms</bind>
  <bind>Comp:16-5-0 Comp:16-4-3 0.811MBps 37.1ms</bind>
  <bind>Comp:16-4-4 Comp:16-5-1 0.811MBps 37.1ms</bind>
  <bind>Comp:16-5-1 Comp:16-4-4 0.811MBps 37.1ms</bind>
  <bind>Comp:16-4-5 Comp:16-5-2 0.811MBps 37.1ms</bind>
  <bind>Comp:16-5-2 Comp:16-4-5 0.811MBps 37.1ms</bind>
  <bind>Comp:16-4-6 Comp:16-5-0 0.811MBps 37.1ms</bind>
  <bind>Comp:16-5-0 Comp:16-4-6 0.811MBps 37.1ms</bind>
  <bind>Comp:16-4-7 Comp:16-5-1 0.811MBps 37.1ms</bind>
  <bind>Comp:16-5-1 Comp:16-4-7 0.811MBps 37.1ms</bind>
  <bind>Comp:16-4-8 Comp:16-5-2 0.811MBps 37.1ms</bind>
  <bind>Comp:16-5-2 Comp:16-4-8 0.811MBps 37.1ms</bind>
</app>
<app>
  <id>App17</id>
<comp>
  <id>Comp:17-1-0</id>
  <CPU>0.886Gf</CPU>
  <RAM>0.925GB</RAM>
  <DISK>0.82GB</DISK>
</comp>
<comp>
  <id>Comp:17-1-1</id>
  <CPU>0.886Gf</CPU>
  <RAM>0.925GB</RAM>
  <DISK>0.82GB</DISK>
</comp>
<comp>
  <id>Comp:17-1-2</id>
  <CPU>0.886Gf</CPU>
  <RAM>0.925GB</RAM>
  <DISK>0.82GB</DISK>
</comp>
<comp>
  <id>Comp:17-1-3</id>
  <CPU>0.886Gf</CPU>
  <RAM>0.925GB</RAM>
  <DISK>0.82GB</DISK>
</comp>
<comp>
  <id>Comp:17-1-4</id>
  <CPU>0.886Gf</CPU>
  <RAM>0.925GB</RAM>
  <DISK>0.82GB</DISK>
</comp>
<comp>
  <id>Comp:17-1-5</id>
  <CPU>0.886Gf</CPU>
  <RAM>0.925GB</RAM>
  <DISK>0.82GB</DISK>
</comp>
<comp>
  <id>Comp:17-1-6</id>
  <CPU>0.886Gf</CPU>
  <RAM>0.925GB</RAM>
  <DISK>0.82GB</DISK>
</comp>
  <bind>Comp:17-1-0 Appliance-14 0.301MBps 49.6ms</bind>
  <bind>Appliance-14 Comp:17-1-0 0.301MBps 49.6ms</bind>
  <bind>Comp:17-1-1 Appliance-3 0.301MBps 49.6ms</bind>
  <bind>Appliance-3 Comp:17-1-1 0.301MBps 49.6ms</bind>
  <bind>Comp:17-1-2 Appliance-25 0.301MBps 49.6ms</bind>
  <bind>Appliance-25 Comp:17-1-2 0.301MBps 49.6ms</bind>
  <bind>Comp:17-1-3 Appliance-6 0.301MBps 49.6ms</bind>
  <bind>Appliance-6 Comp:17-1-3 0.301MBps 49.6ms</bind>
  <bind>Comp:17-1-4 Appliance-14 0.301MBps 49.6ms</bind>
  <bind>Appliance-14 Comp:17-1-4 0.301MBps 49.6ms</bind>
  <bind>Comp:17-1-5 Appliance-3 0.301MBps 49.6ms</bind>
  <bind>Appliance-3 Comp:17-1-5 0.301MBps 49.6ms</bind>
  <bind>Comp:17-1-6 Appliance-25 0.301MBps 49.6ms</bind>
  <bind>Appliance-25 Comp:17-1-6 0.301MBps 49.6ms</bind>
  <bind>Comp:17-1-0 Appliance-3 0.0232MBps 25.1ms</bind>
  <bind>Appliance-3 Comp:17-1-0 0.0232MBps 25.1ms</bind>
  <bind>Comp:17-1-1 Appliance-25 0.0232MBps 25.1ms</bind>
  <bind>Appliance-25 Comp:17-1-1 0.0232MBps 25.1ms</bind>
  <bind>Comp:17-1-2 Appliance-3 0.0232MBps 25.1ms</bind>
  <bind>Appliance-3 Comp:17-1-2 0.0232MBps 25.1ms</bind>
  <bind>Comp:17-1-3 Appliance-25 0.0232MBps 25.1ms</bind>
  <bind>Appliance-25 Comp:17-1-3 0.0232MBps 25.1ms</bind>
  <bind>Comp:17-1-4 Appliance-3 0.0232MBps 25.1ms</bind>
  <bind>Appliance-3 Comp:17-1-4 0.0232MBps 25.1ms</bind>
  <bind>Comp:17-1-5 Appliance-25 0.0232MBps 25.1ms</bind>
  <bind>Appliance-25 Comp:17-1-5 0.0232MBps 25.1ms</bind>
  <bind>Comp:17-1-6 Appliance-3 0.0232MBps 25.1ms</bind>
  <bind>Appliance-3 Comp:17-1-6 0.0232MBps 25.1ms</bind>
</app>
<app>
  <id>App18</id>
<comp>
  <id>Comp:18-0-0</id>
  <CPU>0.794Gf</CPU>
  <RAM>0.98GB</RAM>
  <DISK>1.6GB</DISK>
</comp>
<comp>
  <id>Comp:18-0-1</id>
  <CPU>0.794Gf</CPU>
  <RAM>0.98GB</RAM>
  <DISK>1.6GB</DISK>
</comp>
<comp>
  <id>Comp:18-0-2</id>
  <CPU>0.794Gf</CPU>
  <RAM>0.98GB</RAM>
  <DISK>1.6GB</DISK>
</comp>
<comp>
  <id>Comp:18-1-0</id>
  <CPU>0.624Gf</CPU>
  <RAM>0.432GB</RAM>
  <DISK>0.976GB</DISK>
</comp>
<comp>
  <id>Comp:18-1-1</id>
  <CPU>0.624Gf</CPU>
  <RAM>0.432GB</RAM>
  <DISK>0.976GB</DISK>
</comp>
<comp>
  <id>Comp:18-1-2</id>
  <CPU>0.624Gf</CPU>
  <RAM>0.432GB</RAM>
  <DISK>0.976GB</DISK>
</comp>
<comp>
  <id>Comp:18-1-3</id>
  <CPU>0.624Gf</CPU>
  <RAM>0.432GB</RAM>
  <DISK>0.976GB</DISK>
</comp>
<comp>
  <id>Comp:18-1-4</id>
  <CPU>0.624Gf</CPU>
  <RAM>0.432GB</RAM>
  <DISK>0.976GB</DISK>
</comp>
<comp>
  <id>Comp:18-1-5</id>
  <CPU>0.624Gf</CPU>
  <RAM>0.432GB</RAM>
  <DISK>0.976GB</DISK>
</comp>
<comp>
  <id>Comp:18-1-6</id>
  <CPU>0.624Gf</CPU>
  <RAM>0.432GB</RAM>
  <DISK>0.976GB</DISK>
</comp>
<comp>
  <id>Comp:18-2-0</id>
  <CPU>0.362Gf</CPU>
  <RAM>0.317GB</RAM>
  <DISK>0.816GB</DISK>
</comp>
<comp>
  <id>Comp:18-2-1</id>
  <CPU>0.362Gf</CPU>
  <RAM>0.317GB</RAM>
  <DISK>0.816GB</DISK>
</comp>
<comp>
  <id>Comp:18-2-2</id>
  <CPU>0.362Gf</CPU>
  <RAM>0.317GB</RAM>
  <DISK>0.816GB</DISK>
</comp>
<comp>
  <id>Comp:18-2-3</id>
  <CPU>0.362Gf</CPU>
  <RAM>0.317GB</RAM>
  <DISK>0.816GB</DISK>
</comp>
<comp>
  <id>Comp:18-2-4</id>
  <CPU>0.362Gf</CPU>
  <RAM>0.317GB</RAM>
  <DISK>0.816GB</DISK>
</comp>
<comp>
  <id>Comp:18-3-0</id>
  <CPU>0.416Gf</CPU>
  <RAM>0.661GB</RAM>
  <DISK>1.81GB</DISK>
</comp>
<comp>
  <id>Comp:18-3-1</id>
  <CPU>0.416Gf</CPU>
  <RAM>0.661GB</RAM>
  <DISK>1.81GB</DISK>
</comp>
<comp>
  <id>Comp:18-3-2</id>
  <CPU>0.416Gf</CPU>
  <RAM>0.661GB</RAM>
  <DISK>1.81GB</DISK>
</comp>
<comp>
  <id>Comp:18-3-3</id>
  <CPU>0.416Gf</CPU>
  <RAM>0.661GB</RAM>
  <DISK>1.81GB</DISK>
</comp>
<comp>
  <id>Comp:18-3-4</id>
  <CPU>0.416Gf</CPU>
  <RAM>0.661GB</RAM>
  <DISK>1.81GB</DISK>
</comp>
<comp>
  <id>Comp:18-3-5</id>
  <CPU>0.416Gf</CPU>
  <RAM>0.661GB</RAM>
  <DISK>1.81GB</DISK>
</comp>
<comp>
  <id>Comp:18-3-6</id>
  <CPU>0.416Gf</CPU>
  <RAM>0.661GB</RAM>
  <DISK>1.81GB</DISK>
</comp>
<comp>
  <id>Comp:18-3-7</id>
  <CPU>0.416Gf</CPU>
  <RAM>0.661GB</RAM>
  <DISK>1.81GB</DISK>
</comp>
<comp>
  <id>Comp:18-4-0</id>
  <CPU>0.17Gf</CPU>
  <RAM>0.922GB</RAM>
  <DISK>0.543GB</DISK>
</comp>
<comp>
  <id>Comp:18-4-1</id>
  <CPU>0.17Gf</CPU>
  <RAM>0.922GB</RAM>
  <DISK>0.543GB</DISK>
</comp>
<comp>
  <id>Comp:18-4-2</id>
  <CPU>0.17Gf</CPU>
  <RAM>0.922GB</RAM>
  <DISK>0.543GB</DISK>
</comp>
<comp>
  <id>Comp:18-4-3</id>
  <CPU>0.17Gf</CPU>
  <RAM>0.922GB</RAM>
  <DISK>0.543GB</DISK>
</comp>
<comp>
  <id>Comp:18-4-4</id>
  <CPU>0.17Gf</CPU>
  <RAM>0.922GB</RAM>
  <DISK>0.543GB</DISK>
</comp>
<comp>
  <id>Comp:18-4-5</id>
  <CPU>0.17Gf</CPU>
  <RAM>0.922GB</RAM>
  <DISK>0.543GB</DISK>
</comp>
<comp>
  <id>Comp:18-4-6</id>
  <CPU>0.17Gf</CPU>
  <RAM>0.922GB</RAM>
  <DISK>0.543GB</DISK>
</comp>
  <bind>Comp:18-1-0 Comp:18-0-0 0.935MBps 33.5ms</bind>
  <bind>Comp:18-0-0 Comp:18-1-0 0.935MBps 33.5ms</bind>
  <bind>Comp:18-1-1 Comp:18-0-1 0.935MBps 33.5ms</bind>
  <bind>Comp:18-0-1 Comp:18-1-1 0.935MBps 33.5ms</bind>
  <bind>Comp:18-1-2 Comp:18-0-2 0.935MBps 33.5ms</bind>
  <bind>Comp:18-0-2 Comp:18-1-2 0.935MBps 33.5ms</bind>
  <bind>Comp:18-1-3 Comp:18-0-0 0.935MBps 33.5ms</bind>
  <bind>Comp:18-0-0 Comp:18-1-3 0.935MBps 33.5ms</bind>
  <bind>Comp:18-1-4 Comp:18-0-1 0.935MBps 33.5ms</bind>
  <bind>Comp:18-0-1 Comp:18-1-4 0.935MBps 33.5ms</bind>
  <bind>Comp:18-1-5 Comp:18-0-2 0.935MBps 33.5ms</bind>
  <bind>Comp:18-0-2 Comp:18-1-5 0.935MBps 33.5ms</bind>
  <bind>Comp:18-1-6 Comp:18-0-0 0.935MBps 33.5ms</bind>
  <bind>Comp:18-0-0 Comp:18-1-6 0.935MBps 33.5ms</bind>
  <bind>Comp:18-2-0 Comp:18-1-0 0.771MBps 40.1ms</bind>
  <bind>Comp:18-1-0 Comp:18-2-0 0.771MBps 40.1ms</bind>
  <bind>Comp:18-2-1 Comp:18-1-1 0.771MBps 40.1ms</bind>
  <bind>Comp:18-1-1 Comp:18-2-1 0.771MBps 40.1ms</bind>
  <bind>Comp:18-2-2 Comp:18-1-2 0.771MBps 40.1ms</bind>
  <bind>Comp:18-1-2 Comp:18-2-2 0.771MBps 40.1ms</bind>
  <bind>Comp:18-2-3 Comp:18-1-3 0.771MBps 40.1ms</bind>
  <bind>Comp:18-1-3 Comp:18-2-3 0.771MBps 40.1ms</bind>
  <bind>Comp:18-2-4 Comp:18-1-4 0.771MBps 40.1ms</bind>
  <bind>Comp:18-1-4 Comp:18-2-4 0.771MBps 40.1ms</bind>
  <bind>Comp:18-2-0 Comp:18-1-5 0.771MBps 40.1ms</bind>
  <bind>Comp:18-1-5 Comp:18-2-0 0.771MBps 40.1ms</bind>
  <bind>Comp:18-2-1 Comp:18-1-6 0.771MBps 40.1ms</bind>
  <bind>Comp:18-1-6 Comp:18-2-1 0.771MBps 40.1ms</bind>
  <bind>Comp:18-3-0 Comp:18-2-0 0.237MBps 26.1ms</bind>
  <bind>Comp:18-2-0 Comp:18-3-0 0.237MBps 26.1ms</bind>
  <bind>Comp:18-3-1 Comp:18-2-1 0.237MBps 26.1ms</bind>
  <bind>Comp:18-2-1 Comp:18-3-1 0.237MBps 26.1ms</bind>
  <bind>Comp:18-3-2 Comp:18-2-2 0.237MBps 26.1ms</bind>
  <bind>Comp:18-2-2 Comp:18-3-2 0.237MBps 26.1ms</bind>
  <bind>Comp:18-3-3 Comp:18-2-3 0.237MBps 26.1ms</bind>
  <bind>Comp:18-2-3 Comp:18-3-3 0.237MBps 26.1ms</bind>
  <bind>Comp:18-3-4 Comp:18-2-4 0.237MBps 26.1ms</bind>
  <bind>Comp:18-2-4 Comp:18-3-4 0.237MBps 26.1ms</bind>
  <bind>Comp:18-3-5 Comp:18-2-0 0.237MBps 26.1ms</bind>
  <bind>Comp:18-2-0 Comp:18-3-5 0.237MBps 26.1ms</bind>
  <bind>Comp:18-3-6 Comp:18-2-1 0.237MBps 26.1ms</bind>
  <bind>Comp:18-2-1 Comp:18-3-6 0.237MBps 26.1ms</bind>
  <bind>Comp:18-3-7 Comp:18-2-2 0.237MBps 26.1ms</bind>
  <bind>Comp:18-2-2 Comp:18-3-7 0.237MBps 26.1ms</bind>
  <bind>Comp:18-4-0 Comp:18-3-0 0.457MBps 27.9ms</bind>
  <bind>Comp:18-3-0 Comp:18-4-0 0.457MBps 27.9ms</bind>
  <bind>Comp:18-4-1 Comp:18-3-1 0.457MBps 27.9ms</bind>
  <bind>Comp:18-3-1 Comp:18-4-1 0.457MBps 27.9ms</bind>
  <bind>Comp:18-4-2 Comp:18-3-2 0.457MBps 27.9ms</bind>
  <bind>Comp:18-3-2 Comp:18-4-2 0.457MBps 27.9ms</bind>
  <bind>Comp:18-4-3 Comp:18-3-3 0.457MBps 27.9ms</bind>
  <bind>Comp:18-3-3 Comp:18-4-3 0.457MBps 27.9ms</bind>
  <bind>Comp:18-4-4 Comp:18-3-4 0.457MBps 27.9ms</bind>
  <bind>Comp:18-3-4 Comp:18-4-4 0.457MBps 27.9ms</bind>
  <bind>Comp:18-4-5 Comp:18-3-5 0.457MBps 27.9ms</bind>
  <bind>Comp:18-3-5 Comp:18-4-5 0.457MBps 27.9ms</bind>
  <bind>Comp:18-4-6 Comp:18-3-6 0.457MBps 27.9ms</bind>
  <bind>Comp:18-3-6 Comp:18-4-6 0.457MBps 27.9ms</bind>
  <bind>Comp:18-4-0 Comp:18-3-7 0.457MBps 27.9ms</bind>
  <bind>Comp:18-3-7 Comp:18-4-0 0.457MBps 27.9ms</bind>
  <bind>Comp:18-4-0 Appliance-21 0.391MBps 41.3ms</bind>
  <bind>Appliance-21 Comp:18-4-0 0.391MBps 41.3ms</bind>
  <bind>Comp:18-4-1 Appliance-13 0.391MBps 41.3ms</bind>
  <bind>Appliance-13 Comp:18-4-1 0.391MBps 41.3ms</bind>
  <bind>Comp:18-4-2 Appliance-12 0.391MBps 41.3ms</bind>
  <bind>Appliance-12 Comp:18-4-2 0.391MBps 41.3ms</bind>
  <bind>Comp:18-4-3 Appliance-30 0.391MBps 41.3ms</bind>
  <bind>Appliance-30 Comp:18-4-3 0.391MBps 41.3ms</bind>
  <bind>Comp:18-4-4 Appliance-24 0.391MBps 41.3ms</bind>
  <bind>Appliance-24 Comp:18-4-4 0.391MBps 41.3ms</bind>
  <bind>Comp:18-4-5 Appliance-21 0.391MBps 41.3ms</bind>
  <bind>Appliance-21 Comp:18-4-5 0.391MBps 41.3ms</bind>
  <bind>Comp:18-4-6 Appliance-13 0.391MBps 41.3ms</bind>
  <bind>Appliance-13 Comp:18-4-6 0.391MBps 41.3ms</bind>
</app>
<app>
  <id>App19</id>
<comp>
  <id>Comp:19-0-0</id>
  <CPU>0.831Gf</CPU>
  <RAM>0.191GB</RAM>
  <DISK>1.66GB</DISK>
</comp>
<comp>
  <id>Comp:19-0-1</id>
  <CPU>0.831Gf</CPU>
  <RAM>0.191GB</RAM>
  <DISK>1.66GB</DISK>
</comp>
<comp>
  <id>Comp:19-0-2</id>
  <CPU>0.831Gf</CPU>
  <RAM>0.191GB</RAM>
  <DISK>1.66GB</DISK>
</comp>
<comp>
  <id>Comp:19-0-3</id>
  <CPU>0.831Gf</CPU>
  <RAM>0.191GB</RAM>
  <DISK>1.66GB</DISK>
</comp>
<comp>
  <id>Comp:19-0-4</id>
  <CPU>0.831Gf</CPU>
  <RAM>0.191GB</RAM>
  <DISK>1.66GB</DISK>
</comp>
<comp>
  <id>Comp:19-0-5</id>
  <CPU>0.831Gf</CPU>
  <RAM>0.191GB</RAM>
  <DISK>1.66GB</DISK>
</comp>
<comp>
  <id>Comp:19-0-6</id>
  <CPU>0.831Gf</CPU>
  <RAM>0.191GB</RAM>
  <DISK>1.66GB</DISK>
</comp>
<comp>
  <id>Comp:19-0-7</id>
  <CPU>0.831Gf</CPU>
  <RAM>0.191GB</RAM>
  <DISK>1.66GB</DISK>
</comp>
<comp>
  <id>Comp:19-1-0</id>
  <CPU>0.4Gf</CPU>
  <RAM>0.28GB</RAM>
  <DISK>0.795GB</DISK>
</comp>
<comp>
  <id>Comp:19-1-1</id>
  <CPU>0.4Gf</CPU>
  <RAM>0.28GB</RAM>
  <DISK>0.795GB</DISK>
</comp>
<comp>
  <id>Comp:19-1-2</id>
  <CPU>0.4Gf</CPU>
  <RAM>0.28GB</RAM>
  <DISK>0.795GB</DISK>
</comp>
<comp>
  <id>Comp:19-1-3</id>
  <CPU>0.4Gf</CPU>
  <RAM>0.28GB</RAM>
  <DISK>0.795GB</DISK>
</comp>
<comp>
  <id>Comp:19-1-4</id>
  <CPU>0.4Gf</CPU>
  <RAM>0.28GB</RAM>
  <DISK>0.795GB</DISK>
</comp>
<comp>
  <id>Comp:19-1-5</id>
  <CPU>0.4Gf</CPU>
  <RAM>0.28GB</RAM>
  <DISK>0.795GB</DISK>
</comp>
<comp>
  <id>Comp:19-1-6</id>
  <CPU>0.4Gf</CPU>
  <RAM>0.28GB</RAM>
  <DISK>0.795GB</DISK>
</comp>
<comp>
  <id>Comp:19-1-7</id>
  <CPU>0.4Gf</CPU>
  <RAM>0.28GB</RAM>
  <DISK>0.795GB</DISK>
</comp>
  <bind>Comp:19-1-0 Comp:19-0-0 0.292MBps 44.2ms</bind>
  <bind>Comp:19-0-0 Comp:19-1-0 0.292MBps 44.2ms</bind>
  <bind>Comp:19-1-1 Comp:19-0-1 0.292MBps 44.2ms</bind>
  <bind>Comp:19-0-1 Comp:19-1-1 0.292MBps 44.2ms</bind>
  <bind>Comp:19-1-2 Comp:19-0-2 0.292MBps 44.2ms</bind>
  <bind>Comp:19-0-2 Comp:19-1-2 0.292MBps 44.2ms</bind>
  <bind>Comp:19-1-3 Comp:19-0-3 0.292MBps 44.2ms</bind>
  <bind>Comp:19-0-3 Comp:19-1-3 0.292MBps 44.2ms</bind>
  <bind>Comp:19-1-4 Comp:19-0-4 0.292MBps 44.2ms</bind>
  <bind>Comp:19-0-4 Comp:19-1-4 0.292MBps 44.2ms</bind>
  <bind>Comp:19-1-5 Comp:19-0-5 0.292MBps 44.2ms</bind>
  <bind>Comp:19-0-5 Comp:19-1-5 0.292MBps 44.2ms</bind>
  <bind>Comp:19-1-6 Comp:19-0-6 0.292MBps 44.2ms</bind>
  <bind>Comp:19-0-6 Comp:19-1-6 0.292MBps 44.2ms</bind>
  <bind>Comp:19-1-7 Comp:19-0-7 0.292MBps 44.2ms</bind>
  <bind>Comp:19-0-7 Comp:19-1-7 0.292MBps 44.2ms</bind>
  <bind>Comp:19-1-0 Appliance-37 0.851MBps 48.8ms</bind>
  <bind>Appliance-37 Comp:19-1-0 0.851MBps 48.8ms</bind>
  <bind>Comp:19-1-1 Appliance-22 0.851MBps 48.8ms</bind>
  <bind>Appliance-22 Comp:19-1-1 0.851MBps 48.8ms</bind>
  <bind>Comp:19-1-2 Appliance-30 0.851MBps 48.8ms</bind>
  <bind>Appliance-30 Comp:19-1-2 0.851MBps 48.8ms</bind>
  <bind>Comp:19-1-3 Appliance-37 0.851MBps 48.8ms</bind>
  <bind>Appliance-37 Comp:19-1-3 0.851MBps 48.8ms</bind>
  <bind>Comp:19-1-4 Appliance-22 0.851MBps 48.8ms</bind>
  <bind>Appliance-22 Comp:19-1-4 0.851MBps 48.8ms</bind>
  <bind>Comp:19-1-5 Appliance-30 0.851MBps 48.8ms</bind>
  <bind>Appliance-30 Comp:19-1-5 0.851MBps 48.8ms</bind>
  <bind>Comp:19-1-6 Appliance-37 0.851MBps 48.8ms</bind>
  <bind>Appliance-37 Comp:19-1-6 0.851MBps 48.8ms</bind>
  <bind>Comp:19-1-7 Appliance-22 0.851MBps 48.8ms</bind>
  <bind>Appliance-22 Comp:19-1-7 0.851MBps 48.8ms</bind>
</app>
</apps>
