<?xml version="1.0"?>
<apps>
<app>
  <id>App1</id>
<comp>
  <id>Comp:1-0-0</id>
  <CPU>0.623Gf</CPU>
  <RAM>0.167GB</RAM>
  <DISK>1.29GB</DISK>
</comp>
<comp>
  <id>Comp:1-0-1</id>
  <CPU>0.623Gf</CPU>
  <RAM>0.167GB</RAM>
  <DISK>1.29GB</DISK>
</comp>
<comp>
  <id>Comp:1-0-2</id>
  <CPU>0.623Gf</CPU>
  <RAM>0.167GB</RAM>
  <DISK>1.29GB</DISK>
</comp>
<comp>
  <id>Comp:1-0-3</id>
  <CPU>0.623Gf</CPU>
  <RAM>0.167GB</RAM>
  <DISK>1.29GB</DISK>
</comp>
<comp>
  <id>Comp:1-0-4</id>
  <CPU>0.623Gf</CPU>
  <RAM>0.167GB</RAM>
  <DISK>1.29GB</DISK>
</comp>
<comp>
  <id>Comp:1-0-5</id>
  <CPU>0.623Gf</CPU>
  <RAM>0.167GB</RAM>
  <DISK>1.29GB</DISK>
</comp>
<comp>
  <id>Comp:1-1-0</id>
  <CPU>0.647Gf</CPU>
  <RAM>0.265GB</RAM>
  <DISK>1.8GB</DISK>
</comp>
<comp>
  <id>Comp:1-1-1</id>
  <CPU>0.647Gf</CPU>
  <RAM>0.265GB</RAM>
  <DISK>1.8GB</DISK>
</comp>
<comp>
  <id>Comp:1-1-2</id>
  <CPU>0.647Gf</CPU>
  <RAM>0.265GB</RAM>
  <DISK>1.8GB</DISK>
</comp>
<comp>
  <id>Comp:1-2-0</id>
  <CPU>0.299Gf</CPU>
  <RAM>0.224GB</RAM>
  <DISK>0.314GB</DISK>
</comp>
<comp>
  <id>Comp:1-2-1</id>
  <CPU>0.299Gf</CPU>
  <RAM>0.224GB</RAM>
  <DISK>0.314GB</DISK>
</comp>
<comp>
  <id>Comp:1-2-2</id>
  <CPU>0.299Gf</CPU>
  <RAM>0.224GB</RAM>
  <DISK>0.314GB</DISK>
</comp>
<comp>
  <id>Comp:1-2-3</id>
  <CPU>0.299Gf</CPU>
  <RAM>0.224GB</RAM>
  <DISK>0.314GB</DISK>
</comp>
<comp>
  <id>Comp:1-2-4</id>
  <CPU>0.299Gf</CPU>
  <RAM>0.224GB</RAM>
  <DISK>0.314GB</DISK>
</comp>
<comp>
  <id>Comp:1-2-5</id>
  <CPU>0.299Gf</CPU>
  <RAM>0.224GB</RAM>
  <DISK>0.314GB</DISK>
</comp>
<comp>
  <id>Comp:1-2-6</id>
  <CPU>0.299Gf</CPU>
  <RAM>0.224GB</RAM>
  <DISK>0.314GB</DISK>
</comp>
  <bind>Comp:1-1-0 Comp:1-0-0 0.335MBps 35.8ms</bind>
  <bind>Comp:1-0-0 Comp:1-1-0 0.335MBps 35.8ms</bind>
  <bind>Comp:1-1-1 Comp:1-0-1 0.335MBps 35.8ms</bind>
  <bind>Comp:1-0-1 Comp:1-1-1 0.335MBps 35.8ms</bind>
  <bind>Comp:1-1-2 Comp:1-0-2 0.335MBps 35.8ms</bind>
  <bind>Comp:1-0-2 Comp:1-1-2 0.335MBps 35.8ms</bind>
  <bind>Comp:1-1-0 Comp:1-0-3 0.335MBps 35.8ms</bind>
  <bind>Comp:1-0-3 Comp:1-1-0 0.335MBps 35.8ms</bind>
  <bind>Comp:1-1-1 Comp:1-0-4 0.335MBps 35.8ms</bind>
  <bind>Comp:1-0-4 Comp:1-1-1 0.335MBps 35.8ms</bind>
  <bind>Comp:1-1-2 Comp:1-0-5 0.335MBps 35.8ms</bind>
  <bind>Comp:1-0-5 Comp:1-1-2 0.335MBps 35.8ms</bind>
  <bind>Comp:1-2-0 Comp:1-1-0 0.37MBps 45.4ms</bind>
  <bind>Comp:1-1-0 Comp:1-2-0 0.37MBps 45.4ms</bind>
  <bind>Comp:1-2-1 Comp:1-1-1 0.37MBps 45.4ms</bind>
  <bind>Comp:1-1-1 Comp:1-2-1 0.37MBps 45.4ms</bind>
  <bind>Comp:1-2-2 Comp:1-1-2 0.37MBps 45.4ms</bind>
  <bind>Comp:1-1-2 Comp:1-2-2 0.37MBps 45.4ms</bind>
  <bind>Comp:1-2-3 Comp:1-1-0 0.37MBps 45.4ms</bind>
  <bind>Comp:1-1-0 Comp:1-2-3 0.37MBps 45.4ms</bind>
  <bind>Comp:1-2-4 Comp:1-1-1 0.37MBps 45.4ms</bind>
  <bind>Comp:1-1-1 Comp:1-2-4 0.37MBps 45.4ms</bind>
  <bind>Comp:1-2-5 Comp:1-1-2 0.37MBps 45.4ms</bind>
  <bind>Comp:1-1-2 Comp:1-2-5 0.37MBps 45.4ms</bind>
  <bind>Comp:1-2-6 Comp:1-1-0 0.37MBps 45.4ms</bind>
  <bind>Comp:1-1-0 Comp:1-2-6 0.37MBps 45.4ms</bind>
  <bind>Comp:1-2-0 Appliance-359 0.623MBps 49.0ms</bind>
  <bind>Appliance-359 Comp:1-2-0 0.623MBps 49.0ms</bind>
  <bind>Comp:1-2-1 Appliance-194 0.623MBps 49.0ms</bind>
  <bind>Appliance-194 Comp:1-2-1 0.623MBps 49.0ms</bind>
  <bind>Comp:1-2-2 Appliance-365 0.623MBps 49.0ms</bind>
  <bind>Appliance-365 Comp:1-2-2 0.623MBps 49.0ms</bind>
  <bind>Comp:1-2-3 Appliance-313 0.623MBps 49.0ms</bind>
  <bind>Appliance-313 Comp:1-2-3 0.623MBps 49.0ms</bind>
  <bind>Comp:1-2-4 Appliance-57 0.623MBps 49.0ms</bind>
  <bind>Appliance-57 Comp:1-2-4 0.623MBps 49.0ms</bind>
  <bind>Comp:1-2-5 Appliance-384 0.623MBps 49.0ms</bind>
  <bind>Appliance-384 Comp:1-2-5 0.623MBps 49.0ms</bind>
  <bind>Comp:1-2-6 Appliance-58 0.623MBps 49.0ms</bind>
  <bind>Appliance-58 Comp:1-2-6 0.623MBps 49.0ms</bind>
</app>
</apps>
