<?xml version="1.0"?>
<apps>
<app>
  <id>App1</id>
<comp>
  <id>Comp:1-0-0</id>
  <CPU>0.623Gf</CPU>
  <RAM>0.167GB</RAM>
  <DISK>1.29GB</DISK>
</comp>
<comp>
  <id>Comp:1-0-1</id>
  <CPU>0.623Gf</CPU>
  <RAM>0.167GB</RAM>
  <DISK>1.29GB</DISK>
</comp>
<comp>
  <id>Comp:1-0-2</id>
  <CPU>0.623Gf</CPU>
  <RAM>0.167GB</RAM>
  <DISK>1.29GB</DISK>
</comp>
<comp>
  <id>Comp:1-0-3</id>
  <CPU>0.623Gf</CPU>
  <RAM>0.167GB</RAM>
  <DISK>1.29GB</DISK>
</comp>
<comp>
  <id>Comp:1-0-4</id>
  <CPU>0.623Gf</CPU>
  <RAM>0.167GB</RAM>
  <DISK>1.29GB</DISK>
</comp>
<comp>
  <id>Comp:1-0-5</id>
  <CPU>0.623Gf</CPU>
  <RAM>0.167GB</RAM>
  <DISK>1.29GB</DISK>
</comp>
<comp>
  <id>Comp:1-1-0</id>
  <CPU>0.647Gf</CPU>
  <RAM>0.265GB</RAM>
  <DISK>1.8GB</DISK>
</comp>
<comp>
  <id>Comp:1-1-1</id>
  <CPU>0.647Gf</CPU>
  <RAM>0.265GB</RAM>
  <DISK>1.8GB</DISK>
</comp>
<comp>
  <id>Comp:1-1-2</id>
  <CPU>0.647Gf</CPU>
  <RAM>0.265GB</RAM>
  <DISK>1.8GB</DISK>
</comp>
<comp>
  <id>Comp:1-2-0</id>
  <CPU>0.299Gf</CPU>
  <RAM>0.224GB</RAM>
  <DISK>0.314GB</DISK>
</comp>
<comp>
  <id>Comp:1-2-1</id>
  <CPU>0.299Gf</CPU>
  <RAM>0.224GB</RAM>
  <DISK>0.314GB</DISK>
</comp>
<comp>
  <id>Comp:1-2-2</id>
  <CPU>0.299Gf</CPU>
  <RAM>0.224GB</RAM>
  <DISK>0.314GB</DISK>
</comp>
<comp>
  <id>Comp:1-2-3</id>
  <CPU>0.299Gf</CPU>
  <RAM>0.224GB</RAM>
  <DISK>0.314GB</DISK>
</comp>
<comp>
  <id>Comp:1-2-4</id>
  <CPU>0.299Gf</CPU>
  <RAM>0.224GB</RAM>
  <DISK>0.314GB</DISK>
</comp>
<comp>
  <id>Comp:1-2-5</id>
  <CPU>0.299Gf</CPU>
  <RAM>0.224GB</RAM>
  <DISK>0.314GB</DISK>
</comp>
<comp>
  <id>Comp:1-2-6</id>
  <CPU>0.299Gf</CPU>
  <RAM>0.224GB</RAM>
  <DISK>0.314GB</DISK>
</comp>
  <bind>Comp:1-1-0 Comp:1-0-0 0.335MBps 35.8ms</bind>
  <bind>Comp:1-0-0 Comp:1-1-0 0.335MBps 35.8ms</bind>
  <bind>Comp:1-1-1 Comp:1-0-1 0.335MBps 35.8ms</bind>
  <bind>Comp:1-0-1 Comp:1-1-1 0.335MBps 35.8ms</bind>
  <bind>Comp:1-1-2 Comp:1-0-2 0.335MBps 35.8ms</bind>
  <bind>Comp:1-0-2 Comp:1-1-2 0.335MBps 35.8ms</bind>
  <bind>Comp:1-1-0 Comp:1-0-3 0.335MBps 35.8ms</bind>
  <bind>Comp:1-0-3 Comp:1-1-0 0.335MBps 35.8ms</bind>
  <bind>Comp:1-1-1 Comp:1-0-4 0.335MBps 35.8ms</bind>
  <bind>Comp:1-0-4 Comp:1-1-1 0.335MBps 35.8ms</bind>
  <bind>Comp:1-1-2 Comp:1-0-5 0.335MBps 35.8ms</bind>
  <bind>Comp:1-0-5 Comp:1-1-2 0.335MBps 35.8ms</bind>
  <bind>Comp:1-2-0 Comp:1-1-0 0.37MBps 45.4ms</bind>
  <bind>Comp:1-1-0 Comp:1-2-0 0.37MBps 45.4ms</bind>
  <bind>Comp:1-2-1 Comp:1-1-1 0.37MBps 45.4ms</bind>
  <bind>Comp:1-1-1 Comp:1-2-1 0.37MBps 45.4ms</bind>
  <bind>Comp:1-2-2 Comp:1-1-2 0.37MBps 45.4ms</bind>
  <bind>Comp:1-1-2 Comp:1-2-2 0.37MBps 45.4ms</bind>
  <bind>Comp:1-2-3 Comp:1-1-0 0.37MBps 45.4ms</bind>
  <bind>Comp:1-1-0 Comp:1-2-3 0.37MBps 45.4ms</bind>
  <bind>Comp:1-2-4 Comp:1-1-1 0.37MBps 45.4ms</bind>
  <bind>Comp:1-1-1 Comp:1-2-4 0.37MBps 45.4ms</bind>
  <bind>Comp:1-2-5 Comp:1-1-2 0.37MBps 45.4ms</bind>
  <bind>Comp:1-1-2 Comp:1-2-5 0.37MBps 45.4ms</bind>
  <bind>Comp:1-2-6 Comp:1-1-0 0.37MBps 45.4ms</bind>
  <bind>Comp:1-1-0 Comp:1-2-6 0.37MBps 45.4ms</bind>
  <bind>Comp:1-2-0 Appliance-359 0.623MBps 49.0ms</bind>
  <bind>Appliance-359 Comp:1-2-0 0.623MBps 49.0ms</bind>
  <bind>Comp:1-2-1 Appliance-194 0.623MBps 49.0ms</bind>
  <bind>Appliance-194 Comp:1-2-1 0.623MBps 49.0ms</bind>
  <bind>Comp:1-2-2 Appliance-365 0.623MBps 49.0ms</bind>
  <bind>Appliance-365 Comp:1-2-2 0.623MBps 49.0ms</bind>
  <bind>Comp:1-2-3 Appliance-313 0.623MBps 49.0ms</bind>
  <bind>Appliance-313 Comp:1-2-3 0.623MBps 49.0ms</bind>
  <bind>Comp:1-2-4 Appliance-57 0.623MBps 49.0ms</bind>
  <bind>Appliance-57 Comp:1-2-4 0.623MBps 49.0ms</bind>
  <bind>Comp:1-2-5 Appliance-384 0.623MBps 49.0ms</bind>
  <bind>Appliance-384 Comp:1-2-5 0.623MBps 49.0ms</bind>
  <bind>Comp:1-2-6 Appliance-58 0.623MBps 49.0ms</bind>
  <bind>Appliance-58 Comp:1-2-6 0.623MBps 49.0ms</bind>
</app>
<app>
  <id>App10</id>
<comp>
  <id>Comp:10-0-0</id>
  <CPU>0.55Gf</CPU>
  <RAM>0.669GB</RAM>
  <DISK>1.13GB</DISK>
</comp>
<comp>
  <id>Comp:10-0-1</id>
  <CPU>0.55Gf</CPU>
  <RAM>0.669GB</RAM>
  <DISK>1.13GB</DISK>
</comp>
<comp>
  <id>Comp:10-0-2</id>
  <CPU>0.55Gf</CPU>
  <RAM>0.669GB</RAM>
  <DISK>1.13GB</DISK>
</comp>
<comp>
  <id>Comp:10-0-3</id>
  <CPU>0.55Gf</CPU>
  <RAM>0.669GB</RAM>
  <DISK>1.13GB</DISK>
</comp>
<comp>
  <id>Comp:10-0-4</id>
  <CPU>0.55Gf</CPU>
  <RAM>0.669GB</RAM>
  <DISK>1.13GB</DISK>
</comp>
<comp>
  <id>Comp:10-0-5</id>
  <CPU>0.55Gf</CPU>
  <RAM>0.669GB</RAM>
  <DISK>1.13GB</DISK>
</comp>
<comp>
  <id>Comp:10-1-0</id>
  <CPU>0.859Gf</CPU>
  <RAM>0.231GB</RAM>
  <DISK>0.826GB</DISK>
</comp>
<comp>
  <id>Comp:10-1-1</id>
  <CPU>0.859Gf</CPU>
  <RAM>0.231GB</RAM>
  <DISK>0.826GB</DISK>
</comp>
<comp>
  <id>Comp:10-1-2</id>
  <CPU>0.859Gf</CPU>
  <RAM>0.231GB</RAM>
  <DISK>0.826GB</DISK>
</comp>
<comp>
  <id>Comp:10-2-0</id>
  <CPU>0.61Gf</CPU>
  <RAM>0.985GB</RAM>
  <DISK>2.0GB</DISK>
</comp>
<comp>
  <id>Comp:10-2-1</id>
  <CPU>0.61Gf</CPU>
  <RAM>0.985GB</RAM>
  <DISK>2.0GB</DISK>
</comp>
<comp>
  <id>Comp:10-2-2</id>
  <CPU>0.61Gf</CPU>
  <RAM>0.985GB</RAM>
  <DISK>2.0GB</DISK>
</comp>
<comp>
  <id>Comp:10-2-3</id>
  <CPU>0.61Gf</CPU>
  <RAM>0.985GB</RAM>
  <DISK>2.0GB</DISK>
</comp>
<comp>
  <id>Comp:10-2-4</id>
  <CPU>0.61Gf</CPU>
  <RAM>0.985GB</RAM>
  <DISK>2.0GB</DISK>
</comp>
<comp>
  <id>Comp:10-2-5</id>
  <CPU>0.61Gf</CPU>
  <RAM>0.985GB</RAM>
  <DISK>2.0GB</DISK>
</comp>
<comp>
  <id>Comp:10-2-6</id>
  <CPU>0.61Gf</CPU>
  <RAM>0.985GB</RAM>
  <DISK>2.0GB</DISK>
</comp>
<comp>
  <id>Comp:10-2-7</id>
  <CPU>0.61Gf</CPU>
  <RAM>0.985GB</RAM>
  <DISK>2.0GB</DISK>
</comp>
<comp>
  <id>Comp:10-2-8</id>
  <CPU>0.61Gf</CPU>
  <RAM>0.985GB</RAM>
  <DISK>2.0GB</DISK>
</comp>
<comp>
  <id>Comp:10-3-0</id>
  <CPU>0.427Gf</CPU>
  <RAM>0.488GB</RAM>
  <DISK>0.0993GB</DISK>
</comp>
<comp>
  <id>Comp:10-3-1</id>
  <CPU>0.427Gf</CPU>
  <RAM>0.488GB</RAM>
  <DISK>0.0993GB</DISK>
</comp>
<comp>
  <id>Comp:10-3-2</id>
  <CPU>0.427Gf</CPU>
  <RAM>0.488GB</RAM>
  <DISK>0.0993GB</DISK>
</comp>
<comp>
  <id>Comp:10-3-3</id>
  <CPU>0.427Gf</CPU>
  <RAM>0.488GB</RAM>
  <DISK>0.0993GB</DISK>
</comp>
<comp>
  <id>Comp:10-3-4</id>
  <CPU>0.427Gf</CPU>
  <RAM>0.488GB</RAM>
  <DISK>0.0993GB</DISK>
</comp>
<comp>
  <id>Comp:10-3-5</id>
  <CPU>0.427Gf</CPU>
  <RAM>0.488GB</RAM>
  <DISK>0.0993GB</DISK>
</comp>
<comp>
  <id>Comp:10-3-6</id>
  <CPU>0.427Gf</CPU>
  <RAM>0.488GB</RAM>
  <DISK>0.0993GB</DISK>
</comp>
<comp>
  <id>Comp:10-3-7</id>
  <CPU>0.427Gf</CPU>
  <RAM>0.488GB</RAM>
  <DISK>0.0993GB</DISK>
</comp>
<comp>
  <id>Comp:10-3-8</id>
  <CPU>0.427Gf</CPU>
  <RAM>0.488GB</RAM>
  <DISK>0.0993GB</DISK>
</comp>
<comp>
  <id>Comp:10-3-9</id>
  <CPU>0.427Gf</CPU>
  <RAM>0.488GB</RAM>
  <DISK>0.0993GB</DISK>
</comp>
  <bind>Comp:10-1-0 Comp:10-0-0 0.288MBps 33.1ms</bind>
  <bind>Comp:10-0-0 Comp:10-1-0 0.288MBps 33.1ms</bind>
  <bind>Comp:10-1-1 Comp:10-0-1 0.288MBps 33.1ms</bind>
  <bind>Comp:10-0-1 Comp:10-1-1 0.288MBps 33.1ms</bind>
  <bind>Comp:10-1-2 Comp:10-0-2 0.288MBps 33.1ms</bind>
  <bind>Comp:10-0-2 Comp:10-1-2 0.288MBps 33.1ms</bind>
  <bind>Comp:10-1-0 Comp:10-0-3 0.288MBps 33.1ms</bind>
  <bind>Comp:10-0-3 Comp:10-1-0 0.288MBps 33.1ms</bind>
  <bind>Comp:10-1-1 Comp:10-0-4 0.288MBps 33.1ms</bind>
  <bind>Comp:10-0-4 Comp:10-1-1 0.288MBps 33.1ms</bind>
  <bind>Comp:10-1-2 Comp:10-0-5 0.288MBps 33.1ms</bind>
  <bind>Comp:10-0-5 Comp:10-1-2 0.288MBps 33.1ms</bind>
  <bind>Comp:10-2-0 Comp:10-1-0 0.547MBps 28.6ms</bind>
  <bind>Comp:10-1-0 Comp:10-2-0 0.547MBps 28.6ms</bind>
  <bind>Comp:10-2-1 Comp:10-1-1 0.547MBps 28.6ms</bind>
  <bind>Comp:10-1-1 Comp:10-2-1 0.547MBps 28.6ms</bind>
  <bind>Comp:10-2-2 Comp:10-1-2 0.547MBps 28.6ms</bind>
  <bind>Comp:10-1-2 Comp:10-2-2 0.547MBps 28.6ms</bind>
  <bind>Comp:10-2-3 Comp:10-1-0 0.547MBps 28.6ms</bind>
  <bind>Comp:10-1-0 Comp:10-2-3 0.547MBps 28.6ms</bind>
  <bind>Comp:10-2-4 Comp:10-1-1 0.547MBps 28.6ms</bind>
  <bind>Comp:10-1-1 Comp:10-2-4 0.547MBps 28.6ms</bind>
  <bind>Comp:10-2-5 Comp:10-1-2 0.547MBps 28.6ms</bind>
  <bind>Comp:10-1-2 Comp:10-2-5 0.547MBps 28.6ms</bind>
  <bind>Comp:10-2-6 Comp:10-1-0 0.547MBps 28.6ms</bind>
  <bind>Comp:10-1-0 Comp:10-2-6 0.547MBps 28.6ms</bind>
  <bind>Comp:10-2-7 Comp:10-1-1 0.547MBps 28.6ms</bind>
  <bind>Comp:10-1-1 Comp:10-2-7 0.547MBps 28.6ms</bind>
  <bind>Comp:10-2-8 Comp:10-1-2 0.547MBps 28.6ms</bind>
  <bind>Comp:10-1-2 Comp:10-2-8 0.547MBps 28.6ms</bind>
  <bind>Comp:10-3-0 Comp:10-2-0 0.607MBps 38.8ms</bind>
  <bind>Comp:10-2-0 Comp:10-3-0 0.607MBps 38.8ms</bind>
  <bind>Comp:10-3-1 Comp:10-2-1 0.607MBps 38.8ms</bind>
  <bind>Comp:10-2-1 Comp:10-3-1 0.607MBps 38.8ms</bind>
  <bind>Comp:10-3-2 Comp:10-2-2 0.607MBps 38.8ms</bind>
  <bind>Comp:10-2-2 Comp:10-3-2 0.607MBps 38.8ms</bind>
  <bind>Comp:10-3-3 Comp:10-2-3 0.607MBps 38.8ms</bind>
  <bind>Comp:10-2-3 Comp:10-3-3 0.607MBps 38.8ms</bind>
  <bind>Comp:10-3-4 Comp:10-2-4 0.607MBps 38.8ms</bind>
  <bind>Comp:10-2-4 Comp:10-3-4 0.607MBps 38.8ms</bind>
  <bind>Comp:10-3-5 Comp:10-2-5 0.607MBps 38.8ms</bind>
  <bind>Comp:10-2-5 Comp:10-3-5 0.607MBps 38.8ms</bind>
  <bind>Comp:10-3-6 Comp:10-2-6 0.607MBps 38.8ms</bind>
  <bind>Comp:10-2-6 Comp:10-3-6 0.607MBps 38.8ms</bind>
  <bind>Comp:10-3-7 Comp:10-2-7 0.607MBps 38.8ms</bind>
  <bind>Comp:10-2-7 Comp:10-3-7 0.607MBps 38.8ms</bind>
  <bind>Comp:10-3-8 Comp:10-2-8 0.607MBps 38.8ms</bind>
  <bind>Comp:10-2-8 Comp:10-3-8 0.607MBps 38.8ms</bind>
  <bind>Comp:10-3-9 Comp:10-2-0 0.607MBps 38.8ms</bind>
  <bind>Comp:10-2-0 Comp:10-3-9 0.607MBps 38.8ms</bind>
  <bind>Comp:10-3-0 Appliance-390 0.444MBps 27.5ms</bind>
  <bind>Appliance-390 Comp:10-3-0 0.444MBps 27.5ms</bind>
  <bind>Comp:10-3-1 Appliance-1 0.444MBps 27.5ms</bind>
  <bind>Appliance-1 Comp:10-3-1 0.444MBps 27.5ms</bind>
  <bind>Comp:10-3-2 Appliance-390 0.444MBps 27.5ms</bind>
  <bind>Appliance-390 Comp:10-3-2 0.444MBps 27.5ms</bind>
  <bind>Comp:10-3-3 Appliance-1 0.444MBps 27.5ms</bind>
  <bind>Appliance-1 Comp:10-3-3 0.444MBps 27.5ms</bind>
  <bind>Comp:10-3-4 Appliance-390 0.444MBps 27.5ms</bind>
  <bind>Appliance-390 Comp:10-3-4 0.444MBps 27.5ms</bind>
  <bind>Comp:10-3-5 Appliance-1 0.444MBps 27.5ms</bind>
  <bind>Appliance-1 Comp:10-3-5 0.444MBps 27.5ms</bind>
  <bind>Comp:10-3-6 Appliance-390 0.444MBps 27.5ms</bind>
  <bind>Appliance-390 Comp:10-3-6 0.444MBps 27.5ms</bind>
  <bind>Comp:10-3-7 Appliance-1 0.444MBps 27.5ms</bind>
  <bind>Appliance-1 Comp:10-3-7 0.444MBps 27.5ms</bind>
  <bind>Comp:10-3-8 Appliance-390 0.444MBps 27.5ms</bind>
  <bind>Appliance-390 Comp:10-3-8 0.444MBps 27.5ms</bind>
  <bind>Comp:10-3-9 Appliance-1 0.444MBps 27.5ms</bind>
  <bind>Appliance-1 Comp:10-3-9 0.444MBps 27.5ms</bind>
</app>
<app>
  <id>App11</id>
<comp>
  <id>Comp:11-1-0</id>
  <CPU>0.619Gf</CPU>
  <RAM>0.225GB</RAM>
  <DISK>0.235GB</DISK>
</comp>
<comp>
  <id>Comp:11-1-1</id>
  <CPU>0.619Gf</CPU>
  <RAM>0.225GB</RAM>
  <DISK>0.235GB</DISK>
</comp>
<comp>
  <id>Comp:11-1-2</id>
  <CPU>0.619Gf</CPU>
  <RAM>0.225GB</RAM>
  <DISK>0.235GB</DISK>
</comp>
<comp>
  <id>Comp:11-1-3</id>
  <CPU>0.619Gf</CPU>
  <RAM>0.225GB</RAM>
  <DISK>0.235GB</DISK>
</comp>
<comp>
  <id>Comp:11-1-4</id>
  <CPU>0.619Gf</CPU>
  <RAM>0.225GB</RAM>
  <DISK>0.235GB</DISK>
</comp>
<comp>
  <id>Comp:11-1-5</id>
  <CPU>0.619Gf</CPU>
  <RAM>0.225GB</RAM>
  <DISK>0.235GB</DISK>
</comp>
<comp>
  <id>Comp:11-1-6</id>
  <CPU>0.619Gf</CPU>
  <RAM>0.225GB</RAM>
  <DISK>0.235GB</DISK>
</comp>
<comp>
  <id>Comp:11-1-7</id>
  <CPU>0.619Gf</CPU>
  <RAM>0.225GB</RAM>
  <DISK>0.235GB</DISK>
</comp>
<comp>
  <id>Comp:11-1-8</id>
  <CPU>0.619Gf</CPU>
  <RAM>0.225GB</RAM>
  <DISK>0.235GB</DISK>
</comp>
<comp>
  <id>Comp:11-2-0</id>
  <CPU>0.658Gf</CPU>
  <RAM>0.523GB</RAM>
  <DISK>0.218GB</DISK>
</comp>
<comp>
  <id>Comp:11-2-1</id>
  <CPU>0.658Gf</CPU>
  <RAM>0.523GB</RAM>
  <DISK>0.218GB</DISK>
</comp>
<comp>
  <id>Comp:11-2-2</id>
  <CPU>0.658Gf</CPU>
  <RAM>0.523GB</RAM>
  <DISK>0.218GB</DISK>
</comp>
<comp>
  <id>Comp:11-2-3</id>
  <CPU>0.658Gf</CPU>
  <RAM>0.523GB</RAM>
  <DISK>0.218GB</DISK>
</comp>
<comp>
  <id>Comp:11-2-4</id>
  <CPU>0.658Gf</CPU>
  <RAM>0.523GB</RAM>
  <DISK>0.218GB</DISK>
</comp>
<comp>
  <id>Comp:11-2-5</id>
  <CPU>0.658Gf</CPU>
  <RAM>0.523GB</RAM>
  <DISK>0.218GB</DISK>
</comp>
<comp>
  <id>Comp:11-2-6</id>
  <CPU>0.658Gf</CPU>
  <RAM>0.523GB</RAM>
  <DISK>0.218GB</DISK>
</comp>
<comp>
  <id>Comp:11-2-7</id>
  <CPU>0.658Gf</CPU>
  <RAM>0.523GB</RAM>
  <DISK>0.218GB</DISK>
</comp>
<comp>
  <id>Comp:11-2-8</id>
  <CPU>0.658Gf</CPU>
  <RAM>0.523GB</RAM>
  <DISK>0.218GB</DISK>
</comp>
<comp>
  <id>Comp:11-3-0</id>
  <CPU>0.646Gf</CPU>
  <RAM>0.992GB</RAM>
  <DISK>1.08GB</DISK>
</comp>
<comp>
  <id>Comp:11-3-1</id>
  <CPU>0.646Gf</CPU>
  <RAM>0.992GB</RAM>
  <DISK>1.08GB</DISK>
</comp>
<comp>
  <id>Comp:11-3-2</id>
  <CPU>0.646Gf</CPU>
  <RAM>0.992GB</RAM>
  <DISK>1.08GB</DISK>
</comp>
<comp>
  <id>Comp:11-3-3</id>
  <CPU>0.646Gf</CPU>
  <RAM>0.992GB</RAM>
  <DISK>1.08GB</DISK>
</comp>
<comp>
  <id>Comp:11-3-4</id>
  <CPU>0.646Gf</CPU>
  <RAM>0.992GB</RAM>
  <DISK>1.08GB</DISK>
</comp>
<comp>
  <id>Comp:11-3-5</id>
  <CPU>0.646Gf</CPU>
  <RAM>0.992GB</RAM>
  <DISK>1.08GB</DISK>
</comp>
<comp>
  <id>Comp:11-3-6</id>
  <CPU>0.646Gf</CPU>
  <RAM>0.992GB</RAM>
  <DISK>1.08GB</DISK>
</comp>
<comp>
  <id>Comp:11-4-0</id>
  <CPU>0.633Gf</CPU>
  <RAM>0.148GB</RAM>
  <DISK>0.811GB</DISK>
</comp>
<comp>
  <id>Comp:11-4-1</id>
  <CPU>0.633Gf</CPU>
  <RAM>0.148GB</RAM>
  <DISK>0.811GB</DISK>
</comp>
<comp>
  <id>Comp:11-4-2</id>
  <CPU>0.633Gf</CPU>
  <RAM>0.148GB</RAM>
  <DISK>0.811GB</DISK>
</comp>
<comp>
  <id>Comp:11-4-3</id>
  <CPU>0.633Gf</CPU>
  <RAM>0.148GB</RAM>
  <DISK>0.811GB</DISK>
</comp>
<comp>
  <id>Comp:11-4-4</id>
  <CPU>0.633Gf</CPU>
  <RAM>0.148GB</RAM>
  <DISK>0.811GB</DISK>
</comp>
<comp>
  <id>Comp:11-4-5</id>
  <CPU>0.633Gf</CPU>
  <RAM>0.148GB</RAM>
  <DISK>0.811GB</DISK>
</comp>
<comp>
  <id>Comp:11-5-0</id>
  <CPU>0.46Gf</CPU>
  <RAM>0.9GB</RAM>
  <DISK>1.73GB</DISK>
</comp>
<comp>
  <id>Comp:11-5-1</id>
  <CPU>0.46Gf</CPU>
  <RAM>0.9GB</RAM>
  <DISK>1.73GB</DISK>
</comp>
<comp>
  <id>Comp:11-5-2</id>
  <CPU>0.46Gf</CPU>
  <RAM>0.9GB</RAM>
  <DISK>1.73GB</DISK>
</comp>
<comp>
  <id>Comp:11-5-3</id>
  <CPU>0.46Gf</CPU>
  <RAM>0.9GB</RAM>
  <DISK>1.73GB</DISK>
</comp>
<comp>
  <id>Comp:11-6-0</id>
  <CPU>0.515Gf</CPU>
  <RAM>1.0GB</RAM>
  <DISK>1.37GB</DISK>
</comp>
<comp>
  <id>Comp:11-6-1</id>
  <CPU>0.515Gf</CPU>
  <RAM>1.0GB</RAM>
  <DISK>1.37GB</DISK>
</comp>
<comp>
  <id>Comp:11-6-2</id>
  <CPU>0.515Gf</CPU>
  <RAM>1.0GB</RAM>
  <DISK>1.37GB</DISK>
</comp>
<comp>
  <id>Comp:11-6-3</id>
  <CPU>0.515Gf</CPU>
  <RAM>1.0GB</RAM>
  <DISK>1.37GB</DISK>
</comp>
<comp>
  <id>Comp:11-6-4</id>
  <CPU>0.515Gf</CPU>
  <RAM>1.0GB</RAM>
  <DISK>1.37GB</DISK>
</comp>
<comp>
  <id>Comp:11-6-5</id>
  <CPU>0.515Gf</CPU>
  <RAM>1.0GB</RAM>
  <DISK>1.37GB</DISK>
</comp>
<comp>
  <id>Comp:11-6-6</id>
  <CPU>0.515Gf</CPU>
  <RAM>1.0GB</RAM>
  <DISK>1.37GB</DISK>
</comp>
<comp>
  <id>Comp:11-6-7</id>
  <CPU>0.515Gf</CPU>
  <RAM>1.0GB</RAM>
  <DISK>1.37GB</DISK>
</comp>
  <bind>Comp:11-1-0 Appliance-304 0.275MBps 47.0ms</bind>
  <bind>Appliance-304 Comp:11-1-0 0.275MBps 47.0ms</bind>
  <bind>Comp:11-1-1 Appliance-383 0.275MBps 47.0ms</bind>
  <bind>Appliance-383 Comp:11-1-1 0.275MBps 47.0ms</bind>
  <bind>Comp:11-1-2 Appliance-15 0.275MBps 47.0ms</bind>
  <bind>Appliance-15 Comp:11-1-2 0.275MBps 47.0ms</bind>
  <bind>Comp:11-1-3 Appliance-278 0.275MBps 47.0ms</bind>
  <bind>Appliance-278 Comp:11-1-3 0.275MBps 47.0ms</bind>
  <bind>Comp:11-1-4 Appliance-193 0.275MBps 47.0ms</bind>
  <bind>Appliance-193 Comp:11-1-4 0.275MBps 47.0ms</bind>
  <bind>Comp:11-1-5 Appliance-123 0.275MBps 47.0ms</bind>
  <bind>Appliance-123 Comp:11-1-5 0.275MBps 47.0ms</bind>
  <bind>Comp:11-1-6 Appliance-73 0.275MBps 47.0ms</bind>
  <bind>Appliance-73 Comp:11-1-6 0.275MBps 47.0ms</bind>
  <bind>Comp:11-1-7 Appliance-208 0.275MBps 47.0ms</bind>
  <bind>Appliance-208 Comp:11-1-7 0.275MBps 47.0ms</bind>
  <bind>Comp:11-1-8 Appliance-304 0.275MBps 47.0ms</bind>
  <bind>Appliance-304 Comp:11-1-8 0.275MBps 47.0ms</bind>
  <bind>Comp:11-2-0 Comp:11-1-0 0.483MBps 33.6ms</bind>
  <bind>Comp:11-1-0 Comp:11-2-0 0.483MBps 33.6ms</bind>
  <bind>Comp:11-2-1 Comp:11-1-1 0.483MBps 33.6ms</bind>
  <bind>Comp:11-1-1 Comp:11-2-1 0.483MBps 33.6ms</bind>
  <bind>Comp:11-2-2 Comp:11-1-2 0.483MBps 33.6ms</bind>
  <bind>Comp:11-1-2 Comp:11-2-2 0.483MBps 33.6ms</bind>
  <bind>Comp:11-2-3 Comp:11-1-3 0.483MBps 33.6ms</bind>
  <bind>Comp:11-1-3 Comp:11-2-3 0.483MBps 33.6ms</bind>
  <bind>Comp:11-2-4 Comp:11-1-4 0.483MBps 33.6ms</bind>
  <bind>Comp:11-1-4 Comp:11-2-4 0.483MBps 33.6ms</bind>
  <bind>Comp:11-2-5 Comp:11-1-5 0.483MBps 33.6ms</bind>
  <bind>Comp:11-1-5 Comp:11-2-5 0.483MBps 33.6ms</bind>
  <bind>Comp:11-2-6 Comp:11-1-6 0.483MBps 33.6ms</bind>
  <bind>Comp:11-1-6 Comp:11-2-6 0.483MBps 33.6ms</bind>
  <bind>Comp:11-2-7 Comp:11-1-7 0.483MBps 33.6ms</bind>
  <bind>Comp:11-1-7 Comp:11-2-7 0.483MBps 33.6ms</bind>
  <bind>Comp:11-2-8 Comp:11-1-8 0.483MBps 33.6ms</bind>
  <bind>Comp:11-1-8 Comp:11-2-8 0.483MBps 33.6ms</bind>
  <bind>Comp:11-3-0 Comp:11-2-0 0.0548MBps 25.3ms</bind>
  <bind>Comp:11-2-0 Comp:11-3-0 0.0548MBps 25.3ms</bind>
  <bind>Comp:11-3-1 Comp:11-2-1 0.0548MBps 25.3ms</bind>
  <bind>Comp:11-2-1 Comp:11-3-1 0.0548MBps 25.3ms</bind>
  <bind>Comp:11-3-2 Comp:11-2-2 0.0548MBps 25.3ms</bind>
  <bind>Comp:11-2-2 Comp:11-3-2 0.0548MBps 25.3ms</bind>
  <bind>Comp:11-3-3 Comp:11-2-3 0.0548MBps 25.3ms</bind>
  <bind>Comp:11-2-3 Comp:11-3-3 0.0548MBps 25.3ms</bind>
  <bind>Comp:11-3-4 Comp:11-2-4 0.0548MBps 25.3ms</bind>
  <bind>Comp:11-2-4 Comp:11-3-4 0.0548MBps 25.3ms</bind>
  <bind>Comp:11-3-5 Comp:11-2-5 0.0548MBps 25.3ms</bind>
  <bind>Comp:11-2-5 Comp:11-3-5 0.0548MBps 25.3ms</bind>
  <bind>Comp:11-3-6 Comp:11-2-6 0.0548MBps 25.3ms</bind>
  <bind>Comp:11-2-6 Comp:11-3-6 0.0548MBps 25.3ms</bind>
  <bind>Comp:11-3-0 Comp:11-2-7 0.0548MBps 25.3ms</bind>
  <bind>Comp:11-2-7 Comp:11-3-0 0.0548MBps 25.3ms</bind>
  <bind>Comp:11-3-1 Comp:11-2-8 0.0548MBps 25.3ms</bind>
  <bind>Comp:11-2-8 Comp:11-3-1 0.0548MBps 25.3ms</bind>
  <bind>Comp:11-4-0 Comp:11-3-0 0.297MBps 38.7ms</bind>
  <bind>Comp:11-3-0 Comp:11-4-0 0.297MBps 38.7ms</bind>
  <bind>Comp:11-4-1 Comp:11-3-1 0.297MBps 38.7ms</bind>
  <bind>Comp:11-3-1 Comp:11-4-1 0.297MBps 38.7ms</bind>
  <bind>Comp:11-4-2 Comp:11-3-2 0.297MBps 38.7ms</bind>
  <bind>Comp:11-3-2 Comp:11-4-2 0.297MBps 38.7ms</bind>
  <bind>Comp:11-4-3 Comp:11-3-3 0.297MBps 38.7ms</bind>
  <bind>Comp:11-3-3 Comp:11-4-3 0.297MBps 38.7ms</bind>
  <bind>Comp:11-4-4 Comp:11-3-4 0.297MBps 38.7ms</bind>
  <bind>Comp:11-3-4 Comp:11-4-4 0.297MBps 38.7ms</bind>
  <bind>Comp:11-4-5 Comp:11-3-5 0.297MBps 38.7ms</bind>
  <bind>Comp:11-3-5 Comp:11-4-5 0.297MBps 38.7ms</bind>
  <bind>Comp:11-4-0 Comp:11-3-6 0.297MBps 38.7ms</bind>
  <bind>Comp:11-3-6 Comp:11-4-0 0.297MBps 38.7ms</bind>
  <bind>Comp:11-5-0 Comp:11-4-0 0.0839MBps 46.6ms</bind>
  <bind>Comp:11-4-0 Comp:11-5-0 0.0839MBps 46.6ms</bind>
  <bind>Comp:11-5-1 Comp:11-4-1 0.0839MBps 46.6ms</bind>
  <bind>Comp:11-4-1 Comp:11-5-1 0.0839MBps 46.6ms</bind>
  <bind>Comp:11-5-2 Comp:11-4-2 0.0839MBps 46.6ms</bind>
  <bind>Comp:11-4-2 Comp:11-5-2 0.0839MBps 46.6ms</bind>
  <bind>Comp:11-5-3 Comp:11-4-3 0.0839MBps 46.6ms</bind>
  <bind>Comp:11-4-3 Comp:11-5-3 0.0839MBps 46.6ms</bind>
  <bind>Comp:11-5-0 Comp:11-4-4 0.0839MBps 46.6ms</bind>
  <bind>Comp:11-4-4 Comp:11-5-0 0.0839MBps 46.6ms</bind>
  <bind>Comp:11-5-1 Comp:11-4-5 0.0839MBps 46.6ms</bind>
  <bind>Comp:11-4-5 Comp:11-5-1 0.0839MBps 46.6ms</bind>
  <bind>Comp:11-5-0 Comp:11-6-0 0.0672MBps 36.8ms</bind>
  <bind>Comp:11-6-0 Comp:11-5-0 0.0672MBps 36.8ms</bind>
  <bind>Comp:11-5-1 Comp:11-6-1 0.0672MBps 36.8ms</bind>
  <bind>Comp:11-6-1 Comp:11-5-1 0.0672MBps 36.8ms</bind>
  <bind>Comp:11-5-2 Comp:11-6-2 0.0672MBps 36.8ms</bind>
  <bind>Comp:11-6-2 Comp:11-5-2 0.0672MBps 36.8ms</bind>
  <bind>Comp:11-5-3 Comp:11-6-3 0.0672MBps 36.8ms</bind>
  <bind>Comp:11-6-3 Comp:11-5-3 0.0672MBps 36.8ms</bind>
  <bind>Comp:11-5-0 Comp:11-6-4 0.0672MBps 36.8ms</bind>
  <bind>Comp:11-6-4 Comp:11-5-0 0.0672MBps 36.8ms</bind>
  <bind>Comp:11-5-1 Comp:11-6-5 0.0672MBps 36.8ms</bind>
  <bind>Comp:11-6-5 Comp:11-5-1 0.0672MBps 36.8ms</bind>
  <bind>Comp:11-5-2 Comp:11-6-6 0.0672MBps 36.8ms</bind>
  <bind>Comp:11-6-6 Comp:11-5-2 0.0672MBps 36.8ms</bind>
  <bind>Comp:11-5-3 Comp:11-6-7 0.0672MBps 36.8ms</bind>
  <bind>Comp:11-6-7 Comp:11-5-3 0.0672MBps 36.8ms</bind>
</app>
<app>
  <id>App12</id>
<comp>
  <id>Comp:12-0-0</id>
  <CPU>0.127Gf</CPU>
  <RAM>0.698GB</RAM>
  <DISK>1.02GB</DISK>
</comp>
<comp>
  <id>Comp:12-0-1</id>
  <CPU>0.127Gf</CPU>
  <RAM>0.698GB</RAM>
  <DISK>1.02GB</DISK>
</comp>
<comp>
  <id>Comp:12-0-2</id>
  <CPU>0.127Gf</CPU>
  <RAM>0.698GB</RAM>
  <DISK>1.02GB</DISK>
</comp>
<comp>
  <id>Comp:12-0-3</id>
  <CPU>0.127Gf</CPU>
  <RAM>0.698GB</RAM>
  <DISK>1.02GB</DISK>
</comp>
<comp>
  <id>Comp:12-0-4</id>
  <CPU>0.127Gf</CPU>
  <RAM>0.698GB</RAM>
  <DISK>1.02GB</DISK>
</comp>
<comp>
  <id>Comp:12-1-0</id>
  <CPU>0.641Gf</CPU>
  <RAM>0.921GB</RAM>
  <DISK>1.16GB</DISK>
</comp>
<comp>
  <id>Comp:12-2-0</id>
  <CPU>0.49Gf</CPU>
  <RAM>0.808GB</RAM>
  <DISK>1.24GB</DISK>
</comp>
<comp>
  <id>Comp:12-2-1</id>
  <CPU>0.49Gf</CPU>
  <RAM>0.808GB</RAM>
  <DISK>1.24GB</DISK>
</comp>
<comp>
  <id>Comp:12-2-2</id>
  <CPU>0.49Gf</CPU>
  <RAM>0.808GB</RAM>
  <DISK>1.24GB</DISK>
</comp>
<comp>
  <id>Comp:12-2-3</id>
  <CPU>0.49Gf</CPU>
  <RAM>0.808GB</RAM>
  <DISK>1.24GB</DISK>
</comp>
<comp>
  <id>Comp:12-2-4</id>
  <CPU>0.49Gf</CPU>
  <RAM>0.808GB</RAM>
  <DISK>1.24GB</DISK>
</comp>
<comp>
  <id>Comp:12-2-5</id>
  <CPU>0.49Gf</CPU>
  <RAM>0.808GB</RAM>
  <DISK>1.24GB</DISK>
</comp>
<comp>
  <id>Comp:12-2-6</id>
  <CPU>0.49Gf</CPU>
  <RAM>0.808GB</RAM>
  <DISK>1.24GB</DISK>
</comp>
<comp>
  <id>Comp:12-2-7</id>
  <CPU>0.49Gf</CPU>
  <RAM>0.808GB</RAM>
  <DISK>1.24GB</DISK>
</comp>
<comp>
  <id>Comp:12-2-8</id>
  <CPU>0.49Gf</CPU>
  <RAM>0.808GB</RAM>
  <DISK>1.24GB</DISK>
</comp>
<comp>
  <id>Comp:12-2-9</id>
  <CPU>0.49Gf</CPU>
  <RAM>0.808GB</RAM>
  <DISK>1.24GB</DISK>
</comp>
<comp>
  <id>Comp:12-3-0</id>
  <CPU>0.777Gf</CPU>
  <RAM>0.301GB</RAM>
  <DISK>1.83GB</DISK>
</comp>
<comp>
  <id>Comp:12-3-1</id>
  <CPU>0.777Gf</CPU>
  <RAM>0.301GB</RAM>
  <DISK>1.83GB</DISK>
</comp>
<comp>
  <id>Comp:12-3-2</id>
  <CPU>0.777Gf</CPU>
  <RAM>0.301GB</RAM>
  <DISK>1.83GB</DISK>
</comp>
<comp>
  <id>Comp:12-3-3</id>
  <CPU>0.777Gf</CPU>
  <RAM>0.301GB</RAM>
  <DISK>1.83GB</DISK>
</comp>
  <bind>Comp:12-1-0 Comp:12-0-0 0.182MBps 43.5ms</bind>
  <bind>Comp:12-0-0 Comp:12-1-0 0.182MBps 43.5ms</bind>
  <bind>Comp:12-1-0 Comp:12-0-1 0.182MBps 43.5ms</bind>
  <bind>Comp:12-0-1 Comp:12-1-0 0.182MBps 43.5ms</bind>
  <bind>Comp:12-1-0 Comp:12-0-2 0.182MBps 43.5ms</bind>
  <bind>Comp:12-0-2 Comp:12-1-0 0.182MBps 43.5ms</bind>
  <bind>Comp:12-1-0 Comp:12-0-3 0.182MBps 43.5ms</bind>
  <bind>Comp:12-0-3 Comp:12-1-0 0.182MBps 43.5ms</bind>
  <bind>Comp:12-1-0 Comp:12-0-4 0.182MBps 43.5ms</bind>
  <bind>Comp:12-0-4 Comp:12-1-0 0.182MBps 43.5ms</bind>
  <bind>Comp:12-2-0 Comp:12-1-0 0.152MBps 44.7ms</bind>
  <bind>Comp:12-1-0 Comp:12-2-0 0.152MBps 44.7ms</bind>
  <bind>Comp:12-2-1 Comp:12-1-0 0.152MBps 44.7ms</bind>
  <bind>Comp:12-1-0 Comp:12-2-1 0.152MBps 44.7ms</bind>
  <bind>Comp:12-2-2 Comp:12-1-0 0.152MBps 44.7ms</bind>
  <bind>Comp:12-1-0 Comp:12-2-2 0.152MBps 44.7ms</bind>
  <bind>Comp:12-2-3 Comp:12-1-0 0.152MBps 44.7ms</bind>
  <bind>Comp:12-1-0 Comp:12-2-3 0.152MBps 44.7ms</bind>
  <bind>Comp:12-2-4 Comp:12-1-0 0.152MBps 44.7ms</bind>
  <bind>Comp:12-1-0 Comp:12-2-4 0.152MBps 44.7ms</bind>
  <bind>Comp:12-2-5 Comp:12-1-0 0.152MBps 44.7ms</bind>
  <bind>Comp:12-1-0 Comp:12-2-5 0.152MBps 44.7ms</bind>
  <bind>Comp:12-2-6 Comp:12-1-0 0.152MBps 44.7ms</bind>
  <bind>Comp:12-1-0 Comp:12-2-6 0.152MBps 44.7ms</bind>
  <bind>Comp:12-2-7 Comp:12-1-0 0.152MBps 44.7ms</bind>
  <bind>Comp:12-1-0 Comp:12-2-7 0.152MBps 44.7ms</bind>
  <bind>Comp:12-2-8 Comp:12-1-0 0.152MBps 44.7ms</bind>
  <bind>Comp:12-1-0 Comp:12-2-8 0.152MBps 44.7ms</bind>
  <bind>Comp:12-2-9 Comp:12-1-0 0.152MBps 44.7ms</bind>
  <bind>Comp:12-1-0 Comp:12-2-9 0.152MBps 44.7ms</bind>
  <bind>Comp:12-3-0 Comp:12-2-0 0.872MBps 42.3ms</bind>
  <bind>Comp:12-2-0 Comp:12-3-0 0.872MBps 42.3ms</bind>
  <bind>Comp:12-3-1 Comp:12-2-1 0.872MBps 42.3ms</bind>
  <bind>Comp:12-2-1 Comp:12-3-1 0.872MBps 42.3ms</bind>
  <bind>Comp:12-3-2 Comp:12-2-2 0.872MBps 42.3ms</bind>
  <bind>Comp:12-2-2 Comp:12-3-2 0.872MBps 42.3ms</bind>
  <bind>Comp:12-3-3 Comp:12-2-3 0.872MBps 42.3ms</bind>
  <bind>Comp:12-2-3 Comp:12-3-3 0.872MBps 42.3ms</bind>
  <bind>Comp:12-3-0 Comp:12-2-4 0.872MBps 42.3ms</bind>
  <bind>Comp:12-2-4 Comp:12-3-0 0.872MBps 42.3ms</bind>
  <bind>Comp:12-3-1 Comp:12-2-5 0.872MBps 42.3ms</bind>
  <bind>Comp:12-2-5 Comp:12-3-1 0.872MBps 42.3ms</bind>
  <bind>Comp:12-3-2 Comp:12-2-6 0.872MBps 42.3ms</bind>
  <bind>Comp:12-2-6 Comp:12-3-2 0.872MBps 42.3ms</bind>
  <bind>Comp:12-3-3 Comp:12-2-7 0.872MBps 42.3ms</bind>
  <bind>Comp:12-2-7 Comp:12-3-3 0.872MBps 42.3ms</bind>
  <bind>Comp:12-3-0 Comp:12-2-8 0.872MBps 42.3ms</bind>
  <bind>Comp:12-2-8 Comp:12-3-0 0.872MBps 42.3ms</bind>
  <bind>Comp:12-3-1 Comp:12-2-9 0.872MBps 42.3ms</bind>
  <bind>Comp:12-2-9 Comp:12-3-1 0.872MBps 42.3ms</bind>
  <bind>Comp:12-3-0 Appliance-211 0.242MBps 35.3ms</bind>
  <bind>Appliance-211 Comp:12-3-0 0.242MBps 35.3ms</bind>
  <bind>Comp:12-3-1 Appliance-53 0.242MBps 35.3ms</bind>
  <bind>Appliance-53 Comp:12-3-1 0.242MBps 35.3ms</bind>
  <bind>Comp:12-3-2 Appliance-390 0.242MBps 35.3ms</bind>
  <bind>Appliance-390 Comp:12-3-2 0.242MBps 35.3ms</bind>
  <bind>Comp:12-3-3 Appliance-211 0.242MBps 35.3ms</bind>
  <bind>Appliance-211 Comp:12-3-3 0.242MBps 35.3ms</bind>
</app>
<app>
  <id>App13</id>
<comp>
  <id>Comp:13-0-0</id>
  <CPU>0.391Gf</CPU>
  <RAM>0.832GB</RAM>
  <DISK>1.15GB</DISK>
</comp>
<comp>
  <id>Comp:13-0-1</id>
  <CPU>0.391Gf</CPU>
  <RAM>0.832GB</RAM>
  <DISK>1.15GB</DISK>
</comp>
<comp>
  <id>Comp:13-0-2</id>
  <CPU>0.391Gf</CPU>
  <RAM>0.832GB</RAM>
  <DISK>1.15GB</DISK>
</comp>
<comp>
  <id>Comp:13-0-3</id>
  <CPU>0.391Gf</CPU>
  <RAM>0.832GB</RAM>
  <DISK>1.15GB</DISK>
</comp>
<comp>
  <id>Comp:13-0-4</id>
  <CPU>0.391Gf</CPU>
  <RAM>0.832GB</RAM>
  <DISK>1.15GB</DISK>
</comp>
<comp>
  <id>Comp:13-0-5</id>
  <CPU>0.391Gf</CPU>
  <RAM>0.832GB</RAM>
  <DISK>1.15GB</DISK>
</comp>
<comp>
  <id>Comp:13-0-6</id>
  <CPU>0.391Gf</CPU>
  <RAM>0.832GB</RAM>
  <DISK>1.15GB</DISK>
</comp>
<comp>
  <id>Comp:13-0-7</id>
  <CPU>0.391Gf</CPU>
  <RAM>0.832GB</RAM>
  <DISK>1.15GB</DISK>
</comp>
<comp>
  <id>Comp:13-0-8</id>
  <CPU>0.391Gf</CPU>
  <RAM>0.832GB</RAM>
  <DISK>1.15GB</DISK>
</comp>
<comp>
  <id>Comp:13-1-0</id>
  <CPU>0.798Gf</CPU>
  <RAM>0.395GB</RAM>
  <DISK>0.785GB</DISK>
</comp>
<comp>
  <id>Comp:13-1-1</id>
  <CPU>0.798Gf</CPU>
  <RAM>0.395GB</RAM>
  <DISK>0.785GB</DISK>
</comp>
<comp>
  <id>Comp:13-1-2</id>
  <CPU>0.798Gf</CPU>
  <RAM>0.395GB</RAM>
  <DISK>0.785GB</DISK>
</comp>
  <bind>Comp:13-1-0 Comp:13-0-0 0.496MBps 43.2ms</bind>
  <bind>Comp:13-0-0 Comp:13-1-0 0.496MBps 43.2ms</bind>
  <bind>Comp:13-1-1 Comp:13-0-1 0.496MBps 43.2ms</bind>
  <bind>Comp:13-0-1 Comp:13-1-1 0.496MBps 43.2ms</bind>
  <bind>Comp:13-1-2 Comp:13-0-2 0.496MBps 43.2ms</bind>
  <bind>Comp:13-0-2 Comp:13-1-2 0.496MBps 43.2ms</bind>
  <bind>Comp:13-1-0 Comp:13-0-3 0.496MBps 43.2ms</bind>
  <bind>Comp:13-0-3 Comp:13-1-0 0.496MBps 43.2ms</bind>
  <bind>Comp:13-1-1 Comp:13-0-4 0.496MBps 43.2ms</bind>
  <bind>Comp:13-0-4 Comp:13-1-1 0.496MBps 43.2ms</bind>
  <bind>Comp:13-1-2 Comp:13-0-5 0.496MBps 43.2ms</bind>
  <bind>Comp:13-0-5 Comp:13-1-2 0.496MBps 43.2ms</bind>
  <bind>Comp:13-1-0 Comp:13-0-6 0.496MBps 43.2ms</bind>
  <bind>Comp:13-0-6 Comp:13-1-0 0.496MBps 43.2ms</bind>
  <bind>Comp:13-1-1 Comp:13-0-7 0.496MBps 43.2ms</bind>
  <bind>Comp:13-0-7 Comp:13-1-1 0.496MBps 43.2ms</bind>
  <bind>Comp:13-1-2 Comp:13-0-8 0.496MBps 43.2ms</bind>
  <bind>Comp:13-0-8 Comp:13-1-2 0.496MBps 43.2ms</bind>
  <bind>Comp:13-1-0 Appliance-28 0.903MBps 39.2ms</bind>
  <bind>Appliance-28 Comp:13-1-0 0.903MBps 39.2ms</bind>
  <bind>Comp:13-1-1 Appliance-28 0.903MBps 39.2ms</bind>
  <bind>Appliance-28 Comp:13-1-1 0.903MBps 39.2ms</bind>
  <bind>Comp:13-1-2 Appliance-28 0.903MBps 39.2ms</bind>
  <bind>Appliance-28 Comp:13-1-2 0.903MBps 39.2ms</bind>
</app>
<app>
  <id>App14</id>
<comp>
  <id>Comp:14-1-0</id>
  <CPU>0.622Gf</CPU>
  <RAM>0.73GB</RAM>
  <DISK>1.03GB</DISK>
</comp>
<comp>
  <id>Comp:14-2-0</id>
  <CPU>0.667Gf</CPU>
  <RAM>0.535GB</RAM>
  <DISK>0.626GB</DISK>
</comp>
<comp>
  <id>Comp:14-2-1</id>
  <CPU>0.667Gf</CPU>
  <RAM>0.535GB</RAM>
  <DISK>0.626GB</DISK>
</comp>
<comp>
  <id>Comp:14-3-0</id>
  <CPU>0.706Gf</CPU>
  <RAM>0.751GB</RAM>
  <DISK>1.41GB</DISK>
</comp>
<comp>
  <id>Comp:14-3-1</id>
  <CPU>0.706Gf</CPU>
  <RAM>0.751GB</RAM>
  <DISK>1.41GB</DISK>
</comp>
  <bind>Comp:14-1-0 Appliance-10 0.264MBps 39.6ms</bind>
  <bind>Appliance-10 Comp:14-1-0 0.264MBps 39.6ms</bind>
  <bind>Comp:14-1-0 Appliance-347 0.264MBps 39.6ms</bind>
  <bind>Appliance-347 Comp:14-1-0 0.264MBps 39.6ms</bind>
  <bind>Comp:14-1-0 Appliance-2 0.264MBps 39.6ms</bind>
  <bind>Appliance-2 Comp:14-1-0 0.264MBps 39.6ms</bind>
  <bind>Comp:14-2-0 Comp:14-1-0 0.197MBps 49.8ms</bind>
  <bind>Comp:14-1-0 Comp:14-2-0 0.197MBps 49.8ms</bind>
  <bind>Comp:14-2-1 Comp:14-1-0 0.197MBps 49.8ms</bind>
  <bind>Comp:14-1-0 Comp:14-2-1 0.197MBps 49.8ms</bind>
  <bind>Comp:14-3-0 Comp:14-2-0 0.934MBps 29.1ms</bind>
  <bind>Comp:14-2-0 Comp:14-3-0 0.934MBps 29.1ms</bind>
  <bind>Comp:14-3-1 Comp:14-2-1 0.934MBps 29.1ms</bind>
  <bind>Comp:14-2-1 Comp:14-3-1 0.934MBps 29.1ms</bind>
  <bind>Comp:14-3-0 Appliance-91 0.55MBps 27.8ms</bind>
  <bind>Appliance-91 Comp:14-3-0 0.55MBps 27.8ms</bind>
  <bind>Comp:14-3-1 Appliance-36 0.55MBps 27.8ms</bind>
  <bind>Appliance-36 Comp:14-3-1 0.55MBps 27.8ms</bind>
  <bind>Comp:14-3-0 Appliance-163 0.55MBps 27.8ms</bind>
  <bind>Appliance-163 Comp:14-3-0 0.55MBps 27.8ms</bind>
  <bind>Comp:14-3-1 Appliance-270 0.55MBps 27.8ms</bind>
  <bind>Appliance-270 Comp:14-3-1 0.55MBps 27.8ms</bind>
  <bind>Comp:14-3-0 Appliance-124 0.55MBps 27.8ms</bind>
  <bind>Appliance-124 Comp:14-3-0 0.55MBps 27.8ms</bind>
  <bind>Comp:14-3-1 Appliance-194 0.55MBps 27.8ms</bind>
  <bind>Appliance-194 Comp:14-3-1 0.55MBps 27.8ms</bind>
</app>
<app>
  <id>App15</id>
<comp>
  <id>Comp:15-1-0</id>
  <CPU>0.213Gf</CPU>
  <RAM>0.363GB</RAM>
  <DISK>1.92GB</DISK>
</comp>
<comp>
  <id>Comp:15-1-1</id>
  <CPU>0.213Gf</CPU>
  <RAM>0.363GB</RAM>
  <DISK>1.92GB</DISK>
</comp>
<comp>
  <id>Comp:15-1-2</id>
  <CPU>0.213Gf</CPU>
  <RAM>0.363GB</RAM>
  <DISK>1.92GB</DISK>
</comp>
<comp>
  <id>Comp:15-1-3</id>
  <CPU>0.213Gf</CPU>
  <RAM>0.363GB</RAM>
  <DISK>1.92GB</DISK>
</comp>
<comp>
  <id>Comp:15-1-4</id>
  <CPU>0.213Gf</CPU>
  <RAM>0.363GB</RAM>
  <DISK>1.92GB</DISK>
</comp>
<comp>
  <id>Comp:15-1-5</id>
  <CPU>0.213Gf</CPU>
  <RAM>0.363GB</RAM>
  <DISK>1.92GB</DISK>
</comp>
<comp>
  <id>Comp:15-1-6</id>
  <CPU>0.213Gf</CPU>
  <RAM>0.363GB</RAM>
  <DISK>1.92GB</DISK>
</comp>
<comp>
  <id>Comp:15-1-7</id>
  <CPU>0.213Gf</CPU>
  <RAM>0.363GB</RAM>
  <DISK>1.92GB</DISK>
</comp>
<comp>
  <id>Comp:15-1-8</id>
  <CPU>0.213Gf</CPU>
  <RAM>0.363GB</RAM>
  <DISK>1.92GB</DISK>
</comp>
<comp>
  <id>Comp:15-1-9</id>
  <CPU>0.213Gf</CPU>
  <RAM>0.363GB</RAM>
  <DISK>1.92GB</DISK>
</comp>
<comp>
  <id>Comp:15-2-0</id>
  <CPU>0.309Gf</CPU>
  <RAM>0.659GB</RAM>
  <DISK>0.0394GB</DISK>
</comp>
<comp>
  <id>Comp:15-2-1</id>
  <CPU>0.309Gf</CPU>
  <RAM>0.659GB</RAM>
  <DISK>0.0394GB</DISK>
</comp>
<comp>
  <id>Comp:15-2-2</id>
  <CPU>0.309Gf</CPU>
  <RAM>0.659GB</RAM>
  <DISK>0.0394GB</DISK>
</comp>
<comp>
  <id>Comp:15-2-3</id>
  <CPU>0.309Gf</CPU>
  <RAM>0.659GB</RAM>
  <DISK>0.0394GB</DISK>
</comp>
<comp>
  <id>Comp:15-3-0</id>
  <CPU>0.109Gf</CPU>
  <RAM>0.657GB</RAM>
  <DISK>0.603GB</DISK>
</comp>
<comp>
  <id>Comp:15-3-1</id>
  <CPU>0.109Gf</CPU>
  <RAM>0.657GB</RAM>
  <DISK>0.603GB</DISK>
</comp>
<comp>
  <id>Comp:15-3-2</id>
  <CPU>0.109Gf</CPU>
  <RAM>0.657GB</RAM>
  <DISK>0.603GB</DISK>
</comp>
<comp>
  <id>Comp:15-3-3</id>
  <CPU>0.109Gf</CPU>
  <RAM>0.657GB</RAM>
  <DISK>0.603GB</DISK>
</comp>
<comp>
  <id>Comp:15-3-4</id>
  <CPU>0.109Gf</CPU>
  <RAM>0.657GB</RAM>
  <DISK>0.603GB</DISK>
</comp>
<comp>
  <id>Comp:15-3-5</id>
  <CPU>0.109Gf</CPU>
  <RAM>0.657GB</RAM>
  <DISK>0.603GB</DISK>
</comp>
<comp>
  <id>Comp:15-3-6</id>
  <CPU>0.109Gf</CPU>
  <RAM>0.657GB</RAM>
  <DISK>0.603GB</DISK>
</comp>
<comp>
  <id>Comp:15-3-7</id>
  <CPU>0.109Gf</CPU>
  <RAM>0.657GB</RAM>
  <DISK>0.603GB</DISK>
</comp>
  <bind>Comp:15-1-0 Appliance-303 0.793MBps 31.5ms</bind>
  <bind>Appliance-303 Comp:15-1-0 0.793MBps 31.5ms</bind>
  <bind>Comp:15-1-1 Appliance-361 0.793MBps 31.5ms</bind>
  <bind>Appliance-361 Comp:15-1-1 0.793MBps 31.5ms</bind>
  <bind>Comp:15-1-2 Appliance-173 0.793MBps 31.5ms</bind>
  <bind>Appliance-173 Comp:15-1-2 0.793MBps 31.5ms</bind>
  <bind>Comp:15-1-3 Appliance-395 0.793MBps 31.5ms</bind>
  <bind>Appliance-395 Comp:15-1-3 0.793MBps 31.5ms</bind>
  <bind>Comp:15-1-4 Appliance-398 0.793MBps 31.5ms</bind>
  <bind>Appliance-398 Comp:15-1-4 0.793MBps 31.5ms</bind>
  <bind>Comp:15-1-5 Appliance-180 0.793MBps 31.5ms</bind>
  <bind>Appliance-180 Comp:15-1-5 0.793MBps 31.5ms</bind>
  <bind>Comp:15-1-6 Appliance-89 0.793MBps 31.5ms</bind>
  <bind>Appliance-89 Comp:15-1-6 0.793MBps 31.5ms</bind>
  <bind>Comp:15-1-7 Appliance-1 0.793MBps 31.5ms</bind>
  <bind>Appliance-1 Comp:15-1-7 0.793MBps 31.5ms</bind>
  <bind>Comp:15-1-8 Appliance-303 0.793MBps 31.5ms</bind>
  <bind>Appliance-303 Comp:15-1-8 0.793MBps 31.5ms</bind>
  <bind>Comp:15-1-9 Appliance-361 0.793MBps 31.5ms</bind>
  <bind>Appliance-361 Comp:15-1-9 0.793MBps 31.5ms</bind>
  <bind>Comp:15-2-0 Comp:15-1-0 0.245MBps 29.1ms</bind>
  <bind>Comp:15-1-0 Comp:15-2-0 0.245MBps 29.1ms</bind>
  <bind>Comp:15-2-1 Comp:15-1-1 0.245MBps 29.1ms</bind>
  <bind>Comp:15-1-1 Comp:15-2-1 0.245MBps 29.1ms</bind>
  <bind>Comp:15-2-2 Comp:15-1-2 0.245MBps 29.1ms</bind>
  <bind>Comp:15-1-2 Comp:15-2-2 0.245MBps 29.1ms</bind>
  <bind>Comp:15-2-3 Comp:15-1-3 0.245MBps 29.1ms</bind>
  <bind>Comp:15-1-3 Comp:15-2-3 0.245MBps 29.1ms</bind>
  <bind>Comp:15-2-0 Comp:15-1-4 0.245MBps 29.1ms</bind>
  <bind>Comp:15-1-4 Comp:15-2-0 0.245MBps 29.1ms</bind>
  <bind>Comp:15-2-1 Comp:15-1-5 0.245MBps 29.1ms</bind>
  <bind>Comp:15-1-5 Comp:15-2-1 0.245MBps 29.1ms</bind>
  <bind>Comp:15-2-2 Comp:15-1-6 0.245MBps 29.1ms</bind>
  <bind>Comp:15-1-6 Comp:15-2-2 0.245MBps 29.1ms</bind>
  <bind>Comp:15-2-3 Comp:15-1-7 0.245MBps 29.1ms</bind>
  <bind>Comp:15-1-7 Comp:15-2-3 0.245MBps 29.1ms</bind>
  <bind>Comp:15-2-0 Comp:15-1-8 0.245MBps 29.1ms</bind>
  <bind>Comp:15-1-8 Comp:15-2-0 0.245MBps 29.1ms</bind>
  <bind>Comp:15-2-1 Comp:15-1-9 0.245MBps 29.1ms</bind>
  <bind>Comp:15-1-9 Comp:15-2-1 0.245MBps 29.1ms</bind>
  <bind>Comp:15-2-0 Comp:15-3-0 0.67MBps 26.0ms</bind>
  <bind>Comp:15-3-0 Comp:15-2-0 0.67MBps 26.0ms</bind>
  <bind>Comp:15-2-1 Comp:15-3-1 0.67MBps 26.0ms</bind>
  <bind>Comp:15-3-1 Comp:15-2-1 0.67MBps 26.0ms</bind>
  <bind>Comp:15-2-2 Comp:15-3-2 0.67MBps 26.0ms</bind>
  <bind>Comp:15-3-2 Comp:15-2-2 0.67MBps 26.0ms</bind>
  <bind>Comp:15-2-3 Comp:15-3-3 0.67MBps 26.0ms</bind>
  <bind>Comp:15-3-3 Comp:15-2-3 0.67MBps 26.0ms</bind>
  <bind>Comp:15-2-0 Comp:15-3-4 0.67MBps 26.0ms</bind>
  <bind>Comp:15-3-4 Comp:15-2-0 0.67MBps 26.0ms</bind>
  <bind>Comp:15-2-1 Comp:15-3-5 0.67MBps 26.0ms</bind>
  <bind>Comp:15-3-5 Comp:15-2-1 0.67MBps 26.0ms</bind>
  <bind>Comp:15-2-2 Comp:15-3-6 0.67MBps 26.0ms</bind>
  <bind>Comp:15-3-6 Comp:15-2-2 0.67MBps 26.0ms</bind>
  <bind>Comp:15-2-3 Comp:15-3-7 0.67MBps 26.0ms</bind>
  <bind>Comp:15-3-7 Comp:15-2-3 0.67MBps 26.0ms</bind>
</app>
<app>
  <id>App16</id>
<comp>
  <id>Comp:16-0-0</id>
  <CPU>0.44Gf</CPU>
  <RAM>0.961GB</RAM>
  <DISK>1.34GB</DISK>
</comp>
<comp>
  <id>Comp:16-0-1</id>
  <CPU>0.44Gf</CPU>
  <RAM>0.961GB</RAM>
  <DISK>1.34GB</DISK>
</comp>
<comp>
  <id>Comp:16-0-2</id>
  <CPU>0.44Gf</CPU>
  <RAM>0.961GB</RAM>
  <DISK>1.34GB</DISK>
</comp>
<comp>
  <id>Comp:16-0-3</id>
  <CPU>0.44Gf</CPU>
  <RAM>0.961GB</RAM>
  <DISK>1.34GB</DISK>
</comp>
<comp>
  <id>Comp:16-0-4</id>
  <CPU>0.44Gf</CPU>
  <RAM>0.961GB</RAM>
  <DISK>1.34GB</DISK>
</comp>
<comp>
  <id>Comp:16-0-5</id>
  <CPU>0.44Gf</CPU>
  <RAM>0.961GB</RAM>
  <DISK>1.34GB</DISK>
</comp>
<comp>
  <id>Comp:16-0-6</id>
  <CPU>0.44Gf</CPU>
  <RAM>0.961GB</RAM>
  <DISK>1.34GB</DISK>
</comp>
<comp>
  <id>Comp:16-0-7</id>
  <CPU>0.44Gf</CPU>
  <RAM>0.961GB</RAM>
  <DISK>1.34GB</DISK>
</comp>
<comp>
  <id>Comp:16-0-8</id>
  <CPU>0.44Gf</CPU>
  <RAM>0.961GB</RAM>
  <DISK>1.34GB</DISK>
</comp>
<comp>
  <id>Comp:16-1-0</id>
  <CPU>0.876Gf</CPU>
  <RAM>0.252GB</RAM>
  <DISK>0.332GB</DISK>
</comp>
<comp>
  <id>Comp:16-1-1</id>
  <CPU>0.876Gf</CPU>
  <RAM>0.252GB</RAM>
  <DISK>0.332GB</DISK>
</comp>
<comp>
  <id>Comp:16-1-2</id>
  <CPU>0.876Gf</CPU>
  <RAM>0.252GB</RAM>
  <DISK>0.332GB</DISK>
</comp>
<comp>
  <id>Comp:16-1-3</id>
  <CPU>0.876Gf</CPU>
  <RAM>0.252GB</RAM>
  <DISK>0.332GB</DISK>
</comp>
<comp>
  <id>Comp:16-2-0</id>
  <CPU>0.209Gf</CPU>
  <RAM>0.452GB</RAM>
  <DISK>1.1GB</DISK>
</comp>
<comp>
  <id>Comp:16-2-1</id>
  <CPU>0.209Gf</CPU>
  <RAM>0.452GB</RAM>
  <DISK>1.1GB</DISK>
</comp>
<comp>
  <id>Comp:16-2-2</id>
  <CPU>0.209Gf</CPU>
  <RAM>0.452GB</RAM>
  <DISK>1.1GB</DISK>
</comp>
<comp>
  <id>Comp:16-2-3</id>
  <CPU>0.209Gf</CPU>
  <RAM>0.452GB</RAM>
  <DISK>1.1GB</DISK>
</comp>
<comp>
  <id>Comp:16-2-4</id>
  <CPU>0.209Gf</CPU>
  <RAM>0.452GB</RAM>
  <DISK>1.1GB</DISK>
</comp>
<comp>
  <id>Comp:16-2-5</id>
  <CPU>0.209Gf</CPU>
  <RAM>0.452GB</RAM>
  <DISK>1.1GB</DISK>
</comp>
<comp>
  <id>Comp:16-2-6</id>
  <CPU>0.209Gf</CPU>
  <RAM>0.452GB</RAM>
  <DISK>1.1GB</DISK>
</comp>
<comp>
  <id>Comp:16-2-7</id>
  <CPU>0.209Gf</CPU>
  <RAM>0.452GB</RAM>
  <DISK>1.1GB</DISK>
</comp>
  <bind>Comp:16-1-0 Comp:16-0-0 0.886MBps 31.9ms</bind>
  <bind>Comp:16-0-0 Comp:16-1-0 0.886MBps 31.9ms</bind>
  <bind>Comp:16-1-1 Comp:16-0-1 0.886MBps 31.9ms</bind>
  <bind>Comp:16-0-1 Comp:16-1-1 0.886MBps 31.9ms</bind>
  <bind>Comp:16-1-2 Comp:16-0-2 0.886MBps 31.9ms</bind>
  <bind>Comp:16-0-2 Comp:16-1-2 0.886MBps 31.9ms</bind>
  <bind>Comp:16-1-3 Comp:16-0-3 0.886MBps 31.9ms</bind>
  <bind>Comp:16-0-3 Comp:16-1-3 0.886MBps 31.9ms</bind>
  <bind>Comp:16-1-0 Comp:16-0-4 0.886MBps 31.9ms</bind>
  <bind>Comp:16-0-4 Comp:16-1-0 0.886MBps 31.9ms</bind>
  <bind>Comp:16-1-1 Comp:16-0-5 0.886MBps 31.9ms</bind>
  <bind>Comp:16-0-5 Comp:16-1-1 0.886MBps 31.9ms</bind>
  <bind>Comp:16-1-2 Comp:16-0-6 0.886MBps 31.9ms</bind>
  <bind>Comp:16-0-6 Comp:16-1-2 0.886MBps 31.9ms</bind>
  <bind>Comp:16-1-3 Comp:16-0-7 0.886MBps 31.9ms</bind>
  <bind>Comp:16-0-7 Comp:16-1-3 0.886MBps 31.9ms</bind>
  <bind>Comp:16-1-0 Comp:16-0-8 0.886MBps 31.9ms</bind>
  <bind>Comp:16-0-8 Comp:16-1-0 0.886MBps 31.9ms</bind>
  <bind>Comp:16-2-0 Comp:16-1-0 0.826MBps 41.7ms</bind>
  <bind>Comp:16-1-0 Comp:16-2-0 0.826MBps 41.7ms</bind>
  <bind>Comp:16-2-1 Comp:16-1-1 0.826MBps 41.7ms</bind>
  <bind>Comp:16-1-1 Comp:16-2-1 0.826MBps 41.7ms</bind>
  <bind>Comp:16-2-2 Comp:16-1-2 0.826MBps 41.7ms</bind>
  <bind>Comp:16-1-2 Comp:16-2-2 0.826MBps 41.7ms</bind>
  <bind>Comp:16-2-3 Comp:16-1-3 0.826MBps 41.7ms</bind>
  <bind>Comp:16-1-3 Comp:16-2-3 0.826MBps 41.7ms</bind>
  <bind>Comp:16-2-4 Comp:16-1-0 0.826MBps 41.7ms</bind>
  <bind>Comp:16-1-0 Comp:16-2-4 0.826MBps 41.7ms</bind>
  <bind>Comp:16-2-5 Comp:16-1-1 0.826MBps 41.7ms</bind>
  <bind>Comp:16-1-1 Comp:16-2-5 0.826MBps 41.7ms</bind>
  <bind>Comp:16-2-6 Comp:16-1-2 0.826MBps 41.7ms</bind>
  <bind>Comp:16-1-2 Comp:16-2-6 0.826MBps 41.7ms</bind>
  <bind>Comp:16-2-7 Comp:16-1-3 0.826MBps 41.7ms</bind>
  <bind>Comp:16-1-3 Comp:16-2-7 0.826MBps 41.7ms</bind>
  <bind>Comp:16-2-0 Appliance-21 0.829MBps 37.1ms</bind>
  <bind>Appliance-21 Comp:16-2-0 0.829MBps 37.1ms</bind>
  <bind>Comp:16-2-1 Appliance-340 0.829MBps 37.1ms</bind>
  <bind>Appliance-340 Comp:16-2-1 0.829MBps 37.1ms</bind>
  <bind>Comp:16-2-2 Appliance-13 0.829MBps 37.1ms</bind>
  <bind>Appliance-13 Comp:16-2-2 0.829MBps 37.1ms</bind>
  <bind>Comp:16-2-3 Appliance-21 0.829MBps 37.1ms</bind>
  <bind>Appliance-21 Comp:16-2-3 0.829MBps 37.1ms</bind>
  <bind>Comp:16-2-4 Appliance-340 0.829MBps 37.1ms</bind>
  <bind>Appliance-340 Comp:16-2-4 0.829MBps 37.1ms</bind>
  <bind>Comp:16-2-5 Appliance-13 0.829MBps 37.1ms</bind>
  <bind>Appliance-13 Comp:16-2-5 0.829MBps 37.1ms</bind>
  <bind>Comp:16-2-6 Appliance-21 0.829MBps 37.1ms</bind>
  <bind>Appliance-21 Comp:16-2-6 0.829MBps 37.1ms</bind>
  <bind>Comp:16-2-7 Appliance-340 0.829MBps 37.1ms</bind>
  <bind>Appliance-340 Comp:16-2-7 0.829MBps 37.1ms</bind>
</app>
<app>
  <id>App17</id>
<comp>
  <id>Comp:17-0-0</id>
  <CPU>0.469Gf</CPU>
  <RAM>0.682GB</RAM>
  <DISK>1.53GB</DISK>
</comp>
<comp>
  <id>Comp:17-0-1</id>
  <CPU>0.469Gf</CPU>
  <RAM>0.682GB</RAM>
  <DISK>1.53GB</DISK>
</comp>
<comp>
  <id>Comp:17-0-2</id>
  <CPU>0.469Gf</CPU>
  <RAM>0.682GB</RAM>
  <DISK>1.53GB</DISK>
</comp>
<comp>
  <id>Comp:17-0-3</id>
  <CPU>0.469Gf</CPU>
  <RAM>0.682GB</RAM>
  <DISK>1.53GB</DISK>
</comp>
<comp>
  <id>Comp:17-0-4</id>
  <CPU>0.469Gf</CPU>
  <RAM>0.682GB</RAM>
  <DISK>1.53GB</DISK>
</comp>
<comp>
  <id>Comp:17-1-0</id>
  <CPU>0.694Gf</CPU>
  <RAM>0.308GB</RAM>
  <DISK>1.57GB</DISK>
</comp>
<comp>
  <id>Comp:17-2-0</id>
  <CPU>0.956Gf</CPU>
  <RAM>0.479GB</RAM>
  <DISK>0.615GB</DISK>
</comp>
<comp>
  <id>Comp:17-2-1</id>
  <CPU>0.956Gf</CPU>
  <RAM>0.479GB</RAM>
  <DISK>0.615GB</DISK>
</comp>
<comp>
  <id>Comp:17-2-2</id>
  <CPU>0.956Gf</CPU>
  <RAM>0.479GB</RAM>
  <DISK>0.615GB</DISK>
</comp>
<comp>
  <id>Comp:17-2-3</id>
  <CPU>0.956Gf</CPU>
  <RAM>0.479GB</RAM>
  <DISK>0.615GB</DISK>
</comp>
<comp>
  <id>Comp:17-2-4</id>
  <CPU>0.956Gf</CPU>
  <RAM>0.479GB</RAM>
  <DISK>0.615GB</DISK>
</comp>
<comp>
  <id>Comp:17-2-5</id>
  <CPU>0.956Gf</CPU>
  <RAM>0.479GB</RAM>
  <DISK>0.615GB</DISK>
</comp>
<comp>
  <id>Comp:17-2-6</id>
  <CPU>0.956Gf</CPU>
  <RAM>0.479GB</RAM>
  <DISK>0.615GB</DISK>
</comp>
<comp>
  <id>Comp:17-3-0</id>
  <CPU>0.801Gf</CPU>
  <RAM>0.364GB</RAM>
  <DISK>0.196GB</DISK>
</comp>
<comp>
  <id>Comp:17-3-1</id>
  <CPU>0.801Gf</CPU>
  <RAM>0.364GB</RAM>
  <DISK>0.196GB</DISK>
</comp>
<comp>
  <id>Comp:17-3-2</id>
  <CPU>0.801Gf</CPU>
  <RAM>0.364GB</RAM>
  <DISK>0.196GB</DISK>
</comp>
<comp>
  <id>Comp:17-4-0</id>
  <CPU>0.53Gf</CPU>
  <RAM>0.211GB</RAM>
  <DISK>1.02GB</DISK>
</comp>
<comp>
  <id>Comp:17-4-1</id>
  <CPU>0.53Gf</CPU>
  <RAM>0.211GB</RAM>
  <DISK>1.02GB</DISK>
</comp>
<comp>
  <id>Comp:17-4-2</id>
  <CPU>0.53Gf</CPU>
  <RAM>0.211GB</RAM>
  <DISK>1.02GB</DISK>
</comp>
<comp>
  <id>Comp:17-4-3</id>
  <CPU>0.53Gf</CPU>
  <RAM>0.211GB</RAM>
  <DISK>1.02GB</DISK>
</comp>
<comp>
  <id>Comp:17-4-4</id>
  <CPU>0.53Gf</CPU>
  <RAM>0.211GB</RAM>
  <DISK>1.02GB</DISK>
</comp>
<comp>
  <id>Comp:17-5-0</id>
  <CPU>0.582Gf</CPU>
  <RAM>0.746GB</RAM>
  <DISK>0.762GB</DISK>
</comp>
<comp>
  <id>Comp:17-5-1</id>
  <CPU>0.582Gf</CPU>
  <RAM>0.746GB</RAM>
  <DISK>0.762GB</DISK>
</comp>
<comp>
  <id>Comp:17-5-2</id>
  <CPU>0.582Gf</CPU>
  <RAM>0.746GB</RAM>
  <DISK>0.762GB</DISK>
</comp>
<comp>
  <id>Comp:17-5-3</id>
  <CPU>0.582Gf</CPU>
  <RAM>0.746GB</RAM>
  <DISK>0.762GB</DISK>
</comp>
<comp>
  <id>Comp:17-5-4</id>
  <CPU>0.582Gf</CPU>
  <RAM>0.746GB</RAM>
  <DISK>0.762GB</DISK>
</comp>
  <bind>Comp:17-1-0 Comp:17-0-0 0.942MBps 26.1ms</bind>
  <bind>Comp:17-0-0 Comp:17-1-0 0.942MBps 26.1ms</bind>
  <bind>Comp:17-1-0 Comp:17-0-1 0.942MBps 26.1ms</bind>
  <bind>Comp:17-0-1 Comp:17-1-0 0.942MBps 26.1ms</bind>
  <bind>Comp:17-1-0 Comp:17-0-2 0.942MBps 26.1ms</bind>
  <bind>Comp:17-0-2 Comp:17-1-0 0.942MBps 26.1ms</bind>
  <bind>Comp:17-1-0 Comp:17-0-3 0.942MBps 26.1ms</bind>
  <bind>Comp:17-0-3 Comp:17-1-0 0.942MBps 26.1ms</bind>
  <bind>Comp:17-1-0 Comp:17-0-4 0.942MBps 26.1ms</bind>
  <bind>Comp:17-0-4 Comp:17-1-0 0.942MBps 26.1ms</bind>
  <bind>Comp:17-2-0 Comp:17-1-0 0.284MBps 38.9ms</bind>
  <bind>Comp:17-1-0 Comp:17-2-0 0.284MBps 38.9ms</bind>
  <bind>Comp:17-2-1 Comp:17-1-0 0.284MBps 38.9ms</bind>
  <bind>Comp:17-1-0 Comp:17-2-1 0.284MBps 38.9ms</bind>
  <bind>Comp:17-2-2 Comp:17-1-0 0.284MBps 38.9ms</bind>
  <bind>Comp:17-1-0 Comp:17-2-2 0.284MBps 38.9ms</bind>
  <bind>Comp:17-2-3 Comp:17-1-0 0.284MBps 38.9ms</bind>
  <bind>Comp:17-1-0 Comp:17-2-3 0.284MBps 38.9ms</bind>
  <bind>Comp:17-2-4 Comp:17-1-0 0.284MBps 38.9ms</bind>
  <bind>Comp:17-1-0 Comp:17-2-4 0.284MBps 38.9ms</bind>
  <bind>Comp:17-2-5 Comp:17-1-0 0.284MBps 38.9ms</bind>
  <bind>Comp:17-1-0 Comp:17-2-5 0.284MBps 38.9ms</bind>
  <bind>Comp:17-2-6 Comp:17-1-0 0.284MBps 38.9ms</bind>
  <bind>Comp:17-1-0 Comp:17-2-6 0.284MBps 38.9ms</bind>
  <bind>Comp:17-3-0 Comp:17-2-0 0.97MBps 41.0ms</bind>
  <bind>Comp:17-2-0 Comp:17-3-0 0.97MBps 41.0ms</bind>
  <bind>Comp:17-3-1 Comp:17-2-1 0.97MBps 41.0ms</bind>
  <bind>Comp:17-2-1 Comp:17-3-1 0.97MBps 41.0ms</bind>
  <bind>Comp:17-3-2 Comp:17-2-2 0.97MBps 41.0ms</bind>
  <bind>Comp:17-2-2 Comp:17-3-2 0.97MBps 41.0ms</bind>
  <bind>Comp:17-3-0 Comp:17-2-3 0.97MBps 41.0ms</bind>
  <bind>Comp:17-2-3 Comp:17-3-0 0.97MBps 41.0ms</bind>
  <bind>Comp:17-3-1 Comp:17-2-4 0.97MBps 41.0ms</bind>
  <bind>Comp:17-2-4 Comp:17-3-1 0.97MBps 41.0ms</bind>
  <bind>Comp:17-3-2 Comp:17-2-5 0.97MBps 41.0ms</bind>
  <bind>Comp:17-2-5 Comp:17-3-2 0.97MBps 41.0ms</bind>
  <bind>Comp:17-3-0 Comp:17-2-6 0.97MBps 41.0ms</bind>
  <bind>Comp:17-2-6 Comp:17-3-0 0.97MBps 41.0ms</bind>
  <bind>Comp:17-4-0 Comp:17-3-0 0.178MBps 41.0ms</bind>
  <bind>Comp:17-3-0 Comp:17-4-0 0.178MBps 41.0ms</bind>
  <bind>Comp:17-4-1 Comp:17-3-1 0.178MBps 41.0ms</bind>
  <bind>Comp:17-3-1 Comp:17-4-1 0.178MBps 41.0ms</bind>
  <bind>Comp:17-4-2 Comp:17-3-2 0.178MBps 41.0ms</bind>
  <bind>Comp:17-3-2 Comp:17-4-2 0.178MBps 41.0ms</bind>
  <bind>Comp:17-4-3 Comp:17-3-0 0.178MBps 41.0ms</bind>
  <bind>Comp:17-3-0 Comp:17-4-3 0.178MBps 41.0ms</bind>
  <bind>Comp:17-4-4 Comp:17-3-1 0.178MBps 41.0ms</bind>
  <bind>Comp:17-3-1 Comp:17-4-4 0.178MBps 41.0ms</bind>
  <bind>Comp:17-5-0 Comp:17-4-0 0.454MBps 36.8ms</bind>
  <bind>Comp:17-4-0 Comp:17-5-0 0.454MBps 36.8ms</bind>
  <bind>Comp:17-5-1 Comp:17-4-1 0.454MBps 36.8ms</bind>
  <bind>Comp:17-4-1 Comp:17-5-1 0.454MBps 36.8ms</bind>
  <bind>Comp:17-5-2 Comp:17-4-2 0.454MBps 36.8ms</bind>
  <bind>Comp:17-4-2 Comp:17-5-2 0.454MBps 36.8ms</bind>
  <bind>Comp:17-5-3 Comp:17-4-3 0.454MBps 36.8ms</bind>
  <bind>Comp:17-4-3 Comp:17-5-3 0.454MBps 36.8ms</bind>
  <bind>Comp:17-5-4 Comp:17-4-4 0.454MBps 36.8ms</bind>
  <bind>Comp:17-4-4 Comp:17-5-4 0.454MBps 36.8ms</bind>
  <bind>Comp:17-5-0 Appliance-142 0.858MBps 35.5ms</bind>
  <bind>Appliance-142 Comp:17-5-0 0.858MBps 35.5ms</bind>
  <bind>Comp:17-5-1 Appliance-75 0.858MBps 35.5ms</bind>
  <bind>Appliance-75 Comp:17-5-1 0.858MBps 35.5ms</bind>
  <bind>Comp:17-5-2 Appliance-275 0.858MBps 35.5ms</bind>
  <bind>Appliance-275 Comp:17-5-2 0.858MBps 35.5ms</bind>
  <bind>Comp:17-5-3 Appliance-333 0.858MBps 35.5ms</bind>
  <bind>Appliance-333 Comp:17-5-3 0.858MBps 35.5ms</bind>
  <bind>Comp:17-5-4 Appliance-180 0.858MBps 35.5ms</bind>
  <bind>Appliance-180 Comp:17-5-4 0.858MBps 35.5ms</bind>
  <bind>Comp:17-5-0 Appliance-203 0.858MBps 35.5ms</bind>
  <bind>Appliance-203 Comp:17-5-0 0.858MBps 35.5ms</bind>
  <bind>Comp:17-5-1 Appliance-315 0.858MBps 35.5ms</bind>
  <bind>Appliance-315 Comp:17-5-1 0.858MBps 35.5ms</bind>
  <bind>Comp:17-5-2 Appliance-273 0.858MBps 35.5ms</bind>
  <bind>Appliance-273 Comp:17-5-2 0.858MBps 35.5ms</bind>
</app>
<app>
  <id>App18</id>
<comp>
  <id>Comp:18-0-0</id>
  <CPU>0.222Gf</CPU>
  <RAM>0.882GB</RAM>
  <DISK>0.301GB</DISK>
</comp>
<comp>
  <id>Comp:18-1-0</id>
  <CPU>0.58Gf</CPU>
  <RAM>0.627GB</RAM>
  <DISK>0.459GB</DISK>
</comp>
<comp>
  <id>Comp:18-1-1</id>
  <CPU>0.58Gf</CPU>
  <RAM>0.627GB</RAM>
  <DISK>0.459GB</DISK>
</comp>
<comp>
  <id>Comp:18-1-2</id>
  <CPU>0.58Gf</CPU>
  <RAM>0.627GB</RAM>
  <DISK>0.459GB</DISK>
</comp>
<comp>
  <id>Comp:18-1-3</id>
  <CPU>0.58Gf</CPU>
  <RAM>0.627GB</RAM>
  <DISK>0.459GB</DISK>
</comp>
<comp>
  <id>Comp:18-1-4</id>
  <CPU>0.58Gf</CPU>
  <RAM>0.627GB</RAM>
  <DISK>0.459GB</DISK>
</comp>
<comp>
  <id>Comp:18-1-5</id>
  <CPU>0.58Gf</CPU>
  <RAM>0.627GB</RAM>
  <DISK>0.459GB</DISK>
</comp>
<comp>
  <id>Comp:18-1-6</id>
  <CPU>0.58Gf</CPU>
  <RAM>0.627GB</RAM>
  <DISK>0.459GB</DISK>
</comp>
<comp>
  <id>Comp:18-1-7</id>
  <CPU>0.58Gf</CPU>
  <RAM>0.627GB</RAM>
  <DISK>0.459GB</DISK>
</comp>
<comp>
  <id>Comp:18-1-8</id>
  <CPU>0.58Gf</CPU>
  <RAM>0.627GB</RAM>
  <DISK>0.459GB</DISK>
</comp>
<comp>
  <id>Comp:18-2-0</id>
  <CPU>0.273Gf</CPU>
  <RAM>0.728GB</RAM>
  <DISK>1.19GB</DISK>
</comp>
<comp>
  <id>Comp:18-2-1</id>
  <CPU>0.273Gf</CPU>
  <RAM>0.728GB</RAM>
  <DISK>1.19GB</DISK>
</comp>
<comp>
  <id>Comp:18-2-2</id>
  <CPU>0.273Gf</CPU>
  <RAM>0.728GB</RAM>
  <DISK>1.19GB</DISK>
</comp>
<comp>
  <id>Comp:18-2-3</id>
  <CPU>0.273Gf</CPU>
  <RAM>0.728GB</RAM>
  <DISK>1.19GB</DISK>
</comp>
<comp>
  <id>Comp:18-2-4</id>
  <CPU>0.273Gf</CPU>
  <RAM>0.728GB</RAM>
  <DISK>1.19GB</DISK>
</comp>
<comp>
  <id>Comp:18-3-0</id>
  <CPU>0.611Gf</CPU>
  <RAM>0.237GB</RAM>
  <DISK>0.328GB</DISK>
</comp>
<comp>
  <id>Comp:18-3-1</id>
  <CPU>0.611Gf</CPU>
  <RAM>0.237GB</RAM>
  <DISK>0.328GB</DISK>
</comp>
  <bind>Comp:18-1-0 Comp:18-0-0 0.612MBps 26.4ms</bind>
  <bind>Comp:18-0-0 Comp:18-1-0 0.612MBps 26.4ms</bind>
  <bind>Comp:18-1-1 Comp:18-0-0 0.612MBps 26.4ms</bind>
  <bind>Comp:18-0-0 Comp:18-1-1 0.612MBps 26.4ms</bind>
  <bind>Comp:18-1-2 Comp:18-0-0 0.612MBps 26.4ms</bind>
  <bind>Comp:18-0-0 Comp:18-1-2 0.612MBps 26.4ms</bind>
  <bind>Comp:18-1-3 Comp:18-0-0 0.612MBps 26.4ms</bind>
  <bind>Comp:18-0-0 Comp:18-1-3 0.612MBps 26.4ms</bind>
  <bind>Comp:18-1-4 Comp:18-0-0 0.612MBps 26.4ms</bind>
  <bind>Comp:18-0-0 Comp:18-1-4 0.612MBps 26.4ms</bind>
  <bind>Comp:18-1-5 Comp:18-0-0 0.612MBps 26.4ms</bind>
  <bind>Comp:18-0-0 Comp:18-1-5 0.612MBps 26.4ms</bind>
  <bind>Comp:18-1-6 Comp:18-0-0 0.612MBps 26.4ms</bind>
  <bind>Comp:18-0-0 Comp:18-1-6 0.612MBps 26.4ms</bind>
  <bind>Comp:18-1-7 Comp:18-0-0 0.612MBps 26.4ms</bind>
  <bind>Comp:18-0-0 Comp:18-1-7 0.612MBps 26.4ms</bind>
  <bind>Comp:18-1-8 Comp:18-0-0 0.612MBps 26.4ms</bind>
  <bind>Comp:18-0-0 Comp:18-1-8 0.612MBps 26.4ms</bind>
  <bind>Comp:18-2-0 Comp:18-1-0 0.241MBps 42.1ms</bind>
  <bind>Comp:18-1-0 Comp:18-2-0 0.241MBps 42.1ms</bind>
  <bind>Comp:18-2-1 Comp:18-1-1 0.241MBps 42.1ms</bind>
  <bind>Comp:18-1-1 Comp:18-2-1 0.241MBps 42.1ms</bind>
  <bind>Comp:18-2-2 Comp:18-1-2 0.241MBps 42.1ms</bind>
  <bind>Comp:18-1-2 Comp:18-2-2 0.241MBps 42.1ms</bind>
  <bind>Comp:18-2-3 Comp:18-1-3 0.241MBps 42.1ms</bind>
  <bind>Comp:18-1-3 Comp:18-2-3 0.241MBps 42.1ms</bind>
  <bind>Comp:18-2-4 Comp:18-1-4 0.241MBps 42.1ms</bind>
  <bind>Comp:18-1-4 Comp:18-2-4 0.241MBps 42.1ms</bind>
  <bind>Comp:18-2-0 Comp:18-1-5 0.241MBps 42.1ms</bind>
  <bind>Comp:18-1-5 Comp:18-2-0 0.241MBps 42.1ms</bind>
  <bind>Comp:18-2-1 Comp:18-1-6 0.241MBps 42.1ms</bind>
  <bind>Comp:18-1-6 Comp:18-2-1 0.241MBps 42.1ms</bind>
  <bind>Comp:18-2-2 Comp:18-1-7 0.241MBps 42.1ms</bind>
  <bind>Comp:18-1-7 Comp:18-2-2 0.241MBps 42.1ms</bind>
  <bind>Comp:18-2-3 Comp:18-1-8 0.241MBps 42.1ms</bind>
  <bind>Comp:18-1-8 Comp:18-2-3 0.241MBps 42.1ms</bind>
  <bind>Comp:18-3-0 Comp:18-2-0 0.0203MBps 33.7ms</bind>
  <bind>Comp:18-2-0 Comp:18-3-0 0.0203MBps 33.7ms</bind>
  <bind>Comp:18-3-1 Comp:18-2-1 0.0203MBps 33.7ms</bind>
  <bind>Comp:18-2-1 Comp:18-3-1 0.0203MBps 33.7ms</bind>
  <bind>Comp:18-3-0 Comp:18-2-2 0.0203MBps 33.7ms</bind>
  <bind>Comp:18-2-2 Comp:18-3-0 0.0203MBps 33.7ms</bind>
  <bind>Comp:18-3-1 Comp:18-2-3 0.0203MBps 33.7ms</bind>
  <bind>Comp:18-2-3 Comp:18-3-1 0.0203MBps 33.7ms</bind>
  <bind>Comp:18-3-0 Comp:18-2-4 0.0203MBps 33.7ms</bind>
  <bind>Comp:18-2-4 Comp:18-3-0 0.0203MBps 33.7ms</bind>
  <bind>Comp:18-3-0 Appliance-61 0.294MBps 38.4ms</bind>
  <bind>Appliance-61 Comp:18-3-0 0.294MBps 38.4ms</bind>
  <bind>Comp:18-3-1 Appliance-137 0.294MBps 38.4ms</bind>
  <bind>Appliance-137 Comp:18-3-1 0.294MBps 38.4ms</bind>
  <bind>Comp:18-3-0 Appliance-18 0.294MBps 38.4ms</bind>
  <bind>Appliance-18 Comp:18-3-0 0.294MBps 38.4ms</bind>
  <bind>Comp:18-3-1 Appliance-300 0.294MBps 38.4ms</bind>
  <bind>Appliance-300 Comp:18-3-1 0.294MBps 38.4ms</bind>
</app>
</apps>
