<?xml version="1.0"?>
<apps>
<app>
  <id>App1</id>
<comp>
  <id>Comp:1-0-0</id>
  <CPU>0.151Gf</CPU>
  <RAM>0.413GB</RAM>
  <DISK>1.47GB</DISK>
</comp>
<comp>
  <id>Comp:1-0-1</id>
  <CPU>0.151Gf</CPU>
  <RAM>0.413GB</RAM>
  <DISK>1.47GB</DISK>
</comp>
<comp>
  <id>Comp:1-0-2</id>
  <CPU>0.151Gf</CPU>
  <RAM>0.413GB</RAM>
  <DISK>1.47GB</DISK>
</comp>
<comp>
  <id>Comp:1-0-3</id>
  <CPU>0.151Gf</CPU>
  <RAM>0.413GB</RAM>
  <DISK>1.47GB</DISK>
</comp>
<comp>
  <id>Comp:1-1-0</id>
  <CPU>0.449Gf</CPU>
  <RAM>0.523GB</RAM>
  <DISK>1.93GB</DISK>
</comp>
<comp>
  <id>Comp:1-1-1</id>
  <CPU>0.449Gf</CPU>
  <RAM>0.523GB</RAM>
  <DISK>1.93GB</DISK>
</comp>
<comp>
  <id>Comp:1-1-2</id>
  <CPU>0.449Gf</CPU>
  <RAM>0.523GB</RAM>
  <DISK>1.93GB</DISK>
</comp>
<comp>
  <id>Comp:1-1-3</id>
  <CPU>0.449Gf</CPU>
  <RAM>0.523GB</RAM>
  <DISK>1.93GB</DISK>
</comp>
<comp>
  <id>Comp:1-1-4</id>
  <CPU>0.449Gf</CPU>
  <RAM>0.523GB</RAM>
  <DISK>1.93GB</DISK>
</comp>
  <bind>Comp:1-1-0 Comp:1-0-0 0.845MBps 44.0ms</bind>
  <bind>Comp:1-0-0 Comp:1-1-0 0.845MBps 44.0ms</bind>
  <bind>Comp:1-1-1 Comp:1-0-1 0.845MBps 44.0ms</bind>
  <bind>Comp:1-0-1 Comp:1-1-1 0.845MBps 44.0ms</bind>
  <bind>Comp:1-1-2 Comp:1-0-2 0.845MBps 44.0ms</bind>
  <bind>Comp:1-0-2 Comp:1-1-2 0.845MBps 44.0ms</bind>
  <bind>Comp:1-1-3 Comp:1-0-3 0.845MBps 44.0ms</bind>
  <bind>Comp:1-0-3 Comp:1-1-3 0.845MBps 44.0ms</bind>
  <bind>Comp:1-1-4 Comp:1-0-0 0.845MBps 44.0ms</bind>
  <bind>Comp:1-0-0 Comp:1-1-4 0.845MBps 44.0ms</bind>
  <bind>Comp:1-1-0 Appliance-12 0.0258MBps 48.8ms</bind>
  <bind>Appliance-12 Comp:1-1-0 0.0258MBps 48.8ms</bind>
  <bind>Comp:1-1-1 Appliance-38 0.0258MBps 48.8ms</bind>
  <bind>Appliance-38 Comp:1-1-1 0.0258MBps 48.8ms</bind>
  <bind>Comp:1-1-2 Appliance-12 0.0258MBps 48.8ms</bind>
  <bind>Appliance-12 Comp:1-1-2 0.0258MBps 48.8ms</bind>
  <bind>Comp:1-1-3 Appliance-24 0.0258MBps 48.8ms</bind>
  <bind>Appliance-24 Comp:1-1-3 0.0258MBps 48.8ms</bind>
  <bind>Comp:1-1-4 Appliance-35 0.0258MBps 48.8ms</bind>
  <bind>Appliance-35 Comp:1-1-4 0.0258MBps 48.8ms</bind>
  <bind>Comp:1-1-0 Appliance-20 0.0258MBps 48.8ms</bind>
  <bind>Appliance-20 Comp:1-1-0 0.0258MBps 48.8ms</bind>
  <bind>Comp:1-1-1 Appliance-24 0.0258MBps 48.8ms</bind>
  <bind>Appliance-24 Comp:1-1-1 0.0258MBps 48.8ms</bind>
  <bind>Comp:1-1-2 Appliance-20 0.0258MBps 48.8ms</bind>
  <bind>Appliance-20 Comp:1-1-2 0.0258MBps 48.8ms</bind>
</app>
<app>
  <id>App10</id>
<comp>
  <id>Comp:10-1-0</id>
  <CPU>0.494Gf</CPU>
  <RAM>0.173GB</RAM>
  <DISK>0.672GB</DISK>
</comp>
<comp>
  <id>Comp:10-1-1</id>
  <CPU>0.494Gf</CPU>
  <RAM>0.173GB</RAM>
  <DISK>0.672GB</DISK>
</comp>
<comp>
  <id>Comp:10-2-0</id>
  <CPU>0.857Gf</CPU>
  <RAM>0.739GB</RAM>
  <DISK>0.344GB</DISK>
</comp>
<comp>
  <id>Comp:10-2-1</id>
  <CPU>0.857Gf</CPU>
  <RAM>0.739GB</RAM>
  <DISK>0.344GB</DISK>
</comp>
<comp>
  <id>Comp:10-2-2</id>
  <CPU>0.857Gf</CPU>
  <RAM>0.739GB</RAM>
  <DISK>0.344GB</DISK>
</comp>
<comp>
  <id>Comp:10-2-3</id>
  <CPU>0.857Gf</CPU>
  <RAM>0.739GB</RAM>
  <DISK>0.344GB</DISK>
</comp>
<comp>
  <id>Comp:10-2-4</id>
  <CPU>0.857Gf</CPU>
  <RAM>0.739GB</RAM>
  <DISK>0.344GB</DISK>
</comp>
<comp>
  <id>Comp:10-2-5</id>
  <CPU>0.857Gf</CPU>
  <RAM>0.739GB</RAM>
  <DISK>0.344GB</DISK>
</comp>
<comp>
  <id>Comp:10-3-0</id>
  <CPU>0.244Gf</CPU>
  <RAM>0.725GB</RAM>
  <DISK>1.44GB</DISK>
</comp>
<comp>
  <id>Comp:10-3-1</id>
  <CPU>0.244Gf</CPU>
  <RAM>0.725GB</RAM>
  <DISK>1.44GB</DISK>
</comp>
<comp>
  <id>Comp:10-3-2</id>
  <CPU>0.244Gf</CPU>
  <RAM>0.725GB</RAM>
  <DISK>1.44GB</DISK>
</comp>
<comp>
  <id>Comp:10-3-3</id>
  <CPU>0.244Gf</CPU>
  <RAM>0.725GB</RAM>
  <DISK>1.44GB</DISK>
</comp>
<comp>
  <id>Comp:10-3-4</id>
  <CPU>0.244Gf</CPU>
  <RAM>0.725GB</RAM>
  <DISK>1.44GB</DISK>
</comp>
<comp>
  <id>Comp:10-3-5</id>
  <CPU>0.244Gf</CPU>
  <RAM>0.725GB</RAM>
  <DISK>1.44GB</DISK>
</comp>
<comp>
  <id>Comp:10-3-6</id>
  <CPU>0.244Gf</CPU>
  <RAM>0.725GB</RAM>
  <DISK>1.44GB</DISK>
</comp>
<comp>
  <id>Comp:10-3-7</id>
  <CPU>0.244Gf</CPU>
  <RAM>0.725GB</RAM>
  <DISK>1.44GB</DISK>
</comp>
  <bind>Comp:10-1-0 Appliance-29 0.539MBps 46.2ms</bind>
  <bind>Appliance-29 Comp:10-1-0 0.539MBps 46.2ms</bind>
  <bind>Comp:10-1-1 Appliance-17 0.539MBps 46.2ms</bind>
  <bind>Appliance-17 Comp:10-1-1 0.539MBps 46.2ms</bind>
  <bind>Comp:10-1-0 Appliance-11 0.539MBps 46.2ms</bind>
  <bind>Appliance-11 Comp:10-1-0 0.539MBps 46.2ms</bind>
  <bind>Comp:10-2-0 Comp:10-1-0 0.3MBps 34.4ms</bind>
  <bind>Comp:10-1-0 Comp:10-2-0 0.3MBps 34.4ms</bind>
  <bind>Comp:10-2-1 Comp:10-1-1 0.3MBps 34.4ms</bind>
  <bind>Comp:10-1-1 Comp:10-2-1 0.3MBps 34.4ms</bind>
  <bind>Comp:10-2-2 Comp:10-1-0 0.3MBps 34.4ms</bind>
  <bind>Comp:10-1-0 Comp:10-2-2 0.3MBps 34.4ms</bind>
  <bind>Comp:10-2-3 Comp:10-1-1 0.3MBps 34.4ms</bind>
  <bind>Comp:10-1-1 Comp:10-2-3 0.3MBps 34.4ms</bind>
  <bind>Comp:10-2-4 Comp:10-1-0 0.3MBps 34.4ms</bind>
  <bind>Comp:10-1-0 Comp:10-2-4 0.3MBps 34.4ms</bind>
  <bind>Comp:10-2-5 Comp:10-1-1 0.3MBps 34.4ms</bind>
  <bind>Comp:10-1-1 Comp:10-2-5 0.3MBps 34.4ms</bind>
  <bind>Comp:10-3-0 Comp:10-2-0 0.319MBps 40.1ms</bind>
  <bind>Comp:10-2-0 Comp:10-3-0 0.319MBps 40.1ms</bind>
  <bind>Comp:10-3-1 Comp:10-2-1 0.319MBps 40.1ms</bind>
  <bind>Comp:10-2-1 Comp:10-3-1 0.319MBps 40.1ms</bind>
  <bind>Comp:10-3-2 Comp:10-2-2 0.319MBps 40.1ms</bind>
  <bind>Comp:10-2-2 Comp:10-3-2 0.319MBps 40.1ms</bind>
  <bind>Comp:10-3-3 Comp:10-2-3 0.319MBps 40.1ms</bind>
  <bind>Comp:10-2-3 Comp:10-3-3 0.319MBps 40.1ms</bind>
  <bind>Comp:10-3-4 Comp:10-2-4 0.319MBps 40.1ms</bind>
  <bind>Comp:10-2-4 Comp:10-3-4 0.319MBps 40.1ms</bind>
  <bind>Comp:10-3-5 Comp:10-2-5 0.319MBps 40.1ms</bind>
  <bind>Comp:10-2-5 Comp:10-3-5 0.319MBps 40.1ms</bind>
  <bind>Comp:10-3-6 Comp:10-2-0 0.319MBps 40.1ms</bind>
  <bind>Comp:10-2-0 Comp:10-3-6 0.319MBps 40.1ms</bind>
  <bind>Comp:10-3-7 Comp:10-2-1 0.319MBps 40.1ms</bind>
  <bind>Comp:10-2-1 Comp:10-3-7 0.319MBps 40.1ms</bind>
  <bind>Comp:10-3-0 Appliance-1 0.993MBps 40.4ms</bind>
  <bind>Appliance-1 Comp:10-3-0 0.993MBps 40.4ms</bind>
  <bind>Comp:10-3-1 Appliance-32 0.993MBps 40.4ms</bind>
  <bind>Appliance-32 Comp:10-3-1 0.993MBps 40.4ms</bind>
  <bind>Comp:10-3-2 Appliance-13 0.993MBps 40.4ms</bind>
  <bind>Appliance-13 Comp:10-3-2 0.993MBps 40.4ms</bind>
  <bind>Comp:10-3-3 Appliance-1 0.993MBps 40.4ms</bind>
  <bind>Appliance-1 Comp:10-3-3 0.993MBps 40.4ms</bind>
  <bind>Comp:10-3-4 Appliance-32 0.993MBps 40.4ms</bind>
  <bind>Appliance-32 Comp:10-3-4 0.993MBps 40.4ms</bind>
  <bind>Comp:10-3-5 Appliance-13 0.993MBps 40.4ms</bind>
  <bind>Appliance-13 Comp:10-3-5 0.993MBps 40.4ms</bind>
  <bind>Comp:10-3-6 Appliance-1 0.993MBps 40.4ms</bind>
  <bind>Appliance-1 Comp:10-3-6 0.993MBps 40.4ms</bind>
  <bind>Comp:10-3-7 Appliance-32 0.993MBps 40.4ms</bind>
  <bind>Appliance-32 Comp:10-3-7 0.993MBps 40.4ms</bind>
</app>
<app>
  <id>App11</id>
<comp>
  <id>Comp:11-1-0</id>
  <CPU>0.452Gf</CPU>
  <RAM>0.157GB</RAM>
  <DISK>0.294GB</DISK>
</comp>
<comp>
  <id>Comp:11-1-1</id>
  <CPU>0.452Gf</CPU>
  <RAM>0.157GB</RAM>
  <DISK>0.294GB</DISK>
</comp>
<comp>
  <id>Comp:11-2-0</id>
  <CPU>0.854Gf</CPU>
  <RAM>0.922GB</RAM>
  <DISK>1.09GB</DISK>
</comp>
<comp>
  <id>Comp:11-2-1</id>
  <CPU>0.854Gf</CPU>
  <RAM>0.922GB</RAM>
  <DISK>1.09GB</DISK>
</comp>
<comp>
  <id>Comp:11-2-2</id>
  <CPU>0.854Gf</CPU>
  <RAM>0.922GB</RAM>
  <DISK>1.09GB</DISK>
</comp>
<comp>
  <id>Comp:11-2-3</id>
  <CPU>0.854Gf</CPU>
  <RAM>0.922GB</RAM>
  <DISK>1.09GB</DISK>
</comp>
<comp>
  <id>Comp:11-2-4</id>
  <CPU>0.854Gf</CPU>
  <RAM>0.922GB</RAM>
  <DISK>1.09GB</DISK>
</comp>
<comp>
  <id>Comp:11-2-5</id>
  <CPU>0.854Gf</CPU>
  <RAM>0.922GB</RAM>
  <DISK>1.09GB</DISK>
</comp>
<comp>
  <id>Comp:11-2-6</id>
  <CPU>0.854Gf</CPU>
  <RAM>0.922GB</RAM>
  <DISK>1.09GB</DISK>
</comp>
<comp>
  <id>Comp:11-2-7</id>
  <CPU>0.854Gf</CPU>
  <RAM>0.922GB</RAM>
  <DISK>1.09GB</DISK>
</comp>
<comp>
  <id>Comp:11-2-8</id>
  <CPU>0.854Gf</CPU>
  <RAM>0.922GB</RAM>
  <DISK>1.09GB</DISK>
</comp>
<comp>
  <id>Comp:11-2-9</id>
  <CPU>0.854Gf</CPU>
  <RAM>0.922GB</RAM>
  <DISK>1.09GB</DISK>
</comp>
<comp>
  <id>Comp:11-3-0</id>
  <CPU>0.302Gf</CPU>
  <RAM>0.656GB</RAM>
  <DISK>0.019GB</DISK>
</comp>
  <bind>Comp:11-1-0 Appliance-8 0.706MBps 47.3ms</bind>
  <bind>Appliance-8 Comp:11-1-0 0.706MBps 47.3ms</bind>
  <bind>Comp:11-1-1 Appliance-0 0.706MBps 47.3ms</bind>
  <bind>Appliance-0 Comp:11-1-1 0.706MBps 47.3ms</bind>
  <bind>Comp:11-1-0 Appliance-18 0.706MBps 47.3ms</bind>
  <bind>Appliance-18 Comp:11-1-0 0.706MBps 47.3ms</bind>
  <bind>Comp:11-2-0 Comp:11-1-0 0.179MBps 49.3ms</bind>
  <bind>Comp:11-1-0 Comp:11-2-0 0.179MBps 49.3ms</bind>
  <bind>Comp:11-2-1 Comp:11-1-1 0.179MBps 49.3ms</bind>
  <bind>Comp:11-1-1 Comp:11-2-1 0.179MBps 49.3ms</bind>
  <bind>Comp:11-2-2 Comp:11-1-0 0.179MBps 49.3ms</bind>
  <bind>Comp:11-1-0 Comp:11-2-2 0.179MBps 49.3ms</bind>
  <bind>Comp:11-2-3 Comp:11-1-1 0.179MBps 49.3ms</bind>
  <bind>Comp:11-1-1 Comp:11-2-3 0.179MBps 49.3ms</bind>
  <bind>Comp:11-2-4 Comp:11-1-0 0.179MBps 49.3ms</bind>
  <bind>Comp:11-1-0 Comp:11-2-4 0.179MBps 49.3ms</bind>
  <bind>Comp:11-2-5 Comp:11-1-1 0.179MBps 49.3ms</bind>
  <bind>Comp:11-1-1 Comp:11-2-5 0.179MBps 49.3ms</bind>
  <bind>Comp:11-2-6 Comp:11-1-0 0.179MBps 49.3ms</bind>
  <bind>Comp:11-1-0 Comp:11-2-6 0.179MBps 49.3ms</bind>
  <bind>Comp:11-2-7 Comp:11-1-1 0.179MBps 49.3ms</bind>
  <bind>Comp:11-1-1 Comp:11-2-7 0.179MBps 49.3ms</bind>
  <bind>Comp:11-2-8 Comp:11-1-0 0.179MBps 49.3ms</bind>
  <bind>Comp:11-1-0 Comp:11-2-8 0.179MBps 49.3ms</bind>
  <bind>Comp:11-2-9 Comp:11-1-1 0.179MBps 49.3ms</bind>
  <bind>Comp:11-1-1 Comp:11-2-9 0.179MBps 49.3ms</bind>
  <bind>Comp:11-2-0 Comp:11-3-0 0.261MBps 35.3ms</bind>
  <bind>Comp:11-3-0 Comp:11-2-0 0.261MBps 35.3ms</bind>
  <bind>Comp:11-2-1 Comp:11-3-0 0.261MBps 35.3ms</bind>
  <bind>Comp:11-3-0 Comp:11-2-1 0.261MBps 35.3ms</bind>
  <bind>Comp:11-2-2 Comp:11-3-0 0.261MBps 35.3ms</bind>
  <bind>Comp:11-3-0 Comp:11-2-2 0.261MBps 35.3ms</bind>
  <bind>Comp:11-2-3 Comp:11-3-0 0.261MBps 35.3ms</bind>
  <bind>Comp:11-3-0 Comp:11-2-3 0.261MBps 35.3ms</bind>
  <bind>Comp:11-2-4 Comp:11-3-0 0.261MBps 35.3ms</bind>
  <bind>Comp:11-3-0 Comp:11-2-4 0.261MBps 35.3ms</bind>
  <bind>Comp:11-2-5 Comp:11-3-0 0.261MBps 35.3ms</bind>
  <bind>Comp:11-3-0 Comp:11-2-5 0.261MBps 35.3ms</bind>
  <bind>Comp:11-2-6 Comp:11-3-0 0.261MBps 35.3ms</bind>
  <bind>Comp:11-3-0 Comp:11-2-6 0.261MBps 35.3ms</bind>
  <bind>Comp:11-2-7 Comp:11-3-0 0.261MBps 35.3ms</bind>
  <bind>Comp:11-3-0 Comp:11-2-7 0.261MBps 35.3ms</bind>
  <bind>Comp:11-2-8 Comp:11-3-0 0.261MBps 35.3ms</bind>
  <bind>Comp:11-3-0 Comp:11-2-8 0.261MBps 35.3ms</bind>
  <bind>Comp:11-2-9 Comp:11-3-0 0.261MBps 35.3ms</bind>
  <bind>Comp:11-3-0 Comp:11-2-9 0.261MBps 35.3ms</bind>
</app>
<app>
  <id>App12</id>
<comp>
  <id>Comp:12-1-0</id>
  <CPU>0.9Gf</CPU>
  <RAM>0.192GB</RAM>
  <DISK>1.67GB</DISK>
</comp>
<comp>
  <id>Comp:12-1-1</id>
  <CPU>0.9Gf</CPU>
  <RAM>0.192GB</RAM>
  <DISK>1.67GB</DISK>
</comp>
<comp>
  <id>Comp:12-2-0</id>
  <CPU>0.816Gf</CPU>
  <RAM>0.243GB</RAM>
  <DISK>0.603GB</DISK>
</comp>
<comp>
  <id>Comp:12-2-1</id>
  <CPU>0.816Gf</CPU>
  <RAM>0.243GB</RAM>
  <DISK>0.603GB</DISK>
</comp>
<comp>
  <id>Comp:12-2-2</id>
  <CPU>0.816Gf</CPU>
  <RAM>0.243GB</RAM>
  <DISK>0.603GB</DISK>
</comp>
<comp>
  <id>Comp:12-2-3</id>
  <CPU>0.816Gf</CPU>
  <RAM>0.243GB</RAM>
  <DISK>0.603GB</DISK>
</comp>
<comp>
  <id>Comp:12-2-4</id>
  <CPU>0.816Gf</CPU>
  <RAM>0.243GB</RAM>
  <DISK>0.603GB</DISK>
</comp>
<comp>
  <id>Comp:12-2-5</id>
  <CPU>0.816Gf</CPU>
  <RAM>0.243GB</RAM>
  <DISK>0.603GB</DISK>
</comp>
<comp>
  <id>Comp:12-3-0</id>
  <CPU>0.303Gf</CPU>
  <RAM>0.594GB</RAM>
  <DISK>1.41GB</DISK>
</comp>
<comp>
  <id>Comp:12-3-1</id>
  <CPU>0.303Gf</CPU>
  <RAM>0.594GB</RAM>
  <DISK>1.41GB</DISK>
</comp>
<comp>
  <id>Comp:12-3-2</id>
  <CPU>0.303Gf</CPU>
  <RAM>0.594GB</RAM>
  <DISK>1.41GB</DISK>
</comp>
<comp>
  <id>Comp:12-3-3</id>
  <CPU>0.303Gf</CPU>
  <RAM>0.594GB</RAM>
  <DISK>1.41GB</DISK>
</comp>
<comp>
  <id>Comp:12-4-0</id>
  <CPU>0.813Gf</CPU>
  <RAM>0.729GB</RAM>
  <DISK>0.477GB</DISK>
</comp>
<comp>
  <id>Comp:12-4-1</id>
  <CPU>0.813Gf</CPU>
  <RAM>0.729GB</RAM>
  <DISK>0.477GB</DISK>
</comp>
<comp>
  <id>Comp:12-4-2</id>
  <CPU>0.813Gf</CPU>
  <RAM>0.729GB</RAM>
  <DISK>0.477GB</DISK>
</comp>
<comp>
  <id>Comp:12-4-3</id>
  <CPU>0.813Gf</CPU>
  <RAM>0.729GB</RAM>
  <DISK>0.477GB</DISK>
</comp>
<comp>
  <id>Comp:12-4-4</id>
  <CPU>0.813Gf</CPU>
  <RAM>0.729GB</RAM>
  <DISK>0.477GB</DISK>
</comp>
<comp>
  <id>Comp:12-4-5</id>
  <CPU>0.813Gf</CPU>
  <RAM>0.729GB</RAM>
  <DISK>0.477GB</DISK>
</comp>
<comp>
  <id>Comp:12-4-6</id>
  <CPU>0.813Gf</CPU>
  <RAM>0.729GB</RAM>
  <DISK>0.477GB</DISK>
</comp>
<comp>
  <id>Comp:12-4-7</id>
  <CPU>0.813Gf</CPU>
  <RAM>0.729GB</RAM>
  <DISK>0.477GB</DISK>
</comp>
<comp>
  <id>Comp:12-5-0</id>
  <CPU>0.76Gf</CPU>
  <RAM>0.731GB</RAM>
  <DISK>0.098GB</DISK>
</comp>
<comp>
  <id>Comp:12-5-1</id>
  <CPU>0.76Gf</CPU>
  <RAM>0.731GB</RAM>
  <DISK>0.098GB</DISK>
</comp>
<comp>
  <id>Comp:12-5-2</id>
  <CPU>0.76Gf</CPU>
  <RAM>0.731GB</RAM>
  <DISK>0.098GB</DISK>
</comp>
<comp>
  <id>Comp:12-5-3</id>
  <CPU>0.76Gf</CPU>
  <RAM>0.731GB</RAM>
  <DISK>0.098GB</DISK>
</comp>
<comp>
  <id>Comp:12-5-4</id>
  <CPU>0.76Gf</CPU>
  <RAM>0.731GB</RAM>
  <DISK>0.098GB</DISK>
</comp>
<comp>
  <id>Comp:12-5-5</id>
  <CPU>0.76Gf</CPU>
  <RAM>0.731GB</RAM>
  <DISK>0.098GB</DISK>
</comp>
<comp>
  <id>Comp:12-5-6</id>
  <CPU>0.76Gf</CPU>
  <RAM>0.731GB</RAM>
  <DISK>0.098GB</DISK>
</comp>
<comp>
  <id>Comp:12-5-7</id>
  <CPU>0.76Gf</CPU>
  <RAM>0.731GB</RAM>
  <DISK>0.098GB</DISK>
</comp>
<comp>
  <id>Comp:12-5-8</id>
  <CPU>0.76Gf</CPU>
  <RAM>0.731GB</RAM>
  <DISK>0.098GB</DISK>
</comp>
  <bind>Comp:12-1-0 Appliance-28 0.802MBps 40.1ms</bind>
  <bind>Appliance-28 Comp:12-1-0 0.802MBps 40.1ms</bind>
  <bind>Comp:12-1-1 Appliance-34 0.802MBps 40.1ms</bind>
  <bind>Appliance-34 Comp:12-1-1 0.802MBps 40.1ms</bind>
  <bind>Comp:12-1-0 Appliance-19 0.802MBps 40.1ms</bind>
  <bind>Appliance-19 Comp:12-1-0 0.802MBps 40.1ms</bind>
  <bind>Comp:12-1-1 Appliance-34 0.802MBps 40.1ms</bind>
  <bind>Appliance-34 Comp:12-1-1 0.802MBps 40.1ms</bind>
  <bind>Comp:12-1-0 Appliance-24 0.802MBps 40.1ms</bind>
  <bind>Appliance-24 Comp:12-1-0 0.802MBps 40.1ms</bind>
  <bind>Comp:12-1-1 Appliance-38 0.802MBps 40.1ms</bind>
  <bind>Appliance-38 Comp:12-1-1 0.802MBps 40.1ms</bind>
  <bind>Comp:12-1-0 Appliance-24 0.802MBps 40.1ms</bind>
  <bind>Appliance-24 Comp:12-1-0 0.802MBps 40.1ms</bind>
  <bind>Comp:12-2-0 Comp:12-1-0 0.837MBps 37.1ms</bind>
  <bind>Comp:12-1-0 Comp:12-2-0 0.837MBps 37.1ms</bind>
  <bind>Comp:12-2-1 Comp:12-1-1 0.837MBps 37.1ms</bind>
  <bind>Comp:12-1-1 Comp:12-2-1 0.837MBps 37.1ms</bind>
  <bind>Comp:12-2-2 Comp:12-1-0 0.837MBps 37.1ms</bind>
  <bind>Comp:12-1-0 Comp:12-2-2 0.837MBps 37.1ms</bind>
  <bind>Comp:12-2-3 Comp:12-1-1 0.837MBps 37.1ms</bind>
  <bind>Comp:12-1-1 Comp:12-2-3 0.837MBps 37.1ms</bind>
  <bind>Comp:12-2-4 Comp:12-1-0 0.837MBps 37.1ms</bind>
  <bind>Comp:12-1-0 Comp:12-2-4 0.837MBps 37.1ms</bind>
  <bind>Comp:12-2-5 Comp:12-1-1 0.837MBps 37.1ms</bind>
  <bind>Comp:12-1-1 Comp:12-2-5 0.837MBps 37.1ms</bind>
  <bind>Comp:12-3-0 Comp:12-2-0 0.0846MBps 46.6ms</bind>
  <bind>Comp:12-2-0 Comp:12-3-0 0.0846MBps 46.6ms</bind>
  <bind>Comp:12-3-1 Comp:12-2-1 0.0846MBps 46.6ms</bind>
  <bind>Comp:12-2-1 Comp:12-3-1 0.0846MBps 46.6ms</bind>
  <bind>Comp:12-3-2 Comp:12-2-2 0.0846MBps 46.6ms</bind>
  <bind>Comp:12-2-2 Comp:12-3-2 0.0846MBps 46.6ms</bind>
  <bind>Comp:12-3-3 Comp:12-2-3 0.0846MBps 46.6ms</bind>
  <bind>Comp:12-2-3 Comp:12-3-3 0.0846MBps 46.6ms</bind>
  <bind>Comp:12-3-0 Comp:12-2-4 0.0846MBps 46.6ms</bind>
  <bind>Comp:12-2-4 Comp:12-3-0 0.0846MBps 46.6ms</bind>
  <bind>Comp:12-3-1 Comp:12-2-5 0.0846MBps 46.6ms</bind>
  <bind>Comp:12-2-5 Comp:12-3-1 0.0846MBps 46.6ms</bind>
  <bind>Comp:12-4-0 Comp:12-3-0 0.033MBps 49.2ms</bind>
  <bind>Comp:12-3-0 Comp:12-4-0 0.033MBps 49.2ms</bind>
  <bind>Comp:12-4-1 Comp:12-3-1 0.033MBps 49.2ms</bind>
  <bind>Comp:12-3-1 Comp:12-4-1 0.033MBps 49.2ms</bind>
  <bind>Comp:12-4-2 Comp:12-3-2 0.033MBps 49.2ms</bind>
  <bind>Comp:12-3-2 Comp:12-4-2 0.033MBps 49.2ms</bind>
  <bind>Comp:12-4-3 Comp:12-3-3 0.033MBps 49.2ms</bind>
  <bind>Comp:12-3-3 Comp:12-4-3 0.033MBps 49.2ms</bind>
  <bind>Comp:12-4-4 Comp:12-3-0 0.033MBps 49.2ms</bind>
  <bind>Comp:12-3-0 Comp:12-4-4 0.033MBps 49.2ms</bind>
  <bind>Comp:12-4-5 Comp:12-3-1 0.033MBps 49.2ms</bind>
  <bind>Comp:12-3-1 Comp:12-4-5 0.033MBps 49.2ms</bind>
  <bind>Comp:12-4-6 Comp:12-3-2 0.033MBps 49.2ms</bind>
  <bind>Comp:12-3-2 Comp:12-4-6 0.033MBps 49.2ms</bind>
  <bind>Comp:12-4-7 Comp:12-3-3 0.033MBps 49.2ms</bind>
  <bind>Comp:12-3-3 Comp:12-4-7 0.033MBps 49.2ms</bind>
  <bind>Comp:12-4-0 Comp:12-5-0 0.385MBps 28.4ms</bind>
  <bind>Comp:12-5-0 Comp:12-4-0 0.385MBps 28.4ms</bind>
  <bind>Comp:12-4-1 Comp:12-5-1 0.385MBps 28.4ms</bind>
  <bind>Comp:12-5-1 Comp:12-4-1 0.385MBps 28.4ms</bind>
  <bind>Comp:12-4-2 Comp:12-5-2 0.385MBps 28.4ms</bind>
  <bind>Comp:12-5-2 Comp:12-4-2 0.385MBps 28.4ms</bind>
  <bind>Comp:12-4-3 Comp:12-5-3 0.385MBps 28.4ms</bind>
  <bind>Comp:12-5-3 Comp:12-4-3 0.385MBps 28.4ms</bind>
  <bind>Comp:12-4-4 Comp:12-5-4 0.385MBps 28.4ms</bind>
  <bind>Comp:12-5-4 Comp:12-4-4 0.385MBps 28.4ms</bind>
  <bind>Comp:12-4-5 Comp:12-5-5 0.385MBps 28.4ms</bind>
  <bind>Comp:12-5-5 Comp:12-4-5 0.385MBps 28.4ms</bind>
  <bind>Comp:12-4-6 Comp:12-5-6 0.385MBps 28.4ms</bind>
  <bind>Comp:12-5-6 Comp:12-4-6 0.385MBps 28.4ms</bind>
  <bind>Comp:12-4-7 Comp:12-5-7 0.385MBps 28.4ms</bind>
  <bind>Comp:12-5-7 Comp:12-4-7 0.385MBps 28.4ms</bind>
  <bind>Comp:12-4-0 Comp:12-5-8 0.385MBps 28.4ms</bind>
  <bind>Comp:12-5-8 Comp:12-4-0 0.385MBps 28.4ms</bind>
</app>
<app>
  <id>App13</id>
<comp>
  <id>Comp:13-1-0</id>
  <CPU>0.821Gf</CPU>
  <RAM>0.391GB</RAM>
  <DISK>0.0258GB</DISK>
</comp>
<comp>
  <id>Comp:13-1-1</id>
  <CPU>0.821Gf</CPU>
  <RAM>0.391GB</RAM>
  <DISK>0.0258GB</DISK>
</comp>
<comp>
  <id>Comp:13-2-0</id>
  <CPU>0.92Gf</CPU>
  <RAM>0.851GB</RAM>
  <DISK>0.117GB</DISK>
</comp>
<comp>
  <id>Comp:13-2-1</id>
  <CPU>0.92Gf</CPU>
  <RAM>0.851GB</RAM>
  <DISK>0.117GB</DISK>
</comp>
<comp>
  <id>Comp:13-2-2</id>
  <CPU>0.92Gf</CPU>
  <RAM>0.851GB</RAM>
  <DISK>0.117GB</DISK>
</comp>
<comp>
  <id>Comp:13-2-3</id>
  <CPU>0.92Gf</CPU>
  <RAM>0.851GB</RAM>
  <DISK>0.117GB</DISK>
</comp>
<comp>
  <id>Comp:13-3-0</id>
  <CPU>0.697Gf</CPU>
  <RAM>0.51GB</RAM>
  <DISK>1.35GB</DISK>
</comp>
<comp>
  <id>Comp:13-3-1</id>
  <CPU>0.697Gf</CPU>
  <RAM>0.51GB</RAM>
  <DISK>1.35GB</DISK>
</comp>
<comp>
  <id>Comp:13-3-2</id>
  <CPU>0.697Gf</CPU>
  <RAM>0.51GB</RAM>
  <DISK>1.35GB</DISK>
</comp>
<comp>
  <id>Comp:13-3-3</id>
  <CPU>0.697Gf</CPU>
  <RAM>0.51GB</RAM>
  <DISK>1.35GB</DISK>
</comp>
<comp>
  <id>Comp:13-3-4</id>
  <CPU>0.697Gf</CPU>
  <RAM>0.51GB</RAM>
  <DISK>1.35GB</DISK>
</comp>
<comp>
  <id>Comp:13-4-0</id>
  <CPU>0.945Gf</CPU>
  <RAM>0.452GB</RAM>
  <DISK>1.39GB</DISK>
</comp>
<comp>
  <id>Comp:13-4-1</id>
  <CPU>0.945Gf</CPU>
  <RAM>0.452GB</RAM>
  <DISK>1.39GB</DISK>
</comp>
<comp>
  <id>Comp:13-4-2</id>
  <CPU>0.945Gf</CPU>
  <RAM>0.452GB</RAM>
  <DISK>1.39GB</DISK>
</comp>
<comp>
  <id>Comp:13-4-3</id>
  <CPU>0.945Gf</CPU>
  <RAM>0.452GB</RAM>
  <DISK>1.39GB</DISK>
</comp>
<comp>
  <id>Comp:13-4-4</id>
  <CPU>0.945Gf</CPU>
  <RAM>0.452GB</RAM>
  <DISK>1.39GB</DISK>
</comp>
<comp>
  <id>Comp:13-4-5</id>
  <CPU>0.945Gf</CPU>
  <RAM>0.452GB</RAM>
  <DISK>1.39GB</DISK>
</comp>
<comp>
  <id>Comp:13-5-0</id>
  <CPU>0.23Gf</CPU>
  <RAM>0.642GB</RAM>
  <DISK>0.0714GB</DISK>
</comp>
<comp>
  <id>Comp:13-5-1</id>
  <CPU>0.23Gf</CPU>
  <RAM>0.642GB</RAM>
  <DISK>0.0714GB</DISK>
</comp>
<comp>
  <id>Comp:13-5-2</id>
  <CPU>0.23Gf</CPU>
  <RAM>0.642GB</RAM>
  <DISK>0.0714GB</DISK>
</comp>
<comp>
  <id>Comp:13-5-3</id>
  <CPU>0.23Gf</CPU>
  <RAM>0.642GB</RAM>
  <DISK>0.0714GB</DISK>
</comp>
<comp>
  <id>Comp:13-5-4</id>
  <CPU>0.23Gf</CPU>
  <RAM>0.642GB</RAM>
  <DISK>0.0714GB</DISK>
</comp>
<comp>
  <id>Comp:13-5-5</id>
  <CPU>0.23Gf</CPU>
  <RAM>0.642GB</RAM>
  <DISK>0.0714GB</DISK>
</comp>
<comp>
  <id>Comp:13-5-6</id>
  <CPU>0.23Gf</CPU>
  <RAM>0.642GB</RAM>
  <DISK>0.0714GB</DISK>
</comp>
<comp>
  <id>Comp:13-5-7</id>
  <CPU>0.23Gf</CPU>
  <RAM>0.642GB</RAM>
  <DISK>0.0714GB</DISK>
</comp>
<comp>
  <id>Comp:13-5-8</id>
  <CPU>0.23Gf</CPU>
  <RAM>0.642GB</RAM>
  <DISK>0.0714GB</DISK>
</comp>
<comp>
  <id>Comp:13-6-0</id>
  <CPU>0.724Gf</CPU>
  <RAM>0.127GB</RAM>
  <DISK>1.46GB</DISK>
</comp>
<comp>
  <id>Comp:13-6-1</id>
  <CPU>0.724Gf</CPU>
  <RAM>0.127GB</RAM>
  <DISK>1.46GB</DISK>
</comp>
<comp>
  <id>Comp:13-6-2</id>
  <CPU>0.724Gf</CPU>
  <RAM>0.127GB</RAM>
  <DISK>1.46GB</DISK>
</comp>
<comp>
  <id>Comp:13-6-3</id>
  <CPU>0.724Gf</CPU>
  <RAM>0.127GB</RAM>
  <DISK>1.46GB</DISK>
</comp>
<comp>
  <id>Comp:13-6-4</id>
  <CPU>0.724Gf</CPU>
  <RAM>0.127GB</RAM>
  <DISK>1.46GB</DISK>
</comp>
<comp>
  <id>Comp:13-6-5</id>
  <CPU>0.724Gf</CPU>
  <RAM>0.127GB</RAM>
  <DISK>1.46GB</DISK>
</comp>
<comp>
  <id>Comp:13-6-6</id>
  <CPU>0.724Gf</CPU>
  <RAM>0.127GB</RAM>
  <DISK>1.46GB</DISK>
</comp>
<comp>
  <id>Comp:13-6-7</id>
  <CPU>0.724Gf</CPU>
  <RAM>0.127GB</RAM>
  <DISK>1.46GB</DISK>
</comp>
<comp>
  <id>Comp:13-6-8</id>
  <CPU>0.724Gf</CPU>
  <RAM>0.127GB</RAM>
  <DISK>1.46GB</DISK>
</comp>
  <bind>Comp:13-1-0 Appliance-25 0.0766MBps 37.2ms</bind>
  <bind>Appliance-25 Comp:13-1-0 0.0766MBps 37.2ms</bind>
  <bind>Comp:13-1-1 Appliance-25 0.0766MBps 37.2ms</bind>
  <bind>Appliance-25 Comp:13-1-1 0.0766MBps 37.2ms</bind>
  <bind>Comp:13-1-0 Appliance-15 0.0766MBps 37.2ms</bind>
  <bind>Appliance-15 Comp:13-1-0 0.0766MBps 37.2ms</bind>
  <bind>Comp:13-1-1 Appliance-11 0.0766MBps 37.2ms</bind>
  <bind>Appliance-11 Comp:13-1-1 0.0766MBps 37.2ms</bind>
  <bind>Comp:13-1-0 Appliance-1 0.0766MBps 37.2ms</bind>
  <bind>Appliance-1 Comp:13-1-0 0.0766MBps 37.2ms</bind>
  <bind>Comp:13-1-1 Appliance-15 0.0766MBps 37.2ms</bind>
  <bind>Appliance-15 Comp:13-1-1 0.0766MBps 37.2ms</bind>
  <bind>Comp:13-1-0 Appliance-1 0.0766MBps 37.2ms</bind>
  <bind>Appliance-1 Comp:13-1-0 0.0766MBps 37.2ms</bind>
  <bind>Comp:13-1-1 Appliance-32 0.0766MBps 37.2ms</bind>
  <bind>Appliance-32 Comp:13-1-1 0.0766MBps 37.2ms</bind>
  <bind>Comp:13-1-0 Appliance-21 0.0766MBps 37.2ms</bind>
  <bind>Appliance-21 Comp:13-1-0 0.0766MBps 37.2ms</bind>
  <bind>Comp:13-2-0 Comp:13-1-0 0.707MBps 33.1ms</bind>
  <bind>Comp:13-1-0 Comp:13-2-0 0.707MBps 33.1ms</bind>
  <bind>Comp:13-2-1 Comp:13-1-1 0.707MBps 33.1ms</bind>
  <bind>Comp:13-1-1 Comp:13-2-1 0.707MBps 33.1ms</bind>
  <bind>Comp:13-2-2 Comp:13-1-0 0.707MBps 33.1ms</bind>
  <bind>Comp:13-1-0 Comp:13-2-2 0.707MBps 33.1ms</bind>
  <bind>Comp:13-2-3 Comp:13-1-1 0.707MBps 33.1ms</bind>
  <bind>Comp:13-1-1 Comp:13-2-3 0.707MBps 33.1ms</bind>
  <bind>Comp:13-3-0 Comp:13-2-0 0.915MBps 49.5ms</bind>
  <bind>Comp:13-2-0 Comp:13-3-0 0.915MBps 49.5ms</bind>
  <bind>Comp:13-3-1 Comp:13-2-1 0.915MBps 49.5ms</bind>
  <bind>Comp:13-2-1 Comp:13-3-1 0.915MBps 49.5ms</bind>
  <bind>Comp:13-3-2 Comp:13-2-2 0.915MBps 49.5ms</bind>
  <bind>Comp:13-2-2 Comp:13-3-2 0.915MBps 49.5ms</bind>
  <bind>Comp:13-3-3 Comp:13-2-3 0.915MBps 49.5ms</bind>
  <bind>Comp:13-2-3 Comp:13-3-3 0.915MBps 49.5ms</bind>
  <bind>Comp:13-3-4 Comp:13-2-0 0.915MBps 49.5ms</bind>
  <bind>Comp:13-2-0 Comp:13-3-4 0.915MBps 49.5ms</bind>
  <bind>Comp:13-4-0 Comp:13-3-0 0.0547MBps 33.3ms</bind>
  <bind>Comp:13-3-0 Comp:13-4-0 0.0547MBps 33.3ms</bind>
  <bind>Comp:13-4-1 Comp:13-3-1 0.0547MBps 33.3ms</bind>
  <bind>Comp:13-3-1 Comp:13-4-1 0.0547MBps 33.3ms</bind>
  <bind>Comp:13-4-2 Comp:13-3-2 0.0547MBps 33.3ms</bind>
  <bind>Comp:13-3-2 Comp:13-4-2 0.0547MBps 33.3ms</bind>
  <bind>Comp:13-4-3 Comp:13-3-3 0.0547MBps 33.3ms</bind>
  <bind>Comp:13-3-3 Comp:13-4-3 0.0547MBps 33.3ms</bind>
  <bind>Comp:13-4-4 Comp:13-3-4 0.0547MBps 33.3ms</bind>
  <bind>Comp:13-3-4 Comp:13-4-4 0.0547MBps 33.3ms</bind>
  <bind>Comp:13-4-5 Comp:13-3-0 0.0547MBps 33.3ms</bind>
  <bind>Comp:13-3-0 Comp:13-4-5 0.0547MBps 33.3ms</bind>
  <bind>Comp:13-5-0 Comp:13-4-0 0.925MBps 28.9ms</bind>
  <bind>Comp:13-4-0 Comp:13-5-0 0.925MBps 28.9ms</bind>
  <bind>Comp:13-5-1 Comp:13-4-1 0.925MBps 28.9ms</bind>
  <bind>Comp:13-4-1 Comp:13-5-1 0.925MBps 28.9ms</bind>
  <bind>Comp:13-5-2 Comp:13-4-2 0.925MBps 28.9ms</bind>
  <bind>Comp:13-4-2 Comp:13-5-2 0.925MBps 28.9ms</bind>
  <bind>Comp:13-5-3 Comp:13-4-3 0.925MBps 28.9ms</bind>
  <bind>Comp:13-4-3 Comp:13-5-3 0.925MBps 28.9ms</bind>
  <bind>Comp:13-5-4 Comp:13-4-4 0.925MBps 28.9ms</bind>
  <bind>Comp:13-4-4 Comp:13-5-4 0.925MBps 28.9ms</bind>
  <bind>Comp:13-5-5 Comp:13-4-5 0.925MBps 28.9ms</bind>
  <bind>Comp:13-4-5 Comp:13-5-5 0.925MBps 28.9ms</bind>
  <bind>Comp:13-5-6 Comp:13-4-0 0.925MBps 28.9ms</bind>
  <bind>Comp:13-4-0 Comp:13-5-6 0.925MBps 28.9ms</bind>
  <bind>Comp:13-5-7 Comp:13-4-1 0.925MBps 28.9ms</bind>
  <bind>Comp:13-4-1 Comp:13-5-7 0.925MBps 28.9ms</bind>
  <bind>Comp:13-5-8 Comp:13-4-2 0.925MBps 28.9ms</bind>
  <bind>Comp:13-4-2 Comp:13-5-8 0.925MBps 28.9ms</bind>
  <bind>Comp:13-5-0 Comp:13-6-0 0.624MBps 44.3ms</bind>
  <bind>Comp:13-6-0 Comp:13-5-0 0.624MBps 44.3ms</bind>
  <bind>Comp:13-5-1 Comp:13-6-1 0.624MBps 44.3ms</bind>
  <bind>Comp:13-6-1 Comp:13-5-1 0.624MBps 44.3ms</bind>
  <bind>Comp:13-5-2 Comp:13-6-2 0.624MBps 44.3ms</bind>
  <bind>Comp:13-6-2 Comp:13-5-2 0.624MBps 44.3ms</bind>
  <bind>Comp:13-5-3 Comp:13-6-3 0.624MBps 44.3ms</bind>
  <bind>Comp:13-6-3 Comp:13-5-3 0.624MBps 44.3ms</bind>
  <bind>Comp:13-5-4 Comp:13-6-4 0.624MBps 44.3ms</bind>
  <bind>Comp:13-6-4 Comp:13-5-4 0.624MBps 44.3ms</bind>
  <bind>Comp:13-5-5 Comp:13-6-5 0.624MBps 44.3ms</bind>
  <bind>Comp:13-6-5 Comp:13-5-5 0.624MBps 44.3ms</bind>
  <bind>Comp:13-5-6 Comp:13-6-6 0.624MBps 44.3ms</bind>
  <bind>Comp:13-6-6 Comp:13-5-6 0.624MBps 44.3ms</bind>
  <bind>Comp:13-5-7 Comp:13-6-7 0.624MBps 44.3ms</bind>
  <bind>Comp:13-6-7 Comp:13-5-7 0.624MBps 44.3ms</bind>
  <bind>Comp:13-5-8 Comp:13-6-8 0.624MBps 44.3ms</bind>
  <bind>Comp:13-6-8 Comp:13-5-8 0.624MBps 44.3ms</bind>
</app>
<app>
  <id>App14</id>
<comp>
  <id>Comp:14-1-0</id>
  <CPU>0.403Gf</CPU>
  <RAM>0.46GB</RAM>
  <DISK>1.08GB</DISK>
</comp>
<comp>
  <id>Comp:14-2-0</id>
  <CPU>0.931Gf</CPU>
  <RAM>0.515GB</RAM>
  <DISK>0.993GB</DISK>
</comp>
<comp>
  <id>Comp:14-2-1</id>
  <CPU>0.931Gf</CPU>
  <RAM>0.515GB</RAM>
  <DISK>0.993GB</DISK>
</comp>
<comp>
  <id>Comp:14-2-2</id>
  <CPU>0.931Gf</CPU>
  <RAM>0.515GB</RAM>
  <DISK>0.993GB</DISK>
</comp>
<comp>
  <id>Comp:14-2-3</id>
  <CPU>0.931Gf</CPU>
  <RAM>0.515GB</RAM>
  <DISK>0.993GB</DISK>
</comp>
<comp>
  <id>Comp:14-2-4</id>
  <CPU>0.931Gf</CPU>
  <RAM>0.515GB</RAM>
  <DISK>0.993GB</DISK>
</comp>
<comp>
  <id>Comp:14-2-5</id>
  <CPU>0.931Gf</CPU>
  <RAM>0.515GB</RAM>
  <DISK>0.993GB</DISK>
</comp>
<comp>
  <id>Comp:14-2-6</id>
  <CPU>0.931Gf</CPU>
  <RAM>0.515GB</RAM>
  <DISK>0.993GB</DISK>
</comp>
<comp>
  <id>Comp:14-2-7</id>
  <CPU>0.931Gf</CPU>
  <RAM>0.515GB</RAM>
  <DISK>0.993GB</DISK>
</comp>
  <bind>Comp:14-1-0 Appliance-16 0.893MBps 41.8ms</bind>
  <bind>Appliance-16 Comp:14-1-0 0.893MBps 41.8ms</bind>
  <bind>Comp:14-1-0 Appliance-9 0.893MBps 41.8ms</bind>
  <bind>Appliance-9 Comp:14-1-0 0.893MBps 41.8ms</bind>
  <bind>Comp:14-1-0 Appliance-8 0.893MBps 41.8ms</bind>
  <bind>Appliance-8 Comp:14-1-0 0.893MBps 41.8ms</bind>
  <bind>Comp:14-1-0 Comp:14-2-0 0.975MBps 30.5ms</bind>
  <bind>Comp:14-2-0 Comp:14-1-0 0.975MBps 30.5ms</bind>
  <bind>Comp:14-1-0 Comp:14-2-1 0.975MBps 30.5ms</bind>
  <bind>Comp:14-2-1 Comp:14-1-0 0.975MBps 30.5ms</bind>
  <bind>Comp:14-1-0 Comp:14-2-2 0.975MBps 30.5ms</bind>
  <bind>Comp:14-2-2 Comp:14-1-0 0.975MBps 30.5ms</bind>
  <bind>Comp:14-1-0 Comp:14-2-3 0.975MBps 30.5ms</bind>
  <bind>Comp:14-2-3 Comp:14-1-0 0.975MBps 30.5ms</bind>
  <bind>Comp:14-1-0 Comp:14-2-4 0.975MBps 30.5ms</bind>
  <bind>Comp:14-2-4 Comp:14-1-0 0.975MBps 30.5ms</bind>
  <bind>Comp:14-1-0 Comp:14-2-5 0.975MBps 30.5ms</bind>
  <bind>Comp:14-2-5 Comp:14-1-0 0.975MBps 30.5ms</bind>
  <bind>Comp:14-1-0 Comp:14-2-6 0.975MBps 30.5ms</bind>
  <bind>Comp:14-2-6 Comp:14-1-0 0.975MBps 30.5ms</bind>
  <bind>Comp:14-1-0 Comp:14-2-7 0.975MBps 30.5ms</bind>
  <bind>Comp:14-2-7 Comp:14-1-0 0.975MBps 30.5ms</bind>
</app>
<app>
  <id>App15</id>
<comp>
  <id>Comp:15-1-0</id>
  <CPU>0.778Gf</CPU>
  <RAM>0.398GB</RAM>
  <DISK>0.513GB</DISK>
</comp>
<comp>
  <id>Comp:15-1-1</id>
  <CPU>0.778Gf</CPU>
  <RAM>0.398GB</RAM>
  <DISK>0.513GB</DISK>
</comp>
<comp>
  <id>Comp:15-1-2</id>
  <CPU>0.778Gf</CPU>
  <RAM>0.398GB</RAM>
  <DISK>0.513GB</DISK>
</comp>
<comp>
  <id>Comp:15-1-3</id>
  <CPU>0.778Gf</CPU>
  <RAM>0.398GB</RAM>
  <DISK>0.513GB</DISK>
</comp>
<comp>
  <id>Comp:15-1-4</id>
  <CPU>0.778Gf</CPU>
  <RAM>0.398GB</RAM>
  <DISK>0.513GB</DISK>
</comp>
<comp>
  <id>Comp:15-1-5</id>
  <CPU>0.778Gf</CPU>
  <RAM>0.398GB</RAM>
  <DISK>0.513GB</DISK>
</comp>
<comp>
  <id>Comp:15-1-6</id>
  <CPU>0.778Gf</CPU>
  <RAM>0.398GB</RAM>
  <DISK>0.513GB</DISK>
</comp>
<comp>
  <id>Comp:15-2-0</id>
  <CPU>0.925Gf</CPU>
  <RAM>0.467GB</RAM>
  <DISK>0.315GB</DISK>
</comp>
<comp>
  <id>Comp:15-2-1</id>
  <CPU>0.925Gf</CPU>
  <RAM>0.467GB</RAM>
  <DISK>0.315GB</DISK>
</comp>
<comp>
  <id>Comp:15-2-2</id>
  <CPU>0.925Gf</CPU>
  <RAM>0.467GB</RAM>
  <DISK>0.315GB</DISK>
</comp>
<comp>
  <id>Comp:15-3-0</id>
  <CPU>0.106Gf</CPU>
  <RAM>0.211GB</RAM>
  <DISK>1.21GB</DISK>
</comp>
<comp>
  <id>Comp:15-3-1</id>
  <CPU>0.106Gf</CPU>
  <RAM>0.211GB</RAM>
  <DISK>1.21GB</DISK>
</comp>
<comp>
  <id>Comp:15-3-2</id>
  <CPU>0.106Gf</CPU>
  <RAM>0.211GB</RAM>
  <DISK>1.21GB</DISK>
</comp>
<comp>
  <id>Comp:15-3-3</id>
  <CPU>0.106Gf</CPU>
  <RAM>0.211GB</RAM>
  <DISK>1.21GB</DISK>
</comp>
<comp>
  <id>Comp:15-3-4</id>
  <CPU>0.106Gf</CPU>
  <RAM>0.211GB</RAM>
  <DISK>1.21GB</DISK>
</comp>
<comp>
  <id>Comp:15-3-5</id>
  <CPU>0.106Gf</CPU>
  <RAM>0.211GB</RAM>
  <DISK>1.21GB</DISK>
</comp>
<comp>
  <id>Comp:15-3-6</id>
  <CPU>0.106Gf</CPU>
  <RAM>0.211GB</RAM>
  <DISK>1.21GB</DISK>
</comp>
<comp>
  <id>Comp:15-3-7</id>
  <CPU>0.106Gf</CPU>
  <RAM>0.211GB</RAM>
  <DISK>1.21GB</DISK>
</comp>
  <bind>Comp:15-1-0 Appliance-6 0.296MBps 30.8ms</bind>
  <bind>Appliance-6 Comp:15-1-0 0.296MBps 30.8ms</bind>
  <bind>Comp:15-1-1 Appliance-1 0.296MBps 30.8ms</bind>
  <bind>Appliance-1 Comp:15-1-1 0.296MBps 30.8ms</bind>
  <bind>Comp:15-1-2 Appliance-26 0.296MBps 30.8ms</bind>
  <bind>Appliance-26 Comp:15-1-2 0.296MBps 30.8ms</bind>
  <bind>Comp:15-1-3 Appliance-25 0.296MBps 30.8ms</bind>
  <bind>Appliance-25 Comp:15-1-3 0.296MBps 30.8ms</bind>
  <bind>Comp:15-1-4 Appliance-11 0.296MBps 30.8ms</bind>
  <bind>Appliance-11 Comp:15-1-4 0.296MBps 30.8ms</bind>
  <bind>Comp:15-1-5 Appliance-6 0.296MBps 30.8ms</bind>
  <bind>Appliance-6 Comp:15-1-5 0.296MBps 30.8ms</bind>
  <bind>Comp:15-1-6 Appliance-1 0.296MBps 30.8ms</bind>
  <bind>Appliance-1 Comp:15-1-6 0.296MBps 30.8ms</bind>
  <bind>Comp:15-2-0 Comp:15-1-0 0.318MBps 41.9ms</bind>
  <bind>Comp:15-1-0 Comp:15-2-0 0.318MBps 41.9ms</bind>
  <bind>Comp:15-2-1 Comp:15-1-1 0.318MBps 41.9ms</bind>
  <bind>Comp:15-1-1 Comp:15-2-1 0.318MBps 41.9ms</bind>
  <bind>Comp:15-2-2 Comp:15-1-2 0.318MBps 41.9ms</bind>
  <bind>Comp:15-1-2 Comp:15-2-2 0.318MBps 41.9ms</bind>
  <bind>Comp:15-2-0 Comp:15-1-3 0.318MBps 41.9ms</bind>
  <bind>Comp:15-1-3 Comp:15-2-0 0.318MBps 41.9ms</bind>
  <bind>Comp:15-2-1 Comp:15-1-4 0.318MBps 41.9ms</bind>
  <bind>Comp:15-1-4 Comp:15-2-1 0.318MBps 41.9ms</bind>
  <bind>Comp:15-2-2 Comp:15-1-5 0.318MBps 41.9ms</bind>
  <bind>Comp:15-1-5 Comp:15-2-2 0.318MBps 41.9ms</bind>
  <bind>Comp:15-2-0 Comp:15-1-6 0.318MBps 41.9ms</bind>
  <bind>Comp:15-1-6 Comp:15-2-0 0.318MBps 41.9ms</bind>
  <bind>Comp:15-2-0 Comp:15-3-0 0.419MBps 42.0ms</bind>
  <bind>Comp:15-3-0 Comp:15-2-0 0.419MBps 42.0ms</bind>
  <bind>Comp:15-2-1 Comp:15-3-1 0.419MBps 42.0ms</bind>
  <bind>Comp:15-3-1 Comp:15-2-1 0.419MBps 42.0ms</bind>
  <bind>Comp:15-2-2 Comp:15-3-2 0.419MBps 42.0ms</bind>
  <bind>Comp:15-3-2 Comp:15-2-2 0.419MBps 42.0ms</bind>
  <bind>Comp:15-2-0 Comp:15-3-3 0.419MBps 42.0ms</bind>
  <bind>Comp:15-3-3 Comp:15-2-0 0.419MBps 42.0ms</bind>
  <bind>Comp:15-2-1 Comp:15-3-4 0.419MBps 42.0ms</bind>
  <bind>Comp:15-3-4 Comp:15-2-1 0.419MBps 42.0ms</bind>
  <bind>Comp:15-2-2 Comp:15-3-5 0.419MBps 42.0ms</bind>
  <bind>Comp:15-3-5 Comp:15-2-2 0.419MBps 42.0ms</bind>
  <bind>Comp:15-2-0 Comp:15-3-6 0.419MBps 42.0ms</bind>
  <bind>Comp:15-3-6 Comp:15-2-0 0.419MBps 42.0ms</bind>
  <bind>Comp:15-2-1 Comp:15-3-7 0.419MBps 42.0ms</bind>
  <bind>Comp:15-3-7 Comp:15-2-1 0.419MBps 42.0ms</bind>
</app>
</apps>
