<?xml version="1.0"?>
<apps>
<app>
  <id>App1</id>
<comp>
  <id>Comp:1-0-0</id>
  <CPU>0.151Gf</CPU>
  <RAM>0.413GB</RAM>
  <DISK>1.47GB</DISK>
</comp>
<comp>
  <id>Comp:1-0-1</id>
  <CPU>0.151Gf</CPU>
  <RAM>0.413GB</RAM>
  <DISK>1.47GB</DISK>
</comp>
<comp>
  <id>Comp:1-0-2</id>
  <CPU>0.151Gf</CPU>
  <RAM>0.413GB</RAM>
  <DISK>1.47GB</DISK>
</comp>
<comp>
  <id>Comp:1-0-3</id>
  <CPU>0.151Gf</CPU>
  <RAM>0.413GB</RAM>
  <DISK>1.47GB</DISK>
</comp>
<comp>
  <id>Comp:1-1-0</id>
  <CPU>0.449Gf</CPU>
  <RAM>0.523GB</RAM>
  <DISK>1.93GB</DISK>
</comp>
<comp>
  <id>Comp:1-1-1</id>
  <CPU>0.449Gf</CPU>
  <RAM>0.523GB</RAM>
  <DISK>1.93GB</DISK>
</comp>
<comp>
  <id>Comp:1-1-2</id>
  <CPU>0.449Gf</CPU>
  <RAM>0.523GB</RAM>
  <DISK>1.93GB</DISK>
</comp>
<comp>
  <id>Comp:1-1-3</id>
  <CPU>0.449Gf</CPU>
  <RAM>0.523GB</RAM>
  <DISK>1.93GB</DISK>
</comp>
<comp>
  <id>Comp:1-1-4</id>
  <CPU>0.449Gf</CPU>
  <RAM>0.523GB</RAM>
  <DISK>1.93GB</DISK>
</comp>
  <bind>Comp:1-1-0 Comp:1-0-0 0.845MBps 44.0ms</bind>
  <bind>Comp:1-0-0 Comp:1-1-0 0.845MBps 44.0ms</bind>
  <bind>Comp:1-1-1 Comp:1-0-1 0.845MBps 44.0ms</bind>
  <bind>Comp:1-0-1 Comp:1-1-1 0.845MBps 44.0ms</bind>
  <bind>Comp:1-1-2 Comp:1-0-2 0.845MBps 44.0ms</bind>
  <bind>Comp:1-0-2 Comp:1-1-2 0.845MBps 44.0ms</bind>
  <bind>Comp:1-1-3 Comp:1-0-3 0.845MBps 44.0ms</bind>
  <bind>Comp:1-0-3 Comp:1-1-3 0.845MBps 44.0ms</bind>
  <bind>Comp:1-1-4 Comp:1-0-0 0.845MBps 44.0ms</bind>
  <bind>Comp:1-0-0 Comp:1-1-4 0.845MBps 44.0ms</bind>
  <bind>Comp:1-1-0 Appliance-12 0.0258MBps 48.8ms</bind>
  <bind>Appliance-12 Comp:1-1-0 0.0258MBps 48.8ms</bind>
  <bind>Comp:1-1-1 Appliance-38 0.0258MBps 48.8ms</bind>
  <bind>Appliance-38 Comp:1-1-1 0.0258MBps 48.8ms</bind>
  <bind>Comp:1-1-2 Appliance-12 0.0258MBps 48.8ms</bind>
  <bind>Appliance-12 Comp:1-1-2 0.0258MBps 48.8ms</bind>
  <bind>Comp:1-1-3 Appliance-24 0.0258MBps 48.8ms</bind>
  <bind>Appliance-24 Comp:1-1-3 0.0258MBps 48.8ms</bind>
  <bind>Comp:1-1-4 Appliance-35 0.0258MBps 48.8ms</bind>
  <bind>Appliance-35 Comp:1-1-4 0.0258MBps 48.8ms</bind>
  <bind>Comp:1-1-0 Appliance-20 0.0258MBps 48.8ms</bind>
  <bind>Appliance-20 Comp:1-1-0 0.0258MBps 48.8ms</bind>
  <bind>Comp:1-1-1 Appliance-24 0.0258MBps 48.8ms</bind>
  <bind>Appliance-24 Comp:1-1-1 0.0258MBps 48.8ms</bind>
  <bind>Comp:1-1-2 Appliance-20 0.0258MBps 48.8ms</bind>
  <bind>Appliance-20 Comp:1-1-2 0.0258MBps 48.8ms</bind>
</app>
<app>
  <id>App10</id>
<comp>
  <id>Comp:10-1-0</id>
  <CPU>0.494Gf</CPU>
  <RAM>0.173GB</RAM>
  <DISK>0.672GB</DISK>
</comp>
<comp>
  <id>Comp:10-1-1</id>
  <CPU>0.494Gf</CPU>
  <RAM>0.173GB</RAM>
  <DISK>0.672GB</DISK>
</comp>
<comp>
  <id>Comp:10-2-0</id>
  <CPU>0.857Gf</CPU>
  <RAM>0.739GB</RAM>
  <DISK>0.344GB</DISK>
</comp>
<comp>
  <id>Comp:10-2-1</id>
  <CPU>0.857Gf</CPU>
  <RAM>0.739GB</RAM>
  <DISK>0.344GB</DISK>
</comp>
<comp>
  <id>Comp:10-2-2</id>
  <CPU>0.857Gf</CPU>
  <RAM>0.739GB</RAM>
  <DISK>0.344GB</DISK>
</comp>
<comp>
  <id>Comp:10-2-3</id>
  <CPU>0.857Gf</CPU>
  <RAM>0.739GB</RAM>
  <DISK>0.344GB</DISK>
</comp>
<comp>
  <id>Comp:10-2-4</id>
  <CPU>0.857Gf</CPU>
  <RAM>0.739GB</RAM>
  <DISK>0.344GB</DISK>
</comp>
<comp>
  <id>Comp:10-2-5</id>
  <CPU>0.857Gf</CPU>
  <RAM>0.739GB</RAM>
  <DISK>0.344GB</DISK>
</comp>
<comp>
  <id>Comp:10-3-0</id>
  <CPU>0.244Gf</CPU>
  <RAM>0.725GB</RAM>
  <DISK>1.44GB</DISK>
</comp>
<comp>
  <id>Comp:10-3-1</id>
  <CPU>0.244Gf</CPU>
  <RAM>0.725GB</RAM>
  <DISK>1.44GB</DISK>
</comp>
<comp>
  <id>Comp:10-3-2</id>
  <CPU>0.244Gf</CPU>
  <RAM>0.725GB</RAM>
  <DISK>1.44GB</DISK>
</comp>
<comp>
  <id>Comp:10-3-3</id>
  <CPU>0.244Gf</CPU>
  <RAM>0.725GB</RAM>
  <DISK>1.44GB</DISK>
</comp>
<comp>
  <id>Comp:10-3-4</id>
  <CPU>0.244Gf</CPU>
  <RAM>0.725GB</RAM>
  <DISK>1.44GB</DISK>
</comp>
<comp>
  <id>Comp:10-3-5</id>
  <CPU>0.244Gf</CPU>
  <RAM>0.725GB</RAM>
  <DISK>1.44GB</DISK>
</comp>
<comp>
  <id>Comp:10-3-6</id>
  <CPU>0.244Gf</CPU>
  <RAM>0.725GB</RAM>
  <DISK>1.44GB</DISK>
</comp>
<comp>
  <id>Comp:10-3-7</id>
  <CPU>0.244Gf</CPU>
  <RAM>0.725GB</RAM>
  <DISK>1.44GB</DISK>
</comp>
  <bind>Comp:10-1-0 Appliance-29 0.539MBps 46.2ms</bind>
  <bind>Appliance-29 Comp:10-1-0 0.539MBps 46.2ms</bind>
  <bind>Comp:10-1-1 Appliance-17 0.539MBps 46.2ms</bind>
  <bind>Appliance-17 Comp:10-1-1 0.539MBps 46.2ms</bind>
  <bind>Comp:10-1-0 Appliance-11 0.539MBps 46.2ms</bind>
  <bind>Appliance-11 Comp:10-1-0 0.539MBps 46.2ms</bind>
  <bind>Comp:10-2-0 Comp:10-1-0 0.3MBps 34.4ms</bind>
  <bind>Comp:10-1-0 Comp:10-2-0 0.3MBps 34.4ms</bind>
  <bind>Comp:10-2-1 Comp:10-1-1 0.3MBps 34.4ms</bind>
  <bind>Comp:10-1-1 Comp:10-2-1 0.3MBps 34.4ms</bind>
  <bind>Comp:10-2-2 Comp:10-1-0 0.3MBps 34.4ms</bind>
  <bind>Comp:10-1-0 Comp:10-2-2 0.3MBps 34.4ms</bind>
  <bind>Comp:10-2-3 Comp:10-1-1 0.3MBps 34.4ms</bind>
  <bind>Comp:10-1-1 Comp:10-2-3 0.3MBps 34.4ms</bind>
  <bind>Comp:10-2-4 Comp:10-1-0 0.3MBps 34.4ms</bind>
  <bind>Comp:10-1-0 Comp:10-2-4 0.3MBps 34.4ms</bind>
  <bind>Comp:10-2-5 Comp:10-1-1 0.3MBps 34.4ms</bind>
  <bind>Comp:10-1-1 Comp:10-2-5 0.3MBps 34.4ms</bind>
  <bind>Comp:10-3-0 Comp:10-2-0 0.319MBps 40.1ms</bind>
  <bind>Comp:10-2-0 Comp:10-3-0 0.319MBps 40.1ms</bind>
  <bind>Comp:10-3-1 Comp:10-2-1 0.319MBps 40.1ms</bind>
  <bind>Comp:10-2-1 Comp:10-3-1 0.319MBps 40.1ms</bind>
  <bind>Comp:10-3-2 Comp:10-2-2 0.319MBps 40.1ms</bind>
  <bind>Comp:10-2-2 Comp:10-3-2 0.319MBps 40.1ms</bind>
  <bind>Comp:10-3-3 Comp:10-2-3 0.319MBps 40.1ms</bind>
  <bind>Comp:10-2-3 Comp:10-3-3 0.319MBps 40.1ms</bind>
  <bind>Comp:10-3-4 Comp:10-2-4 0.319MBps 40.1ms</bind>
  <bind>Comp:10-2-4 Comp:10-3-4 0.319MBps 40.1ms</bind>
  <bind>Comp:10-3-5 Comp:10-2-5 0.319MBps 40.1ms</bind>
  <bind>Comp:10-2-5 Comp:10-3-5 0.319MBps 40.1ms</bind>
  <bind>Comp:10-3-6 Comp:10-2-0 0.319MBps 40.1ms</bind>
  <bind>Comp:10-2-0 Comp:10-3-6 0.319MBps 40.1ms</bind>
  <bind>Comp:10-3-7 Comp:10-2-1 0.319MBps 40.1ms</bind>
  <bind>Comp:10-2-1 Comp:10-3-7 0.319MBps 40.1ms</bind>
  <bind>Comp:10-3-0 Appliance-1 0.993MBps 40.4ms</bind>
  <bind>Appliance-1 Comp:10-3-0 0.993MBps 40.4ms</bind>
  <bind>Comp:10-3-1 Appliance-32 0.993MBps 40.4ms</bind>
  <bind>Appliance-32 Comp:10-3-1 0.993MBps 40.4ms</bind>
  <bind>Comp:10-3-2 Appliance-13 0.993MBps 40.4ms</bind>
  <bind>Appliance-13 Comp:10-3-2 0.993MBps 40.4ms</bind>
  <bind>Comp:10-3-3 Appliance-1 0.993MBps 40.4ms</bind>
  <bind>Appliance-1 Comp:10-3-3 0.993MBps 40.4ms</bind>
  <bind>Comp:10-3-4 Appliance-32 0.993MBps 40.4ms</bind>
  <bind>Appliance-32 Comp:10-3-4 0.993MBps 40.4ms</bind>
  <bind>Comp:10-3-5 Appliance-13 0.993MBps 40.4ms</bind>
  <bind>Appliance-13 Comp:10-3-5 0.993MBps 40.4ms</bind>
  <bind>Comp:10-3-6 Appliance-1 0.993MBps 40.4ms</bind>
  <bind>Appliance-1 Comp:10-3-6 0.993MBps 40.4ms</bind>
  <bind>Comp:10-3-7 Appliance-32 0.993MBps 40.4ms</bind>
  <bind>Appliance-32 Comp:10-3-7 0.993MBps 40.4ms</bind>
</app>
<app>
  <id>App11</id>
<comp>
  <id>Comp:11-1-0</id>
  <CPU>0.452Gf</CPU>
  <RAM>0.157GB</RAM>
  <DISK>0.294GB</DISK>
</comp>
<comp>
  <id>Comp:11-1-1</id>
  <CPU>0.452Gf</CPU>
  <RAM>0.157GB</RAM>
  <DISK>0.294GB</DISK>
</comp>
<comp>
  <id>Comp:11-2-0</id>
  <CPU>0.854Gf</CPU>
  <RAM>0.922GB</RAM>
  <DISK>1.09GB</DISK>
</comp>
<comp>
  <id>Comp:11-2-1</id>
  <CPU>0.854Gf</CPU>
  <RAM>0.922GB</RAM>
  <DISK>1.09GB</DISK>
</comp>
<comp>
  <id>Comp:11-2-2</id>
  <CPU>0.854Gf</CPU>
  <RAM>0.922GB</RAM>
  <DISK>1.09GB</DISK>
</comp>
<comp>
  <id>Comp:11-2-3</id>
  <CPU>0.854Gf</CPU>
  <RAM>0.922GB</RAM>
  <DISK>1.09GB</DISK>
</comp>
<comp>
  <id>Comp:11-2-4</id>
  <CPU>0.854Gf</CPU>
  <RAM>0.922GB</RAM>
  <DISK>1.09GB</DISK>
</comp>
<comp>
  <id>Comp:11-2-5</id>
  <CPU>0.854Gf</CPU>
  <RAM>0.922GB</RAM>
  <DISK>1.09GB</DISK>
</comp>
<comp>
  <id>Comp:11-2-6</id>
  <CPU>0.854Gf</CPU>
  <RAM>0.922GB</RAM>
  <DISK>1.09GB</DISK>
</comp>
<comp>
  <id>Comp:11-2-7</id>
  <CPU>0.854Gf</CPU>
  <RAM>0.922GB</RAM>
  <DISK>1.09GB</DISK>
</comp>
<comp>
  <id>Comp:11-2-8</id>
  <CPU>0.854Gf</CPU>
  <RAM>0.922GB</RAM>
  <DISK>1.09GB</DISK>
</comp>
<comp>
  <id>Comp:11-2-9</id>
  <CPU>0.854Gf</CPU>
  <RAM>0.922GB</RAM>
  <DISK>1.09GB</DISK>
</comp>
<comp>
  <id>Comp:11-3-0</id>
  <CPU>0.302Gf</CPU>
  <RAM>0.656GB</RAM>
  <DISK>0.019GB</DISK>
</comp>
  <bind>Comp:11-1-0 Appliance-8 0.706MBps 47.3ms</bind>
  <bind>Appliance-8 Comp:11-1-0 0.706MBps 47.3ms</bind>
  <bind>Comp:11-1-1 Appliance-0 0.706MBps 47.3ms</bind>
  <bind>Appliance-0 Comp:11-1-1 0.706MBps 47.3ms</bind>
  <bind>Comp:11-1-0 Appliance-18 0.706MBps 47.3ms</bind>
  <bind>Appliance-18 Comp:11-1-0 0.706MBps 47.3ms</bind>
  <bind>Comp:11-2-0 Comp:11-1-0 0.179MBps 49.3ms</bind>
  <bind>Comp:11-1-0 Comp:11-2-0 0.179MBps 49.3ms</bind>
  <bind>Comp:11-2-1 Comp:11-1-1 0.179MBps 49.3ms</bind>
  <bind>Comp:11-1-1 Comp:11-2-1 0.179MBps 49.3ms</bind>
  <bind>Comp:11-2-2 Comp:11-1-0 0.179MBps 49.3ms</bind>
  <bind>Comp:11-1-0 Comp:11-2-2 0.179MBps 49.3ms</bind>
  <bind>Comp:11-2-3 Comp:11-1-1 0.179MBps 49.3ms</bind>
  <bind>Comp:11-1-1 Comp:11-2-3 0.179MBps 49.3ms</bind>
  <bind>Comp:11-2-4 Comp:11-1-0 0.179MBps 49.3ms</bind>
  <bind>Comp:11-1-0 Comp:11-2-4 0.179MBps 49.3ms</bind>
  <bind>Comp:11-2-5 Comp:11-1-1 0.179MBps 49.3ms</bind>
  <bind>Comp:11-1-1 Comp:11-2-5 0.179MBps 49.3ms</bind>
  <bind>Comp:11-2-6 Comp:11-1-0 0.179MBps 49.3ms</bind>
  <bind>Comp:11-1-0 Comp:11-2-6 0.179MBps 49.3ms</bind>
  <bind>Comp:11-2-7 Comp:11-1-1 0.179MBps 49.3ms</bind>
  <bind>Comp:11-1-1 Comp:11-2-7 0.179MBps 49.3ms</bind>
  <bind>Comp:11-2-8 Comp:11-1-0 0.179MBps 49.3ms</bind>
  <bind>Comp:11-1-0 Comp:11-2-8 0.179MBps 49.3ms</bind>
  <bind>Comp:11-2-9 Comp:11-1-1 0.179MBps 49.3ms</bind>
  <bind>Comp:11-1-1 Comp:11-2-9 0.179MBps 49.3ms</bind>
  <bind>Comp:11-2-0 Comp:11-3-0 0.261MBps 35.3ms</bind>
  <bind>Comp:11-3-0 Comp:11-2-0 0.261MBps 35.3ms</bind>
  <bind>Comp:11-2-1 Comp:11-3-0 0.261MBps 35.3ms</bind>
  <bind>Comp:11-3-0 Comp:11-2-1 0.261MBps 35.3ms</bind>
  <bind>Comp:11-2-2 Comp:11-3-0 0.261MBps 35.3ms</bind>
  <bind>Comp:11-3-0 Comp:11-2-2 0.261MBps 35.3ms</bind>
  <bind>Comp:11-2-3 Comp:11-3-0 0.261MBps 35.3ms</bind>
  <bind>Comp:11-3-0 Comp:11-2-3 0.261MBps 35.3ms</bind>
  <bind>Comp:11-2-4 Comp:11-3-0 0.261MBps 35.3ms</bind>
  <bind>Comp:11-3-0 Comp:11-2-4 0.261MBps 35.3ms</bind>
  <bind>Comp:11-2-5 Comp:11-3-0 0.261MBps 35.3ms</bind>
  <bind>Comp:11-3-0 Comp:11-2-5 0.261MBps 35.3ms</bind>
  <bind>Comp:11-2-6 Comp:11-3-0 0.261MBps 35.3ms</bind>
  <bind>Comp:11-3-0 Comp:11-2-6 0.261MBps 35.3ms</bind>
  <bind>Comp:11-2-7 Comp:11-3-0 0.261MBps 35.3ms</bind>
  <bind>Comp:11-3-0 Comp:11-2-7 0.261MBps 35.3ms</bind>
  <bind>Comp:11-2-8 Comp:11-3-0 0.261MBps 35.3ms</bind>
  <bind>Comp:11-3-0 Comp:11-2-8 0.261MBps 35.3ms</bind>
  <bind>Comp:11-2-9 Comp:11-3-0 0.261MBps 35.3ms</bind>
  <bind>Comp:11-3-0 Comp:11-2-9 0.261MBps 35.3ms</bind>
</app>
<app>
  <id>App12</id>
<comp>
  <id>Comp:12-1-0</id>
  <CPU>0.9Gf</CPU>
  <RAM>0.192GB</RAM>
  <DISK>1.67GB</DISK>
</comp>
<comp>
  <id>Comp:12-1-1</id>
  <CPU>0.9Gf</CPU>
  <RAM>0.192GB</RAM>
  <DISK>1.67GB</DISK>
</comp>
<comp>
  <id>Comp:12-2-0</id>
  <CPU>0.816Gf</CPU>
  <RAM>0.243GB</RAM>
  <DISK>0.603GB</DISK>
</comp>
<comp>
  <id>Comp:12-2-1</id>
  <CPU>0.816Gf</CPU>
  <RAM>0.243GB</RAM>
  <DISK>0.603GB</DISK>
</comp>
<comp>
  <id>Comp:12-2-2</id>
  <CPU>0.816Gf</CPU>
  <RAM>0.243GB</RAM>
  <DISK>0.603GB</DISK>
</comp>
<comp>
  <id>Comp:12-2-3</id>
  <CPU>0.816Gf</CPU>
  <RAM>0.243GB</RAM>
  <DISK>0.603GB</DISK>
</comp>
<comp>
  <id>Comp:12-2-4</id>
  <CPU>0.816Gf</CPU>
  <RAM>0.243GB</RAM>
  <DISK>0.603GB</DISK>
</comp>
<comp>
  <id>Comp:12-2-5</id>
  <CPU>0.816Gf</CPU>
  <RAM>0.243GB</RAM>
  <DISK>0.603GB</DISK>
</comp>
<comp>
  <id>Comp:12-3-0</id>
  <CPU>0.303Gf</CPU>
  <RAM>0.594GB</RAM>
  <DISK>1.41GB</DISK>
</comp>
<comp>
  <id>Comp:12-3-1</id>
  <CPU>0.303Gf</CPU>
  <RAM>0.594GB</RAM>
  <DISK>1.41GB</DISK>
</comp>
<comp>
  <id>Comp:12-3-2</id>
  <CPU>0.303Gf</CPU>
  <RAM>0.594GB</RAM>
  <DISK>1.41GB</DISK>
</comp>
<comp>
  <id>Comp:12-3-3</id>
  <CPU>0.303Gf</CPU>
  <RAM>0.594GB</RAM>
  <DISK>1.41GB</DISK>
</comp>
<comp>
  <id>Comp:12-4-0</id>
  <CPU>0.813Gf</CPU>
  <RAM>0.729GB</RAM>
  <DISK>0.477GB</DISK>
</comp>
<comp>
  <id>Comp:12-4-1</id>
  <CPU>0.813Gf</CPU>
  <RAM>0.729GB</RAM>
  <DISK>0.477GB</DISK>
</comp>
<comp>
  <id>Comp:12-4-2</id>
  <CPU>0.813Gf</CPU>
  <RAM>0.729GB</RAM>
  <DISK>0.477GB</DISK>
</comp>
<comp>
  <id>Comp:12-4-3</id>
  <CPU>0.813Gf</CPU>
  <RAM>0.729GB</RAM>
  <DISK>0.477GB</DISK>
</comp>
<comp>
  <id>Comp:12-4-4</id>
  <CPU>0.813Gf</CPU>
  <RAM>0.729GB</RAM>
  <DISK>0.477GB</DISK>
</comp>
<comp>
  <id>Comp:12-4-5</id>
  <CPU>0.813Gf</CPU>
  <RAM>0.729GB</RAM>
  <DISK>0.477GB</DISK>
</comp>
<comp>
  <id>Comp:12-4-6</id>
  <CPU>0.813Gf</CPU>
  <RAM>0.729GB</RAM>
  <DISK>0.477GB</DISK>
</comp>
<comp>
  <id>Comp:12-4-7</id>
  <CPU>0.813Gf</CPU>
  <RAM>0.729GB</RAM>
  <DISK>0.477GB</DISK>
</comp>
<comp>
  <id>Comp:12-5-0</id>
  <CPU>0.76Gf</CPU>
  <RAM>0.731GB</RAM>
  <DISK>0.098GB</DISK>
</comp>
<comp>
  <id>Comp:12-5-1</id>
  <CPU>0.76Gf</CPU>
  <RAM>0.731GB</RAM>
  <DISK>0.098GB</DISK>
</comp>
<comp>
  <id>Comp:12-5-2</id>
  <CPU>0.76Gf</CPU>
  <RAM>0.731GB</RAM>
  <DISK>0.098GB</DISK>
</comp>
<comp>
  <id>Comp:12-5-3</id>
  <CPU>0.76Gf</CPU>
  <RAM>0.731GB</RAM>
  <DISK>0.098GB</DISK>
</comp>
<comp>
  <id>Comp:12-5-4</id>
  <CPU>0.76Gf</CPU>
  <RAM>0.731GB</RAM>
  <DISK>0.098GB</DISK>
</comp>
<comp>
  <id>Comp:12-5-5</id>
  <CPU>0.76Gf</CPU>
  <RAM>0.731GB</RAM>
  <DISK>0.098GB</DISK>
</comp>
<comp>
  <id>Comp:12-5-6</id>
  <CPU>0.76Gf</CPU>
  <RAM>0.731GB</RAM>
  <DISK>0.098GB</DISK>
</comp>
<comp>
  <id>Comp:12-5-7</id>
  <CPU>0.76Gf</CPU>
  <RAM>0.731GB</RAM>
  <DISK>0.098GB</DISK>
</comp>
<comp>
  <id>Comp:12-5-8</id>
  <CPU>0.76Gf</CPU>
  <RAM>0.731GB</RAM>
  <DISK>0.098GB</DISK>
</comp>
  <bind>Comp:12-1-0 Appliance-28 0.802MBps 40.1ms</bind>
  <bind>Appliance-28 Comp:12-1-0 0.802MBps 40.1ms</bind>
  <bind>Comp:12-1-1 Appliance-34 0.802MBps 40.1ms</bind>
  <bind>Appliance-34 Comp:12-1-1 0.802MBps 40.1ms</bind>
  <bind>Comp:12-1-0 Appliance-19 0.802MBps 40.1ms</bind>
  <bind>Appliance-19 Comp:12-1-0 0.802MBps 40.1ms</bind>
  <bind>Comp:12-1-1 Appliance-34 0.802MBps 40.1ms</bind>
  <bind>Appliance-34 Comp:12-1-1 0.802MBps 40.1ms</bind>
  <bind>Comp:12-1-0 Appliance-24 0.802MBps 40.1ms</bind>
  <bind>Appliance-24 Comp:12-1-0 0.802MBps 40.1ms</bind>
  <bind>Comp:12-1-1 Appliance-38 0.802MBps 40.1ms</bind>
  <bind>Appliance-38 Comp:12-1-1 0.802MBps 40.1ms</bind>
  <bind>Comp:12-1-0 Appliance-24 0.802MBps 40.1ms</bind>
  <bind>Appliance-24 Comp:12-1-0 0.802MBps 40.1ms</bind>
  <bind>Comp:12-2-0 Comp:12-1-0 0.837MBps 37.1ms</bind>
  <bind>Comp:12-1-0 Comp:12-2-0 0.837MBps 37.1ms</bind>
  <bind>Comp:12-2-1 Comp:12-1-1 0.837MBps 37.1ms</bind>
  <bind>Comp:12-1-1 Comp:12-2-1 0.837MBps 37.1ms</bind>
  <bind>Comp:12-2-2 Comp:12-1-0 0.837MBps 37.1ms</bind>
  <bind>Comp:12-1-0 Comp:12-2-2 0.837MBps 37.1ms</bind>
  <bind>Comp:12-2-3 Comp:12-1-1 0.837MBps 37.1ms</bind>
  <bind>Comp:12-1-1 Comp:12-2-3 0.837MBps 37.1ms</bind>
  <bind>Comp:12-2-4 Comp:12-1-0 0.837MBps 37.1ms</bind>
  <bind>Comp:12-1-0 Comp:12-2-4 0.837MBps 37.1ms</bind>
  <bind>Comp:12-2-5 Comp:12-1-1 0.837MBps 37.1ms</bind>
  <bind>Comp:12-1-1 Comp:12-2-5 0.837MBps 37.1ms</bind>
  <bind>Comp:12-3-0 Comp:12-2-0 0.0846MBps 46.6ms</bind>
  <bind>Comp:12-2-0 Comp:12-3-0 0.0846MBps 46.6ms</bind>
  <bind>Comp:12-3-1 Comp:12-2-1 0.0846MBps 46.6ms</bind>
  <bind>Comp:12-2-1 Comp:12-3-1 0.0846MBps 46.6ms</bind>
  <bind>Comp:12-3-2 Comp:12-2-2 0.0846MBps 46.6ms</bind>
  <bind>Comp:12-2-2 Comp:12-3-2 0.0846MBps 46.6ms</bind>
  <bind>Comp:12-3-3 Comp:12-2-3 0.0846MBps 46.6ms</bind>
  <bind>Comp:12-2-3 Comp:12-3-3 0.0846MBps 46.6ms</bind>
  <bind>Comp:12-3-0 Comp:12-2-4 0.0846MBps 46.6ms</bind>
  <bind>Comp:12-2-4 Comp:12-3-0 0.0846MBps 46.6ms</bind>
  <bind>Comp:12-3-1 Comp:12-2-5 0.0846MBps 46.6ms</bind>
  <bind>Comp:12-2-5 Comp:12-3-1 0.0846MBps 46.6ms</bind>
  <bind>Comp:12-4-0 Comp:12-3-0 0.033MBps 49.2ms</bind>
  <bind>Comp:12-3-0 Comp:12-4-0 0.033MBps 49.2ms</bind>
  <bind>Comp:12-4-1 Comp:12-3-1 0.033MBps 49.2ms</bind>
  <bind>Comp:12-3-1 Comp:12-4-1 0.033MBps 49.2ms</bind>
  <bind>Comp:12-4-2 Comp:12-3-2 0.033MBps 49.2ms</bind>
  <bind>Comp:12-3-2 Comp:12-4-2 0.033MBps 49.2ms</bind>
  <bind>Comp:12-4-3 Comp:12-3-3 0.033MBps 49.2ms</bind>
  <bind>Comp:12-3-3 Comp:12-4-3 0.033MBps 49.2ms</bind>
  <bind>Comp:12-4-4 Comp:12-3-0 0.033MBps 49.2ms</bind>
  <bind>Comp:12-3-0 Comp:12-4-4 0.033MBps 49.2ms</bind>
  <bind>Comp:12-4-5 Comp:12-3-1 0.033MBps 49.2ms</bind>
  <bind>Comp:12-3-1 Comp:12-4-5 0.033MBps 49.2ms</bind>
  <bind>Comp:12-4-6 Comp:12-3-2 0.033MBps 49.2ms</bind>
  <bind>Comp:12-3-2 Comp:12-4-6 0.033MBps 49.2ms</bind>
  <bind>Comp:12-4-7 Comp:12-3-3 0.033MBps 49.2ms</bind>
  <bind>Comp:12-3-3 Comp:12-4-7 0.033MBps 49.2ms</bind>
  <bind>Comp:12-4-0 Comp:12-5-0 0.385MBps 28.4ms</bind>
  <bind>Comp:12-5-0 Comp:12-4-0 0.385MBps 28.4ms</bind>
  <bind>Comp:12-4-1 Comp:12-5-1 0.385MBps 28.4ms</bind>
  <bind>Comp:12-5-1 Comp:12-4-1 0.385MBps 28.4ms</bind>
  <bind>Comp:12-4-2 Comp:12-5-2 0.385MBps 28.4ms</bind>
  <bind>Comp:12-5-2 Comp:12-4-2 0.385MBps 28.4ms</bind>
  <bind>Comp:12-4-3 Comp:12-5-3 0.385MBps 28.4ms</bind>
  <bind>Comp:12-5-3 Comp:12-4-3 0.385MBps 28.4ms</bind>
  <bind>Comp:12-4-4 Comp:12-5-4 0.385MBps 28.4ms</bind>
  <bind>Comp:12-5-4 Comp:12-4-4 0.385MBps 28.4ms</bind>
  <bind>Comp:12-4-5 Comp:12-5-5 0.385MBps 28.4ms</bind>
  <bind>Comp:12-5-5 Comp:12-4-5 0.385MBps 28.4ms</bind>
  <bind>Comp:12-4-6 Comp:12-5-6 0.385MBps 28.4ms</bind>
  <bind>Comp:12-5-6 Comp:12-4-6 0.385MBps 28.4ms</bind>
  <bind>Comp:12-4-7 Comp:12-5-7 0.385MBps 28.4ms</bind>
  <bind>Comp:12-5-7 Comp:12-4-7 0.385MBps 28.4ms</bind>
  <bind>Comp:12-4-0 Comp:12-5-8 0.385MBps 28.4ms</bind>
  <bind>Comp:12-5-8 Comp:12-4-0 0.385MBps 28.4ms</bind>
</app>
<app>
  <id>App13</id>
<comp>
  <id>Comp:13-1-0</id>
  <CPU>0.821Gf</CPU>
  <RAM>0.391GB</RAM>
  <DISK>0.0258GB</DISK>
</comp>
<comp>
  <id>Comp:13-1-1</id>
  <CPU>0.821Gf</CPU>
  <RAM>0.391GB</RAM>
  <DISK>0.0258GB</DISK>
</comp>
<comp>
  <id>Comp:13-2-0</id>
  <CPU>0.92Gf</CPU>
  <RAM>0.851GB</RAM>
  <DISK>0.117GB</DISK>
</comp>
<comp>
  <id>Comp:13-2-1</id>
  <CPU>0.92Gf</CPU>
  <RAM>0.851GB</RAM>
  <DISK>0.117GB</DISK>
</comp>
<comp>
  <id>Comp:13-2-2</id>
  <CPU>0.92Gf</CPU>
  <RAM>0.851GB</RAM>
  <DISK>0.117GB</DISK>
</comp>
<comp>
  <id>Comp:13-2-3</id>
  <CPU>0.92Gf</CPU>
  <RAM>0.851GB</RAM>
  <DISK>0.117GB</DISK>
</comp>
<comp>
  <id>Comp:13-3-0</id>
  <CPU>0.697Gf</CPU>
  <RAM>0.51GB</RAM>
  <DISK>1.35GB</DISK>
</comp>
<comp>
  <id>Comp:13-3-1</id>
  <CPU>0.697Gf</CPU>
  <RAM>0.51GB</RAM>
  <DISK>1.35GB</DISK>
</comp>
<comp>
  <id>Comp:13-3-2</id>
  <CPU>0.697Gf</CPU>
  <RAM>0.51GB</RAM>
  <DISK>1.35GB</DISK>
</comp>
<comp>
  <id>Comp:13-3-3</id>
  <CPU>0.697Gf</CPU>
  <RAM>0.51GB</RAM>
  <DISK>1.35GB</DISK>
</comp>
<comp>
  <id>Comp:13-3-4</id>
  <CPU>0.697Gf</CPU>
  <RAM>0.51GB</RAM>
  <DISK>1.35GB</DISK>
</comp>
<comp>
  <id>Comp:13-4-0</id>
  <CPU>0.945Gf</CPU>
  <RAM>0.452GB</RAM>
  <DISK>1.39GB</DISK>
</comp>
<comp>
  <id>Comp:13-4-1</id>
  <CPU>0.945Gf</CPU>
  <RAM>0.452GB</RAM>
  <DISK>1.39GB</DISK>
</comp>
<comp>
  <id>Comp:13-4-2</id>
  <CPU>0.945Gf</CPU>
  <RAM>0.452GB</RAM>
  <DISK>1.39GB</DISK>
</comp>
<comp>
  <id>Comp:13-4-3</id>
  <CPU>0.945Gf</CPU>
  <RAM>0.452GB</RAM>
  <DISK>1.39GB</DISK>
</comp>
<comp>
  <id>Comp:13-4-4</id>
  <CPU>0.945Gf</CPU>
  <RAM>0.452GB</RAM>
  <DISK>1.39GB</DISK>
</comp>
<comp>
  <id>Comp:13-4-5</id>
  <CPU>0.945Gf</CPU>
  <RAM>0.452GB</RAM>
  <DISK>1.39GB</DISK>
</comp>
<comp>
  <id>Comp:13-5-0</id>
  <CPU>0.23Gf</CPU>
  <RAM>0.642GB</RAM>
  <DISK>0.0714GB</DISK>
</comp>
<comp>
  <id>Comp:13-5-1</id>
  <CPU>0.23Gf</CPU>
  <RAM>0.642GB</RAM>
  <DISK>0.0714GB</DISK>
</comp>
<comp>
  <id>Comp:13-5-2</id>
  <CPU>0.23Gf</CPU>
  <RAM>0.642GB</RAM>
  <DISK>0.0714GB</DISK>
</comp>
<comp>
  <id>Comp:13-5-3</id>
  <CPU>0.23Gf</CPU>
  <RAM>0.642GB</RAM>
  <DISK>0.0714GB</DISK>
</comp>
<comp>
  <id>Comp:13-5-4</id>
  <CPU>0.23Gf</CPU>
  <RAM>0.642GB</RAM>
  <DISK>0.0714GB</DISK>
</comp>
<comp>
  <id>Comp:13-5-5</id>
  <CPU>0.23Gf</CPU>
  <RAM>0.642GB</RAM>
  <DISK>0.0714GB</DISK>
</comp>
<comp>
  <id>Comp:13-5-6</id>
  <CPU>0.23Gf</CPU>
  <RAM>0.642GB</RAM>
  <DISK>0.0714GB</DISK>
</comp>
<comp>
  <id>Comp:13-5-7</id>
  <CPU>0.23Gf</CPU>
  <RAM>0.642GB</RAM>
  <DISK>0.0714GB</DISK>
</comp>
<comp>
  <id>Comp:13-5-8</id>
  <CPU>0.23Gf</CPU>
  <RAM>0.642GB</RAM>
  <DISK>0.0714GB</DISK>
</comp>
<comp>
  <id>Comp:13-6-0</id>
  <CPU>0.724Gf</CPU>
  <RAM>0.127GB</RAM>
  <DISK>1.46GB</DISK>
</comp>
<comp>
  <id>Comp:13-6-1</id>
  <CPU>0.724Gf</CPU>
  <RAM>0.127GB</RAM>
  <DISK>1.46GB</DISK>
</comp>
<comp>
  <id>Comp:13-6-2</id>
  <CPU>0.724Gf</CPU>
  <RAM>0.127GB</RAM>
  <DISK>1.46GB</DISK>
</comp>
<comp>
  <id>Comp:13-6-3</id>
  <CPU>0.724Gf</CPU>
  <RAM>0.127GB</RAM>
  <DISK>1.46GB</DISK>
</comp>
<comp>
  <id>Comp:13-6-4</id>
  <CPU>0.724Gf</CPU>
  <RAM>0.127GB</RAM>
  <DISK>1.46GB</DISK>
</comp>
<comp>
  <id>Comp:13-6-5</id>
  <CPU>0.724Gf</CPU>
  <RAM>0.127GB</RAM>
  <DISK>1.46GB</DISK>
</comp>
<comp>
  <id>Comp:13-6-6</id>
  <CPU>0.724Gf</CPU>
  <RAM>0.127GB</RAM>
  <DISK>1.46GB</DISK>
</comp>
<comp>
  <id>Comp:13-6-7</id>
  <CPU>0.724Gf</CPU>
  <RAM>0.127GB</RAM>
  <DISK>1.46GB</DISK>
</comp>
<comp>
  <id>Comp:13-6-8</id>
  <CPU>0.724Gf</CPU>
  <RAM>0.127GB</RAM>
  <DISK>1.46GB</DISK>
</comp>
  <bind>Comp:13-1-0 Appliance-25 0.0766MBps 37.2ms</bind>
  <bind>Appliance-25 Comp:13-1-0 0.0766MBps 37.2ms</bind>
  <bind>Comp:13-1-1 Appliance-25 0.0766MBps 37.2ms</bind>
  <bind>Appliance-25 Comp:13-1-1 0.0766MBps 37.2ms</bind>
  <bind>Comp:13-1-0 Appliance-15 0.0766MBps 37.2ms</bind>
  <bind>Appliance-15 Comp:13-1-0 0.0766MBps 37.2ms</bind>
  <bind>Comp:13-1-1 Appliance-11 0.0766MBps 37.2ms</bind>
  <bind>Appliance-11 Comp:13-1-1 0.0766MBps 37.2ms</bind>
  <bind>Comp:13-1-0 Appliance-1 0.0766MBps 37.2ms</bind>
  <bind>Appliance-1 Comp:13-1-0 0.0766MBps 37.2ms</bind>
  <bind>Comp:13-1-1 Appliance-15 0.0766MBps 37.2ms</bind>
  <bind>Appliance-15 Comp:13-1-1 0.0766MBps 37.2ms</bind>
  <bind>Comp:13-1-0 Appliance-1 0.0766MBps 37.2ms</bind>
  <bind>Appliance-1 Comp:13-1-0 0.0766MBps 37.2ms</bind>
  <bind>Comp:13-1-1 Appliance-32 0.0766MBps 37.2ms</bind>
  <bind>Appliance-32 Comp:13-1-1 0.0766MBps 37.2ms</bind>
  <bind>Comp:13-1-0 Appliance-21 0.0766MBps 37.2ms</bind>
  <bind>Appliance-21 Comp:13-1-0 0.0766MBps 37.2ms</bind>
  <bind>Comp:13-2-0 Comp:13-1-0 0.707MBps 33.1ms</bind>
  <bind>Comp:13-1-0 Comp:13-2-0 0.707MBps 33.1ms</bind>
  <bind>Comp:13-2-1 Comp:13-1-1 0.707MBps 33.1ms</bind>
  <bind>Comp:13-1-1 Comp:13-2-1 0.707MBps 33.1ms</bind>
  <bind>Comp:13-2-2 Comp:13-1-0 0.707MBps 33.1ms</bind>
  <bind>Comp:13-1-0 Comp:13-2-2 0.707MBps 33.1ms</bind>
  <bind>Comp:13-2-3 Comp:13-1-1 0.707MBps 33.1ms</bind>
  <bind>Comp:13-1-1 Comp:13-2-3 0.707MBps 33.1ms</bind>
  <bind>Comp:13-3-0 Comp:13-2-0 0.915MBps 49.5ms</bind>
  <bind>Comp:13-2-0 Comp:13-3-0 0.915MBps 49.5ms</bind>
  <bind>Comp:13-3-1 Comp:13-2-1 0.915MBps 49.5ms</bind>
  <bind>Comp:13-2-1 Comp:13-3-1 0.915MBps 49.5ms</bind>
  <bind>Comp:13-3-2 Comp:13-2-2 0.915MBps 49.5ms</bind>
  <bind>Comp:13-2-2 Comp:13-3-2 0.915MBps 49.5ms</bind>
  <bind>Comp:13-3-3 Comp:13-2-3 0.915MBps 49.5ms</bind>
  <bind>Comp:13-2-3 Comp:13-3-3 0.915MBps 49.5ms</bind>
  <bind>Comp:13-3-4 Comp:13-2-0 0.915MBps 49.5ms</bind>
  <bind>Comp:13-2-0 Comp:13-3-4 0.915MBps 49.5ms</bind>
  <bind>Comp:13-4-0 Comp:13-3-0 0.0547MBps 33.3ms</bind>
  <bind>Comp:13-3-0 Comp:13-4-0 0.0547MBps 33.3ms</bind>
  <bind>Comp:13-4-1 Comp:13-3-1 0.0547MBps 33.3ms</bind>
  <bind>Comp:13-3-1 Comp:13-4-1 0.0547MBps 33.3ms</bind>
  <bind>Comp:13-4-2 Comp:13-3-2 0.0547MBps 33.3ms</bind>
  <bind>Comp:13-3-2 Comp:13-4-2 0.0547MBps 33.3ms</bind>
  <bind>Comp:13-4-3 Comp:13-3-3 0.0547MBps 33.3ms</bind>
  <bind>Comp:13-3-3 Comp:13-4-3 0.0547MBps 33.3ms</bind>
  <bind>Comp:13-4-4 Comp:13-3-4 0.0547MBps 33.3ms</bind>
  <bind>Comp:13-3-4 Comp:13-4-4 0.0547MBps 33.3ms</bind>
  <bind>Comp:13-4-5 Comp:13-3-0 0.0547MBps 33.3ms</bind>
  <bind>Comp:13-3-0 Comp:13-4-5 0.0547MBps 33.3ms</bind>
  <bind>Comp:13-5-0 Comp:13-4-0 0.925MBps 28.9ms</bind>
  <bind>Comp:13-4-0 Comp:13-5-0 0.925MBps 28.9ms</bind>
  <bind>Comp:13-5-1 Comp:13-4-1 0.925MBps 28.9ms</bind>
  <bind>Comp:13-4-1 Comp:13-5-1 0.925MBps 28.9ms</bind>
  <bind>Comp:13-5-2 Comp:13-4-2 0.925MBps 28.9ms</bind>
  <bind>Comp:13-4-2 Comp:13-5-2 0.925MBps 28.9ms</bind>
  <bind>Comp:13-5-3 Comp:13-4-3 0.925MBps 28.9ms</bind>
  <bind>Comp:13-4-3 Comp:13-5-3 0.925MBps 28.9ms</bind>
  <bind>Comp:13-5-4 Comp:13-4-4 0.925MBps 28.9ms</bind>
  <bind>Comp:13-4-4 Comp:13-5-4 0.925MBps 28.9ms</bind>
  <bind>Comp:13-5-5 Comp:13-4-5 0.925MBps 28.9ms</bind>
  <bind>Comp:13-4-5 Comp:13-5-5 0.925MBps 28.9ms</bind>
  <bind>Comp:13-5-6 Comp:13-4-0 0.925MBps 28.9ms</bind>
  <bind>Comp:13-4-0 Comp:13-5-6 0.925MBps 28.9ms</bind>
  <bind>Comp:13-5-7 Comp:13-4-1 0.925MBps 28.9ms</bind>
  <bind>Comp:13-4-1 Comp:13-5-7 0.925MBps 28.9ms</bind>
  <bind>Comp:13-5-8 Comp:13-4-2 0.925MBps 28.9ms</bind>
  <bind>Comp:13-4-2 Comp:13-5-8 0.925MBps 28.9ms</bind>
  <bind>Comp:13-5-0 Comp:13-6-0 0.624MBps 44.3ms</bind>
  <bind>Comp:13-6-0 Comp:13-5-0 0.624MBps 44.3ms</bind>
  <bind>Comp:13-5-1 Comp:13-6-1 0.624MBps 44.3ms</bind>
  <bind>Comp:13-6-1 Comp:13-5-1 0.624MBps 44.3ms</bind>
  <bind>Comp:13-5-2 Comp:13-6-2 0.624MBps 44.3ms</bind>
  <bind>Comp:13-6-2 Comp:13-5-2 0.624MBps 44.3ms</bind>
  <bind>Comp:13-5-3 Comp:13-6-3 0.624MBps 44.3ms</bind>
  <bind>Comp:13-6-3 Comp:13-5-3 0.624MBps 44.3ms</bind>
  <bind>Comp:13-5-4 Comp:13-6-4 0.624MBps 44.3ms</bind>
  <bind>Comp:13-6-4 Comp:13-5-4 0.624MBps 44.3ms</bind>
  <bind>Comp:13-5-5 Comp:13-6-5 0.624MBps 44.3ms</bind>
  <bind>Comp:13-6-5 Comp:13-5-5 0.624MBps 44.3ms</bind>
  <bind>Comp:13-5-6 Comp:13-6-6 0.624MBps 44.3ms</bind>
  <bind>Comp:13-6-6 Comp:13-5-6 0.624MBps 44.3ms</bind>
  <bind>Comp:13-5-7 Comp:13-6-7 0.624MBps 44.3ms</bind>
  <bind>Comp:13-6-7 Comp:13-5-7 0.624MBps 44.3ms</bind>
  <bind>Comp:13-5-8 Comp:13-6-8 0.624MBps 44.3ms</bind>
  <bind>Comp:13-6-8 Comp:13-5-8 0.624MBps 44.3ms</bind>
</app>
<app>
  <id>App14</id>
<comp>
  <id>Comp:14-1-0</id>
  <CPU>0.403Gf</CPU>
  <RAM>0.46GB</RAM>
  <DISK>1.08GB</DISK>
</comp>
<comp>
  <id>Comp:14-2-0</id>
  <CPU>0.931Gf</CPU>
  <RAM>0.515GB</RAM>
  <DISK>0.993GB</DISK>
</comp>
<comp>
  <id>Comp:14-2-1</id>
  <CPU>0.931Gf</CPU>
  <RAM>0.515GB</RAM>
  <DISK>0.993GB</DISK>
</comp>
<comp>
  <id>Comp:14-2-2</id>
  <CPU>0.931Gf</CPU>
  <RAM>0.515GB</RAM>
  <DISK>0.993GB</DISK>
</comp>
<comp>
  <id>Comp:14-2-3</id>
  <CPU>0.931Gf</CPU>
  <RAM>0.515GB</RAM>
  <DISK>0.993GB</DISK>
</comp>
<comp>
  <id>Comp:14-2-4</id>
  <CPU>0.931Gf</CPU>
  <RAM>0.515GB</RAM>
  <DISK>0.993GB</DISK>
</comp>
<comp>
  <id>Comp:14-2-5</id>
  <CPU>0.931Gf</CPU>
  <RAM>0.515GB</RAM>
  <DISK>0.993GB</DISK>
</comp>
<comp>
  <id>Comp:14-2-6</id>
  <CPU>0.931Gf</CPU>
  <RAM>0.515GB</RAM>
  <DISK>0.993GB</DISK>
</comp>
<comp>
  <id>Comp:14-2-7</id>
  <CPU>0.931Gf</CPU>
  <RAM>0.515GB</RAM>
  <DISK>0.993GB</DISK>
</comp>
  <bind>Comp:14-1-0 Appliance-16 0.893MBps 41.8ms</bind>
  <bind>Appliance-16 Comp:14-1-0 0.893MBps 41.8ms</bind>
  <bind>Comp:14-1-0 Appliance-9 0.893MBps 41.8ms</bind>
  <bind>Appliance-9 Comp:14-1-0 0.893MBps 41.8ms</bind>
  <bind>Comp:14-1-0 Appliance-8 0.893MBps 41.8ms</bind>
  <bind>Appliance-8 Comp:14-1-0 0.893MBps 41.8ms</bind>
  <bind>Comp:14-1-0 Comp:14-2-0 0.975MBps 30.5ms</bind>
  <bind>Comp:14-2-0 Comp:14-1-0 0.975MBps 30.5ms</bind>
  <bind>Comp:14-1-0 Comp:14-2-1 0.975MBps 30.5ms</bind>
  <bind>Comp:14-2-1 Comp:14-1-0 0.975MBps 30.5ms</bind>
  <bind>Comp:14-1-0 Comp:14-2-2 0.975MBps 30.5ms</bind>
  <bind>Comp:14-2-2 Comp:14-1-0 0.975MBps 30.5ms</bind>
  <bind>Comp:14-1-0 Comp:14-2-3 0.975MBps 30.5ms</bind>
  <bind>Comp:14-2-3 Comp:14-1-0 0.975MBps 30.5ms</bind>
  <bind>Comp:14-1-0 Comp:14-2-4 0.975MBps 30.5ms</bind>
  <bind>Comp:14-2-4 Comp:14-1-0 0.975MBps 30.5ms</bind>
  <bind>Comp:14-1-0 Comp:14-2-5 0.975MBps 30.5ms</bind>
  <bind>Comp:14-2-5 Comp:14-1-0 0.975MBps 30.5ms</bind>
  <bind>Comp:14-1-0 Comp:14-2-6 0.975MBps 30.5ms</bind>
  <bind>Comp:14-2-6 Comp:14-1-0 0.975MBps 30.5ms</bind>
  <bind>Comp:14-1-0 Comp:14-2-7 0.975MBps 30.5ms</bind>
  <bind>Comp:14-2-7 Comp:14-1-0 0.975MBps 30.5ms</bind>
</app>
<app>
  <id>App15</id>
<comp>
  <id>Comp:15-1-0</id>
  <CPU>0.778Gf</CPU>
  <RAM>0.398GB</RAM>
  <DISK>0.513GB</DISK>
</comp>
<comp>
  <id>Comp:15-1-1</id>
  <CPU>0.778Gf</CPU>
  <RAM>0.398GB</RAM>
  <DISK>0.513GB</DISK>
</comp>
<comp>
  <id>Comp:15-1-2</id>
  <CPU>0.778Gf</CPU>
  <RAM>0.398GB</RAM>
  <DISK>0.513GB</DISK>
</comp>
<comp>
  <id>Comp:15-1-3</id>
  <CPU>0.778Gf</CPU>
  <RAM>0.398GB</RAM>
  <DISK>0.513GB</DISK>
</comp>
<comp>
  <id>Comp:15-1-4</id>
  <CPU>0.778Gf</CPU>
  <RAM>0.398GB</RAM>
  <DISK>0.513GB</DISK>
</comp>
<comp>
  <id>Comp:15-1-5</id>
  <CPU>0.778Gf</CPU>
  <RAM>0.398GB</RAM>
  <DISK>0.513GB</DISK>
</comp>
<comp>
  <id>Comp:15-1-6</id>
  <CPU>0.778Gf</CPU>
  <RAM>0.398GB</RAM>
  <DISK>0.513GB</DISK>
</comp>
<comp>
  <id>Comp:15-2-0</id>
  <CPU>0.925Gf</CPU>
  <RAM>0.467GB</RAM>
  <DISK>0.315GB</DISK>
</comp>
<comp>
  <id>Comp:15-2-1</id>
  <CPU>0.925Gf</CPU>
  <RAM>0.467GB</RAM>
  <DISK>0.315GB</DISK>
</comp>
<comp>
  <id>Comp:15-2-2</id>
  <CPU>0.925Gf</CPU>
  <RAM>0.467GB</RAM>
  <DISK>0.315GB</DISK>
</comp>
<comp>
  <id>Comp:15-3-0</id>
  <CPU>0.106Gf</CPU>
  <RAM>0.211GB</RAM>
  <DISK>1.21GB</DISK>
</comp>
<comp>
  <id>Comp:15-3-1</id>
  <CPU>0.106Gf</CPU>
  <RAM>0.211GB</RAM>
  <DISK>1.21GB</DISK>
</comp>
<comp>
  <id>Comp:15-3-2</id>
  <CPU>0.106Gf</CPU>
  <RAM>0.211GB</RAM>
  <DISK>1.21GB</DISK>
</comp>
<comp>
  <id>Comp:15-3-3</id>
  <CPU>0.106Gf</CPU>
  <RAM>0.211GB</RAM>
  <DISK>1.21GB</DISK>
</comp>
<comp>
  <id>Comp:15-3-4</id>
  <CPU>0.106Gf</CPU>
  <RAM>0.211GB</RAM>
  <DISK>1.21GB</DISK>
</comp>
<comp>
  <id>Comp:15-3-5</id>
  <CPU>0.106Gf</CPU>
  <RAM>0.211GB</RAM>
  <DISK>1.21GB</DISK>
</comp>
<comp>
  <id>Comp:15-3-6</id>
  <CPU>0.106Gf</CPU>
  <RAM>0.211GB</RAM>
  <DISK>1.21GB</DISK>
</comp>
<comp>
  <id>Comp:15-3-7</id>
  <CPU>0.106Gf</CPU>
  <RAM>0.211GB</RAM>
  <DISK>1.21GB</DISK>
</comp>
  <bind>Comp:15-1-0 Appliance-6 0.296MBps 30.8ms</bind>
  <bind>Appliance-6 Comp:15-1-0 0.296MBps 30.8ms</bind>
  <bind>Comp:15-1-1 Appliance-1 0.296MBps 30.8ms</bind>
  <bind>Appliance-1 Comp:15-1-1 0.296MBps 30.8ms</bind>
  <bind>Comp:15-1-2 Appliance-26 0.296MBps 30.8ms</bind>
  <bind>Appliance-26 Comp:15-1-2 0.296MBps 30.8ms</bind>
  <bind>Comp:15-1-3 Appliance-25 0.296MBps 30.8ms</bind>
  <bind>Appliance-25 Comp:15-1-3 0.296MBps 30.8ms</bind>
  <bind>Comp:15-1-4 Appliance-11 0.296MBps 30.8ms</bind>
  <bind>Appliance-11 Comp:15-1-4 0.296MBps 30.8ms</bind>
  <bind>Comp:15-1-5 Appliance-6 0.296MBps 30.8ms</bind>
  <bind>Appliance-6 Comp:15-1-5 0.296MBps 30.8ms</bind>
  <bind>Comp:15-1-6 Appliance-1 0.296MBps 30.8ms</bind>
  <bind>Appliance-1 Comp:15-1-6 0.296MBps 30.8ms</bind>
  <bind>Comp:15-2-0 Comp:15-1-0 0.318MBps 41.9ms</bind>
  <bind>Comp:15-1-0 Comp:15-2-0 0.318MBps 41.9ms</bind>
  <bind>Comp:15-2-1 Comp:15-1-1 0.318MBps 41.9ms</bind>
  <bind>Comp:15-1-1 Comp:15-2-1 0.318MBps 41.9ms</bind>
  <bind>Comp:15-2-2 Comp:15-1-2 0.318MBps 41.9ms</bind>
  <bind>Comp:15-1-2 Comp:15-2-2 0.318MBps 41.9ms</bind>
  <bind>Comp:15-2-0 Comp:15-1-3 0.318MBps 41.9ms</bind>
  <bind>Comp:15-1-3 Comp:15-2-0 0.318MBps 41.9ms</bind>
  <bind>Comp:15-2-1 Comp:15-1-4 0.318MBps 41.9ms</bind>
  <bind>Comp:15-1-4 Comp:15-2-1 0.318MBps 41.9ms</bind>
  <bind>Comp:15-2-2 Comp:15-1-5 0.318MBps 41.9ms</bind>
  <bind>Comp:15-1-5 Comp:15-2-2 0.318MBps 41.9ms</bind>
  <bind>Comp:15-2-0 Comp:15-1-6 0.318MBps 41.9ms</bind>
  <bind>Comp:15-1-6 Comp:15-2-0 0.318MBps 41.9ms</bind>
  <bind>Comp:15-2-0 Comp:15-3-0 0.419MBps 42.0ms</bind>
  <bind>Comp:15-3-0 Comp:15-2-0 0.419MBps 42.0ms</bind>
  <bind>Comp:15-2-1 Comp:15-3-1 0.419MBps 42.0ms</bind>
  <bind>Comp:15-3-1 Comp:15-2-1 0.419MBps 42.0ms</bind>
  <bind>Comp:15-2-2 Comp:15-3-2 0.419MBps 42.0ms</bind>
  <bind>Comp:15-3-2 Comp:15-2-2 0.419MBps 42.0ms</bind>
  <bind>Comp:15-2-0 Comp:15-3-3 0.419MBps 42.0ms</bind>
  <bind>Comp:15-3-3 Comp:15-2-0 0.419MBps 42.0ms</bind>
  <bind>Comp:15-2-1 Comp:15-3-4 0.419MBps 42.0ms</bind>
  <bind>Comp:15-3-4 Comp:15-2-1 0.419MBps 42.0ms</bind>
  <bind>Comp:15-2-2 Comp:15-3-5 0.419MBps 42.0ms</bind>
  <bind>Comp:15-3-5 Comp:15-2-2 0.419MBps 42.0ms</bind>
  <bind>Comp:15-2-0 Comp:15-3-6 0.419MBps 42.0ms</bind>
  <bind>Comp:15-3-6 Comp:15-2-0 0.419MBps 42.0ms</bind>
  <bind>Comp:15-2-1 Comp:15-3-7 0.419MBps 42.0ms</bind>
  <bind>Comp:15-3-7 Comp:15-2-1 0.419MBps 42.0ms</bind>
</app>
<app>
  <id>App16</id>
<comp>
  <id>Comp:16-1-0</id>
  <CPU>0.223Gf</CPU>
  <RAM>0.289GB</RAM>
  <DISK>0.681GB</DISK>
</comp>
<comp>
  <id>Comp:16-1-1</id>
  <CPU>0.223Gf</CPU>
  <RAM>0.289GB</RAM>
  <DISK>0.681GB</DISK>
</comp>
<comp>
  <id>Comp:16-1-2</id>
  <CPU>0.223Gf</CPU>
  <RAM>0.289GB</RAM>
  <DISK>0.681GB</DISK>
</comp>
<comp>
  <id>Comp:16-1-3</id>
  <CPU>0.223Gf</CPU>
  <RAM>0.289GB</RAM>
  <DISK>0.681GB</DISK>
</comp>
<comp>
  <id>Comp:16-2-0</id>
  <CPU>0.708Gf</CPU>
  <RAM>0.974GB</RAM>
  <DISK>1.4GB</DISK>
</comp>
<comp>
  <id>Comp:16-3-0</id>
  <CPU>0.734Gf</CPU>
  <RAM>0.706GB</RAM>
  <DISK>1.45GB</DISK>
</comp>
<comp>
  <id>Comp:16-3-1</id>
  <CPU>0.734Gf</CPU>
  <RAM>0.706GB</RAM>
  <DISK>1.45GB</DISK>
</comp>
<comp>
  <id>Comp:16-3-2</id>
  <CPU>0.734Gf</CPU>
  <RAM>0.706GB</RAM>
  <DISK>1.45GB</DISK>
</comp>
<comp>
  <id>Comp:16-3-3</id>
  <CPU>0.734Gf</CPU>
  <RAM>0.706GB</RAM>
  <DISK>1.45GB</DISK>
</comp>
<comp>
  <id>Comp:16-4-0</id>
  <CPU>0.478Gf</CPU>
  <RAM>0.811GB</RAM>
  <DISK>1.21GB</DISK>
</comp>
<comp>
  <id>Comp:16-4-1</id>
  <CPU>0.478Gf</CPU>
  <RAM>0.811GB</RAM>
  <DISK>1.21GB</DISK>
</comp>
<comp>
  <id>Comp:16-4-2</id>
  <CPU>0.478Gf</CPU>
  <RAM>0.811GB</RAM>
  <DISK>1.21GB</DISK>
</comp>
<comp>
  <id>Comp:16-4-3</id>
  <CPU>0.478Gf</CPU>
  <RAM>0.811GB</RAM>
  <DISK>1.21GB</DISK>
</comp>
<comp>
  <id>Comp:16-4-4</id>
  <CPU>0.478Gf</CPU>
  <RAM>0.811GB</RAM>
  <DISK>1.21GB</DISK>
</comp>
<comp>
  <id>Comp:16-4-5</id>
  <CPU>0.478Gf</CPU>
  <RAM>0.811GB</RAM>
  <DISK>1.21GB</DISK>
</comp>
<comp>
  <id>Comp:16-4-6</id>
  <CPU>0.478Gf</CPU>
  <RAM>0.811GB</RAM>
  <DISK>1.21GB</DISK>
</comp>
<comp>
  <id>Comp:16-5-0</id>
  <CPU>0.643Gf</CPU>
  <RAM>0.798GB</RAM>
  <DISK>0.449GB</DISK>
</comp>
<comp>
  <id>Comp:16-5-1</id>
  <CPU>0.643Gf</CPU>
  <RAM>0.798GB</RAM>
  <DISK>0.449GB</DISK>
</comp>
<comp>
  <id>Comp:16-6-0</id>
  <CPU>0.305Gf</CPU>
  <RAM>0.95GB</RAM>
  <DISK>0.447GB</DISK>
</comp>
<comp>
  <id>Comp:16-6-1</id>
  <CPU>0.305Gf</CPU>
  <RAM>0.95GB</RAM>
  <DISK>0.447GB</DISK>
</comp>
<comp>
  <id>Comp:16-6-2</id>
  <CPU>0.305Gf</CPU>
  <RAM>0.95GB</RAM>
  <DISK>0.447GB</DISK>
</comp>
<comp>
  <id>Comp:16-6-3</id>
  <CPU>0.305Gf</CPU>
  <RAM>0.95GB</RAM>
  <DISK>0.447GB</DISK>
</comp>
<comp>
  <id>Comp:16-6-4</id>
  <CPU>0.305Gf</CPU>
  <RAM>0.95GB</RAM>
  <DISK>0.447GB</DISK>
</comp>
<comp>
  <id>Comp:16-6-5</id>
  <CPU>0.305Gf</CPU>
  <RAM>0.95GB</RAM>
  <DISK>0.447GB</DISK>
</comp>
<comp>
  <id>Comp:16-6-6</id>
  <CPU>0.305Gf</CPU>
  <RAM>0.95GB</RAM>
  <DISK>0.447GB</DISK>
</comp>
<comp>
  <id>Comp:16-6-7</id>
  <CPU>0.305Gf</CPU>
  <RAM>0.95GB</RAM>
  <DISK>0.447GB</DISK>
</comp>
<comp>
  <id>Comp:16-6-8</id>
  <CPU>0.305Gf</CPU>
  <RAM>0.95GB</RAM>
  <DISK>0.447GB</DISK>
</comp>
  <bind>Comp:16-1-0 Appliance-35 0.923MBps 41.0ms</bind>
  <bind>Appliance-35 Comp:16-1-0 0.923MBps 41.0ms</bind>
  <bind>Comp:16-1-1 Appliance-35 0.923MBps 41.0ms</bind>
  <bind>Appliance-35 Comp:16-1-1 0.923MBps 41.0ms</bind>
  <bind>Comp:16-1-2 Appliance-19 0.923MBps 41.0ms</bind>
  <bind>Appliance-19 Comp:16-1-2 0.923MBps 41.0ms</bind>
  <bind>Comp:16-1-3 Appliance-38 0.923MBps 41.0ms</bind>
  <bind>Appliance-38 Comp:16-1-3 0.923MBps 41.0ms</bind>
  <bind>Comp:16-1-0 Appliance-20 0.923MBps 41.0ms</bind>
  <bind>Appliance-20 Comp:16-1-0 0.923MBps 41.0ms</bind>
  <bind>Comp:16-1-1 Appliance-12 0.923MBps 41.0ms</bind>
  <bind>Appliance-12 Comp:16-1-1 0.923MBps 41.0ms</bind>
  <bind>Comp:16-1-2 Appliance-37 0.923MBps 41.0ms</bind>
  <bind>Appliance-37 Comp:16-1-2 0.923MBps 41.0ms</bind>
  <bind>Comp:16-2-0 Comp:16-1-0 0.663MBps 47.9ms</bind>
  <bind>Comp:16-1-0 Comp:16-2-0 0.663MBps 47.9ms</bind>
  <bind>Comp:16-2-0 Comp:16-1-1 0.663MBps 47.9ms</bind>
  <bind>Comp:16-1-1 Comp:16-2-0 0.663MBps 47.9ms</bind>
  <bind>Comp:16-2-0 Comp:16-1-2 0.663MBps 47.9ms</bind>
  <bind>Comp:16-1-2 Comp:16-2-0 0.663MBps 47.9ms</bind>
  <bind>Comp:16-2-0 Comp:16-1-3 0.663MBps 47.9ms</bind>
  <bind>Comp:16-1-3 Comp:16-2-0 0.663MBps 47.9ms</bind>
  <bind>Comp:16-3-0 Comp:16-2-0 0.396MBps 46.4ms</bind>
  <bind>Comp:16-2-0 Comp:16-3-0 0.396MBps 46.4ms</bind>
  <bind>Comp:16-3-1 Comp:16-2-0 0.396MBps 46.4ms</bind>
  <bind>Comp:16-2-0 Comp:16-3-1 0.396MBps 46.4ms</bind>
  <bind>Comp:16-3-2 Comp:16-2-0 0.396MBps 46.4ms</bind>
  <bind>Comp:16-2-0 Comp:16-3-2 0.396MBps 46.4ms</bind>
  <bind>Comp:16-3-3 Comp:16-2-0 0.396MBps 46.4ms</bind>
  <bind>Comp:16-2-0 Comp:16-3-3 0.396MBps 46.4ms</bind>
  <bind>Comp:16-4-0 Comp:16-3-0 0.521MBps 46.6ms</bind>
  <bind>Comp:16-3-0 Comp:16-4-0 0.521MBps 46.6ms</bind>
  <bind>Comp:16-4-1 Comp:16-3-1 0.521MBps 46.6ms</bind>
  <bind>Comp:16-3-1 Comp:16-4-1 0.521MBps 46.6ms</bind>
  <bind>Comp:16-4-2 Comp:16-3-2 0.521MBps 46.6ms</bind>
  <bind>Comp:16-3-2 Comp:16-4-2 0.521MBps 46.6ms</bind>
  <bind>Comp:16-4-3 Comp:16-3-3 0.521MBps 46.6ms</bind>
  <bind>Comp:16-3-3 Comp:16-4-3 0.521MBps 46.6ms</bind>
  <bind>Comp:16-4-4 Comp:16-3-0 0.521MBps 46.6ms</bind>
  <bind>Comp:16-3-0 Comp:16-4-4 0.521MBps 46.6ms</bind>
  <bind>Comp:16-4-5 Comp:16-3-1 0.521MBps 46.6ms</bind>
  <bind>Comp:16-3-1 Comp:16-4-5 0.521MBps 46.6ms</bind>
  <bind>Comp:16-4-6 Comp:16-3-2 0.521MBps 46.6ms</bind>
  <bind>Comp:16-3-2 Comp:16-4-6 0.521MBps 46.6ms</bind>
  <bind>Comp:16-5-0 Comp:16-4-0 0.0274MBps 28.2ms</bind>
  <bind>Comp:16-4-0 Comp:16-5-0 0.0274MBps 28.2ms</bind>
  <bind>Comp:16-5-1 Comp:16-4-1 0.0274MBps 28.2ms</bind>
  <bind>Comp:16-4-1 Comp:16-5-1 0.0274MBps 28.2ms</bind>
  <bind>Comp:16-5-0 Comp:16-4-2 0.0274MBps 28.2ms</bind>
  <bind>Comp:16-4-2 Comp:16-5-0 0.0274MBps 28.2ms</bind>
  <bind>Comp:16-5-1 Comp:16-4-3 0.0274MBps 28.2ms</bind>
  <bind>Comp:16-4-3 Comp:16-5-1 0.0274MBps 28.2ms</bind>
  <bind>Comp:16-5-0 Comp:16-4-4 0.0274MBps 28.2ms</bind>
  <bind>Comp:16-4-4 Comp:16-5-0 0.0274MBps 28.2ms</bind>
  <bind>Comp:16-5-1 Comp:16-4-5 0.0274MBps 28.2ms</bind>
  <bind>Comp:16-4-5 Comp:16-5-1 0.0274MBps 28.2ms</bind>
  <bind>Comp:16-5-0 Comp:16-4-6 0.0274MBps 28.2ms</bind>
  <bind>Comp:16-4-6 Comp:16-5-0 0.0274MBps 28.2ms</bind>
  <bind>Comp:16-5-0 Comp:16-6-0 0.873MBps 32.6ms</bind>
  <bind>Comp:16-6-0 Comp:16-5-0 0.873MBps 32.6ms</bind>
  <bind>Comp:16-5-1 Comp:16-6-1 0.873MBps 32.6ms</bind>
  <bind>Comp:16-6-1 Comp:16-5-1 0.873MBps 32.6ms</bind>
  <bind>Comp:16-5-0 Comp:16-6-2 0.873MBps 32.6ms</bind>
  <bind>Comp:16-6-2 Comp:16-5-0 0.873MBps 32.6ms</bind>
  <bind>Comp:16-5-1 Comp:16-6-3 0.873MBps 32.6ms</bind>
  <bind>Comp:16-6-3 Comp:16-5-1 0.873MBps 32.6ms</bind>
  <bind>Comp:16-5-0 Comp:16-6-4 0.873MBps 32.6ms</bind>
  <bind>Comp:16-6-4 Comp:16-5-0 0.873MBps 32.6ms</bind>
  <bind>Comp:16-5-1 Comp:16-6-5 0.873MBps 32.6ms</bind>
  <bind>Comp:16-6-5 Comp:16-5-1 0.873MBps 32.6ms</bind>
  <bind>Comp:16-5-0 Comp:16-6-6 0.873MBps 32.6ms</bind>
  <bind>Comp:16-6-6 Comp:16-5-0 0.873MBps 32.6ms</bind>
  <bind>Comp:16-5-1 Comp:16-6-7 0.873MBps 32.6ms</bind>
  <bind>Comp:16-6-7 Comp:16-5-1 0.873MBps 32.6ms</bind>
  <bind>Comp:16-5-0 Comp:16-6-8 0.873MBps 32.6ms</bind>
  <bind>Comp:16-6-8 Comp:16-5-0 0.873MBps 32.6ms</bind>
</app>
<app>
  <id>App17</id>
<comp>
  <id>Comp:17-1-0</id>
  <CPU>0.173Gf</CPU>
  <RAM>0.614GB</RAM>
  <DISK>1.71GB</DISK>
</comp>
<comp>
  <id>Comp:17-1-1</id>
  <CPU>0.173Gf</CPU>
  <RAM>0.614GB</RAM>
  <DISK>1.71GB</DISK>
</comp>
<comp>
  <id>Comp:17-1-2</id>
  <CPU>0.173Gf</CPU>
  <RAM>0.614GB</RAM>
  <DISK>1.71GB</DISK>
</comp>
<comp>
  <id>Comp:17-1-3</id>
  <CPU>0.173Gf</CPU>
  <RAM>0.614GB</RAM>
  <DISK>1.71GB</DISK>
</comp>
<comp>
  <id>Comp:17-1-4</id>
  <CPU>0.173Gf</CPU>
  <RAM>0.614GB</RAM>
  <DISK>1.71GB</DISK>
</comp>
<comp>
  <id>Comp:17-1-5</id>
  <CPU>0.173Gf</CPU>
  <RAM>0.614GB</RAM>
  <DISK>1.71GB</DISK>
</comp>
<comp>
  <id>Comp:17-1-6</id>
  <CPU>0.173Gf</CPU>
  <RAM>0.614GB</RAM>
  <DISK>1.71GB</DISK>
</comp>
<comp>
  <id>Comp:17-2-0</id>
  <CPU>0.415Gf</CPU>
  <RAM>0.615GB</RAM>
  <DISK>0.937GB</DISK>
</comp>
<comp>
  <id>Comp:17-2-1</id>
  <CPU>0.415Gf</CPU>
  <RAM>0.615GB</RAM>
  <DISK>0.937GB</DISK>
</comp>
<comp>
  <id>Comp:17-2-2</id>
  <CPU>0.415Gf</CPU>
  <RAM>0.615GB</RAM>
  <DISK>0.937GB</DISK>
</comp>
<comp>
  <id>Comp:17-2-3</id>
  <CPU>0.415Gf</CPU>
  <RAM>0.615GB</RAM>
  <DISK>0.937GB</DISK>
</comp>
<comp>
  <id>Comp:17-2-4</id>
  <CPU>0.415Gf</CPU>
  <RAM>0.615GB</RAM>
  <DISK>0.937GB</DISK>
</comp>
<comp>
  <id>Comp:17-2-5</id>
  <CPU>0.415Gf</CPU>
  <RAM>0.615GB</RAM>
  <DISK>0.937GB</DISK>
</comp>
<comp>
  <id>Comp:17-2-6</id>
  <CPU>0.415Gf</CPU>
  <RAM>0.615GB</RAM>
  <DISK>0.937GB</DISK>
</comp>
<comp>
  <id>Comp:17-2-7</id>
  <CPU>0.415Gf</CPU>
  <RAM>0.615GB</RAM>
  <DISK>0.937GB</DISK>
</comp>
<comp>
  <id>Comp:17-2-8</id>
  <CPU>0.415Gf</CPU>
  <RAM>0.615GB</RAM>
  <DISK>0.937GB</DISK>
</comp>
<comp>
  <id>Comp:17-2-9</id>
  <CPU>0.415Gf</CPU>
  <RAM>0.615GB</RAM>
  <DISK>0.937GB</DISK>
</comp>
  <bind>Comp:17-1-0 Appliance-2 0.0874MBps 33.6ms</bind>
  <bind>Appliance-2 Comp:17-1-0 0.0874MBps 33.6ms</bind>
  <bind>Comp:17-1-1 Appliance-25 0.0874MBps 33.6ms</bind>
  <bind>Appliance-25 Comp:17-1-1 0.0874MBps 33.6ms</bind>
  <bind>Comp:17-1-2 Appliance-29 0.0874MBps 33.6ms</bind>
  <bind>Appliance-29 Comp:17-1-2 0.0874MBps 33.6ms</bind>
  <bind>Comp:17-1-3 Appliance-7 0.0874MBps 33.6ms</bind>
  <bind>Appliance-7 Comp:17-1-3 0.0874MBps 33.6ms</bind>
  <bind>Comp:17-1-4 Appliance-7 0.0874MBps 33.6ms</bind>
  <bind>Appliance-7 Comp:17-1-4 0.0874MBps 33.6ms</bind>
  <bind>Comp:17-1-5 Appliance-36 0.0874MBps 33.6ms</bind>
  <bind>Appliance-36 Comp:17-1-5 0.0874MBps 33.6ms</bind>
  <bind>Comp:17-1-6 Appliance-30 0.0874MBps 33.6ms</bind>
  <bind>Appliance-30 Comp:17-1-6 0.0874MBps 33.6ms</bind>
  <bind>Comp:17-1-0 Appliance-21 0.0874MBps 33.6ms</bind>
  <bind>Appliance-21 Comp:17-1-0 0.0874MBps 33.6ms</bind>
  <bind>Comp:17-1-0 Comp:17-2-0 0.0638MBps 46.9ms</bind>
  <bind>Comp:17-2-0 Comp:17-1-0 0.0638MBps 46.9ms</bind>
  <bind>Comp:17-1-1 Comp:17-2-1 0.0638MBps 46.9ms</bind>
  <bind>Comp:17-2-1 Comp:17-1-1 0.0638MBps 46.9ms</bind>
  <bind>Comp:17-1-2 Comp:17-2-2 0.0638MBps 46.9ms</bind>
  <bind>Comp:17-2-2 Comp:17-1-2 0.0638MBps 46.9ms</bind>
  <bind>Comp:17-1-3 Comp:17-2-3 0.0638MBps 46.9ms</bind>
  <bind>Comp:17-2-3 Comp:17-1-3 0.0638MBps 46.9ms</bind>
  <bind>Comp:17-1-4 Comp:17-2-4 0.0638MBps 46.9ms</bind>
  <bind>Comp:17-2-4 Comp:17-1-4 0.0638MBps 46.9ms</bind>
  <bind>Comp:17-1-5 Comp:17-2-5 0.0638MBps 46.9ms</bind>
  <bind>Comp:17-2-5 Comp:17-1-5 0.0638MBps 46.9ms</bind>
  <bind>Comp:17-1-6 Comp:17-2-6 0.0638MBps 46.9ms</bind>
  <bind>Comp:17-2-6 Comp:17-1-6 0.0638MBps 46.9ms</bind>
  <bind>Comp:17-1-0 Comp:17-2-7 0.0638MBps 46.9ms</bind>
  <bind>Comp:17-2-7 Comp:17-1-0 0.0638MBps 46.9ms</bind>
  <bind>Comp:17-1-1 Comp:17-2-8 0.0638MBps 46.9ms</bind>
  <bind>Comp:17-2-8 Comp:17-1-1 0.0638MBps 46.9ms</bind>
  <bind>Comp:17-1-2 Comp:17-2-9 0.0638MBps 46.9ms</bind>
  <bind>Comp:17-2-9 Comp:17-1-2 0.0638MBps 46.9ms</bind>
</app>
<app>
  <id>App18</id>
<comp>
  <id>Comp:18-1-0</id>
  <CPU>0.559Gf</CPU>
  <RAM>0.172GB</RAM>
  <DISK>0.335GB</DISK>
</comp>
<comp>
  <id>Comp:18-2-0</id>
  <CPU>0.759Gf</CPU>
  <RAM>0.372GB</RAM>
  <DISK>0.559GB</DISK>
</comp>
<comp>
  <id>Comp:18-2-1</id>
  <CPU>0.759Gf</CPU>
  <RAM>0.372GB</RAM>
  <DISK>0.559GB</DISK>
</comp>
<comp>
  <id>Comp:18-2-2</id>
  <CPU>0.759Gf</CPU>
  <RAM>0.372GB</RAM>
  <DISK>0.559GB</DISK>
</comp>
<comp>
  <id>Comp:18-2-3</id>
  <CPU>0.759Gf</CPU>
  <RAM>0.372GB</RAM>
  <DISK>0.559GB</DISK>
</comp>
<comp>
  <id>Comp:18-2-4</id>
  <CPU>0.759Gf</CPU>
  <RAM>0.372GB</RAM>
  <DISK>0.559GB</DISK>
</comp>
<comp>
  <id>Comp:18-3-0</id>
  <CPU>0.153Gf</CPU>
  <RAM>0.9GB</RAM>
  <DISK>1.98GB</DISK>
</comp>
<comp>
  <id>Comp:18-3-1</id>
  <CPU>0.153Gf</CPU>
  <RAM>0.9GB</RAM>
  <DISK>1.98GB</DISK>
</comp>
<comp>
  <id>Comp:18-3-2</id>
  <CPU>0.153Gf</CPU>
  <RAM>0.9GB</RAM>
  <DISK>1.98GB</DISK>
</comp>
<comp>
  <id>Comp:18-3-3</id>
  <CPU>0.153Gf</CPU>
  <RAM>0.9GB</RAM>
  <DISK>1.98GB</DISK>
</comp>
<comp>
  <id>Comp:18-3-4</id>
  <CPU>0.153Gf</CPU>
  <RAM>0.9GB</RAM>
  <DISK>1.98GB</DISK>
</comp>
<comp>
  <id>Comp:18-3-5</id>
  <CPU>0.153Gf</CPU>
  <RAM>0.9GB</RAM>
  <DISK>1.98GB</DISK>
</comp>
<comp>
  <id>Comp:18-4-0</id>
  <CPU>0.547Gf</CPU>
  <RAM>0.366GB</RAM>
  <DISK>0.895GB</DISK>
</comp>
<comp>
  <id>Comp:18-4-1</id>
  <CPU>0.547Gf</CPU>
  <RAM>0.366GB</RAM>
  <DISK>0.895GB</DISK>
</comp>
<comp>
  <id>Comp:18-5-0</id>
  <CPU>0.323Gf</CPU>
  <RAM>0.398GB</RAM>
  <DISK>0.305GB</DISK>
</comp>
<comp>
  <id>Comp:18-5-1</id>
  <CPU>0.323Gf</CPU>
  <RAM>0.398GB</RAM>
  <DISK>0.305GB</DISK>
</comp>
  <bind>Comp:18-1-0 Appliance-34 0.712MBps 31.6ms</bind>
  <bind>Appliance-34 Comp:18-1-0 0.712MBps 31.6ms</bind>
  <bind>Comp:18-1-0 Appliance-20 0.712MBps 31.6ms</bind>
  <bind>Appliance-20 Comp:18-1-0 0.712MBps 31.6ms</bind>
  <bind>Comp:18-1-0 Appliance-3 0.712MBps 31.6ms</bind>
  <bind>Appliance-3 Comp:18-1-0 0.712MBps 31.6ms</bind>
  <bind>Comp:18-1-0 Appliance-18 0.712MBps 31.6ms</bind>
  <bind>Appliance-18 Comp:18-1-0 0.712MBps 31.6ms</bind>
  <bind>Comp:18-1-0 Appliance-28 0.712MBps 31.6ms</bind>
  <bind>Appliance-28 Comp:18-1-0 0.712MBps 31.6ms</bind>
  <bind>Comp:18-1-0 Appliance-35 0.712MBps 31.6ms</bind>
  <bind>Appliance-35 Comp:18-1-0 0.712MBps 31.6ms</bind>
  <bind>Comp:18-1-0 Appliance-35 0.712MBps 31.6ms</bind>
  <bind>Appliance-35 Comp:18-1-0 0.712MBps 31.6ms</bind>
  <bind>Comp:18-1-0 Appliance-33 0.712MBps 31.6ms</bind>
  <bind>Appliance-33 Comp:18-1-0 0.712MBps 31.6ms</bind>
  <bind>Comp:18-2-0 Comp:18-1-0 0.813MBps 31.0ms</bind>
  <bind>Comp:18-1-0 Comp:18-2-0 0.813MBps 31.0ms</bind>
  <bind>Comp:18-2-1 Comp:18-1-0 0.813MBps 31.0ms</bind>
  <bind>Comp:18-1-0 Comp:18-2-1 0.813MBps 31.0ms</bind>
  <bind>Comp:18-2-2 Comp:18-1-0 0.813MBps 31.0ms</bind>
  <bind>Comp:18-1-0 Comp:18-2-2 0.813MBps 31.0ms</bind>
  <bind>Comp:18-2-3 Comp:18-1-0 0.813MBps 31.0ms</bind>
  <bind>Comp:18-1-0 Comp:18-2-3 0.813MBps 31.0ms</bind>
  <bind>Comp:18-2-4 Comp:18-1-0 0.813MBps 31.0ms</bind>
  <bind>Comp:18-1-0 Comp:18-2-4 0.813MBps 31.0ms</bind>
  <bind>Comp:18-3-0 Comp:18-2-0 0.304MBps 32.8ms</bind>
  <bind>Comp:18-2-0 Comp:18-3-0 0.304MBps 32.8ms</bind>
  <bind>Comp:18-3-1 Comp:18-2-1 0.304MBps 32.8ms</bind>
  <bind>Comp:18-2-1 Comp:18-3-1 0.304MBps 32.8ms</bind>
  <bind>Comp:18-3-2 Comp:18-2-2 0.304MBps 32.8ms</bind>
  <bind>Comp:18-2-2 Comp:18-3-2 0.304MBps 32.8ms</bind>
  <bind>Comp:18-3-3 Comp:18-2-3 0.304MBps 32.8ms</bind>
  <bind>Comp:18-2-3 Comp:18-3-3 0.304MBps 32.8ms</bind>
  <bind>Comp:18-3-4 Comp:18-2-4 0.304MBps 32.8ms</bind>
  <bind>Comp:18-2-4 Comp:18-3-4 0.304MBps 32.8ms</bind>
  <bind>Comp:18-3-5 Comp:18-2-0 0.304MBps 32.8ms</bind>
  <bind>Comp:18-2-0 Comp:18-3-5 0.304MBps 32.8ms</bind>
  <bind>Comp:18-4-0 Comp:18-3-0 0.143MBps 26.4ms</bind>
  <bind>Comp:18-3-0 Comp:18-4-0 0.143MBps 26.4ms</bind>
  <bind>Comp:18-4-1 Comp:18-3-1 0.143MBps 26.4ms</bind>
  <bind>Comp:18-3-1 Comp:18-4-1 0.143MBps 26.4ms</bind>
  <bind>Comp:18-4-0 Comp:18-3-2 0.143MBps 26.4ms</bind>
  <bind>Comp:18-3-2 Comp:18-4-0 0.143MBps 26.4ms</bind>
  <bind>Comp:18-4-1 Comp:18-3-3 0.143MBps 26.4ms</bind>
  <bind>Comp:18-3-3 Comp:18-4-1 0.143MBps 26.4ms</bind>
  <bind>Comp:18-4-0 Comp:18-3-4 0.143MBps 26.4ms</bind>
  <bind>Comp:18-3-4 Comp:18-4-0 0.143MBps 26.4ms</bind>
  <bind>Comp:18-4-1 Comp:18-3-5 0.143MBps 26.4ms</bind>
  <bind>Comp:18-3-5 Comp:18-4-1 0.143MBps 26.4ms</bind>
  <bind>Comp:18-5-0 Comp:18-4-0 0.266MBps 45.5ms</bind>
  <bind>Comp:18-4-0 Comp:18-5-0 0.266MBps 45.5ms</bind>
  <bind>Comp:18-5-1 Comp:18-4-1 0.266MBps 45.5ms</bind>
  <bind>Comp:18-4-1 Comp:18-5-1 0.266MBps 45.5ms</bind>
  <bind>Comp:18-5-0 Appliance-38 0.303MBps 48.7ms</bind>
  <bind>Appliance-38 Comp:18-5-0 0.303MBps 48.7ms</bind>
  <bind>Comp:18-5-1 Appliance-38 0.303MBps 48.7ms</bind>
  <bind>Appliance-38 Comp:18-5-1 0.303MBps 48.7ms</bind>
  <bind>Comp:18-5-0 Appliance-19 0.303MBps 48.7ms</bind>
  <bind>Appliance-19 Comp:18-5-0 0.303MBps 48.7ms</bind>
  <bind>Comp:18-5-1 Appliance-16 0.303MBps 48.7ms</bind>
  <bind>Appliance-16 Comp:18-5-1 0.303MBps 48.7ms</bind>
  <bind>Comp:18-5-0 Appliance-0 0.303MBps 48.7ms</bind>
  <bind>Appliance-0 Comp:18-5-0 0.303MBps 48.7ms</bind>
  <bind>Comp:18-5-1 Appliance-18 0.303MBps 48.7ms</bind>
  <bind>Appliance-18 Comp:18-5-1 0.303MBps 48.7ms</bind>
</app>
<app>
  <id>App19</id>
<comp>
  <id>Comp:19-0-0</id>
  <CPU>0.612Gf</CPU>
  <RAM>0.634GB</RAM>
  <DISK>1.03GB</DISK>
</comp>
<comp>
  <id>Comp:19-0-1</id>
  <CPU>0.612Gf</CPU>
  <RAM>0.634GB</RAM>
  <DISK>1.03GB</DISK>
</comp>
<comp>
  <id>Comp:19-0-2</id>
  <CPU>0.612Gf</CPU>
  <RAM>0.634GB</RAM>
  <DISK>1.03GB</DISK>
</comp>
<comp>
  <id>Comp:19-0-3</id>
  <CPU>0.612Gf</CPU>
  <RAM>0.634GB</RAM>
  <DISK>1.03GB</DISK>
</comp>
<comp>
  <id>Comp:19-0-4</id>
  <CPU>0.612Gf</CPU>
  <RAM>0.634GB</RAM>
  <DISK>1.03GB</DISK>
</comp>
<comp>
  <id>Comp:19-0-5</id>
  <CPU>0.612Gf</CPU>
  <RAM>0.634GB</RAM>
  <DISK>1.03GB</DISK>
</comp>
<comp>
  <id>Comp:19-0-6</id>
  <CPU>0.612Gf</CPU>
  <RAM>0.634GB</RAM>
  <DISK>1.03GB</DISK>
</comp>
<comp>
  <id>Comp:19-0-7</id>
  <CPU>0.612Gf</CPU>
  <RAM>0.634GB</RAM>
  <DISK>1.03GB</DISK>
</comp>
<comp>
  <id>Comp:19-0-8</id>
  <CPU>0.612Gf</CPU>
  <RAM>0.634GB</RAM>
  <DISK>1.03GB</DISK>
</comp>
<comp>
  <id>Comp:19-0-9</id>
  <CPU>0.612Gf</CPU>
  <RAM>0.634GB</RAM>
  <DISK>1.03GB</DISK>
</comp>
<comp>
  <id>Comp:19-1-0</id>
  <CPU>0.258Gf</CPU>
  <RAM>0.985GB</RAM>
  <DISK>1.13GB</DISK>
</comp>
<comp>
  <id>Comp:19-1-1</id>
  <CPU>0.258Gf</CPU>
  <RAM>0.985GB</RAM>
  <DISK>1.13GB</DISK>
</comp>
<comp>
  <id>Comp:19-1-2</id>
  <CPU>0.258Gf</CPU>
  <RAM>0.985GB</RAM>
  <DISK>1.13GB</DISK>
</comp>
<comp>
  <id>Comp:19-1-3</id>
  <CPU>0.258Gf</CPU>
  <RAM>0.985GB</RAM>
  <DISK>1.13GB</DISK>
</comp>
<comp>
  <id>Comp:19-1-4</id>
  <CPU>0.258Gf</CPU>
  <RAM>0.985GB</RAM>
  <DISK>1.13GB</DISK>
</comp>
<comp>
  <id>Comp:19-1-5</id>
  <CPU>0.258Gf</CPU>
  <RAM>0.985GB</RAM>
  <DISK>1.13GB</DISK>
</comp>
<comp>
  <id>Comp:19-2-0</id>
  <CPU>0.632Gf</CPU>
  <RAM>0.952GB</RAM>
  <DISK>1.13GB</DISK>
</comp>
<comp>
  <id>Comp:19-2-1</id>
  <CPU>0.632Gf</CPU>
  <RAM>0.952GB</RAM>
  <DISK>1.13GB</DISK>
</comp>
<comp>
  <id>Comp:19-2-2</id>
  <CPU>0.632Gf</CPU>
  <RAM>0.952GB</RAM>
  <DISK>1.13GB</DISK>
</comp>
<comp>
  <id>Comp:19-2-3</id>
  <CPU>0.632Gf</CPU>
  <RAM>0.952GB</RAM>
  <DISK>1.13GB</DISK>
</comp>
<comp>
  <id>Comp:19-2-4</id>
  <CPU>0.632Gf</CPU>
  <RAM>0.952GB</RAM>
  <DISK>1.13GB</DISK>
</comp>
<comp>
  <id>Comp:19-2-5</id>
  <CPU>0.632Gf</CPU>
  <RAM>0.952GB</RAM>
  <DISK>1.13GB</DISK>
</comp>
<comp>
  <id>Comp:19-2-6</id>
  <CPU>0.632Gf</CPU>
  <RAM>0.952GB</RAM>
  <DISK>1.13GB</DISK>
</comp>
  <bind>Comp:19-1-0 Comp:19-0-0 0.0371MBps 46.2ms</bind>
  <bind>Comp:19-0-0 Comp:19-1-0 0.0371MBps 46.2ms</bind>
  <bind>Comp:19-1-1 Comp:19-0-1 0.0371MBps 46.2ms</bind>
  <bind>Comp:19-0-1 Comp:19-1-1 0.0371MBps 46.2ms</bind>
  <bind>Comp:19-1-2 Comp:19-0-2 0.0371MBps 46.2ms</bind>
  <bind>Comp:19-0-2 Comp:19-1-2 0.0371MBps 46.2ms</bind>
  <bind>Comp:19-1-3 Comp:19-0-3 0.0371MBps 46.2ms</bind>
  <bind>Comp:19-0-3 Comp:19-1-3 0.0371MBps 46.2ms</bind>
  <bind>Comp:19-1-4 Comp:19-0-4 0.0371MBps 46.2ms</bind>
  <bind>Comp:19-0-4 Comp:19-1-4 0.0371MBps 46.2ms</bind>
  <bind>Comp:19-1-5 Comp:19-0-5 0.0371MBps 46.2ms</bind>
  <bind>Comp:19-0-5 Comp:19-1-5 0.0371MBps 46.2ms</bind>
  <bind>Comp:19-1-0 Comp:19-0-6 0.0371MBps 46.2ms</bind>
  <bind>Comp:19-0-6 Comp:19-1-0 0.0371MBps 46.2ms</bind>
  <bind>Comp:19-1-1 Comp:19-0-7 0.0371MBps 46.2ms</bind>
  <bind>Comp:19-0-7 Comp:19-1-1 0.0371MBps 46.2ms</bind>
  <bind>Comp:19-1-2 Comp:19-0-8 0.0371MBps 46.2ms</bind>
  <bind>Comp:19-0-8 Comp:19-1-2 0.0371MBps 46.2ms</bind>
  <bind>Comp:19-1-3 Comp:19-0-9 0.0371MBps 46.2ms</bind>
  <bind>Comp:19-0-9 Comp:19-1-3 0.0371MBps 46.2ms</bind>
  <bind>Comp:19-2-0 Comp:19-1-0 0.206MBps 34.1ms</bind>
  <bind>Comp:19-1-0 Comp:19-2-0 0.206MBps 34.1ms</bind>
  <bind>Comp:19-2-1 Comp:19-1-1 0.206MBps 34.1ms</bind>
  <bind>Comp:19-1-1 Comp:19-2-1 0.206MBps 34.1ms</bind>
  <bind>Comp:19-2-2 Comp:19-1-2 0.206MBps 34.1ms</bind>
  <bind>Comp:19-1-2 Comp:19-2-2 0.206MBps 34.1ms</bind>
  <bind>Comp:19-2-3 Comp:19-1-3 0.206MBps 34.1ms</bind>
  <bind>Comp:19-1-3 Comp:19-2-3 0.206MBps 34.1ms</bind>
  <bind>Comp:19-2-4 Comp:19-1-4 0.206MBps 34.1ms</bind>
  <bind>Comp:19-1-4 Comp:19-2-4 0.206MBps 34.1ms</bind>
  <bind>Comp:19-2-5 Comp:19-1-5 0.206MBps 34.1ms</bind>
  <bind>Comp:19-1-5 Comp:19-2-5 0.206MBps 34.1ms</bind>
  <bind>Comp:19-2-6 Comp:19-1-0 0.206MBps 34.1ms</bind>
  <bind>Comp:19-1-0 Comp:19-2-6 0.206MBps 34.1ms</bind>
  <bind>Comp:19-2-0 Appliance-24 0.809MBps 45.0ms</bind>
  <bind>Appliance-24 Comp:19-2-0 0.809MBps 45.0ms</bind>
  <bind>Comp:19-2-1 Appliance-28 0.809MBps 45.0ms</bind>
  <bind>Appliance-28 Comp:19-2-1 0.809MBps 45.0ms</bind>
  <bind>Comp:19-2-2 Appliance-18 0.809MBps 45.0ms</bind>
  <bind>Appliance-18 Comp:19-2-2 0.809MBps 45.0ms</bind>
  <bind>Comp:19-2-3 Appliance-33 0.809MBps 45.0ms</bind>
  <bind>Appliance-33 Comp:19-2-3 0.809MBps 45.0ms</bind>
  <bind>Comp:19-2-4 Appliance-24 0.809MBps 45.0ms</bind>
  <bind>Appliance-24 Comp:19-2-4 0.809MBps 45.0ms</bind>
  <bind>Comp:19-2-5 Appliance-24 0.809MBps 45.0ms</bind>
  <bind>Appliance-24 Comp:19-2-5 0.809MBps 45.0ms</bind>
  <bind>Comp:19-2-6 Appliance-31 0.809MBps 45.0ms</bind>
  <bind>Appliance-31 Comp:19-2-6 0.809MBps 45.0ms</bind>
  <bind>Comp:19-2-0 Appliance-12 0.809MBps 45.0ms</bind>
  <bind>Appliance-12 Comp:19-2-0 0.809MBps 45.0ms</bind>
  <bind>Comp:19-2-1 Appliance-28 0.809MBps 45.0ms</bind>
  <bind>Appliance-28 Comp:19-2-1 0.809MBps 45.0ms</bind>
  <bind>Comp:19-2-2 Appliance-16 0.809MBps 45.0ms</bind>
  <bind>Appliance-16 Comp:19-2-2 0.809MBps 45.0ms</bind>
</app>
<app>
  <id>App22</id>
<comp>
  <id>Comp:22-0-0</id>
  <CPU>0.442Gf</CPU>
  <RAM>0.975GB</RAM>
  <DISK>1.54GB</DISK>
</comp>
<comp>
  <id>Comp:22-0-1</id>
  <CPU>0.442Gf</CPU>
  <RAM>0.975GB</RAM>
  <DISK>1.54GB</DISK>
</comp>
<comp>
  <id>Comp:22-0-2</id>
  <CPU>0.442Gf</CPU>
  <RAM>0.975GB</RAM>
  <DISK>1.54GB</DISK>
</comp>
<comp>
  <id>Comp:22-0-3</id>
  <CPU>0.442Gf</CPU>
  <RAM>0.975GB</RAM>
  <DISK>1.54GB</DISK>
</comp>
<comp>
  <id>Comp:22-0-4</id>
  <CPU>0.442Gf</CPU>
  <RAM>0.975GB</RAM>
  <DISK>1.54GB</DISK>
</comp>
<comp>
  <id>Comp:22-0-5</id>
  <CPU>0.442Gf</CPU>
  <RAM>0.975GB</RAM>
  <DISK>1.54GB</DISK>
</comp>
<comp>
  <id>Comp:22-0-6</id>
  <CPU>0.442Gf</CPU>
  <RAM>0.975GB</RAM>
  <DISK>1.54GB</DISK>
</comp>
<comp>
  <id>Comp:22-0-7</id>
  <CPU>0.442Gf</CPU>
  <RAM>0.975GB</RAM>
  <DISK>1.54GB</DISK>
</comp>
<comp>
  <id>Comp:22-0-8</id>
  <CPU>0.442Gf</CPU>
  <RAM>0.975GB</RAM>
  <DISK>1.54GB</DISK>
</comp>
<comp>
  <id>Comp:22-0-9</id>
  <CPU>0.442Gf</CPU>
  <RAM>0.975GB</RAM>
  <DISK>1.54GB</DISK>
</comp>
<comp>
  <id>Comp:22-1-0</id>
  <CPU>0.627Gf</CPU>
  <RAM>0.685GB</RAM>
  <DISK>0.843GB</DISK>
</comp>
<comp>
  <id>Comp:22-1-1</id>
  <CPU>0.627Gf</CPU>
  <RAM>0.685GB</RAM>
  <DISK>0.843GB</DISK>
</comp>
<comp>
  <id>Comp:22-2-0</id>
  <CPU>0.135Gf</CPU>
  <RAM>0.97GB</RAM>
  <DISK>0.197GB</DISK>
</comp>
<comp>
  <id>Comp:22-3-0</id>
  <CPU>0.351Gf</CPU>
  <RAM>0.484GB</RAM>
  <DISK>1.72GB</DISK>
</comp>
<comp>
  <id>Comp:22-3-1</id>
  <CPU>0.351Gf</CPU>
  <RAM>0.484GB</RAM>
  <DISK>1.72GB</DISK>
</comp>
<comp>
  <id>Comp:22-3-2</id>
  <CPU>0.351Gf</CPU>
  <RAM>0.484GB</RAM>
  <DISK>1.72GB</DISK>
</comp>
<comp>
  <id>Comp:22-3-3</id>
  <CPU>0.351Gf</CPU>
  <RAM>0.484GB</RAM>
  <DISK>1.72GB</DISK>
</comp>
<comp>
  <id>Comp:22-3-4</id>
  <CPU>0.351Gf</CPU>
  <RAM>0.484GB</RAM>
  <DISK>1.72GB</DISK>
</comp>
<comp>
  <id>Comp:22-3-5</id>
  <CPU>0.351Gf</CPU>
  <RAM>0.484GB</RAM>
  <DISK>1.72GB</DISK>
</comp>
<comp>
  <id>Comp:22-3-6</id>
  <CPU>0.351Gf</CPU>
  <RAM>0.484GB</RAM>
  <DISK>1.72GB</DISK>
</comp>
<comp>
  <id>Comp:22-3-7</id>
  <CPU>0.351Gf</CPU>
  <RAM>0.484GB</RAM>
  <DISK>1.72GB</DISK>
</comp>
<comp>
  <id>Comp:22-3-8</id>
  <CPU>0.351Gf</CPU>
  <RAM>0.484GB</RAM>
  <DISK>1.72GB</DISK>
</comp>
<comp>
  <id>Comp:22-3-9</id>
  <CPU>0.351Gf</CPU>
  <RAM>0.484GB</RAM>
  <DISK>1.72GB</DISK>
</comp>
<comp>
  <id>Comp:22-4-0</id>
  <CPU>0.36Gf</CPU>
  <RAM>0.11GB</RAM>
  <DISK>0.499GB</DISK>
</comp>
<comp>
  <id>Comp:22-5-0</id>
  <CPU>0.576Gf</CPU>
  <RAM>0.208GB</RAM>
  <DISK>0.0847GB</DISK>
</comp>
<comp>
  <id>Comp:22-5-1</id>
  <CPU>0.576Gf</CPU>
  <RAM>0.208GB</RAM>
  <DISK>0.0847GB</DISK>
</comp>
  <bind>Comp:22-1-0 Comp:22-0-0 0.975MBps 30.3ms</bind>
  <bind>Comp:22-0-0 Comp:22-1-0 0.975MBps 30.3ms</bind>
  <bind>Comp:22-1-1 Comp:22-0-1 0.975MBps 30.3ms</bind>
  <bind>Comp:22-0-1 Comp:22-1-1 0.975MBps 30.3ms</bind>
  <bind>Comp:22-1-0 Comp:22-0-2 0.975MBps 30.3ms</bind>
  <bind>Comp:22-0-2 Comp:22-1-0 0.975MBps 30.3ms</bind>
  <bind>Comp:22-1-1 Comp:22-0-3 0.975MBps 30.3ms</bind>
  <bind>Comp:22-0-3 Comp:22-1-1 0.975MBps 30.3ms</bind>
  <bind>Comp:22-1-0 Comp:22-0-4 0.975MBps 30.3ms</bind>
  <bind>Comp:22-0-4 Comp:22-1-0 0.975MBps 30.3ms</bind>
  <bind>Comp:22-1-1 Comp:22-0-5 0.975MBps 30.3ms</bind>
  <bind>Comp:22-0-5 Comp:22-1-1 0.975MBps 30.3ms</bind>
  <bind>Comp:22-1-0 Comp:22-0-6 0.975MBps 30.3ms</bind>
  <bind>Comp:22-0-6 Comp:22-1-0 0.975MBps 30.3ms</bind>
  <bind>Comp:22-1-1 Comp:22-0-7 0.975MBps 30.3ms</bind>
  <bind>Comp:22-0-7 Comp:22-1-1 0.975MBps 30.3ms</bind>
  <bind>Comp:22-1-0 Comp:22-0-8 0.975MBps 30.3ms</bind>
  <bind>Comp:22-0-8 Comp:22-1-0 0.975MBps 30.3ms</bind>
  <bind>Comp:22-1-1 Comp:22-0-9 0.975MBps 30.3ms</bind>
  <bind>Comp:22-0-9 Comp:22-1-1 0.975MBps 30.3ms</bind>
  <bind>Comp:22-2-0 Comp:22-1-0 0.776MBps 26.7ms</bind>
  <bind>Comp:22-1-0 Comp:22-2-0 0.776MBps 26.7ms</bind>
  <bind>Comp:22-2-0 Comp:22-1-1 0.776MBps 26.7ms</bind>
  <bind>Comp:22-1-1 Comp:22-2-0 0.776MBps 26.7ms</bind>
  <bind>Comp:22-3-0 Comp:22-2-0 0.771MBps 29.9ms</bind>
  <bind>Comp:22-2-0 Comp:22-3-0 0.771MBps 29.9ms</bind>
  <bind>Comp:22-3-1 Comp:22-2-0 0.771MBps 29.9ms</bind>
  <bind>Comp:22-2-0 Comp:22-3-1 0.771MBps 29.9ms</bind>
  <bind>Comp:22-3-2 Comp:22-2-0 0.771MBps 29.9ms</bind>
  <bind>Comp:22-2-0 Comp:22-3-2 0.771MBps 29.9ms</bind>
  <bind>Comp:22-3-3 Comp:22-2-0 0.771MBps 29.9ms</bind>
  <bind>Comp:22-2-0 Comp:22-3-3 0.771MBps 29.9ms</bind>
  <bind>Comp:22-3-4 Comp:22-2-0 0.771MBps 29.9ms</bind>
  <bind>Comp:22-2-0 Comp:22-3-4 0.771MBps 29.9ms</bind>
  <bind>Comp:22-3-5 Comp:22-2-0 0.771MBps 29.9ms</bind>
  <bind>Comp:22-2-0 Comp:22-3-5 0.771MBps 29.9ms</bind>
  <bind>Comp:22-3-6 Comp:22-2-0 0.771MBps 29.9ms</bind>
  <bind>Comp:22-2-0 Comp:22-3-6 0.771MBps 29.9ms</bind>
  <bind>Comp:22-3-7 Comp:22-2-0 0.771MBps 29.9ms</bind>
  <bind>Comp:22-2-0 Comp:22-3-7 0.771MBps 29.9ms</bind>
  <bind>Comp:22-3-8 Comp:22-2-0 0.771MBps 29.9ms</bind>
  <bind>Comp:22-2-0 Comp:22-3-8 0.771MBps 29.9ms</bind>
  <bind>Comp:22-3-9 Comp:22-2-0 0.771MBps 29.9ms</bind>
  <bind>Comp:22-2-0 Comp:22-3-9 0.771MBps 29.9ms</bind>
  <bind>Comp:22-4-0 Comp:22-3-0 0.165MBps 47.0ms</bind>
  <bind>Comp:22-3-0 Comp:22-4-0 0.165MBps 47.0ms</bind>
  <bind>Comp:22-4-0 Comp:22-3-1 0.165MBps 47.0ms</bind>
  <bind>Comp:22-3-1 Comp:22-4-0 0.165MBps 47.0ms</bind>
  <bind>Comp:22-4-0 Comp:22-3-2 0.165MBps 47.0ms</bind>
  <bind>Comp:22-3-2 Comp:22-4-0 0.165MBps 47.0ms</bind>
  <bind>Comp:22-4-0 Comp:22-3-3 0.165MBps 47.0ms</bind>
  <bind>Comp:22-3-3 Comp:22-4-0 0.165MBps 47.0ms</bind>
  <bind>Comp:22-4-0 Comp:22-3-4 0.165MBps 47.0ms</bind>
  <bind>Comp:22-3-4 Comp:22-4-0 0.165MBps 47.0ms</bind>
  <bind>Comp:22-4-0 Comp:22-3-5 0.165MBps 47.0ms</bind>
  <bind>Comp:22-3-5 Comp:22-4-0 0.165MBps 47.0ms</bind>
  <bind>Comp:22-4-0 Comp:22-3-6 0.165MBps 47.0ms</bind>
  <bind>Comp:22-3-6 Comp:22-4-0 0.165MBps 47.0ms</bind>
  <bind>Comp:22-4-0 Comp:22-3-7 0.165MBps 47.0ms</bind>
  <bind>Comp:22-3-7 Comp:22-4-0 0.165MBps 47.0ms</bind>
  <bind>Comp:22-4-0 Comp:22-3-8 0.165MBps 47.0ms</bind>
  <bind>Comp:22-3-8 Comp:22-4-0 0.165MBps 47.0ms</bind>
  <bind>Comp:22-4-0 Comp:22-3-9 0.165MBps 47.0ms</bind>
  <bind>Comp:22-3-9 Comp:22-4-0 0.165MBps 47.0ms</bind>
  <bind>Comp:22-5-0 Comp:22-4-0 0.426MBps 47.5ms</bind>
  <bind>Comp:22-4-0 Comp:22-5-0 0.426MBps 47.5ms</bind>
  <bind>Comp:22-5-1 Comp:22-4-0 0.426MBps 47.5ms</bind>
  <bind>Comp:22-4-0 Comp:22-5-1 0.426MBps 47.5ms</bind>
  <bind>Comp:22-5-0 Appliance-23 0.745MBps 45.1ms</bind>
  <bind>Appliance-23 Comp:22-5-0 0.745MBps 45.1ms</bind>
  <bind>Comp:22-5-1 Appliance-15 0.745MBps 45.1ms</bind>
  <bind>Appliance-15 Comp:22-5-1 0.745MBps 45.1ms</bind>
  <bind>Comp:22-5-0 Appliance-13 0.745MBps 45.1ms</bind>
  <bind>Appliance-13 Comp:22-5-0 0.745MBps 45.1ms</bind>
  <bind>Comp:22-5-1 Appliance-14 0.745MBps 45.1ms</bind>
  <bind>Appliance-14 Comp:22-5-1 0.745MBps 45.1ms</bind>
</app>
<app>
  <id>App4</id>
<comp>
  <id>Comp:4-1-0</id>
  <CPU>0.352Gf</CPU>
  <RAM>0.829GB</RAM>
  <DISK>1.61GB</DISK>
</comp>
<comp>
  <id>Comp:4-1-1</id>
  <CPU>0.352Gf</CPU>
  <RAM>0.829GB</RAM>
  <DISK>1.61GB</DISK>
</comp>
<comp>
  <id>Comp:4-2-0</id>
  <CPU>0.105Gf</CPU>
  <RAM>0.52GB</RAM>
  <DISK>0.406GB</DISK>
</comp>
<comp>
  <id>Comp:4-2-1</id>
  <CPU>0.105Gf</CPU>
  <RAM>0.52GB</RAM>
  <DISK>0.406GB</DISK>
</comp>
<comp>
  <id>Comp:4-3-0</id>
  <CPU>0.375Gf</CPU>
  <RAM>0.129GB</RAM>
  <DISK>1.67GB</DISK>
</comp>
<comp>
  <id>Comp:4-3-1</id>
  <CPU>0.375Gf</CPU>
  <RAM>0.129GB</RAM>
  <DISK>1.67GB</DISK>
</comp>
<comp>
  <id>Comp:4-3-2</id>
  <CPU>0.375Gf</CPU>
  <RAM>0.129GB</RAM>
  <DISK>1.67GB</DISK>
</comp>
<comp>
  <id>Comp:4-3-3</id>
  <CPU>0.375Gf</CPU>
  <RAM>0.129GB</RAM>
  <DISK>1.67GB</DISK>
</comp>
<comp>
  <id>Comp:4-3-4</id>
  <CPU>0.375Gf</CPU>
  <RAM>0.129GB</RAM>
  <DISK>1.67GB</DISK>
</comp>
<comp>
  <id>Comp:4-3-5</id>
  <CPU>0.375Gf</CPU>
  <RAM>0.129GB</RAM>
  <DISK>1.67GB</DISK>
</comp>
<comp>
  <id>Comp:4-3-6</id>
  <CPU>0.375Gf</CPU>
  <RAM>0.129GB</RAM>
  <DISK>1.67GB</DISK>
</comp>
<comp>
  <id>Comp:4-4-0</id>
  <CPU>0.479Gf</CPU>
  <RAM>0.627GB</RAM>
  <DISK>0.542GB</DISK>
</comp>
  <bind>Comp:4-1-0 Appliance-14 0.659MBps 49.7ms</bind>
  <bind>Appliance-14 Comp:4-1-0 0.659MBps 49.7ms</bind>
  <bind>Comp:4-1-1 Appliance-11 0.659MBps 49.7ms</bind>
  <bind>Appliance-11 Comp:4-1-1 0.659MBps 49.7ms</bind>
  <bind>Comp:4-1-0 Appliance-7 0.659MBps 49.7ms</bind>
  <bind>Appliance-7 Comp:4-1-0 0.659MBps 49.7ms</bind>
  <bind>Comp:4-1-1 Appliance-25 0.659MBps 49.7ms</bind>
  <bind>Appliance-25 Comp:4-1-1 0.659MBps 49.7ms</bind>
  <bind>Comp:4-1-0 Appliance-1 0.659MBps 49.7ms</bind>
  <bind>Appliance-1 Comp:4-1-0 0.659MBps 49.7ms</bind>
  <bind>Comp:4-1-1 Appliance-6 0.659MBps 49.7ms</bind>
  <bind>Appliance-6 Comp:4-1-1 0.659MBps 49.7ms</bind>
  <bind>Comp:4-1-0 Appliance-29 0.659MBps 49.7ms</bind>
  <bind>Appliance-29 Comp:4-1-0 0.659MBps 49.7ms</bind>
  <bind>Comp:4-1-1 Appliance-23 0.659MBps 49.7ms</bind>
  <bind>Appliance-23 Comp:4-1-1 0.659MBps 49.7ms</bind>
  <bind>Comp:4-1-0 Appliance-15 0.659MBps 49.7ms</bind>
  <bind>Appliance-15 Comp:4-1-0 0.659MBps 49.7ms</bind>
  <bind>Comp:4-1-1 Appliance-23 0.659MBps 49.7ms</bind>
  <bind>Appliance-23 Comp:4-1-1 0.659MBps 49.7ms</bind>
  <bind>Comp:4-2-0 Comp:4-1-0 0.441MBps 39.4ms</bind>
  <bind>Comp:4-1-0 Comp:4-2-0 0.441MBps 39.4ms</bind>
  <bind>Comp:4-2-1 Comp:4-1-1 0.441MBps 39.4ms</bind>
  <bind>Comp:4-1-1 Comp:4-2-1 0.441MBps 39.4ms</bind>
  <bind>Comp:4-3-0 Comp:4-2-0 0.0976MBps 41.5ms</bind>
  <bind>Comp:4-2-0 Comp:4-3-0 0.0976MBps 41.5ms</bind>
  <bind>Comp:4-3-1 Comp:4-2-1 0.0976MBps 41.5ms</bind>
  <bind>Comp:4-2-1 Comp:4-3-1 0.0976MBps 41.5ms</bind>
  <bind>Comp:4-3-2 Comp:4-2-0 0.0976MBps 41.5ms</bind>
  <bind>Comp:4-2-0 Comp:4-3-2 0.0976MBps 41.5ms</bind>
  <bind>Comp:4-3-3 Comp:4-2-1 0.0976MBps 41.5ms</bind>
  <bind>Comp:4-2-1 Comp:4-3-3 0.0976MBps 41.5ms</bind>
  <bind>Comp:4-3-4 Comp:4-2-0 0.0976MBps 41.5ms</bind>
  <bind>Comp:4-2-0 Comp:4-3-4 0.0976MBps 41.5ms</bind>
  <bind>Comp:4-3-5 Comp:4-2-1 0.0976MBps 41.5ms</bind>
  <bind>Comp:4-2-1 Comp:4-3-5 0.0976MBps 41.5ms</bind>
  <bind>Comp:4-3-6 Comp:4-2-0 0.0976MBps 41.5ms</bind>
  <bind>Comp:4-2-0 Comp:4-3-6 0.0976MBps 41.5ms</bind>
  <bind>Comp:4-3-0 Comp:4-4-0 0.163MBps 38.6ms</bind>
  <bind>Comp:4-4-0 Comp:4-3-0 0.163MBps 38.6ms</bind>
  <bind>Comp:4-3-1 Comp:4-4-0 0.163MBps 38.6ms</bind>
  <bind>Comp:4-4-0 Comp:4-3-1 0.163MBps 38.6ms</bind>
  <bind>Comp:4-3-2 Comp:4-4-0 0.163MBps 38.6ms</bind>
  <bind>Comp:4-4-0 Comp:4-3-2 0.163MBps 38.6ms</bind>
  <bind>Comp:4-3-3 Comp:4-4-0 0.163MBps 38.6ms</bind>
  <bind>Comp:4-4-0 Comp:4-3-3 0.163MBps 38.6ms</bind>
  <bind>Comp:4-3-4 Comp:4-4-0 0.163MBps 38.6ms</bind>
  <bind>Comp:4-4-0 Comp:4-3-4 0.163MBps 38.6ms</bind>
  <bind>Comp:4-3-5 Comp:4-4-0 0.163MBps 38.6ms</bind>
  <bind>Comp:4-4-0 Comp:4-3-5 0.163MBps 38.6ms</bind>
  <bind>Comp:4-3-6 Comp:4-4-0 0.163MBps 38.6ms</bind>
  <bind>Comp:4-4-0 Comp:4-3-6 0.163MBps 38.6ms</bind>
</app>
</apps>
