<?xml version="1.0"?>
<apps>
<app>
  <id>App1</id>
<comp>
  <id>Comp:1-0-0</id>
  <CPU>0.47Gf</CPU>
  <RAM>0.258GB</RAM>
  <DISK>1.92GB</DISK>
</comp>
<comp>
  <id>Comp:1-0-1</id>
  <CPU>0.47Gf</CPU>
  <RAM>0.258GB</RAM>
  <DISK>1.92GB</DISK>
</comp>
<comp>
  <id>Comp:1-0-2</id>
  <CPU>0.47Gf</CPU>
  <RAM>0.258GB</RAM>
  <DISK>1.92GB</DISK>
</comp>
<comp>
  <id>Comp:1-1-0</id>
  <CPU>0.315Gf</CPU>
  <RAM>0.633GB</RAM>
  <DISK>0.873GB</DISK>
</comp>
<comp>
  <id>Comp:1-1-1</id>
  <CPU>0.315Gf</CPU>
  <RAM>0.633GB</RAM>
  <DISK>0.873GB</DISK>
</comp>
<comp>
  <id>Comp:1-1-2</id>
  <CPU>0.315Gf</CPU>
  <RAM>0.633GB</RAM>
  <DISK>0.873GB</DISK>
</comp>
<comp>
  <id>Comp:1-1-3</id>
  <CPU>0.315Gf</CPU>
  <RAM>0.633GB</RAM>
  <DISK>0.873GB</DISK>
</comp>
<comp>
  <id>Comp:1-1-4</id>
  <CPU>0.315Gf</CPU>
  <RAM>0.633GB</RAM>
  <DISK>0.873GB</DISK>
</comp>
<comp>
  <id>Comp:1-1-5</id>
  <CPU>0.315Gf</CPU>
  <RAM>0.633GB</RAM>
  <DISK>0.873GB</DISK>
</comp>
<comp>
  <id>Comp:1-1-6</id>
  <CPU>0.315Gf</CPU>
  <RAM>0.633GB</RAM>
  <DISK>0.873GB</DISK>
</comp>
<comp>
  <id>Comp:1-1-7</id>
  <CPU>0.315Gf</CPU>
  <RAM>0.633GB</RAM>
  <DISK>0.873GB</DISK>
</comp>
<comp>
  <id>Comp:1-1-8</id>
  <CPU>0.315Gf</CPU>
  <RAM>0.633GB</RAM>
  <DISK>0.873GB</DISK>
</comp>
<comp>
  <id>Comp:1-2-0</id>
  <CPU>0.414Gf</CPU>
  <RAM>0.183GB</RAM>
  <DISK>0.677GB</DISK>
</comp>
<comp>
  <id>Comp:1-2-1</id>
  <CPU>0.414Gf</CPU>
  <RAM>0.183GB</RAM>
  <DISK>0.677GB</DISK>
</comp>
<comp>
  <id>Comp:1-2-2</id>
  <CPU>0.414Gf</CPU>
  <RAM>0.183GB</RAM>
  <DISK>0.677GB</DISK>
</comp>
<comp>
  <id>Comp:1-2-3</id>
  <CPU>0.414Gf</CPU>
  <RAM>0.183GB</RAM>
  <DISK>0.677GB</DISK>
</comp>
<comp>
  <id>Comp:1-2-4</id>
  <CPU>0.414Gf</CPU>
  <RAM>0.183GB</RAM>
  <DISK>0.677GB</DISK>
</comp>
<comp>
  <id>Comp:1-2-5</id>
  <CPU>0.414Gf</CPU>
  <RAM>0.183GB</RAM>
  <DISK>0.677GB</DISK>
</comp>
<comp>
  <id>Comp:1-3-0</id>
  <CPU>0.115Gf</CPU>
  <RAM>0.512GB</RAM>
  <DISK>1.34GB</DISK>
</comp>
<comp>
  <id>Comp:1-3-1</id>
  <CPU>0.115Gf</CPU>
  <RAM>0.512GB</RAM>
  <DISK>1.34GB</DISK>
</comp>
<comp>
  <id>Comp:1-3-2</id>
  <CPU>0.115Gf</CPU>
  <RAM>0.512GB</RAM>
  <DISK>1.34GB</DISK>
</comp>
<comp>
  <id>Comp:1-3-3</id>
  <CPU>0.115Gf</CPU>
  <RAM>0.512GB</RAM>
  <DISK>1.34GB</DISK>
</comp>
<comp>
  <id>Comp:1-3-4</id>
  <CPU>0.115Gf</CPU>
  <RAM>0.512GB</RAM>
  <DISK>1.34GB</DISK>
</comp>
<comp>
  <id>Comp:1-3-5</id>
  <CPU>0.115Gf</CPU>
  <RAM>0.512GB</RAM>
  <DISK>1.34GB</DISK>
</comp>
<comp>
  <id>Comp:1-3-6</id>
  <CPU>0.115Gf</CPU>
  <RAM>0.512GB</RAM>
  <DISK>1.34GB</DISK>
</comp>
<comp>
  <id>Comp:1-3-7</id>
  <CPU>0.115Gf</CPU>
  <RAM>0.512GB</RAM>
  <DISK>1.34GB</DISK>
</comp>
<comp>
  <id>Comp:1-3-8</id>
  <CPU>0.115Gf</CPU>
  <RAM>0.512GB</RAM>
  <DISK>1.34GB</DISK>
</comp>
<comp>
  <id>Comp:1-3-9</id>
  <CPU>0.115Gf</CPU>
  <RAM>0.512GB</RAM>
  <DISK>1.34GB</DISK>
</comp>
<comp>
  <id>Comp:1-4-0</id>
  <CPU>0.165Gf</CPU>
  <RAM>0.607GB</RAM>
  <DISK>1.27GB</DISK>
</comp>
<comp>
  <id>Comp:1-4-1</id>
  <CPU>0.165Gf</CPU>
  <RAM>0.607GB</RAM>
  <DISK>1.27GB</DISK>
</comp>
<comp>
  <id>Comp:1-4-2</id>
  <CPU>0.165Gf</CPU>
  <RAM>0.607GB</RAM>
  <DISK>1.27GB</DISK>
</comp>
<comp>
  <id>Comp:1-4-3</id>
  <CPU>0.165Gf</CPU>
  <RAM>0.607GB</RAM>
  <DISK>1.27GB</DISK>
</comp>
<comp>
  <id>Comp:1-4-4</id>
  <CPU>0.165Gf</CPU>
  <RAM>0.607GB</RAM>
  <DISK>1.27GB</DISK>
</comp>
<comp>
  <id>Comp:1-4-5</id>
  <CPU>0.165Gf</CPU>
  <RAM>0.607GB</RAM>
  <DISK>1.27GB</DISK>
</comp>
<comp>
  <id>Comp:1-4-6</id>
  <CPU>0.165Gf</CPU>
  <RAM>0.607GB</RAM>
  <DISK>1.27GB</DISK>
</comp>
<comp>
  <id>Comp:1-4-7</id>
  <CPU>0.165Gf</CPU>
  <RAM>0.607GB</RAM>
  <DISK>1.27GB</DISK>
</comp>
<comp>
  <id>Comp:1-4-8</id>
  <CPU>0.165Gf</CPU>
  <RAM>0.607GB</RAM>
  <DISK>1.27GB</DISK>
</comp>
<comp>
  <id>Comp:1-5-0</id>
  <CPU>0.845Gf</CPU>
  <RAM>0.361GB</RAM>
  <DISK>0.337GB</DISK>
</comp>
  <bind>Comp:1-1-0 Comp:1-0-0 0.597MBps 35.3ms</bind>
  <bind>Comp:1-0-0 Comp:1-1-0 0.597MBps 35.3ms</bind>
  <bind>Comp:1-1-1 Comp:1-0-1 0.597MBps 35.3ms</bind>
  <bind>Comp:1-0-1 Comp:1-1-1 0.597MBps 35.3ms</bind>
  <bind>Comp:1-1-2 Comp:1-0-2 0.597MBps 35.3ms</bind>
  <bind>Comp:1-0-2 Comp:1-1-2 0.597MBps 35.3ms</bind>
  <bind>Comp:1-1-3 Comp:1-0-0 0.597MBps 35.3ms</bind>
  <bind>Comp:1-0-0 Comp:1-1-3 0.597MBps 35.3ms</bind>
  <bind>Comp:1-1-4 Comp:1-0-1 0.597MBps 35.3ms</bind>
  <bind>Comp:1-0-1 Comp:1-1-4 0.597MBps 35.3ms</bind>
  <bind>Comp:1-1-5 Comp:1-0-2 0.597MBps 35.3ms</bind>
  <bind>Comp:1-0-2 Comp:1-1-5 0.597MBps 35.3ms</bind>
  <bind>Comp:1-1-6 Comp:1-0-0 0.597MBps 35.3ms</bind>
  <bind>Comp:1-0-0 Comp:1-1-6 0.597MBps 35.3ms</bind>
  <bind>Comp:1-1-7 Comp:1-0-1 0.597MBps 35.3ms</bind>
  <bind>Comp:1-0-1 Comp:1-1-7 0.597MBps 35.3ms</bind>
  <bind>Comp:1-1-8 Comp:1-0-2 0.597MBps 35.3ms</bind>
  <bind>Comp:1-0-2 Comp:1-1-8 0.597MBps 35.3ms</bind>
  <bind>Comp:1-2-0 Comp:1-1-0 0.667MBps 43.2ms</bind>
  <bind>Comp:1-1-0 Comp:1-2-0 0.667MBps 43.2ms</bind>
  <bind>Comp:1-2-1 Comp:1-1-1 0.667MBps 43.2ms</bind>
  <bind>Comp:1-1-1 Comp:1-2-1 0.667MBps 43.2ms</bind>
  <bind>Comp:1-2-2 Comp:1-1-2 0.667MBps 43.2ms</bind>
  <bind>Comp:1-1-2 Comp:1-2-2 0.667MBps 43.2ms</bind>
  <bind>Comp:1-2-3 Comp:1-1-3 0.667MBps 43.2ms</bind>
  <bind>Comp:1-1-3 Comp:1-2-3 0.667MBps 43.2ms</bind>
  <bind>Comp:1-2-4 Comp:1-1-4 0.667MBps 43.2ms</bind>
  <bind>Comp:1-1-4 Comp:1-2-4 0.667MBps 43.2ms</bind>
  <bind>Comp:1-2-5 Comp:1-1-5 0.667MBps 43.2ms</bind>
  <bind>Comp:1-1-5 Comp:1-2-5 0.667MBps 43.2ms</bind>
  <bind>Comp:1-2-0 Comp:1-1-6 0.667MBps 43.2ms</bind>
  <bind>Comp:1-1-6 Comp:1-2-0 0.667MBps 43.2ms</bind>
  <bind>Comp:1-2-1 Comp:1-1-7 0.667MBps 43.2ms</bind>
  <bind>Comp:1-1-7 Comp:1-2-1 0.667MBps 43.2ms</bind>
  <bind>Comp:1-2-2 Comp:1-1-8 0.667MBps 43.2ms</bind>
  <bind>Comp:1-1-8 Comp:1-2-2 0.667MBps 43.2ms</bind>
  <bind>Comp:1-3-0 Comp:1-2-0 0.458MBps 41.5ms</bind>
  <bind>Comp:1-2-0 Comp:1-3-0 0.458MBps 41.5ms</bind>
  <bind>Comp:1-3-1 Comp:1-2-1 0.458MBps 41.5ms</bind>
  <bind>Comp:1-2-1 Comp:1-3-1 0.458MBps 41.5ms</bind>
  <bind>Comp:1-3-2 Comp:1-2-2 0.458MBps 41.5ms</bind>
  <bind>Comp:1-2-2 Comp:1-3-2 0.458MBps 41.5ms</bind>
  <bind>Comp:1-3-3 Comp:1-2-3 0.458MBps 41.5ms</bind>
  <bind>Comp:1-2-3 Comp:1-3-3 0.458MBps 41.5ms</bind>
  <bind>Comp:1-3-4 Comp:1-2-4 0.458MBps 41.5ms</bind>
  <bind>Comp:1-2-4 Comp:1-3-4 0.458MBps 41.5ms</bind>
  <bind>Comp:1-3-5 Comp:1-2-5 0.458MBps 41.5ms</bind>
  <bind>Comp:1-2-5 Comp:1-3-5 0.458MBps 41.5ms</bind>
  <bind>Comp:1-3-6 Comp:1-2-0 0.458MBps 41.5ms</bind>
  <bind>Comp:1-2-0 Comp:1-3-6 0.458MBps 41.5ms</bind>
  <bind>Comp:1-3-7 Comp:1-2-1 0.458MBps 41.5ms</bind>
  <bind>Comp:1-2-1 Comp:1-3-7 0.458MBps 41.5ms</bind>
  <bind>Comp:1-3-8 Comp:1-2-2 0.458MBps 41.5ms</bind>
  <bind>Comp:1-2-2 Comp:1-3-8 0.458MBps 41.5ms</bind>
  <bind>Comp:1-3-9 Comp:1-2-3 0.458MBps 41.5ms</bind>
  <bind>Comp:1-2-3 Comp:1-3-9 0.458MBps 41.5ms</bind>
  <bind>Comp:1-4-0 Comp:1-3-0 0.875MBps 47.6ms</bind>
  <bind>Comp:1-3-0 Comp:1-4-0 0.875MBps 47.6ms</bind>
  <bind>Comp:1-4-1 Comp:1-3-1 0.875MBps 47.6ms</bind>
  <bind>Comp:1-3-1 Comp:1-4-1 0.875MBps 47.6ms</bind>
  <bind>Comp:1-4-2 Comp:1-3-2 0.875MBps 47.6ms</bind>
  <bind>Comp:1-3-2 Comp:1-4-2 0.875MBps 47.6ms</bind>
  <bind>Comp:1-4-3 Comp:1-3-3 0.875MBps 47.6ms</bind>
  <bind>Comp:1-3-3 Comp:1-4-3 0.875MBps 47.6ms</bind>
  <bind>Comp:1-4-4 Comp:1-3-4 0.875MBps 47.6ms</bind>
  <bind>Comp:1-3-4 Comp:1-4-4 0.875MBps 47.6ms</bind>
  <bind>Comp:1-4-5 Comp:1-3-5 0.875MBps 47.6ms</bind>
  <bind>Comp:1-3-5 Comp:1-4-5 0.875MBps 47.6ms</bind>
  <bind>Comp:1-4-6 Comp:1-3-6 0.875MBps 47.6ms</bind>
  <bind>Comp:1-3-6 Comp:1-4-6 0.875MBps 47.6ms</bind>
  <bind>Comp:1-4-7 Comp:1-3-7 0.875MBps 47.6ms</bind>
  <bind>Comp:1-3-7 Comp:1-4-7 0.875MBps 47.6ms</bind>
  <bind>Comp:1-4-8 Comp:1-3-8 0.875MBps 47.6ms</bind>
  <bind>Comp:1-3-8 Comp:1-4-8 0.875MBps 47.6ms</bind>
  <bind>Comp:1-4-0 Comp:1-3-9 0.875MBps 47.6ms</bind>
  <bind>Comp:1-3-9 Comp:1-4-0 0.875MBps 47.6ms</bind>
  <bind>Comp:1-5-0 Comp:1-4-0 0.837MBps 36.4ms</bind>
  <bind>Comp:1-4-0 Comp:1-5-0 0.837MBps 36.4ms</bind>
  <bind>Comp:1-5-0 Comp:1-4-1 0.837MBps 36.4ms</bind>
  <bind>Comp:1-4-1 Comp:1-5-0 0.837MBps 36.4ms</bind>
  <bind>Comp:1-5-0 Comp:1-4-2 0.837MBps 36.4ms</bind>
  <bind>Comp:1-4-2 Comp:1-5-0 0.837MBps 36.4ms</bind>
  <bind>Comp:1-5-0 Comp:1-4-3 0.837MBps 36.4ms</bind>
  <bind>Comp:1-4-3 Comp:1-5-0 0.837MBps 36.4ms</bind>
  <bind>Comp:1-5-0 Comp:1-4-4 0.837MBps 36.4ms</bind>
  <bind>Comp:1-4-4 Comp:1-5-0 0.837MBps 36.4ms</bind>
  <bind>Comp:1-5-0 Comp:1-4-5 0.837MBps 36.4ms</bind>
  <bind>Comp:1-4-5 Comp:1-5-0 0.837MBps 36.4ms</bind>
  <bind>Comp:1-5-0 Comp:1-4-6 0.837MBps 36.4ms</bind>
  <bind>Comp:1-4-6 Comp:1-5-0 0.837MBps 36.4ms</bind>
  <bind>Comp:1-5-0 Comp:1-4-7 0.837MBps 36.4ms</bind>
  <bind>Comp:1-4-7 Comp:1-5-0 0.837MBps 36.4ms</bind>
  <bind>Comp:1-5-0 Comp:1-4-8 0.837MBps 36.4ms</bind>
  <bind>Comp:1-4-8 Comp:1-5-0 0.837MBps 36.4ms</bind>
  <bind>Comp:1-5-0 Appliance-20 0.667MBps 43.9ms</bind>
  <bind>Appliance-20 Comp:1-5-0 0.667MBps 43.9ms</bind>
  <bind>Comp:1-5-0 Appliance-20 0.667MBps 43.9ms</bind>
  <bind>Appliance-20 Comp:1-5-0 0.667MBps 43.9ms</bind>
  <bind>Comp:1-5-0 Appliance-11 0.667MBps 43.9ms</bind>
  <bind>Appliance-11 Comp:1-5-0 0.667MBps 43.9ms</bind>
  <bind>Comp:1-5-0 Appliance-34 0.667MBps 43.9ms</bind>
  <bind>Appliance-34 Comp:1-5-0 0.667MBps 43.9ms</bind>
  <bind>Comp:1-5-0 Appliance-22 0.667MBps 43.9ms</bind>
  <bind>Appliance-22 Comp:1-5-0 0.667MBps 43.9ms</bind>
</app>
</apps>
