<?xml version="1.0"?>
<apps>
<app>
  <id>App1</id>
<comp>
  <id>Comp:1-0-0</id>
  <CPU>0.47Gf</CPU>
  <RAM>0.258GB</RAM>
  <DISK>1.92GB</DISK>
</comp>
<comp>
  <id>Comp:1-0-1</id>
  <CPU>0.47Gf</CPU>
  <RAM>0.258GB</RAM>
  <DISK>1.92GB</DISK>
</comp>
<comp>
  <id>Comp:1-0-2</id>
  <CPU>0.47Gf</CPU>
  <RAM>0.258GB</RAM>
  <DISK>1.92GB</DISK>
</comp>
<comp>
  <id>Comp:1-1-0</id>
  <CPU>0.315Gf</CPU>
  <RAM>0.633GB</RAM>
  <DISK>0.873GB</DISK>
</comp>
<comp>
  <id>Comp:1-1-1</id>
  <CPU>0.315Gf</CPU>
  <RAM>0.633GB</RAM>
  <DISK>0.873GB</DISK>
</comp>
<comp>
  <id>Comp:1-1-2</id>
  <CPU>0.315Gf</CPU>
  <RAM>0.633GB</RAM>
  <DISK>0.873GB</DISK>
</comp>
<comp>
  <id>Comp:1-1-3</id>
  <CPU>0.315Gf</CPU>
  <RAM>0.633GB</RAM>
  <DISK>0.873GB</DISK>
</comp>
<comp>
  <id>Comp:1-1-4</id>
  <CPU>0.315Gf</CPU>
  <RAM>0.633GB</RAM>
  <DISK>0.873GB</DISK>
</comp>
<comp>
  <id>Comp:1-1-5</id>
  <CPU>0.315Gf</CPU>
  <RAM>0.633GB</RAM>
  <DISK>0.873GB</DISK>
</comp>
<comp>
  <id>Comp:1-1-6</id>
  <CPU>0.315Gf</CPU>
  <RAM>0.633GB</RAM>
  <DISK>0.873GB</DISK>
</comp>
<comp>
  <id>Comp:1-1-7</id>
  <CPU>0.315Gf</CPU>
  <RAM>0.633GB</RAM>
  <DISK>0.873GB</DISK>
</comp>
<comp>
  <id>Comp:1-1-8</id>
  <CPU>0.315Gf</CPU>
  <RAM>0.633GB</RAM>
  <DISK>0.873GB</DISK>
</comp>
<comp>
  <id>Comp:1-2-0</id>
  <CPU>0.414Gf</CPU>
  <RAM>0.183GB</RAM>
  <DISK>0.677GB</DISK>
</comp>
<comp>
  <id>Comp:1-2-1</id>
  <CPU>0.414Gf</CPU>
  <RAM>0.183GB</RAM>
  <DISK>0.677GB</DISK>
</comp>
<comp>
  <id>Comp:1-2-2</id>
  <CPU>0.414Gf</CPU>
  <RAM>0.183GB</RAM>
  <DISK>0.677GB</DISK>
</comp>
<comp>
  <id>Comp:1-2-3</id>
  <CPU>0.414Gf</CPU>
  <RAM>0.183GB</RAM>
  <DISK>0.677GB</DISK>
</comp>
<comp>
  <id>Comp:1-2-4</id>
  <CPU>0.414Gf</CPU>
  <RAM>0.183GB</RAM>
  <DISK>0.677GB</DISK>
</comp>
<comp>
  <id>Comp:1-2-5</id>
  <CPU>0.414Gf</CPU>
  <RAM>0.183GB</RAM>
  <DISK>0.677GB</DISK>
</comp>
<comp>
  <id>Comp:1-3-0</id>
  <CPU>0.115Gf</CPU>
  <RAM>0.512GB</RAM>
  <DISK>1.34GB</DISK>
</comp>
<comp>
  <id>Comp:1-3-1</id>
  <CPU>0.115Gf</CPU>
  <RAM>0.512GB</RAM>
  <DISK>1.34GB</DISK>
</comp>
<comp>
  <id>Comp:1-3-2</id>
  <CPU>0.115Gf</CPU>
  <RAM>0.512GB</RAM>
  <DISK>1.34GB</DISK>
</comp>
<comp>
  <id>Comp:1-3-3</id>
  <CPU>0.115Gf</CPU>
  <RAM>0.512GB</RAM>
  <DISK>1.34GB</DISK>
</comp>
<comp>
  <id>Comp:1-3-4</id>
  <CPU>0.115Gf</CPU>
  <RAM>0.512GB</RAM>
  <DISK>1.34GB</DISK>
</comp>
<comp>
  <id>Comp:1-3-5</id>
  <CPU>0.115Gf</CPU>
  <RAM>0.512GB</RAM>
  <DISK>1.34GB</DISK>
</comp>
<comp>
  <id>Comp:1-3-6</id>
  <CPU>0.115Gf</CPU>
  <RAM>0.512GB</RAM>
  <DISK>1.34GB</DISK>
</comp>
<comp>
  <id>Comp:1-3-7</id>
  <CPU>0.115Gf</CPU>
  <RAM>0.512GB</RAM>
  <DISK>1.34GB</DISK>
</comp>
<comp>
  <id>Comp:1-3-8</id>
  <CPU>0.115Gf</CPU>
  <RAM>0.512GB</RAM>
  <DISK>1.34GB</DISK>
</comp>
<comp>
  <id>Comp:1-3-9</id>
  <CPU>0.115Gf</CPU>
  <RAM>0.512GB</RAM>
  <DISK>1.34GB</DISK>
</comp>
<comp>
  <id>Comp:1-4-0</id>
  <CPU>0.165Gf</CPU>
  <RAM>0.607GB</RAM>
  <DISK>1.27GB</DISK>
</comp>
<comp>
  <id>Comp:1-4-1</id>
  <CPU>0.165Gf</CPU>
  <RAM>0.607GB</RAM>
  <DISK>1.27GB</DISK>
</comp>
<comp>
  <id>Comp:1-4-2</id>
  <CPU>0.165Gf</CPU>
  <RAM>0.607GB</RAM>
  <DISK>1.27GB</DISK>
</comp>
<comp>
  <id>Comp:1-4-3</id>
  <CPU>0.165Gf</CPU>
  <RAM>0.607GB</RAM>
  <DISK>1.27GB</DISK>
</comp>
<comp>
  <id>Comp:1-4-4</id>
  <CPU>0.165Gf</CPU>
  <RAM>0.607GB</RAM>
  <DISK>1.27GB</DISK>
</comp>
<comp>
  <id>Comp:1-4-5</id>
  <CPU>0.165Gf</CPU>
  <RAM>0.607GB</RAM>
  <DISK>1.27GB</DISK>
</comp>
<comp>
  <id>Comp:1-4-6</id>
  <CPU>0.165Gf</CPU>
  <RAM>0.607GB</RAM>
  <DISK>1.27GB</DISK>
</comp>
<comp>
  <id>Comp:1-4-7</id>
  <CPU>0.165Gf</CPU>
  <RAM>0.607GB</RAM>
  <DISK>1.27GB</DISK>
</comp>
<comp>
  <id>Comp:1-4-8</id>
  <CPU>0.165Gf</CPU>
  <RAM>0.607GB</RAM>
  <DISK>1.27GB</DISK>
</comp>
<comp>
  <id>Comp:1-5-0</id>
  <CPU>0.845Gf</CPU>
  <RAM>0.361GB</RAM>
  <DISK>0.337GB</DISK>
</comp>
  <bind>Comp:1-1-0 Comp:1-0-0 0.597MBps 35.3ms</bind>
  <bind>Comp:1-0-0 Comp:1-1-0 0.597MBps 35.3ms</bind>
  <bind>Comp:1-1-1 Comp:1-0-1 0.597MBps 35.3ms</bind>
  <bind>Comp:1-0-1 Comp:1-1-1 0.597MBps 35.3ms</bind>
  <bind>Comp:1-1-2 Comp:1-0-2 0.597MBps 35.3ms</bind>
  <bind>Comp:1-0-2 Comp:1-1-2 0.597MBps 35.3ms</bind>
  <bind>Comp:1-1-3 Comp:1-0-0 0.597MBps 35.3ms</bind>
  <bind>Comp:1-0-0 Comp:1-1-3 0.597MBps 35.3ms</bind>
  <bind>Comp:1-1-4 Comp:1-0-1 0.597MBps 35.3ms</bind>
  <bind>Comp:1-0-1 Comp:1-1-4 0.597MBps 35.3ms</bind>
  <bind>Comp:1-1-5 Comp:1-0-2 0.597MBps 35.3ms</bind>
  <bind>Comp:1-0-2 Comp:1-1-5 0.597MBps 35.3ms</bind>
  <bind>Comp:1-1-6 Comp:1-0-0 0.597MBps 35.3ms</bind>
  <bind>Comp:1-0-0 Comp:1-1-6 0.597MBps 35.3ms</bind>
  <bind>Comp:1-1-7 Comp:1-0-1 0.597MBps 35.3ms</bind>
  <bind>Comp:1-0-1 Comp:1-1-7 0.597MBps 35.3ms</bind>
  <bind>Comp:1-1-8 Comp:1-0-2 0.597MBps 35.3ms</bind>
  <bind>Comp:1-0-2 Comp:1-1-8 0.597MBps 35.3ms</bind>
  <bind>Comp:1-2-0 Comp:1-1-0 0.667MBps 43.2ms</bind>
  <bind>Comp:1-1-0 Comp:1-2-0 0.667MBps 43.2ms</bind>
  <bind>Comp:1-2-1 Comp:1-1-1 0.667MBps 43.2ms</bind>
  <bind>Comp:1-1-1 Comp:1-2-1 0.667MBps 43.2ms</bind>
  <bind>Comp:1-2-2 Comp:1-1-2 0.667MBps 43.2ms</bind>
  <bind>Comp:1-1-2 Comp:1-2-2 0.667MBps 43.2ms</bind>
  <bind>Comp:1-2-3 Comp:1-1-3 0.667MBps 43.2ms</bind>
  <bind>Comp:1-1-3 Comp:1-2-3 0.667MBps 43.2ms</bind>
  <bind>Comp:1-2-4 Comp:1-1-4 0.667MBps 43.2ms</bind>
  <bind>Comp:1-1-4 Comp:1-2-4 0.667MBps 43.2ms</bind>
  <bind>Comp:1-2-5 Comp:1-1-5 0.667MBps 43.2ms</bind>
  <bind>Comp:1-1-5 Comp:1-2-5 0.667MBps 43.2ms</bind>
  <bind>Comp:1-2-0 Comp:1-1-6 0.667MBps 43.2ms</bind>
  <bind>Comp:1-1-6 Comp:1-2-0 0.667MBps 43.2ms</bind>
  <bind>Comp:1-2-1 Comp:1-1-7 0.667MBps 43.2ms</bind>
  <bind>Comp:1-1-7 Comp:1-2-1 0.667MBps 43.2ms</bind>
  <bind>Comp:1-2-2 Comp:1-1-8 0.667MBps 43.2ms</bind>
  <bind>Comp:1-1-8 Comp:1-2-2 0.667MBps 43.2ms</bind>
  <bind>Comp:1-3-0 Comp:1-2-0 0.458MBps 41.5ms</bind>
  <bind>Comp:1-2-0 Comp:1-3-0 0.458MBps 41.5ms</bind>
  <bind>Comp:1-3-1 Comp:1-2-1 0.458MBps 41.5ms</bind>
  <bind>Comp:1-2-1 Comp:1-3-1 0.458MBps 41.5ms</bind>
  <bind>Comp:1-3-2 Comp:1-2-2 0.458MBps 41.5ms</bind>
  <bind>Comp:1-2-2 Comp:1-3-2 0.458MBps 41.5ms</bind>
  <bind>Comp:1-3-3 Comp:1-2-3 0.458MBps 41.5ms</bind>
  <bind>Comp:1-2-3 Comp:1-3-3 0.458MBps 41.5ms</bind>
  <bind>Comp:1-3-4 Comp:1-2-4 0.458MBps 41.5ms</bind>
  <bind>Comp:1-2-4 Comp:1-3-4 0.458MBps 41.5ms</bind>
  <bind>Comp:1-3-5 Comp:1-2-5 0.458MBps 41.5ms</bind>
  <bind>Comp:1-2-5 Comp:1-3-5 0.458MBps 41.5ms</bind>
  <bind>Comp:1-3-6 Comp:1-2-0 0.458MBps 41.5ms</bind>
  <bind>Comp:1-2-0 Comp:1-3-6 0.458MBps 41.5ms</bind>
  <bind>Comp:1-3-7 Comp:1-2-1 0.458MBps 41.5ms</bind>
  <bind>Comp:1-2-1 Comp:1-3-7 0.458MBps 41.5ms</bind>
  <bind>Comp:1-3-8 Comp:1-2-2 0.458MBps 41.5ms</bind>
  <bind>Comp:1-2-2 Comp:1-3-8 0.458MBps 41.5ms</bind>
  <bind>Comp:1-3-9 Comp:1-2-3 0.458MBps 41.5ms</bind>
  <bind>Comp:1-2-3 Comp:1-3-9 0.458MBps 41.5ms</bind>
  <bind>Comp:1-4-0 Comp:1-3-0 0.875MBps 47.6ms</bind>
  <bind>Comp:1-3-0 Comp:1-4-0 0.875MBps 47.6ms</bind>
  <bind>Comp:1-4-1 Comp:1-3-1 0.875MBps 47.6ms</bind>
  <bind>Comp:1-3-1 Comp:1-4-1 0.875MBps 47.6ms</bind>
  <bind>Comp:1-4-2 Comp:1-3-2 0.875MBps 47.6ms</bind>
  <bind>Comp:1-3-2 Comp:1-4-2 0.875MBps 47.6ms</bind>
  <bind>Comp:1-4-3 Comp:1-3-3 0.875MBps 47.6ms</bind>
  <bind>Comp:1-3-3 Comp:1-4-3 0.875MBps 47.6ms</bind>
  <bind>Comp:1-4-4 Comp:1-3-4 0.875MBps 47.6ms</bind>
  <bind>Comp:1-3-4 Comp:1-4-4 0.875MBps 47.6ms</bind>
  <bind>Comp:1-4-5 Comp:1-3-5 0.875MBps 47.6ms</bind>
  <bind>Comp:1-3-5 Comp:1-4-5 0.875MBps 47.6ms</bind>
  <bind>Comp:1-4-6 Comp:1-3-6 0.875MBps 47.6ms</bind>
  <bind>Comp:1-3-6 Comp:1-4-6 0.875MBps 47.6ms</bind>
  <bind>Comp:1-4-7 Comp:1-3-7 0.875MBps 47.6ms</bind>
  <bind>Comp:1-3-7 Comp:1-4-7 0.875MBps 47.6ms</bind>
  <bind>Comp:1-4-8 Comp:1-3-8 0.875MBps 47.6ms</bind>
  <bind>Comp:1-3-8 Comp:1-4-8 0.875MBps 47.6ms</bind>
  <bind>Comp:1-4-0 Comp:1-3-9 0.875MBps 47.6ms</bind>
  <bind>Comp:1-3-9 Comp:1-4-0 0.875MBps 47.6ms</bind>
  <bind>Comp:1-5-0 Comp:1-4-0 0.837MBps 36.4ms</bind>
  <bind>Comp:1-4-0 Comp:1-5-0 0.837MBps 36.4ms</bind>
  <bind>Comp:1-5-0 Comp:1-4-1 0.837MBps 36.4ms</bind>
  <bind>Comp:1-4-1 Comp:1-5-0 0.837MBps 36.4ms</bind>
  <bind>Comp:1-5-0 Comp:1-4-2 0.837MBps 36.4ms</bind>
  <bind>Comp:1-4-2 Comp:1-5-0 0.837MBps 36.4ms</bind>
  <bind>Comp:1-5-0 Comp:1-4-3 0.837MBps 36.4ms</bind>
  <bind>Comp:1-4-3 Comp:1-5-0 0.837MBps 36.4ms</bind>
  <bind>Comp:1-5-0 Comp:1-4-4 0.837MBps 36.4ms</bind>
  <bind>Comp:1-4-4 Comp:1-5-0 0.837MBps 36.4ms</bind>
  <bind>Comp:1-5-0 Comp:1-4-5 0.837MBps 36.4ms</bind>
  <bind>Comp:1-4-5 Comp:1-5-0 0.837MBps 36.4ms</bind>
  <bind>Comp:1-5-0 Comp:1-4-6 0.837MBps 36.4ms</bind>
  <bind>Comp:1-4-6 Comp:1-5-0 0.837MBps 36.4ms</bind>
  <bind>Comp:1-5-0 Comp:1-4-7 0.837MBps 36.4ms</bind>
  <bind>Comp:1-4-7 Comp:1-5-0 0.837MBps 36.4ms</bind>
  <bind>Comp:1-5-0 Comp:1-4-8 0.837MBps 36.4ms</bind>
  <bind>Comp:1-4-8 Comp:1-5-0 0.837MBps 36.4ms</bind>
  <bind>Comp:1-5-0 Appliance-20 0.667MBps 43.9ms</bind>
  <bind>Appliance-20 Comp:1-5-0 0.667MBps 43.9ms</bind>
  <bind>Comp:1-5-0 Appliance-20 0.667MBps 43.9ms</bind>
  <bind>Appliance-20 Comp:1-5-0 0.667MBps 43.9ms</bind>
  <bind>Comp:1-5-0 Appliance-11 0.667MBps 43.9ms</bind>
  <bind>Appliance-11 Comp:1-5-0 0.667MBps 43.9ms</bind>
  <bind>Comp:1-5-0 Appliance-34 0.667MBps 43.9ms</bind>
  <bind>Appliance-34 Comp:1-5-0 0.667MBps 43.9ms</bind>
  <bind>Comp:1-5-0 Appliance-22 0.667MBps 43.9ms</bind>
  <bind>Appliance-22 Comp:1-5-0 0.667MBps 43.9ms</bind>
</app>
<app>
  <id>App10</id>
<comp>
  <id>Comp:10-0-0</id>
  <CPU>0.584Gf</CPU>
  <RAM>0.806GB</RAM>
  <DISK>0.511GB</DISK>
</comp>
<comp>
  <id>Comp:10-0-1</id>
  <CPU>0.584Gf</CPU>
  <RAM>0.806GB</RAM>
  <DISK>0.511GB</DISK>
</comp>
<comp>
  <id>Comp:10-0-2</id>
  <CPU>0.584Gf</CPU>
  <RAM>0.806GB</RAM>
  <DISK>0.511GB</DISK>
</comp>
<comp>
  <id>Comp:10-0-3</id>
  <CPU>0.584Gf</CPU>
  <RAM>0.806GB</RAM>
  <DISK>0.511GB</DISK>
</comp>
<comp>
  <id>Comp:10-1-0</id>
  <CPU>0.77Gf</CPU>
  <RAM>0.59GB</RAM>
  <DISK>1.77GB</DISK>
</comp>
<comp>
  <id>Comp:10-1-1</id>
  <CPU>0.77Gf</CPU>
  <RAM>0.59GB</RAM>
  <DISK>1.77GB</DISK>
</comp>
<comp>
  <id>Comp:10-2-0</id>
  <CPU>0.746Gf</CPU>
  <RAM>0.895GB</RAM>
  <DISK>0.799GB</DISK>
</comp>
<comp>
  <id>Comp:10-2-1</id>
  <CPU>0.746Gf</CPU>
  <RAM>0.895GB</RAM>
  <DISK>0.799GB</DISK>
</comp>
<comp>
  <id>Comp:10-2-2</id>
  <CPU>0.746Gf</CPU>
  <RAM>0.895GB</RAM>
  <DISK>0.799GB</DISK>
</comp>
<comp>
  <id>Comp:10-2-3</id>
  <CPU>0.746Gf</CPU>
  <RAM>0.895GB</RAM>
  <DISK>0.799GB</DISK>
</comp>
<comp>
  <id>Comp:10-2-4</id>
  <CPU>0.746Gf</CPU>
  <RAM>0.895GB</RAM>
  <DISK>0.799GB</DISK>
</comp>
<comp>
  <id>Comp:10-2-5</id>
  <CPU>0.746Gf</CPU>
  <RAM>0.895GB</RAM>
  <DISK>0.799GB</DISK>
</comp>
<comp>
  <id>Comp:10-2-6</id>
  <CPU>0.746Gf</CPU>
  <RAM>0.895GB</RAM>
  <DISK>0.799GB</DISK>
</comp>
<comp>
  <id>Comp:10-2-7</id>
  <CPU>0.746Gf</CPU>
  <RAM>0.895GB</RAM>
  <DISK>0.799GB</DISK>
</comp>
<comp>
  <id>Comp:10-3-0</id>
  <CPU>0.295Gf</CPU>
  <RAM>0.461GB</RAM>
  <DISK>0.368GB</DISK>
</comp>
<comp>
  <id>Comp:10-3-1</id>
  <CPU>0.295Gf</CPU>
  <RAM>0.461GB</RAM>
  <DISK>0.368GB</DISK>
</comp>
<comp>
  <id>Comp:10-3-2</id>
  <CPU>0.295Gf</CPU>
  <RAM>0.461GB</RAM>
  <DISK>0.368GB</DISK>
</comp>
<comp>
  <id>Comp:10-4-0</id>
  <CPU>0.761Gf</CPU>
  <RAM>0.337GB</RAM>
  <DISK>1.71GB</DISK>
</comp>
<comp>
  <id>Comp:10-4-1</id>
  <CPU>0.761Gf</CPU>
  <RAM>0.337GB</RAM>
  <DISK>1.71GB</DISK>
</comp>
<comp>
  <id>Comp:10-4-2</id>
  <CPU>0.761Gf</CPU>
  <RAM>0.337GB</RAM>
  <DISK>1.71GB</DISK>
</comp>
<comp>
  <id>Comp:10-4-3</id>
  <CPU>0.761Gf</CPU>
  <RAM>0.337GB</RAM>
  <DISK>1.71GB</DISK>
</comp>
<comp>
  <id>Comp:10-4-4</id>
  <CPU>0.761Gf</CPU>
  <RAM>0.337GB</RAM>
  <DISK>1.71GB</DISK>
</comp>
<comp>
  <id>Comp:10-4-5</id>
  <CPU>0.761Gf</CPU>
  <RAM>0.337GB</RAM>
  <DISK>1.71GB</DISK>
</comp>
<comp>
  <id>Comp:10-4-6</id>
  <CPU>0.761Gf</CPU>
  <RAM>0.337GB</RAM>
  <DISK>1.71GB</DISK>
</comp>
<comp>
  <id>Comp:10-4-7</id>
  <CPU>0.761Gf</CPU>
  <RAM>0.337GB</RAM>
  <DISK>1.71GB</DISK>
</comp>
<comp>
  <id>Comp:10-4-8</id>
  <CPU>0.761Gf</CPU>
  <RAM>0.337GB</RAM>
  <DISK>1.71GB</DISK>
</comp>
  <bind>Comp:10-1-0 Comp:10-0-0 0.151MBps 41.9ms</bind>
  <bind>Comp:10-0-0 Comp:10-1-0 0.151MBps 41.9ms</bind>
  <bind>Comp:10-1-1 Comp:10-0-1 0.151MBps 41.9ms</bind>
  <bind>Comp:10-0-1 Comp:10-1-1 0.151MBps 41.9ms</bind>
  <bind>Comp:10-1-0 Comp:10-0-2 0.151MBps 41.9ms</bind>
  <bind>Comp:10-0-2 Comp:10-1-0 0.151MBps 41.9ms</bind>
  <bind>Comp:10-1-1 Comp:10-0-3 0.151MBps 41.9ms</bind>
  <bind>Comp:10-0-3 Comp:10-1-1 0.151MBps 41.9ms</bind>
  <bind>Comp:10-2-0 Comp:10-1-0 0.242MBps 27.1ms</bind>
  <bind>Comp:10-1-0 Comp:10-2-0 0.242MBps 27.1ms</bind>
  <bind>Comp:10-2-1 Comp:10-1-1 0.242MBps 27.1ms</bind>
  <bind>Comp:10-1-1 Comp:10-2-1 0.242MBps 27.1ms</bind>
  <bind>Comp:10-2-2 Comp:10-1-0 0.242MBps 27.1ms</bind>
  <bind>Comp:10-1-0 Comp:10-2-2 0.242MBps 27.1ms</bind>
  <bind>Comp:10-2-3 Comp:10-1-1 0.242MBps 27.1ms</bind>
  <bind>Comp:10-1-1 Comp:10-2-3 0.242MBps 27.1ms</bind>
  <bind>Comp:10-2-4 Comp:10-1-0 0.242MBps 27.1ms</bind>
  <bind>Comp:10-1-0 Comp:10-2-4 0.242MBps 27.1ms</bind>
  <bind>Comp:10-2-5 Comp:10-1-1 0.242MBps 27.1ms</bind>
  <bind>Comp:10-1-1 Comp:10-2-5 0.242MBps 27.1ms</bind>
  <bind>Comp:10-2-6 Comp:10-1-0 0.242MBps 27.1ms</bind>
  <bind>Comp:10-1-0 Comp:10-2-6 0.242MBps 27.1ms</bind>
  <bind>Comp:10-2-7 Comp:10-1-1 0.242MBps 27.1ms</bind>
  <bind>Comp:10-1-1 Comp:10-2-7 0.242MBps 27.1ms</bind>
  <bind>Comp:10-3-0 Comp:10-2-0 0.961MBps 37.7ms</bind>
  <bind>Comp:10-2-0 Comp:10-3-0 0.961MBps 37.7ms</bind>
  <bind>Comp:10-3-1 Comp:10-2-1 0.961MBps 37.7ms</bind>
  <bind>Comp:10-2-1 Comp:10-3-1 0.961MBps 37.7ms</bind>
  <bind>Comp:10-3-2 Comp:10-2-2 0.961MBps 37.7ms</bind>
  <bind>Comp:10-2-2 Comp:10-3-2 0.961MBps 37.7ms</bind>
  <bind>Comp:10-3-0 Comp:10-2-3 0.961MBps 37.7ms</bind>
  <bind>Comp:10-2-3 Comp:10-3-0 0.961MBps 37.7ms</bind>
  <bind>Comp:10-3-1 Comp:10-2-4 0.961MBps 37.7ms</bind>
  <bind>Comp:10-2-4 Comp:10-3-1 0.961MBps 37.7ms</bind>
  <bind>Comp:10-3-2 Comp:10-2-5 0.961MBps 37.7ms</bind>
  <bind>Comp:10-2-5 Comp:10-3-2 0.961MBps 37.7ms</bind>
  <bind>Comp:10-3-0 Comp:10-2-6 0.961MBps 37.7ms</bind>
  <bind>Comp:10-2-6 Comp:10-3-0 0.961MBps 37.7ms</bind>
  <bind>Comp:10-3-1 Comp:10-2-7 0.961MBps 37.7ms</bind>
  <bind>Comp:10-2-7 Comp:10-3-1 0.961MBps 37.7ms</bind>
  <bind>Comp:10-4-0 Comp:10-3-0 0.936MBps 36.9ms</bind>
  <bind>Comp:10-3-0 Comp:10-4-0 0.936MBps 36.9ms</bind>
  <bind>Comp:10-4-1 Comp:10-3-1 0.936MBps 36.9ms</bind>
  <bind>Comp:10-3-1 Comp:10-4-1 0.936MBps 36.9ms</bind>
  <bind>Comp:10-4-2 Comp:10-3-2 0.936MBps 36.9ms</bind>
  <bind>Comp:10-3-2 Comp:10-4-2 0.936MBps 36.9ms</bind>
  <bind>Comp:10-4-3 Comp:10-3-0 0.936MBps 36.9ms</bind>
  <bind>Comp:10-3-0 Comp:10-4-3 0.936MBps 36.9ms</bind>
  <bind>Comp:10-4-4 Comp:10-3-1 0.936MBps 36.9ms</bind>
  <bind>Comp:10-3-1 Comp:10-4-4 0.936MBps 36.9ms</bind>
  <bind>Comp:10-4-5 Comp:10-3-2 0.936MBps 36.9ms</bind>
  <bind>Comp:10-3-2 Comp:10-4-5 0.936MBps 36.9ms</bind>
  <bind>Comp:10-4-6 Comp:10-3-0 0.936MBps 36.9ms</bind>
  <bind>Comp:10-3-0 Comp:10-4-6 0.936MBps 36.9ms</bind>
  <bind>Comp:10-4-7 Comp:10-3-1 0.936MBps 36.9ms</bind>
  <bind>Comp:10-3-1 Comp:10-4-7 0.936MBps 36.9ms</bind>
  <bind>Comp:10-4-8 Comp:10-3-2 0.936MBps 36.9ms</bind>
  <bind>Comp:10-3-2 Comp:10-4-8 0.936MBps 36.9ms</bind>
  <bind>Comp:10-4-0 Appliance-29 0.459MBps 36.5ms</bind>
  <bind>Appliance-29 Comp:10-4-0 0.459MBps 36.5ms</bind>
  <bind>Comp:10-4-1 Appliance-17 0.459MBps 36.5ms</bind>
  <bind>Appliance-17 Comp:10-4-1 0.459MBps 36.5ms</bind>
  <bind>Comp:10-4-2 Appliance-29 0.459MBps 36.5ms</bind>
  <bind>Appliance-29 Comp:10-4-2 0.459MBps 36.5ms</bind>
  <bind>Comp:10-4-3 Appliance-1 0.459MBps 36.5ms</bind>
  <bind>Appliance-1 Comp:10-4-3 0.459MBps 36.5ms</bind>
  <bind>Comp:10-4-4 Appliance-29 0.459MBps 36.5ms</bind>
  <bind>Appliance-29 Comp:10-4-4 0.459MBps 36.5ms</bind>
  <bind>Comp:10-4-5 Appliance-17 0.459MBps 36.5ms</bind>
  <bind>Appliance-17 Comp:10-4-5 0.459MBps 36.5ms</bind>
  <bind>Comp:10-4-6 Appliance-29 0.459MBps 36.5ms</bind>
  <bind>Appliance-29 Comp:10-4-6 0.459MBps 36.5ms</bind>
  <bind>Comp:10-4-7 Appliance-1 0.459MBps 36.5ms</bind>
  <bind>Appliance-1 Comp:10-4-7 0.459MBps 36.5ms</bind>
  <bind>Comp:10-4-8 Appliance-29 0.459MBps 36.5ms</bind>
  <bind>Appliance-29 Comp:10-4-8 0.459MBps 36.5ms</bind>
</app>
<app>
  <id>App11</id>
<comp>
  <id>Comp:11-0-0</id>
  <CPU>0.653Gf</CPU>
  <RAM>0.425GB</RAM>
  <DISK>1.15GB</DISK>
</comp>
<comp>
  <id>Comp:11-0-1</id>
  <CPU>0.653Gf</CPU>
  <RAM>0.425GB</RAM>
  <DISK>1.15GB</DISK>
</comp>
<comp>
  <id>Comp:11-1-0</id>
  <CPU>0.991Gf</CPU>
  <RAM>0.784GB</RAM>
  <DISK>1.99GB</DISK>
</comp>
<comp>
  <id>Comp:11-1-1</id>
  <CPU>0.991Gf</CPU>
  <RAM>0.784GB</RAM>
  <DISK>1.99GB</DISK>
</comp>
<comp>
  <id>Comp:11-1-2</id>
  <CPU>0.991Gf</CPU>
  <RAM>0.784GB</RAM>
  <DISK>1.99GB</DISK>
</comp>
<comp>
  <id>Comp:11-1-3</id>
  <CPU>0.991Gf</CPU>
  <RAM>0.784GB</RAM>
  <DISK>1.99GB</DISK>
</comp>
<comp>
  <id>Comp:11-2-0</id>
  <CPU>0.655Gf</CPU>
  <RAM>0.59GB</RAM>
  <DISK>1.94GB</DISK>
</comp>
<comp>
  <id>Comp:11-2-1</id>
  <CPU>0.655Gf</CPU>
  <RAM>0.59GB</RAM>
  <DISK>1.94GB</DISK>
</comp>
<comp>
  <id>Comp:11-2-2</id>
  <CPU>0.655Gf</CPU>
  <RAM>0.59GB</RAM>
  <DISK>1.94GB</DISK>
</comp>
<comp>
  <id>Comp:11-2-3</id>
  <CPU>0.655Gf</CPU>
  <RAM>0.59GB</RAM>
  <DISK>1.94GB</DISK>
</comp>
<comp>
  <id>Comp:11-2-4</id>
  <CPU>0.655Gf</CPU>
  <RAM>0.59GB</RAM>
  <DISK>1.94GB</DISK>
</comp>
<comp>
  <id>Comp:11-2-5</id>
  <CPU>0.655Gf</CPU>
  <RAM>0.59GB</RAM>
  <DISK>1.94GB</DISK>
</comp>
<comp>
  <id>Comp:11-2-6</id>
  <CPU>0.655Gf</CPU>
  <RAM>0.59GB</RAM>
  <DISK>1.94GB</DISK>
</comp>
<comp>
  <id>Comp:11-2-7</id>
  <CPU>0.655Gf</CPU>
  <RAM>0.59GB</RAM>
  <DISK>1.94GB</DISK>
</comp>
<comp>
  <id>Comp:11-2-8</id>
  <CPU>0.655Gf</CPU>
  <RAM>0.59GB</RAM>
  <DISK>1.94GB</DISK>
</comp>
<comp>
  <id>Comp:11-2-9</id>
  <CPU>0.655Gf</CPU>
  <RAM>0.59GB</RAM>
  <DISK>1.94GB</DISK>
</comp>
<comp>
  <id>Comp:11-3-0</id>
  <CPU>0.715Gf</CPU>
  <RAM>0.678GB</RAM>
  <DISK>0.183GB</DISK>
</comp>
<comp>
  <id>Comp:11-3-1</id>
  <CPU>0.715Gf</CPU>
  <RAM>0.678GB</RAM>
  <DISK>0.183GB</DISK>
</comp>
<comp>
  <id>Comp:11-3-2</id>
  <CPU>0.715Gf</CPU>
  <RAM>0.678GB</RAM>
  <DISK>0.183GB</DISK>
</comp>
<comp>
  <id>Comp:11-3-3</id>
  <CPU>0.715Gf</CPU>
  <RAM>0.678GB</RAM>
  <DISK>0.183GB</DISK>
</comp>
<comp>
  <id>Comp:11-3-4</id>
  <CPU>0.715Gf</CPU>
  <RAM>0.678GB</RAM>
  <DISK>0.183GB</DISK>
</comp>
<comp>
  <id>Comp:11-4-0</id>
  <CPU>0.257Gf</CPU>
  <RAM>0.867GB</RAM>
  <DISK>1.67GB</DISK>
</comp>
<comp>
  <id>Comp:11-4-1</id>
  <CPU>0.257Gf</CPU>
  <RAM>0.867GB</RAM>
  <DISK>1.67GB</DISK>
</comp>
<comp>
  <id>Comp:11-4-2</id>
  <CPU>0.257Gf</CPU>
  <RAM>0.867GB</RAM>
  <DISK>1.67GB</DISK>
</comp>
<comp>
  <id>Comp:11-4-3</id>
  <CPU>0.257Gf</CPU>
  <RAM>0.867GB</RAM>
  <DISK>1.67GB</DISK>
</comp>
<comp>
  <id>Comp:11-4-4</id>
  <CPU>0.257Gf</CPU>
  <RAM>0.867GB</RAM>
  <DISK>1.67GB</DISK>
</comp>
<comp>
  <id>Comp:11-4-5</id>
  <CPU>0.257Gf</CPU>
  <RAM>0.867GB</RAM>
  <DISK>1.67GB</DISK>
</comp>
<comp>
  <id>Comp:11-4-6</id>
  <CPU>0.257Gf</CPU>
  <RAM>0.867GB</RAM>
  <DISK>1.67GB</DISK>
</comp>
<comp>
  <id>Comp:11-4-7</id>
  <CPU>0.257Gf</CPU>
  <RAM>0.867GB</RAM>
  <DISK>1.67GB</DISK>
</comp>
<comp>
  <id>Comp:11-4-8</id>
  <CPU>0.257Gf</CPU>
  <RAM>0.867GB</RAM>
  <DISK>1.67GB</DISK>
</comp>
  <bind>Comp:11-1-0 Comp:11-0-0 0.157MBps 47.6ms</bind>
  <bind>Comp:11-0-0 Comp:11-1-0 0.157MBps 47.6ms</bind>
  <bind>Comp:11-1-1 Comp:11-0-1 0.157MBps 47.6ms</bind>
  <bind>Comp:11-0-1 Comp:11-1-1 0.157MBps 47.6ms</bind>
  <bind>Comp:11-1-2 Comp:11-0-0 0.157MBps 47.6ms</bind>
  <bind>Comp:11-0-0 Comp:11-1-2 0.157MBps 47.6ms</bind>
  <bind>Comp:11-1-3 Comp:11-0-1 0.157MBps 47.6ms</bind>
  <bind>Comp:11-0-1 Comp:11-1-3 0.157MBps 47.6ms</bind>
  <bind>Comp:11-2-0 Comp:11-1-0 0.979MBps 36.3ms</bind>
  <bind>Comp:11-1-0 Comp:11-2-0 0.979MBps 36.3ms</bind>
  <bind>Comp:11-2-1 Comp:11-1-1 0.979MBps 36.3ms</bind>
  <bind>Comp:11-1-1 Comp:11-2-1 0.979MBps 36.3ms</bind>
  <bind>Comp:11-2-2 Comp:11-1-2 0.979MBps 36.3ms</bind>
  <bind>Comp:11-1-2 Comp:11-2-2 0.979MBps 36.3ms</bind>
  <bind>Comp:11-2-3 Comp:11-1-3 0.979MBps 36.3ms</bind>
  <bind>Comp:11-1-3 Comp:11-2-3 0.979MBps 36.3ms</bind>
  <bind>Comp:11-2-4 Comp:11-1-0 0.979MBps 36.3ms</bind>
  <bind>Comp:11-1-0 Comp:11-2-4 0.979MBps 36.3ms</bind>
  <bind>Comp:11-2-5 Comp:11-1-1 0.979MBps 36.3ms</bind>
  <bind>Comp:11-1-1 Comp:11-2-5 0.979MBps 36.3ms</bind>
  <bind>Comp:11-2-6 Comp:11-1-2 0.979MBps 36.3ms</bind>
  <bind>Comp:11-1-2 Comp:11-2-6 0.979MBps 36.3ms</bind>
  <bind>Comp:11-2-7 Comp:11-1-3 0.979MBps 36.3ms</bind>
  <bind>Comp:11-1-3 Comp:11-2-7 0.979MBps 36.3ms</bind>
  <bind>Comp:11-2-8 Comp:11-1-0 0.979MBps 36.3ms</bind>
  <bind>Comp:11-1-0 Comp:11-2-8 0.979MBps 36.3ms</bind>
  <bind>Comp:11-2-9 Comp:11-1-1 0.979MBps 36.3ms</bind>
  <bind>Comp:11-1-1 Comp:11-2-9 0.979MBps 36.3ms</bind>
  <bind>Comp:11-3-0 Comp:11-2-0 0.225MBps 44.7ms</bind>
  <bind>Comp:11-2-0 Comp:11-3-0 0.225MBps 44.7ms</bind>
  <bind>Comp:11-3-1 Comp:11-2-1 0.225MBps 44.7ms</bind>
  <bind>Comp:11-2-1 Comp:11-3-1 0.225MBps 44.7ms</bind>
  <bind>Comp:11-3-2 Comp:11-2-2 0.225MBps 44.7ms</bind>
  <bind>Comp:11-2-2 Comp:11-3-2 0.225MBps 44.7ms</bind>
  <bind>Comp:11-3-3 Comp:11-2-3 0.225MBps 44.7ms</bind>
  <bind>Comp:11-2-3 Comp:11-3-3 0.225MBps 44.7ms</bind>
  <bind>Comp:11-3-4 Comp:11-2-4 0.225MBps 44.7ms</bind>
  <bind>Comp:11-2-4 Comp:11-3-4 0.225MBps 44.7ms</bind>
  <bind>Comp:11-3-0 Comp:11-2-5 0.225MBps 44.7ms</bind>
  <bind>Comp:11-2-5 Comp:11-3-0 0.225MBps 44.7ms</bind>
  <bind>Comp:11-3-1 Comp:11-2-6 0.225MBps 44.7ms</bind>
  <bind>Comp:11-2-6 Comp:11-3-1 0.225MBps 44.7ms</bind>
  <bind>Comp:11-3-2 Comp:11-2-7 0.225MBps 44.7ms</bind>
  <bind>Comp:11-2-7 Comp:11-3-2 0.225MBps 44.7ms</bind>
  <bind>Comp:11-3-3 Comp:11-2-8 0.225MBps 44.7ms</bind>
  <bind>Comp:11-2-8 Comp:11-3-3 0.225MBps 44.7ms</bind>
  <bind>Comp:11-3-4 Comp:11-2-9 0.225MBps 44.7ms</bind>
  <bind>Comp:11-2-9 Comp:11-3-4 0.225MBps 44.7ms</bind>
  <bind>Comp:11-4-0 Comp:11-3-0 0.346MBps 35.2ms</bind>
  <bind>Comp:11-3-0 Comp:11-4-0 0.346MBps 35.2ms</bind>
  <bind>Comp:11-4-1 Comp:11-3-1 0.346MBps 35.2ms</bind>
  <bind>Comp:11-3-1 Comp:11-4-1 0.346MBps 35.2ms</bind>
  <bind>Comp:11-4-2 Comp:11-3-2 0.346MBps 35.2ms</bind>
  <bind>Comp:11-3-2 Comp:11-4-2 0.346MBps 35.2ms</bind>
  <bind>Comp:11-4-3 Comp:11-3-3 0.346MBps 35.2ms</bind>
  <bind>Comp:11-3-3 Comp:11-4-3 0.346MBps 35.2ms</bind>
  <bind>Comp:11-4-4 Comp:11-3-4 0.346MBps 35.2ms</bind>
  <bind>Comp:11-3-4 Comp:11-4-4 0.346MBps 35.2ms</bind>
  <bind>Comp:11-4-5 Comp:11-3-0 0.346MBps 35.2ms</bind>
  <bind>Comp:11-3-0 Comp:11-4-5 0.346MBps 35.2ms</bind>
  <bind>Comp:11-4-6 Comp:11-3-1 0.346MBps 35.2ms</bind>
  <bind>Comp:11-3-1 Comp:11-4-6 0.346MBps 35.2ms</bind>
  <bind>Comp:11-4-7 Comp:11-3-2 0.346MBps 35.2ms</bind>
  <bind>Comp:11-3-2 Comp:11-4-7 0.346MBps 35.2ms</bind>
  <bind>Comp:11-4-8 Comp:11-3-3 0.346MBps 35.2ms</bind>
  <bind>Comp:11-3-3 Comp:11-4-8 0.346MBps 35.2ms</bind>
  <bind>Comp:11-4-0 Appliance-36 0.773MBps 33.9ms</bind>
  <bind>Appliance-36 Comp:11-4-0 0.773MBps 33.9ms</bind>
  <bind>Comp:11-4-1 Appliance-36 0.773MBps 33.9ms</bind>
  <bind>Appliance-36 Comp:11-4-1 0.773MBps 33.9ms</bind>
  <bind>Comp:11-4-2 Appliance-4 0.773MBps 33.9ms</bind>
  <bind>Appliance-4 Comp:11-4-2 0.773MBps 33.9ms</bind>
  <bind>Comp:11-4-3 Appliance-0 0.773MBps 33.9ms</bind>
  <bind>Appliance-0 Comp:11-4-3 0.773MBps 33.9ms</bind>
  <bind>Comp:11-4-4 Appliance-3 0.773MBps 33.9ms</bind>
  <bind>Appliance-3 Comp:11-4-4 0.773MBps 33.9ms</bind>
  <bind>Comp:11-4-5 Appliance-13 0.773MBps 33.9ms</bind>
  <bind>Appliance-13 Comp:11-4-5 0.773MBps 33.9ms</bind>
  <bind>Comp:11-4-6 Appliance-28 0.773MBps 33.9ms</bind>
  <bind>Appliance-28 Comp:11-4-6 0.773MBps 33.9ms</bind>
  <bind>Comp:11-4-7 Appliance-36 0.773MBps 33.9ms</bind>
  <bind>Appliance-36 Comp:11-4-7 0.773MBps 33.9ms</bind>
  <bind>Comp:11-4-8 Appliance-36 0.773MBps 33.9ms</bind>
  <bind>Appliance-36 Comp:11-4-8 0.773MBps 33.9ms</bind>
</app>
<app>
  <id>App12</id>
<comp>
  <id>Comp:12-1-0</id>
  <CPU>0.873Gf</CPU>
  <RAM>0.279GB</RAM>
  <DISK>1.98GB</DISK>
</comp>
<comp>
  <id>Comp:12-1-1</id>
  <CPU>0.873Gf</CPU>
  <RAM>0.279GB</RAM>
  <DISK>1.98GB</DISK>
</comp>
<comp>
  <id>Comp:12-1-2</id>
  <CPU>0.873Gf</CPU>
  <RAM>0.279GB</RAM>
  <DISK>1.98GB</DISK>
</comp>
<comp>
  <id>Comp:12-1-3</id>
  <CPU>0.873Gf</CPU>
  <RAM>0.279GB</RAM>
  <DISK>1.98GB</DISK>
</comp>
<comp>
  <id>Comp:12-1-4</id>
  <CPU>0.873Gf</CPU>
  <RAM>0.279GB</RAM>
  <DISK>1.98GB</DISK>
</comp>
<comp>
  <id>Comp:12-1-5</id>
  <CPU>0.873Gf</CPU>
  <RAM>0.279GB</RAM>
  <DISK>1.98GB</DISK>
</comp>
<comp>
  <id>Comp:12-1-6</id>
  <CPU>0.873Gf</CPU>
  <RAM>0.279GB</RAM>
  <DISK>1.98GB</DISK>
</comp>
<comp>
  <id>Comp:12-1-7</id>
  <CPU>0.873Gf</CPU>
  <RAM>0.279GB</RAM>
  <DISK>1.98GB</DISK>
</comp>
<comp>
  <id>Comp:12-1-8</id>
  <CPU>0.873Gf</CPU>
  <RAM>0.279GB</RAM>
  <DISK>1.98GB</DISK>
</comp>
<comp>
  <id>Comp:12-1-9</id>
  <CPU>0.873Gf</CPU>
  <RAM>0.279GB</RAM>
  <DISK>1.98GB</DISK>
</comp>
<comp>
  <id>Comp:12-2-0</id>
  <CPU>0.138Gf</CPU>
  <RAM>0.797GB</RAM>
  <DISK>1.22GB</DISK>
</comp>
<comp>
  <id>Comp:12-2-1</id>
  <CPU>0.138Gf</CPU>
  <RAM>0.797GB</RAM>
  <DISK>1.22GB</DISK>
</comp>
<comp>
  <id>Comp:12-2-2</id>
  <CPU>0.138Gf</CPU>
  <RAM>0.797GB</RAM>
  <DISK>1.22GB</DISK>
</comp>
<comp>
  <id>Comp:12-2-3</id>
  <CPU>0.138Gf</CPU>
  <RAM>0.797GB</RAM>
  <DISK>1.22GB</DISK>
</comp>
<comp>
  <id>Comp:12-2-4</id>
  <CPU>0.138Gf</CPU>
  <RAM>0.797GB</RAM>
  <DISK>1.22GB</DISK>
</comp>
<comp>
  <id>Comp:12-2-5</id>
  <CPU>0.138Gf</CPU>
  <RAM>0.797GB</RAM>
  <DISK>1.22GB</DISK>
</comp>
<comp>
  <id>Comp:12-3-0</id>
  <CPU>0.883Gf</CPU>
  <RAM>0.791GB</RAM>
  <DISK>0.566GB</DISK>
</comp>
<comp>
  <id>Comp:12-3-1</id>
  <CPU>0.883Gf</CPU>
  <RAM>0.791GB</RAM>
  <DISK>0.566GB</DISK>
</comp>
<comp>
  <id>Comp:12-3-2</id>
  <CPU>0.883Gf</CPU>
  <RAM>0.791GB</RAM>
  <DISK>0.566GB</DISK>
</comp>
<comp>
  <id>Comp:12-3-3</id>
  <CPU>0.883Gf</CPU>
  <RAM>0.791GB</RAM>
  <DISK>0.566GB</DISK>
</comp>
<comp>
  <id>Comp:12-3-4</id>
  <CPU>0.883Gf</CPU>
  <RAM>0.791GB</RAM>
  <DISK>0.566GB</DISK>
</comp>
<comp>
  <id>Comp:12-3-5</id>
  <CPU>0.883Gf</CPU>
  <RAM>0.791GB</RAM>
  <DISK>0.566GB</DISK>
</comp>
  <bind>Comp:12-1-0 Appliance-37 0.745MBps 48.8ms</bind>
  <bind>Appliance-37 Comp:12-1-0 0.745MBps 48.8ms</bind>
  <bind>Comp:12-1-1 Appliance-39 0.745MBps 48.8ms</bind>
  <bind>Appliance-39 Comp:12-1-1 0.745MBps 48.8ms</bind>
  <bind>Comp:12-1-2 Appliance-0 0.745MBps 48.8ms</bind>
  <bind>Appliance-0 Comp:12-1-2 0.745MBps 48.8ms</bind>
  <bind>Comp:12-1-3 Appliance-22 0.745MBps 48.8ms</bind>
  <bind>Appliance-22 Comp:12-1-3 0.745MBps 48.8ms</bind>
  <bind>Comp:12-1-4 Appliance-3 0.745MBps 48.8ms</bind>
  <bind>Appliance-3 Comp:12-1-4 0.745MBps 48.8ms</bind>
  <bind>Comp:12-1-5 Appliance-36 0.745MBps 48.8ms</bind>
  <bind>Appliance-36 Comp:12-1-5 0.745MBps 48.8ms</bind>
  <bind>Comp:12-1-6 Appliance-13 0.745MBps 48.8ms</bind>
  <bind>Appliance-13 Comp:12-1-6 0.745MBps 48.8ms</bind>
  <bind>Comp:12-1-7 Appliance-5 0.745MBps 48.8ms</bind>
  <bind>Appliance-5 Comp:12-1-7 0.745MBps 48.8ms</bind>
  <bind>Comp:12-1-8 Appliance-39 0.745MBps 48.8ms</bind>
  <bind>Appliance-39 Comp:12-1-8 0.745MBps 48.8ms</bind>
  <bind>Comp:12-1-9 Appliance-37 0.745MBps 48.8ms</bind>
  <bind>Appliance-37 Comp:12-1-9 0.745MBps 48.8ms</bind>
  <bind>Comp:12-2-0 Comp:12-1-0 0.395MBps 27.6ms</bind>
  <bind>Comp:12-1-0 Comp:12-2-0 0.395MBps 27.6ms</bind>
  <bind>Comp:12-2-1 Comp:12-1-1 0.395MBps 27.6ms</bind>
  <bind>Comp:12-1-1 Comp:12-2-1 0.395MBps 27.6ms</bind>
  <bind>Comp:12-2-2 Comp:12-1-2 0.395MBps 27.6ms</bind>
  <bind>Comp:12-1-2 Comp:12-2-2 0.395MBps 27.6ms</bind>
  <bind>Comp:12-2-3 Comp:12-1-3 0.395MBps 27.6ms</bind>
  <bind>Comp:12-1-3 Comp:12-2-3 0.395MBps 27.6ms</bind>
  <bind>Comp:12-2-4 Comp:12-1-4 0.395MBps 27.6ms</bind>
  <bind>Comp:12-1-4 Comp:12-2-4 0.395MBps 27.6ms</bind>
  <bind>Comp:12-2-5 Comp:12-1-5 0.395MBps 27.6ms</bind>
  <bind>Comp:12-1-5 Comp:12-2-5 0.395MBps 27.6ms</bind>
  <bind>Comp:12-2-0 Comp:12-1-6 0.395MBps 27.6ms</bind>
  <bind>Comp:12-1-6 Comp:12-2-0 0.395MBps 27.6ms</bind>
  <bind>Comp:12-2-1 Comp:12-1-7 0.395MBps 27.6ms</bind>
  <bind>Comp:12-1-7 Comp:12-2-1 0.395MBps 27.6ms</bind>
  <bind>Comp:12-2-2 Comp:12-1-8 0.395MBps 27.6ms</bind>
  <bind>Comp:12-1-8 Comp:12-2-2 0.395MBps 27.6ms</bind>
  <bind>Comp:12-2-3 Comp:12-1-9 0.395MBps 27.6ms</bind>
  <bind>Comp:12-1-9 Comp:12-2-3 0.395MBps 27.6ms</bind>
  <bind>Comp:12-3-0 Comp:12-2-0 0.241MBps 31.3ms</bind>
  <bind>Comp:12-2-0 Comp:12-3-0 0.241MBps 31.3ms</bind>
  <bind>Comp:12-3-1 Comp:12-2-1 0.241MBps 31.3ms</bind>
  <bind>Comp:12-2-1 Comp:12-3-1 0.241MBps 31.3ms</bind>
  <bind>Comp:12-3-2 Comp:12-2-2 0.241MBps 31.3ms</bind>
  <bind>Comp:12-2-2 Comp:12-3-2 0.241MBps 31.3ms</bind>
  <bind>Comp:12-3-3 Comp:12-2-3 0.241MBps 31.3ms</bind>
  <bind>Comp:12-2-3 Comp:12-3-3 0.241MBps 31.3ms</bind>
  <bind>Comp:12-3-4 Comp:12-2-4 0.241MBps 31.3ms</bind>
  <bind>Comp:12-2-4 Comp:12-3-4 0.241MBps 31.3ms</bind>
  <bind>Comp:12-3-5 Comp:12-2-5 0.241MBps 31.3ms</bind>
  <bind>Comp:12-2-5 Comp:12-3-5 0.241MBps 31.3ms</bind>
  <bind>Comp:12-3-0 Appliance-28 0.473MBps 30.2ms</bind>
  <bind>Appliance-28 Comp:12-3-0 0.473MBps 30.2ms</bind>
  <bind>Comp:12-3-1 Appliance-14 0.473MBps 30.2ms</bind>
  <bind>Appliance-14 Comp:12-3-1 0.473MBps 30.2ms</bind>
  <bind>Comp:12-3-2 Appliance-13 0.473MBps 30.2ms</bind>
  <bind>Appliance-13 Comp:12-3-2 0.473MBps 30.2ms</bind>
  <bind>Comp:12-3-3 Appliance-4 0.473MBps 30.2ms</bind>
  <bind>Appliance-4 Comp:12-3-3 0.473MBps 30.2ms</bind>
  <bind>Comp:12-3-4 Appliance-36 0.473MBps 30.2ms</bind>
  <bind>Appliance-36 Comp:12-3-4 0.473MBps 30.2ms</bind>
  <bind>Comp:12-3-5 Appliance-20 0.473MBps 30.2ms</bind>
  <bind>Appliance-20 Comp:12-3-5 0.473MBps 30.2ms</bind>
  <bind>Comp:12-3-0 Appliance-3 0.473MBps 30.2ms</bind>
  <bind>Appliance-3 Comp:12-3-0 0.473MBps 30.2ms</bind>
  <bind>Comp:12-3-1 Appliance-0 0.473MBps 30.2ms</bind>
  <bind>Appliance-0 Comp:12-3-1 0.473MBps 30.2ms</bind>
</app>
<app>
  <id>App13</id>
<comp>
  <id>Comp:13-0-0</id>
  <CPU>0.593Gf</CPU>
  <RAM>0.614GB</RAM>
  <DISK>1.91GB</DISK>
</comp>
<comp>
  <id>Comp:13-0-1</id>
  <CPU>0.593Gf</CPU>
  <RAM>0.614GB</RAM>
  <DISK>1.91GB</DISK>
</comp>
<comp>
  <id>Comp:13-0-2</id>
  <CPU>0.593Gf</CPU>
  <RAM>0.614GB</RAM>
  <DISK>1.91GB</DISK>
</comp>
<comp>
  <id>Comp:13-0-3</id>
  <CPU>0.593Gf</CPU>
  <RAM>0.614GB</RAM>
  <DISK>1.91GB</DISK>
</comp>
<comp>
  <id>Comp:13-0-4</id>
  <CPU>0.593Gf</CPU>
  <RAM>0.614GB</RAM>
  <DISK>1.91GB</DISK>
</comp>
<comp>
  <id>Comp:13-0-5</id>
  <CPU>0.593Gf</CPU>
  <RAM>0.614GB</RAM>
  <DISK>1.91GB</DISK>
</comp>
<comp>
  <id>Comp:13-0-6</id>
  <CPU>0.593Gf</CPU>
  <RAM>0.614GB</RAM>
  <DISK>1.91GB</DISK>
</comp>
<comp>
  <id>Comp:13-0-7</id>
  <CPU>0.593Gf</CPU>
  <RAM>0.614GB</RAM>
  <DISK>1.91GB</DISK>
</comp>
<comp>
  <id>Comp:13-0-8</id>
  <CPU>0.593Gf</CPU>
  <RAM>0.614GB</RAM>
  <DISK>1.91GB</DISK>
</comp>
<comp>
  <id>Comp:13-0-9</id>
  <CPU>0.593Gf</CPU>
  <RAM>0.614GB</RAM>
  <DISK>1.91GB</DISK>
</comp>
<comp>
  <id>Comp:13-1-0</id>
  <CPU>0.118Gf</CPU>
  <RAM>0.88GB</RAM>
  <DISK>1.82GB</DISK>
</comp>
<comp>
  <id>Comp:13-1-1</id>
  <CPU>0.118Gf</CPU>
  <RAM>0.88GB</RAM>
  <DISK>1.82GB</DISK>
</comp>
<comp>
  <id>Comp:13-1-2</id>
  <CPU>0.118Gf</CPU>
  <RAM>0.88GB</RAM>
  <DISK>1.82GB</DISK>
</comp>
<comp>
  <id>Comp:13-1-3</id>
  <CPU>0.118Gf</CPU>
  <RAM>0.88GB</RAM>
  <DISK>1.82GB</DISK>
</comp>
<comp>
  <id>Comp:13-1-4</id>
  <CPU>0.118Gf</CPU>
  <RAM>0.88GB</RAM>
  <DISK>1.82GB</DISK>
</comp>
<comp>
  <id>Comp:13-1-5</id>
  <CPU>0.118Gf</CPU>
  <RAM>0.88GB</RAM>
  <DISK>1.82GB</DISK>
</comp>
<comp>
  <id>Comp:13-2-0</id>
  <CPU>0.784Gf</CPU>
  <RAM>0.684GB</RAM>
  <DISK>1.61GB</DISK>
</comp>
<comp>
  <id>Comp:13-2-1</id>
  <CPU>0.784Gf</CPU>
  <RAM>0.684GB</RAM>
  <DISK>1.61GB</DISK>
</comp>
<comp>
  <id>Comp:13-2-2</id>
  <CPU>0.784Gf</CPU>
  <RAM>0.684GB</RAM>
  <DISK>1.61GB</DISK>
</comp>
<comp>
  <id>Comp:13-2-3</id>
  <CPU>0.784Gf</CPU>
  <RAM>0.684GB</RAM>
  <DISK>1.61GB</DISK>
</comp>
<comp>
  <id>Comp:13-2-4</id>
  <CPU>0.784Gf</CPU>
  <RAM>0.684GB</RAM>
  <DISK>1.61GB</DISK>
</comp>
<comp>
  <id>Comp:13-2-5</id>
  <CPU>0.784Gf</CPU>
  <RAM>0.684GB</RAM>
  <DISK>1.61GB</DISK>
</comp>
<comp>
  <id>Comp:13-2-6</id>
  <CPU>0.784Gf</CPU>
  <RAM>0.684GB</RAM>
  <DISK>1.61GB</DISK>
</comp>
<comp>
  <id>Comp:13-3-0</id>
  <CPU>0.608Gf</CPU>
  <RAM>0.706GB</RAM>
  <DISK>1.7GB</DISK>
</comp>
<comp>
  <id>Comp:13-3-1</id>
  <CPU>0.608Gf</CPU>
  <RAM>0.706GB</RAM>
  <DISK>1.7GB</DISK>
</comp>
<comp>
  <id>Comp:13-3-2</id>
  <CPU>0.608Gf</CPU>
  <RAM>0.706GB</RAM>
  <DISK>1.7GB</DISK>
</comp>
<comp>
  <id>Comp:13-3-3</id>
  <CPU>0.608Gf</CPU>
  <RAM>0.706GB</RAM>
  <DISK>1.7GB</DISK>
</comp>
<comp>
  <id>Comp:13-3-4</id>
  <CPU>0.608Gf</CPU>
  <RAM>0.706GB</RAM>
  <DISK>1.7GB</DISK>
</comp>
<comp>
  <id>Comp:13-3-5</id>
  <CPU>0.608Gf</CPU>
  <RAM>0.706GB</RAM>
  <DISK>1.7GB</DISK>
</comp>
<comp>
  <id>Comp:13-3-6</id>
  <CPU>0.608Gf</CPU>
  <RAM>0.706GB</RAM>
  <DISK>1.7GB</DISK>
</comp>
<comp>
  <id>Comp:13-3-7</id>
  <CPU>0.608Gf</CPU>
  <RAM>0.706GB</RAM>
  <DISK>1.7GB</DISK>
</comp>
<comp>
  <id>Comp:13-3-8</id>
  <CPU>0.608Gf</CPU>
  <RAM>0.706GB</RAM>
  <DISK>1.7GB</DISK>
</comp>
<comp>
  <id>Comp:13-3-9</id>
  <CPU>0.608Gf</CPU>
  <RAM>0.706GB</RAM>
  <DISK>1.7GB</DISK>
</comp>
  <bind>Comp:13-1-0 Comp:13-0-0 0.975MBps 43.5ms</bind>
  <bind>Comp:13-0-0 Comp:13-1-0 0.975MBps 43.5ms</bind>
  <bind>Comp:13-1-1 Comp:13-0-1 0.975MBps 43.5ms</bind>
  <bind>Comp:13-0-1 Comp:13-1-1 0.975MBps 43.5ms</bind>
  <bind>Comp:13-1-2 Comp:13-0-2 0.975MBps 43.5ms</bind>
  <bind>Comp:13-0-2 Comp:13-1-2 0.975MBps 43.5ms</bind>
  <bind>Comp:13-1-3 Comp:13-0-3 0.975MBps 43.5ms</bind>
  <bind>Comp:13-0-3 Comp:13-1-3 0.975MBps 43.5ms</bind>
  <bind>Comp:13-1-4 Comp:13-0-4 0.975MBps 43.5ms</bind>
  <bind>Comp:13-0-4 Comp:13-1-4 0.975MBps 43.5ms</bind>
  <bind>Comp:13-1-5 Comp:13-0-5 0.975MBps 43.5ms</bind>
  <bind>Comp:13-0-5 Comp:13-1-5 0.975MBps 43.5ms</bind>
  <bind>Comp:13-1-0 Comp:13-0-6 0.975MBps 43.5ms</bind>
  <bind>Comp:13-0-6 Comp:13-1-0 0.975MBps 43.5ms</bind>
  <bind>Comp:13-1-1 Comp:13-0-7 0.975MBps 43.5ms</bind>
  <bind>Comp:13-0-7 Comp:13-1-1 0.975MBps 43.5ms</bind>
  <bind>Comp:13-1-2 Comp:13-0-8 0.975MBps 43.5ms</bind>
  <bind>Comp:13-0-8 Comp:13-1-2 0.975MBps 43.5ms</bind>
  <bind>Comp:13-1-3 Comp:13-0-9 0.975MBps 43.5ms</bind>
  <bind>Comp:13-0-9 Comp:13-1-3 0.975MBps 43.5ms</bind>
  <bind>Comp:13-2-0 Comp:13-1-0 0.319MBps 33.0ms</bind>
  <bind>Comp:13-1-0 Comp:13-2-0 0.319MBps 33.0ms</bind>
  <bind>Comp:13-2-1 Comp:13-1-1 0.319MBps 33.0ms</bind>
  <bind>Comp:13-1-1 Comp:13-2-1 0.319MBps 33.0ms</bind>
  <bind>Comp:13-2-2 Comp:13-1-2 0.319MBps 33.0ms</bind>
  <bind>Comp:13-1-2 Comp:13-2-2 0.319MBps 33.0ms</bind>
  <bind>Comp:13-2-3 Comp:13-1-3 0.319MBps 33.0ms</bind>
  <bind>Comp:13-1-3 Comp:13-2-3 0.319MBps 33.0ms</bind>
  <bind>Comp:13-2-4 Comp:13-1-4 0.319MBps 33.0ms</bind>
  <bind>Comp:13-1-4 Comp:13-2-4 0.319MBps 33.0ms</bind>
  <bind>Comp:13-2-5 Comp:13-1-5 0.319MBps 33.0ms</bind>
  <bind>Comp:13-1-5 Comp:13-2-5 0.319MBps 33.0ms</bind>
  <bind>Comp:13-2-6 Comp:13-1-0 0.319MBps 33.0ms</bind>
  <bind>Comp:13-1-0 Comp:13-2-6 0.319MBps 33.0ms</bind>
  <bind>Comp:13-3-0 Comp:13-2-0 0.101MBps 35.8ms</bind>
  <bind>Comp:13-2-0 Comp:13-3-0 0.101MBps 35.8ms</bind>
  <bind>Comp:13-3-1 Comp:13-2-1 0.101MBps 35.8ms</bind>
  <bind>Comp:13-2-1 Comp:13-3-1 0.101MBps 35.8ms</bind>
  <bind>Comp:13-3-2 Comp:13-2-2 0.101MBps 35.8ms</bind>
  <bind>Comp:13-2-2 Comp:13-3-2 0.101MBps 35.8ms</bind>
  <bind>Comp:13-3-3 Comp:13-2-3 0.101MBps 35.8ms</bind>
  <bind>Comp:13-2-3 Comp:13-3-3 0.101MBps 35.8ms</bind>
  <bind>Comp:13-3-4 Comp:13-2-4 0.101MBps 35.8ms</bind>
  <bind>Comp:13-2-4 Comp:13-3-4 0.101MBps 35.8ms</bind>
  <bind>Comp:13-3-5 Comp:13-2-5 0.101MBps 35.8ms</bind>
  <bind>Comp:13-2-5 Comp:13-3-5 0.101MBps 35.8ms</bind>
  <bind>Comp:13-3-6 Comp:13-2-6 0.101MBps 35.8ms</bind>
  <bind>Comp:13-2-6 Comp:13-3-6 0.101MBps 35.8ms</bind>
  <bind>Comp:13-3-7 Comp:13-2-0 0.101MBps 35.8ms</bind>
  <bind>Comp:13-2-0 Comp:13-3-7 0.101MBps 35.8ms</bind>
  <bind>Comp:13-3-8 Comp:13-2-1 0.101MBps 35.8ms</bind>
  <bind>Comp:13-2-1 Comp:13-3-8 0.101MBps 35.8ms</bind>
  <bind>Comp:13-3-9 Comp:13-2-2 0.101MBps 35.8ms</bind>
  <bind>Comp:13-2-2 Comp:13-3-9 0.101MBps 35.8ms</bind>
  <bind>Comp:13-3-0 Appliance-22 0.482MBps 30.4ms</bind>
  <bind>Appliance-22 Comp:13-3-0 0.482MBps 30.4ms</bind>
  <bind>Comp:13-3-1 Appliance-20 0.482MBps 30.4ms</bind>
  <bind>Appliance-20 Comp:13-3-1 0.482MBps 30.4ms</bind>
  <bind>Comp:13-3-2 Appliance-37 0.482MBps 30.4ms</bind>
  <bind>Appliance-37 Comp:13-3-2 0.482MBps 30.4ms</bind>
  <bind>Comp:13-3-3 Appliance-0 0.482MBps 30.4ms</bind>
  <bind>Appliance-0 Comp:13-3-3 0.482MBps 30.4ms</bind>
  <bind>Comp:13-3-4 Appliance-22 0.482MBps 30.4ms</bind>
  <bind>Appliance-22 Comp:13-3-4 0.482MBps 30.4ms</bind>
  <bind>Comp:13-3-5 Appliance-20 0.482MBps 30.4ms</bind>
  <bind>Appliance-20 Comp:13-3-5 0.482MBps 30.4ms</bind>
  <bind>Comp:13-3-6 Appliance-37 0.482MBps 30.4ms</bind>
  <bind>Appliance-37 Comp:13-3-6 0.482MBps 30.4ms</bind>
  <bind>Comp:13-3-7 Appliance-0 0.482MBps 30.4ms</bind>
  <bind>Appliance-0 Comp:13-3-7 0.482MBps 30.4ms</bind>
  <bind>Comp:13-3-8 Appliance-22 0.482MBps 30.4ms</bind>
  <bind>Appliance-22 Comp:13-3-8 0.482MBps 30.4ms</bind>
  <bind>Comp:13-3-9 Appliance-20 0.482MBps 30.4ms</bind>
  <bind>Appliance-20 Comp:13-3-9 0.482MBps 30.4ms</bind>
</app>
<app>
  <id>App14</id>
<comp>
  <id>Comp:14-1-0</id>
  <CPU>0.181Gf</CPU>
  <RAM>0.778GB</RAM>
  <DISK>0.314GB</DISK>
</comp>
<comp>
  <id>Comp:14-1-1</id>
  <CPU>0.181Gf</CPU>
  <RAM>0.778GB</RAM>
  <DISK>0.314GB</DISK>
</comp>
<comp>
  <id>Comp:14-1-2</id>
  <CPU>0.181Gf</CPU>
  <RAM>0.778GB</RAM>
  <DISK>0.314GB</DISK>
</comp>
<comp>
  <id>Comp:14-1-3</id>
  <CPU>0.181Gf</CPU>
  <RAM>0.778GB</RAM>
  <DISK>0.314GB</DISK>
</comp>
<comp>
  <id>Comp:14-2-0</id>
  <CPU>0.21Gf</CPU>
  <RAM>0.958GB</RAM>
  <DISK>0.482GB</DISK>
</comp>
<comp>
  <id>Comp:14-2-1</id>
  <CPU>0.21Gf</CPU>
  <RAM>0.958GB</RAM>
  <DISK>0.482GB</DISK>
</comp>
<comp>
  <id>Comp:14-2-2</id>
  <CPU>0.21Gf</CPU>
  <RAM>0.958GB</RAM>
  <DISK>0.482GB</DISK>
</comp>
<comp>
  <id>Comp:14-2-3</id>
  <CPU>0.21Gf</CPU>
  <RAM>0.958GB</RAM>
  <DISK>0.482GB</DISK>
</comp>
<comp>
  <id>Comp:14-2-4</id>
  <CPU>0.21Gf</CPU>
  <RAM>0.958GB</RAM>
  <DISK>0.482GB</DISK>
</comp>
<comp>
  <id>Comp:14-3-0</id>
  <CPU>0.201Gf</CPU>
  <RAM>0.576GB</RAM>
  <DISK>0.691GB</DISK>
</comp>
<comp>
  <id>Comp:14-3-1</id>
  <CPU>0.201Gf</CPU>
  <RAM>0.576GB</RAM>
  <DISK>0.691GB</DISK>
</comp>
<comp>
  <id>Comp:14-4-0</id>
  <CPU>0.262Gf</CPU>
  <RAM>0.338GB</RAM>
  <DISK>0.508GB</DISK>
</comp>
<comp>
  <id>Comp:14-4-1</id>
  <CPU>0.262Gf</CPU>
  <RAM>0.338GB</RAM>
  <DISK>0.508GB</DISK>
</comp>
<comp>
  <id>Comp:14-4-2</id>
  <CPU>0.262Gf</CPU>
  <RAM>0.338GB</RAM>
  <DISK>0.508GB</DISK>
</comp>
<comp>
  <id>Comp:14-4-3</id>
  <CPU>0.262Gf</CPU>
  <RAM>0.338GB</RAM>
  <DISK>0.508GB</DISK>
</comp>
<comp>
  <id>Comp:14-4-4</id>
  <CPU>0.262Gf</CPU>
  <RAM>0.338GB</RAM>
  <DISK>0.508GB</DISK>
</comp>
<comp>
  <id>Comp:14-4-5</id>
  <CPU>0.262Gf</CPU>
  <RAM>0.338GB</RAM>
  <DISK>0.508GB</DISK>
</comp>
<comp>
  <id>Comp:14-4-6</id>
  <CPU>0.262Gf</CPU>
  <RAM>0.338GB</RAM>
  <DISK>0.508GB</DISK>
</comp>
<comp>
  <id>Comp:14-5-0</id>
  <CPU>0.734Gf</CPU>
  <RAM>0.766GB</RAM>
  <DISK>1.57GB</DISK>
</comp>
<comp>
  <id>Comp:14-5-1</id>
  <CPU>0.734Gf</CPU>
  <RAM>0.766GB</RAM>
  <DISK>1.57GB</DISK>
</comp>
  <bind>Comp:14-1-0 Appliance-29 0.415MBps 47.7ms</bind>
  <bind>Appliance-29 Comp:14-1-0 0.415MBps 47.7ms</bind>
  <bind>Comp:14-1-1 Appliance-24 0.415MBps 47.7ms</bind>
  <bind>Appliance-24 Comp:14-1-1 0.415MBps 47.7ms</bind>
  <bind>Comp:14-1-2 Appliance-6 0.415MBps 47.7ms</bind>
  <bind>Appliance-6 Comp:14-1-2 0.415MBps 47.7ms</bind>
  <bind>Comp:14-1-3 Appliance-7 0.415MBps 47.7ms</bind>
  <bind>Appliance-7 Comp:14-1-3 0.415MBps 47.7ms</bind>
  <bind>Comp:14-1-0 Appliance-38 0.415MBps 47.7ms</bind>
  <bind>Appliance-38 Comp:14-1-0 0.415MBps 47.7ms</bind>
  <bind>Comp:14-2-0 Comp:14-1-0 0.742MBps 39.3ms</bind>
  <bind>Comp:14-1-0 Comp:14-2-0 0.742MBps 39.3ms</bind>
  <bind>Comp:14-2-1 Comp:14-1-1 0.742MBps 39.3ms</bind>
  <bind>Comp:14-1-1 Comp:14-2-1 0.742MBps 39.3ms</bind>
  <bind>Comp:14-2-2 Comp:14-1-2 0.742MBps 39.3ms</bind>
  <bind>Comp:14-1-2 Comp:14-2-2 0.742MBps 39.3ms</bind>
  <bind>Comp:14-2-3 Comp:14-1-3 0.742MBps 39.3ms</bind>
  <bind>Comp:14-1-3 Comp:14-2-3 0.742MBps 39.3ms</bind>
  <bind>Comp:14-2-4 Comp:14-1-0 0.742MBps 39.3ms</bind>
  <bind>Comp:14-1-0 Comp:14-2-4 0.742MBps 39.3ms</bind>
  <bind>Comp:14-3-0 Comp:14-2-0 0.347MBps 41.6ms</bind>
  <bind>Comp:14-2-0 Comp:14-3-0 0.347MBps 41.6ms</bind>
  <bind>Comp:14-3-1 Comp:14-2-1 0.347MBps 41.6ms</bind>
  <bind>Comp:14-2-1 Comp:14-3-1 0.347MBps 41.6ms</bind>
  <bind>Comp:14-3-0 Comp:14-2-2 0.347MBps 41.6ms</bind>
  <bind>Comp:14-2-2 Comp:14-3-0 0.347MBps 41.6ms</bind>
  <bind>Comp:14-3-1 Comp:14-2-3 0.347MBps 41.6ms</bind>
  <bind>Comp:14-2-3 Comp:14-3-1 0.347MBps 41.6ms</bind>
  <bind>Comp:14-3-0 Comp:14-2-4 0.347MBps 41.6ms</bind>
  <bind>Comp:14-2-4 Comp:14-3-0 0.347MBps 41.6ms</bind>
  <bind>Comp:14-4-0 Comp:14-3-0 0.35MBps 31.7ms</bind>
  <bind>Comp:14-3-0 Comp:14-4-0 0.35MBps 31.7ms</bind>
  <bind>Comp:14-4-1 Comp:14-3-1 0.35MBps 31.7ms</bind>
  <bind>Comp:14-3-1 Comp:14-4-1 0.35MBps 31.7ms</bind>
  <bind>Comp:14-4-2 Comp:14-3-0 0.35MBps 31.7ms</bind>
  <bind>Comp:14-3-0 Comp:14-4-2 0.35MBps 31.7ms</bind>
  <bind>Comp:14-4-3 Comp:14-3-1 0.35MBps 31.7ms</bind>
  <bind>Comp:14-3-1 Comp:14-4-3 0.35MBps 31.7ms</bind>
  <bind>Comp:14-4-4 Comp:14-3-0 0.35MBps 31.7ms</bind>
  <bind>Comp:14-3-0 Comp:14-4-4 0.35MBps 31.7ms</bind>
  <bind>Comp:14-4-5 Comp:14-3-1 0.35MBps 31.7ms</bind>
  <bind>Comp:14-3-1 Comp:14-4-5 0.35MBps 31.7ms</bind>
  <bind>Comp:14-4-6 Comp:14-3-0 0.35MBps 31.7ms</bind>
  <bind>Comp:14-3-0 Comp:14-4-6 0.35MBps 31.7ms</bind>
  <bind>Comp:14-5-0 Comp:14-4-0 0.504MBps 34.0ms</bind>
  <bind>Comp:14-4-0 Comp:14-5-0 0.504MBps 34.0ms</bind>
  <bind>Comp:14-5-1 Comp:14-4-1 0.504MBps 34.0ms</bind>
  <bind>Comp:14-4-1 Comp:14-5-1 0.504MBps 34.0ms</bind>
  <bind>Comp:14-5-0 Comp:14-4-2 0.504MBps 34.0ms</bind>
  <bind>Comp:14-4-2 Comp:14-5-0 0.504MBps 34.0ms</bind>
  <bind>Comp:14-5-1 Comp:14-4-3 0.504MBps 34.0ms</bind>
  <bind>Comp:14-4-3 Comp:14-5-1 0.504MBps 34.0ms</bind>
  <bind>Comp:14-5-0 Comp:14-4-4 0.504MBps 34.0ms</bind>
  <bind>Comp:14-4-4 Comp:14-5-0 0.504MBps 34.0ms</bind>
  <bind>Comp:14-5-1 Comp:14-4-5 0.504MBps 34.0ms</bind>
  <bind>Comp:14-4-5 Comp:14-5-1 0.504MBps 34.0ms</bind>
  <bind>Comp:14-5-0 Comp:14-4-6 0.504MBps 34.0ms</bind>
  <bind>Comp:14-4-6 Comp:14-5-0 0.504MBps 34.0ms</bind>
  <bind>Comp:14-5-0 Appliance-33 0.648MBps 45.0ms</bind>
  <bind>Appliance-33 Comp:14-5-0 0.648MBps 45.0ms</bind>
  <bind>Comp:14-5-1 Appliance-18 0.648MBps 45.0ms</bind>
  <bind>Appliance-18 Comp:14-5-1 0.648MBps 45.0ms</bind>
  <bind>Comp:14-5-0 Appliance-15 0.648MBps 45.0ms</bind>
  <bind>Appliance-15 Comp:14-5-0 0.648MBps 45.0ms</bind>
  <bind>Comp:14-5-1 Appliance-7 0.648MBps 45.0ms</bind>
  <bind>Appliance-7 Comp:14-5-1 0.648MBps 45.0ms</bind>
  <bind>Comp:14-5-0 Appliance-38 0.648MBps 45.0ms</bind>
  <bind>Appliance-38 Comp:14-5-0 0.648MBps 45.0ms</bind>
  <bind>Comp:14-5-1 Appliance-15 0.648MBps 45.0ms</bind>
  <bind>Appliance-15 Comp:14-5-1 0.648MBps 45.0ms</bind>
  <bind>Comp:14-5-0 Appliance-23 0.648MBps 45.0ms</bind>
  <bind>Appliance-23 Comp:14-5-0 0.648MBps 45.0ms</bind>
</app>
<app>
  <id>App15</id>
<comp>
  <id>Comp:15-1-0</id>
  <CPU>0.871Gf</CPU>
  <RAM>0.327GB</RAM>
  <DISK>1.39GB</DISK>
</comp>
<comp>
  <id>Comp:15-1-1</id>
  <CPU>0.871Gf</CPU>
  <RAM>0.327GB</RAM>
  <DISK>1.39GB</DISK>
</comp>
<comp>
  <id>Comp:15-2-0</id>
  <CPU>0.217Gf</CPU>
  <RAM>0.713GB</RAM>
  <DISK>1.02GB</DISK>
</comp>
<comp>
  <id>Comp:15-2-1</id>
  <CPU>0.217Gf</CPU>
  <RAM>0.713GB</RAM>
  <DISK>1.02GB</DISK>
</comp>
<comp>
  <id>Comp:15-2-2</id>
  <CPU>0.217Gf</CPU>
  <RAM>0.713GB</RAM>
  <DISK>1.02GB</DISK>
</comp>
<comp>
  <id>Comp:15-2-3</id>
  <CPU>0.217Gf</CPU>
  <RAM>0.713GB</RAM>
  <DISK>1.02GB</DISK>
</comp>
<comp>
  <id>Comp:15-2-4</id>
  <CPU>0.217Gf</CPU>
  <RAM>0.713GB</RAM>
  <DISK>1.02GB</DISK>
</comp>
<comp>
  <id>Comp:15-3-0</id>
  <CPU>0.937Gf</CPU>
  <RAM>0.637GB</RAM>
  <DISK>1.06GB</DISK>
</comp>
<comp>
  <id>Comp:15-3-1</id>
  <CPU>0.937Gf</CPU>
  <RAM>0.637GB</RAM>
  <DISK>1.06GB</DISK>
</comp>
<comp>
  <id>Comp:15-3-2</id>
  <CPU>0.937Gf</CPU>
  <RAM>0.637GB</RAM>
  <DISK>1.06GB</DISK>
</comp>
<comp>
  <id>Comp:15-3-3</id>
  <CPU>0.937Gf</CPU>
  <RAM>0.637GB</RAM>
  <DISK>1.06GB</DISK>
</comp>
  <bind>Comp:15-1-0 Appliance-37 0.487MBps 41.9ms</bind>
  <bind>Appliance-37 Comp:15-1-0 0.487MBps 41.9ms</bind>
  <bind>Comp:15-1-1 Appliance-20 0.487MBps 41.9ms</bind>
  <bind>Appliance-20 Comp:15-1-1 0.487MBps 41.9ms</bind>
  <bind>Comp:15-1-0 Appliance-28 0.487MBps 41.9ms</bind>
  <bind>Appliance-28 Comp:15-1-0 0.487MBps 41.9ms</bind>
  <bind>Comp:15-1-1 Appliance-22 0.487MBps 41.9ms</bind>
  <bind>Appliance-22 Comp:15-1-1 0.487MBps 41.9ms</bind>
  <bind>Comp:15-1-0 Appliance-28 0.487MBps 41.9ms</bind>
  <bind>Appliance-28 Comp:15-1-0 0.487MBps 41.9ms</bind>
  <bind>Comp:15-1-1 Appliance-39 0.487MBps 41.9ms</bind>
  <bind>Appliance-39 Comp:15-1-1 0.487MBps 41.9ms</bind>
  <bind>Comp:15-1-0 Appliance-14 0.487MBps 41.9ms</bind>
  <bind>Appliance-14 Comp:15-1-0 0.487MBps 41.9ms</bind>
  <bind>Comp:15-1-1 Appliance-0 0.487MBps 41.9ms</bind>
  <bind>Appliance-0 Comp:15-1-1 0.487MBps 41.9ms</bind>
  <bind>Comp:15-1-0 Appliance-3 0.487MBps 41.9ms</bind>
  <bind>Appliance-3 Comp:15-1-0 0.487MBps 41.9ms</bind>
  <bind>Comp:15-1-1 Appliance-11 0.487MBps 41.9ms</bind>
  <bind>Appliance-11 Comp:15-1-1 0.487MBps 41.9ms</bind>
  <bind>Comp:15-2-0 Comp:15-1-0 0.137MBps 30.3ms</bind>
  <bind>Comp:15-1-0 Comp:15-2-0 0.137MBps 30.3ms</bind>
  <bind>Comp:15-2-1 Comp:15-1-1 0.137MBps 30.3ms</bind>
  <bind>Comp:15-1-1 Comp:15-2-1 0.137MBps 30.3ms</bind>
  <bind>Comp:15-2-2 Comp:15-1-0 0.137MBps 30.3ms</bind>
  <bind>Comp:15-1-0 Comp:15-2-2 0.137MBps 30.3ms</bind>
  <bind>Comp:15-2-3 Comp:15-1-1 0.137MBps 30.3ms</bind>
  <bind>Comp:15-1-1 Comp:15-2-3 0.137MBps 30.3ms</bind>
  <bind>Comp:15-2-4 Comp:15-1-0 0.137MBps 30.3ms</bind>
  <bind>Comp:15-1-0 Comp:15-2-4 0.137MBps 30.3ms</bind>
  <bind>Comp:15-2-0 Comp:15-3-0 0.12MBps 36.0ms</bind>
  <bind>Comp:15-3-0 Comp:15-2-0 0.12MBps 36.0ms</bind>
  <bind>Comp:15-2-1 Comp:15-3-1 0.12MBps 36.0ms</bind>
  <bind>Comp:15-3-1 Comp:15-2-1 0.12MBps 36.0ms</bind>
  <bind>Comp:15-2-2 Comp:15-3-2 0.12MBps 36.0ms</bind>
  <bind>Comp:15-3-2 Comp:15-2-2 0.12MBps 36.0ms</bind>
  <bind>Comp:15-2-3 Comp:15-3-3 0.12MBps 36.0ms</bind>
  <bind>Comp:15-3-3 Comp:15-2-3 0.12MBps 36.0ms</bind>
  <bind>Comp:15-2-4 Comp:15-3-0 0.12MBps 36.0ms</bind>
  <bind>Comp:15-3-0 Comp:15-2-4 0.12MBps 36.0ms</bind>
</app>
<app>
  <id>App16</id>
<comp>
  <id>Comp:16-1-0</id>
  <CPU>0.338Gf</CPU>
  <RAM>0.17GB</RAM>
  <DISK>1.57GB</DISK>
</comp>
<comp>
  <id>Comp:16-1-1</id>
  <CPU>0.338Gf</CPU>
  <RAM>0.17GB</RAM>
  <DISK>1.57GB</DISK>
</comp>
<comp>
  <id>Comp:16-1-2</id>
  <CPU>0.338Gf</CPU>
  <RAM>0.17GB</RAM>
  <DISK>1.57GB</DISK>
</comp>
<comp>
  <id>Comp:16-1-3</id>
  <CPU>0.338Gf</CPU>
  <RAM>0.17GB</RAM>
  <DISK>1.57GB</DISK>
</comp>
<comp>
  <id>Comp:16-2-0</id>
  <CPU>0.197Gf</CPU>
  <RAM>0.989GB</RAM>
  <DISK>0.697GB</DISK>
</comp>
<comp>
  <id>Comp:16-2-1</id>
  <CPU>0.197Gf</CPU>
  <RAM>0.989GB</RAM>
  <DISK>0.697GB</DISK>
</comp>
<comp>
  <id>Comp:16-2-2</id>
  <CPU>0.197Gf</CPU>
  <RAM>0.989GB</RAM>
  <DISK>0.697GB</DISK>
</comp>
<comp>
  <id>Comp:16-2-3</id>
  <CPU>0.197Gf</CPU>
  <RAM>0.989GB</RAM>
  <DISK>0.697GB</DISK>
</comp>
<comp>
  <id>Comp:16-2-4</id>
  <CPU>0.197Gf</CPU>
  <RAM>0.989GB</RAM>
  <DISK>0.697GB</DISK>
</comp>
<comp>
  <id>Comp:16-2-5</id>
  <CPU>0.197Gf</CPU>
  <RAM>0.989GB</RAM>
  <DISK>0.697GB</DISK>
</comp>
<comp>
  <id>Comp:16-2-6</id>
  <CPU>0.197Gf</CPU>
  <RAM>0.989GB</RAM>
  <DISK>0.697GB</DISK>
</comp>
<comp>
  <id>Comp:16-3-0</id>
  <CPU>0.167Gf</CPU>
  <RAM>0.439GB</RAM>
  <DISK>0.931GB</DISK>
</comp>
<comp>
  <id>Comp:16-3-1</id>
  <CPU>0.167Gf</CPU>
  <RAM>0.439GB</RAM>
  <DISK>0.931GB</DISK>
</comp>
<comp>
  <id>Comp:16-3-2</id>
  <CPU>0.167Gf</CPU>
  <RAM>0.439GB</RAM>
  <DISK>0.931GB</DISK>
</comp>
<comp>
  <id>Comp:16-3-3</id>
  <CPU>0.167Gf</CPU>
  <RAM>0.439GB</RAM>
  <DISK>0.931GB</DISK>
</comp>
  <bind>Comp:16-1-0 Appliance-23 0.0361MBps 46.9ms</bind>
  <bind>Appliance-23 Comp:16-1-0 0.0361MBps 46.9ms</bind>
  <bind>Comp:16-1-1 Appliance-32 0.0361MBps 46.9ms</bind>
  <bind>Appliance-32 Comp:16-1-1 0.0361MBps 46.9ms</bind>
  <bind>Comp:16-1-2 Appliance-27 0.0361MBps 46.9ms</bind>
  <bind>Appliance-27 Comp:16-1-2 0.0361MBps 46.9ms</bind>
  <bind>Comp:16-1-3 Appliance-8 0.0361MBps 46.9ms</bind>
  <bind>Appliance-8 Comp:16-1-3 0.0361MBps 46.9ms</bind>
  <bind>Comp:16-2-0 Comp:16-1-0 0.166MBps 37.7ms</bind>
  <bind>Comp:16-1-0 Comp:16-2-0 0.166MBps 37.7ms</bind>
  <bind>Comp:16-2-1 Comp:16-1-1 0.166MBps 37.7ms</bind>
  <bind>Comp:16-1-1 Comp:16-2-1 0.166MBps 37.7ms</bind>
  <bind>Comp:16-2-2 Comp:16-1-2 0.166MBps 37.7ms</bind>
  <bind>Comp:16-1-2 Comp:16-2-2 0.166MBps 37.7ms</bind>
  <bind>Comp:16-2-3 Comp:16-1-3 0.166MBps 37.7ms</bind>
  <bind>Comp:16-1-3 Comp:16-2-3 0.166MBps 37.7ms</bind>
  <bind>Comp:16-2-4 Comp:16-1-0 0.166MBps 37.7ms</bind>
  <bind>Comp:16-1-0 Comp:16-2-4 0.166MBps 37.7ms</bind>
  <bind>Comp:16-2-5 Comp:16-1-1 0.166MBps 37.7ms</bind>
  <bind>Comp:16-1-1 Comp:16-2-5 0.166MBps 37.7ms</bind>
  <bind>Comp:16-2-6 Comp:16-1-2 0.166MBps 37.7ms</bind>
  <bind>Comp:16-1-2 Comp:16-2-6 0.166MBps 37.7ms</bind>
  <bind>Comp:16-3-0 Comp:16-2-0 0.65MBps 29.1ms</bind>
  <bind>Comp:16-2-0 Comp:16-3-0 0.65MBps 29.1ms</bind>
  <bind>Comp:16-3-1 Comp:16-2-1 0.65MBps 29.1ms</bind>
  <bind>Comp:16-2-1 Comp:16-3-1 0.65MBps 29.1ms</bind>
  <bind>Comp:16-3-2 Comp:16-2-2 0.65MBps 29.1ms</bind>
  <bind>Comp:16-2-2 Comp:16-3-2 0.65MBps 29.1ms</bind>
  <bind>Comp:16-3-3 Comp:16-2-3 0.65MBps 29.1ms</bind>
  <bind>Comp:16-2-3 Comp:16-3-3 0.65MBps 29.1ms</bind>
  <bind>Comp:16-3-0 Comp:16-2-4 0.65MBps 29.1ms</bind>
  <bind>Comp:16-2-4 Comp:16-3-0 0.65MBps 29.1ms</bind>
  <bind>Comp:16-3-1 Comp:16-2-5 0.65MBps 29.1ms</bind>
  <bind>Comp:16-2-5 Comp:16-3-1 0.65MBps 29.1ms</bind>
  <bind>Comp:16-3-2 Comp:16-2-6 0.65MBps 29.1ms</bind>
  <bind>Comp:16-2-6 Comp:16-3-2 0.65MBps 29.1ms</bind>
  <bind>Comp:16-3-0 Appliance-38 0.412MBps 38.3ms</bind>
  <bind>Appliance-38 Comp:16-3-0 0.412MBps 38.3ms</bind>
  <bind>Comp:16-3-1 Appliance-38 0.412MBps 38.3ms</bind>
  <bind>Appliance-38 Comp:16-3-1 0.412MBps 38.3ms</bind>
  <bind>Comp:16-3-2 Appliance-38 0.412MBps 38.3ms</bind>
  <bind>Appliance-38 Comp:16-3-2 0.412MBps 38.3ms</bind>
  <bind>Comp:16-3-3 Appliance-38 0.412MBps 38.3ms</bind>
  <bind>Appliance-38 Comp:16-3-3 0.412MBps 38.3ms</bind>
</app>
<app>
  <id>App17</id>
<comp>
  <id>Comp:17-0-0</id>
  <CPU>0.72Gf</CPU>
  <RAM>0.186GB</RAM>
  <DISK>1.27GB</DISK>
</comp>
<comp>
  <id>Comp:17-0-1</id>
  <CPU>0.72Gf</CPU>
  <RAM>0.186GB</RAM>
  <DISK>1.27GB</DISK>
</comp>
<comp>
  <id>Comp:17-1-0</id>
  <CPU>0.593Gf</CPU>
  <RAM>0.647GB</RAM>
  <DISK>1.62GB</DISK>
</comp>
<comp>
  <id>Comp:17-1-1</id>
  <CPU>0.593Gf</CPU>
  <RAM>0.647GB</RAM>
  <DISK>1.62GB</DISK>
</comp>
<comp>
  <id>Comp:17-2-0</id>
  <CPU>0.732Gf</CPU>
  <RAM>0.409GB</RAM>
  <DISK>0.596GB</DISK>
</comp>
<comp>
  <id>Comp:17-2-1</id>
  <CPU>0.732Gf</CPU>
  <RAM>0.409GB</RAM>
  <DISK>0.596GB</DISK>
</comp>
<comp>
  <id>Comp:17-2-2</id>
  <CPU>0.732Gf</CPU>
  <RAM>0.409GB</RAM>
  <DISK>0.596GB</DISK>
</comp>
<comp>
  <id>Comp:17-2-3</id>
  <CPU>0.732Gf</CPU>
  <RAM>0.409GB</RAM>
  <DISK>0.596GB</DISK>
</comp>
<comp>
  <id>Comp:17-3-0</id>
  <CPU>0.284Gf</CPU>
  <RAM>0.616GB</RAM>
  <DISK>0.766GB</DISK>
</comp>
<comp>
  <id>Comp:17-3-1</id>
  <CPU>0.284Gf</CPU>
  <RAM>0.616GB</RAM>
  <DISK>0.766GB</DISK>
</comp>
<comp>
  <id>Comp:17-3-2</id>
  <CPU>0.284Gf</CPU>
  <RAM>0.616GB</RAM>
  <DISK>0.766GB</DISK>
</comp>
<comp>
  <id>Comp:17-3-3</id>
  <CPU>0.284Gf</CPU>
  <RAM>0.616GB</RAM>
  <DISK>0.766GB</DISK>
</comp>
<comp>
  <id>Comp:17-3-4</id>
  <CPU>0.284Gf</CPU>
  <RAM>0.616GB</RAM>
  <DISK>0.766GB</DISK>
</comp>
<comp>
  <id>Comp:17-3-5</id>
  <CPU>0.284Gf</CPU>
  <RAM>0.616GB</RAM>
  <DISK>0.766GB</DISK>
</comp>
<comp>
  <id>Comp:17-4-0</id>
  <CPU>0.502Gf</CPU>
  <RAM>0.935GB</RAM>
  <DISK>1.54GB</DISK>
</comp>
<comp>
  <id>Comp:17-4-1</id>
  <CPU>0.502Gf</CPU>
  <RAM>0.935GB</RAM>
  <DISK>1.54GB</DISK>
</comp>
<comp>
  <id>Comp:17-4-2</id>
  <CPU>0.502Gf</CPU>
  <RAM>0.935GB</RAM>
  <DISK>1.54GB</DISK>
</comp>
<comp>
  <id>Comp:17-4-3</id>
  <CPU>0.502Gf</CPU>
  <RAM>0.935GB</RAM>
  <DISK>1.54GB</DISK>
</comp>
<comp>
  <id>Comp:17-4-4</id>
  <CPU>0.502Gf</CPU>
  <RAM>0.935GB</RAM>
  <DISK>1.54GB</DISK>
</comp>
<comp>
  <id>Comp:17-4-5</id>
  <CPU>0.502Gf</CPU>
  <RAM>0.935GB</RAM>
  <DISK>1.54GB</DISK>
</comp>
<comp>
  <id>Comp:17-4-6</id>
  <CPU>0.502Gf</CPU>
  <RAM>0.935GB</RAM>
  <DISK>1.54GB</DISK>
</comp>
<comp>
  <id>Comp:17-4-7</id>
  <CPU>0.502Gf</CPU>
  <RAM>0.935GB</RAM>
  <DISK>1.54GB</DISK>
</comp>
<comp>
  <id>Comp:17-4-8</id>
  <CPU>0.502Gf</CPU>
  <RAM>0.935GB</RAM>
  <DISK>1.54GB</DISK>
</comp>
<comp>
  <id>Comp:17-5-0</id>
  <CPU>0.868Gf</CPU>
  <RAM>0.647GB</RAM>
  <DISK>0.139GB</DISK>
</comp>
<comp>
  <id>Comp:17-5-1</id>
  <CPU>0.868Gf</CPU>
  <RAM>0.647GB</RAM>
  <DISK>0.139GB</DISK>
</comp>
<comp>
  <id>Comp:17-5-2</id>
  <CPU>0.868Gf</CPU>
  <RAM>0.647GB</RAM>
  <DISK>0.139GB</DISK>
</comp>
<comp>
  <id>Comp:17-5-3</id>
  <CPU>0.868Gf</CPU>
  <RAM>0.647GB</RAM>
  <DISK>0.139GB</DISK>
</comp>
<comp>
  <id>Comp:17-5-4</id>
  <CPU>0.868Gf</CPU>
  <RAM>0.647GB</RAM>
  <DISK>0.139GB</DISK>
</comp>
<comp>
  <id>Comp:17-5-5</id>
  <CPU>0.868Gf</CPU>
  <RAM>0.647GB</RAM>
  <DISK>0.139GB</DISK>
</comp>
<comp>
  <id>Comp:17-5-6</id>
  <CPU>0.868Gf</CPU>
  <RAM>0.647GB</RAM>
  <DISK>0.139GB</DISK>
</comp>
<comp>
  <id>Comp:17-5-7</id>
  <CPU>0.868Gf</CPU>
  <RAM>0.647GB</RAM>
  <DISK>0.139GB</DISK>
</comp>
<comp>
  <id>Comp:17-5-8</id>
  <CPU>0.868Gf</CPU>
  <RAM>0.647GB</RAM>
  <DISK>0.139GB</DISK>
</comp>
<comp>
  <id>Comp:17-5-9</id>
  <CPU>0.868Gf</CPU>
  <RAM>0.647GB</RAM>
  <DISK>0.139GB</DISK>
</comp>
  <bind>Comp:17-1-0 Comp:17-0-0 0.434MBps 32.0ms</bind>
  <bind>Comp:17-0-0 Comp:17-1-0 0.434MBps 32.0ms</bind>
  <bind>Comp:17-1-1 Comp:17-0-1 0.434MBps 32.0ms</bind>
  <bind>Comp:17-0-1 Comp:17-1-1 0.434MBps 32.0ms</bind>
  <bind>Comp:17-2-0 Comp:17-1-0 0.412MBps 48.0ms</bind>
  <bind>Comp:17-1-0 Comp:17-2-0 0.412MBps 48.0ms</bind>
  <bind>Comp:17-2-1 Comp:17-1-1 0.412MBps 48.0ms</bind>
  <bind>Comp:17-1-1 Comp:17-2-1 0.412MBps 48.0ms</bind>
  <bind>Comp:17-2-2 Comp:17-1-0 0.412MBps 48.0ms</bind>
  <bind>Comp:17-1-0 Comp:17-2-2 0.412MBps 48.0ms</bind>
  <bind>Comp:17-2-3 Comp:17-1-1 0.412MBps 48.0ms</bind>
  <bind>Comp:17-1-1 Comp:17-2-3 0.412MBps 48.0ms</bind>
  <bind>Comp:17-3-0 Comp:17-2-0 0.647MBps 48.0ms</bind>
  <bind>Comp:17-2-0 Comp:17-3-0 0.647MBps 48.0ms</bind>
  <bind>Comp:17-3-1 Comp:17-2-1 0.647MBps 48.0ms</bind>
  <bind>Comp:17-2-1 Comp:17-3-1 0.647MBps 48.0ms</bind>
  <bind>Comp:17-3-2 Comp:17-2-2 0.647MBps 48.0ms</bind>
  <bind>Comp:17-2-2 Comp:17-3-2 0.647MBps 48.0ms</bind>
  <bind>Comp:17-3-3 Comp:17-2-3 0.647MBps 48.0ms</bind>
  <bind>Comp:17-2-3 Comp:17-3-3 0.647MBps 48.0ms</bind>
  <bind>Comp:17-3-4 Comp:17-2-0 0.647MBps 48.0ms</bind>
  <bind>Comp:17-2-0 Comp:17-3-4 0.647MBps 48.0ms</bind>
  <bind>Comp:17-3-5 Comp:17-2-1 0.647MBps 48.0ms</bind>
  <bind>Comp:17-2-1 Comp:17-3-5 0.647MBps 48.0ms</bind>
  <bind>Comp:17-4-0 Comp:17-3-0 0.0232MBps 38.2ms</bind>
  <bind>Comp:17-3-0 Comp:17-4-0 0.0232MBps 38.2ms</bind>
  <bind>Comp:17-4-1 Comp:17-3-1 0.0232MBps 38.2ms</bind>
  <bind>Comp:17-3-1 Comp:17-4-1 0.0232MBps 38.2ms</bind>
  <bind>Comp:17-4-2 Comp:17-3-2 0.0232MBps 38.2ms</bind>
  <bind>Comp:17-3-2 Comp:17-4-2 0.0232MBps 38.2ms</bind>
  <bind>Comp:17-4-3 Comp:17-3-3 0.0232MBps 38.2ms</bind>
  <bind>Comp:17-3-3 Comp:17-4-3 0.0232MBps 38.2ms</bind>
  <bind>Comp:17-4-4 Comp:17-3-4 0.0232MBps 38.2ms</bind>
  <bind>Comp:17-3-4 Comp:17-4-4 0.0232MBps 38.2ms</bind>
  <bind>Comp:17-4-5 Comp:17-3-5 0.0232MBps 38.2ms</bind>
  <bind>Comp:17-3-5 Comp:17-4-5 0.0232MBps 38.2ms</bind>
  <bind>Comp:17-4-6 Comp:17-3-0 0.0232MBps 38.2ms</bind>
  <bind>Comp:17-3-0 Comp:17-4-6 0.0232MBps 38.2ms</bind>
  <bind>Comp:17-4-7 Comp:17-3-1 0.0232MBps 38.2ms</bind>
  <bind>Comp:17-3-1 Comp:17-4-7 0.0232MBps 38.2ms</bind>
  <bind>Comp:17-4-8 Comp:17-3-2 0.0232MBps 38.2ms</bind>
  <bind>Comp:17-3-2 Comp:17-4-8 0.0232MBps 38.2ms</bind>
  <bind>Comp:17-5-0 Comp:17-4-0 0.776MBps 27.8ms</bind>
  <bind>Comp:17-4-0 Comp:17-5-0 0.776MBps 27.8ms</bind>
  <bind>Comp:17-5-1 Comp:17-4-1 0.776MBps 27.8ms</bind>
  <bind>Comp:17-4-1 Comp:17-5-1 0.776MBps 27.8ms</bind>
  <bind>Comp:17-5-2 Comp:17-4-2 0.776MBps 27.8ms</bind>
  <bind>Comp:17-4-2 Comp:17-5-2 0.776MBps 27.8ms</bind>
  <bind>Comp:17-5-3 Comp:17-4-3 0.776MBps 27.8ms</bind>
  <bind>Comp:17-4-3 Comp:17-5-3 0.776MBps 27.8ms</bind>
  <bind>Comp:17-5-4 Comp:17-4-4 0.776MBps 27.8ms</bind>
  <bind>Comp:17-4-4 Comp:17-5-4 0.776MBps 27.8ms</bind>
  <bind>Comp:17-5-5 Comp:17-4-5 0.776MBps 27.8ms</bind>
  <bind>Comp:17-4-5 Comp:17-5-5 0.776MBps 27.8ms</bind>
  <bind>Comp:17-5-6 Comp:17-4-6 0.776MBps 27.8ms</bind>
  <bind>Comp:17-4-6 Comp:17-5-6 0.776MBps 27.8ms</bind>
  <bind>Comp:17-5-7 Comp:17-4-7 0.776MBps 27.8ms</bind>
  <bind>Comp:17-4-7 Comp:17-5-7 0.776MBps 27.8ms</bind>
  <bind>Comp:17-5-8 Comp:17-4-8 0.776MBps 27.8ms</bind>
  <bind>Comp:17-4-8 Comp:17-5-8 0.776MBps 27.8ms</bind>
  <bind>Comp:17-5-9 Comp:17-4-0 0.776MBps 27.8ms</bind>
  <bind>Comp:17-4-0 Comp:17-5-9 0.776MBps 27.8ms</bind>
  <bind>Comp:17-5-0 Appliance-34 0.791MBps 29.8ms</bind>
  <bind>Appliance-34 Comp:17-5-0 0.791MBps 29.8ms</bind>
  <bind>Comp:17-5-1 Appliance-2 0.791MBps 29.8ms</bind>
  <bind>Appliance-2 Comp:17-5-1 0.791MBps 29.8ms</bind>
  <bind>Comp:17-5-2 Appliance-34 0.791MBps 29.8ms</bind>
  <bind>Appliance-34 Comp:17-5-2 0.791MBps 29.8ms</bind>
  <bind>Comp:17-5-3 Appliance-2 0.791MBps 29.8ms</bind>
  <bind>Appliance-2 Comp:17-5-3 0.791MBps 29.8ms</bind>
  <bind>Comp:17-5-4 Appliance-34 0.791MBps 29.8ms</bind>
  <bind>Appliance-34 Comp:17-5-4 0.791MBps 29.8ms</bind>
  <bind>Comp:17-5-5 Appliance-2 0.791MBps 29.8ms</bind>
  <bind>Appliance-2 Comp:17-5-5 0.791MBps 29.8ms</bind>
  <bind>Comp:17-5-6 Appliance-34 0.791MBps 29.8ms</bind>
  <bind>Appliance-34 Comp:17-5-6 0.791MBps 29.8ms</bind>
  <bind>Comp:17-5-7 Appliance-2 0.791MBps 29.8ms</bind>
  <bind>Appliance-2 Comp:17-5-7 0.791MBps 29.8ms</bind>
  <bind>Comp:17-5-8 Appliance-34 0.791MBps 29.8ms</bind>
  <bind>Appliance-34 Comp:17-5-8 0.791MBps 29.8ms</bind>
  <bind>Comp:17-5-9 Appliance-2 0.791MBps 29.8ms</bind>
  <bind>Appliance-2 Comp:17-5-9 0.791MBps 29.8ms</bind>
</app>
<app>
  <id>App18</id>
<comp>
  <id>Comp:18-0-0</id>
  <CPU>0.191Gf</CPU>
  <RAM>0.921GB</RAM>
  <DISK>1.26GB</DISK>
</comp>
<comp>
  <id>Comp:18-0-1</id>
  <CPU>0.191Gf</CPU>
  <RAM>0.921GB</RAM>
  <DISK>1.26GB</DISK>
</comp>
<comp>
  <id>Comp:18-0-2</id>
  <CPU>0.191Gf</CPU>
  <RAM>0.921GB</RAM>
  <DISK>1.26GB</DISK>
</comp>
<comp>
  <id>Comp:18-0-3</id>
  <CPU>0.191Gf</CPU>
  <RAM>0.921GB</RAM>
  <DISK>1.26GB</DISK>
</comp>
<comp>
  <id>Comp:18-0-4</id>
  <CPU>0.191Gf</CPU>
  <RAM>0.921GB</RAM>
  <DISK>1.26GB</DISK>
</comp>
<comp>
  <id>Comp:18-0-5</id>
  <CPU>0.191Gf</CPU>
  <RAM>0.921GB</RAM>
  <DISK>1.26GB</DISK>
</comp>
<comp>
  <id>Comp:18-0-6</id>
  <CPU>0.191Gf</CPU>
  <RAM>0.921GB</RAM>
  <DISK>1.26GB</DISK>
</comp>
<comp>
  <id>Comp:18-1-0</id>
  <CPU>0.599Gf</CPU>
  <RAM>0.809GB</RAM>
  <DISK>1.49GB</DISK>
</comp>
<comp>
  <id>Comp:18-1-1</id>
  <CPU>0.599Gf</CPU>
  <RAM>0.809GB</RAM>
  <DISK>1.49GB</DISK>
</comp>
<comp>
  <id>Comp:18-1-2</id>
  <CPU>0.599Gf</CPU>
  <RAM>0.809GB</RAM>
  <DISK>1.49GB</DISK>
</comp>
<comp>
  <id>Comp:18-1-3</id>
  <CPU>0.599Gf</CPU>
  <RAM>0.809GB</RAM>
  <DISK>1.49GB</DISK>
</comp>
<comp>
  <id>Comp:18-1-4</id>
  <CPU>0.599Gf</CPU>
  <RAM>0.809GB</RAM>
  <DISK>1.49GB</DISK>
</comp>
<comp>
  <id>Comp:18-1-5</id>
  <CPU>0.599Gf</CPU>
  <RAM>0.809GB</RAM>
  <DISK>1.49GB</DISK>
</comp>
<comp>
  <id>Comp:18-1-6</id>
  <CPU>0.599Gf</CPU>
  <RAM>0.809GB</RAM>
  <DISK>1.49GB</DISK>
</comp>
<comp>
  <id>Comp:18-2-0</id>
  <CPU>0.806Gf</CPU>
  <RAM>0.478GB</RAM>
  <DISK>0.583GB</DISK>
</comp>
<comp>
  <id>Comp:18-2-1</id>
  <CPU>0.806Gf</CPU>
  <RAM>0.478GB</RAM>
  <DISK>0.583GB</DISK>
</comp>
<comp>
  <id>Comp:18-2-2</id>
  <CPU>0.806Gf</CPU>
  <RAM>0.478GB</RAM>
  <DISK>0.583GB</DISK>
</comp>
<comp>
  <id>Comp:18-3-0</id>
  <CPU>0.142Gf</CPU>
  <RAM>0.856GB</RAM>
  <DISK>1.01GB</DISK>
</comp>
<comp>
  <id>Comp:18-3-1</id>
  <CPU>0.142Gf</CPU>
  <RAM>0.856GB</RAM>
  <DISK>1.01GB</DISK>
</comp>
<comp>
  <id>Comp:18-3-2</id>
  <CPU>0.142Gf</CPU>
  <RAM>0.856GB</RAM>
  <DISK>1.01GB</DISK>
</comp>
<comp>
  <id>Comp:18-3-3</id>
  <CPU>0.142Gf</CPU>
  <RAM>0.856GB</RAM>
  <DISK>1.01GB</DISK>
</comp>
<comp>
  <id>Comp:18-3-4</id>
  <CPU>0.142Gf</CPU>
  <RAM>0.856GB</RAM>
  <DISK>1.01GB</DISK>
</comp>
  <bind>Comp:18-1-0 Comp:18-0-0 0.421MBps 42.0ms</bind>
  <bind>Comp:18-0-0 Comp:18-1-0 0.421MBps 42.0ms</bind>
  <bind>Comp:18-1-1 Comp:18-0-1 0.421MBps 42.0ms</bind>
  <bind>Comp:18-0-1 Comp:18-1-1 0.421MBps 42.0ms</bind>
  <bind>Comp:18-1-2 Comp:18-0-2 0.421MBps 42.0ms</bind>
  <bind>Comp:18-0-2 Comp:18-1-2 0.421MBps 42.0ms</bind>
  <bind>Comp:18-1-3 Comp:18-0-3 0.421MBps 42.0ms</bind>
  <bind>Comp:18-0-3 Comp:18-1-3 0.421MBps 42.0ms</bind>
  <bind>Comp:18-1-4 Comp:18-0-4 0.421MBps 42.0ms</bind>
  <bind>Comp:18-0-4 Comp:18-1-4 0.421MBps 42.0ms</bind>
  <bind>Comp:18-1-5 Comp:18-0-5 0.421MBps 42.0ms</bind>
  <bind>Comp:18-0-5 Comp:18-1-5 0.421MBps 42.0ms</bind>
  <bind>Comp:18-1-6 Comp:18-0-6 0.421MBps 42.0ms</bind>
  <bind>Comp:18-0-6 Comp:18-1-6 0.421MBps 42.0ms</bind>
  <bind>Comp:18-2-0 Comp:18-1-0 0.512MBps 43.5ms</bind>
  <bind>Comp:18-1-0 Comp:18-2-0 0.512MBps 43.5ms</bind>
  <bind>Comp:18-2-1 Comp:18-1-1 0.512MBps 43.5ms</bind>
  <bind>Comp:18-1-1 Comp:18-2-1 0.512MBps 43.5ms</bind>
  <bind>Comp:18-2-2 Comp:18-1-2 0.512MBps 43.5ms</bind>
  <bind>Comp:18-1-2 Comp:18-2-2 0.512MBps 43.5ms</bind>
  <bind>Comp:18-2-0 Comp:18-1-3 0.512MBps 43.5ms</bind>
  <bind>Comp:18-1-3 Comp:18-2-0 0.512MBps 43.5ms</bind>
  <bind>Comp:18-2-1 Comp:18-1-4 0.512MBps 43.5ms</bind>
  <bind>Comp:18-1-4 Comp:18-2-1 0.512MBps 43.5ms</bind>
  <bind>Comp:18-2-2 Comp:18-1-5 0.512MBps 43.5ms</bind>
  <bind>Comp:18-1-5 Comp:18-2-2 0.512MBps 43.5ms</bind>
  <bind>Comp:18-2-0 Comp:18-1-6 0.512MBps 43.5ms</bind>
  <bind>Comp:18-1-6 Comp:18-2-0 0.512MBps 43.5ms</bind>
  <bind>Comp:18-3-0 Comp:18-2-0 0.581MBps 42.7ms</bind>
  <bind>Comp:18-2-0 Comp:18-3-0 0.581MBps 42.7ms</bind>
  <bind>Comp:18-3-1 Comp:18-2-1 0.581MBps 42.7ms</bind>
  <bind>Comp:18-2-1 Comp:18-3-1 0.581MBps 42.7ms</bind>
  <bind>Comp:18-3-2 Comp:18-2-2 0.581MBps 42.7ms</bind>
  <bind>Comp:18-2-2 Comp:18-3-2 0.581MBps 42.7ms</bind>
  <bind>Comp:18-3-3 Comp:18-2-0 0.581MBps 42.7ms</bind>
  <bind>Comp:18-2-0 Comp:18-3-3 0.581MBps 42.7ms</bind>
  <bind>Comp:18-3-4 Comp:18-2-1 0.581MBps 42.7ms</bind>
  <bind>Comp:18-2-1 Comp:18-3-4 0.581MBps 42.7ms</bind>
  <bind>Comp:18-3-0 Appliance-35 0.886MBps 43.4ms</bind>
  <bind>Appliance-35 Comp:18-3-0 0.886MBps 43.4ms</bind>
  <bind>Comp:18-3-1 Appliance-8 0.886MBps 43.4ms</bind>
  <bind>Appliance-8 Comp:18-3-1 0.886MBps 43.4ms</bind>
  <bind>Comp:18-3-2 Appliance-31 0.886MBps 43.4ms</bind>
  <bind>Appliance-31 Comp:18-3-2 0.886MBps 43.4ms</bind>
  <bind>Comp:18-3-3 Appliance-15 0.886MBps 43.4ms</bind>
  <bind>Appliance-15 Comp:18-3-3 0.886MBps 43.4ms</bind>
  <bind>Comp:18-3-4 Appliance-27 0.886MBps 43.4ms</bind>
  <bind>Appliance-27 Comp:18-3-4 0.886MBps 43.4ms</bind>
  <bind>Comp:18-3-0 Appliance-32 0.886MBps 43.4ms</bind>
  <bind>Appliance-32 Comp:18-3-0 0.886MBps 43.4ms</bind>
  <bind>Comp:18-3-1 Appliance-26 0.886MBps 43.4ms</bind>
  <bind>Appliance-26 Comp:18-3-1 0.886MBps 43.4ms</bind>
  <bind>Comp:18-3-2 Appliance-33 0.886MBps 43.4ms</bind>
  <bind>Appliance-33 Comp:18-3-2 0.886MBps 43.4ms</bind>
  <bind>Comp:18-3-3 Appliance-18 0.886MBps 43.4ms</bind>
  <bind>Appliance-18 Comp:18-3-3 0.886MBps 43.4ms</bind>
</app>
<app>
  <id>App19</id>
<comp>
  <id>Comp:19-1-0</id>
  <CPU>0.229Gf</CPU>
  <RAM>0.398GB</RAM>
  <DISK>0.227GB</DISK>
</comp>
<comp>
  <id>Comp:19-1-1</id>
  <CPU>0.229Gf</CPU>
  <RAM>0.398GB</RAM>
  <DISK>0.227GB</DISK>
</comp>
<comp>
  <id>Comp:19-1-2</id>
  <CPU>0.229Gf</CPU>
  <RAM>0.398GB</RAM>
  <DISK>0.227GB</DISK>
</comp>
<comp>
  <id>Comp:19-2-0</id>
  <CPU>0.636Gf</CPU>
  <RAM>0.311GB</RAM>
  <DISK>1.78GB</DISK>
</comp>
<comp>
  <id>Comp:19-2-1</id>
  <CPU>0.636Gf</CPU>
  <RAM>0.311GB</RAM>
  <DISK>1.78GB</DISK>
</comp>
<comp>
  <id>Comp:19-2-2</id>
  <CPU>0.636Gf</CPU>
  <RAM>0.311GB</RAM>
  <DISK>1.78GB</DISK>
</comp>
<comp>
  <id>Comp:19-2-3</id>
  <CPU>0.636Gf</CPU>
  <RAM>0.311GB</RAM>
  <DISK>1.78GB</DISK>
</comp>
<comp>
  <id>Comp:19-2-4</id>
  <CPU>0.636Gf</CPU>
  <RAM>0.311GB</RAM>
  <DISK>1.78GB</DISK>
</comp>
<comp>
  <id>Comp:19-2-5</id>
  <CPU>0.636Gf</CPU>
  <RAM>0.311GB</RAM>
  <DISK>1.78GB</DISK>
</comp>
<comp>
  <id>Comp:19-2-6</id>
  <CPU>0.636Gf</CPU>
  <RAM>0.311GB</RAM>
  <DISK>1.78GB</DISK>
</comp>
<comp>
  <id>Comp:19-2-7</id>
  <CPU>0.636Gf</CPU>
  <RAM>0.311GB</RAM>
  <DISK>1.78GB</DISK>
</comp>
  <bind>Comp:19-1-0 Appliance-25 0.42MBps 33.9ms</bind>
  <bind>Appliance-25 Comp:19-1-0 0.42MBps 33.9ms</bind>
  <bind>Comp:19-1-1 Appliance-1 0.42MBps 33.9ms</bind>
  <bind>Appliance-1 Comp:19-1-1 0.42MBps 33.9ms</bind>
  <bind>Comp:19-1-2 Appliance-29 0.42MBps 33.9ms</bind>
  <bind>Appliance-29 Comp:19-1-2 0.42MBps 33.9ms</bind>
  <bind>Comp:19-2-0 Comp:19-1-0 0.94MBps 34.6ms</bind>
  <bind>Comp:19-1-0 Comp:19-2-0 0.94MBps 34.6ms</bind>
  <bind>Comp:19-2-1 Comp:19-1-1 0.94MBps 34.6ms</bind>
  <bind>Comp:19-1-1 Comp:19-2-1 0.94MBps 34.6ms</bind>
  <bind>Comp:19-2-2 Comp:19-1-2 0.94MBps 34.6ms</bind>
  <bind>Comp:19-1-2 Comp:19-2-2 0.94MBps 34.6ms</bind>
  <bind>Comp:19-2-3 Comp:19-1-0 0.94MBps 34.6ms</bind>
  <bind>Comp:19-1-0 Comp:19-2-3 0.94MBps 34.6ms</bind>
  <bind>Comp:19-2-4 Comp:19-1-1 0.94MBps 34.6ms</bind>
  <bind>Comp:19-1-1 Comp:19-2-4 0.94MBps 34.6ms</bind>
  <bind>Comp:19-2-5 Comp:19-1-2 0.94MBps 34.6ms</bind>
  <bind>Comp:19-1-2 Comp:19-2-5 0.94MBps 34.6ms</bind>
  <bind>Comp:19-2-6 Comp:19-1-0 0.94MBps 34.6ms</bind>
  <bind>Comp:19-1-0 Comp:19-2-6 0.94MBps 34.6ms</bind>
  <bind>Comp:19-2-7 Comp:19-1-1 0.94MBps 34.6ms</bind>
  <bind>Comp:19-1-1 Comp:19-2-7 0.94MBps 34.6ms</bind>
  <bind>Comp:19-2-0 Appliance-27 0.0931MBps 39.6ms</bind>
  <bind>Appliance-27 Comp:19-2-0 0.0931MBps 39.6ms</bind>
  <bind>Comp:19-2-1 Appliance-24 0.0931MBps 39.6ms</bind>
  <bind>Appliance-24 Comp:19-2-1 0.0931MBps 39.6ms</bind>
  <bind>Comp:19-2-2 Appliance-29 0.0931MBps 39.6ms</bind>
  <bind>Appliance-29 Comp:19-2-2 0.0931MBps 39.6ms</bind>
  <bind>Comp:19-2-3 Appliance-27 0.0931MBps 39.6ms</bind>
  <bind>Appliance-27 Comp:19-2-3 0.0931MBps 39.6ms</bind>
  <bind>Comp:19-2-4 Appliance-24 0.0931MBps 39.6ms</bind>
  <bind>Appliance-24 Comp:19-2-4 0.0931MBps 39.6ms</bind>
  <bind>Comp:19-2-5 Appliance-29 0.0931MBps 39.6ms</bind>
  <bind>Appliance-29 Comp:19-2-5 0.0931MBps 39.6ms</bind>
  <bind>Comp:19-2-6 Appliance-27 0.0931MBps 39.6ms</bind>
  <bind>Appliance-27 Comp:19-2-6 0.0931MBps 39.6ms</bind>
  <bind>Comp:19-2-7 Appliance-24 0.0931MBps 39.6ms</bind>
  <bind>Appliance-24 Comp:19-2-7 0.0931MBps 39.6ms</bind>
</app>
<app>
  <id>App2</id>
<comp>
  <id>Comp:2-0-0</id>
  <CPU>0.447Gf</CPU>
  <RAM>0.859GB</RAM>
  <DISK>1.11GB</DISK>
</comp>
<comp>
  <id>Comp:2-0-1</id>
  <CPU>0.447Gf</CPU>
  <RAM>0.859GB</RAM>
  <DISK>1.11GB</DISK>
</comp>
<comp>
  <id>Comp:2-0-2</id>
  <CPU>0.447Gf</CPU>
  <RAM>0.859GB</RAM>
  <DISK>1.11GB</DISK>
</comp>
<comp>
  <id>Comp:2-0-3</id>
  <CPU>0.447Gf</CPU>
  <RAM>0.859GB</RAM>
  <DISK>1.11GB</DISK>
</comp>
<comp>
  <id>Comp:2-0-4</id>
  <CPU>0.447Gf</CPU>
  <RAM>0.859GB</RAM>
  <DISK>1.11GB</DISK>
</comp>
<comp>
  <id>Comp:2-0-5</id>
  <CPU>0.447Gf</CPU>
  <RAM>0.859GB</RAM>
  <DISK>1.11GB</DISK>
</comp>
<comp>
  <id>Comp:2-0-6</id>
  <CPU>0.447Gf</CPU>
  <RAM>0.859GB</RAM>
  <DISK>1.11GB</DISK>
</comp>
<comp>
  <id>Comp:2-0-7</id>
  <CPU>0.447Gf</CPU>
  <RAM>0.859GB</RAM>
  <DISK>1.11GB</DISK>
</comp>
<comp>
  <id>Comp:2-0-8</id>
  <CPU>0.447Gf</CPU>
  <RAM>0.859GB</RAM>
  <DISK>1.11GB</DISK>
</comp>
<comp>
  <id>Comp:2-1-0</id>
  <CPU>0.964Gf</CPU>
  <RAM>0.712GB</RAM>
  <DISK>0.984GB</DISK>
</comp>
<comp>
  <id>Comp:2-1-1</id>
  <CPU>0.964Gf</CPU>
  <RAM>0.712GB</RAM>
  <DISK>0.984GB</DISK>
</comp>
<comp>
  <id>Comp:2-1-2</id>
  <CPU>0.964Gf</CPU>
  <RAM>0.712GB</RAM>
  <DISK>0.984GB</DISK>
</comp>
<comp>
  <id>Comp:2-1-3</id>
  <CPU>0.964Gf</CPU>
  <RAM>0.712GB</RAM>
  <DISK>0.984GB</DISK>
</comp>
<comp>
  <id>Comp:2-2-0</id>
  <CPU>0.692Gf</CPU>
  <RAM>0.534GB</RAM>
  <DISK>1.24GB</DISK>
</comp>
<comp>
  <id>Comp:2-2-1</id>
  <CPU>0.692Gf</CPU>
  <RAM>0.534GB</RAM>
  <DISK>1.24GB</DISK>
</comp>
<comp>
  <id>Comp:2-2-2</id>
  <CPU>0.692Gf</CPU>
  <RAM>0.534GB</RAM>
  <DISK>1.24GB</DISK>
</comp>
<comp>
  <id>Comp:2-2-3</id>
  <CPU>0.692Gf</CPU>
  <RAM>0.534GB</RAM>
  <DISK>1.24GB</DISK>
</comp>
<comp>
  <id>Comp:2-2-4</id>
  <CPU>0.692Gf</CPU>
  <RAM>0.534GB</RAM>
  <DISK>1.24GB</DISK>
</comp>
<comp>
  <id>Comp:2-3-0</id>
  <CPU>0.615Gf</CPU>
  <RAM>0.283GB</RAM>
  <DISK>0.0552GB</DISK>
</comp>
<comp>
  <id>Comp:2-3-1</id>
  <CPU>0.615Gf</CPU>
  <RAM>0.283GB</RAM>
  <DISK>0.0552GB</DISK>
</comp>
<comp>
  <id>Comp:2-3-2</id>
  <CPU>0.615Gf</CPU>
  <RAM>0.283GB</RAM>
  <DISK>0.0552GB</DISK>
</comp>
<comp>
  <id>Comp:2-3-3</id>
  <CPU>0.615Gf</CPU>
  <RAM>0.283GB</RAM>
  <DISK>0.0552GB</DISK>
</comp>
<comp>
  <id>Comp:2-3-4</id>
  <CPU>0.615Gf</CPU>
  <RAM>0.283GB</RAM>
  <DISK>0.0552GB</DISK>
</comp>
<comp>
  <id>Comp:2-3-5</id>
  <CPU>0.615Gf</CPU>
  <RAM>0.283GB</RAM>
  <DISK>0.0552GB</DISK>
</comp>
<comp>
  <id>Comp:2-3-6</id>
  <CPU>0.615Gf</CPU>
  <RAM>0.283GB</RAM>
  <DISK>0.0552GB</DISK>
</comp>
<comp>
  <id>Comp:2-3-7</id>
  <CPU>0.615Gf</CPU>
  <RAM>0.283GB</RAM>
  <DISK>0.0552GB</DISK>
</comp>
<comp>
  <id>Comp:2-3-8</id>
  <CPU>0.615Gf</CPU>
  <RAM>0.283GB</RAM>
  <DISK>0.0552GB</DISK>
</comp>
  <bind>Comp:2-1-0 Comp:2-0-0 0.776MBps 42.8ms</bind>
  <bind>Comp:2-0-0 Comp:2-1-0 0.776MBps 42.8ms</bind>
  <bind>Comp:2-1-1 Comp:2-0-1 0.776MBps 42.8ms</bind>
  <bind>Comp:2-0-1 Comp:2-1-1 0.776MBps 42.8ms</bind>
  <bind>Comp:2-1-2 Comp:2-0-2 0.776MBps 42.8ms</bind>
  <bind>Comp:2-0-2 Comp:2-1-2 0.776MBps 42.8ms</bind>
  <bind>Comp:2-1-3 Comp:2-0-3 0.776MBps 42.8ms</bind>
  <bind>Comp:2-0-3 Comp:2-1-3 0.776MBps 42.8ms</bind>
  <bind>Comp:2-1-0 Comp:2-0-4 0.776MBps 42.8ms</bind>
  <bind>Comp:2-0-4 Comp:2-1-0 0.776MBps 42.8ms</bind>
  <bind>Comp:2-1-1 Comp:2-0-5 0.776MBps 42.8ms</bind>
  <bind>Comp:2-0-5 Comp:2-1-1 0.776MBps 42.8ms</bind>
  <bind>Comp:2-1-2 Comp:2-0-6 0.776MBps 42.8ms</bind>
  <bind>Comp:2-0-6 Comp:2-1-2 0.776MBps 42.8ms</bind>
  <bind>Comp:2-1-3 Comp:2-0-7 0.776MBps 42.8ms</bind>
  <bind>Comp:2-0-7 Comp:2-1-3 0.776MBps 42.8ms</bind>
  <bind>Comp:2-1-0 Comp:2-0-8 0.776MBps 42.8ms</bind>
  <bind>Comp:2-0-8 Comp:2-1-0 0.776MBps 42.8ms</bind>
  <bind>Comp:2-2-0 Comp:2-1-0 0.57MBps 28.0ms</bind>
  <bind>Comp:2-1-0 Comp:2-2-0 0.57MBps 28.0ms</bind>
  <bind>Comp:2-2-1 Comp:2-1-1 0.57MBps 28.0ms</bind>
  <bind>Comp:2-1-1 Comp:2-2-1 0.57MBps 28.0ms</bind>
  <bind>Comp:2-2-2 Comp:2-1-2 0.57MBps 28.0ms</bind>
  <bind>Comp:2-1-2 Comp:2-2-2 0.57MBps 28.0ms</bind>
  <bind>Comp:2-2-3 Comp:2-1-3 0.57MBps 28.0ms</bind>
  <bind>Comp:2-1-3 Comp:2-2-3 0.57MBps 28.0ms</bind>
  <bind>Comp:2-2-4 Comp:2-1-0 0.57MBps 28.0ms</bind>
  <bind>Comp:2-1-0 Comp:2-2-4 0.57MBps 28.0ms</bind>
  <bind>Comp:2-3-0 Comp:2-2-0 0.0648MBps 36.5ms</bind>
  <bind>Comp:2-2-0 Comp:2-3-0 0.0648MBps 36.5ms</bind>
  <bind>Comp:2-3-1 Comp:2-2-1 0.0648MBps 36.5ms</bind>
  <bind>Comp:2-2-1 Comp:2-3-1 0.0648MBps 36.5ms</bind>
  <bind>Comp:2-3-2 Comp:2-2-2 0.0648MBps 36.5ms</bind>
  <bind>Comp:2-2-2 Comp:2-3-2 0.0648MBps 36.5ms</bind>
  <bind>Comp:2-3-3 Comp:2-2-3 0.0648MBps 36.5ms</bind>
  <bind>Comp:2-2-3 Comp:2-3-3 0.0648MBps 36.5ms</bind>
  <bind>Comp:2-3-4 Comp:2-2-4 0.0648MBps 36.5ms</bind>
  <bind>Comp:2-2-4 Comp:2-3-4 0.0648MBps 36.5ms</bind>
  <bind>Comp:2-3-5 Comp:2-2-0 0.0648MBps 36.5ms</bind>
  <bind>Comp:2-2-0 Comp:2-3-5 0.0648MBps 36.5ms</bind>
  <bind>Comp:2-3-6 Comp:2-2-1 0.0648MBps 36.5ms</bind>
  <bind>Comp:2-2-1 Comp:2-3-6 0.0648MBps 36.5ms</bind>
  <bind>Comp:2-3-7 Comp:2-2-2 0.0648MBps 36.5ms</bind>
  <bind>Comp:2-2-2 Comp:2-3-7 0.0648MBps 36.5ms</bind>
  <bind>Comp:2-3-8 Comp:2-2-3 0.0648MBps 36.5ms</bind>
  <bind>Comp:2-2-3 Comp:2-3-8 0.0648MBps 36.5ms</bind>
  <bind>Comp:2-3-0 Appliance-13 0.653MBps 42.4ms</bind>
  <bind>Appliance-13 Comp:2-3-0 0.653MBps 42.4ms</bind>
  <bind>Comp:2-3-1 Appliance-37 0.653MBps 42.4ms</bind>
  <bind>Appliance-37 Comp:2-3-1 0.653MBps 42.4ms</bind>
  <bind>Comp:2-3-2 Appliance-2 0.653MBps 42.4ms</bind>
  <bind>Appliance-2 Comp:2-3-2 0.653MBps 42.4ms</bind>
  <bind>Comp:2-3-3 Appliance-37 0.653MBps 42.4ms</bind>
  <bind>Appliance-37 Comp:2-3-3 0.653MBps 42.4ms</bind>
  <bind>Comp:2-3-4 Appliance-37 0.653MBps 42.4ms</bind>
  <bind>Appliance-37 Comp:2-3-4 0.653MBps 42.4ms</bind>
  <bind>Comp:2-3-5 Appliance-11 0.653MBps 42.4ms</bind>
  <bind>Appliance-11 Comp:2-3-5 0.653MBps 42.4ms</bind>
  <bind>Comp:2-3-6 Appliance-13 0.653MBps 42.4ms</bind>
  <bind>Appliance-13 Comp:2-3-6 0.653MBps 42.4ms</bind>
  <bind>Comp:2-3-7 Appliance-34 0.653MBps 42.4ms</bind>
  <bind>Appliance-34 Comp:2-3-7 0.653MBps 42.4ms</bind>
  <bind>Comp:2-3-8 Appliance-28 0.653MBps 42.4ms</bind>
  <bind>Appliance-28 Comp:2-3-8 0.653MBps 42.4ms</bind>
  <bind>Comp:2-3-0 Appliance-3 0.653MBps 42.4ms</bind>
  <bind>Appliance-3 Comp:2-3-0 0.653MBps 42.4ms</bind>
</app>
<app>
  <id>App20</id>
<comp>
  <id>Comp:20-0-0</id>
  <CPU>0.173Gf</CPU>
  <RAM>0.463GB</RAM>
  <DISK>0.293GB</DISK>
</comp>
<comp>
  <id>Comp:20-0-1</id>
  <CPU>0.173Gf</CPU>
  <RAM>0.463GB</RAM>
  <DISK>0.293GB</DISK>
</comp>
<comp>
  <id>Comp:20-0-2</id>
  <CPU>0.173Gf</CPU>
  <RAM>0.463GB</RAM>
  <DISK>0.293GB</DISK>
</comp>
<comp>
  <id>Comp:20-0-3</id>
  <CPU>0.173Gf</CPU>
  <RAM>0.463GB</RAM>
  <DISK>0.293GB</DISK>
</comp>
<comp>
  <id>Comp:20-1-0</id>
  <CPU>0.878Gf</CPU>
  <RAM>0.231GB</RAM>
  <DISK>0.42GB</DISK>
</comp>
<comp>
  <id>Comp:20-2-0</id>
  <CPU>0.772Gf</CPU>
  <RAM>0.221GB</RAM>
  <DISK>0.861GB</DISK>
</comp>
<comp>
  <id>Comp:20-2-1</id>
  <CPU>0.772Gf</CPU>
  <RAM>0.221GB</RAM>
  <DISK>0.861GB</DISK>
</comp>
<comp>
  <id>Comp:20-2-2</id>
  <CPU>0.772Gf</CPU>
  <RAM>0.221GB</RAM>
  <DISK>0.861GB</DISK>
</comp>
<comp>
  <id>Comp:20-2-3</id>
  <CPU>0.772Gf</CPU>
  <RAM>0.221GB</RAM>
  <DISK>0.861GB</DISK>
</comp>
  <bind>Comp:20-1-0 Comp:20-0-0 0.71MBps 42.4ms</bind>
  <bind>Comp:20-0-0 Comp:20-1-0 0.71MBps 42.4ms</bind>
  <bind>Comp:20-1-0 Comp:20-0-1 0.71MBps 42.4ms</bind>
  <bind>Comp:20-0-1 Comp:20-1-0 0.71MBps 42.4ms</bind>
  <bind>Comp:20-1-0 Comp:20-0-2 0.71MBps 42.4ms</bind>
  <bind>Comp:20-0-2 Comp:20-1-0 0.71MBps 42.4ms</bind>
  <bind>Comp:20-1-0 Comp:20-0-3 0.71MBps 42.4ms</bind>
  <bind>Comp:20-0-3 Comp:20-1-0 0.71MBps 42.4ms</bind>
  <bind>Comp:20-2-0 Comp:20-1-0 0.64MBps 30.8ms</bind>
  <bind>Comp:20-1-0 Comp:20-2-0 0.64MBps 30.8ms</bind>
  <bind>Comp:20-2-1 Comp:20-1-0 0.64MBps 30.8ms</bind>
  <bind>Comp:20-1-0 Comp:20-2-1 0.64MBps 30.8ms</bind>
  <bind>Comp:20-2-2 Comp:20-1-0 0.64MBps 30.8ms</bind>
  <bind>Comp:20-1-0 Comp:20-2-2 0.64MBps 30.8ms</bind>
  <bind>Comp:20-2-3 Comp:20-1-0 0.64MBps 30.8ms</bind>
  <bind>Comp:20-1-0 Comp:20-2-3 0.64MBps 30.8ms</bind>
  <bind>Comp:20-2-0 Appliance-38 0.634MBps 48.1ms</bind>
  <bind>Appliance-38 Comp:20-2-0 0.634MBps 48.1ms</bind>
  <bind>Comp:20-2-1 Appliance-25 0.634MBps 48.1ms</bind>
  <bind>Appliance-25 Comp:20-2-1 0.634MBps 48.1ms</bind>
  <bind>Comp:20-2-2 Appliance-10 0.634MBps 48.1ms</bind>
  <bind>Appliance-10 Comp:20-2-2 0.634MBps 48.1ms</bind>
  <bind>Comp:20-2-3 Appliance-19 0.634MBps 48.1ms</bind>
  <bind>Appliance-19 Comp:20-2-3 0.634MBps 48.1ms</bind>
  <bind>Comp:20-2-0 Appliance-8 0.634MBps 48.1ms</bind>
  <bind>Appliance-8 Comp:20-2-0 0.634MBps 48.1ms</bind>
  <bind>Comp:20-2-1 Appliance-21 0.634MBps 48.1ms</bind>
  <bind>Appliance-21 Comp:20-2-1 0.634MBps 48.1ms</bind>
  <bind>Comp:20-2-2 Appliance-35 0.634MBps 48.1ms</bind>
  <bind>Appliance-35 Comp:20-2-2 0.634MBps 48.1ms</bind>
</app>
<app>
  <id>App21</id>
<comp>
  <id>Comp:21-0-0</id>
  <CPU>0.151Gf</CPU>
  <RAM>0.169GB</RAM>
  <DISK>0.435GB</DISK>
</comp>
<comp>
  <id>Comp:21-0-1</id>
  <CPU>0.151Gf</CPU>
  <RAM>0.169GB</RAM>
  <DISK>0.435GB</DISK>
</comp>
<comp>
  <id>Comp:21-0-2</id>
  <CPU>0.151Gf</CPU>
  <RAM>0.169GB</RAM>
  <DISK>0.435GB</DISK>
</comp>
<comp>
  <id>Comp:21-0-3</id>
  <CPU>0.151Gf</CPU>
  <RAM>0.169GB</RAM>
  <DISK>0.435GB</DISK>
</comp>
<comp>
  <id>Comp:21-1-0</id>
  <CPU>0.615Gf</CPU>
  <RAM>0.463GB</RAM>
  <DISK>1.92GB</DISK>
</comp>
<comp>
  <id>Comp:21-1-1</id>
  <CPU>0.615Gf</CPU>
  <RAM>0.463GB</RAM>
  <DISK>1.92GB</DISK>
</comp>
<comp>
  <id>Comp:21-1-2</id>
  <CPU>0.615Gf</CPU>
  <RAM>0.463GB</RAM>
  <DISK>1.92GB</DISK>
</comp>
<comp>
  <id>Comp:21-1-3</id>
  <CPU>0.615Gf</CPU>
  <RAM>0.463GB</RAM>
  <DISK>1.92GB</DISK>
</comp>
<comp>
  <id>Comp:21-1-4</id>
  <CPU>0.615Gf</CPU>
  <RAM>0.463GB</RAM>
  <DISK>1.92GB</DISK>
</comp>
<comp>
  <id>Comp:21-1-5</id>
  <CPU>0.615Gf</CPU>
  <RAM>0.463GB</RAM>
  <DISK>1.92GB</DISK>
</comp>
<comp>
  <id>Comp:21-1-6</id>
  <CPU>0.615Gf</CPU>
  <RAM>0.463GB</RAM>
  <DISK>1.92GB</DISK>
</comp>
<comp>
  <id>Comp:21-2-0</id>
  <CPU>0.849Gf</CPU>
  <RAM>0.577GB</RAM>
  <DISK>1.41GB</DISK>
</comp>
<comp>
  <id>Comp:21-2-1</id>
  <CPU>0.849Gf</CPU>
  <RAM>0.577GB</RAM>
  <DISK>1.41GB</DISK>
</comp>
<comp>
  <id>Comp:21-2-2</id>
  <CPU>0.849Gf</CPU>
  <RAM>0.577GB</RAM>
  <DISK>1.41GB</DISK>
</comp>
<comp>
  <id>Comp:21-2-3</id>
  <CPU>0.849Gf</CPU>
  <RAM>0.577GB</RAM>
  <DISK>1.41GB</DISK>
</comp>
<comp>
  <id>Comp:21-2-4</id>
  <CPU>0.849Gf</CPU>
  <RAM>0.577GB</RAM>
  <DISK>1.41GB</DISK>
</comp>
<comp>
  <id>Comp:21-2-5</id>
  <CPU>0.849Gf</CPU>
  <RAM>0.577GB</RAM>
  <DISK>1.41GB</DISK>
</comp>
<comp>
  <id>Comp:21-2-6</id>
  <CPU>0.849Gf</CPU>
  <RAM>0.577GB</RAM>
  <DISK>1.41GB</DISK>
</comp>
<comp>
  <id>Comp:21-2-7</id>
  <CPU>0.849Gf</CPU>
  <RAM>0.577GB</RAM>
  <DISK>1.41GB</DISK>
</comp>
<comp>
  <id>Comp:21-2-8</id>
  <CPU>0.849Gf</CPU>
  <RAM>0.577GB</RAM>
  <DISK>1.41GB</DISK>
</comp>
<comp>
  <id>Comp:21-3-0</id>
  <CPU>0.558Gf</CPU>
  <RAM>0.284GB</RAM>
  <DISK>0.596GB</DISK>
</comp>
<comp>
  <id>Comp:21-3-1</id>
  <CPU>0.558Gf</CPU>
  <RAM>0.284GB</RAM>
  <DISK>0.596GB</DISK>
</comp>
<comp>
  <id>Comp:21-3-2</id>
  <CPU>0.558Gf</CPU>
  <RAM>0.284GB</RAM>
  <DISK>0.596GB</DISK>
</comp>
<comp>
  <id>Comp:21-3-3</id>
  <CPU>0.558Gf</CPU>
  <RAM>0.284GB</RAM>
  <DISK>0.596GB</DISK>
</comp>
<comp>
  <id>Comp:21-4-0</id>
  <CPU>0.37Gf</CPU>
  <RAM>0.76GB</RAM>
  <DISK>1.97GB</DISK>
</comp>
<comp>
  <id>Comp:21-4-1</id>
  <CPU>0.37Gf</CPU>
  <RAM>0.76GB</RAM>
  <DISK>1.97GB</DISK>
</comp>
<comp>
  <id>Comp:21-4-2</id>
  <CPU>0.37Gf</CPU>
  <RAM>0.76GB</RAM>
  <DISK>1.97GB</DISK>
</comp>
<comp>
  <id>Comp:21-4-3</id>
  <CPU>0.37Gf</CPU>
  <RAM>0.76GB</RAM>
  <DISK>1.97GB</DISK>
</comp>
  <bind>Comp:21-1-0 Comp:21-0-0 0.545MBps 34.6ms</bind>
  <bind>Comp:21-0-0 Comp:21-1-0 0.545MBps 34.6ms</bind>
  <bind>Comp:21-1-1 Comp:21-0-1 0.545MBps 34.6ms</bind>
  <bind>Comp:21-0-1 Comp:21-1-1 0.545MBps 34.6ms</bind>
  <bind>Comp:21-1-2 Comp:21-0-2 0.545MBps 34.6ms</bind>
  <bind>Comp:21-0-2 Comp:21-1-2 0.545MBps 34.6ms</bind>
  <bind>Comp:21-1-3 Comp:21-0-3 0.545MBps 34.6ms</bind>
  <bind>Comp:21-0-3 Comp:21-1-3 0.545MBps 34.6ms</bind>
  <bind>Comp:21-1-4 Comp:21-0-0 0.545MBps 34.6ms</bind>
  <bind>Comp:21-0-0 Comp:21-1-4 0.545MBps 34.6ms</bind>
  <bind>Comp:21-1-5 Comp:21-0-1 0.545MBps 34.6ms</bind>
  <bind>Comp:21-0-1 Comp:21-1-5 0.545MBps 34.6ms</bind>
  <bind>Comp:21-1-6 Comp:21-0-2 0.545MBps 34.6ms</bind>
  <bind>Comp:21-0-2 Comp:21-1-6 0.545MBps 34.6ms</bind>
  <bind>Comp:21-2-0 Comp:21-1-0 0.938MBps 28.1ms</bind>
  <bind>Comp:21-1-0 Comp:21-2-0 0.938MBps 28.1ms</bind>
  <bind>Comp:21-2-1 Comp:21-1-1 0.938MBps 28.1ms</bind>
  <bind>Comp:21-1-1 Comp:21-2-1 0.938MBps 28.1ms</bind>
  <bind>Comp:21-2-2 Comp:21-1-2 0.938MBps 28.1ms</bind>
  <bind>Comp:21-1-2 Comp:21-2-2 0.938MBps 28.1ms</bind>
  <bind>Comp:21-2-3 Comp:21-1-3 0.938MBps 28.1ms</bind>
  <bind>Comp:21-1-3 Comp:21-2-3 0.938MBps 28.1ms</bind>
  <bind>Comp:21-2-4 Comp:21-1-4 0.938MBps 28.1ms</bind>
  <bind>Comp:21-1-4 Comp:21-2-4 0.938MBps 28.1ms</bind>
  <bind>Comp:21-2-5 Comp:21-1-5 0.938MBps 28.1ms</bind>
  <bind>Comp:21-1-5 Comp:21-2-5 0.938MBps 28.1ms</bind>
  <bind>Comp:21-2-6 Comp:21-1-6 0.938MBps 28.1ms</bind>
  <bind>Comp:21-1-6 Comp:21-2-6 0.938MBps 28.1ms</bind>
  <bind>Comp:21-2-7 Comp:21-1-0 0.938MBps 28.1ms</bind>
  <bind>Comp:21-1-0 Comp:21-2-7 0.938MBps 28.1ms</bind>
  <bind>Comp:21-2-8 Comp:21-1-1 0.938MBps 28.1ms</bind>
  <bind>Comp:21-1-1 Comp:21-2-8 0.938MBps 28.1ms</bind>
  <bind>Comp:21-3-0 Comp:21-2-0 0.305MBps 29.6ms</bind>
  <bind>Comp:21-2-0 Comp:21-3-0 0.305MBps 29.6ms</bind>
  <bind>Comp:21-3-1 Comp:21-2-1 0.305MBps 29.6ms</bind>
  <bind>Comp:21-2-1 Comp:21-3-1 0.305MBps 29.6ms</bind>
  <bind>Comp:21-3-2 Comp:21-2-2 0.305MBps 29.6ms</bind>
  <bind>Comp:21-2-2 Comp:21-3-2 0.305MBps 29.6ms</bind>
  <bind>Comp:21-3-3 Comp:21-2-3 0.305MBps 29.6ms</bind>
  <bind>Comp:21-2-3 Comp:21-3-3 0.305MBps 29.6ms</bind>
  <bind>Comp:21-3-0 Comp:21-2-4 0.305MBps 29.6ms</bind>
  <bind>Comp:21-2-4 Comp:21-3-0 0.305MBps 29.6ms</bind>
  <bind>Comp:21-3-1 Comp:21-2-5 0.305MBps 29.6ms</bind>
  <bind>Comp:21-2-5 Comp:21-3-1 0.305MBps 29.6ms</bind>
  <bind>Comp:21-3-2 Comp:21-2-6 0.305MBps 29.6ms</bind>
  <bind>Comp:21-2-6 Comp:21-3-2 0.305MBps 29.6ms</bind>
  <bind>Comp:21-3-3 Comp:21-2-7 0.305MBps 29.6ms</bind>
  <bind>Comp:21-2-7 Comp:21-3-3 0.305MBps 29.6ms</bind>
  <bind>Comp:21-3-0 Comp:21-2-8 0.305MBps 29.6ms</bind>
  <bind>Comp:21-2-8 Comp:21-3-0 0.305MBps 29.6ms</bind>
  <bind>Comp:21-4-0 Comp:21-3-0 0.0983MBps 41.7ms</bind>
  <bind>Comp:21-3-0 Comp:21-4-0 0.0983MBps 41.7ms</bind>
  <bind>Comp:21-4-1 Comp:21-3-1 0.0983MBps 41.7ms</bind>
  <bind>Comp:21-3-1 Comp:21-4-1 0.0983MBps 41.7ms</bind>
  <bind>Comp:21-4-2 Comp:21-3-2 0.0983MBps 41.7ms</bind>
  <bind>Comp:21-3-2 Comp:21-4-2 0.0983MBps 41.7ms</bind>
  <bind>Comp:21-4-3 Comp:21-3-3 0.0983MBps 41.7ms</bind>
  <bind>Comp:21-3-3 Comp:21-4-3 0.0983MBps 41.7ms</bind>
  <bind>Comp:21-4-0 Appliance-32 0.597MBps 35.4ms</bind>
  <bind>Appliance-32 Comp:21-4-0 0.597MBps 35.4ms</bind>
  <bind>Comp:21-4-1 Appliance-24 0.597MBps 35.4ms</bind>
  <bind>Appliance-24 Comp:21-4-1 0.597MBps 35.4ms</bind>
  <bind>Comp:21-4-2 Appliance-8 0.597MBps 35.4ms</bind>
  <bind>Appliance-8 Comp:21-4-2 0.597MBps 35.4ms</bind>
  <bind>Comp:21-4-3 Appliance-32 0.597MBps 35.4ms</bind>
  <bind>Appliance-32 Comp:21-4-3 0.597MBps 35.4ms</bind>
</app>
</apps>
