<?xml version="1.0"?>
<apps>
<app>
  <id>App1</id>
<comp>
  <id>Comp:1-0-0</id>
  <CPU>0.47Gf</CPU>
  <RAM>0.258GB</RAM>
  <DISK>1.92GB</DISK>
</comp>
<comp>
  <id>Comp:1-0-1</id>
  <CPU>0.47Gf</CPU>
  <RAM>0.258GB</RAM>
  <DISK>1.92GB</DISK>
</comp>
<comp>
  <id>Comp:1-0-2</id>
  <CPU>0.47Gf</CPU>
  <RAM>0.258GB</RAM>
  <DISK>1.92GB</DISK>
</comp>
<comp>
  <id>Comp:1-1-0</id>
  <CPU>0.315Gf</CPU>
  <RAM>0.633GB</RAM>
  <DISK>0.873GB</DISK>
</comp>
<comp>
  <id>Comp:1-1-1</id>
  <CPU>0.315Gf</CPU>
  <RAM>0.633GB</RAM>
  <DISK>0.873GB</DISK>
</comp>
<comp>
  <id>Comp:1-1-2</id>
  <CPU>0.315Gf</CPU>
  <RAM>0.633GB</RAM>
  <DISK>0.873GB</DISK>
</comp>
<comp>
  <id>Comp:1-1-3</id>
  <CPU>0.315Gf</CPU>
  <RAM>0.633GB</RAM>
  <DISK>0.873GB</DISK>
</comp>
<comp>
  <id>Comp:1-1-4</id>
  <CPU>0.315Gf</CPU>
  <RAM>0.633GB</RAM>
  <DISK>0.873GB</DISK>
</comp>
<comp>
  <id>Comp:1-1-5</id>
  <CPU>0.315Gf</CPU>
  <RAM>0.633GB</RAM>
  <DISK>0.873GB</DISK>
</comp>
<comp>
  <id>Comp:1-1-6</id>
  <CPU>0.315Gf</CPU>
  <RAM>0.633GB</RAM>
  <DISK>0.873GB</DISK>
</comp>
<comp>
  <id>Comp:1-1-7</id>
  <CPU>0.315Gf</CPU>
  <RAM>0.633GB</RAM>
  <DISK>0.873GB</DISK>
</comp>
<comp>
  <id>Comp:1-1-8</id>
  <CPU>0.315Gf</CPU>
  <RAM>0.633GB</RAM>
  <DISK>0.873GB</DISK>
</comp>
<comp>
  <id>Comp:1-2-0</id>
  <CPU>0.414Gf</CPU>
  <RAM>0.183GB</RAM>
  <DISK>0.677GB</DISK>
</comp>
<comp>
  <id>Comp:1-2-1</id>
  <CPU>0.414Gf</CPU>
  <RAM>0.183GB</RAM>
  <DISK>0.677GB</DISK>
</comp>
<comp>
  <id>Comp:1-2-2</id>
  <CPU>0.414Gf</CPU>
  <RAM>0.183GB</RAM>
  <DISK>0.677GB</DISK>
</comp>
<comp>
  <id>Comp:1-2-3</id>
  <CPU>0.414Gf</CPU>
  <RAM>0.183GB</RAM>
  <DISK>0.677GB</DISK>
</comp>
<comp>
  <id>Comp:1-2-4</id>
  <CPU>0.414Gf</CPU>
  <RAM>0.183GB</RAM>
  <DISK>0.677GB</DISK>
</comp>
<comp>
  <id>Comp:1-2-5</id>
  <CPU>0.414Gf</CPU>
  <RAM>0.183GB</RAM>
  <DISK>0.677GB</DISK>
</comp>
<comp>
  <id>Comp:1-3-0</id>
  <CPU>0.115Gf</CPU>
  <RAM>0.512GB</RAM>
  <DISK>1.34GB</DISK>
</comp>
<comp>
  <id>Comp:1-3-1</id>
  <CPU>0.115Gf</CPU>
  <RAM>0.512GB</RAM>
  <DISK>1.34GB</DISK>
</comp>
<comp>
  <id>Comp:1-3-2</id>
  <CPU>0.115Gf</CPU>
  <RAM>0.512GB</RAM>
  <DISK>1.34GB</DISK>
</comp>
<comp>
  <id>Comp:1-3-3</id>
  <CPU>0.115Gf</CPU>
  <RAM>0.512GB</RAM>
  <DISK>1.34GB</DISK>
</comp>
<comp>
  <id>Comp:1-3-4</id>
  <CPU>0.115Gf</CPU>
  <RAM>0.512GB</RAM>
  <DISK>1.34GB</DISK>
</comp>
<comp>
  <id>Comp:1-3-5</id>
  <CPU>0.115Gf</CPU>
  <RAM>0.512GB</RAM>
  <DISK>1.34GB</DISK>
</comp>
<comp>
  <id>Comp:1-3-6</id>
  <CPU>0.115Gf</CPU>
  <RAM>0.512GB</RAM>
  <DISK>1.34GB</DISK>
</comp>
<comp>
  <id>Comp:1-3-7</id>
  <CPU>0.115Gf</CPU>
  <RAM>0.512GB</RAM>
  <DISK>1.34GB</DISK>
</comp>
<comp>
  <id>Comp:1-3-8</id>
  <CPU>0.115Gf</CPU>
  <RAM>0.512GB</RAM>
  <DISK>1.34GB</DISK>
</comp>
<comp>
  <id>Comp:1-3-9</id>
  <CPU>0.115Gf</CPU>
  <RAM>0.512GB</RAM>
  <DISK>1.34GB</DISK>
</comp>
<comp>
  <id>Comp:1-4-0</id>
  <CPU>0.165Gf</CPU>
  <RAM>0.607GB</RAM>
  <DISK>1.27GB</DISK>
</comp>
<comp>
  <id>Comp:1-4-1</id>
  <CPU>0.165Gf</CPU>
  <RAM>0.607GB</RAM>
  <DISK>1.27GB</DISK>
</comp>
<comp>
  <id>Comp:1-4-2</id>
  <CPU>0.165Gf</CPU>
  <RAM>0.607GB</RAM>
  <DISK>1.27GB</DISK>
</comp>
<comp>
  <id>Comp:1-4-3</id>
  <CPU>0.165Gf</CPU>
  <RAM>0.607GB</RAM>
  <DISK>1.27GB</DISK>
</comp>
<comp>
  <id>Comp:1-4-4</id>
  <CPU>0.165Gf</CPU>
  <RAM>0.607GB</RAM>
  <DISK>1.27GB</DISK>
</comp>
<comp>
  <id>Comp:1-4-5</id>
  <CPU>0.165Gf</CPU>
  <RAM>0.607GB</RAM>
  <DISK>1.27GB</DISK>
</comp>
<comp>
  <id>Comp:1-4-6</id>
  <CPU>0.165Gf</CPU>
  <RAM>0.607GB</RAM>
  <DISK>1.27GB</DISK>
</comp>
<comp>
  <id>Comp:1-4-7</id>
  <CPU>0.165Gf</CPU>
  <RAM>0.607GB</RAM>
  <DISK>1.27GB</DISK>
</comp>
<comp>
  <id>Comp:1-4-8</id>
  <CPU>0.165Gf</CPU>
  <RAM>0.607GB</RAM>
  <DISK>1.27GB</DISK>
</comp>
<comp>
  <id>Comp:1-5-0</id>
  <CPU>0.845Gf</CPU>
  <RAM>0.361GB</RAM>
  <DISK>0.337GB</DISK>
</comp>
  <bind>Comp:1-1-0 Comp:1-0-0 0.597MBps 35.3ms</bind>
  <bind>Comp:1-0-0 Comp:1-1-0 0.597MBps 35.3ms</bind>
  <bind>Comp:1-1-1 Comp:1-0-1 0.597MBps 35.3ms</bind>
  <bind>Comp:1-0-1 Comp:1-1-1 0.597MBps 35.3ms</bind>
  <bind>Comp:1-1-2 Comp:1-0-2 0.597MBps 35.3ms</bind>
  <bind>Comp:1-0-2 Comp:1-1-2 0.597MBps 35.3ms</bind>
  <bind>Comp:1-1-3 Comp:1-0-0 0.597MBps 35.3ms</bind>
  <bind>Comp:1-0-0 Comp:1-1-3 0.597MBps 35.3ms</bind>
  <bind>Comp:1-1-4 Comp:1-0-1 0.597MBps 35.3ms</bind>
  <bind>Comp:1-0-1 Comp:1-1-4 0.597MBps 35.3ms</bind>
  <bind>Comp:1-1-5 Comp:1-0-2 0.597MBps 35.3ms</bind>
  <bind>Comp:1-0-2 Comp:1-1-5 0.597MBps 35.3ms</bind>
  <bind>Comp:1-1-6 Comp:1-0-0 0.597MBps 35.3ms</bind>
  <bind>Comp:1-0-0 Comp:1-1-6 0.597MBps 35.3ms</bind>
  <bind>Comp:1-1-7 Comp:1-0-1 0.597MBps 35.3ms</bind>
  <bind>Comp:1-0-1 Comp:1-1-7 0.597MBps 35.3ms</bind>
  <bind>Comp:1-1-8 Comp:1-0-2 0.597MBps 35.3ms</bind>
  <bind>Comp:1-0-2 Comp:1-1-8 0.597MBps 35.3ms</bind>
  <bind>Comp:1-2-0 Comp:1-1-0 0.667MBps 43.2ms</bind>
  <bind>Comp:1-1-0 Comp:1-2-0 0.667MBps 43.2ms</bind>
  <bind>Comp:1-2-1 Comp:1-1-1 0.667MBps 43.2ms</bind>
  <bind>Comp:1-1-1 Comp:1-2-1 0.667MBps 43.2ms</bind>
  <bind>Comp:1-2-2 Comp:1-1-2 0.667MBps 43.2ms</bind>
  <bind>Comp:1-1-2 Comp:1-2-2 0.667MBps 43.2ms</bind>
  <bind>Comp:1-2-3 Comp:1-1-3 0.667MBps 43.2ms</bind>
  <bind>Comp:1-1-3 Comp:1-2-3 0.667MBps 43.2ms</bind>
  <bind>Comp:1-2-4 Comp:1-1-4 0.667MBps 43.2ms</bind>
  <bind>Comp:1-1-4 Comp:1-2-4 0.667MBps 43.2ms</bind>
  <bind>Comp:1-2-5 Comp:1-1-5 0.667MBps 43.2ms</bind>
  <bind>Comp:1-1-5 Comp:1-2-5 0.667MBps 43.2ms</bind>
  <bind>Comp:1-2-0 Comp:1-1-6 0.667MBps 43.2ms</bind>
  <bind>Comp:1-1-6 Comp:1-2-0 0.667MBps 43.2ms</bind>
  <bind>Comp:1-2-1 Comp:1-1-7 0.667MBps 43.2ms</bind>
  <bind>Comp:1-1-7 Comp:1-2-1 0.667MBps 43.2ms</bind>
  <bind>Comp:1-2-2 Comp:1-1-8 0.667MBps 43.2ms</bind>
  <bind>Comp:1-1-8 Comp:1-2-2 0.667MBps 43.2ms</bind>
  <bind>Comp:1-3-0 Comp:1-2-0 0.458MBps 41.5ms</bind>
  <bind>Comp:1-2-0 Comp:1-3-0 0.458MBps 41.5ms</bind>
  <bind>Comp:1-3-1 Comp:1-2-1 0.458MBps 41.5ms</bind>
  <bind>Comp:1-2-1 Comp:1-3-1 0.458MBps 41.5ms</bind>
  <bind>Comp:1-3-2 Comp:1-2-2 0.458MBps 41.5ms</bind>
  <bind>Comp:1-2-2 Comp:1-3-2 0.458MBps 41.5ms</bind>
  <bind>Comp:1-3-3 Comp:1-2-3 0.458MBps 41.5ms</bind>
  <bind>Comp:1-2-3 Comp:1-3-3 0.458MBps 41.5ms</bind>
  <bind>Comp:1-3-4 Comp:1-2-4 0.458MBps 41.5ms</bind>
  <bind>Comp:1-2-4 Comp:1-3-4 0.458MBps 41.5ms</bind>
  <bind>Comp:1-3-5 Comp:1-2-5 0.458MBps 41.5ms</bind>
  <bind>Comp:1-2-5 Comp:1-3-5 0.458MBps 41.5ms</bind>
  <bind>Comp:1-3-6 Comp:1-2-0 0.458MBps 41.5ms</bind>
  <bind>Comp:1-2-0 Comp:1-3-6 0.458MBps 41.5ms</bind>
  <bind>Comp:1-3-7 Comp:1-2-1 0.458MBps 41.5ms</bind>
  <bind>Comp:1-2-1 Comp:1-3-7 0.458MBps 41.5ms</bind>
  <bind>Comp:1-3-8 Comp:1-2-2 0.458MBps 41.5ms</bind>
  <bind>Comp:1-2-2 Comp:1-3-8 0.458MBps 41.5ms</bind>
  <bind>Comp:1-3-9 Comp:1-2-3 0.458MBps 41.5ms</bind>
  <bind>Comp:1-2-3 Comp:1-3-9 0.458MBps 41.5ms</bind>
  <bind>Comp:1-4-0 Comp:1-3-0 0.875MBps 47.6ms</bind>
  <bind>Comp:1-3-0 Comp:1-4-0 0.875MBps 47.6ms</bind>
  <bind>Comp:1-4-1 Comp:1-3-1 0.875MBps 47.6ms</bind>
  <bind>Comp:1-3-1 Comp:1-4-1 0.875MBps 47.6ms</bind>
  <bind>Comp:1-4-2 Comp:1-3-2 0.875MBps 47.6ms</bind>
  <bind>Comp:1-3-2 Comp:1-4-2 0.875MBps 47.6ms</bind>
  <bind>Comp:1-4-3 Comp:1-3-3 0.875MBps 47.6ms</bind>
  <bind>Comp:1-3-3 Comp:1-4-3 0.875MBps 47.6ms</bind>
  <bind>Comp:1-4-4 Comp:1-3-4 0.875MBps 47.6ms</bind>
  <bind>Comp:1-3-4 Comp:1-4-4 0.875MBps 47.6ms</bind>
  <bind>Comp:1-4-5 Comp:1-3-5 0.875MBps 47.6ms</bind>
  <bind>Comp:1-3-5 Comp:1-4-5 0.875MBps 47.6ms</bind>
  <bind>Comp:1-4-6 Comp:1-3-6 0.875MBps 47.6ms</bind>
  <bind>Comp:1-3-6 Comp:1-4-6 0.875MBps 47.6ms</bind>
  <bind>Comp:1-4-7 Comp:1-3-7 0.875MBps 47.6ms</bind>
  <bind>Comp:1-3-7 Comp:1-4-7 0.875MBps 47.6ms</bind>
  <bind>Comp:1-4-8 Comp:1-3-8 0.875MBps 47.6ms</bind>
  <bind>Comp:1-3-8 Comp:1-4-8 0.875MBps 47.6ms</bind>
  <bind>Comp:1-4-0 Comp:1-3-9 0.875MBps 47.6ms</bind>
  <bind>Comp:1-3-9 Comp:1-4-0 0.875MBps 47.6ms</bind>
  <bind>Comp:1-5-0 Comp:1-4-0 0.837MBps 36.4ms</bind>
  <bind>Comp:1-4-0 Comp:1-5-0 0.837MBps 36.4ms</bind>
  <bind>Comp:1-5-0 Comp:1-4-1 0.837MBps 36.4ms</bind>
  <bind>Comp:1-4-1 Comp:1-5-0 0.837MBps 36.4ms</bind>
  <bind>Comp:1-5-0 Comp:1-4-2 0.837MBps 36.4ms</bind>
  <bind>Comp:1-4-2 Comp:1-5-0 0.837MBps 36.4ms</bind>
  <bind>Comp:1-5-0 Comp:1-4-3 0.837MBps 36.4ms</bind>
  <bind>Comp:1-4-3 Comp:1-5-0 0.837MBps 36.4ms</bind>
  <bind>Comp:1-5-0 Comp:1-4-4 0.837MBps 36.4ms</bind>
  <bind>Comp:1-4-4 Comp:1-5-0 0.837MBps 36.4ms</bind>
  <bind>Comp:1-5-0 Comp:1-4-5 0.837MBps 36.4ms</bind>
  <bind>Comp:1-4-5 Comp:1-5-0 0.837MBps 36.4ms</bind>
  <bind>Comp:1-5-0 Comp:1-4-6 0.837MBps 36.4ms</bind>
  <bind>Comp:1-4-6 Comp:1-5-0 0.837MBps 36.4ms</bind>
  <bind>Comp:1-5-0 Comp:1-4-7 0.837MBps 36.4ms</bind>
  <bind>Comp:1-4-7 Comp:1-5-0 0.837MBps 36.4ms</bind>
  <bind>Comp:1-5-0 Comp:1-4-8 0.837MBps 36.4ms</bind>
  <bind>Comp:1-4-8 Comp:1-5-0 0.837MBps 36.4ms</bind>
  <bind>Comp:1-5-0 Appliance-20 0.667MBps 43.9ms</bind>
  <bind>Appliance-20 Comp:1-5-0 0.667MBps 43.9ms</bind>
  <bind>Comp:1-5-0 Appliance-20 0.667MBps 43.9ms</bind>
  <bind>Appliance-20 Comp:1-5-0 0.667MBps 43.9ms</bind>
  <bind>Comp:1-5-0 Appliance-11 0.667MBps 43.9ms</bind>
  <bind>Appliance-11 Comp:1-5-0 0.667MBps 43.9ms</bind>
  <bind>Comp:1-5-0 Appliance-34 0.667MBps 43.9ms</bind>
  <bind>Appliance-34 Comp:1-5-0 0.667MBps 43.9ms</bind>
  <bind>Comp:1-5-0 Appliance-22 0.667MBps 43.9ms</bind>
  <bind>Appliance-22 Comp:1-5-0 0.667MBps 43.9ms</bind>
</app>
<app>
  <id>App10</id>
<comp>
  <id>Comp:10-0-0</id>
  <CPU>0.584Gf</CPU>
  <RAM>0.806GB</RAM>
  <DISK>0.511GB</DISK>
</comp>
<comp>
  <id>Comp:10-0-1</id>
  <CPU>0.584Gf</CPU>
  <RAM>0.806GB</RAM>
  <DISK>0.511GB</DISK>
</comp>
<comp>
  <id>Comp:10-0-2</id>
  <CPU>0.584Gf</CPU>
  <RAM>0.806GB</RAM>
  <DISK>0.511GB</DISK>
</comp>
<comp>
  <id>Comp:10-0-3</id>
  <CPU>0.584Gf</CPU>
  <RAM>0.806GB</RAM>
  <DISK>0.511GB</DISK>
</comp>
<comp>
  <id>Comp:10-1-0</id>
  <CPU>0.77Gf</CPU>
  <RAM>0.59GB</RAM>
  <DISK>1.77GB</DISK>
</comp>
<comp>
  <id>Comp:10-1-1</id>
  <CPU>0.77Gf</CPU>
  <RAM>0.59GB</RAM>
  <DISK>1.77GB</DISK>
</comp>
<comp>
  <id>Comp:10-2-0</id>
  <CPU>0.746Gf</CPU>
  <RAM>0.895GB</RAM>
  <DISK>0.799GB</DISK>
</comp>
<comp>
  <id>Comp:10-2-1</id>
  <CPU>0.746Gf</CPU>
  <RAM>0.895GB</RAM>
  <DISK>0.799GB</DISK>
</comp>
<comp>
  <id>Comp:10-2-2</id>
  <CPU>0.746Gf</CPU>
  <RAM>0.895GB</RAM>
  <DISK>0.799GB</DISK>
</comp>
<comp>
  <id>Comp:10-2-3</id>
  <CPU>0.746Gf</CPU>
  <RAM>0.895GB</RAM>
  <DISK>0.799GB</DISK>
</comp>
<comp>
  <id>Comp:10-2-4</id>
  <CPU>0.746Gf</CPU>
  <RAM>0.895GB</RAM>
  <DISK>0.799GB</DISK>
</comp>
<comp>
  <id>Comp:10-2-5</id>
  <CPU>0.746Gf</CPU>
  <RAM>0.895GB</RAM>
  <DISK>0.799GB</DISK>
</comp>
<comp>
  <id>Comp:10-2-6</id>
  <CPU>0.746Gf</CPU>
  <RAM>0.895GB</RAM>
  <DISK>0.799GB</DISK>
</comp>
<comp>
  <id>Comp:10-2-7</id>
  <CPU>0.746Gf</CPU>
  <RAM>0.895GB</RAM>
  <DISK>0.799GB</DISK>
</comp>
<comp>
  <id>Comp:10-3-0</id>
  <CPU>0.295Gf</CPU>
  <RAM>0.461GB</RAM>
  <DISK>0.368GB</DISK>
</comp>
<comp>
  <id>Comp:10-3-1</id>
  <CPU>0.295Gf</CPU>
  <RAM>0.461GB</RAM>
  <DISK>0.368GB</DISK>
</comp>
<comp>
  <id>Comp:10-3-2</id>
  <CPU>0.295Gf</CPU>
  <RAM>0.461GB</RAM>
  <DISK>0.368GB</DISK>
</comp>
<comp>
  <id>Comp:10-4-0</id>
  <CPU>0.761Gf</CPU>
  <RAM>0.337GB</RAM>
  <DISK>1.71GB</DISK>
</comp>
<comp>
  <id>Comp:10-4-1</id>
  <CPU>0.761Gf</CPU>
  <RAM>0.337GB</RAM>
  <DISK>1.71GB</DISK>
</comp>
<comp>
  <id>Comp:10-4-2</id>
  <CPU>0.761Gf</CPU>
  <RAM>0.337GB</RAM>
  <DISK>1.71GB</DISK>
</comp>
<comp>
  <id>Comp:10-4-3</id>
  <CPU>0.761Gf</CPU>
  <RAM>0.337GB</RAM>
  <DISK>1.71GB</DISK>
</comp>
<comp>
  <id>Comp:10-4-4</id>
  <CPU>0.761Gf</CPU>
  <RAM>0.337GB</RAM>
  <DISK>1.71GB</DISK>
</comp>
<comp>
  <id>Comp:10-4-5</id>
  <CPU>0.761Gf</CPU>
  <RAM>0.337GB</RAM>
  <DISK>1.71GB</DISK>
</comp>
<comp>
  <id>Comp:10-4-6</id>
  <CPU>0.761Gf</CPU>
  <RAM>0.337GB</RAM>
  <DISK>1.71GB</DISK>
</comp>
<comp>
  <id>Comp:10-4-7</id>
  <CPU>0.761Gf</CPU>
  <RAM>0.337GB</RAM>
  <DISK>1.71GB</DISK>
</comp>
<comp>
  <id>Comp:10-4-8</id>
  <CPU>0.761Gf</CPU>
  <RAM>0.337GB</RAM>
  <DISK>1.71GB</DISK>
</comp>
  <bind>Comp:10-1-0 Comp:10-0-0 0.151MBps 41.9ms</bind>
  <bind>Comp:10-0-0 Comp:10-1-0 0.151MBps 41.9ms</bind>
  <bind>Comp:10-1-1 Comp:10-0-1 0.151MBps 41.9ms</bind>
  <bind>Comp:10-0-1 Comp:10-1-1 0.151MBps 41.9ms</bind>
  <bind>Comp:10-1-0 Comp:10-0-2 0.151MBps 41.9ms</bind>
  <bind>Comp:10-0-2 Comp:10-1-0 0.151MBps 41.9ms</bind>
  <bind>Comp:10-1-1 Comp:10-0-3 0.151MBps 41.9ms</bind>
  <bind>Comp:10-0-3 Comp:10-1-1 0.151MBps 41.9ms</bind>
  <bind>Comp:10-2-0 Comp:10-1-0 0.242MBps 27.1ms</bind>
  <bind>Comp:10-1-0 Comp:10-2-0 0.242MBps 27.1ms</bind>
  <bind>Comp:10-2-1 Comp:10-1-1 0.242MBps 27.1ms</bind>
  <bind>Comp:10-1-1 Comp:10-2-1 0.242MBps 27.1ms</bind>
  <bind>Comp:10-2-2 Comp:10-1-0 0.242MBps 27.1ms</bind>
  <bind>Comp:10-1-0 Comp:10-2-2 0.242MBps 27.1ms</bind>
  <bind>Comp:10-2-3 Comp:10-1-1 0.242MBps 27.1ms</bind>
  <bind>Comp:10-1-1 Comp:10-2-3 0.242MBps 27.1ms</bind>
  <bind>Comp:10-2-4 Comp:10-1-0 0.242MBps 27.1ms</bind>
  <bind>Comp:10-1-0 Comp:10-2-4 0.242MBps 27.1ms</bind>
  <bind>Comp:10-2-5 Comp:10-1-1 0.242MBps 27.1ms</bind>
  <bind>Comp:10-1-1 Comp:10-2-5 0.242MBps 27.1ms</bind>
  <bind>Comp:10-2-6 Comp:10-1-0 0.242MBps 27.1ms</bind>
  <bind>Comp:10-1-0 Comp:10-2-6 0.242MBps 27.1ms</bind>
  <bind>Comp:10-2-7 Comp:10-1-1 0.242MBps 27.1ms</bind>
  <bind>Comp:10-1-1 Comp:10-2-7 0.242MBps 27.1ms</bind>
  <bind>Comp:10-3-0 Comp:10-2-0 0.961MBps 37.7ms</bind>
  <bind>Comp:10-2-0 Comp:10-3-0 0.961MBps 37.7ms</bind>
  <bind>Comp:10-3-1 Comp:10-2-1 0.961MBps 37.7ms</bind>
  <bind>Comp:10-2-1 Comp:10-3-1 0.961MBps 37.7ms</bind>
  <bind>Comp:10-3-2 Comp:10-2-2 0.961MBps 37.7ms</bind>
  <bind>Comp:10-2-2 Comp:10-3-2 0.961MBps 37.7ms</bind>
  <bind>Comp:10-3-0 Comp:10-2-3 0.961MBps 37.7ms</bind>
  <bind>Comp:10-2-3 Comp:10-3-0 0.961MBps 37.7ms</bind>
  <bind>Comp:10-3-1 Comp:10-2-4 0.961MBps 37.7ms</bind>
  <bind>Comp:10-2-4 Comp:10-3-1 0.961MBps 37.7ms</bind>
  <bind>Comp:10-3-2 Comp:10-2-5 0.961MBps 37.7ms</bind>
  <bind>Comp:10-2-5 Comp:10-3-2 0.961MBps 37.7ms</bind>
  <bind>Comp:10-3-0 Comp:10-2-6 0.961MBps 37.7ms</bind>
  <bind>Comp:10-2-6 Comp:10-3-0 0.961MBps 37.7ms</bind>
  <bind>Comp:10-3-1 Comp:10-2-7 0.961MBps 37.7ms</bind>
  <bind>Comp:10-2-7 Comp:10-3-1 0.961MBps 37.7ms</bind>
  <bind>Comp:10-4-0 Comp:10-3-0 0.936MBps 36.9ms</bind>
  <bind>Comp:10-3-0 Comp:10-4-0 0.936MBps 36.9ms</bind>
  <bind>Comp:10-4-1 Comp:10-3-1 0.936MBps 36.9ms</bind>
  <bind>Comp:10-3-1 Comp:10-4-1 0.936MBps 36.9ms</bind>
  <bind>Comp:10-4-2 Comp:10-3-2 0.936MBps 36.9ms</bind>
  <bind>Comp:10-3-2 Comp:10-4-2 0.936MBps 36.9ms</bind>
  <bind>Comp:10-4-3 Comp:10-3-0 0.936MBps 36.9ms</bind>
  <bind>Comp:10-3-0 Comp:10-4-3 0.936MBps 36.9ms</bind>
  <bind>Comp:10-4-4 Comp:10-3-1 0.936MBps 36.9ms</bind>
  <bind>Comp:10-3-1 Comp:10-4-4 0.936MBps 36.9ms</bind>
  <bind>Comp:10-4-5 Comp:10-3-2 0.936MBps 36.9ms</bind>
  <bind>Comp:10-3-2 Comp:10-4-5 0.936MBps 36.9ms</bind>
  <bind>Comp:10-4-6 Comp:10-3-0 0.936MBps 36.9ms</bind>
  <bind>Comp:10-3-0 Comp:10-4-6 0.936MBps 36.9ms</bind>
  <bind>Comp:10-4-7 Comp:10-3-1 0.936MBps 36.9ms</bind>
  <bind>Comp:10-3-1 Comp:10-4-7 0.936MBps 36.9ms</bind>
  <bind>Comp:10-4-8 Comp:10-3-2 0.936MBps 36.9ms</bind>
  <bind>Comp:10-3-2 Comp:10-4-8 0.936MBps 36.9ms</bind>
  <bind>Comp:10-4-0 Appliance-29 0.459MBps 36.5ms</bind>
  <bind>Appliance-29 Comp:10-4-0 0.459MBps 36.5ms</bind>
  <bind>Comp:10-4-1 Appliance-17 0.459MBps 36.5ms</bind>
  <bind>Appliance-17 Comp:10-4-1 0.459MBps 36.5ms</bind>
  <bind>Comp:10-4-2 Appliance-29 0.459MBps 36.5ms</bind>
  <bind>Appliance-29 Comp:10-4-2 0.459MBps 36.5ms</bind>
  <bind>Comp:10-4-3 Appliance-1 0.459MBps 36.5ms</bind>
  <bind>Appliance-1 Comp:10-4-3 0.459MBps 36.5ms</bind>
  <bind>Comp:10-4-4 Appliance-29 0.459MBps 36.5ms</bind>
  <bind>Appliance-29 Comp:10-4-4 0.459MBps 36.5ms</bind>
  <bind>Comp:10-4-5 Appliance-17 0.459MBps 36.5ms</bind>
  <bind>Appliance-17 Comp:10-4-5 0.459MBps 36.5ms</bind>
  <bind>Comp:10-4-6 Appliance-29 0.459MBps 36.5ms</bind>
  <bind>Appliance-29 Comp:10-4-6 0.459MBps 36.5ms</bind>
  <bind>Comp:10-4-7 Appliance-1 0.459MBps 36.5ms</bind>
  <bind>Appliance-1 Comp:10-4-7 0.459MBps 36.5ms</bind>
  <bind>Comp:10-4-8 Appliance-29 0.459MBps 36.5ms</bind>
  <bind>Appliance-29 Comp:10-4-8 0.459MBps 36.5ms</bind>
</app>
</apps>
