<?xml version="1.0"?>
<apps>
<app>
  <id>App1</id>
<comp>
  <id>Comp:1-1-0</id>
  <CPU>0.796Gf</CPU>
  <RAM>0.331GB</RAM>
  <DISK>0.814GB</DISK>
</comp>
<comp>
  <id>Comp:1-1-1</id>
  <CPU>0.796Gf</CPU>
  <RAM>0.331GB</RAM>
  <DISK>0.814GB</DISK>
</comp>
<comp>
  <id>Comp:1-1-2</id>
  <CPU>0.796Gf</CPU>
  <RAM>0.331GB</RAM>
  <DISK>0.814GB</DISK>
</comp>
<comp>
  <id>Comp:1-2-0</id>
  <CPU>0.177Gf</CPU>
  <RAM>0.123GB</RAM>
  <DISK>1.24GB</DISK>
</comp>
<comp>
  <id>Comp:1-2-1</id>
  <CPU>0.177Gf</CPU>
  <RAM>0.123GB</RAM>
  <DISK>1.24GB</DISK>
</comp>
<comp>
  <id>Comp:1-2-2</id>
  <CPU>0.177Gf</CPU>
  <RAM>0.123GB</RAM>
  <DISK>1.24GB</DISK>
</comp>
<comp>
  <id>Comp:1-2-3</id>
  <CPU>0.177Gf</CPU>
  <RAM>0.123GB</RAM>
  <DISK>1.24GB</DISK>
</comp>
<comp>
  <id>Comp:1-2-4</id>
  <CPU>0.177Gf</CPU>
  <RAM>0.123GB</RAM>
  <DISK>1.24GB</DISK>
</comp>
<comp>
  <id>Comp:1-2-5</id>
  <CPU>0.177Gf</CPU>
  <RAM>0.123GB</RAM>
  <DISK>1.24GB</DISK>
</comp>
<comp>
  <id>Comp:1-2-6</id>
  <CPU>0.177Gf</CPU>
  <RAM>0.123GB</RAM>
  <DISK>1.24GB</DISK>
</comp>
<comp>
  <id>Comp:1-2-7</id>
  <CPU>0.177Gf</CPU>
  <RAM>0.123GB</RAM>
  <DISK>1.24GB</DISK>
</comp>
<comp>
  <id>Comp:1-2-8</id>
  <CPU>0.177Gf</CPU>
  <RAM>0.123GB</RAM>
  <DISK>1.24GB</DISK>
</comp>
<comp>
  <id>Comp:1-3-0</id>
  <CPU>0.434Gf</CPU>
  <RAM>0.583GB</RAM>
  <DISK>1.75GB</DISK>
</comp>
<comp>
  <id>Comp:1-3-1</id>
  <CPU>0.434Gf</CPU>
  <RAM>0.583GB</RAM>
  <DISK>1.75GB</DISK>
</comp>
<comp>
  <id>Comp:1-3-2</id>
  <CPU>0.434Gf</CPU>
  <RAM>0.583GB</RAM>
  <DISK>1.75GB</DISK>
</comp>
<comp>
  <id>Comp:1-3-3</id>
  <CPU>0.434Gf</CPU>
  <RAM>0.583GB</RAM>
  <DISK>1.75GB</DISK>
</comp>
<comp>
  <id>Comp:1-3-4</id>
  <CPU>0.434Gf</CPU>
  <RAM>0.583GB</RAM>
  <DISK>1.75GB</DISK>
</comp>
  <bind>Comp:1-1-0 Appliance-28 0.355MBps 33.0ms</bind>
  <bind>Appliance-28 Comp:1-1-0 0.355MBps 33.0ms</bind>
  <bind>Comp:1-1-1 Appliance-10 0.355MBps 33.0ms</bind>
  <bind>Appliance-10 Comp:1-1-1 0.355MBps 33.0ms</bind>
  <bind>Comp:1-1-2 Appliance-38 0.355MBps 33.0ms</bind>
  <bind>Appliance-38 Comp:1-1-2 0.355MBps 33.0ms</bind>
  <bind>Comp:1-1-0 Appliance-8 0.355MBps 33.0ms</bind>
  <bind>Appliance-8 Comp:1-1-0 0.355MBps 33.0ms</bind>
  <bind>Comp:1-1-1 Appliance-31 0.355MBps 33.0ms</bind>
  <bind>Appliance-31 Comp:1-1-1 0.355MBps 33.0ms</bind>
  <bind>Comp:1-1-2 Appliance-4 0.355MBps 33.0ms</bind>
  <bind>Appliance-4 Comp:1-1-2 0.355MBps 33.0ms</bind>
  <bind>Comp:1-1-0 Appliance-30 0.355MBps 33.0ms</bind>
  <bind>Appliance-30 Comp:1-1-0 0.355MBps 33.0ms</bind>
  <bind>Comp:1-1-1 Appliance-10 0.355MBps 33.0ms</bind>
  <bind>Appliance-10 Comp:1-1-1 0.355MBps 33.0ms</bind>
  <bind>Comp:1-1-2 Appliance-26 0.355MBps 33.0ms</bind>
  <bind>Appliance-26 Comp:1-1-2 0.355MBps 33.0ms</bind>
  <bind>Comp:1-1-0 Appliance-11 0.355MBps 33.0ms</bind>
  <bind>Appliance-11 Comp:1-1-0 0.355MBps 33.0ms</bind>
  <bind>Comp:1-2-0 Comp:1-1-0 0.0727MBps 47.9ms</bind>
  <bind>Comp:1-1-0 Comp:1-2-0 0.0727MBps 47.9ms</bind>
  <bind>Comp:1-2-1 Comp:1-1-1 0.0727MBps 47.9ms</bind>
  <bind>Comp:1-1-1 Comp:1-2-1 0.0727MBps 47.9ms</bind>
  <bind>Comp:1-2-2 Comp:1-1-2 0.0727MBps 47.9ms</bind>
  <bind>Comp:1-1-2 Comp:1-2-2 0.0727MBps 47.9ms</bind>
  <bind>Comp:1-2-3 Comp:1-1-0 0.0727MBps 47.9ms</bind>
  <bind>Comp:1-1-0 Comp:1-2-3 0.0727MBps 47.9ms</bind>
  <bind>Comp:1-2-4 Comp:1-1-1 0.0727MBps 47.9ms</bind>
  <bind>Comp:1-1-1 Comp:1-2-4 0.0727MBps 47.9ms</bind>
  <bind>Comp:1-2-5 Comp:1-1-2 0.0727MBps 47.9ms</bind>
  <bind>Comp:1-1-2 Comp:1-2-5 0.0727MBps 47.9ms</bind>
  <bind>Comp:1-2-6 Comp:1-1-0 0.0727MBps 47.9ms</bind>
  <bind>Comp:1-1-0 Comp:1-2-6 0.0727MBps 47.9ms</bind>
  <bind>Comp:1-2-7 Comp:1-1-1 0.0727MBps 47.9ms</bind>
  <bind>Comp:1-1-1 Comp:1-2-7 0.0727MBps 47.9ms</bind>
  <bind>Comp:1-2-8 Comp:1-1-2 0.0727MBps 47.9ms</bind>
  <bind>Comp:1-1-2 Comp:1-2-8 0.0727MBps 47.9ms</bind>
  <bind>Comp:1-2-0 Comp:1-3-0 0.918MBps 26.3ms</bind>
  <bind>Comp:1-3-0 Comp:1-2-0 0.918MBps 26.3ms</bind>
  <bind>Comp:1-2-1 Comp:1-3-1 0.918MBps 26.3ms</bind>
  <bind>Comp:1-3-1 Comp:1-2-1 0.918MBps 26.3ms</bind>
  <bind>Comp:1-2-2 Comp:1-3-2 0.918MBps 26.3ms</bind>
  <bind>Comp:1-3-2 Comp:1-2-2 0.918MBps 26.3ms</bind>
  <bind>Comp:1-2-3 Comp:1-3-3 0.918MBps 26.3ms</bind>
  <bind>Comp:1-3-3 Comp:1-2-3 0.918MBps 26.3ms</bind>
  <bind>Comp:1-2-4 Comp:1-3-4 0.918MBps 26.3ms</bind>
  <bind>Comp:1-3-4 Comp:1-2-4 0.918MBps 26.3ms</bind>
  <bind>Comp:1-2-5 Comp:1-3-0 0.918MBps 26.3ms</bind>
  <bind>Comp:1-3-0 Comp:1-2-5 0.918MBps 26.3ms</bind>
  <bind>Comp:1-2-6 Comp:1-3-1 0.918MBps 26.3ms</bind>
  <bind>Comp:1-3-1 Comp:1-2-6 0.918MBps 26.3ms</bind>
  <bind>Comp:1-2-7 Comp:1-3-2 0.918MBps 26.3ms</bind>
  <bind>Comp:1-3-2 Comp:1-2-7 0.918MBps 26.3ms</bind>
  <bind>Comp:1-2-8 Comp:1-3-3 0.918MBps 26.3ms</bind>
  <bind>Comp:1-3-3 Comp:1-2-8 0.918MBps 26.3ms</bind>
</app>
<app>
  <id>App10</id>
<comp>
  <id>Comp:10-0-0</id>
  <CPU>0.207Gf</CPU>
  <RAM>0.419GB</RAM>
  <DISK>0.516GB</DISK>
</comp>
<comp>
  <id>Comp:10-0-1</id>
  <CPU>0.207Gf</CPU>
  <RAM>0.419GB</RAM>
  <DISK>0.516GB</DISK>
</comp>
<comp>
  <id>Comp:10-0-2</id>
  <CPU>0.207Gf</CPU>
  <RAM>0.419GB</RAM>
  <DISK>0.516GB</DISK>
</comp>
<comp>
  <id>Comp:10-0-3</id>
  <CPU>0.207Gf</CPU>
  <RAM>0.419GB</RAM>
  <DISK>0.516GB</DISK>
</comp>
<comp>
  <id>Comp:10-1-0</id>
  <CPU>0.926Gf</CPU>
  <RAM>0.895GB</RAM>
  <DISK>1.92GB</DISK>
</comp>
<comp>
  <id>Comp:10-1-1</id>
  <CPU>0.926Gf</CPU>
  <RAM>0.895GB</RAM>
  <DISK>1.92GB</DISK>
</comp>
<comp>
  <id>Comp:10-1-2</id>
  <CPU>0.926Gf</CPU>
  <RAM>0.895GB</RAM>
  <DISK>1.92GB</DISK>
</comp>
<comp>
  <id>Comp:10-1-3</id>
  <CPU>0.926Gf</CPU>
  <RAM>0.895GB</RAM>
  <DISK>1.92GB</DISK>
</comp>
<comp>
  <id>Comp:10-1-4</id>
  <CPU>0.926Gf</CPU>
  <RAM>0.895GB</RAM>
  <DISK>1.92GB</DISK>
</comp>
<comp>
  <id>Comp:10-1-5</id>
  <CPU>0.926Gf</CPU>
  <RAM>0.895GB</RAM>
  <DISK>1.92GB</DISK>
</comp>
<comp>
  <id>Comp:10-1-6</id>
  <CPU>0.926Gf</CPU>
  <RAM>0.895GB</RAM>
  <DISK>1.92GB</DISK>
</comp>
<comp>
  <id>Comp:10-2-0</id>
  <CPU>0.873Gf</CPU>
  <RAM>0.222GB</RAM>
  <DISK>1.73GB</DISK>
</comp>
<comp>
  <id>Comp:10-2-1</id>
  <CPU>0.873Gf</CPU>
  <RAM>0.222GB</RAM>
  <DISK>1.73GB</DISK>
</comp>
<comp>
  <id>Comp:10-2-2</id>
  <CPU>0.873Gf</CPU>
  <RAM>0.222GB</RAM>
  <DISK>1.73GB</DISK>
</comp>
<comp>
  <id>Comp:10-2-3</id>
  <CPU>0.873Gf</CPU>
  <RAM>0.222GB</RAM>
  <DISK>1.73GB</DISK>
</comp>
<comp>
  <id>Comp:10-2-4</id>
  <CPU>0.873Gf</CPU>
  <RAM>0.222GB</RAM>
  <DISK>1.73GB</DISK>
</comp>
<comp>
  <id>Comp:10-2-5</id>
  <CPU>0.873Gf</CPU>
  <RAM>0.222GB</RAM>
  <DISK>1.73GB</DISK>
</comp>
<comp>
  <id>Comp:10-2-6</id>
  <CPU>0.873Gf</CPU>
  <RAM>0.222GB</RAM>
  <DISK>1.73GB</DISK>
</comp>
<comp>
  <id>Comp:10-2-7</id>
  <CPU>0.873Gf</CPU>
  <RAM>0.222GB</RAM>
  <DISK>1.73GB</DISK>
</comp>
<comp>
  <id>Comp:10-3-0</id>
  <CPU>0.119Gf</CPU>
  <RAM>0.698GB</RAM>
  <DISK>1.96GB</DISK>
</comp>
<comp>
  <id>Comp:10-3-1</id>
  <CPU>0.119Gf</CPU>
  <RAM>0.698GB</RAM>
  <DISK>1.96GB</DISK>
</comp>
<comp>
  <id>Comp:10-3-2</id>
  <CPU>0.119Gf</CPU>
  <RAM>0.698GB</RAM>
  <DISK>1.96GB</DISK>
</comp>
<comp>
  <id>Comp:10-3-3</id>
  <CPU>0.119Gf</CPU>
  <RAM>0.698GB</RAM>
  <DISK>1.96GB</DISK>
</comp>
<comp>
  <id>Comp:10-3-4</id>
  <CPU>0.119Gf</CPU>
  <RAM>0.698GB</RAM>
  <DISK>1.96GB</DISK>
</comp>
<comp>
  <id>Comp:10-3-5</id>
  <CPU>0.119Gf</CPU>
  <RAM>0.698GB</RAM>
  <DISK>1.96GB</DISK>
</comp>
<comp>
  <id>Comp:10-3-6</id>
  <CPU>0.119Gf</CPU>
  <RAM>0.698GB</RAM>
  <DISK>1.96GB</DISK>
</comp>
<comp>
  <id>Comp:10-3-7</id>
  <CPU>0.119Gf</CPU>
  <RAM>0.698GB</RAM>
  <DISK>1.96GB</DISK>
</comp>
<comp>
  <id>Comp:10-3-8</id>
  <CPU>0.119Gf</CPU>
  <RAM>0.698GB</RAM>
  <DISK>1.96GB</DISK>
</comp>
<comp>
  <id>Comp:10-4-0</id>
  <CPU>0.208Gf</CPU>
  <RAM>0.244GB</RAM>
  <DISK>1.97GB</DISK>
</comp>
<comp>
  <id>Comp:10-4-1</id>
  <CPU>0.208Gf</CPU>
  <RAM>0.244GB</RAM>
  <DISK>1.97GB</DISK>
</comp>
<comp>
  <id>Comp:10-4-2</id>
  <CPU>0.208Gf</CPU>
  <RAM>0.244GB</RAM>
  <DISK>1.97GB</DISK>
</comp>
<comp>
  <id>Comp:10-4-3</id>
  <CPU>0.208Gf</CPU>
  <RAM>0.244GB</RAM>
  <DISK>1.97GB</DISK>
</comp>
<comp>
  <id>Comp:10-4-4</id>
  <CPU>0.208Gf</CPU>
  <RAM>0.244GB</RAM>
  <DISK>1.97GB</DISK>
</comp>
<comp>
  <id>Comp:10-4-5</id>
  <CPU>0.208Gf</CPU>
  <RAM>0.244GB</RAM>
  <DISK>1.97GB</DISK>
</comp>
<comp>
  <id>Comp:10-4-6</id>
  <CPU>0.208Gf</CPU>
  <RAM>0.244GB</RAM>
  <DISK>1.97GB</DISK>
</comp>
<comp>
  <id>Comp:10-4-7</id>
  <CPU>0.208Gf</CPU>
  <RAM>0.244GB</RAM>
  <DISK>1.97GB</DISK>
</comp>
<comp>
  <id>Comp:10-4-8</id>
  <CPU>0.208Gf</CPU>
  <RAM>0.244GB</RAM>
  <DISK>1.97GB</DISK>
</comp>
<comp>
  <id>Comp:10-4-9</id>
  <CPU>0.208Gf</CPU>
  <RAM>0.244GB</RAM>
  <DISK>1.97GB</DISK>
</comp>
<comp>
  <id>Comp:10-5-0</id>
  <CPU>0.565Gf</CPU>
  <RAM>0.319GB</RAM>
  <DISK>0.844GB</DISK>
</comp>
<comp>
  <id>Comp:10-5-1</id>
  <CPU>0.565Gf</CPU>
  <RAM>0.319GB</RAM>
  <DISK>0.844GB</DISK>
</comp>
<comp>
  <id>Comp:10-5-2</id>
  <CPU>0.565Gf</CPU>
  <RAM>0.319GB</RAM>
  <DISK>0.844GB</DISK>
</comp>
<comp>
  <id>Comp:10-5-3</id>
  <CPU>0.565Gf</CPU>
  <RAM>0.319GB</RAM>
  <DISK>0.844GB</DISK>
</comp>
<comp>
  <id>Comp:10-5-4</id>
  <CPU>0.565Gf</CPU>
  <RAM>0.319GB</RAM>
  <DISK>0.844GB</DISK>
</comp>
<comp>
  <id>Comp:10-5-5</id>
  <CPU>0.565Gf</CPU>
  <RAM>0.319GB</RAM>
  <DISK>0.844GB</DISK>
</comp>
<comp>
  <id>Comp:10-5-6</id>
  <CPU>0.565Gf</CPU>
  <RAM>0.319GB</RAM>
  <DISK>0.844GB</DISK>
</comp>
<comp>
  <id>Comp:10-5-7</id>
  <CPU>0.565Gf</CPU>
  <RAM>0.319GB</RAM>
  <DISK>0.844GB</DISK>
</comp>
<comp>
  <id>Comp:10-5-8</id>
  <CPU>0.565Gf</CPU>
  <RAM>0.319GB</RAM>
  <DISK>0.844GB</DISK>
</comp>
<comp>
  <id>Comp:10-5-9</id>
  <CPU>0.565Gf</CPU>
  <RAM>0.319GB</RAM>
  <DISK>0.844GB</DISK>
</comp>
  <bind>Comp:10-1-0 Comp:10-0-0 0.526MBps 28.1ms</bind>
  <bind>Comp:10-0-0 Comp:10-1-0 0.526MBps 28.1ms</bind>
  <bind>Comp:10-1-1 Comp:10-0-1 0.526MBps 28.1ms</bind>
  <bind>Comp:10-0-1 Comp:10-1-1 0.526MBps 28.1ms</bind>
  <bind>Comp:10-1-2 Comp:10-0-2 0.526MBps 28.1ms</bind>
  <bind>Comp:10-0-2 Comp:10-1-2 0.526MBps 28.1ms</bind>
  <bind>Comp:10-1-3 Comp:10-0-3 0.526MBps 28.1ms</bind>
  <bind>Comp:10-0-3 Comp:10-1-3 0.526MBps 28.1ms</bind>
  <bind>Comp:10-1-4 Comp:10-0-0 0.526MBps 28.1ms</bind>
  <bind>Comp:10-0-0 Comp:10-1-4 0.526MBps 28.1ms</bind>
  <bind>Comp:10-1-5 Comp:10-0-1 0.526MBps 28.1ms</bind>
  <bind>Comp:10-0-1 Comp:10-1-5 0.526MBps 28.1ms</bind>
  <bind>Comp:10-1-6 Comp:10-0-2 0.526MBps 28.1ms</bind>
  <bind>Comp:10-0-2 Comp:10-1-6 0.526MBps 28.1ms</bind>
  <bind>Comp:10-2-0 Comp:10-1-0 0.117MBps 44.9ms</bind>
  <bind>Comp:10-1-0 Comp:10-2-0 0.117MBps 44.9ms</bind>
  <bind>Comp:10-2-1 Comp:10-1-1 0.117MBps 44.9ms</bind>
  <bind>Comp:10-1-1 Comp:10-2-1 0.117MBps 44.9ms</bind>
  <bind>Comp:10-2-2 Comp:10-1-2 0.117MBps 44.9ms</bind>
  <bind>Comp:10-1-2 Comp:10-2-2 0.117MBps 44.9ms</bind>
  <bind>Comp:10-2-3 Comp:10-1-3 0.117MBps 44.9ms</bind>
  <bind>Comp:10-1-3 Comp:10-2-3 0.117MBps 44.9ms</bind>
  <bind>Comp:10-2-4 Comp:10-1-4 0.117MBps 44.9ms</bind>
  <bind>Comp:10-1-4 Comp:10-2-4 0.117MBps 44.9ms</bind>
  <bind>Comp:10-2-5 Comp:10-1-5 0.117MBps 44.9ms</bind>
  <bind>Comp:10-1-5 Comp:10-2-5 0.117MBps 44.9ms</bind>
  <bind>Comp:10-2-6 Comp:10-1-6 0.117MBps 44.9ms</bind>
  <bind>Comp:10-1-6 Comp:10-2-6 0.117MBps 44.9ms</bind>
  <bind>Comp:10-2-7 Comp:10-1-0 0.117MBps 44.9ms</bind>
  <bind>Comp:10-1-0 Comp:10-2-7 0.117MBps 44.9ms</bind>
  <bind>Comp:10-3-0 Comp:10-2-0 0.254MBps 38.9ms</bind>
  <bind>Comp:10-2-0 Comp:10-3-0 0.254MBps 38.9ms</bind>
  <bind>Comp:10-3-1 Comp:10-2-1 0.254MBps 38.9ms</bind>
  <bind>Comp:10-2-1 Comp:10-3-1 0.254MBps 38.9ms</bind>
  <bind>Comp:10-3-2 Comp:10-2-2 0.254MBps 38.9ms</bind>
  <bind>Comp:10-2-2 Comp:10-3-2 0.254MBps 38.9ms</bind>
  <bind>Comp:10-3-3 Comp:10-2-3 0.254MBps 38.9ms</bind>
  <bind>Comp:10-2-3 Comp:10-3-3 0.254MBps 38.9ms</bind>
  <bind>Comp:10-3-4 Comp:10-2-4 0.254MBps 38.9ms</bind>
  <bind>Comp:10-2-4 Comp:10-3-4 0.254MBps 38.9ms</bind>
  <bind>Comp:10-3-5 Comp:10-2-5 0.254MBps 38.9ms</bind>
  <bind>Comp:10-2-5 Comp:10-3-5 0.254MBps 38.9ms</bind>
  <bind>Comp:10-3-6 Comp:10-2-6 0.254MBps 38.9ms</bind>
  <bind>Comp:10-2-6 Comp:10-3-6 0.254MBps 38.9ms</bind>
  <bind>Comp:10-3-7 Comp:10-2-7 0.254MBps 38.9ms</bind>
  <bind>Comp:10-2-7 Comp:10-3-7 0.254MBps 38.9ms</bind>
  <bind>Comp:10-3-8 Comp:10-2-0 0.254MBps 38.9ms</bind>
  <bind>Comp:10-2-0 Comp:10-3-8 0.254MBps 38.9ms</bind>
  <bind>Comp:10-4-0 Comp:10-3-0 0.261MBps 37.4ms</bind>
  <bind>Comp:10-3-0 Comp:10-4-0 0.261MBps 37.4ms</bind>
  <bind>Comp:10-4-1 Comp:10-3-1 0.261MBps 37.4ms</bind>
  <bind>Comp:10-3-1 Comp:10-4-1 0.261MBps 37.4ms</bind>
  <bind>Comp:10-4-2 Comp:10-3-2 0.261MBps 37.4ms</bind>
  <bind>Comp:10-3-2 Comp:10-4-2 0.261MBps 37.4ms</bind>
  <bind>Comp:10-4-3 Comp:10-3-3 0.261MBps 37.4ms</bind>
  <bind>Comp:10-3-3 Comp:10-4-3 0.261MBps 37.4ms</bind>
  <bind>Comp:10-4-4 Comp:10-3-4 0.261MBps 37.4ms</bind>
  <bind>Comp:10-3-4 Comp:10-4-4 0.261MBps 37.4ms</bind>
  <bind>Comp:10-4-5 Comp:10-3-5 0.261MBps 37.4ms</bind>
  <bind>Comp:10-3-5 Comp:10-4-5 0.261MBps 37.4ms</bind>
  <bind>Comp:10-4-6 Comp:10-3-6 0.261MBps 37.4ms</bind>
  <bind>Comp:10-3-6 Comp:10-4-6 0.261MBps 37.4ms</bind>
  <bind>Comp:10-4-7 Comp:10-3-7 0.261MBps 37.4ms</bind>
  <bind>Comp:10-3-7 Comp:10-4-7 0.261MBps 37.4ms</bind>
  <bind>Comp:10-4-8 Comp:10-3-8 0.261MBps 37.4ms</bind>
  <bind>Comp:10-3-8 Comp:10-4-8 0.261MBps 37.4ms</bind>
  <bind>Comp:10-4-9 Comp:10-3-0 0.261MBps 37.4ms</bind>
  <bind>Comp:10-3-0 Comp:10-4-9 0.261MBps 37.4ms</bind>
  <bind>Comp:10-5-0 Comp:10-4-0 0.364MBps 25.6ms</bind>
  <bind>Comp:10-4-0 Comp:10-5-0 0.364MBps 25.6ms</bind>
  <bind>Comp:10-5-1 Comp:10-4-1 0.364MBps 25.6ms</bind>
  <bind>Comp:10-4-1 Comp:10-5-1 0.364MBps 25.6ms</bind>
  <bind>Comp:10-5-2 Comp:10-4-2 0.364MBps 25.6ms</bind>
  <bind>Comp:10-4-2 Comp:10-5-2 0.364MBps 25.6ms</bind>
  <bind>Comp:10-5-3 Comp:10-4-3 0.364MBps 25.6ms</bind>
  <bind>Comp:10-4-3 Comp:10-5-3 0.364MBps 25.6ms</bind>
  <bind>Comp:10-5-4 Comp:10-4-4 0.364MBps 25.6ms</bind>
  <bind>Comp:10-4-4 Comp:10-5-4 0.364MBps 25.6ms</bind>
  <bind>Comp:10-5-5 Comp:10-4-5 0.364MBps 25.6ms</bind>
  <bind>Comp:10-4-5 Comp:10-5-5 0.364MBps 25.6ms</bind>
  <bind>Comp:10-5-6 Comp:10-4-6 0.364MBps 25.6ms</bind>
  <bind>Comp:10-4-6 Comp:10-5-6 0.364MBps 25.6ms</bind>
  <bind>Comp:10-5-7 Comp:10-4-7 0.364MBps 25.6ms</bind>
  <bind>Comp:10-4-7 Comp:10-5-7 0.364MBps 25.6ms</bind>
  <bind>Comp:10-5-8 Comp:10-4-8 0.364MBps 25.6ms</bind>
  <bind>Comp:10-4-8 Comp:10-5-8 0.364MBps 25.6ms</bind>
  <bind>Comp:10-5-9 Comp:10-4-9 0.364MBps 25.6ms</bind>
  <bind>Comp:10-4-9 Comp:10-5-9 0.364MBps 25.6ms</bind>
  <bind>Comp:10-5-0 Appliance-13 0.416MBps 37.3ms</bind>
  <bind>Appliance-13 Comp:10-5-0 0.416MBps 37.3ms</bind>
  <bind>Comp:10-5-1 Appliance-15 0.416MBps 37.3ms</bind>
  <bind>Appliance-15 Comp:10-5-1 0.416MBps 37.3ms</bind>
  <bind>Comp:10-5-2 Appliance-39 0.416MBps 37.3ms</bind>
  <bind>Appliance-39 Comp:10-5-2 0.416MBps 37.3ms</bind>
  <bind>Comp:10-5-3 Appliance-0 0.416MBps 37.3ms</bind>
  <bind>Appliance-0 Comp:10-5-3 0.416MBps 37.3ms</bind>
  <bind>Comp:10-5-4 Appliance-0 0.416MBps 37.3ms</bind>
  <bind>Appliance-0 Comp:10-5-4 0.416MBps 37.3ms</bind>
  <bind>Comp:10-5-5 Appliance-6 0.416MBps 37.3ms</bind>
  <bind>Appliance-6 Comp:10-5-5 0.416MBps 37.3ms</bind>
  <bind>Comp:10-5-6 Appliance-6 0.416MBps 37.3ms</bind>
  <bind>Appliance-6 Comp:10-5-6 0.416MBps 37.3ms</bind>
  <bind>Comp:10-5-7 Appliance-33 0.416MBps 37.3ms</bind>
  <bind>Appliance-33 Comp:10-5-7 0.416MBps 37.3ms</bind>
  <bind>Comp:10-5-8 Appliance-32 0.416MBps 37.3ms</bind>
  <bind>Appliance-32 Comp:10-5-8 0.416MBps 37.3ms</bind>
  <bind>Comp:10-5-9 Appliance-14 0.416MBps 37.3ms</bind>
  <bind>Appliance-14 Comp:10-5-9 0.416MBps 37.3ms</bind>
</app>
<app>
  <id>App11</id>
<comp>
  <id>Comp:11-1-0</id>
  <CPU>0.305Gf</CPU>
  <RAM>0.136GB</RAM>
  <DISK>1.85GB</DISK>
</comp>
<comp>
  <id>Comp:11-1-1</id>
  <CPU>0.305Gf</CPU>
  <RAM>0.136GB</RAM>
  <DISK>1.85GB</DISK>
</comp>
<comp>
  <id>Comp:11-1-2</id>
  <CPU>0.305Gf</CPU>
  <RAM>0.136GB</RAM>
  <DISK>1.85GB</DISK>
</comp>
<comp>
  <id>Comp:11-1-3</id>
  <CPU>0.305Gf</CPU>
  <RAM>0.136GB</RAM>
  <DISK>1.85GB</DISK>
</comp>
<comp>
  <id>Comp:11-1-4</id>
  <CPU>0.305Gf</CPU>
  <RAM>0.136GB</RAM>
  <DISK>1.85GB</DISK>
</comp>
<comp>
  <id>Comp:11-1-5</id>
  <CPU>0.305Gf</CPU>
  <RAM>0.136GB</RAM>
  <DISK>1.85GB</DISK>
</comp>
<comp>
  <id>Comp:11-1-6</id>
  <CPU>0.305Gf</CPU>
  <RAM>0.136GB</RAM>
  <DISK>1.85GB</DISK>
</comp>
<comp>
  <id>Comp:11-1-7</id>
  <CPU>0.305Gf</CPU>
  <RAM>0.136GB</RAM>
  <DISK>1.85GB</DISK>
</comp>
<comp>
  <id>Comp:11-1-8</id>
  <CPU>0.305Gf</CPU>
  <RAM>0.136GB</RAM>
  <DISK>1.85GB</DISK>
</comp>
<comp>
  <id>Comp:11-1-9</id>
  <CPU>0.305Gf</CPU>
  <RAM>0.136GB</RAM>
  <DISK>1.85GB</DISK>
</comp>
  <bind>Comp:11-1-0 Appliance-34 0.417MBps 44.4ms</bind>
  <bind>Appliance-34 Comp:11-1-0 0.417MBps 44.4ms</bind>
  <bind>Comp:11-1-1 Appliance-34 0.417MBps 44.4ms</bind>
  <bind>Appliance-34 Comp:11-1-1 0.417MBps 44.4ms</bind>
  <bind>Comp:11-1-2 Appliance-25 0.417MBps 44.4ms</bind>
  <bind>Appliance-25 Comp:11-1-2 0.417MBps 44.4ms</bind>
  <bind>Comp:11-1-3 Appliance-13 0.417MBps 44.4ms</bind>
  <bind>Appliance-13 Comp:11-1-3 0.417MBps 44.4ms</bind>
  <bind>Comp:11-1-4 Appliance-6 0.417MBps 44.4ms</bind>
  <bind>Appliance-6 Comp:11-1-4 0.417MBps 44.4ms</bind>
  <bind>Comp:11-1-5 Appliance-34 0.417MBps 44.4ms</bind>
  <bind>Appliance-34 Comp:11-1-5 0.417MBps 44.4ms</bind>
  <bind>Comp:11-1-6 Appliance-34 0.417MBps 44.4ms</bind>
  <bind>Appliance-34 Comp:11-1-6 0.417MBps 44.4ms</bind>
  <bind>Comp:11-1-7 Appliance-25 0.417MBps 44.4ms</bind>
  <bind>Appliance-25 Comp:11-1-7 0.417MBps 44.4ms</bind>
  <bind>Comp:11-1-8 Appliance-13 0.417MBps 44.4ms</bind>
  <bind>Appliance-13 Comp:11-1-8 0.417MBps 44.4ms</bind>
  <bind>Comp:11-1-9 Appliance-6 0.417MBps 44.4ms</bind>
  <bind>Appliance-6 Comp:11-1-9 0.417MBps 44.4ms</bind>
  <bind>Comp:11-1-0 Appliance-39 0.0696MBps 44.6ms</bind>
  <bind>Appliance-39 Comp:11-1-0 0.0696MBps 44.6ms</bind>
  <bind>Comp:11-1-1 Appliance-0 0.0696MBps 44.6ms</bind>
  <bind>Appliance-0 Comp:11-1-1 0.0696MBps 44.6ms</bind>
  <bind>Comp:11-1-2 Appliance-25 0.0696MBps 44.6ms</bind>
  <bind>Appliance-25 Comp:11-1-2 0.0696MBps 44.6ms</bind>
  <bind>Comp:11-1-3 Appliance-15 0.0696MBps 44.6ms</bind>
  <bind>Appliance-15 Comp:11-1-3 0.0696MBps 44.6ms</bind>
  <bind>Comp:11-1-4 Appliance-23 0.0696MBps 44.6ms</bind>
  <bind>Appliance-23 Comp:11-1-4 0.0696MBps 44.6ms</bind>
  <bind>Comp:11-1-5 Appliance-39 0.0696MBps 44.6ms</bind>
  <bind>Appliance-39 Comp:11-1-5 0.0696MBps 44.6ms</bind>
  <bind>Comp:11-1-6 Appliance-0 0.0696MBps 44.6ms</bind>
  <bind>Appliance-0 Comp:11-1-6 0.0696MBps 44.6ms</bind>
  <bind>Comp:11-1-7 Appliance-25 0.0696MBps 44.6ms</bind>
  <bind>Appliance-25 Comp:11-1-7 0.0696MBps 44.6ms</bind>
  <bind>Comp:11-1-8 Appliance-15 0.0696MBps 44.6ms</bind>
  <bind>Appliance-15 Comp:11-1-8 0.0696MBps 44.6ms</bind>
  <bind>Comp:11-1-9 Appliance-23 0.0696MBps 44.6ms</bind>
  <bind>Appliance-23 Comp:11-1-9 0.0696MBps 44.6ms</bind>
</app>
</apps>
