<?xml version="1.0"?>
<apps>
<app>
  <id>App1</id>
<comp>
  <id>Comp:1-1-0</id>
  <CPU>0.796Gf</CPU>
  <RAM>0.331GB</RAM>
  <DISK>0.814GB</DISK>
</comp>
<comp>
  <id>Comp:1-1-1</id>
  <CPU>0.796Gf</CPU>
  <RAM>0.331GB</RAM>
  <DISK>0.814GB</DISK>
</comp>
<comp>
  <id>Comp:1-1-2</id>
  <CPU>0.796Gf</CPU>
  <RAM>0.331GB</RAM>
  <DISK>0.814GB</DISK>
</comp>
<comp>
  <id>Comp:1-2-0</id>
  <CPU>0.177Gf</CPU>
  <RAM>0.123GB</RAM>
  <DISK>1.24GB</DISK>
</comp>
<comp>
  <id>Comp:1-2-1</id>
  <CPU>0.177Gf</CPU>
  <RAM>0.123GB</RAM>
  <DISK>1.24GB</DISK>
</comp>
<comp>
  <id>Comp:1-2-2</id>
  <CPU>0.177Gf</CPU>
  <RAM>0.123GB</RAM>
  <DISK>1.24GB</DISK>
</comp>
<comp>
  <id>Comp:1-2-3</id>
  <CPU>0.177Gf</CPU>
  <RAM>0.123GB</RAM>
  <DISK>1.24GB</DISK>
</comp>
<comp>
  <id>Comp:1-2-4</id>
  <CPU>0.177Gf</CPU>
  <RAM>0.123GB</RAM>
  <DISK>1.24GB</DISK>
</comp>
<comp>
  <id>Comp:1-2-5</id>
  <CPU>0.177Gf</CPU>
  <RAM>0.123GB</RAM>
  <DISK>1.24GB</DISK>
</comp>
<comp>
  <id>Comp:1-2-6</id>
  <CPU>0.177Gf</CPU>
  <RAM>0.123GB</RAM>
  <DISK>1.24GB</DISK>
</comp>
<comp>
  <id>Comp:1-2-7</id>
  <CPU>0.177Gf</CPU>
  <RAM>0.123GB</RAM>
  <DISK>1.24GB</DISK>
</comp>
<comp>
  <id>Comp:1-2-8</id>
  <CPU>0.177Gf</CPU>
  <RAM>0.123GB</RAM>
  <DISK>1.24GB</DISK>
</comp>
<comp>
  <id>Comp:1-3-0</id>
  <CPU>0.434Gf</CPU>
  <RAM>0.583GB</RAM>
  <DISK>1.75GB</DISK>
</comp>
<comp>
  <id>Comp:1-3-1</id>
  <CPU>0.434Gf</CPU>
  <RAM>0.583GB</RAM>
  <DISK>1.75GB</DISK>
</comp>
<comp>
  <id>Comp:1-3-2</id>
  <CPU>0.434Gf</CPU>
  <RAM>0.583GB</RAM>
  <DISK>1.75GB</DISK>
</comp>
<comp>
  <id>Comp:1-3-3</id>
  <CPU>0.434Gf</CPU>
  <RAM>0.583GB</RAM>
  <DISK>1.75GB</DISK>
</comp>
<comp>
  <id>Comp:1-3-4</id>
  <CPU>0.434Gf</CPU>
  <RAM>0.583GB</RAM>
  <DISK>1.75GB</DISK>
</comp>
  <bind>Comp:1-1-0 Appliance-28 0.355MBps 33.0ms</bind>
  <bind>Appliance-28 Comp:1-1-0 0.355MBps 33.0ms</bind>
  <bind>Comp:1-1-1 Appliance-10 0.355MBps 33.0ms</bind>
  <bind>Appliance-10 Comp:1-1-1 0.355MBps 33.0ms</bind>
  <bind>Comp:1-1-2 Appliance-38 0.355MBps 33.0ms</bind>
  <bind>Appliance-38 Comp:1-1-2 0.355MBps 33.0ms</bind>
  <bind>Comp:1-1-0 Appliance-8 0.355MBps 33.0ms</bind>
  <bind>Appliance-8 Comp:1-1-0 0.355MBps 33.0ms</bind>
  <bind>Comp:1-1-1 Appliance-31 0.355MBps 33.0ms</bind>
  <bind>Appliance-31 Comp:1-1-1 0.355MBps 33.0ms</bind>
  <bind>Comp:1-1-2 Appliance-4 0.355MBps 33.0ms</bind>
  <bind>Appliance-4 Comp:1-1-2 0.355MBps 33.0ms</bind>
  <bind>Comp:1-1-0 Appliance-30 0.355MBps 33.0ms</bind>
  <bind>Appliance-30 Comp:1-1-0 0.355MBps 33.0ms</bind>
  <bind>Comp:1-1-1 Appliance-10 0.355MBps 33.0ms</bind>
  <bind>Appliance-10 Comp:1-1-1 0.355MBps 33.0ms</bind>
  <bind>Comp:1-1-2 Appliance-26 0.355MBps 33.0ms</bind>
  <bind>Appliance-26 Comp:1-1-2 0.355MBps 33.0ms</bind>
  <bind>Comp:1-1-0 Appliance-11 0.355MBps 33.0ms</bind>
  <bind>Appliance-11 Comp:1-1-0 0.355MBps 33.0ms</bind>
  <bind>Comp:1-2-0 Comp:1-1-0 0.0727MBps 47.9ms</bind>
  <bind>Comp:1-1-0 Comp:1-2-0 0.0727MBps 47.9ms</bind>
  <bind>Comp:1-2-1 Comp:1-1-1 0.0727MBps 47.9ms</bind>
  <bind>Comp:1-1-1 Comp:1-2-1 0.0727MBps 47.9ms</bind>
  <bind>Comp:1-2-2 Comp:1-1-2 0.0727MBps 47.9ms</bind>
  <bind>Comp:1-1-2 Comp:1-2-2 0.0727MBps 47.9ms</bind>
  <bind>Comp:1-2-3 Comp:1-1-0 0.0727MBps 47.9ms</bind>
  <bind>Comp:1-1-0 Comp:1-2-3 0.0727MBps 47.9ms</bind>
  <bind>Comp:1-2-4 Comp:1-1-1 0.0727MBps 47.9ms</bind>
  <bind>Comp:1-1-1 Comp:1-2-4 0.0727MBps 47.9ms</bind>
  <bind>Comp:1-2-5 Comp:1-1-2 0.0727MBps 47.9ms</bind>
  <bind>Comp:1-1-2 Comp:1-2-5 0.0727MBps 47.9ms</bind>
  <bind>Comp:1-2-6 Comp:1-1-0 0.0727MBps 47.9ms</bind>
  <bind>Comp:1-1-0 Comp:1-2-6 0.0727MBps 47.9ms</bind>
  <bind>Comp:1-2-7 Comp:1-1-1 0.0727MBps 47.9ms</bind>
  <bind>Comp:1-1-1 Comp:1-2-7 0.0727MBps 47.9ms</bind>
  <bind>Comp:1-2-8 Comp:1-1-2 0.0727MBps 47.9ms</bind>
  <bind>Comp:1-1-2 Comp:1-2-8 0.0727MBps 47.9ms</bind>
  <bind>Comp:1-2-0 Comp:1-3-0 0.918MBps 26.3ms</bind>
  <bind>Comp:1-3-0 Comp:1-2-0 0.918MBps 26.3ms</bind>
  <bind>Comp:1-2-1 Comp:1-3-1 0.918MBps 26.3ms</bind>
  <bind>Comp:1-3-1 Comp:1-2-1 0.918MBps 26.3ms</bind>
  <bind>Comp:1-2-2 Comp:1-3-2 0.918MBps 26.3ms</bind>
  <bind>Comp:1-3-2 Comp:1-2-2 0.918MBps 26.3ms</bind>
  <bind>Comp:1-2-3 Comp:1-3-3 0.918MBps 26.3ms</bind>
  <bind>Comp:1-3-3 Comp:1-2-3 0.918MBps 26.3ms</bind>
  <bind>Comp:1-2-4 Comp:1-3-4 0.918MBps 26.3ms</bind>
  <bind>Comp:1-3-4 Comp:1-2-4 0.918MBps 26.3ms</bind>
  <bind>Comp:1-2-5 Comp:1-3-0 0.918MBps 26.3ms</bind>
  <bind>Comp:1-3-0 Comp:1-2-5 0.918MBps 26.3ms</bind>
  <bind>Comp:1-2-6 Comp:1-3-1 0.918MBps 26.3ms</bind>
  <bind>Comp:1-3-1 Comp:1-2-6 0.918MBps 26.3ms</bind>
  <bind>Comp:1-2-7 Comp:1-3-2 0.918MBps 26.3ms</bind>
  <bind>Comp:1-3-2 Comp:1-2-7 0.918MBps 26.3ms</bind>
  <bind>Comp:1-2-8 Comp:1-3-3 0.918MBps 26.3ms</bind>
  <bind>Comp:1-3-3 Comp:1-2-8 0.918MBps 26.3ms</bind>
</app>
<app>
  <id>App10</id>
<comp>
  <id>Comp:10-0-0</id>
  <CPU>0.207Gf</CPU>
  <RAM>0.419GB</RAM>
  <DISK>0.516GB</DISK>
</comp>
<comp>
  <id>Comp:10-0-1</id>
  <CPU>0.207Gf</CPU>
  <RAM>0.419GB</RAM>
  <DISK>0.516GB</DISK>
</comp>
<comp>
  <id>Comp:10-0-2</id>
  <CPU>0.207Gf</CPU>
  <RAM>0.419GB</RAM>
  <DISK>0.516GB</DISK>
</comp>
<comp>
  <id>Comp:10-0-3</id>
  <CPU>0.207Gf</CPU>
  <RAM>0.419GB</RAM>
  <DISK>0.516GB</DISK>
</comp>
<comp>
  <id>Comp:10-1-0</id>
  <CPU>0.926Gf</CPU>
  <RAM>0.895GB</RAM>
  <DISK>1.92GB</DISK>
</comp>
<comp>
  <id>Comp:10-1-1</id>
  <CPU>0.926Gf</CPU>
  <RAM>0.895GB</RAM>
  <DISK>1.92GB</DISK>
</comp>
<comp>
  <id>Comp:10-1-2</id>
  <CPU>0.926Gf</CPU>
  <RAM>0.895GB</RAM>
  <DISK>1.92GB</DISK>
</comp>
<comp>
  <id>Comp:10-1-3</id>
  <CPU>0.926Gf</CPU>
  <RAM>0.895GB</RAM>
  <DISK>1.92GB</DISK>
</comp>
<comp>
  <id>Comp:10-1-4</id>
  <CPU>0.926Gf</CPU>
  <RAM>0.895GB</RAM>
  <DISK>1.92GB</DISK>
</comp>
<comp>
  <id>Comp:10-1-5</id>
  <CPU>0.926Gf</CPU>
  <RAM>0.895GB</RAM>
  <DISK>1.92GB</DISK>
</comp>
<comp>
  <id>Comp:10-1-6</id>
  <CPU>0.926Gf</CPU>
  <RAM>0.895GB</RAM>
  <DISK>1.92GB</DISK>
</comp>
<comp>
  <id>Comp:10-2-0</id>
  <CPU>0.873Gf</CPU>
  <RAM>0.222GB</RAM>
  <DISK>1.73GB</DISK>
</comp>
<comp>
  <id>Comp:10-2-1</id>
  <CPU>0.873Gf</CPU>
  <RAM>0.222GB</RAM>
  <DISK>1.73GB</DISK>
</comp>
<comp>
  <id>Comp:10-2-2</id>
  <CPU>0.873Gf</CPU>
  <RAM>0.222GB</RAM>
  <DISK>1.73GB</DISK>
</comp>
<comp>
  <id>Comp:10-2-3</id>
  <CPU>0.873Gf</CPU>
  <RAM>0.222GB</RAM>
  <DISK>1.73GB</DISK>
</comp>
<comp>
  <id>Comp:10-2-4</id>
  <CPU>0.873Gf</CPU>
  <RAM>0.222GB</RAM>
  <DISK>1.73GB</DISK>
</comp>
<comp>
  <id>Comp:10-2-5</id>
  <CPU>0.873Gf</CPU>
  <RAM>0.222GB</RAM>
  <DISK>1.73GB</DISK>
</comp>
<comp>
  <id>Comp:10-2-6</id>
  <CPU>0.873Gf</CPU>
  <RAM>0.222GB</RAM>
  <DISK>1.73GB</DISK>
</comp>
<comp>
  <id>Comp:10-2-7</id>
  <CPU>0.873Gf</CPU>
  <RAM>0.222GB</RAM>
  <DISK>1.73GB</DISK>
</comp>
<comp>
  <id>Comp:10-3-0</id>
  <CPU>0.119Gf</CPU>
  <RAM>0.698GB</RAM>
  <DISK>1.96GB</DISK>
</comp>
<comp>
  <id>Comp:10-3-1</id>
  <CPU>0.119Gf</CPU>
  <RAM>0.698GB</RAM>
  <DISK>1.96GB</DISK>
</comp>
<comp>
  <id>Comp:10-3-2</id>
  <CPU>0.119Gf</CPU>
  <RAM>0.698GB</RAM>
  <DISK>1.96GB</DISK>
</comp>
<comp>
  <id>Comp:10-3-3</id>
  <CPU>0.119Gf</CPU>
  <RAM>0.698GB</RAM>
  <DISK>1.96GB</DISK>
</comp>
<comp>
  <id>Comp:10-3-4</id>
  <CPU>0.119Gf</CPU>
  <RAM>0.698GB</RAM>
  <DISK>1.96GB</DISK>
</comp>
<comp>
  <id>Comp:10-3-5</id>
  <CPU>0.119Gf</CPU>
  <RAM>0.698GB</RAM>
  <DISK>1.96GB</DISK>
</comp>
<comp>
  <id>Comp:10-3-6</id>
  <CPU>0.119Gf</CPU>
  <RAM>0.698GB</RAM>
  <DISK>1.96GB</DISK>
</comp>
<comp>
  <id>Comp:10-3-7</id>
  <CPU>0.119Gf</CPU>
  <RAM>0.698GB</RAM>
  <DISK>1.96GB</DISK>
</comp>
<comp>
  <id>Comp:10-3-8</id>
  <CPU>0.119Gf</CPU>
  <RAM>0.698GB</RAM>
  <DISK>1.96GB</DISK>
</comp>
<comp>
  <id>Comp:10-4-0</id>
  <CPU>0.208Gf</CPU>
  <RAM>0.244GB</RAM>
  <DISK>1.97GB</DISK>
</comp>
<comp>
  <id>Comp:10-4-1</id>
  <CPU>0.208Gf</CPU>
  <RAM>0.244GB</RAM>
  <DISK>1.97GB</DISK>
</comp>
<comp>
  <id>Comp:10-4-2</id>
  <CPU>0.208Gf</CPU>
  <RAM>0.244GB</RAM>
  <DISK>1.97GB</DISK>
</comp>
<comp>
  <id>Comp:10-4-3</id>
  <CPU>0.208Gf</CPU>
  <RAM>0.244GB</RAM>
  <DISK>1.97GB</DISK>
</comp>
<comp>
  <id>Comp:10-4-4</id>
  <CPU>0.208Gf</CPU>
  <RAM>0.244GB</RAM>
  <DISK>1.97GB</DISK>
</comp>
<comp>
  <id>Comp:10-4-5</id>
  <CPU>0.208Gf</CPU>
  <RAM>0.244GB</RAM>
  <DISK>1.97GB</DISK>
</comp>
<comp>
  <id>Comp:10-4-6</id>
  <CPU>0.208Gf</CPU>
  <RAM>0.244GB</RAM>
  <DISK>1.97GB</DISK>
</comp>
<comp>
  <id>Comp:10-4-7</id>
  <CPU>0.208Gf</CPU>
  <RAM>0.244GB</RAM>
  <DISK>1.97GB</DISK>
</comp>
<comp>
  <id>Comp:10-4-8</id>
  <CPU>0.208Gf</CPU>
  <RAM>0.244GB</RAM>
  <DISK>1.97GB</DISK>
</comp>
<comp>
  <id>Comp:10-4-9</id>
  <CPU>0.208Gf</CPU>
  <RAM>0.244GB</RAM>
  <DISK>1.97GB</DISK>
</comp>
<comp>
  <id>Comp:10-5-0</id>
  <CPU>0.565Gf</CPU>
  <RAM>0.319GB</RAM>
  <DISK>0.844GB</DISK>
</comp>
<comp>
  <id>Comp:10-5-1</id>
  <CPU>0.565Gf</CPU>
  <RAM>0.319GB</RAM>
  <DISK>0.844GB</DISK>
</comp>
<comp>
  <id>Comp:10-5-2</id>
  <CPU>0.565Gf</CPU>
  <RAM>0.319GB</RAM>
  <DISK>0.844GB</DISK>
</comp>
<comp>
  <id>Comp:10-5-3</id>
  <CPU>0.565Gf</CPU>
  <RAM>0.319GB</RAM>
  <DISK>0.844GB</DISK>
</comp>
<comp>
  <id>Comp:10-5-4</id>
  <CPU>0.565Gf</CPU>
  <RAM>0.319GB</RAM>
  <DISK>0.844GB</DISK>
</comp>
<comp>
  <id>Comp:10-5-5</id>
  <CPU>0.565Gf</CPU>
  <RAM>0.319GB</RAM>
  <DISK>0.844GB</DISK>
</comp>
<comp>
  <id>Comp:10-5-6</id>
  <CPU>0.565Gf</CPU>
  <RAM>0.319GB</RAM>
  <DISK>0.844GB</DISK>
</comp>
<comp>
  <id>Comp:10-5-7</id>
  <CPU>0.565Gf</CPU>
  <RAM>0.319GB</RAM>
  <DISK>0.844GB</DISK>
</comp>
<comp>
  <id>Comp:10-5-8</id>
  <CPU>0.565Gf</CPU>
  <RAM>0.319GB</RAM>
  <DISK>0.844GB</DISK>
</comp>
<comp>
  <id>Comp:10-5-9</id>
  <CPU>0.565Gf</CPU>
  <RAM>0.319GB</RAM>
  <DISK>0.844GB</DISK>
</comp>
  <bind>Comp:10-1-0 Comp:10-0-0 0.526MBps 28.1ms</bind>
  <bind>Comp:10-0-0 Comp:10-1-0 0.526MBps 28.1ms</bind>
  <bind>Comp:10-1-1 Comp:10-0-1 0.526MBps 28.1ms</bind>
  <bind>Comp:10-0-1 Comp:10-1-1 0.526MBps 28.1ms</bind>
  <bind>Comp:10-1-2 Comp:10-0-2 0.526MBps 28.1ms</bind>
  <bind>Comp:10-0-2 Comp:10-1-2 0.526MBps 28.1ms</bind>
  <bind>Comp:10-1-3 Comp:10-0-3 0.526MBps 28.1ms</bind>
  <bind>Comp:10-0-3 Comp:10-1-3 0.526MBps 28.1ms</bind>
  <bind>Comp:10-1-4 Comp:10-0-0 0.526MBps 28.1ms</bind>
  <bind>Comp:10-0-0 Comp:10-1-4 0.526MBps 28.1ms</bind>
  <bind>Comp:10-1-5 Comp:10-0-1 0.526MBps 28.1ms</bind>
  <bind>Comp:10-0-1 Comp:10-1-5 0.526MBps 28.1ms</bind>
  <bind>Comp:10-1-6 Comp:10-0-2 0.526MBps 28.1ms</bind>
  <bind>Comp:10-0-2 Comp:10-1-6 0.526MBps 28.1ms</bind>
  <bind>Comp:10-2-0 Comp:10-1-0 0.117MBps 44.9ms</bind>
  <bind>Comp:10-1-0 Comp:10-2-0 0.117MBps 44.9ms</bind>
  <bind>Comp:10-2-1 Comp:10-1-1 0.117MBps 44.9ms</bind>
  <bind>Comp:10-1-1 Comp:10-2-1 0.117MBps 44.9ms</bind>
  <bind>Comp:10-2-2 Comp:10-1-2 0.117MBps 44.9ms</bind>
  <bind>Comp:10-1-2 Comp:10-2-2 0.117MBps 44.9ms</bind>
  <bind>Comp:10-2-3 Comp:10-1-3 0.117MBps 44.9ms</bind>
  <bind>Comp:10-1-3 Comp:10-2-3 0.117MBps 44.9ms</bind>
  <bind>Comp:10-2-4 Comp:10-1-4 0.117MBps 44.9ms</bind>
  <bind>Comp:10-1-4 Comp:10-2-4 0.117MBps 44.9ms</bind>
  <bind>Comp:10-2-5 Comp:10-1-5 0.117MBps 44.9ms</bind>
  <bind>Comp:10-1-5 Comp:10-2-5 0.117MBps 44.9ms</bind>
  <bind>Comp:10-2-6 Comp:10-1-6 0.117MBps 44.9ms</bind>
  <bind>Comp:10-1-6 Comp:10-2-6 0.117MBps 44.9ms</bind>
  <bind>Comp:10-2-7 Comp:10-1-0 0.117MBps 44.9ms</bind>
  <bind>Comp:10-1-0 Comp:10-2-7 0.117MBps 44.9ms</bind>
  <bind>Comp:10-3-0 Comp:10-2-0 0.254MBps 38.9ms</bind>
  <bind>Comp:10-2-0 Comp:10-3-0 0.254MBps 38.9ms</bind>
  <bind>Comp:10-3-1 Comp:10-2-1 0.254MBps 38.9ms</bind>
  <bind>Comp:10-2-1 Comp:10-3-1 0.254MBps 38.9ms</bind>
  <bind>Comp:10-3-2 Comp:10-2-2 0.254MBps 38.9ms</bind>
  <bind>Comp:10-2-2 Comp:10-3-2 0.254MBps 38.9ms</bind>
  <bind>Comp:10-3-3 Comp:10-2-3 0.254MBps 38.9ms</bind>
  <bind>Comp:10-2-3 Comp:10-3-3 0.254MBps 38.9ms</bind>
  <bind>Comp:10-3-4 Comp:10-2-4 0.254MBps 38.9ms</bind>
  <bind>Comp:10-2-4 Comp:10-3-4 0.254MBps 38.9ms</bind>
  <bind>Comp:10-3-5 Comp:10-2-5 0.254MBps 38.9ms</bind>
  <bind>Comp:10-2-5 Comp:10-3-5 0.254MBps 38.9ms</bind>
  <bind>Comp:10-3-6 Comp:10-2-6 0.254MBps 38.9ms</bind>
  <bind>Comp:10-2-6 Comp:10-3-6 0.254MBps 38.9ms</bind>
  <bind>Comp:10-3-7 Comp:10-2-7 0.254MBps 38.9ms</bind>
  <bind>Comp:10-2-7 Comp:10-3-7 0.254MBps 38.9ms</bind>
  <bind>Comp:10-3-8 Comp:10-2-0 0.254MBps 38.9ms</bind>
  <bind>Comp:10-2-0 Comp:10-3-8 0.254MBps 38.9ms</bind>
  <bind>Comp:10-4-0 Comp:10-3-0 0.261MBps 37.4ms</bind>
  <bind>Comp:10-3-0 Comp:10-4-0 0.261MBps 37.4ms</bind>
  <bind>Comp:10-4-1 Comp:10-3-1 0.261MBps 37.4ms</bind>
  <bind>Comp:10-3-1 Comp:10-4-1 0.261MBps 37.4ms</bind>
  <bind>Comp:10-4-2 Comp:10-3-2 0.261MBps 37.4ms</bind>
  <bind>Comp:10-3-2 Comp:10-4-2 0.261MBps 37.4ms</bind>
  <bind>Comp:10-4-3 Comp:10-3-3 0.261MBps 37.4ms</bind>
  <bind>Comp:10-3-3 Comp:10-4-3 0.261MBps 37.4ms</bind>
  <bind>Comp:10-4-4 Comp:10-3-4 0.261MBps 37.4ms</bind>
  <bind>Comp:10-3-4 Comp:10-4-4 0.261MBps 37.4ms</bind>
  <bind>Comp:10-4-5 Comp:10-3-5 0.261MBps 37.4ms</bind>
  <bind>Comp:10-3-5 Comp:10-4-5 0.261MBps 37.4ms</bind>
  <bind>Comp:10-4-6 Comp:10-3-6 0.261MBps 37.4ms</bind>
  <bind>Comp:10-3-6 Comp:10-4-6 0.261MBps 37.4ms</bind>
  <bind>Comp:10-4-7 Comp:10-3-7 0.261MBps 37.4ms</bind>
  <bind>Comp:10-3-7 Comp:10-4-7 0.261MBps 37.4ms</bind>
  <bind>Comp:10-4-8 Comp:10-3-8 0.261MBps 37.4ms</bind>
  <bind>Comp:10-3-8 Comp:10-4-8 0.261MBps 37.4ms</bind>
  <bind>Comp:10-4-9 Comp:10-3-0 0.261MBps 37.4ms</bind>
  <bind>Comp:10-3-0 Comp:10-4-9 0.261MBps 37.4ms</bind>
  <bind>Comp:10-5-0 Comp:10-4-0 0.364MBps 25.6ms</bind>
  <bind>Comp:10-4-0 Comp:10-5-0 0.364MBps 25.6ms</bind>
  <bind>Comp:10-5-1 Comp:10-4-1 0.364MBps 25.6ms</bind>
  <bind>Comp:10-4-1 Comp:10-5-1 0.364MBps 25.6ms</bind>
  <bind>Comp:10-5-2 Comp:10-4-2 0.364MBps 25.6ms</bind>
  <bind>Comp:10-4-2 Comp:10-5-2 0.364MBps 25.6ms</bind>
  <bind>Comp:10-5-3 Comp:10-4-3 0.364MBps 25.6ms</bind>
  <bind>Comp:10-4-3 Comp:10-5-3 0.364MBps 25.6ms</bind>
  <bind>Comp:10-5-4 Comp:10-4-4 0.364MBps 25.6ms</bind>
  <bind>Comp:10-4-4 Comp:10-5-4 0.364MBps 25.6ms</bind>
  <bind>Comp:10-5-5 Comp:10-4-5 0.364MBps 25.6ms</bind>
  <bind>Comp:10-4-5 Comp:10-5-5 0.364MBps 25.6ms</bind>
  <bind>Comp:10-5-6 Comp:10-4-6 0.364MBps 25.6ms</bind>
  <bind>Comp:10-4-6 Comp:10-5-6 0.364MBps 25.6ms</bind>
  <bind>Comp:10-5-7 Comp:10-4-7 0.364MBps 25.6ms</bind>
  <bind>Comp:10-4-7 Comp:10-5-7 0.364MBps 25.6ms</bind>
  <bind>Comp:10-5-8 Comp:10-4-8 0.364MBps 25.6ms</bind>
  <bind>Comp:10-4-8 Comp:10-5-8 0.364MBps 25.6ms</bind>
  <bind>Comp:10-5-9 Comp:10-4-9 0.364MBps 25.6ms</bind>
  <bind>Comp:10-4-9 Comp:10-5-9 0.364MBps 25.6ms</bind>
  <bind>Comp:10-5-0 Appliance-13 0.416MBps 37.3ms</bind>
  <bind>Appliance-13 Comp:10-5-0 0.416MBps 37.3ms</bind>
  <bind>Comp:10-5-1 Appliance-15 0.416MBps 37.3ms</bind>
  <bind>Appliance-15 Comp:10-5-1 0.416MBps 37.3ms</bind>
  <bind>Comp:10-5-2 Appliance-39 0.416MBps 37.3ms</bind>
  <bind>Appliance-39 Comp:10-5-2 0.416MBps 37.3ms</bind>
  <bind>Comp:10-5-3 Appliance-0 0.416MBps 37.3ms</bind>
  <bind>Appliance-0 Comp:10-5-3 0.416MBps 37.3ms</bind>
  <bind>Comp:10-5-4 Appliance-0 0.416MBps 37.3ms</bind>
  <bind>Appliance-0 Comp:10-5-4 0.416MBps 37.3ms</bind>
  <bind>Comp:10-5-5 Appliance-6 0.416MBps 37.3ms</bind>
  <bind>Appliance-6 Comp:10-5-5 0.416MBps 37.3ms</bind>
  <bind>Comp:10-5-6 Appliance-6 0.416MBps 37.3ms</bind>
  <bind>Appliance-6 Comp:10-5-6 0.416MBps 37.3ms</bind>
  <bind>Comp:10-5-7 Appliance-33 0.416MBps 37.3ms</bind>
  <bind>Appliance-33 Comp:10-5-7 0.416MBps 37.3ms</bind>
  <bind>Comp:10-5-8 Appliance-32 0.416MBps 37.3ms</bind>
  <bind>Appliance-32 Comp:10-5-8 0.416MBps 37.3ms</bind>
  <bind>Comp:10-5-9 Appliance-14 0.416MBps 37.3ms</bind>
  <bind>Appliance-14 Comp:10-5-9 0.416MBps 37.3ms</bind>
</app>
<app>
  <id>App11</id>
<comp>
  <id>Comp:11-1-0</id>
  <CPU>0.305Gf</CPU>
  <RAM>0.136GB</RAM>
  <DISK>1.85GB</DISK>
</comp>
<comp>
  <id>Comp:11-1-1</id>
  <CPU>0.305Gf</CPU>
  <RAM>0.136GB</RAM>
  <DISK>1.85GB</DISK>
</comp>
<comp>
  <id>Comp:11-1-2</id>
  <CPU>0.305Gf</CPU>
  <RAM>0.136GB</RAM>
  <DISK>1.85GB</DISK>
</comp>
<comp>
  <id>Comp:11-1-3</id>
  <CPU>0.305Gf</CPU>
  <RAM>0.136GB</RAM>
  <DISK>1.85GB</DISK>
</comp>
<comp>
  <id>Comp:11-1-4</id>
  <CPU>0.305Gf</CPU>
  <RAM>0.136GB</RAM>
  <DISK>1.85GB</DISK>
</comp>
<comp>
  <id>Comp:11-1-5</id>
  <CPU>0.305Gf</CPU>
  <RAM>0.136GB</RAM>
  <DISK>1.85GB</DISK>
</comp>
<comp>
  <id>Comp:11-1-6</id>
  <CPU>0.305Gf</CPU>
  <RAM>0.136GB</RAM>
  <DISK>1.85GB</DISK>
</comp>
<comp>
  <id>Comp:11-1-7</id>
  <CPU>0.305Gf</CPU>
  <RAM>0.136GB</RAM>
  <DISK>1.85GB</DISK>
</comp>
<comp>
  <id>Comp:11-1-8</id>
  <CPU>0.305Gf</CPU>
  <RAM>0.136GB</RAM>
  <DISK>1.85GB</DISK>
</comp>
<comp>
  <id>Comp:11-1-9</id>
  <CPU>0.305Gf</CPU>
  <RAM>0.136GB</RAM>
  <DISK>1.85GB</DISK>
</comp>
  <bind>Comp:11-1-0 Appliance-34 0.417MBps 44.4ms</bind>
  <bind>Appliance-34 Comp:11-1-0 0.417MBps 44.4ms</bind>
  <bind>Comp:11-1-1 Appliance-34 0.417MBps 44.4ms</bind>
  <bind>Appliance-34 Comp:11-1-1 0.417MBps 44.4ms</bind>
  <bind>Comp:11-1-2 Appliance-25 0.417MBps 44.4ms</bind>
  <bind>Appliance-25 Comp:11-1-2 0.417MBps 44.4ms</bind>
  <bind>Comp:11-1-3 Appliance-13 0.417MBps 44.4ms</bind>
  <bind>Appliance-13 Comp:11-1-3 0.417MBps 44.4ms</bind>
  <bind>Comp:11-1-4 Appliance-6 0.417MBps 44.4ms</bind>
  <bind>Appliance-6 Comp:11-1-4 0.417MBps 44.4ms</bind>
  <bind>Comp:11-1-5 Appliance-34 0.417MBps 44.4ms</bind>
  <bind>Appliance-34 Comp:11-1-5 0.417MBps 44.4ms</bind>
  <bind>Comp:11-1-6 Appliance-34 0.417MBps 44.4ms</bind>
  <bind>Appliance-34 Comp:11-1-6 0.417MBps 44.4ms</bind>
  <bind>Comp:11-1-7 Appliance-25 0.417MBps 44.4ms</bind>
  <bind>Appliance-25 Comp:11-1-7 0.417MBps 44.4ms</bind>
  <bind>Comp:11-1-8 Appliance-13 0.417MBps 44.4ms</bind>
  <bind>Appliance-13 Comp:11-1-8 0.417MBps 44.4ms</bind>
  <bind>Comp:11-1-9 Appliance-6 0.417MBps 44.4ms</bind>
  <bind>Appliance-6 Comp:11-1-9 0.417MBps 44.4ms</bind>
  <bind>Comp:11-1-0 Appliance-39 0.0696MBps 44.6ms</bind>
  <bind>Appliance-39 Comp:11-1-0 0.0696MBps 44.6ms</bind>
  <bind>Comp:11-1-1 Appliance-0 0.0696MBps 44.6ms</bind>
  <bind>Appliance-0 Comp:11-1-1 0.0696MBps 44.6ms</bind>
  <bind>Comp:11-1-2 Appliance-25 0.0696MBps 44.6ms</bind>
  <bind>Appliance-25 Comp:11-1-2 0.0696MBps 44.6ms</bind>
  <bind>Comp:11-1-3 Appliance-15 0.0696MBps 44.6ms</bind>
  <bind>Appliance-15 Comp:11-1-3 0.0696MBps 44.6ms</bind>
  <bind>Comp:11-1-4 Appliance-23 0.0696MBps 44.6ms</bind>
  <bind>Appliance-23 Comp:11-1-4 0.0696MBps 44.6ms</bind>
  <bind>Comp:11-1-5 Appliance-39 0.0696MBps 44.6ms</bind>
  <bind>Appliance-39 Comp:11-1-5 0.0696MBps 44.6ms</bind>
  <bind>Comp:11-1-6 Appliance-0 0.0696MBps 44.6ms</bind>
  <bind>Appliance-0 Comp:11-1-6 0.0696MBps 44.6ms</bind>
  <bind>Comp:11-1-7 Appliance-25 0.0696MBps 44.6ms</bind>
  <bind>Appliance-25 Comp:11-1-7 0.0696MBps 44.6ms</bind>
  <bind>Comp:11-1-8 Appliance-15 0.0696MBps 44.6ms</bind>
  <bind>Appliance-15 Comp:11-1-8 0.0696MBps 44.6ms</bind>
  <bind>Comp:11-1-9 Appliance-23 0.0696MBps 44.6ms</bind>
  <bind>Appliance-23 Comp:11-1-9 0.0696MBps 44.6ms</bind>
</app>
<app>
  <id>App12</id>
<comp>
  <id>Comp:12-0-0</id>
  <CPU>0.782Gf</CPU>
  <RAM>0.735GB</RAM>
  <DISK>1.28GB</DISK>
</comp>
<comp>
  <id>Comp:12-0-1</id>
  <CPU>0.782Gf</CPU>
  <RAM>0.735GB</RAM>
  <DISK>1.28GB</DISK>
</comp>
<comp>
  <id>Comp:12-0-2</id>
  <CPU>0.782Gf</CPU>
  <RAM>0.735GB</RAM>
  <DISK>1.28GB</DISK>
</comp>
<comp>
  <id>Comp:12-0-3</id>
  <CPU>0.782Gf</CPU>
  <RAM>0.735GB</RAM>
  <DISK>1.28GB</DISK>
</comp>
<comp>
  <id>Comp:12-0-4</id>
  <CPU>0.782Gf</CPU>
  <RAM>0.735GB</RAM>
  <DISK>1.28GB</DISK>
</comp>
<comp>
  <id>Comp:12-0-5</id>
  <CPU>0.782Gf</CPU>
  <RAM>0.735GB</RAM>
  <DISK>1.28GB</DISK>
</comp>
<comp>
  <id>Comp:12-0-6</id>
  <CPU>0.782Gf</CPU>
  <RAM>0.735GB</RAM>
  <DISK>1.28GB</DISK>
</comp>
<comp>
  <id>Comp:12-0-7</id>
  <CPU>0.782Gf</CPU>
  <RAM>0.735GB</RAM>
  <DISK>1.28GB</DISK>
</comp>
<comp>
  <id>Comp:12-1-0</id>
  <CPU>0.724Gf</CPU>
  <RAM>0.705GB</RAM>
  <DISK>1.72GB</DISK>
</comp>
<comp>
  <id>Comp:12-1-1</id>
  <CPU>0.724Gf</CPU>
  <RAM>0.705GB</RAM>
  <DISK>1.72GB</DISK>
</comp>
<comp>
  <id>Comp:12-1-2</id>
  <CPU>0.724Gf</CPU>
  <RAM>0.705GB</RAM>
  <DISK>1.72GB</DISK>
</comp>
<comp>
  <id>Comp:12-1-3</id>
  <CPU>0.724Gf</CPU>
  <RAM>0.705GB</RAM>
  <DISK>1.72GB</DISK>
</comp>
<comp>
  <id>Comp:12-1-4</id>
  <CPU>0.724Gf</CPU>
  <RAM>0.705GB</RAM>
  <DISK>1.72GB</DISK>
</comp>
<comp>
  <id>Comp:12-1-5</id>
  <CPU>0.724Gf</CPU>
  <RAM>0.705GB</RAM>
  <DISK>1.72GB</DISK>
</comp>
<comp>
  <id>Comp:12-1-6</id>
  <CPU>0.724Gf</CPU>
  <RAM>0.705GB</RAM>
  <DISK>1.72GB</DISK>
</comp>
<comp>
  <id>Comp:12-1-7</id>
  <CPU>0.724Gf</CPU>
  <RAM>0.705GB</RAM>
  <DISK>1.72GB</DISK>
</comp>
<comp>
  <id>Comp:12-2-0</id>
  <CPU>0.598Gf</CPU>
  <RAM>0.338GB</RAM>
  <DISK>0.722GB</DISK>
</comp>
<comp>
  <id>Comp:12-2-1</id>
  <CPU>0.598Gf</CPU>
  <RAM>0.338GB</RAM>
  <DISK>0.722GB</DISK>
</comp>
<comp>
  <id>Comp:12-2-2</id>
  <CPU>0.598Gf</CPU>
  <RAM>0.338GB</RAM>
  <DISK>0.722GB</DISK>
</comp>
<comp>
  <id>Comp:12-2-3</id>
  <CPU>0.598Gf</CPU>
  <RAM>0.338GB</RAM>
  <DISK>0.722GB</DISK>
</comp>
<comp>
  <id>Comp:12-2-4</id>
  <CPU>0.598Gf</CPU>
  <RAM>0.338GB</RAM>
  <DISK>0.722GB</DISK>
</comp>
<comp>
  <id>Comp:12-2-5</id>
  <CPU>0.598Gf</CPU>
  <RAM>0.338GB</RAM>
  <DISK>0.722GB</DISK>
</comp>
<comp>
  <id>Comp:12-2-6</id>
  <CPU>0.598Gf</CPU>
  <RAM>0.338GB</RAM>
  <DISK>0.722GB</DISK>
</comp>
<comp>
  <id>Comp:12-2-7</id>
  <CPU>0.598Gf</CPU>
  <RAM>0.338GB</RAM>
  <DISK>0.722GB</DISK>
</comp>
<comp>
  <id>Comp:12-2-8</id>
  <CPU>0.598Gf</CPU>
  <RAM>0.338GB</RAM>
  <DISK>0.722GB</DISK>
</comp>
<comp>
  <id>Comp:12-3-0</id>
  <CPU>0.633Gf</CPU>
  <RAM>0.271GB</RAM>
  <DISK>0.634GB</DISK>
</comp>
<comp>
  <id>Comp:12-3-1</id>
  <CPU>0.633Gf</CPU>
  <RAM>0.271GB</RAM>
  <DISK>0.634GB</DISK>
</comp>
<comp>
  <id>Comp:12-3-2</id>
  <CPU>0.633Gf</CPU>
  <RAM>0.271GB</RAM>
  <DISK>0.634GB</DISK>
</comp>
<comp>
  <id>Comp:12-3-3</id>
  <CPU>0.633Gf</CPU>
  <RAM>0.271GB</RAM>
  <DISK>0.634GB</DISK>
</comp>
<comp>
  <id>Comp:12-4-0</id>
  <CPU>0.146Gf</CPU>
  <RAM>0.896GB</RAM>
  <DISK>0.413GB</DISK>
</comp>
<comp>
  <id>Comp:12-4-1</id>
  <CPU>0.146Gf</CPU>
  <RAM>0.896GB</RAM>
  <DISK>0.413GB</DISK>
</comp>
<comp>
  <id>Comp:12-4-2</id>
  <CPU>0.146Gf</CPU>
  <RAM>0.896GB</RAM>
  <DISK>0.413GB</DISK>
</comp>
  <bind>Comp:12-1-0 Comp:12-0-0 0.974MBps 35.4ms</bind>
  <bind>Comp:12-0-0 Comp:12-1-0 0.974MBps 35.4ms</bind>
  <bind>Comp:12-1-1 Comp:12-0-1 0.974MBps 35.4ms</bind>
  <bind>Comp:12-0-1 Comp:12-1-1 0.974MBps 35.4ms</bind>
  <bind>Comp:12-1-2 Comp:12-0-2 0.974MBps 35.4ms</bind>
  <bind>Comp:12-0-2 Comp:12-1-2 0.974MBps 35.4ms</bind>
  <bind>Comp:12-1-3 Comp:12-0-3 0.974MBps 35.4ms</bind>
  <bind>Comp:12-0-3 Comp:12-1-3 0.974MBps 35.4ms</bind>
  <bind>Comp:12-1-4 Comp:12-0-4 0.974MBps 35.4ms</bind>
  <bind>Comp:12-0-4 Comp:12-1-4 0.974MBps 35.4ms</bind>
  <bind>Comp:12-1-5 Comp:12-0-5 0.974MBps 35.4ms</bind>
  <bind>Comp:12-0-5 Comp:12-1-5 0.974MBps 35.4ms</bind>
  <bind>Comp:12-1-6 Comp:12-0-6 0.974MBps 35.4ms</bind>
  <bind>Comp:12-0-6 Comp:12-1-6 0.974MBps 35.4ms</bind>
  <bind>Comp:12-1-7 Comp:12-0-7 0.974MBps 35.4ms</bind>
  <bind>Comp:12-0-7 Comp:12-1-7 0.974MBps 35.4ms</bind>
  <bind>Comp:12-2-0 Comp:12-1-0 0.244MBps 37.8ms</bind>
  <bind>Comp:12-1-0 Comp:12-2-0 0.244MBps 37.8ms</bind>
  <bind>Comp:12-2-1 Comp:12-1-1 0.244MBps 37.8ms</bind>
  <bind>Comp:12-1-1 Comp:12-2-1 0.244MBps 37.8ms</bind>
  <bind>Comp:12-2-2 Comp:12-1-2 0.244MBps 37.8ms</bind>
  <bind>Comp:12-1-2 Comp:12-2-2 0.244MBps 37.8ms</bind>
  <bind>Comp:12-2-3 Comp:12-1-3 0.244MBps 37.8ms</bind>
  <bind>Comp:12-1-3 Comp:12-2-3 0.244MBps 37.8ms</bind>
  <bind>Comp:12-2-4 Comp:12-1-4 0.244MBps 37.8ms</bind>
  <bind>Comp:12-1-4 Comp:12-2-4 0.244MBps 37.8ms</bind>
  <bind>Comp:12-2-5 Comp:12-1-5 0.244MBps 37.8ms</bind>
  <bind>Comp:12-1-5 Comp:12-2-5 0.244MBps 37.8ms</bind>
  <bind>Comp:12-2-6 Comp:12-1-6 0.244MBps 37.8ms</bind>
  <bind>Comp:12-1-6 Comp:12-2-6 0.244MBps 37.8ms</bind>
  <bind>Comp:12-2-7 Comp:12-1-7 0.244MBps 37.8ms</bind>
  <bind>Comp:12-1-7 Comp:12-2-7 0.244MBps 37.8ms</bind>
  <bind>Comp:12-2-8 Comp:12-1-0 0.244MBps 37.8ms</bind>
  <bind>Comp:12-1-0 Comp:12-2-8 0.244MBps 37.8ms</bind>
  <bind>Comp:12-3-0 Comp:12-2-0 0.187MBps 39.4ms</bind>
  <bind>Comp:12-2-0 Comp:12-3-0 0.187MBps 39.4ms</bind>
  <bind>Comp:12-3-1 Comp:12-2-1 0.187MBps 39.4ms</bind>
  <bind>Comp:12-2-1 Comp:12-3-1 0.187MBps 39.4ms</bind>
  <bind>Comp:12-3-2 Comp:12-2-2 0.187MBps 39.4ms</bind>
  <bind>Comp:12-2-2 Comp:12-3-2 0.187MBps 39.4ms</bind>
  <bind>Comp:12-3-3 Comp:12-2-3 0.187MBps 39.4ms</bind>
  <bind>Comp:12-2-3 Comp:12-3-3 0.187MBps 39.4ms</bind>
  <bind>Comp:12-3-0 Comp:12-2-4 0.187MBps 39.4ms</bind>
  <bind>Comp:12-2-4 Comp:12-3-0 0.187MBps 39.4ms</bind>
  <bind>Comp:12-3-1 Comp:12-2-5 0.187MBps 39.4ms</bind>
  <bind>Comp:12-2-5 Comp:12-3-1 0.187MBps 39.4ms</bind>
  <bind>Comp:12-3-2 Comp:12-2-6 0.187MBps 39.4ms</bind>
  <bind>Comp:12-2-6 Comp:12-3-2 0.187MBps 39.4ms</bind>
  <bind>Comp:12-3-3 Comp:12-2-7 0.187MBps 39.4ms</bind>
  <bind>Comp:12-2-7 Comp:12-3-3 0.187MBps 39.4ms</bind>
  <bind>Comp:12-3-0 Comp:12-2-8 0.187MBps 39.4ms</bind>
  <bind>Comp:12-2-8 Comp:12-3-0 0.187MBps 39.4ms</bind>
  <bind>Comp:12-4-0 Comp:12-3-0 0.299MBps 43.3ms</bind>
  <bind>Comp:12-3-0 Comp:12-4-0 0.299MBps 43.3ms</bind>
  <bind>Comp:12-4-1 Comp:12-3-1 0.299MBps 43.3ms</bind>
  <bind>Comp:12-3-1 Comp:12-4-1 0.299MBps 43.3ms</bind>
  <bind>Comp:12-4-2 Comp:12-3-2 0.299MBps 43.3ms</bind>
  <bind>Comp:12-3-2 Comp:12-4-2 0.299MBps 43.3ms</bind>
  <bind>Comp:12-4-0 Comp:12-3-3 0.299MBps 43.3ms</bind>
  <bind>Comp:12-3-3 Comp:12-4-0 0.299MBps 43.3ms</bind>
  <bind>Comp:12-4-0 Appliance-18 0.225MBps 40.7ms</bind>
  <bind>Appliance-18 Comp:12-4-0 0.225MBps 40.7ms</bind>
  <bind>Comp:12-4-1 Appliance-20 0.225MBps 40.7ms</bind>
  <bind>Appliance-20 Comp:12-4-1 0.225MBps 40.7ms</bind>
  <bind>Comp:12-4-2 Appliance-17 0.225MBps 40.7ms</bind>
  <bind>Appliance-17 Comp:12-4-2 0.225MBps 40.7ms</bind>
</app>
<app>
  <id>App13</id>
<comp>
  <id>Comp:13-1-0</id>
  <CPU>0.981Gf</CPU>
  <RAM>0.272GB</RAM>
  <DISK>0.695GB</DISK>
</comp>
<comp>
  <id>Comp:13-1-1</id>
  <CPU>0.981Gf</CPU>
  <RAM>0.272GB</RAM>
  <DISK>0.695GB</DISK>
</comp>
<comp>
  <id>Comp:13-1-2</id>
  <CPU>0.981Gf</CPU>
  <RAM>0.272GB</RAM>
  <DISK>0.695GB</DISK>
</comp>
<comp>
  <id>Comp:13-1-3</id>
  <CPU>0.981Gf</CPU>
  <RAM>0.272GB</RAM>
  <DISK>0.695GB</DISK>
</comp>
<comp>
  <id>Comp:13-1-4</id>
  <CPU>0.981Gf</CPU>
  <RAM>0.272GB</RAM>
  <DISK>0.695GB</DISK>
</comp>
<comp>
  <id>Comp:13-1-5</id>
  <CPU>0.981Gf</CPU>
  <RAM>0.272GB</RAM>
  <DISK>0.695GB</DISK>
</comp>
<comp>
  <id>Comp:13-1-6</id>
  <CPU>0.981Gf</CPU>
  <RAM>0.272GB</RAM>
  <DISK>0.695GB</DISK>
</comp>
<comp>
  <id>Comp:13-2-0</id>
  <CPU>0.162Gf</CPU>
  <RAM>0.629GB</RAM>
  <DISK>0.319GB</DISK>
</comp>
<comp>
  <id>Comp:13-2-1</id>
  <CPU>0.162Gf</CPU>
  <RAM>0.629GB</RAM>
  <DISK>0.319GB</DISK>
</comp>
<comp>
  <id>Comp:13-2-2</id>
  <CPU>0.162Gf</CPU>
  <RAM>0.629GB</RAM>
  <DISK>0.319GB</DISK>
</comp>
<comp>
  <id>Comp:13-2-3</id>
  <CPU>0.162Gf</CPU>
  <RAM>0.629GB</RAM>
  <DISK>0.319GB</DISK>
</comp>
<comp>
  <id>Comp:13-2-4</id>
  <CPU>0.162Gf</CPU>
  <RAM>0.629GB</RAM>
  <DISK>0.319GB</DISK>
</comp>
<comp>
  <id>Comp:13-3-0</id>
  <CPU>0.331Gf</CPU>
  <RAM>0.489GB</RAM>
  <DISK>1.26GB</DISK>
</comp>
<comp>
  <id>Comp:13-3-1</id>
  <CPU>0.331Gf</CPU>
  <RAM>0.489GB</RAM>
  <DISK>1.26GB</DISK>
</comp>
<comp>
  <id>Comp:13-3-2</id>
  <CPU>0.331Gf</CPU>
  <RAM>0.489GB</RAM>
  <DISK>1.26GB</DISK>
</comp>
<comp>
  <id>Comp:13-3-3</id>
  <CPU>0.331Gf</CPU>
  <RAM>0.489GB</RAM>
  <DISK>1.26GB</DISK>
</comp>
<comp>
  <id>Comp:13-4-0</id>
  <CPU>0.327Gf</CPU>
  <RAM>0.873GB</RAM>
  <DISK>0.869GB</DISK>
</comp>
  <bind>Comp:13-1-0 Appliance-34 0.498MBps 49.7ms</bind>
  <bind>Appliance-34 Comp:13-1-0 0.498MBps 49.7ms</bind>
  <bind>Comp:13-1-1 Appliance-23 0.498MBps 49.7ms</bind>
  <bind>Appliance-23 Comp:13-1-1 0.498MBps 49.7ms</bind>
  <bind>Comp:13-1-2 Appliance-25 0.498MBps 49.7ms</bind>
  <bind>Appliance-25 Comp:13-1-2 0.498MBps 49.7ms</bind>
  <bind>Comp:13-1-3 Appliance-32 0.498MBps 49.7ms</bind>
  <bind>Appliance-32 Comp:13-1-3 0.498MBps 49.7ms</bind>
  <bind>Comp:13-1-4 Appliance-34 0.498MBps 49.7ms</bind>
  <bind>Appliance-34 Comp:13-1-4 0.498MBps 49.7ms</bind>
  <bind>Comp:13-1-5 Appliance-23 0.498MBps 49.7ms</bind>
  <bind>Appliance-23 Comp:13-1-5 0.498MBps 49.7ms</bind>
  <bind>Comp:13-1-6 Appliance-25 0.498MBps 49.7ms</bind>
  <bind>Appliance-25 Comp:13-1-6 0.498MBps 49.7ms</bind>
  <bind>Comp:13-2-0 Comp:13-1-0 0.74MBps 25.6ms</bind>
  <bind>Comp:13-1-0 Comp:13-2-0 0.74MBps 25.6ms</bind>
  <bind>Comp:13-2-1 Comp:13-1-1 0.74MBps 25.6ms</bind>
  <bind>Comp:13-1-1 Comp:13-2-1 0.74MBps 25.6ms</bind>
  <bind>Comp:13-2-2 Comp:13-1-2 0.74MBps 25.6ms</bind>
  <bind>Comp:13-1-2 Comp:13-2-2 0.74MBps 25.6ms</bind>
  <bind>Comp:13-2-3 Comp:13-1-3 0.74MBps 25.6ms</bind>
  <bind>Comp:13-1-3 Comp:13-2-3 0.74MBps 25.6ms</bind>
  <bind>Comp:13-2-4 Comp:13-1-4 0.74MBps 25.6ms</bind>
  <bind>Comp:13-1-4 Comp:13-2-4 0.74MBps 25.6ms</bind>
  <bind>Comp:13-2-0 Comp:13-1-5 0.74MBps 25.6ms</bind>
  <bind>Comp:13-1-5 Comp:13-2-0 0.74MBps 25.6ms</bind>
  <bind>Comp:13-2-1 Comp:13-1-6 0.74MBps 25.6ms</bind>
  <bind>Comp:13-1-6 Comp:13-2-1 0.74MBps 25.6ms</bind>
  <bind>Comp:13-3-0 Comp:13-2-0 0.898MBps 30.2ms</bind>
  <bind>Comp:13-2-0 Comp:13-3-0 0.898MBps 30.2ms</bind>
  <bind>Comp:13-3-1 Comp:13-2-1 0.898MBps 30.2ms</bind>
  <bind>Comp:13-2-1 Comp:13-3-1 0.898MBps 30.2ms</bind>
  <bind>Comp:13-3-2 Comp:13-2-2 0.898MBps 30.2ms</bind>
  <bind>Comp:13-2-2 Comp:13-3-2 0.898MBps 30.2ms</bind>
  <bind>Comp:13-3-3 Comp:13-2-3 0.898MBps 30.2ms</bind>
  <bind>Comp:13-2-3 Comp:13-3-3 0.898MBps 30.2ms</bind>
  <bind>Comp:13-3-0 Comp:13-2-4 0.898MBps 30.2ms</bind>
  <bind>Comp:13-2-4 Comp:13-3-0 0.898MBps 30.2ms</bind>
  <bind>Comp:13-4-0 Comp:13-3-0 0.807MBps 44.3ms</bind>
  <bind>Comp:13-3-0 Comp:13-4-0 0.807MBps 44.3ms</bind>
  <bind>Comp:13-4-0 Comp:13-3-1 0.807MBps 44.3ms</bind>
  <bind>Comp:13-3-1 Comp:13-4-0 0.807MBps 44.3ms</bind>
  <bind>Comp:13-4-0 Comp:13-3-2 0.807MBps 44.3ms</bind>
  <bind>Comp:13-3-2 Comp:13-4-0 0.807MBps 44.3ms</bind>
  <bind>Comp:13-4-0 Comp:13-3-3 0.807MBps 44.3ms</bind>
  <bind>Comp:13-3-3 Comp:13-4-0 0.807MBps 44.3ms</bind>
  <bind>Comp:13-4-0 Appliance-23 0.947MBps 27.8ms</bind>
  <bind>Appliance-23 Comp:13-4-0 0.947MBps 27.8ms</bind>
  <bind>Comp:13-4-0 Appliance-15 0.947MBps 27.8ms</bind>
  <bind>Appliance-15 Comp:13-4-0 0.947MBps 27.8ms</bind>
  <bind>Comp:13-4-0 Appliance-13 0.947MBps 27.8ms</bind>
  <bind>Appliance-13 Comp:13-4-0 0.947MBps 27.8ms</bind>
  <bind>Comp:13-4-0 Appliance-15 0.947MBps 27.8ms</bind>
  <bind>Appliance-15 Comp:13-4-0 0.947MBps 27.8ms</bind>
</app>
<app>
  <id>App14</id>
<comp>
  <id>Comp:14-1-0</id>
  <CPU>0.245Gf</CPU>
  <RAM>0.797GB</RAM>
  <DISK>0.667GB</DISK>
</comp>
<comp>
  <id>Comp:14-1-1</id>
  <CPU>0.245Gf</CPU>
  <RAM>0.797GB</RAM>
  <DISK>0.667GB</DISK>
</comp>
<comp>
  <id>Comp:14-2-0</id>
  <CPU>0.798Gf</CPU>
  <RAM>0.939GB</RAM>
  <DISK>0.289GB</DISK>
</comp>
<comp>
  <id>Comp:14-2-1</id>
  <CPU>0.798Gf</CPU>
  <RAM>0.939GB</RAM>
  <DISK>0.289GB</DISK>
</comp>
<comp>
  <id>Comp:14-2-2</id>
  <CPU>0.798Gf</CPU>
  <RAM>0.939GB</RAM>
  <DISK>0.289GB</DISK>
</comp>
<comp>
  <id>Comp:14-2-3</id>
  <CPU>0.798Gf</CPU>
  <RAM>0.939GB</RAM>
  <DISK>0.289GB</DISK>
</comp>
<comp>
  <id>Comp:14-2-4</id>
  <CPU>0.798Gf</CPU>
  <RAM>0.939GB</RAM>
  <DISK>0.289GB</DISK>
</comp>
<comp>
  <id>Comp:14-2-5</id>
  <CPU>0.798Gf</CPU>
  <RAM>0.939GB</RAM>
  <DISK>0.289GB</DISK>
</comp>
<comp>
  <id>Comp:14-2-6</id>
  <CPU>0.798Gf</CPU>
  <RAM>0.939GB</RAM>
  <DISK>0.289GB</DISK>
</comp>
<comp>
  <id>Comp:14-2-7</id>
  <CPU>0.798Gf</CPU>
  <RAM>0.939GB</RAM>
  <DISK>0.289GB</DISK>
</comp>
<comp>
  <id>Comp:14-2-8</id>
  <CPU>0.798Gf</CPU>
  <RAM>0.939GB</RAM>
  <DISK>0.289GB</DISK>
</comp>
<comp>
  <id>Comp:14-2-9</id>
  <CPU>0.798Gf</CPU>
  <RAM>0.939GB</RAM>
  <DISK>0.289GB</DISK>
</comp>
<comp>
  <id>Comp:14-3-0</id>
  <CPU>0.937Gf</CPU>
  <RAM>0.189GB</RAM>
  <DISK>0.0529GB</DISK>
</comp>
<comp>
  <id>Comp:14-4-0</id>
  <CPU>0.817Gf</CPU>
  <RAM>0.806GB</RAM>
  <DISK>0.887GB</DISK>
</comp>
<comp>
  <id>Comp:14-4-1</id>
  <CPU>0.817Gf</CPU>
  <RAM>0.806GB</RAM>
  <DISK>0.887GB</DISK>
</comp>
<comp>
  <id>Comp:14-4-2</id>
  <CPU>0.817Gf</CPU>
  <RAM>0.806GB</RAM>
  <DISK>0.887GB</DISK>
</comp>
<comp>
  <id>Comp:14-4-3</id>
  <CPU>0.817Gf</CPU>
  <RAM>0.806GB</RAM>
  <DISK>0.887GB</DISK>
</comp>
<comp>
  <id>Comp:14-4-4</id>
  <CPU>0.817Gf</CPU>
  <RAM>0.806GB</RAM>
  <DISK>0.887GB</DISK>
</comp>
<comp>
  <id>Comp:14-4-5</id>
  <CPU>0.817Gf</CPU>
  <RAM>0.806GB</RAM>
  <DISK>0.887GB</DISK>
</comp>
  <bind>Comp:14-1-0 Appliance-20 0.94MBps 36.6ms</bind>
  <bind>Appliance-20 Comp:14-1-0 0.94MBps 36.6ms</bind>
  <bind>Comp:14-1-1 Appliance-27 0.94MBps 36.6ms</bind>
  <bind>Appliance-27 Comp:14-1-1 0.94MBps 36.6ms</bind>
  <bind>Comp:14-1-0 Appliance-1 0.94MBps 36.6ms</bind>
  <bind>Appliance-1 Comp:14-1-0 0.94MBps 36.6ms</bind>
  <bind>Comp:14-1-1 Appliance-28 0.94MBps 36.6ms</bind>
  <bind>Appliance-28 Comp:14-1-1 0.94MBps 36.6ms</bind>
  <bind>Comp:14-2-0 Comp:14-1-0 0.852MBps 37.9ms</bind>
  <bind>Comp:14-1-0 Comp:14-2-0 0.852MBps 37.9ms</bind>
  <bind>Comp:14-2-1 Comp:14-1-1 0.852MBps 37.9ms</bind>
  <bind>Comp:14-1-1 Comp:14-2-1 0.852MBps 37.9ms</bind>
  <bind>Comp:14-2-2 Comp:14-1-0 0.852MBps 37.9ms</bind>
  <bind>Comp:14-1-0 Comp:14-2-2 0.852MBps 37.9ms</bind>
  <bind>Comp:14-2-3 Comp:14-1-1 0.852MBps 37.9ms</bind>
  <bind>Comp:14-1-1 Comp:14-2-3 0.852MBps 37.9ms</bind>
  <bind>Comp:14-2-4 Comp:14-1-0 0.852MBps 37.9ms</bind>
  <bind>Comp:14-1-0 Comp:14-2-4 0.852MBps 37.9ms</bind>
  <bind>Comp:14-2-5 Comp:14-1-1 0.852MBps 37.9ms</bind>
  <bind>Comp:14-1-1 Comp:14-2-5 0.852MBps 37.9ms</bind>
  <bind>Comp:14-2-6 Comp:14-1-0 0.852MBps 37.9ms</bind>
  <bind>Comp:14-1-0 Comp:14-2-6 0.852MBps 37.9ms</bind>
  <bind>Comp:14-2-7 Comp:14-1-1 0.852MBps 37.9ms</bind>
  <bind>Comp:14-1-1 Comp:14-2-7 0.852MBps 37.9ms</bind>
  <bind>Comp:14-2-8 Comp:14-1-0 0.852MBps 37.9ms</bind>
  <bind>Comp:14-1-0 Comp:14-2-8 0.852MBps 37.9ms</bind>
  <bind>Comp:14-2-9 Comp:14-1-1 0.852MBps 37.9ms</bind>
  <bind>Comp:14-1-1 Comp:14-2-9 0.852MBps 37.9ms</bind>
  <bind>Comp:14-3-0 Comp:14-2-0 0.782MBps 39.1ms</bind>
  <bind>Comp:14-2-0 Comp:14-3-0 0.782MBps 39.1ms</bind>
  <bind>Comp:14-3-0 Comp:14-2-1 0.782MBps 39.1ms</bind>
  <bind>Comp:14-2-1 Comp:14-3-0 0.782MBps 39.1ms</bind>
  <bind>Comp:14-3-0 Comp:14-2-2 0.782MBps 39.1ms</bind>
  <bind>Comp:14-2-2 Comp:14-3-0 0.782MBps 39.1ms</bind>
  <bind>Comp:14-3-0 Comp:14-2-3 0.782MBps 39.1ms</bind>
  <bind>Comp:14-2-3 Comp:14-3-0 0.782MBps 39.1ms</bind>
  <bind>Comp:14-3-0 Comp:14-2-4 0.782MBps 39.1ms</bind>
  <bind>Comp:14-2-4 Comp:14-3-0 0.782MBps 39.1ms</bind>
  <bind>Comp:14-3-0 Comp:14-2-5 0.782MBps 39.1ms</bind>
  <bind>Comp:14-2-5 Comp:14-3-0 0.782MBps 39.1ms</bind>
  <bind>Comp:14-3-0 Comp:14-2-6 0.782MBps 39.1ms</bind>
  <bind>Comp:14-2-6 Comp:14-3-0 0.782MBps 39.1ms</bind>
  <bind>Comp:14-3-0 Comp:14-2-7 0.782MBps 39.1ms</bind>
  <bind>Comp:14-2-7 Comp:14-3-0 0.782MBps 39.1ms</bind>
  <bind>Comp:14-3-0 Comp:14-2-8 0.782MBps 39.1ms</bind>
  <bind>Comp:14-2-8 Comp:14-3-0 0.782MBps 39.1ms</bind>
  <bind>Comp:14-3-0 Comp:14-2-9 0.782MBps 39.1ms</bind>
  <bind>Comp:14-2-9 Comp:14-3-0 0.782MBps 39.1ms</bind>
  <bind>Comp:14-4-0 Comp:14-3-0 0.584MBps 32.8ms</bind>
  <bind>Comp:14-3-0 Comp:14-4-0 0.584MBps 32.8ms</bind>
  <bind>Comp:14-4-1 Comp:14-3-0 0.584MBps 32.8ms</bind>
  <bind>Comp:14-3-0 Comp:14-4-1 0.584MBps 32.8ms</bind>
  <bind>Comp:14-4-2 Comp:14-3-0 0.584MBps 32.8ms</bind>
  <bind>Comp:14-3-0 Comp:14-4-2 0.584MBps 32.8ms</bind>
  <bind>Comp:14-4-3 Comp:14-3-0 0.584MBps 32.8ms</bind>
  <bind>Comp:14-3-0 Comp:14-4-3 0.584MBps 32.8ms</bind>
  <bind>Comp:14-4-4 Comp:14-3-0 0.584MBps 32.8ms</bind>
  <bind>Comp:14-3-0 Comp:14-4-4 0.584MBps 32.8ms</bind>
  <bind>Comp:14-4-5 Comp:14-3-0 0.584MBps 32.8ms</bind>
  <bind>Comp:14-3-0 Comp:14-4-5 0.584MBps 32.8ms</bind>
  <bind>Comp:14-4-0 Appliance-5 0.579MBps 37.7ms</bind>
  <bind>Appliance-5 Comp:14-4-0 0.579MBps 37.7ms</bind>
  <bind>Comp:14-4-1 Appliance-37 0.579MBps 37.7ms</bind>
  <bind>Appliance-37 Comp:14-4-1 0.579MBps 37.7ms</bind>
  <bind>Comp:14-4-2 Appliance-5 0.579MBps 37.7ms</bind>
  <bind>Appliance-5 Comp:14-4-2 0.579MBps 37.7ms</bind>
  <bind>Comp:14-4-3 Appliance-37 0.579MBps 37.7ms</bind>
  <bind>Appliance-37 Comp:14-4-3 0.579MBps 37.7ms</bind>
  <bind>Comp:14-4-4 Appliance-5 0.579MBps 37.7ms</bind>
  <bind>Appliance-5 Comp:14-4-4 0.579MBps 37.7ms</bind>
  <bind>Comp:14-4-5 Appliance-37 0.579MBps 37.7ms</bind>
  <bind>Appliance-37 Comp:14-4-5 0.579MBps 37.7ms</bind>
</app>
<app>
  <id>App15</id>
<comp>
  <id>Comp:15-0-0</id>
  <CPU>0.695Gf</CPU>
  <RAM>0.725GB</RAM>
  <DISK>1.51GB</DISK>
</comp>
<comp>
  <id>Comp:15-0-1</id>
  <CPU>0.695Gf</CPU>
  <RAM>0.725GB</RAM>
  <DISK>1.51GB</DISK>
</comp>
<comp>
  <id>Comp:15-0-2</id>
  <CPU>0.695Gf</CPU>
  <RAM>0.725GB</RAM>
  <DISK>1.51GB</DISK>
</comp>
<comp>
  <id>Comp:15-0-3</id>
  <CPU>0.695Gf</CPU>
  <RAM>0.725GB</RAM>
  <DISK>1.51GB</DISK>
</comp>
<comp>
  <id>Comp:15-0-4</id>
  <CPU>0.695Gf</CPU>
  <RAM>0.725GB</RAM>
  <DISK>1.51GB</DISK>
</comp>
<comp>
  <id>Comp:15-0-5</id>
  <CPU>0.695Gf</CPU>
  <RAM>0.725GB</RAM>
  <DISK>1.51GB</DISK>
</comp>
<comp>
  <id>Comp:15-0-6</id>
  <CPU>0.695Gf</CPU>
  <RAM>0.725GB</RAM>
  <DISK>1.51GB</DISK>
</comp>
<comp>
  <id>Comp:15-0-7</id>
  <CPU>0.695Gf</CPU>
  <RAM>0.725GB</RAM>
  <DISK>1.51GB</DISK>
</comp>
<comp>
  <id>Comp:15-1-0</id>
  <CPU>0.911Gf</CPU>
  <RAM>0.74GB</RAM>
  <DISK>0.479GB</DISK>
</comp>
<comp>
  <id>Comp:15-1-1</id>
  <CPU>0.911Gf</CPU>
  <RAM>0.74GB</RAM>
  <DISK>0.479GB</DISK>
</comp>
<comp>
  <id>Comp:15-1-2</id>
  <CPU>0.911Gf</CPU>
  <RAM>0.74GB</RAM>
  <DISK>0.479GB</DISK>
</comp>
<comp>
  <id>Comp:15-1-3</id>
  <CPU>0.911Gf</CPU>
  <RAM>0.74GB</RAM>
  <DISK>0.479GB</DISK>
</comp>
<comp>
  <id>Comp:15-1-4</id>
  <CPU>0.911Gf</CPU>
  <RAM>0.74GB</RAM>
  <DISK>0.479GB</DISK>
</comp>
<comp>
  <id>Comp:15-1-5</id>
  <CPU>0.911Gf</CPU>
  <RAM>0.74GB</RAM>
  <DISK>0.479GB</DISK>
</comp>
<comp>
  <id>Comp:15-1-6</id>
  <CPU>0.911Gf</CPU>
  <RAM>0.74GB</RAM>
  <DISK>0.479GB</DISK>
</comp>
<comp>
  <id>Comp:15-1-7</id>
  <CPU>0.911Gf</CPU>
  <RAM>0.74GB</RAM>
  <DISK>0.479GB</DISK>
</comp>
<comp>
  <id>Comp:15-1-8</id>
  <CPU>0.911Gf</CPU>
  <RAM>0.74GB</RAM>
  <DISK>0.479GB</DISK>
</comp>
<comp>
  <id>Comp:15-2-0</id>
  <CPU>0.469Gf</CPU>
  <RAM>0.86GB</RAM>
  <DISK>0.797GB</DISK>
</comp>
<comp>
  <id>Comp:15-2-1</id>
  <CPU>0.469Gf</CPU>
  <RAM>0.86GB</RAM>
  <DISK>0.797GB</DISK>
</comp>
<comp>
  <id>Comp:15-3-0</id>
  <CPU>0.711Gf</CPU>
  <RAM>0.812GB</RAM>
  <DISK>0.237GB</DISK>
</comp>
<comp>
  <id>Comp:15-3-1</id>
  <CPU>0.711Gf</CPU>
  <RAM>0.812GB</RAM>
  <DISK>0.237GB</DISK>
</comp>
<comp>
  <id>Comp:15-3-2</id>
  <CPU>0.711Gf</CPU>
  <RAM>0.812GB</RAM>
  <DISK>0.237GB</DISK>
</comp>
<comp>
  <id>Comp:15-3-3</id>
  <CPU>0.711Gf</CPU>
  <RAM>0.812GB</RAM>
  <DISK>0.237GB</DISK>
</comp>
<comp>
  <id>Comp:15-3-4</id>
  <CPU>0.711Gf</CPU>
  <RAM>0.812GB</RAM>
  <DISK>0.237GB</DISK>
</comp>
<comp>
  <id>Comp:15-3-5</id>
  <CPU>0.711Gf</CPU>
  <RAM>0.812GB</RAM>
  <DISK>0.237GB</DISK>
</comp>
<comp>
  <id>Comp:15-4-0</id>
  <CPU>0.567Gf</CPU>
  <RAM>0.848GB</RAM>
  <DISK>1.18GB</DISK>
</comp>
<comp>
  <id>Comp:15-4-1</id>
  <CPU>0.567Gf</CPU>
  <RAM>0.848GB</RAM>
  <DISK>1.18GB</DISK>
</comp>
<comp>
  <id>Comp:15-4-2</id>
  <CPU>0.567Gf</CPU>
  <RAM>0.848GB</RAM>
  <DISK>1.18GB</DISK>
</comp>
<comp>
  <id>Comp:15-4-3</id>
  <CPU>0.567Gf</CPU>
  <RAM>0.848GB</RAM>
  <DISK>1.18GB</DISK>
</comp>
<comp>
  <id>Comp:15-4-4</id>
  <CPU>0.567Gf</CPU>
  <RAM>0.848GB</RAM>
  <DISK>1.18GB</DISK>
</comp>
<comp>
  <id>Comp:15-4-5</id>
  <CPU>0.567Gf</CPU>
  <RAM>0.848GB</RAM>
  <DISK>1.18GB</DISK>
</comp>
<comp>
  <id>Comp:15-4-6</id>
  <CPU>0.567Gf</CPU>
  <RAM>0.848GB</RAM>
  <DISK>1.18GB</DISK>
</comp>
<comp>
  <id>Comp:15-4-7</id>
  <CPU>0.567Gf</CPU>
  <RAM>0.848GB</RAM>
  <DISK>1.18GB</DISK>
</comp>
<comp>
  <id>Comp:15-4-8</id>
  <CPU>0.567Gf</CPU>
  <RAM>0.848GB</RAM>
  <DISK>1.18GB</DISK>
</comp>
  <bind>Comp:15-1-0 Comp:15-0-0 0.141MBps 36.9ms</bind>
  <bind>Comp:15-0-0 Comp:15-1-0 0.141MBps 36.9ms</bind>
  <bind>Comp:15-1-1 Comp:15-0-1 0.141MBps 36.9ms</bind>
  <bind>Comp:15-0-1 Comp:15-1-1 0.141MBps 36.9ms</bind>
  <bind>Comp:15-1-2 Comp:15-0-2 0.141MBps 36.9ms</bind>
  <bind>Comp:15-0-2 Comp:15-1-2 0.141MBps 36.9ms</bind>
  <bind>Comp:15-1-3 Comp:15-0-3 0.141MBps 36.9ms</bind>
  <bind>Comp:15-0-3 Comp:15-1-3 0.141MBps 36.9ms</bind>
  <bind>Comp:15-1-4 Comp:15-0-4 0.141MBps 36.9ms</bind>
  <bind>Comp:15-0-4 Comp:15-1-4 0.141MBps 36.9ms</bind>
  <bind>Comp:15-1-5 Comp:15-0-5 0.141MBps 36.9ms</bind>
  <bind>Comp:15-0-5 Comp:15-1-5 0.141MBps 36.9ms</bind>
  <bind>Comp:15-1-6 Comp:15-0-6 0.141MBps 36.9ms</bind>
  <bind>Comp:15-0-6 Comp:15-1-6 0.141MBps 36.9ms</bind>
  <bind>Comp:15-1-7 Comp:15-0-7 0.141MBps 36.9ms</bind>
  <bind>Comp:15-0-7 Comp:15-1-7 0.141MBps 36.9ms</bind>
  <bind>Comp:15-1-8 Comp:15-0-0 0.141MBps 36.9ms</bind>
  <bind>Comp:15-0-0 Comp:15-1-8 0.141MBps 36.9ms</bind>
  <bind>Comp:15-2-0 Comp:15-1-0 0.794MBps 45.4ms</bind>
  <bind>Comp:15-1-0 Comp:15-2-0 0.794MBps 45.4ms</bind>
  <bind>Comp:15-2-1 Comp:15-1-1 0.794MBps 45.4ms</bind>
  <bind>Comp:15-1-1 Comp:15-2-1 0.794MBps 45.4ms</bind>
  <bind>Comp:15-2-0 Comp:15-1-2 0.794MBps 45.4ms</bind>
  <bind>Comp:15-1-2 Comp:15-2-0 0.794MBps 45.4ms</bind>
  <bind>Comp:15-2-1 Comp:15-1-3 0.794MBps 45.4ms</bind>
  <bind>Comp:15-1-3 Comp:15-2-1 0.794MBps 45.4ms</bind>
  <bind>Comp:15-2-0 Comp:15-1-4 0.794MBps 45.4ms</bind>
  <bind>Comp:15-1-4 Comp:15-2-0 0.794MBps 45.4ms</bind>
  <bind>Comp:15-2-1 Comp:15-1-5 0.794MBps 45.4ms</bind>
  <bind>Comp:15-1-5 Comp:15-2-1 0.794MBps 45.4ms</bind>
  <bind>Comp:15-2-0 Comp:15-1-6 0.794MBps 45.4ms</bind>
  <bind>Comp:15-1-6 Comp:15-2-0 0.794MBps 45.4ms</bind>
  <bind>Comp:15-2-1 Comp:15-1-7 0.794MBps 45.4ms</bind>
  <bind>Comp:15-1-7 Comp:15-2-1 0.794MBps 45.4ms</bind>
  <bind>Comp:15-2-0 Comp:15-1-8 0.794MBps 45.4ms</bind>
  <bind>Comp:15-1-8 Comp:15-2-0 0.794MBps 45.4ms</bind>
  <bind>Comp:15-3-0 Comp:15-2-0 0.594MBps 44.8ms</bind>
  <bind>Comp:15-2-0 Comp:15-3-0 0.594MBps 44.8ms</bind>
  <bind>Comp:15-3-1 Comp:15-2-1 0.594MBps 44.8ms</bind>
  <bind>Comp:15-2-1 Comp:15-3-1 0.594MBps 44.8ms</bind>
  <bind>Comp:15-3-2 Comp:15-2-0 0.594MBps 44.8ms</bind>
  <bind>Comp:15-2-0 Comp:15-3-2 0.594MBps 44.8ms</bind>
  <bind>Comp:15-3-3 Comp:15-2-1 0.594MBps 44.8ms</bind>
  <bind>Comp:15-2-1 Comp:15-3-3 0.594MBps 44.8ms</bind>
  <bind>Comp:15-3-4 Comp:15-2-0 0.594MBps 44.8ms</bind>
  <bind>Comp:15-2-0 Comp:15-3-4 0.594MBps 44.8ms</bind>
  <bind>Comp:15-3-5 Comp:15-2-1 0.594MBps 44.8ms</bind>
  <bind>Comp:15-2-1 Comp:15-3-5 0.594MBps 44.8ms</bind>
  <bind>Comp:15-4-0 Comp:15-3-0 0.646MBps 27.7ms</bind>
  <bind>Comp:15-3-0 Comp:15-4-0 0.646MBps 27.7ms</bind>
  <bind>Comp:15-4-1 Comp:15-3-1 0.646MBps 27.7ms</bind>
  <bind>Comp:15-3-1 Comp:15-4-1 0.646MBps 27.7ms</bind>
  <bind>Comp:15-4-2 Comp:15-3-2 0.646MBps 27.7ms</bind>
  <bind>Comp:15-3-2 Comp:15-4-2 0.646MBps 27.7ms</bind>
  <bind>Comp:15-4-3 Comp:15-3-3 0.646MBps 27.7ms</bind>
  <bind>Comp:15-3-3 Comp:15-4-3 0.646MBps 27.7ms</bind>
  <bind>Comp:15-4-4 Comp:15-3-4 0.646MBps 27.7ms</bind>
  <bind>Comp:15-3-4 Comp:15-4-4 0.646MBps 27.7ms</bind>
  <bind>Comp:15-4-5 Comp:15-3-5 0.646MBps 27.7ms</bind>
  <bind>Comp:15-3-5 Comp:15-4-5 0.646MBps 27.7ms</bind>
  <bind>Comp:15-4-6 Comp:15-3-0 0.646MBps 27.7ms</bind>
  <bind>Comp:15-3-0 Comp:15-4-6 0.646MBps 27.7ms</bind>
  <bind>Comp:15-4-7 Comp:15-3-1 0.646MBps 27.7ms</bind>
  <bind>Comp:15-3-1 Comp:15-4-7 0.646MBps 27.7ms</bind>
  <bind>Comp:15-4-8 Comp:15-3-2 0.646MBps 27.7ms</bind>
  <bind>Comp:15-3-2 Comp:15-4-8 0.646MBps 27.7ms</bind>
  <bind>Comp:15-4-0 Appliance-10 0.027MBps 38.8ms</bind>
  <bind>Appliance-10 Comp:15-4-0 0.027MBps 38.8ms</bind>
  <bind>Comp:15-4-1 Appliance-17 0.027MBps 38.8ms</bind>
  <bind>Appliance-17 Comp:15-4-1 0.027MBps 38.8ms</bind>
  <bind>Comp:15-4-2 Appliance-10 0.027MBps 38.8ms</bind>
  <bind>Appliance-10 Comp:15-4-2 0.027MBps 38.8ms</bind>
  <bind>Comp:15-4-3 Appliance-17 0.027MBps 38.8ms</bind>
  <bind>Appliance-17 Comp:15-4-3 0.027MBps 38.8ms</bind>
  <bind>Comp:15-4-4 Appliance-10 0.027MBps 38.8ms</bind>
  <bind>Appliance-10 Comp:15-4-4 0.027MBps 38.8ms</bind>
  <bind>Comp:15-4-5 Appliance-17 0.027MBps 38.8ms</bind>
  <bind>Appliance-17 Comp:15-4-5 0.027MBps 38.8ms</bind>
  <bind>Comp:15-4-6 Appliance-10 0.027MBps 38.8ms</bind>
  <bind>Appliance-10 Comp:15-4-6 0.027MBps 38.8ms</bind>
  <bind>Comp:15-4-7 Appliance-17 0.027MBps 38.8ms</bind>
  <bind>Appliance-17 Comp:15-4-7 0.027MBps 38.8ms</bind>
  <bind>Comp:15-4-8 Appliance-10 0.027MBps 38.8ms</bind>
  <bind>Appliance-10 Comp:15-4-8 0.027MBps 38.8ms</bind>
</app>
</apps>
