<?xml version="1.0"?>
<apps>
<app>
  <id>App1</id>
<comp>
  <id>Comp:1-0-0</id>
  <CPU>0.311Gf</CPU>
  <RAM>0.991GB</RAM>
  <DISK>0.921GB</DISK>
</comp>
<comp>
  <id>Comp:1-0-1</id>
  <CPU>0.311Gf</CPU>
  <RAM>0.991GB</RAM>
  <DISK>0.921GB</DISK>
</comp>
<comp>
  <id>Comp:1-0-2</id>
  <CPU>0.311Gf</CPU>
  <RAM>0.991GB</RAM>
  <DISK>0.921GB</DISK>
</comp>
<comp>
  <id>Comp:1-0-3</id>
  <CPU>0.311Gf</CPU>
  <RAM>0.991GB</RAM>
  <DISK>0.921GB</DISK>
</comp>
<comp>
  <id>Comp:1-0-4</id>
  <CPU>0.311Gf</CPU>
  <RAM>0.991GB</RAM>
  <DISK>0.921GB</DISK>
</comp>
<comp>
  <id>Comp:1-1-0</id>
  <CPU>0.17Gf</CPU>
  <RAM>0.619GB</RAM>
  <DISK>0.581GB</DISK>
</comp>
<comp>
  <id>Comp:1-1-1</id>
  <CPU>0.17Gf</CPU>
  <RAM>0.619GB</RAM>
  <DISK>0.581GB</DISK>
</comp>
<comp>
  <id>Comp:1-1-2</id>
  <CPU>0.17Gf</CPU>
  <RAM>0.619GB</RAM>
  <DISK>0.581GB</DISK>
</comp>
<comp>
  <id>Comp:1-1-3</id>
  <CPU>0.17Gf</CPU>
  <RAM>0.619GB</RAM>
  <DISK>0.581GB</DISK>
</comp>
<comp>
  <id>Comp:1-1-4</id>
  <CPU>0.17Gf</CPU>
  <RAM>0.619GB</RAM>
  <DISK>0.581GB</DISK>
</comp>
<comp>
  <id>Comp:1-1-5</id>
  <CPU>0.17Gf</CPU>
  <RAM>0.619GB</RAM>
  <DISK>0.581GB</DISK>
</comp>
<comp>
  <id>Comp:1-1-6</id>
  <CPU>0.17Gf</CPU>
  <RAM>0.619GB</RAM>
  <DISK>0.581GB</DISK>
</comp>
<comp>
  <id>Comp:1-1-7</id>
  <CPU>0.17Gf</CPU>
  <RAM>0.619GB</RAM>
  <DISK>0.581GB</DISK>
</comp>
<comp>
  <id>Comp:1-1-8</id>
  <CPU>0.17Gf</CPU>
  <RAM>0.619GB</RAM>
  <DISK>0.581GB</DISK>
</comp>
<comp>
  <id>Comp:1-1-9</id>
  <CPU>0.17Gf</CPU>
  <RAM>0.619GB</RAM>
  <DISK>0.581GB</DISK>
</comp>
<comp>
  <id>Comp:1-2-0</id>
  <CPU>0.207Gf</CPU>
  <RAM>0.303GB</RAM>
  <DISK>0.581GB</DISK>
</comp>
<comp>
  <id>Comp:1-2-1</id>
  <CPU>0.207Gf</CPU>
  <RAM>0.303GB</RAM>
  <DISK>0.581GB</DISK>
</comp>
<comp>
  <id>Comp:1-2-2</id>
  <CPU>0.207Gf</CPU>
  <RAM>0.303GB</RAM>
  <DISK>0.581GB</DISK>
</comp>
<comp>
  <id>Comp:1-2-3</id>
  <CPU>0.207Gf</CPU>
  <RAM>0.303GB</RAM>
  <DISK>0.581GB</DISK>
</comp>
<comp>
  <id>Comp:1-2-4</id>
  <CPU>0.207Gf</CPU>
  <RAM>0.303GB</RAM>
  <DISK>0.581GB</DISK>
</comp>
<comp>
  <id>Comp:1-2-5</id>
  <CPU>0.207Gf</CPU>
  <RAM>0.303GB</RAM>
  <DISK>0.581GB</DISK>
</comp>
<comp>
  <id>Comp:1-3-0</id>
  <CPU>0.251Gf</CPU>
  <RAM>0.143GB</RAM>
  <DISK>1.61GB</DISK>
</comp>
<comp>
  <id>Comp:1-3-1</id>
  <CPU>0.251Gf</CPU>
  <RAM>0.143GB</RAM>
  <DISK>1.61GB</DISK>
</comp>
<comp>
  <id>Comp:1-3-2</id>
  <CPU>0.251Gf</CPU>
  <RAM>0.143GB</RAM>
  <DISK>1.61GB</DISK>
</comp>
<comp>
  <id>Comp:1-3-3</id>
  <CPU>0.251Gf</CPU>
  <RAM>0.143GB</RAM>
  <DISK>1.61GB</DISK>
</comp>
<comp>
  <id>Comp:1-3-4</id>
  <CPU>0.251Gf</CPU>
  <RAM>0.143GB</RAM>
  <DISK>1.61GB</DISK>
</comp>
<comp>
  <id>Comp:1-3-5</id>
  <CPU>0.251Gf</CPU>
  <RAM>0.143GB</RAM>
  <DISK>1.61GB</DISK>
</comp>
<comp>
  <id>Comp:1-3-6</id>
  <CPU>0.251Gf</CPU>
  <RAM>0.143GB</RAM>
  <DISK>1.61GB</DISK>
</comp>
<comp>
  <id>Comp:1-3-7</id>
  <CPU>0.251Gf</CPU>
  <RAM>0.143GB</RAM>
  <DISK>1.61GB</DISK>
</comp>
<comp>
  <id>Comp:1-3-8</id>
  <CPU>0.251Gf</CPU>
  <RAM>0.143GB</RAM>
  <DISK>1.61GB</DISK>
</comp>
<comp>
  <id>Comp:1-4-0</id>
  <CPU>0.374Gf</CPU>
  <RAM>0.582GB</RAM>
  <DISK>1.63GB</DISK>
</comp>
<comp>
  <id>Comp:1-4-1</id>
  <CPU>0.374Gf</CPU>
  <RAM>0.582GB</RAM>
  <DISK>1.63GB</DISK>
</comp>
<comp>
  <id>Comp:1-4-2</id>
  <CPU>0.374Gf</CPU>
  <RAM>0.582GB</RAM>
  <DISK>1.63GB</DISK>
</comp>
<comp>
  <id>Comp:1-4-3</id>
  <CPU>0.374Gf</CPU>
  <RAM>0.582GB</RAM>
  <DISK>1.63GB</DISK>
</comp>
<comp>
  <id>Comp:1-4-4</id>
  <CPU>0.374Gf</CPU>
  <RAM>0.582GB</RAM>
  <DISK>1.63GB</DISK>
</comp>
<comp>
  <id>Comp:1-4-5</id>
  <CPU>0.374Gf</CPU>
  <RAM>0.582GB</RAM>
  <DISK>1.63GB</DISK>
</comp>
<comp>
  <id>Comp:1-4-6</id>
  <CPU>0.374Gf</CPU>
  <RAM>0.582GB</RAM>
  <DISK>1.63GB</DISK>
</comp>
<comp>
  <id>Comp:1-4-7</id>
  <CPU>0.374Gf</CPU>
  <RAM>0.582GB</RAM>
  <DISK>1.63GB</DISK>
</comp>
<comp>
  <id>Comp:1-5-0</id>
  <CPU>0.748Gf</CPU>
  <RAM>0.519GB</RAM>
  <DISK>1.65GB</DISK>
</comp>
<comp>
  <id>Comp:1-5-1</id>
  <CPU>0.748Gf</CPU>
  <RAM>0.519GB</RAM>
  <DISK>1.65GB</DISK>
</comp>
<comp>
  <id>Comp:1-5-2</id>
  <CPU>0.748Gf</CPU>
  <RAM>0.519GB</RAM>
  <DISK>1.65GB</DISK>
</comp>
<comp>
  <id>Comp:1-5-3</id>
  <CPU>0.748Gf</CPU>
  <RAM>0.519GB</RAM>
  <DISK>1.65GB</DISK>
</comp>
<comp>
  <id>Comp:1-5-4</id>
  <CPU>0.748Gf</CPU>
  <RAM>0.519GB</RAM>
  <DISK>1.65GB</DISK>
</comp>
<comp>
  <id>Comp:1-5-5</id>
  <CPU>0.748Gf</CPU>
  <RAM>0.519GB</RAM>
  <DISK>1.65GB</DISK>
</comp>
<comp>
  <id>Comp:1-5-6</id>
  <CPU>0.748Gf</CPU>
  <RAM>0.519GB</RAM>
  <DISK>1.65GB</DISK>
</comp>
  <bind>Comp:1-1-0 Comp:1-0-0 0.416MBps 47.7ms</bind>
  <bind>Comp:1-0-0 Comp:1-1-0 0.416MBps 47.7ms</bind>
  <bind>Comp:1-1-1 Comp:1-0-1 0.416MBps 47.7ms</bind>
  <bind>Comp:1-0-1 Comp:1-1-1 0.416MBps 47.7ms</bind>
  <bind>Comp:1-1-2 Comp:1-0-2 0.416MBps 47.7ms</bind>
  <bind>Comp:1-0-2 Comp:1-1-2 0.416MBps 47.7ms</bind>
  <bind>Comp:1-1-3 Comp:1-0-3 0.416MBps 47.7ms</bind>
  <bind>Comp:1-0-3 Comp:1-1-3 0.416MBps 47.7ms</bind>
  <bind>Comp:1-1-4 Comp:1-0-4 0.416MBps 47.7ms</bind>
  <bind>Comp:1-0-4 Comp:1-1-4 0.416MBps 47.7ms</bind>
  <bind>Comp:1-1-5 Comp:1-0-0 0.416MBps 47.7ms</bind>
  <bind>Comp:1-0-0 Comp:1-1-5 0.416MBps 47.7ms</bind>
  <bind>Comp:1-1-6 Comp:1-0-1 0.416MBps 47.7ms</bind>
  <bind>Comp:1-0-1 Comp:1-1-6 0.416MBps 47.7ms</bind>
  <bind>Comp:1-1-7 Comp:1-0-2 0.416MBps 47.7ms</bind>
  <bind>Comp:1-0-2 Comp:1-1-7 0.416MBps 47.7ms</bind>
  <bind>Comp:1-1-8 Comp:1-0-3 0.416MBps 47.7ms</bind>
  <bind>Comp:1-0-3 Comp:1-1-8 0.416MBps 47.7ms</bind>
  <bind>Comp:1-1-9 Comp:1-0-4 0.416MBps 47.7ms</bind>
  <bind>Comp:1-0-4 Comp:1-1-9 0.416MBps 47.7ms</bind>
  <bind>Comp:1-2-0 Comp:1-1-0 0.0249MBps 31.5ms</bind>
  <bind>Comp:1-1-0 Comp:1-2-0 0.0249MBps 31.5ms</bind>
  <bind>Comp:1-2-1 Comp:1-1-1 0.0249MBps 31.5ms</bind>
  <bind>Comp:1-1-1 Comp:1-2-1 0.0249MBps 31.5ms</bind>
  <bind>Comp:1-2-2 Comp:1-1-2 0.0249MBps 31.5ms</bind>
  <bind>Comp:1-1-2 Comp:1-2-2 0.0249MBps 31.5ms</bind>
  <bind>Comp:1-2-3 Comp:1-1-3 0.0249MBps 31.5ms</bind>
  <bind>Comp:1-1-3 Comp:1-2-3 0.0249MBps 31.5ms</bind>
  <bind>Comp:1-2-4 Comp:1-1-4 0.0249MBps 31.5ms</bind>
  <bind>Comp:1-1-4 Comp:1-2-4 0.0249MBps 31.5ms</bind>
  <bind>Comp:1-2-5 Comp:1-1-5 0.0249MBps 31.5ms</bind>
  <bind>Comp:1-1-5 Comp:1-2-5 0.0249MBps 31.5ms</bind>
  <bind>Comp:1-2-0 Comp:1-1-6 0.0249MBps 31.5ms</bind>
  <bind>Comp:1-1-6 Comp:1-2-0 0.0249MBps 31.5ms</bind>
  <bind>Comp:1-2-1 Comp:1-1-7 0.0249MBps 31.5ms</bind>
  <bind>Comp:1-1-7 Comp:1-2-1 0.0249MBps 31.5ms</bind>
  <bind>Comp:1-2-2 Comp:1-1-8 0.0249MBps 31.5ms</bind>
  <bind>Comp:1-1-8 Comp:1-2-2 0.0249MBps 31.5ms</bind>
  <bind>Comp:1-2-3 Comp:1-1-9 0.0249MBps 31.5ms</bind>
  <bind>Comp:1-1-9 Comp:1-2-3 0.0249MBps 31.5ms</bind>
  <bind>Comp:1-3-0 Comp:1-2-0 0.779MBps 28.8ms</bind>
  <bind>Comp:1-2-0 Comp:1-3-0 0.779MBps 28.8ms</bind>
  <bind>Comp:1-3-1 Comp:1-2-1 0.779MBps 28.8ms</bind>
  <bind>Comp:1-2-1 Comp:1-3-1 0.779MBps 28.8ms</bind>
  <bind>Comp:1-3-2 Comp:1-2-2 0.779MBps 28.8ms</bind>
  <bind>Comp:1-2-2 Comp:1-3-2 0.779MBps 28.8ms</bind>
  <bind>Comp:1-3-3 Comp:1-2-3 0.779MBps 28.8ms</bind>
  <bind>Comp:1-2-3 Comp:1-3-3 0.779MBps 28.8ms</bind>
  <bind>Comp:1-3-4 Comp:1-2-4 0.779MBps 28.8ms</bind>
  <bind>Comp:1-2-4 Comp:1-3-4 0.779MBps 28.8ms</bind>
  <bind>Comp:1-3-5 Comp:1-2-5 0.779MBps 28.8ms</bind>
  <bind>Comp:1-2-5 Comp:1-3-5 0.779MBps 28.8ms</bind>
  <bind>Comp:1-3-6 Comp:1-2-0 0.779MBps 28.8ms</bind>
  <bind>Comp:1-2-0 Comp:1-3-6 0.779MBps 28.8ms</bind>
  <bind>Comp:1-3-7 Comp:1-2-1 0.779MBps 28.8ms</bind>
  <bind>Comp:1-2-1 Comp:1-3-7 0.779MBps 28.8ms</bind>
  <bind>Comp:1-3-8 Comp:1-2-2 0.779MBps 28.8ms</bind>
  <bind>Comp:1-2-2 Comp:1-3-8 0.779MBps 28.8ms</bind>
  <bind>Comp:1-4-0 Comp:1-3-0 0.827MBps 38.0ms</bind>
  <bind>Comp:1-3-0 Comp:1-4-0 0.827MBps 38.0ms</bind>
  <bind>Comp:1-4-1 Comp:1-3-1 0.827MBps 38.0ms</bind>
  <bind>Comp:1-3-1 Comp:1-4-1 0.827MBps 38.0ms</bind>
  <bind>Comp:1-4-2 Comp:1-3-2 0.827MBps 38.0ms</bind>
  <bind>Comp:1-3-2 Comp:1-4-2 0.827MBps 38.0ms</bind>
  <bind>Comp:1-4-3 Comp:1-3-3 0.827MBps 38.0ms</bind>
  <bind>Comp:1-3-3 Comp:1-4-3 0.827MBps 38.0ms</bind>
  <bind>Comp:1-4-4 Comp:1-3-4 0.827MBps 38.0ms</bind>
  <bind>Comp:1-3-4 Comp:1-4-4 0.827MBps 38.0ms</bind>
  <bind>Comp:1-4-5 Comp:1-3-5 0.827MBps 38.0ms</bind>
  <bind>Comp:1-3-5 Comp:1-4-5 0.827MBps 38.0ms</bind>
  <bind>Comp:1-4-6 Comp:1-3-6 0.827MBps 38.0ms</bind>
  <bind>Comp:1-3-6 Comp:1-4-6 0.827MBps 38.0ms</bind>
  <bind>Comp:1-4-7 Comp:1-3-7 0.827MBps 38.0ms</bind>
  <bind>Comp:1-3-7 Comp:1-4-7 0.827MBps 38.0ms</bind>
  <bind>Comp:1-4-0 Comp:1-3-8 0.827MBps 38.0ms</bind>
  <bind>Comp:1-3-8 Comp:1-4-0 0.827MBps 38.0ms</bind>
  <bind>Comp:1-5-0 Comp:1-4-0 0.856MBps 48.5ms</bind>
  <bind>Comp:1-4-0 Comp:1-5-0 0.856MBps 48.5ms</bind>
  <bind>Comp:1-5-1 Comp:1-4-1 0.856MBps 48.5ms</bind>
  <bind>Comp:1-4-1 Comp:1-5-1 0.856MBps 48.5ms</bind>
  <bind>Comp:1-5-2 Comp:1-4-2 0.856MBps 48.5ms</bind>
  <bind>Comp:1-4-2 Comp:1-5-2 0.856MBps 48.5ms</bind>
  <bind>Comp:1-5-3 Comp:1-4-3 0.856MBps 48.5ms</bind>
  <bind>Comp:1-4-3 Comp:1-5-3 0.856MBps 48.5ms</bind>
  <bind>Comp:1-5-4 Comp:1-4-4 0.856MBps 48.5ms</bind>
  <bind>Comp:1-4-4 Comp:1-5-4 0.856MBps 48.5ms</bind>
  <bind>Comp:1-5-5 Comp:1-4-5 0.856MBps 48.5ms</bind>
  <bind>Comp:1-4-5 Comp:1-5-5 0.856MBps 48.5ms</bind>
  <bind>Comp:1-5-6 Comp:1-4-6 0.856MBps 48.5ms</bind>
  <bind>Comp:1-4-6 Comp:1-5-6 0.856MBps 48.5ms</bind>
  <bind>Comp:1-5-0 Comp:1-4-7 0.856MBps 48.5ms</bind>
  <bind>Comp:1-4-7 Comp:1-5-0 0.856MBps 48.5ms</bind>
  <bind>Comp:1-5-0 Appliance-37 0.804MBps 38.4ms</bind>
  <bind>Appliance-37 Comp:1-5-0 0.804MBps 38.4ms</bind>
  <bind>Comp:1-5-1 Appliance-37 0.804MBps 38.4ms</bind>
  <bind>Appliance-37 Comp:1-5-1 0.804MBps 38.4ms</bind>
  <bind>Comp:1-5-2 Appliance-37 0.804MBps 38.4ms</bind>
  <bind>Appliance-37 Comp:1-5-2 0.804MBps 38.4ms</bind>
  <bind>Comp:1-5-3 Appliance-37 0.804MBps 38.4ms</bind>
  <bind>Appliance-37 Comp:1-5-3 0.804MBps 38.4ms</bind>
  <bind>Comp:1-5-4 Appliance-37 0.804MBps 38.4ms</bind>
  <bind>Appliance-37 Comp:1-5-4 0.804MBps 38.4ms</bind>
  <bind>Comp:1-5-5 Appliance-37 0.804MBps 38.4ms</bind>
  <bind>Appliance-37 Comp:1-5-5 0.804MBps 38.4ms</bind>
  <bind>Comp:1-5-6 Appliance-37 0.804MBps 38.4ms</bind>
  <bind>Appliance-37 Comp:1-5-6 0.804MBps 38.4ms</bind>
</app>
<app>
  <id>App10</id>
<comp>
  <id>Comp:10-1-0</id>
  <CPU>0.644Gf</CPU>
  <RAM>0.734GB</RAM>
  <DISK>0.813GB</DISK>
</comp>
<comp>
  <id>Comp:10-1-1</id>
  <CPU>0.644Gf</CPU>
  <RAM>0.734GB</RAM>
  <DISK>0.813GB</DISK>
</comp>
<comp>
  <id>Comp:10-1-2</id>
  <CPU>0.644Gf</CPU>
  <RAM>0.734GB</RAM>
  <DISK>0.813GB</DISK>
</comp>
<comp>
  <id>Comp:10-1-3</id>
  <CPU>0.644Gf</CPU>
  <RAM>0.734GB</RAM>
  <DISK>0.813GB</DISK>
</comp>
<comp>
  <id>Comp:10-1-4</id>
  <CPU>0.644Gf</CPU>
  <RAM>0.734GB</RAM>
  <DISK>0.813GB</DISK>
</comp>
<comp>
  <id>Comp:10-1-5</id>
  <CPU>0.644Gf</CPU>
  <RAM>0.734GB</RAM>
  <DISK>0.813GB</DISK>
</comp>
<comp>
  <id>Comp:10-1-6</id>
  <CPU>0.644Gf</CPU>
  <RAM>0.734GB</RAM>
  <DISK>0.813GB</DISK>
</comp>
<comp>
  <id>Comp:10-1-7</id>
  <CPU>0.644Gf</CPU>
  <RAM>0.734GB</RAM>
  <DISK>0.813GB</DISK>
</comp>
<comp>
  <id>Comp:10-2-0</id>
  <CPU>0.389Gf</CPU>
  <RAM>0.439GB</RAM>
  <DISK>1.99GB</DISK>
</comp>
<comp>
  <id>Comp:10-2-1</id>
  <CPU>0.389Gf</CPU>
  <RAM>0.439GB</RAM>
  <DISK>1.99GB</DISK>
</comp>
<comp>
  <id>Comp:10-2-2</id>
  <CPU>0.389Gf</CPU>
  <RAM>0.439GB</RAM>
  <DISK>1.99GB</DISK>
</comp>
<comp>
  <id>Comp:10-2-3</id>
  <CPU>0.389Gf</CPU>
  <RAM>0.439GB</RAM>
  <DISK>1.99GB</DISK>
</comp>
<comp>
  <id>Comp:10-2-4</id>
  <CPU>0.389Gf</CPU>
  <RAM>0.439GB</RAM>
  <DISK>1.99GB</DISK>
</comp>
<comp>
  <id>Comp:10-2-5</id>
  <CPU>0.389Gf</CPU>
  <RAM>0.439GB</RAM>
  <DISK>1.99GB</DISK>
</comp>
<comp>
  <id>Comp:10-2-6</id>
  <CPU>0.389Gf</CPU>
  <RAM>0.439GB</RAM>
  <DISK>1.99GB</DISK>
</comp>
<comp>
  <id>Comp:10-3-0</id>
  <CPU>0.238Gf</CPU>
  <RAM>0.386GB</RAM>
  <DISK>1.95GB</DISK>
</comp>
<comp>
  <id>Comp:10-3-1</id>
  <CPU>0.238Gf</CPU>
  <RAM>0.386GB</RAM>
  <DISK>1.95GB</DISK>
</comp>
<comp>
  <id>Comp:10-3-2</id>
  <CPU>0.238Gf</CPU>
  <RAM>0.386GB</RAM>
  <DISK>1.95GB</DISK>
</comp>
<comp>
  <id>Comp:10-3-3</id>
  <CPU>0.238Gf</CPU>
  <RAM>0.386GB</RAM>
  <DISK>1.95GB</DISK>
</comp>
<comp>
  <id>Comp:10-3-4</id>
  <CPU>0.238Gf</CPU>
  <RAM>0.386GB</RAM>
  <DISK>1.95GB</DISK>
</comp>
<comp>
  <id>Comp:10-3-5</id>
  <CPU>0.238Gf</CPU>
  <RAM>0.386GB</RAM>
  <DISK>1.95GB</DISK>
</comp>
<comp>
  <id>Comp:10-3-6</id>
  <CPU>0.238Gf</CPU>
  <RAM>0.386GB</RAM>
  <DISK>1.95GB</DISK>
</comp>
<comp>
  <id>Comp:10-4-0</id>
  <CPU>0.665Gf</CPU>
  <RAM>0.336GB</RAM>
  <DISK>1.2GB</DISK>
</comp>
<comp>
  <id>Comp:10-4-1</id>
  <CPU>0.665Gf</CPU>
  <RAM>0.336GB</RAM>
  <DISK>1.2GB</DISK>
</comp>
  <bind>Comp:10-1-0 Appliance-32 0.998MBps 28.1ms</bind>
  <bind>Appliance-32 Comp:10-1-0 0.998MBps 28.1ms</bind>
  <bind>Comp:10-1-1 Appliance-32 0.998MBps 28.1ms</bind>
  <bind>Appliance-32 Comp:10-1-1 0.998MBps 28.1ms</bind>
  <bind>Comp:10-1-2 Appliance-32 0.998MBps 28.1ms</bind>
  <bind>Appliance-32 Comp:10-1-2 0.998MBps 28.1ms</bind>
  <bind>Comp:10-1-3 Appliance-2 0.998MBps 28.1ms</bind>
  <bind>Appliance-2 Comp:10-1-3 0.998MBps 28.1ms</bind>
  <bind>Comp:10-1-4 Appliance-36 0.998MBps 28.1ms</bind>
  <bind>Appliance-36 Comp:10-1-4 0.998MBps 28.1ms</bind>
  <bind>Comp:10-1-5 Appliance-35 0.998MBps 28.1ms</bind>
  <bind>Appliance-35 Comp:10-1-5 0.998MBps 28.1ms</bind>
  <bind>Comp:10-1-6 Appliance-3 0.998MBps 28.1ms</bind>
  <bind>Appliance-3 Comp:10-1-6 0.998MBps 28.1ms</bind>
  <bind>Comp:10-1-7 Appliance-2 0.998MBps 28.1ms</bind>
  <bind>Appliance-2 Comp:10-1-7 0.998MBps 28.1ms</bind>
  <bind>Comp:10-1-0 Appliance-27 0.998MBps 28.1ms</bind>
  <bind>Appliance-27 Comp:10-1-0 0.998MBps 28.1ms</bind>
  <bind>Comp:10-2-0 Comp:10-1-0 0.636MBps 30.1ms</bind>
  <bind>Comp:10-1-0 Comp:10-2-0 0.636MBps 30.1ms</bind>
  <bind>Comp:10-2-1 Comp:10-1-1 0.636MBps 30.1ms</bind>
  <bind>Comp:10-1-1 Comp:10-2-1 0.636MBps 30.1ms</bind>
  <bind>Comp:10-2-2 Comp:10-1-2 0.636MBps 30.1ms</bind>
  <bind>Comp:10-1-2 Comp:10-2-2 0.636MBps 30.1ms</bind>
  <bind>Comp:10-2-3 Comp:10-1-3 0.636MBps 30.1ms</bind>
  <bind>Comp:10-1-3 Comp:10-2-3 0.636MBps 30.1ms</bind>
  <bind>Comp:10-2-4 Comp:10-1-4 0.636MBps 30.1ms</bind>
  <bind>Comp:10-1-4 Comp:10-2-4 0.636MBps 30.1ms</bind>
  <bind>Comp:10-2-5 Comp:10-1-5 0.636MBps 30.1ms</bind>
  <bind>Comp:10-1-5 Comp:10-2-5 0.636MBps 30.1ms</bind>
  <bind>Comp:10-2-6 Comp:10-1-6 0.636MBps 30.1ms</bind>
  <bind>Comp:10-1-6 Comp:10-2-6 0.636MBps 30.1ms</bind>
  <bind>Comp:10-2-0 Comp:10-1-7 0.636MBps 30.1ms</bind>
  <bind>Comp:10-1-7 Comp:10-2-0 0.636MBps 30.1ms</bind>
  <bind>Comp:10-3-0 Comp:10-2-0 0.376MBps 29.7ms</bind>
  <bind>Comp:10-2-0 Comp:10-3-0 0.376MBps 29.7ms</bind>
  <bind>Comp:10-3-1 Comp:10-2-1 0.376MBps 29.7ms</bind>
  <bind>Comp:10-2-1 Comp:10-3-1 0.376MBps 29.7ms</bind>
  <bind>Comp:10-3-2 Comp:10-2-2 0.376MBps 29.7ms</bind>
  <bind>Comp:10-2-2 Comp:10-3-2 0.376MBps 29.7ms</bind>
  <bind>Comp:10-3-3 Comp:10-2-3 0.376MBps 29.7ms</bind>
  <bind>Comp:10-2-3 Comp:10-3-3 0.376MBps 29.7ms</bind>
  <bind>Comp:10-3-4 Comp:10-2-4 0.376MBps 29.7ms</bind>
  <bind>Comp:10-2-4 Comp:10-3-4 0.376MBps 29.7ms</bind>
  <bind>Comp:10-3-5 Comp:10-2-5 0.376MBps 29.7ms</bind>
  <bind>Comp:10-2-5 Comp:10-3-5 0.376MBps 29.7ms</bind>
  <bind>Comp:10-3-6 Comp:10-2-6 0.376MBps 29.7ms</bind>
  <bind>Comp:10-2-6 Comp:10-3-6 0.376MBps 29.7ms</bind>
  <bind>Comp:10-4-0 Comp:10-3-0 0.165MBps 40.5ms</bind>
  <bind>Comp:10-3-0 Comp:10-4-0 0.165MBps 40.5ms</bind>
  <bind>Comp:10-4-1 Comp:10-3-1 0.165MBps 40.5ms</bind>
  <bind>Comp:10-3-1 Comp:10-4-1 0.165MBps 40.5ms</bind>
  <bind>Comp:10-4-0 Comp:10-3-2 0.165MBps 40.5ms</bind>
  <bind>Comp:10-3-2 Comp:10-4-0 0.165MBps 40.5ms</bind>
  <bind>Comp:10-4-1 Comp:10-3-3 0.165MBps 40.5ms</bind>
  <bind>Comp:10-3-3 Comp:10-4-1 0.165MBps 40.5ms</bind>
  <bind>Comp:10-4-0 Comp:10-3-4 0.165MBps 40.5ms</bind>
  <bind>Comp:10-3-4 Comp:10-4-0 0.165MBps 40.5ms</bind>
  <bind>Comp:10-4-1 Comp:10-3-5 0.165MBps 40.5ms</bind>
  <bind>Comp:10-3-5 Comp:10-4-1 0.165MBps 40.5ms</bind>
  <bind>Comp:10-4-0 Comp:10-3-6 0.165MBps 40.5ms</bind>
  <bind>Comp:10-3-6 Comp:10-4-0 0.165MBps 40.5ms</bind>
  <bind>Comp:10-4-0 Appliance-0 0.793MBps 34.4ms</bind>
  <bind>Appliance-0 Comp:10-4-0 0.793MBps 34.4ms</bind>
  <bind>Comp:10-4-1 Appliance-2 0.793MBps 34.4ms</bind>
  <bind>Appliance-2 Comp:10-4-1 0.793MBps 34.4ms</bind>
  <bind>Comp:10-4-0 Appliance-32 0.793MBps 34.4ms</bind>
  <bind>Appliance-32 Comp:10-4-0 0.793MBps 34.4ms</bind>
</app>
<app>
  <id>App11</id>
<comp>
  <id>Comp:11-0-0</id>
  <CPU>0.22Gf</CPU>
  <RAM>0.865GB</RAM>
  <DISK>0.664GB</DISK>
</comp>
<comp>
  <id>Comp:11-0-1</id>
  <CPU>0.22Gf</CPU>
  <RAM>0.865GB</RAM>
  <DISK>0.664GB</DISK>
</comp>
<comp>
  <id>Comp:11-0-2</id>
  <CPU>0.22Gf</CPU>
  <RAM>0.865GB</RAM>
  <DISK>0.664GB</DISK>
</comp>
<comp>
  <id>Comp:11-0-3</id>
  <CPU>0.22Gf</CPU>
  <RAM>0.865GB</RAM>
  <DISK>0.664GB</DISK>
</comp>
<comp>
  <id>Comp:11-1-0</id>
  <CPU>0.654Gf</CPU>
  <RAM>0.121GB</RAM>
  <DISK>1.6GB</DISK>
</comp>
<comp>
  <id>Comp:11-1-1</id>
  <CPU>0.654Gf</CPU>
  <RAM>0.121GB</RAM>
  <DISK>1.6GB</DISK>
</comp>
<comp>
  <id>Comp:11-1-2</id>
  <CPU>0.654Gf</CPU>
  <RAM>0.121GB</RAM>
  <DISK>1.6GB</DISK>
</comp>
<comp>
  <id>Comp:11-1-3</id>
  <CPU>0.654Gf</CPU>
  <RAM>0.121GB</RAM>
  <DISK>1.6GB</DISK>
</comp>
<comp>
  <id>Comp:11-1-4</id>
  <CPU>0.654Gf</CPU>
  <RAM>0.121GB</RAM>
  <DISK>1.6GB</DISK>
</comp>
<comp>
  <id>Comp:11-1-5</id>
  <CPU>0.654Gf</CPU>
  <RAM>0.121GB</RAM>
  <DISK>1.6GB</DISK>
</comp>
<comp>
  <id>Comp:11-1-6</id>
  <CPU>0.654Gf</CPU>
  <RAM>0.121GB</RAM>
  <DISK>1.6GB</DISK>
</comp>
<comp>
  <id>Comp:11-1-7</id>
  <CPU>0.654Gf</CPU>
  <RAM>0.121GB</RAM>
  <DISK>1.6GB</DISK>
</comp>
  <bind>Comp:11-1-0 Comp:11-0-0 0.278MBps 37.2ms</bind>
  <bind>Comp:11-0-0 Comp:11-1-0 0.278MBps 37.2ms</bind>
  <bind>Comp:11-1-1 Comp:11-0-1 0.278MBps 37.2ms</bind>
  <bind>Comp:11-0-1 Comp:11-1-1 0.278MBps 37.2ms</bind>
  <bind>Comp:11-1-2 Comp:11-0-2 0.278MBps 37.2ms</bind>
  <bind>Comp:11-0-2 Comp:11-1-2 0.278MBps 37.2ms</bind>
  <bind>Comp:11-1-3 Comp:11-0-3 0.278MBps 37.2ms</bind>
  <bind>Comp:11-0-3 Comp:11-1-3 0.278MBps 37.2ms</bind>
  <bind>Comp:11-1-4 Comp:11-0-0 0.278MBps 37.2ms</bind>
  <bind>Comp:11-0-0 Comp:11-1-4 0.278MBps 37.2ms</bind>
  <bind>Comp:11-1-5 Comp:11-0-1 0.278MBps 37.2ms</bind>
  <bind>Comp:11-0-1 Comp:11-1-5 0.278MBps 37.2ms</bind>
  <bind>Comp:11-1-6 Comp:11-0-2 0.278MBps 37.2ms</bind>
  <bind>Comp:11-0-2 Comp:11-1-6 0.278MBps 37.2ms</bind>
  <bind>Comp:11-1-7 Comp:11-0-3 0.278MBps 37.2ms</bind>
  <bind>Comp:11-0-3 Comp:11-1-7 0.278MBps 37.2ms</bind>
  <bind>Comp:11-1-0 Appliance-29 0.219MBps 32.7ms</bind>
  <bind>Appliance-29 Comp:11-1-0 0.219MBps 32.7ms</bind>
  <bind>Comp:11-1-1 Appliance-32 0.219MBps 32.7ms</bind>
  <bind>Appliance-32 Comp:11-1-1 0.219MBps 32.7ms</bind>
  <bind>Comp:11-1-2 Appliance-36 0.219MBps 32.7ms</bind>
  <bind>Appliance-36 Comp:11-1-2 0.219MBps 32.7ms</bind>
  <bind>Comp:11-1-3 Appliance-10 0.219MBps 32.7ms</bind>
  <bind>Appliance-10 Comp:11-1-3 0.219MBps 32.7ms</bind>
  <bind>Comp:11-1-4 Appliance-29 0.219MBps 32.7ms</bind>
  <bind>Appliance-29 Comp:11-1-4 0.219MBps 32.7ms</bind>
  <bind>Comp:11-1-5 Appliance-32 0.219MBps 32.7ms</bind>
  <bind>Appliance-32 Comp:11-1-5 0.219MBps 32.7ms</bind>
  <bind>Comp:11-1-6 Appliance-36 0.219MBps 32.7ms</bind>
  <bind>Appliance-36 Comp:11-1-6 0.219MBps 32.7ms</bind>
  <bind>Comp:11-1-7 Appliance-10 0.219MBps 32.7ms</bind>
  <bind>Appliance-10 Comp:11-1-7 0.219MBps 32.7ms</bind>
</app>
<app>
  <id>App12</id>
<comp>
  <id>Comp:12-0-0</id>
  <CPU>0.254Gf</CPU>
  <RAM>0.559GB</RAM>
  <DISK>1.85GB</DISK>
</comp>
<comp>
  <id>Comp:12-0-1</id>
  <CPU>0.254Gf</CPU>
  <RAM>0.559GB</RAM>
  <DISK>1.85GB</DISK>
</comp>
<comp>
  <id>Comp:12-0-2</id>
  <CPU>0.254Gf</CPU>
  <RAM>0.559GB</RAM>
  <DISK>1.85GB</DISK>
</comp>
<comp>
  <id>Comp:12-0-3</id>
  <CPU>0.254Gf</CPU>
  <RAM>0.559GB</RAM>
  <DISK>1.85GB</DISK>
</comp>
<comp>
  <id>Comp:12-1-0</id>
  <CPU>0.136Gf</CPU>
  <RAM>0.278GB</RAM>
  <DISK>0.21GB</DISK>
</comp>
<comp>
  <id>Comp:12-1-1</id>
  <CPU>0.136Gf</CPU>
  <RAM>0.278GB</RAM>
  <DISK>0.21GB</DISK>
</comp>
<comp>
  <id>Comp:12-1-2</id>
  <CPU>0.136Gf</CPU>
  <RAM>0.278GB</RAM>
  <DISK>0.21GB</DISK>
</comp>
<comp>
  <id>Comp:12-2-0</id>
  <CPU>0.848Gf</CPU>
  <RAM>0.769GB</RAM>
  <DISK>0.621GB</DISK>
</comp>
<comp>
  <id>Comp:12-2-1</id>
  <CPU>0.848Gf</CPU>
  <RAM>0.769GB</RAM>
  <DISK>0.621GB</DISK>
</comp>
<comp>
  <id>Comp:12-2-2</id>
  <CPU>0.848Gf</CPU>
  <RAM>0.769GB</RAM>
  <DISK>0.621GB</DISK>
</comp>
<comp>
  <id>Comp:12-3-0</id>
  <CPU>0.32Gf</CPU>
  <RAM>0.692GB</RAM>
  <DISK>0.973GB</DISK>
</comp>
<comp>
  <id>Comp:12-3-1</id>
  <CPU>0.32Gf</CPU>
  <RAM>0.692GB</RAM>
  <DISK>0.973GB</DISK>
</comp>
<comp>
  <id>Comp:12-3-2</id>
  <CPU>0.32Gf</CPU>
  <RAM>0.692GB</RAM>
  <DISK>0.973GB</DISK>
</comp>
<comp>
  <id>Comp:12-3-3</id>
  <CPU>0.32Gf</CPU>
  <RAM>0.692GB</RAM>
  <DISK>0.973GB</DISK>
</comp>
<comp>
  <id>Comp:12-3-4</id>
  <CPU>0.32Gf</CPU>
  <RAM>0.692GB</RAM>
  <DISK>0.973GB</DISK>
</comp>
<comp>
  <id>Comp:12-3-5</id>
  <CPU>0.32Gf</CPU>
  <RAM>0.692GB</RAM>
  <DISK>0.973GB</DISK>
</comp>
<comp>
  <id>Comp:12-3-6</id>
  <CPU>0.32Gf</CPU>
  <RAM>0.692GB</RAM>
  <DISK>0.973GB</DISK>
</comp>
<comp>
  <id>Comp:12-3-7</id>
  <CPU>0.32Gf</CPU>
  <RAM>0.692GB</RAM>
  <DISK>0.973GB</DISK>
</comp>
<comp>
  <id>Comp:12-3-8</id>
  <CPU>0.32Gf</CPU>
  <RAM>0.692GB</RAM>
  <DISK>0.973GB</DISK>
</comp>
<comp>
  <id>Comp:12-3-9</id>
  <CPU>0.32Gf</CPU>
  <RAM>0.692GB</RAM>
  <DISK>0.973GB</DISK>
</comp>
<comp>
  <id>Comp:12-4-0</id>
  <CPU>0.742Gf</CPU>
  <RAM>0.737GB</RAM>
  <DISK>1.36GB</DISK>
</comp>
<comp>
  <id>Comp:12-4-1</id>
  <CPU>0.742Gf</CPU>
  <RAM>0.737GB</RAM>
  <DISK>1.36GB</DISK>
</comp>
<comp>
  <id>Comp:12-4-2</id>
  <CPU>0.742Gf</CPU>
  <RAM>0.737GB</RAM>
  <DISK>1.36GB</DISK>
</comp>
<comp>
  <id>Comp:12-4-3</id>
  <CPU>0.742Gf</CPU>
  <RAM>0.737GB</RAM>
  <DISK>1.36GB</DISK>
</comp>
<comp>
  <id>Comp:12-4-4</id>
  <CPU>0.742Gf</CPU>
  <RAM>0.737GB</RAM>
  <DISK>1.36GB</DISK>
</comp>
<comp>
  <id>Comp:12-4-5</id>
  <CPU>0.742Gf</CPU>
  <RAM>0.737GB</RAM>
  <DISK>1.36GB</DISK>
</comp>
<comp>
  <id>Comp:12-4-6</id>
  <CPU>0.742Gf</CPU>
  <RAM>0.737GB</RAM>
  <DISK>1.36GB</DISK>
</comp>
  <bind>Comp:12-1-0 Comp:12-0-0 0.697MBps 35.1ms</bind>
  <bind>Comp:12-0-0 Comp:12-1-0 0.697MBps 35.1ms</bind>
  <bind>Comp:12-1-1 Comp:12-0-1 0.697MBps 35.1ms</bind>
  <bind>Comp:12-0-1 Comp:12-1-1 0.697MBps 35.1ms</bind>
  <bind>Comp:12-1-2 Comp:12-0-2 0.697MBps 35.1ms</bind>
  <bind>Comp:12-0-2 Comp:12-1-2 0.697MBps 35.1ms</bind>
  <bind>Comp:12-1-0 Comp:12-0-3 0.697MBps 35.1ms</bind>
  <bind>Comp:12-0-3 Comp:12-1-0 0.697MBps 35.1ms</bind>
  <bind>Comp:12-2-0 Comp:12-1-0 0.0535MBps 33.3ms</bind>
  <bind>Comp:12-1-0 Comp:12-2-0 0.0535MBps 33.3ms</bind>
  <bind>Comp:12-2-1 Comp:12-1-1 0.0535MBps 33.3ms</bind>
  <bind>Comp:12-1-1 Comp:12-2-1 0.0535MBps 33.3ms</bind>
  <bind>Comp:12-2-2 Comp:12-1-2 0.0535MBps 33.3ms</bind>
  <bind>Comp:12-1-2 Comp:12-2-2 0.0535MBps 33.3ms</bind>
  <bind>Comp:12-3-0 Comp:12-2-0 0.883MBps 27.5ms</bind>
  <bind>Comp:12-2-0 Comp:12-3-0 0.883MBps 27.5ms</bind>
  <bind>Comp:12-3-1 Comp:12-2-1 0.883MBps 27.5ms</bind>
  <bind>Comp:12-2-1 Comp:12-3-1 0.883MBps 27.5ms</bind>
  <bind>Comp:12-3-2 Comp:12-2-2 0.883MBps 27.5ms</bind>
  <bind>Comp:12-2-2 Comp:12-3-2 0.883MBps 27.5ms</bind>
  <bind>Comp:12-3-3 Comp:12-2-0 0.883MBps 27.5ms</bind>
  <bind>Comp:12-2-0 Comp:12-3-3 0.883MBps 27.5ms</bind>
  <bind>Comp:12-3-4 Comp:12-2-1 0.883MBps 27.5ms</bind>
  <bind>Comp:12-2-1 Comp:12-3-4 0.883MBps 27.5ms</bind>
  <bind>Comp:12-3-5 Comp:12-2-2 0.883MBps 27.5ms</bind>
  <bind>Comp:12-2-2 Comp:12-3-5 0.883MBps 27.5ms</bind>
  <bind>Comp:12-3-6 Comp:12-2-0 0.883MBps 27.5ms</bind>
  <bind>Comp:12-2-0 Comp:12-3-6 0.883MBps 27.5ms</bind>
  <bind>Comp:12-3-7 Comp:12-2-1 0.883MBps 27.5ms</bind>
  <bind>Comp:12-2-1 Comp:12-3-7 0.883MBps 27.5ms</bind>
  <bind>Comp:12-3-8 Comp:12-2-2 0.883MBps 27.5ms</bind>
  <bind>Comp:12-2-2 Comp:12-3-8 0.883MBps 27.5ms</bind>
  <bind>Comp:12-3-9 Comp:12-2-0 0.883MBps 27.5ms</bind>
  <bind>Comp:12-2-0 Comp:12-3-9 0.883MBps 27.5ms</bind>
  <bind>Comp:12-4-0 Comp:12-3-0 0.655MBps 45.0ms</bind>
  <bind>Comp:12-3-0 Comp:12-4-0 0.655MBps 45.0ms</bind>
  <bind>Comp:12-4-1 Comp:12-3-1 0.655MBps 45.0ms</bind>
  <bind>Comp:12-3-1 Comp:12-4-1 0.655MBps 45.0ms</bind>
  <bind>Comp:12-4-2 Comp:12-3-2 0.655MBps 45.0ms</bind>
  <bind>Comp:12-3-2 Comp:12-4-2 0.655MBps 45.0ms</bind>
  <bind>Comp:12-4-3 Comp:12-3-3 0.655MBps 45.0ms</bind>
  <bind>Comp:12-3-3 Comp:12-4-3 0.655MBps 45.0ms</bind>
  <bind>Comp:12-4-4 Comp:12-3-4 0.655MBps 45.0ms</bind>
  <bind>Comp:12-3-4 Comp:12-4-4 0.655MBps 45.0ms</bind>
  <bind>Comp:12-4-5 Comp:12-3-5 0.655MBps 45.0ms</bind>
  <bind>Comp:12-3-5 Comp:12-4-5 0.655MBps 45.0ms</bind>
  <bind>Comp:12-4-6 Comp:12-3-6 0.655MBps 45.0ms</bind>
  <bind>Comp:12-3-6 Comp:12-4-6 0.655MBps 45.0ms</bind>
  <bind>Comp:12-4-0 Comp:12-3-7 0.655MBps 45.0ms</bind>
  <bind>Comp:12-3-7 Comp:12-4-0 0.655MBps 45.0ms</bind>
  <bind>Comp:12-4-1 Comp:12-3-8 0.655MBps 45.0ms</bind>
  <bind>Comp:12-3-8 Comp:12-4-1 0.655MBps 45.0ms</bind>
  <bind>Comp:12-4-2 Comp:12-3-9 0.655MBps 45.0ms</bind>
  <bind>Comp:12-3-9 Comp:12-4-2 0.655MBps 45.0ms</bind>
  <bind>Comp:12-4-0 Appliance-16 0.278MBps 49.3ms</bind>
  <bind>Appliance-16 Comp:12-4-0 0.278MBps 49.3ms</bind>
  <bind>Comp:12-4-1 Appliance-29 0.278MBps 49.3ms</bind>
  <bind>Appliance-29 Comp:12-4-1 0.278MBps 49.3ms</bind>
  <bind>Comp:12-4-2 Appliance-19 0.278MBps 49.3ms</bind>
  <bind>Appliance-19 Comp:12-4-2 0.278MBps 49.3ms</bind>
  <bind>Comp:12-4-3 Appliance-19 0.278MBps 49.3ms</bind>
  <bind>Appliance-19 Comp:12-4-3 0.278MBps 49.3ms</bind>
  <bind>Comp:12-4-4 Appliance-28 0.278MBps 49.3ms</bind>
  <bind>Appliance-28 Comp:12-4-4 0.278MBps 49.3ms</bind>
  <bind>Comp:12-4-5 Appliance-2 0.278MBps 49.3ms</bind>
  <bind>Appliance-2 Comp:12-4-5 0.278MBps 49.3ms</bind>
  <bind>Comp:12-4-6 Appliance-7 0.278MBps 49.3ms</bind>
  <bind>Appliance-7 Comp:12-4-6 0.278MBps 49.3ms</bind>
</app>
<app>
  <id>App13</id>
<comp>
  <id>Comp:13-0-0</id>
  <CPU>0.594Gf</CPU>
  <RAM>0.966GB</RAM>
  <DISK>0.668GB</DISK>
</comp>
<comp>
  <id>Comp:13-0-1</id>
  <CPU>0.594Gf</CPU>
  <RAM>0.966GB</RAM>
  <DISK>0.668GB</DISK>
</comp>
<comp>
  <id>Comp:13-1-0</id>
  <CPU>0.488Gf</CPU>
  <RAM>0.862GB</RAM>
  <DISK>0.0935GB</DISK>
</comp>
<comp>
  <id>Comp:13-1-1</id>
  <CPU>0.488Gf</CPU>
  <RAM>0.862GB</RAM>
  <DISK>0.0935GB</DISK>
</comp>
<comp>
  <id>Comp:13-1-2</id>
  <CPU>0.488Gf</CPU>
  <RAM>0.862GB</RAM>
  <DISK>0.0935GB</DISK>
</comp>
<comp>
  <id>Comp:13-1-3</id>
  <CPU>0.488Gf</CPU>
  <RAM>0.862GB</RAM>
  <DISK>0.0935GB</DISK>
</comp>
<comp>
  <id>Comp:13-1-4</id>
  <CPU>0.488Gf</CPU>
  <RAM>0.862GB</RAM>
  <DISK>0.0935GB</DISK>
</comp>
<comp>
  <id>Comp:13-2-0</id>
  <CPU>0.18Gf</CPU>
  <RAM>0.56GB</RAM>
  <DISK>0.0143GB</DISK>
</comp>
<comp>
  <id>Comp:13-2-1</id>
  <CPU>0.18Gf</CPU>
  <RAM>0.56GB</RAM>
  <DISK>0.0143GB</DISK>
</comp>
<comp>
  <id>Comp:13-2-2</id>
  <CPU>0.18Gf</CPU>
  <RAM>0.56GB</RAM>
  <DISK>0.0143GB</DISK>
</comp>
<comp>
  <id>Comp:13-2-3</id>
  <CPU>0.18Gf</CPU>
  <RAM>0.56GB</RAM>
  <DISK>0.0143GB</DISK>
</comp>
<comp>
  <id>Comp:13-2-4</id>
  <CPU>0.18Gf</CPU>
  <RAM>0.56GB</RAM>
  <DISK>0.0143GB</DISK>
</comp>
<comp>
  <id>Comp:13-2-5</id>
  <CPU>0.18Gf</CPU>
  <RAM>0.56GB</RAM>
  <DISK>0.0143GB</DISK>
</comp>
<comp>
  <id>Comp:13-2-6</id>
  <CPU>0.18Gf</CPU>
  <RAM>0.56GB</RAM>
  <DISK>0.0143GB</DISK>
</comp>
<comp>
  <id>Comp:13-2-7</id>
  <CPU>0.18Gf</CPU>
  <RAM>0.56GB</RAM>
  <DISK>0.0143GB</DISK>
</comp>
<comp>
  <id>Comp:13-2-8</id>
  <CPU>0.18Gf</CPU>
  <RAM>0.56GB</RAM>
  <DISK>0.0143GB</DISK>
</comp>
<comp>
  <id>Comp:13-3-0</id>
  <CPU>0.535Gf</CPU>
  <RAM>0.941GB</RAM>
  <DISK>1.98GB</DISK>
</comp>
<comp>
  <id>Comp:13-3-1</id>
  <CPU>0.535Gf</CPU>
  <RAM>0.941GB</RAM>
  <DISK>1.98GB</DISK>
</comp>
<comp>
  <id>Comp:13-3-2</id>
  <CPU>0.535Gf</CPU>
  <RAM>0.941GB</RAM>
  <DISK>1.98GB</DISK>
</comp>
<comp>
  <id>Comp:13-3-3</id>
  <CPU>0.535Gf</CPU>
  <RAM>0.941GB</RAM>
  <DISK>1.98GB</DISK>
</comp>
<comp>
  <id>Comp:13-3-4</id>
  <CPU>0.535Gf</CPU>
  <RAM>0.941GB</RAM>
  <DISK>1.98GB</DISK>
</comp>
<comp>
  <id>Comp:13-3-5</id>
  <CPU>0.535Gf</CPU>
  <RAM>0.941GB</RAM>
  <DISK>1.98GB</DISK>
</comp>
<comp>
  <id>Comp:13-3-6</id>
  <CPU>0.535Gf</CPU>
  <RAM>0.941GB</RAM>
  <DISK>1.98GB</DISK>
</comp>
<comp>
  <id>Comp:13-3-7</id>
  <CPU>0.535Gf</CPU>
  <RAM>0.941GB</RAM>
  <DISK>1.98GB</DISK>
</comp>
<comp>
  <id>Comp:13-3-8</id>
  <CPU>0.535Gf</CPU>
  <RAM>0.941GB</RAM>
  <DISK>1.98GB</DISK>
</comp>
<comp>
  <id>Comp:13-3-9</id>
  <CPU>0.535Gf</CPU>
  <RAM>0.941GB</RAM>
  <DISK>1.98GB</DISK>
</comp>
<comp>
  <id>Comp:13-4-0</id>
  <CPU>0.824Gf</CPU>
  <RAM>0.842GB</RAM>
  <DISK>0.114GB</DISK>
</comp>
<comp>
  <id>Comp:13-4-1</id>
  <CPU>0.824Gf</CPU>
  <RAM>0.842GB</RAM>
  <DISK>0.114GB</DISK>
</comp>
<comp>
  <id>Comp:13-4-2</id>
  <CPU>0.824Gf</CPU>
  <RAM>0.842GB</RAM>
  <DISK>0.114GB</DISK>
</comp>
<comp>
  <id>Comp:13-4-3</id>
  <CPU>0.824Gf</CPU>
  <RAM>0.842GB</RAM>
  <DISK>0.114GB</DISK>
</comp>
<comp>
  <id>Comp:13-4-4</id>
  <CPU>0.824Gf</CPU>
  <RAM>0.842GB</RAM>
  <DISK>0.114GB</DISK>
</comp>
<comp>
  <id>Comp:13-4-5</id>
  <CPU>0.824Gf</CPU>
  <RAM>0.842GB</RAM>
  <DISK>0.114GB</DISK>
</comp>
<comp>
  <id>Comp:13-4-6</id>
  <CPU>0.824Gf</CPU>
  <RAM>0.842GB</RAM>
  <DISK>0.114GB</DISK>
</comp>
<comp>
  <id>Comp:13-4-7</id>
  <CPU>0.824Gf</CPU>
  <RAM>0.842GB</RAM>
  <DISK>0.114GB</DISK>
</comp>
<comp>
  <id>Comp:13-5-0</id>
  <CPU>0.44Gf</CPU>
  <RAM>0.48GB</RAM>
  <DISK>0.655GB</DISK>
</comp>
<comp>
  <id>Comp:13-5-1</id>
  <CPU>0.44Gf</CPU>
  <RAM>0.48GB</RAM>
  <DISK>0.655GB</DISK>
</comp>
<comp>
  <id>Comp:13-5-2</id>
  <CPU>0.44Gf</CPU>
  <RAM>0.48GB</RAM>
  <DISK>0.655GB</DISK>
</comp>
<comp>
  <id>Comp:13-5-3</id>
  <CPU>0.44Gf</CPU>
  <RAM>0.48GB</RAM>
  <DISK>0.655GB</DISK>
</comp>
<comp>
  <id>Comp:13-5-4</id>
  <CPU>0.44Gf</CPU>
  <RAM>0.48GB</RAM>
  <DISK>0.655GB</DISK>
</comp>
<comp>
  <id>Comp:13-5-5</id>
  <CPU>0.44Gf</CPU>
  <RAM>0.48GB</RAM>
  <DISK>0.655GB</DISK>
</comp>
<comp>
  <id>Comp:13-5-6</id>
  <CPU>0.44Gf</CPU>
  <RAM>0.48GB</RAM>
  <DISK>0.655GB</DISK>
</comp>
<comp>
  <id>Comp:13-5-7</id>
  <CPU>0.44Gf</CPU>
  <RAM>0.48GB</RAM>
  <DISK>0.655GB</DISK>
</comp>
<comp>
  <id>Comp:13-5-8</id>
  <CPU>0.44Gf</CPU>
  <RAM>0.48GB</RAM>
  <DISK>0.655GB</DISK>
</comp>
<comp>
  <id>Comp:13-5-9</id>
  <CPU>0.44Gf</CPU>
  <RAM>0.48GB</RAM>
  <DISK>0.655GB</DISK>
</comp>
  <bind>Comp:13-1-0 Comp:13-0-0 0.982MBps 44.3ms</bind>
  <bind>Comp:13-0-0 Comp:13-1-0 0.982MBps 44.3ms</bind>
  <bind>Comp:13-1-1 Comp:13-0-1 0.982MBps 44.3ms</bind>
  <bind>Comp:13-0-1 Comp:13-1-1 0.982MBps 44.3ms</bind>
  <bind>Comp:13-1-2 Comp:13-0-0 0.982MBps 44.3ms</bind>
  <bind>Comp:13-0-0 Comp:13-1-2 0.982MBps 44.3ms</bind>
  <bind>Comp:13-1-3 Comp:13-0-1 0.982MBps 44.3ms</bind>
  <bind>Comp:13-0-1 Comp:13-1-3 0.982MBps 44.3ms</bind>
  <bind>Comp:13-1-4 Comp:13-0-0 0.982MBps 44.3ms</bind>
  <bind>Comp:13-0-0 Comp:13-1-4 0.982MBps 44.3ms</bind>
  <bind>Comp:13-2-0 Comp:13-1-0 0.105MBps 31.4ms</bind>
  <bind>Comp:13-1-0 Comp:13-2-0 0.105MBps 31.4ms</bind>
  <bind>Comp:13-2-1 Comp:13-1-1 0.105MBps 31.4ms</bind>
  <bind>Comp:13-1-1 Comp:13-2-1 0.105MBps 31.4ms</bind>
  <bind>Comp:13-2-2 Comp:13-1-2 0.105MBps 31.4ms</bind>
  <bind>Comp:13-1-2 Comp:13-2-2 0.105MBps 31.4ms</bind>
  <bind>Comp:13-2-3 Comp:13-1-3 0.105MBps 31.4ms</bind>
  <bind>Comp:13-1-3 Comp:13-2-3 0.105MBps 31.4ms</bind>
  <bind>Comp:13-2-4 Comp:13-1-4 0.105MBps 31.4ms</bind>
  <bind>Comp:13-1-4 Comp:13-2-4 0.105MBps 31.4ms</bind>
  <bind>Comp:13-2-5 Comp:13-1-0 0.105MBps 31.4ms</bind>
  <bind>Comp:13-1-0 Comp:13-2-5 0.105MBps 31.4ms</bind>
  <bind>Comp:13-2-6 Comp:13-1-1 0.105MBps 31.4ms</bind>
  <bind>Comp:13-1-1 Comp:13-2-6 0.105MBps 31.4ms</bind>
  <bind>Comp:13-2-7 Comp:13-1-2 0.105MBps 31.4ms</bind>
  <bind>Comp:13-1-2 Comp:13-2-7 0.105MBps 31.4ms</bind>
  <bind>Comp:13-2-8 Comp:13-1-3 0.105MBps 31.4ms</bind>
  <bind>Comp:13-1-3 Comp:13-2-8 0.105MBps 31.4ms</bind>
  <bind>Comp:13-3-0 Comp:13-2-0 0.565MBps 38.6ms</bind>
  <bind>Comp:13-2-0 Comp:13-3-0 0.565MBps 38.6ms</bind>
  <bind>Comp:13-3-1 Comp:13-2-1 0.565MBps 38.6ms</bind>
  <bind>Comp:13-2-1 Comp:13-3-1 0.565MBps 38.6ms</bind>
  <bind>Comp:13-3-2 Comp:13-2-2 0.565MBps 38.6ms</bind>
  <bind>Comp:13-2-2 Comp:13-3-2 0.565MBps 38.6ms</bind>
  <bind>Comp:13-3-3 Comp:13-2-3 0.565MBps 38.6ms</bind>
  <bind>Comp:13-2-3 Comp:13-3-3 0.565MBps 38.6ms</bind>
  <bind>Comp:13-3-4 Comp:13-2-4 0.565MBps 38.6ms</bind>
  <bind>Comp:13-2-4 Comp:13-3-4 0.565MBps 38.6ms</bind>
  <bind>Comp:13-3-5 Comp:13-2-5 0.565MBps 38.6ms</bind>
  <bind>Comp:13-2-5 Comp:13-3-5 0.565MBps 38.6ms</bind>
  <bind>Comp:13-3-6 Comp:13-2-6 0.565MBps 38.6ms</bind>
  <bind>Comp:13-2-6 Comp:13-3-6 0.565MBps 38.6ms</bind>
  <bind>Comp:13-3-7 Comp:13-2-7 0.565MBps 38.6ms</bind>
  <bind>Comp:13-2-7 Comp:13-3-7 0.565MBps 38.6ms</bind>
  <bind>Comp:13-3-8 Comp:13-2-8 0.565MBps 38.6ms</bind>
  <bind>Comp:13-2-8 Comp:13-3-8 0.565MBps 38.6ms</bind>
  <bind>Comp:13-3-9 Comp:13-2-0 0.565MBps 38.6ms</bind>
  <bind>Comp:13-2-0 Comp:13-3-9 0.565MBps 38.6ms</bind>
  <bind>Comp:13-4-0 Comp:13-3-0 0.749MBps 35.5ms</bind>
  <bind>Comp:13-3-0 Comp:13-4-0 0.749MBps 35.5ms</bind>
  <bind>Comp:13-4-1 Comp:13-3-1 0.749MBps 35.5ms</bind>
  <bind>Comp:13-3-1 Comp:13-4-1 0.749MBps 35.5ms</bind>
  <bind>Comp:13-4-2 Comp:13-3-2 0.749MBps 35.5ms</bind>
  <bind>Comp:13-3-2 Comp:13-4-2 0.749MBps 35.5ms</bind>
  <bind>Comp:13-4-3 Comp:13-3-3 0.749MBps 35.5ms</bind>
  <bind>Comp:13-3-3 Comp:13-4-3 0.749MBps 35.5ms</bind>
  <bind>Comp:13-4-4 Comp:13-3-4 0.749MBps 35.5ms</bind>
  <bind>Comp:13-3-4 Comp:13-4-4 0.749MBps 35.5ms</bind>
  <bind>Comp:13-4-5 Comp:13-3-5 0.749MBps 35.5ms</bind>
  <bind>Comp:13-3-5 Comp:13-4-5 0.749MBps 35.5ms</bind>
  <bind>Comp:13-4-6 Comp:13-3-6 0.749MBps 35.5ms</bind>
  <bind>Comp:13-3-6 Comp:13-4-6 0.749MBps 35.5ms</bind>
  <bind>Comp:13-4-7 Comp:13-3-7 0.749MBps 35.5ms</bind>
  <bind>Comp:13-3-7 Comp:13-4-7 0.749MBps 35.5ms</bind>
  <bind>Comp:13-4-0 Comp:13-3-8 0.749MBps 35.5ms</bind>
  <bind>Comp:13-3-8 Comp:13-4-0 0.749MBps 35.5ms</bind>
  <bind>Comp:13-4-1 Comp:13-3-9 0.749MBps 35.5ms</bind>
  <bind>Comp:13-3-9 Comp:13-4-1 0.749MBps 35.5ms</bind>
  <bind>Comp:13-5-0 Comp:13-4-0 0.213MBps 45.5ms</bind>
  <bind>Comp:13-4-0 Comp:13-5-0 0.213MBps 45.5ms</bind>
  <bind>Comp:13-5-1 Comp:13-4-1 0.213MBps 45.5ms</bind>
  <bind>Comp:13-4-1 Comp:13-5-1 0.213MBps 45.5ms</bind>
  <bind>Comp:13-5-2 Comp:13-4-2 0.213MBps 45.5ms</bind>
  <bind>Comp:13-4-2 Comp:13-5-2 0.213MBps 45.5ms</bind>
  <bind>Comp:13-5-3 Comp:13-4-3 0.213MBps 45.5ms</bind>
  <bind>Comp:13-4-3 Comp:13-5-3 0.213MBps 45.5ms</bind>
  <bind>Comp:13-5-4 Comp:13-4-4 0.213MBps 45.5ms</bind>
  <bind>Comp:13-4-4 Comp:13-5-4 0.213MBps 45.5ms</bind>
  <bind>Comp:13-5-5 Comp:13-4-5 0.213MBps 45.5ms</bind>
  <bind>Comp:13-4-5 Comp:13-5-5 0.213MBps 45.5ms</bind>
  <bind>Comp:13-5-6 Comp:13-4-6 0.213MBps 45.5ms</bind>
  <bind>Comp:13-4-6 Comp:13-5-6 0.213MBps 45.5ms</bind>
  <bind>Comp:13-5-7 Comp:13-4-7 0.213MBps 45.5ms</bind>
  <bind>Comp:13-4-7 Comp:13-5-7 0.213MBps 45.5ms</bind>
  <bind>Comp:13-5-8 Comp:13-4-0 0.213MBps 45.5ms</bind>
  <bind>Comp:13-4-0 Comp:13-5-8 0.213MBps 45.5ms</bind>
  <bind>Comp:13-5-9 Comp:13-4-1 0.213MBps 45.5ms</bind>
  <bind>Comp:13-4-1 Comp:13-5-9 0.213MBps 45.5ms</bind>
  <bind>Comp:13-5-0 Appliance-11 0.471MBps 37.6ms</bind>
  <bind>Appliance-11 Comp:13-5-0 0.471MBps 37.6ms</bind>
  <bind>Comp:13-5-1 Appliance-17 0.471MBps 37.6ms</bind>
  <bind>Appliance-17 Comp:13-5-1 0.471MBps 37.6ms</bind>
  <bind>Comp:13-5-2 Appliance-24 0.471MBps 37.6ms</bind>
  <bind>Appliance-24 Comp:13-5-2 0.471MBps 37.6ms</bind>
  <bind>Comp:13-5-3 Appliance-21 0.471MBps 37.6ms</bind>
  <bind>Appliance-21 Comp:13-5-3 0.471MBps 37.6ms</bind>
  <bind>Comp:13-5-4 Appliance-11 0.471MBps 37.6ms</bind>
  <bind>Appliance-11 Comp:13-5-4 0.471MBps 37.6ms</bind>
  <bind>Comp:13-5-5 Appliance-17 0.471MBps 37.6ms</bind>
  <bind>Appliance-17 Comp:13-5-5 0.471MBps 37.6ms</bind>
  <bind>Comp:13-5-6 Appliance-24 0.471MBps 37.6ms</bind>
  <bind>Appliance-24 Comp:13-5-6 0.471MBps 37.6ms</bind>
  <bind>Comp:13-5-7 Appliance-21 0.471MBps 37.6ms</bind>
  <bind>Appliance-21 Comp:13-5-7 0.471MBps 37.6ms</bind>
  <bind>Comp:13-5-8 Appliance-11 0.471MBps 37.6ms</bind>
  <bind>Appliance-11 Comp:13-5-8 0.471MBps 37.6ms</bind>
  <bind>Comp:13-5-9 Appliance-17 0.471MBps 37.6ms</bind>
  <bind>Appliance-17 Comp:13-5-9 0.471MBps 37.6ms</bind>
</app>
<app>
  <id>App14</id>
<comp>
  <id>Comp:14-0-0</id>
  <CPU>0.506Gf</CPU>
  <RAM>0.618GB</RAM>
  <DISK>1.51GB</DISK>
</comp>
<comp>
  <id>Comp:14-0-1</id>
  <CPU>0.506Gf</CPU>
  <RAM>0.618GB</RAM>
  <DISK>1.51GB</DISK>
</comp>
<comp>
  <id>Comp:14-0-2</id>
  <CPU>0.506Gf</CPU>
  <RAM>0.618GB</RAM>
  <DISK>1.51GB</DISK>
</comp>
<comp>
  <id>Comp:14-1-0</id>
  <CPU>0.17Gf</CPU>
  <RAM>0.632GB</RAM>
  <DISK>0.0382GB</DISK>
</comp>
<comp>
  <id>Comp:14-1-1</id>
  <CPU>0.17Gf</CPU>
  <RAM>0.632GB</RAM>
  <DISK>0.0382GB</DISK>
</comp>
<comp>
  <id>Comp:14-1-2</id>
  <CPU>0.17Gf</CPU>
  <RAM>0.632GB</RAM>
  <DISK>0.0382GB</DISK>
</comp>
<comp>
  <id>Comp:14-1-3</id>
  <CPU>0.17Gf</CPU>
  <RAM>0.632GB</RAM>
  <DISK>0.0382GB</DISK>
</comp>
  <bind>Comp:14-1-0 Comp:14-0-0 0.254MBps 31.5ms</bind>
  <bind>Comp:14-0-0 Comp:14-1-0 0.254MBps 31.5ms</bind>
  <bind>Comp:14-1-1 Comp:14-0-1 0.254MBps 31.5ms</bind>
  <bind>Comp:14-0-1 Comp:14-1-1 0.254MBps 31.5ms</bind>
  <bind>Comp:14-1-2 Comp:14-0-2 0.254MBps 31.5ms</bind>
  <bind>Comp:14-0-2 Comp:14-1-2 0.254MBps 31.5ms</bind>
  <bind>Comp:14-1-3 Comp:14-0-0 0.254MBps 31.5ms</bind>
  <bind>Comp:14-0-0 Comp:14-1-3 0.254MBps 31.5ms</bind>
  <bind>Comp:14-1-0 Appliance-3 0.344MBps 49.1ms</bind>
  <bind>Appliance-3 Comp:14-1-0 0.344MBps 49.1ms</bind>
  <bind>Comp:14-1-1 Appliance-2 0.344MBps 49.1ms</bind>
  <bind>Appliance-2 Comp:14-1-1 0.344MBps 49.1ms</bind>
  <bind>Comp:14-1-2 Appliance-32 0.344MBps 49.1ms</bind>
  <bind>Appliance-32 Comp:14-1-2 0.344MBps 49.1ms</bind>
  <bind>Comp:14-1-3 Appliance-19 0.344MBps 49.1ms</bind>
  <bind>Appliance-19 Comp:14-1-3 0.344MBps 49.1ms</bind>
  <bind>Comp:14-1-0 Appliance-2 0.344MBps 49.1ms</bind>
  <bind>Appliance-2 Comp:14-1-0 0.344MBps 49.1ms</bind>
</app>
<app>
  <id>App15</id>
<comp>
  <id>Comp:15-0-0</id>
  <CPU>0.295Gf</CPU>
  <RAM>0.707GB</RAM>
  <DISK>1.89GB</DISK>
</comp>
<comp>
  <id>Comp:15-0-1</id>
  <CPU>0.295Gf</CPU>
  <RAM>0.707GB</RAM>
  <DISK>1.89GB</DISK>
</comp>
<comp>
  <id>Comp:15-1-0</id>
  <CPU>0.224Gf</CPU>
  <RAM>0.223GB</RAM>
  <DISK>0.1GB</DISK>
</comp>
<comp>
  <id>Comp:15-2-0</id>
  <CPU>0.734Gf</CPU>
  <RAM>0.474GB</RAM>
  <DISK>1.96GB</DISK>
</comp>
<comp>
  <id>Comp:15-2-1</id>
  <CPU>0.734Gf</CPU>
  <RAM>0.474GB</RAM>
  <DISK>1.96GB</DISK>
</comp>
<comp>
  <id>Comp:15-3-0</id>
  <CPU>0.889Gf</CPU>
  <RAM>0.267GB</RAM>
  <DISK>0.54GB</DISK>
</comp>
<comp>
  <id>Comp:15-4-0</id>
  <CPU>0.771Gf</CPU>
  <RAM>0.789GB</RAM>
  <DISK>0.579GB</DISK>
</comp>
<comp>
  <id>Comp:15-4-1</id>
  <CPU>0.771Gf</CPU>
  <RAM>0.789GB</RAM>
  <DISK>0.579GB</DISK>
</comp>
<comp>
  <id>Comp:15-4-2</id>
  <CPU>0.771Gf</CPU>
  <RAM>0.789GB</RAM>
  <DISK>0.579GB</DISK>
</comp>
<comp>
  <id>Comp:15-4-3</id>
  <CPU>0.771Gf</CPU>
  <RAM>0.789GB</RAM>
  <DISK>0.579GB</DISK>
</comp>
<comp>
  <id>Comp:15-4-4</id>
  <CPU>0.771Gf</CPU>
  <RAM>0.789GB</RAM>
  <DISK>0.579GB</DISK>
</comp>
<comp>
  <id>Comp:15-4-5</id>
  <CPU>0.771Gf</CPU>
  <RAM>0.789GB</RAM>
  <DISK>0.579GB</DISK>
</comp>
<comp>
  <id>Comp:15-4-6</id>
  <CPU>0.771Gf</CPU>
  <RAM>0.789GB</RAM>
  <DISK>0.579GB</DISK>
</comp>
<comp>
  <id>Comp:15-4-7</id>
  <CPU>0.771Gf</CPU>
  <RAM>0.789GB</RAM>
  <DISK>0.579GB</DISK>
</comp>
<comp>
  <id>Comp:15-4-8</id>
  <CPU>0.771Gf</CPU>
  <RAM>0.789GB</RAM>
  <DISK>0.579GB</DISK>
</comp>
<comp>
  <id>Comp:15-5-0</id>
  <CPU>0.902Gf</CPU>
  <RAM>0.828GB</RAM>
  <DISK>0.619GB</DISK>
</comp>
<comp>
  <id>Comp:15-5-1</id>
  <CPU>0.902Gf</CPU>
  <RAM>0.828GB</RAM>
  <DISK>0.619GB</DISK>
</comp>
<comp>
  <id>Comp:15-5-2</id>
  <CPU>0.902Gf</CPU>
  <RAM>0.828GB</RAM>
  <DISK>0.619GB</DISK>
</comp>
<comp>
  <id>Comp:15-5-3</id>
  <CPU>0.902Gf</CPU>
  <RAM>0.828GB</RAM>
  <DISK>0.619GB</DISK>
</comp>
<comp>
  <id>Comp:15-5-4</id>
  <CPU>0.902Gf</CPU>
  <RAM>0.828GB</RAM>
  <DISK>0.619GB</DISK>
</comp>
  <bind>Comp:15-1-0 Comp:15-0-0 0.251MBps 29.5ms</bind>
  <bind>Comp:15-0-0 Comp:15-1-0 0.251MBps 29.5ms</bind>
  <bind>Comp:15-1-0 Comp:15-0-1 0.251MBps 29.5ms</bind>
  <bind>Comp:15-0-1 Comp:15-1-0 0.251MBps 29.5ms</bind>
  <bind>Comp:15-2-0 Comp:15-1-0 0.471MBps 37.0ms</bind>
  <bind>Comp:15-1-0 Comp:15-2-0 0.471MBps 37.0ms</bind>
  <bind>Comp:15-2-1 Comp:15-1-0 0.471MBps 37.0ms</bind>
  <bind>Comp:15-1-0 Comp:15-2-1 0.471MBps 37.0ms</bind>
  <bind>Comp:15-3-0 Comp:15-2-0 0.556MBps 29.9ms</bind>
  <bind>Comp:15-2-0 Comp:15-3-0 0.556MBps 29.9ms</bind>
  <bind>Comp:15-3-0 Comp:15-2-1 0.556MBps 29.9ms</bind>
  <bind>Comp:15-2-1 Comp:15-3-0 0.556MBps 29.9ms</bind>
  <bind>Comp:15-4-0 Comp:15-3-0 0.0207MBps 25.2ms</bind>
  <bind>Comp:15-3-0 Comp:15-4-0 0.0207MBps 25.2ms</bind>
  <bind>Comp:15-4-1 Comp:15-3-0 0.0207MBps 25.2ms</bind>
  <bind>Comp:15-3-0 Comp:15-4-1 0.0207MBps 25.2ms</bind>
  <bind>Comp:15-4-2 Comp:15-3-0 0.0207MBps 25.2ms</bind>
  <bind>Comp:15-3-0 Comp:15-4-2 0.0207MBps 25.2ms</bind>
  <bind>Comp:15-4-3 Comp:15-3-0 0.0207MBps 25.2ms</bind>
  <bind>Comp:15-3-0 Comp:15-4-3 0.0207MBps 25.2ms</bind>
  <bind>Comp:15-4-4 Comp:15-3-0 0.0207MBps 25.2ms</bind>
  <bind>Comp:15-3-0 Comp:15-4-4 0.0207MBps 25.2ms</bind>
  <bind>Comp:15-4-5 Comp:15-3-0 0.0207MBps 25.2ms</bind>
  <bind>Comp:15-3-0 Comp:15-4-5 0.0207MBps 25.2ms</bind>
  <bind>Comp:15-4-6 Comp:15-3-0 0.0207MBps 25.2ms</bind>
  <bind>Comp:15-3-0 Comp:15-4-6 0.0207MBps 25.2ms</bind>
  <bind>Comp:15-4-7 Comp:15-3-0 0.0207MBps 25.2ms</bind>
  <bind>Comp:15-3-0 Comp:15-4-7 0.0207MBps 25.2ms</bind>
  <bind>Comp:15-4-8 Comp:15-3-0 0.0207MBps 25.2ms</bind>
  <bind>Comp:15-3-0 Comp:15-4-8 0.0207MBps 25.2ms</bind>
  <bind>Comp:15-5-0 Comp:15-4-0 0.876MBps 47.7ms</bind>
  <bind>Comp:15-4-0 Comp:15-5-0 0.876MBps 47.7ms</bind>
  <bind>Comp:15-5-1 Comp:15-4-1 0.876MBps 47.7ms</bind>
  <bind>Comp:15-4-1 Comp:15-5-1 0.876MBps 47.7ms</bind>
  <bind>Comp:15-5-2 Comp:15-4-2 0.876MBps 47.7ms</bind>
  <bind>Comp:15-4-2 Comp:15-5-2 0.876MBps 47.7ms</bind>
  <bind>Comp:15-5-3 Comp:15-4-3 0.876MBps 47.7ms</bind>
  <bind>Comp:15-4-3 Comp:15-5-3 0.876MBps 47.7ms</bind>
  <bind>Comp:15-5-4 Comp:15-4-4 0.876MBps 47.7ms</bind>
  <bind>Comp:15-4-4 Comp:15-5-4 0.876MBps 47.7ms</bind>
  <bind>Comp:15-5-0 Comp:15-4-5 0.876MBps 47.7ms</bind>
  <bind>Comp:15-4-5 Comp:15-5-0 0.876MBps 47.7ms</bind>
  <bind>Comp:15-5-1 Comp:15-4-6 0.876MBps 47.7ms</bind>
  <bind>Comp:15-4-6 Comp:15-5-1 0.876MBps 47.7ms</bind>
  <bind>Comp:15-5-2 Comp:15-4-7 0.876MBps 47.7ms</bind>
  <bind>Comp:15-4-7 Comp:15-5-2 0.876MBps 47.7ms</bind>
  <bind>Comp:15-5-3 Comp:15-4-8 0.876MBps 47.7ms</bind>
  <bind>Comp:15-4-8 Comp:15-5-3 0.876MBps 47.7ms</bind>
  <bind>Comp:15-5-0 Appliance-23 0.105MBps 48.9ms</bind>
  <bind>Appliance-23 Comp:15-5-0 0.105MBps 48.9ms</bind>
  <bind>Comp:15-5-1 Appliance-27 0.105MBps 48.9ms</bind>
  <bind>Appliance-27 Comp:15-5-1 0.105MBps 48.9ms</bind>
  <bind>Comp:15-5-2 Appliance-28 0.105MBps 48.9ms</bind>
  <bind>Appliance-28 Comp:15-5-2 0.105MBps 48.9ms</bind>
  <bind>Comp:15-5-3 Appliance-9 0.105MBps 48.9ms</bind>
  <bind>Appliance-9 Comp:15-5-3 0.105MBps 48.9ms</bind>
  <bind>Comp:15-5-4 Appliance-9 0.105MBps 48.9ms</bind>
  <bind>Appliance-9 Comp:15-5-4 0.105MBps 48.9ms</bind>
</app>
<app>
  <id>App22</id>
<comp>
  <id>Comp:22-1-0</id>
  <CPU>0.313Gf</CPU>
  <RAM>0.179GB</RAM>
  <DISK>0.0208GB</DISK>
</comp>
<comp>
  <id>Comp:22-1-1</id>
  <CPU>0.313Gf</CPU>
  <RAM>0.179GB</RAM>
  <DISK>0.0208GB</DISK>
</comp>
<comp>
  <id>Comp:22-1-2</id>
  <CPU>0.313Gf</CPU>
  <RAM>0.179GB</RAM>
  <DISK>0.0208GB</DISK>
</comp>
<comp>
  <id>Comp:22-1-3</id>
  <CPU>0.313Gf</CPU>
  <RAM>0.179GB</RAM>
  <DISK>0.0208GB</DISK>
</comp>
<comp>
  <id>Comp:22-1-4</id>
  <CPU>0.313Gf</CPU>
  <RAM>0.179GB</RAM>
  <DISK>0.0208GB</DISK>
</comp>
<comp>
  <id>Comp:22-1-5</id>
  <CPU>0.313Gf</CPU>
  <RAM>0.179GB</RAM>
  <DISK>0.0208GB</DISK>
</comp>
<comp>
  <id>Comp:22-1-6</id>
  <CPU>0.313Gf</CPU>
  <RAM>0.179GB</RAM>
  <DISK>0.0208GB</DISK>
</comp>
<comp>
  <id>Comp:22-2-0</id>
  <CPU>0.463Gf</CPU>
  <RAM>0.462GB</RAM>
  <DISK>1.09GB</DISK>
</comp>
<comp>
  <id>Comp:22-2-1</id>
  <CPU>0.463Gf</CPU>
  <RAM>0.462GB</RAM>
  <DISK>1.09GB</DISK>
</comp>
  <bind>Comp:22-1-0 Appliance-15 0.0157MBps 48.8ms</bind>
  <bind>Appliance-15 Comp:22-1-0 0.0157MBps 48.8ms</bind>
  <bind>Comp:22-1-1 Appliance-18 0.0157MBps 48.8ms</bind>
  <bind>Appliance-18 Comp:22-1-1 0.0157MBps 48.8ms</bind>
  <bind>Comp:22-1-2 Appliance-30 0.0157MBps 48.8ms</bind>
  <bind>Appliance-30 Comp:22-1-2 0.0157MBps 48.8ms</bind>
  <bind>Comp:22-1-3 Appliance-22 0.0157MBps 48.8ms</bind>
  <bind>Appliance-22 Comp:22-1-3 0.0157MBps 48.8ms</bind>
  <bind>Comp:22-1-4 Appliance-5 0.0157MBps 48.8ms</bind>
  <bind>Appliance-5 Comp:22-1-4 0.0157MBps 48.8ms</bind>
  <bind>Comp:22-1-5 Appliance-1 0.0157MBps 48.8ms</bind>
  <bind>Appliance-1 Comp:22-1-5 0.0157MBps 48.8ms</bind>
  <bind>Comp:22-1-6 Appliance-12 0.0157MBps 48.8ms</bind>
  <bind>Appliance-12 Comp:22-1-6 0.0157MBps 48.8ms</bind>
  <bind>Comp:22-1-0 Appliance-30 0.0157MBps 48.8ms</bind>
  <bind>Appliance-30 Comp:22-1-0 0.0157MBps 48.8ms</bind>
  <bind>Comp:22-2-0 Comp:22-1-0 0.0787MBps 49.3ms</bind>
  <bind>Comp:22-1-0 Comp:22-2-0 0.0787MBps 49.3ms</bind>
  <bind>Comp:22-2-1 Comp:22-1-1 0.0787MBps 49.3ms</bind>
  <bind>Comp:22-1-1 Comp:22-2-1 0.0787MBps 49.3ms</bind>
  <bind>Comp:22-2-0 Comp:22-1-2 0.0787MBps 49.3ms</bind>
  <bind>Comp:22-1-2 Comp:22-2-0 0.0787MBps 49.3ms</bind>
  <bind>Comp:22-2-1 Comp:22-1-3 0.0787MBps 49.3ms</bind>
  <bind>Comp:22-1-3 Comp:22-2-1 0.0787MBps 49.3ms</bind>
  <bind>Comp:22-2-0 Comp:22-1-4 0.0787MBps 49.3ms</bind>
  <bind>Comp:22-1-4 Comp:22-2-0 0.0787MBps 49.3ms</bind>
  <bind>Comp:22-2-1 Comp:22-1-5 0.0787MBps 49.3ms</bind>
  <bind>Comp:22-1-5 Comp:22-2-1 0.0787MBps 49.3ms</bind>
  <bind>Comp:22-2-0 Comp:22-1-6 0.0787MBps 49.3ms</bind>
  <bind>Comp:22-1-6 Comp:22-2-0 0.0787MBps 49.3ms</bind>
  <bind>Comp:22-2-0 Appliance-15 0.287MBps 44.7ms</bind>
  <bind>Appliance-15 Comp:22-2-0 0.287MBps 44.7ms</bind>
  <bind>Comp:22-2-1 Appliance-26 0.287MBps 44.7ms</bind>
  <bind>Appliance-26 Comp:22-2-1 0.287MBps 44.7ms</bind>
  <bind>Comp:22-2-0 Appliance-17 0.287MBps 44.7ms</bind>
  <bind>Appliance-17 Comp:22-2-0 0.287MBps 44.7ms</bind>
  <bind>Comp:22-2-1 Appliance-1 0.287MBps 44.7ms</bind>
  <bind>Appliance-1 Comp:22-2-1 0.287MBps 44.7ms</bind>
  <bind>Comp:22-2-0 Appliance-18 0.287MBps 44.7ms</bind>
  <bind>Appliance-18 Comp:22-2-0 0.287MBps 44.7ms</bind>
  <bind>Comp:22-2-1 Appliance-17 0.287MBps 44.7ms</bind>
  <bind>Appliance-17 Comp:22-2-1 0.287MBps 44.7ms</bind>
</app>
<app>
  <id>App24</id>
<comp>
  <id>Comp:24-0-0</id>
  <CPU>0.261Gf</CPU>
  <RAM>0.772GB</RAM>
  <DISK>1.31GB</DISK>
</comp>
<comp>
  <id>Comp:24-0-1</id>
  <CPU>0.261Gf</CPU>
  <RAM>0.772GB</RAM>
  <DISK>1.31GB</DISK>
</comp>
<comp>
  <id>Comp:24-0-2</id>
  <CPU>0.261Gf</CPU>
  <RAM>0.772GB</RAM>
  <DISK>1.31GB</DISK>
</comp>
<comp>
  <id>Comp:24-0-3</id>
  <CPU>0.261Gf</CPU>
  <RAM>0.772GB</RAM>
  <DISK>1.31GB</DISK>
</comp>
<comp>
  <id>Comp:24-0-4</id>
  <CPU>0.261Gf</CPU>
  <RAM>0.772GB</RAM>
  <DISK>1.31GB</DISK>
</comp>
<comp>
  <id>Comp:24-0-5</id>
  <CPU>0.261Gf</CPU>
  <RAM>0.772GB</RAM>
  <DISK>1.31GB</DISK>
</comp>
<comp>
  <id>Comp:24-0-6</id>
  <CPU>0.261Gf</CPU>
  <RAM>0.772GB</RAM>
  <DISK>1.31GB</DISK>
</comp>
<comp>
  <id>Comp:24-0-7</id>
  <CPU>0.261Gf</CPU>
  <RAM>0.772GB</RAM>
  <DISK>1.31GB</DISK>
</comp>
<comp>
  <id>Comp:24-0-8</id>
  <CPU>0.261Gf</CPU>
  <RAM>0.772GB</RAM>
  <DISK>1.31GB</DISK>
</comp>
<comp>
  <id>Comp:24-0-9</id>
  <CPU>0.261Gf</CPU>
  <RAM>0.772GB</RAM>
  <DISK>1.31GB</DISK>
</comp>
<comp>
  <id>Comp:24-1-0</id>
  <CPU>0.436Gf</CPU>
  <RAM>0.419GB</RAM>
  <DISK>0.894GB</DISK>
</comp>
<comp>
  <id>Comp:24-1-1</id>
  <CPU>0.436Gf</CPU>
  <RAM>0.419GB</RAM>
  <DISK>0.894GB</DISK>
</comp>
<comp>
  <id>Comp:24-1-2</id>
  <CPU>0.436Gf</CPU>
  <RAM>0.419GB</RAM>
  <DISK>0.894GB</DISK>
</comp>
<comp>
  <id>Comp:24-1-3</id>
  <CPU>0.436Gf</CPU>
  <RAM>0.419GB</RAM>
  <DISK>0.894GB</DISK>
</comp>
<comp>
  <id>Comp:24-1-4</id>
  <CPU>0.436Gf</CPU>
  <RAM>0.419GB</RAM>
  <DISK>0.894GB</DISK>
</comp>
<comp>
  <id>Comp:24-1-5</id>
  <CPU>0.436Gf</CPU>
  <RAM>0.419GB</RAM>
  <DISK>0.894GB</DISK>
</comp>
<comp>
  <id>Comp:24-2-0</id>
  <CPU>0.102Gf</CPU>
  <RAM>0.903GB</RAM>
  <DISK>0.114GB</DISK>
</comp>
<comp>
  <id>Comp:24-2-1</id>
  <CPU>0.102Gf</CPU>
  <RAM>0.903GB</RAM>
  <DISK>0.114GB</DISK>
</comp>
<comp>
  <id>Comp:24-2-2</id>
  <CPU>0.102Gf</CPU>
  <RAM>0.903GB</RAM>
  <DISK>0.114GB</DISK>
</comp>
<comp>
  <id>Comp:24-2-3</id>
  <CPU>0.102Gf</CPU>
  <RAM>0.903GB</RAM>
  <DISK>0.114GB</DISK>
</comp>
<comp>
  <id>Comp:24-2-4</id>
  <CPU>0.102Gf</CPU>
  <RAM>0.903GB</RAM>
  <DISK>0.114GB</DISK>
</comp>
<comp>
  <id>Comp:24-2-5</id>
  <CPU>0.102Gf</CPU>
  <RAM>0.903GB</RAM>
  <DISK>0.114GB</DISK>
</comp>
<comp>
  <id>Comp:24-2-6</id>
  <CPU>0.102Gf</CPU>
  <RAM>0.903GB</RAM>
  <DISK>0.114GB</DISK>
</comp>
<comp>
  <id>Comp:24-2-7</id>
  <CPU>0.102Gf</CPU>
  <RAM>0.903GB</RAM>
  <DISK>0.114GB</DISK>
</comp>
<comp>
  <id>Comp:24-2-8</id>
  <CPU>0.102Gf</CPU>
  <RAM>0.903GB</RAM>
  <DISK>0.114GB</DISK>
</comp>
<comp>
  <id>Comp:24-3-0</id>
  <CPU>0.403Gf</CPU>
  <RAM>0.816GB</RAM>
  <DISK>0.89GB</DISK>
</comp>
<comp>
  <id>Comp:24-3-1</id>
  <CPU>0.403Gf</CPU>
  <RAM>0.816GB</RAM>
  <DISK>0.89GB</DISK>
</comp>
<comp>
  <id>Comp:24-3-2</id>
  <CPU>0.403Gf</CPU>
  <RAM>0.816GB</RAM>
  <DISK>0.89GB</DISK>
</comp>
<comp>
  <id>Comp:24-3-3</id>
  <CPU>0.403Gf</CPU>
  <RAM>0.816GB</RAM>
  <DISK>0.89GB</DISK>
</comp>
<comp>
  <id>Comp:24-3-4</id>
  <CPU>0.403Gf</CPU>
  <RAM>0.816GB</RAM>
  <DISK>0.89GB</DISK>
</comp>
<comp>
  <id>Comp:24-3-5</id>
  <CPU>0.403Gf</CPU>
  <RAM>0.816GB</RAM>
  <DISK>0.89GB</DISK>
</comp>
<comp>
  <id>Comp:24-3-6</id>
  <CPU>0.403Gf</CPU>
  <RAM>0.816GB</RAM>
  <DISK>0.89GB</DISK>
</comp>
  <bind>Comp:24-1-0 Comp:24-0-0 0.385MBps 46.3ms</bind>
  <bind>Comp:24-0-0 Comp:24-1-0 0.385MBps 46.3ms</bind>
  <bind>Comp:24-1-1 Comp:24-0-1 0.385MBps 46.3ms</bind>
  <bind>Comp:24-0-1 Comp:24-1-1 0.385MBps 46.3ms</bind>
  <bind>Comp:24-1-2 Comp:24-0-2 0.385MBps 46.3ms</bind>
  <bind>Comp:24-0-2 Comp:24-1-2 0.385MBps 46.3ms</bind>
  <bind>Comp:24-1-3 Comp:24-0-3 0.385MBps 46.3ms</bind>
  <bind>Comp:24-0-3 Comp:24-1-3 0.385MBps 46.3ms</bind>
  <bind>Comp:24-1-4 Comp:24-0-4 0.385MBps 46.3ms</bind>
  <bind>Comp:24-0-4 Comp:24-1-4 0.385MBps 46.3ms</bind>
  <bind>Comp:24-1-5 Comp:24-0-5 0.385MBps 46.3ms</bind>
  <bind>Comp:24-0-5 Comp:24-1-5 0.385MBps 46.3ms</bind>
  <bind>Comp:24-1-0 Comp:24-0-6 0.385MBps 46.3ms</bind>
  <bind>Comp:24-0-6 Comp:24-1-0 0.385MBps 46.3ms</bind>
  <bind>Comp:24-1-1 Comp:24-0-7 0.385MBps 46.3ms</bind>
  <bind>Comp:24-0-7 Comp:24-1-1 0.385MBps 46.3ms</bind>
  <bind>Comp:24-1-2 Comp:24-0-8 0.385MBps 46.3ms</bind>
  <bind>Comp:24-0-8 Comp:24-1-2 0.385MBps 46.3ms</bind>
  <bind>Comp:24-1-3 Comp:24-0-9 0.385MBps 46.3ms</bind>
  <bind>Comp:24-0-9 Comp:24-1-3 0.385MBps 46.3ms</bind>
  <bind>Comp:24-2-0 Comp:24-1-0 0.592MBps 39.1ms</bind>
  <bind>Comp:24-1-0 Comp:24-2-0 0.592MBps 39.1ms</bind>
  <bind>Comp:24-2-1 Comp:24-1-1 0.592MBps 39.1ms</bind>
  <bind>Comp:24-1-1 Comp:24-2-1 0.592MBps 39.1ms</bind>
  <bind>Comp:24-2-2 Comp:24-1-2 0.592MBps 39.1ms</bind>
  <bind>Comp:24-1-2 Comp:24-2-2 0.592MBps 39.1ms</bind>
  <bind>Comp:24-2-3 Comp:24-1-3 0.592MBps 39.1ms</bind>
  <bind>Comp:24-1-3 Comp:24-2-3 0.592MBps 39.1ms</bind>
  <bind>Comp:24-2-4 Comp:24-1-4 0.592MBps 39.1ms</bind>
  <bind>Comp:24-1-4 Comp:24-2-4 0.592MBps 39.1ms</bind>
  <bind>Comp:24-2-5 Comp:24-1-5 0.592MBps 39.1ms</bind>
  <bind>Comp:24-1-5 Comp:24-2-5 0.592MBps 39.1ms</bind>
  <bind>Comp:24-2-6 Comp:24-1-0 0.592MBps 39.1ms</bind>
  <bind>Comp:24-1-0 Comp:24-2-6 0.592MBps 39.1ms</bind>
  <bind>Comp:24-2-7 Comp:24-1-1 0.592MBps 39.1ms</bind>
  <bind>Comp:24-1-1 Comp:24-2-7 0.592MBps 39.1ms</bind>
  <bind>Comp:24-2-8 Comp:24-1-2 0.592MBps 39.1ms</bind>
  <bind>Comp:24-1-2 Comp:24-2-8 0.592MBps 39.1ms</bind>
  <bind>Comp:24-3-0 Comp:24-2-0 0.317MBps 29.5ms</bind>
  <bind>Comp:24-2-0 Comp:24-3-0 0.317MBps 29.5ms</bind>
  <bind>Comp:24-3-1 Comp:24-2-1 0.317MBps 29.5ms</bind>
  <bind>Comp:24-2-1 Comp:24-3-1 0.317MBps 29.5ms</bind>
  <bind>Comp:24-3-2 Comp:24-2-2 0.317MBps 29.5ms</bind>
  <bind>Comp:24-2-2 Comp:24-3-2 0.317MBps 29.5ms</bind>
  <bind>Comp:24-3-3 Comp:24-2-3 0.317MBps 29.5ms</bind>
  <bind>Comp:24-2-3 Comp:24-3-3 0.317MBps 29.5ms</bind>
  <bind>Comp:24-3-4 Comp:24-2-4 0.317MBps 29.5ms</bind>
  <bind>Comp:24-2-4 Comp:24-3-4 0.317MBps 29.5ms</bind>
  <bind>Comp:24-3-5 Comp:24-2-5 0.317MBps 29.5ms</bind>
  <bind>Comp:24-2-5 Comp:24-3-5 0.317MBps 29.5ms</bind>
  <bind>Comp:24-3-6 Comp:24-2-6 0.317MBps 29.5ms</bind>
  <bind>Comp:24-2-6 Comp:24-3-6 0.317MBps 29.5ms</bind>
  <bind>Comp:24-3-0 Comp:24-2-7 0.317MBps 29.5ms</bind>
  <bind>Comp:24-2-7 Comp:24-3-0 0.317MBps 29.5ms</bind>
  <bind>Comp:24-3-1 Comp:24-2-8 0.317MBps 29.5ms</bind>
  <bind>Comp:24-2-8 Comp:24-3-1 0.317MBps 29.5ms</bind>
  <bind>Comp:24-3-0 Appliance-28 0.429MBps 42.3ms</bind>
  <bind>Appliance-28 Comp:24-3-0 0.429MBps 42.3ms</bind>
  <bind>Comp:24-3-1 Appliance-32 0.429MBps 42.3ms</bind>
  <bind>Appliance-32 Comp:24-3-1 0.429MBps 42.3ms</bind>
  <bind>Comp:24-3-2 Appliance-2 0.429MBps 42.3ms</bind>
  <bind>Appliance-2 Comp:24-3-2 0.429MBps 42.3ms</bind>
  <bind>Comp:24-3-3 Appliance-2 0.429MBps 42.3ms</bind>
  <bind>Appliance-2 Comp:24-3-3 0.429MBps 42.3ms</bind>
  <bind>Comp:24-3-4 Appliance-39 0.429MBps 42.3ms</bind>
  <bind>Appliance-39 Comp:24-3-4 0.429MBps 42.3ms</bind>
  <bind>Comp:24-3-5 Appliance-19 0.429MBps 42.3ms</bind>
  <bind>Appliance-19 Comp:24-3-5 0.429MBps 42.3ms</bind>
  <bind>Comp:24-3-6 Appliance-8 0.429MBps 42.3ms</bind>
  <bind>Appliance-8 Comp:24-3-6 0.429MBps 42.3ms</bind>
  <bind>Comp:24-3-0 Appliance-2 0.429MBps 42.3ms</bind>
  <bind>Appliance-2 Comp:24-3-0 0.429MBps 42.3ms</bind>
  <bind>Comp:24-3-1 Appliance-27 0.429MBps 42.3ms</bind>
  <bind>Appliance-27 Comp:24-3-1 0.429MBps 42.3ms</bind>
  <bind>Comp:24-3-2 Appliance-39 0.429MBps 42.3ms</bind>
  <bind>Appliance-39 Comp:24-3-2 0.429MBps 42.3ms</bind>
</app>
</apps>
