<?xml version="1.0"?>
<apps>
<app>
  <id>App1</id>
<comp>
  <id>Comp:1-1-0</id>
  <CPU>0.681Gf</CPU>
  <RAM>0.284GB</RAM>
  <DISK>0.098GB</DISK>
</comp>
<comp>
  <id>Comp:1-1-1</id>
  <CPU>0.681Gf</CPU>
  <RAM>0.284GB</RAM>
  <DISK>0.098GB</DISK>
</comp>
<comp>
  <id>Comp:1-1-2</id>
  <CPU>0.681Gf</CPU>
  <RAM>0.284GB</RAM>
  <DISK>0.098GB</DISK>
</comp>
<comp>
  <id>Comp:1-1-3</id>
  <CPU>0.681Gf</CPU>
  <RAM>0.284GB</RAM>
  <DISK>0.098GB</DISK>
</comp>
<comp>
  <id>Comp:1-1-4</id>
  <CPU>0.681Gf</CPU>
  <RAM>0.284GB</RAM>
  <DISK>0.098GB</DISK>
</comp>
<comp>
  <id>Comp:1-1-5</id>
  <CPU>0.681Gf</CPU>
  <RAM>0.284GB</RAM>
  <DISK>0.098GB</DISK>
</comp>
<comp>
  <id>Comp:1-1-6</id>
  <CPU>0.681Gf</CPU>
  <RAM>0.284GB</RAM>
  <DISK>0.098GB</DISK>
</comp>
<comp>
  <id>Comp:1-1-7</id>
  <CPU>0.681Gf</CPU>
  <RAM>0.284GB</RAM>
  <DISK>0.098GB</DISK>
</comp>
<comp>
  <id>Comp:1-1-8</id>
  <CPU>0.681Gf</CPU>
  <RAM>0.284GB</RAM>
  <DISK>0.098GB</DISK>
</comp>
<comp>
  <id>Comp:1-1-9</id>
  <CPU>0.681Gf</CPU>
  <RAM>0.284GB</RAM>
  <DISK>0.098GB</DISK>
</comp>
<comp>
  <id>Comp:1-2-0</id>
  <CPU>0.247Gf</CPU>
  <RAM>0.247GB</RAM>
  <DISK>1.25GB</DISK>
</comp>
<comp>
  <id>Comp:1-2-1</id>
  <CPU>0.247Gf</CPU>
  <RAM>0.247GB</RAM>
  <DISK>1.25GB</DISK>
</comp>
<comp>
  <id>Comp:1-2-2</id>
  <CPU>0.247Gf</CPU>
  <RAM>0.247GB</RAM>
  <DISK>1.25GB</DISK>
</comp>
<comp>
  <id>Comp:1-2-3</id>
  <CPU>0.247Gf</CPU>
  <RAM>0.247GB</RAM>
  <DISK>1.25GB</DISK>
</comp>
<comp>
  <id>Comp:1-2-4</id>
  <CPU>0.247Gf</CPU>
  <RAM>0.247GB</RAM>
  <DISK>1.25GB</DISK>
</comp>
<comp>
  <id>Comp:1-2-5</id>
  <CPU>0.247Gf</CPU>
  <RAM>0.247GB</RAM>
  <DISK>1.25GB</DISK>
</comp>
<comp>
  <id>Comp:1-2-6</id>
  <CPU>0.247Gf</CPU>
  <RAM>0.247GB</RAM>
  <DISK>1.25GB</DISK>
</comp>
  <bind>Comp:1-1-0 Appliance-60 0.592MBps 28.4ms</bind>
  <bind>Appliance-60 Comp:1-1-0 0.592MBps 28.4ms</bind>
  <bind>Comp:1-1-1 Appliance-66 0.592MBps 28.4ms</bind>
  <bind>Appliance-66 Comp:1-1-1 0.592MBps 28.4ms</bind>
  <bind>Comp:1-1-2 Appliance-320 0.592MBps 28.4ms</bind>
  <bind>Appliance-320 Comp:1-1-2 0.592MBps 28.4ms</bind>
  <bind>Comp:1-1-3 Appliance-356 0.592MBps 28.4ms</bind>
  <bind>Appliance-356 Comp:1-1-3 0.592MBps 28.4ms</bind>
  <bind>Comp:1-1-4 Appliance-79 0.592MBps 28.4ms</bind>
  <bind>Appliance-79 Comp:1-1-4 0.592MBps 28.4ms</bind>
  <bind>Comp:1-1-5 Appliance-60 0.592MBps 28.4ms</bind>
  <bind>Appliance-60 Comp:1-1-5 0.592MBps 28.4ms</bind>
  <bind>Comp:1-1-6 Appliance-66 0.592MBps 28.4ms</bind>
  <bind>Appliance-66 Comp:1-1-6 0.592MBps 28.4ms</bind>
  <bind>Comp:1-1-7 Appliance-320 0.592MBps 28.4ms</bind>
  <bind>Appliance-320 Comp:1-1-7 0.592MBps 28.4ms</bind>
  <bind>Comp:1-1-8 Appliance-356 0.592MBps 28.4ms</bind>
  <bind>Appliance-356 Comp:1-1-8 0.592MBps 28.4ms</bind>
  <bind>Comp:1-1-9 Appliance-79 0.592MBps 28.4ms</bind>
  <bind>Appliance-79 Comp:1-1-9 0.592MBps 28.4ms</bind>
  <bind>Comp:1-1-0 Comp:1-2-0 0.0847MBps 26.5ms</bind>
  <bind>Comp:1-2-0 Comp:1-1-0 0.0847MBps 26.5ms</bind>
  <bind>Comp:1-1-1 Comp:1-2-1 0.0847MBps 26.5ms</bind>
  <bind>Comp:1-2-1 Comp:1-1-1 0.0847MBps 26.5ms</bind>
  <bind>Comp:1-1-2 Comp:1-2-2 0.0847MBps 26.5ms</bind>
  <bind>Comp:1-2-2 Comp:1-1-2 0.0847MBps 26.5ms</bind>
  <bind>Comp:1-1-3 Comp:1-2-3 0.0847MBps 26.5ms</bind>
  <bind>Comp:1-2-3 Comp:1-1-3 0.0847MBps 26.5ms</bind>
  <bind>Comp:1-1-4 Comp:1-2-4 0.0847MBps 26.5ms</bind>
  <bind>Comp:1-2-4 Comp:1-1-4 0.0847MBps 26.5ms</bind>
  <bind>Comp:1-1-5 Comp:1-2-5 0.0847MBps 26.5ms</bind>
  <bind>Comp:1-2-5 Comp:1-1-5 0.0847MBps 26.5ms</bind>
  <bind>Comp:1-1-6 Comp:1-2-6 0.0847MBps 26.5ms</bind>
  <bind>Comp:1-2-6 Comp:1-1-6 0.0847MBps 26.5ms</bind>
  <bind>Comp:1-1-7 Comp:1-2-0 0.0847MBps 26.5ms</bind>
  <bind>Comp:1-2-0 Comp:1-1-7 0.0847MBps 26.5ms</bind>
  <bind>Comp:1-1-8 Comp:1-2-1 0.0847MBps 26.5ms</bind>
  <bind>Comp:1-2-1 Comp:1-1-8 0.0847MBps 26.5ms</bind>
  <bind>Comp:1-1-9 Comp:1-2-2 0.0847MBps 26.5ms</bind>
  <bind>Comp:1-2-2 Comp:1-1-9 0.0847MBps 26.5ms</bind>
</app>
<app>
  <id>App10</id>
<comp>
  <id>Comp:10-1-0</id>
  <CPU>0.15Gf</CPU>
  <RAM>0.822GB</RAM>
  <DISK>0.502GB</DISK>
</comp>
<comp>
  <id>Comp:10-1-1</id>
  <CPU>0.15Gf</CPU>
  <RAM>0.822GB</RAM>
  <DISK>0.502GB</DISK>
</comp>
<comp>
  <id>Comp:10-1-2</id>
  <CPU>0.15Gf</CPU>
  <RAM>0.822GB</RAM>
  <DISK>0.502GB</DISK>
</comp>
<comp>
  <id>Comp:10-1-3</id>
  <CPU>0.15Gf</CPU>
  <RAM>0.822GB</RAM>
  <DISK>0.502GB</DISK>
</comp>
<comp>
  <id>Comp:10-1-4</id>
  <CPU>0.15Gf</CPU>
  <RAM>0.822GB</RAM>
  <DISK>0.502GB</DISK>
</comp>
<comp>
  <id>Comp:10-1-5</id>
  <CPU>0.15Gf</CPU>
  <RAM>0.822GB</RAM>
  <DISK>0.502GB</DISK>
</comp>
<comp>
  <id>Comp:10-1-6</id>
  <CPU>0.15Gf</CPU>
  <RAM>0.822GB</RAM>
  <DISK>0.502GB</DISK>
</comp>
<comp>
  <id>Comp:10-1-7</id>
  <CPU>0.15Gf</CPU>
  <RAM>0.822GB</RAM>
  <DISK>0.502GB</DISK>
</comp>
<comp>
  <id>Comp:10-2-0</id>
  <CPU>0.298Gf</CPU>
  <RAM>0.728GB</RAM>
  <DISK>1.64GB</DISK>
</comp>
<comp>
  <id>Comp:10-2-1</id>
  <CPU>0.298Gf</CPU>
  <RAM>0.728GB</RAM>
  <DISK>1.64GB</DISK>
</comp>
<comp>
  <id>Comp:10-2-2</id>
  <CPU>0.298Gf</CPU>
  <RAM>0.728GB</RAM>
  <DISK>1.64GB</DISK>
</comp>
<comp>
  <id>Comp:10-2-3</id>
  <CPU>0.298Gf</CPU>
  <RAM>0.728GB</RAM>
  <DISK>1.64GB</DISK>
</comp>
<comp>
  <id>Comp:10-2-4</id>
  <CPU>0.298Gf</CPU>
  <RAM>0.728GB</RAM>
  <DISK>1.64GB</DISK>
</comp>
<comp>
  <id>Comp:10-2-5</id>
  <CPU>0.298Gf</CPU>
  <RAM>0.728GB</RAM>
  <DISK>1.64GB</DISK>
</comp>
<comp>
  <id>Comp:10-2-6</id>
  <CPU>0.298Gf</CPU>
  <RAM>0.728GB</RAM>
  <DISK>1.64GB</DISK>
</comp>
<comp>
  <id>Comp:10-3-0</id>
  <CPU>0.683Gf</CPU>
  <RAM>0.473GB</RAM>
  <DISK>0.044GB</DISK>
</comp>
<comp>
  <id>Comp:10-3-1</id>
  <CPU>0.683Gf</CPU>
  <RAM>0.473GB</RAM>
  <DISK>0.044GB</DISK>
</comp>
<comp>
  <id>Comp:10-3-2</id>
  <CPU>0.683Gf</CPU>
  <RAM>0.473GB</RAM>
  <DISK>0.044GB</DISK>
</comp>
<comp>
  <id>Comp:10-3-3</id>
  <CPU>0.683Gf</CPU>
  <RAM>0.473GB</RAM>
  <DISK>0.044GB</DISK>
</comp>
<comp>
  <id>Comp:10-3-4</id>
  <CPU>0.683Gf</CPU>
  <RAM>0.473GB</RAM>
  <DISK>0.044GB</DISK>
</comp>
<comp>
  <id>Comp:10-4-0</id>
  <CPU>0.358Gf</CPU>
  <RAM>0.105GB</RAM>
  <DISK>0.578GB</DISK>
</comp>
<comp>
  <id>Comp:10-4-1</id>
  <CPU>0.358Gf</CPU>
  <RAM>0.105GB</RAM>
  <DISK>0.578GB</DISK>
</comp>
<comp>
  <id>Comp:10-4-2</id>
  <CPU>0.358Gf</CPU>
  <RAM>0.105GB</RAM>
  <DISK>0.578GB</DISK>
</comp>
<comp>
  <id>Comp:10-4-3</id>
  <CPU>0.358Gf</CPU>
  <RAM>0.105GB</RAM>
  <DISK>0.578GB</DISK>
</comp>
<comp>
  <id>Comp:10-4-4</id>
  <CPU>0.358Gf</CPU>
  <RAM>0.105GB</RAM>
  <DISK>0.578GB</DISK>
</comp>
<comp>
  <id>Comp:10-4-5</id>
  <CPU>0.358Gf</CPU>
  <RAM>0.105GB</RAM>
  <DISK>0.578GB</DISK>
</comp>
  <bind>Comp:10-1-0 Appliance-379 0.218MBps 36.1ms</bind>
  <bind>Appliance-379 Comp:10-1-0 0.218MBps 36.1ms</bind>
  <bind>Comp:10-1-1 Appliance-216 0.218MBps 36.1ms</bind>
  <bind>Appliance-216 Comp:10-1-1 0.218MBps 36.1ms</bind>
  <bind>Comp:10-1-2 Appliance-278 0.218MBps 36.1ms</bind>
  <bind>Appliance-278 Comp:10-1-2 0.218MBps 36.1ms</bind>
  <bind>Comp:10-1-3 Appliance-57 0.218MBps 36.1ms</bind>
  <bind>Appliance-57 Comp:10-1-3 0.218MBps 36.1ms</bind>
  <bind>Comp:10-1-4 Appliance-369 0.218MBps 36.1ms</bind>
  <bind>Appliance-369 Comp:10-1-4 0.218MBps 36.1ms</bind>
  <bind>Comp:10-1-5 Appliance-245 0.218MBps 36.1ms</bind>
  <bind>Appliance-245 Comp:10-1-5 0.218MBps 36.1ms</bind>
  <bind>Comp:10-1-6 Appliance-195 0.218MBps 36.1ms</bind>
  <bind>Appliance-195 Comp:10-1-6 0.218MBps 36.1ms</bind>
  <bind>Comp:10-1-7 Appliance-204 0.218MBps 36.1ms</bind>
  <bind>Appliance-204 Comp:10-1-7 0.218MBps 36.1ms</bind>
  <bind>Comp:10-1-0 Appliance-203 0.218MBps 36.1ms</bind>
  <bind>Appliance-203 Comp:10-1-0 0.218MBps 36.1ms</bind>
  <bind>Comp:10-1-1 Appliance-380 0.218MBps 36.1ms</bind>
  <bind>Appliance-380 Comp:10-1-1 0.218MBps 36.1ms</bind>
  <bind>Comp:10-2-0 Comp:10-1-0 0.365MBps 45.1ms</bind>
  <bind>Comp:10-1-0 Comp:10-2-0 0.365MBps 45.1ms</bind>
  <bind>Comp:10-2-1 Comp:10-1-1 0.365MBps 45.1ms</bind>
  <bind>Comp:10-1-1 Comp:10-2-1 0.365MBps 45.1ms</bind>
  <bind>Comp:10-2-2 Comp:10-1-2 0.365MBps 45.1ms</bind>
  <bind>Comp:10-1-2 Comp:10-2-2 0.365MBps 45.1ms</bind>
  <bind>Comp:10-2-3 Comp:10-1-3 0.365MBps 45.1ms</bind>
  <bind>Comp:10-1-3 Comp:10-2-3 0.365MBps 45.1ms</bind>
  <bind>Comp:10-2-4 Comp:10-1-4 0.365MBps 45.1ms</bind>
  <bind>Comp:10-1-4 Comp:10-2-4 0.365MBps 45.1ms</bind>
  <bind>Comp:10-2-5 Comp:10-1-5 0.365MBps 45.1ms</bind>
  <bind>Comp:10-1-5 Comp:10-2-5 0.365MBps 45.1ms</bind>
  <bind>Comp:10-2-6 Comp:10-1-6 0.365MBps 45.1ms</bind>
  <bind>Comp:10-1-6 Comp:10-2-6 0.365MBps 45.1ms</bind>
  <bind>Comp:10-2-0 Comp:10-1-7 0.365MBps 45.1ms</bind>
  <bind>Comp:10-1-7 Comp:10-2-0 0.365MBps 45.1ms</bind>
  <bind>Comp:10-3-0 Comp:10-2-0 0.0566MBps 43.7ms</bind>
  <bind>Comp:10-2-0 Comp:10-3-0 0.0566MBps 43.7ms</bind>
  <bind>Comp:10-3-1 Comp:10-2-1 0.0566MBps 43.7ms</bind>
  <bind>Comp:10-2-1 Comp:10-3-1 0.0566MBps 43.7ms</bind>
  <bind>Comp:10-3-2 Comp:10-2-2 0.0566MBps 43.7ms</bind>
  <bind>Comp:10-2-2 Comp:10-3-2 0.0566MBps 43.7ms</bind>
  <bind>Comp:10-3-3 Comp:10-2-3 0.0566MBps 43.7ms</bind>
  <bind>Comp:10-2-3 Comp:10-3-3 0.0566MBps 43.7ms</bind>
  <bind>Comp:10-3-4 Comp:10-2-4 0.0566MBps 43.7ms</bind>
  <bind>Comp:10-2-4 Comp:10-3-4 0.0566MBps 43.7ms</bind>
  <bind>Comp:10-3-0 Comp:10-2-5 0.0566MBps 43.7ms</bind>
  <bind>Comp:10-2-5 Comp:10-3-0 0.0566MBps 43.7ms</bind>
  <bind>Comp:10-3-1 Comp:10-2-6 0.0566MBps 43.7ms</bind>
  <bind>Comp:10-2-6 Comp:10-3-1 0.0566MBps 43.7ms</bind>
  <bind>Comp:10-4-0 Comp:10-3-0 0.914MBps 26.9ms</bind>
  <bind>Comp:10-3-0 Comp:10-4-0 0.914MBps 26.9ms</bind>
  <bind>Comp:10-4-1 Comp:10-3-1 0.914MBps 26.9ms</bind>
  <bind>Comp:10-3-1 Comp:10-4-1 0.914MBps 26.9ms</bind>
  <bind>Comp:10-4-2 Comp:10-3-2 0.914MBps 26.9ms</bind>
  <bind>Comp:10-3-2 Comp:10-4-2 0.914MBps 26.9ms</bind>
  <bind>Comp:10-4-3 Comp:10-3-3 0.914MBps 26.9ms</bind>
  <bind>Comp:10-3-3 Comp:10-4-3 0.914MBps 26.9ms</bind>
  <bind>Comp:10-4-4 Comp:10-3-4 0.914MBps 26.9ms</bind>
  <bind>Comp:10-3-4 Comp:10-4-4 0.914MBps 26.9ms</bind>
  <bind>Comp:10-4-5 Comp:10-3-0 0.914MBps 26.9ms</bind>
  <bind>Comp:10-3-0 Comp:10-4-5 0.914MBps 26.9ms</bind>
  <bind>Comp:10-4-0 Appliance-57 0.979MBps 25.6ms</bind>
  <bind>Appliance-57 Comp:10-4-0 0.979MBps 25.6ms</bind>
  <bind>Comp:10-4-1 Appliance-367 0.979MBps 25.6ms</bind>
  <bind>Appliance-367 Comp:10-4-1 0.979MBps 25.6ms</bind>
  <bind>Comp:10-4-2 Appliance-293 0.979MBps 25.6ms</bind>
  <bind>Appliance-293 Comp:10-4-2 0.979MBps 25.6ms</bind>
  <bind>Comp:10-4-3 Appliance-142 0.979MBps 25.6ms</bind>
  <bind>Appliance-142 Comp:10-4-3 0.979MBps 25.6ms</bind>
  <bind>Comp:10-4-4 Appliance-74 0.979MBps 25.6ms</bind>
  <bind>Appliance-74 Comp:10-4-4 0.979MBps 25.6ms</bind>
  <bind>Comp:10-4-5 Appliance-57 0.979MBps 25.6ms</bind>
  <bind>Appliance-57 Comp:10-4-5 0.979MBps 25.6ms</bind>
</app>
<app>
  <id>App11</id>
<comp>
  <id>Comp:11-1-0</id>
  <CPU>0.96Gf</CPU>
  <RAM>0.147GB</RAM>
  <DISK>1.53GB</DISK>
</comp>
<comp>
  <id>Comp:11-1-1</id>
  <CPU>0.96Gf</CPU>
  <RAM>0.147GB</RAM>
  <DISK>1.53GB</DISK>
</comp>
<comp>
  <id>Comp:11-1-2</id>
  <CPU>0.96Gf</CPU>
  <RAM>0.147GB</RAM>
  <DISK>1.53GB</DISK>
</comp>
<comp>
  <id>Comp:11-1-3</id>
  <CPU>0.96Gf</CPU>
  <RAM>0.147GB</RAM>
  <DISK>1.53GB</DISK>
</comp>
<comp>
  <id>Comp:11-2-0</id>
  <CPU>0.9Gf</CPU>
  <RAM>0.196GB</RAM>
  <DISK>1.41GB</DISK>
</comp>
<comp>
  <id>Comp:11-2-1</id>
  <CPU>0.9Gf</CPU>
  <RAM>0.196GB</RAM>
  <DISK>1.41GB</DISK>
</comp>
<comp>
  <id>Comp:11-2-2</id>
  <CPU>0.9Gf</CPU>
  <RAM>0.196GB</RAM>
  <DISK>1.41GB</DISK>
</comp>
<comp>
  <id>Comp:11-2-3</id>
  <CPU>0.9Gf</CPU>
  <RAM>0.196GB</RAM>
  <DISK>1.41GB</DISK>
</comp>
<comp>
  <id>Comp:11-2-4</id>
  <CPU>0.9Gf</CPU>
  <RAM>0.196GB</RAM>
  <DISK>1.41GB</DISK>
</comp>
<comp>
  <id>Comp:11-2-5</id>
  <CPU>0.9Gf</CPU>
  <RAM>0.196GB</RAM>
  <DISK>1.41GB</DISK>
</comp>
<comp>
  <id>Comp:11-2-6</id>
  <CPU>0.9Gf</CPU>
  <RAM>0.196GB</RAM>
  <DISK>1.41GB</DISK>
</comp>
<comp>
  <id>Comp:11-2-7</id>
  <CPU>0.9Gf</CPU>
  <RAM>0.196GB</RAM>
  <DISK>1.41GB</DISK>
</comp>
<comp>
  <id>Comp:11-3-0</id>
  <CPU>0.188Gf</CPU>
  <RAM>0.474GB</RAM>
  <DISK>1.36GB</DISK>
</comp>
<comp>
  <id>Comp:11-3-1</id>
  <CPU>0.188Gf</CPU>
  <RAM>0.474GB</RAM>
  <DISK>1.36GB</DISK>
</comp>
<comp>
  <id>Comp:11-3-2</id>
  <CPU>0.188Gf</CPU>
  <RAM>0.474GB</RAM>
  <DISK>1.36GB</DISK>
</comp>
<comp>
  <id>Comp:11-3-3</id>
  <CPU>0.188Gf</CPU>
  <RAM>0.474GB</RAM>
  <DISK>1.36GB</DISK>
</comp>
<comp>
  <id>Comp:11-3-4</id>
  <CPU>0.188Gf</CPU>
  <RAM>0.474GB</RAM>
  <DISK>1.36GB</DISK>
</comp>
<comp>
  <id>Comp:11-3-5</id>
  <CPU>0.188Gf</CPU>
  <RAM>0.474GB</RAM>
  <DISK>1.36GB</DISK>
</comp>
<comp>
  <id>Comp:11-3-6</id>
  <CPU>0.188Gf</CPU>
  <RAM>0.474GB</RAM>
  <DISK>1.36GB</DISK>
</comp>
<comp>
  <id>Comp:11-3-7</id>
  <CPU>0.188Gf</CPU>
  <RAM>0.474GB</RAM>
  <DISK>1.36GB</DISK>
</comp>
<comp>
  <id>Comp:11-3-8</id>
  <CPU>0.188Gf</CPU>
  <RAM>0.474GB</RAM>
  <DISK>1.36GB</DISK>
</comp>
<comp>
  <id>Comp:11-3-9</id>
  <CPU>0.188Gf</CPU>
  <RAM>0.474GB</RAM>
  <DISK>1.36GB</DISK>
</comp>
<comp>
  <id>Comp:11-4-0</id>
  <CPU>0.307Gf</CPU>
  <RAM>0.963GB</RAM>
  <DISK>0.953GB</DISK>
</comp>
<comp>
  <id>Comp:11-4-1</id>
  <CPU>0.307Gf</CPU>
  <RAM>0.963GB</RAM>
  <DISK>0.953GB</DISK>
</comp>
<comp>
  <id>Comp:11-4-2</id>
  <CPU>0.307Gf</CPU>
  <RAM>0.963GB</RAM>
  <DISK>0.953GB</DISK>
</comp>
<comp>
  <id>Comp:11-4-3</id>
  <CPU>0.307Gf</CPU>
  <RAM>0.963GB</RAM>
  <DISK>0.953GB</DISK>
</comp>
<comp>
  <id>Comp:11-4-4</id>
  <CPU>0.307Gf</CPU>
  <RAM>0.963GB</RAM>
  <DISK>0.953GB</DISK>
</comp>
<comp>
  <id>Comp:11-4-5</id>
  <CPU>0.307Gf</CPU>
  <RAM>0.963GB</RAM>
  <DISK>0.953GB</DISK>
</comp>
<comp>
  <id>Comp:11-4-6</id>
  <CPU>0.307Gf</CPU>
  <RAM>0.963GB</RAM>
  <DISK>0.953GB</DISK>
</comp>
<comp>
  <id>Comp:11-4-7</id>
  <CPU>0.307Gf</CPU>
  <RAM>0.963GB</RAM>
  <DISK>0.953GB</DISK>
</comp>
<comp>
  <id>Comp:11-4-8</id>
  <CPU>0.307Gf</CPU>
  <RAM>0.963GB</RAM>
  <DISK>0.953GB</DISK>
</comp>
<comp>
  <id>Comp:11-4-9</id>
  <CPU>0.307Gf</CPU>
  <RAM>0.963GB</RAM>
  <DISK>0.953GB</DISK>
</comp>
<comp>
  <id>Comp:11-5-0</id>
  <CPU>0.851Gf</CPU>
  <RAM>0.58GB</RAM>
  <DISK>0.549GB</DISK>
</comp>
<comp>
  <id>Comp:11-5-1</id>
  <CPU>0.851Gf</CPU>
  <RAM>0.58GB</RAM>
  <DISK>0.549GB</DISK>
</comp>
<comp>
  <id>Comp:11-5-2</id>
  <CPU>0.851Gf</CPU>
  <RAM>0.58GB</RAM>
  <DISK>0.549GB</DISK>
</comp>
<comp>
  <id>Comp:11-5-3</id>
  <CPU>0.851Gf</CPU>
  <RAM>0.58GB</RAM>
  <DISK>0.549GB</DISK>
</comp>
<comp>
  <id>Comp:11-5-4</id>
  <CPU>0.851Gf</CPU>
  <RAM>0.58GB</RAM>
  <DISK>0.549GB</DISK>
</comp>
<comp>
  <id>Comp:11-5-5</id>
  <CPU>0.851Gf</CPU>
  <RAM>0.58GB</RAM>
  <DISK>0.549GB</DISK>
</comp>
<comp>
  <id>Comp:11-5-6</id>
  <CPU>0.851Gf</CPU>
  <RAM>0.58GB</RAM>
  <DISK>0.549GB</DISK>
</comp>
<comp>
  <id>Comp:11-5-7</id>
  <CPU>0.851Gf</CPU>
  <RAM>0.58GB</RAM>
  <DISK>0.549GB</DISK>
</comp>
<comp>
  <id>Comp:11-5-8</id>
  <CPU>0.851Gf</CPU>
  <RAM>0.58GB</RAM>
  <DISK>0.549GB</DISK>
</comp>
  <bind>Comp:11-1-0 Appliance-241 0.514MBps 30.5ms</bind>
  <bind>Appliance-241 Comp:11-1-0 0.514MBps 30.5ms</bind>
  <bind>Comp:11-1-1 Appliance-190 0.514MBps 30.5ms</bind>
  <bind>Appliance-190 Comp:11-1-1 0.514MBps 30.5ms</bind>
  <bind>Comp:11-1-2 Appliance-353 0.514MBps 30.5ms</bind>
  <bind>Appliance-353 Comp:11-1-2 0.514MBps 30.5ms</bind>
  <bind>Comp:11-1-3 Appliance-397 0.514MBps 30.5ms</bind>
  <bind>Appliance-397 Comp:11-1-3 0.514MBps 30.5ms</bind>
  <bind>Comp:11-1-0 Appliance-124 0.514MBps 30.5ms</bind>
  <bind>Appliance-124 Comp:11-1-0 0.514MBps 30.5ms</bind>
  <bind>Comp:11-1-1 Appliance-86 0.514MBps 30.5ms</bind>
  <bind>Appliance-86 Comp:11-1-1 0.514MBps 30.5ms</bind>
  <bind>Comp:11-1-2 Appliance-38 0.514MBps 30.5ms</bind>
  <bind>Appliance-38 Comp:11-1-2 0.514MBps 30.5ms</bind>
  <bind>Comp:11-1-3 Appliance-375 0.514MBps 30.5ms</bind>
  <bind>Appliance-375 Comp:11-1-3 0.514MBps 30.5ms</bind>
  <bind>Comp:11-1-0 Appliance-134 0.514MBps 30.5ms</bind>
  <bind>Appliance-134 Comp:11-1-0 0.514MBps 30.5ms</bind>
  <bind>Comp:11-1-1 Appliance-349 0.514MBps 30.5ms</bind>
  <bind>Appliance-349 Comp:11-1-1 0.514MBps 30.5ms</bind>
  <bind>Comp:11-2-0 Comp:11-1-0 0.329MBps 36.9ms</bind>
  <bind>Comp:11-1-0 Comp:11-2-0 0.329MBps 36.9ms</bind>
  <bind>Comp:11-2-1 Comp:11-1-1 0.329MBps 36.9ms</bind>
  <bind>Comp:11-1-1 Comp:11-2-1 0.329MBps 36.9ms</bind>
  <bind>Comp:11-2-2 Comp:11-1-2 0.329MBps 36.9ms</bind>
  <bind>Comp:11-1-2 Comp:11-2-2 0.329MBps 36.9ms</bind>
  <bind>Comp:11-2-3 Comp:11-1-3 0.329MBps 36.9ms</bind>
  <bind>Comp:11-1-3 Comp:11-2-3 0.329MBps 36.9ms</bind>
  <bind>Comp:11-2-4 Comp:11-1-0 0.329MBps 36.9ms</bind>
  <bind>Comp:11-1-0 Comp:11-2-4 0.329MBps 36.9ms</bind>
  <bind>Comp:11-2-5 Comp:11-1-1 0.329MBps 36.9ms</bind>
  <bind>Comp:11-1-1 Comp:11-2-5 0.329MBps 36.9ms</bind>
  <bind>Comp:11-2-6 Comp:11-1-2 0.329MBps 36.9ms</bind>
  <bind>Comp:11-1-2 Comp:11-2-6 0.329MBps 36.9ms</bind>
  <bind>Comp:11-2-7 Comp:11-1-3 0.329MBps 36.9ms</bind>
  <bind>Comp:11-1-3 Comp:11-2-7 0.329MBps 36.9ms</bind>
  <bind>Comp:11-3-0 Comp:11-2-0 0.693MBps 35.5ms</bind>
  <bind>Comp:11-2-0 Comp:11-3-0 0.693MBps 35.5ms</bind>
  <bind>Comp:11-3-1 Comp:11-2-1 0.693MBps 35.5ms</bind>
  <bind>Comp:11-2-1 Comp:11-3-1 0.693MBps 35.5ms</bind>
  <bind>Comp:11-3-2 Comp:11-2-2 0.693MBps 35.5ms</bind>
  <bind>Comp:11-2-2 Comp:11-3-2 0.693MBps 35.5ms</bind>
  <bind>Comp:11-3-3 Comp:11-2-3 0.693MBps 35.5ms</bind>
  <bind>Comp:11-2-3 Comp:11-3-3 0.693MBps 35.5ms</bind>
  <bind>Comp:11-3-4 Comp:11-2-4 0.693MBps 35.5ms</bind>
  <bind>Comp:11-2-4 Comp:11-3-4 0.693MBps 35.5ms</bind>
  <bind>Comp:11-3-5 Comp:11-2-5 0.693MBps 35.5ms</bind>
  <bind>Comp:11-2-5 Comp:11-3-5 0.693MBps 35.5ms</bind>
  <bind>Comp:11-3-6 Comp:11-2-6 0.693MBps 35.5ms</bind>
  <bind>Comp:11-2-6 Comp:11-3-6 0.693MBps 35.5ms</bind>
  <bind>Comp:11-3-7 Comp:11-2-7 0.693MBps 35.5ms</bind>
  <bind>Comp:11-2-7 Comp:11-3-7 0.693MBps 35.5ms</bind>
  <bind>Comp:11-3-8 Comp:11-2-0 0.693MBps 35.5ms</bind>
  <bind>Comp:11-2-0 Comp:11-3-8 0.693MBps 35.5ms</bind>
  <bind>Comp:11-3-9 Comp:11-2-1 0.693MBps 35.5ms</bind>
  <bind>Comp:11-2-1 Comp:11-3-9 0.693MBps 35.5ms</bind>
  <bind>Comp:11-4-0 Comp:11-3-0 0.857MBps 31.0ms</bind>
  <bind>Comp:11-3-0 Comp:11-4-0 0.857MBps 31.0ms</bind>
  <bind>Comp:11-4-1 Comp:11-3-1 0.857MBps 31.0ms</bind>
  <bind>Comp:11-3-1 Comp:11-4-1 0.857MBps 31.0ms</bind>
  <bind>Comp:11-4-2 Comp:11-3-2 0.857MBps 31.0ms</bind>
  <bind>Comp:11-3-2 Comp:11-4-2 0.857MBps 31.0ms</bind>
  <bind>Comp:11-4-3 Comp:11-3-3 0.857MBps 31.0ms</bind>
  <bind>Comp:11-3-3 Comp:11-4-3 0.857MBps 31.0ms</bind>
  <bind>Comp:11-4-4 Comp:11-3-4 0.857MBps 31.0ms</bind>
  <bind>Comp:11-3-4 Comp:11-4-4 0.857MBps 31.0ms</bind>
  <bind>Comp:11-4-5 Comp:11-3-5 0.857MBps 31.0ms</bind>
  <bind>Comp:11-3-5 Comp:11-4-5 0.857MBps 31.0ms</bind>
  <bind>Comp:11-4-6 Comp:11-3-6 0.857MBps 31.0ms</bind>
  <bind>Comp:11-3-6 Comp:11-4-6 0.857MBps 31.0ms</bind>
  <bind>Comp:11-4-7 Comp:11-3-7 0.857MBps 31.0ms</bind>
  <bind>Comp:11-3-7 Comp:11-4-7 0.857MBps 31.0ms</bind>
  <bind>Comp:11-4-8 Comp:11-3-8 0.857MBps 31.0ms</bind>
  <bind>Comp:11-3-8 Comp:11-4-8 0.857MBps 31.0ms</bind>
  <bind>Comp:11-4-9 Comp:11-3-9 0.857MBps 31.0ms</bind>
  <bind>Comp:11-3-9 Comp:11-4-9 0.857MBps 31.0ms</bind>
  <bind>Comp:11-4-0 Comp:11-5-0 0.514MBps 34.3ms</bind>
  <bind>Comp:11-5-0 Comp:11-4-0 0.514MBps 34.3ms</bind>
  <bind>Comp:11-4-1 Comp:11-5-1 0.514MBps 34.3ms</bind>
  <bind>Comp:11-5-1 Comp:11-4-1 0.514MBps 34.3ms</bind>
  <bind>Comp:11-4-2 Comp:11-5-2 0.514MBps 34.3ms</bind>
  <bind>Comp:11-5-2 Comp:11-4-2 0.514MBps 34.3ms</bind>
  <bind>Comp:11-4-3 Comp:11-5-3 0.514MBps 34.3ms</bind>
  <bind>Comp:11-5-3 Comp:11-4-3 0.514MBps 34.3ms</bind>
  <bind>Comp:11-4-4 Comp:11-5-4 0.514MBps 34.3ms</bind>
  <bind>Comp:11-5-4 Comp:11-4-4 0.514MBps 34.3ms</bind>
  <bind>Comp:11-4-5 Comp:11-5-5 0.514MBps 34.3ms</bind>
  <bind>Comp:11-5-5 Comp:11-4-5 0.514MBps 34.3ms</bind>
  <bind>Comp:11-4-6 Comp:11-5-6 0.514MBps 34.3ms</bind>
  <bind>Comp:11-5-6 Comp:11-4-6 0.514MBps 34.3ms</bind>
  <bind>Comp:11-4-7 Comp:11-5-7 0.514MBps 34.3ms</bind>
  <bind>Comp:11-5-7 Comp:11-4-7 0.514MBps 34.3ms</bind>
  <bind>Comp:11-4-8 Comp:11-5-8 0.514MBps 34.3ms</bind>
  <bind>Comp:11-5-8 Comp:11-4-8 0.514MBps 34.3ms</bind>
  <bind>Comp:11-4-9 Comp:11-5-0 0.514MBps 34.3ms</bind>
  <bind>Comp:11-5-0 Comp:11-4-9 0.514MBps 34.3ms</bind>
</app>
<app>
  <id>App12</id>
<comp>
  <id>Comp:12-0-0</id>
  <CPU>0.27Gf</CPU>
  <RAM>0.255GB</RAM>
  <DISK>1.42GB</DISK>
</comp>
<comp>
  <id>Comp:12-1-0</id>
  <CPU>0.208Gf</CPU>
  <RAM>0.208GB</RAM>
  <DISK>0.816GB</DISK>
</comp>
<comp>
  <id>Comp:12-1-1</id>
  <CPU>0.208Gf</CPU>
  <RAM>0.208GB</RAM>
  <DISK>0.816GB</DISK>
</comp>
<comp>
  <id>Comp:12-1-2</id>
  <CPU>0.208Gf</CPU>
  <RAM>0.208GB</RAM>
  <DISK>0.816GB</DISK>
</comp>
<comp>
  <id>Comp:12-1-3</id>
  <CPU>0.208Gf</CPU>
  <RAM>0.208GB</RAM>
  <DISK>0.816GB</DISK>
</comp>
<comp>
  <id>Comp:12-2-0</id>
  <CPU>0.141Gf</CPU>
  <RAM>0.188GB</RAM>
  <DISK>1.35GB</DISK>
</comp>
  <bind>Comp:12-1-0 Comp:12-0-0 0.754MBps 36.0ms</bind>
  <bind>Comp:12-0-0 Comp:12-1-0 0.754MBps 36.0ms</bind>
  <bind>Comp:12-1-1 Comp:12-0-0 0.754MBps 36.0ms</bind>
  <bind>Comp:12-0-0 Comp:12-1-1 0.754MBps 36.0ms</bind>
  <bind>Comp:12-1-2 Comp:12-0-0 0.754MBps 36.0ms</bind>
  <bind>Comp:12-0-0 Comp:12-1-2 0.754MBps 36.0ms</bind>
  <bind>Comp:12-1-3 Comp:12-0-0 0.754MBps 36.0ms</bind>
  <bind>Comp:12-0-0 Comp:12-1-3 0.754MBps 36.0ms</bind>
  <bind>Comp:12-2-0 Comp:12-1-0 0.524MBps 40.2ms</bind>
  <bind>Comp:12-1-0 Comp:12-2-0 0.524MBps 40.2ms</bind>
  <bind>Comp:12-2-0 Comp:12-1-1 0.524MBps 40.2ms</bind>
  <bind>Comp:12-1-1 Comp:12-2-0 0.524MBps 40.2ms</bind>
  <bind>Comp:12-2-0 Comp:12-1-2 0.524MBps 40.2ms</bind>
  <bind>Comp:12-1-2 Comp:12-2-0 0.524MBps 40.2ms</bind>
  <bind>Comp:12-2-0 Comp:12-1-3 0.524MBps 40.2ms</bind>
  <bind>Comp:12-1-3 Comp:12-2-0 0.524MBps 40.2ms</bind>
  <bind>Comp:12-2-0 Appliance-64 0.546MBps 40.8ms</bind>
  <bind>Appliance-64 Comp:12-2-0 0.546MBps 40.8ms</bind>
  <bind>Comp:12-2-0 Appliance-31 0.546MBps 40.8ms</bind>
  <bind>Appliance-31 Comp:12-2-0 0.546MBps 40.8ms</bind>
  <bind>Comp:12-2-0 Appliance-209 0.546MBps 40.8ms</bind>
  <bind>Appliance-209 Comp:12-2-0 0.546MBps 40.8ms</bind>
  <bind>Comp:12-2-0 Appliance-253 0.546MBps 40.8ms</bind>
  <bind>Appliance-253 Comp:12-2-0 0.546MBps 40.8ms</bind>
  <bind>Comp:12-2-0 Appliance-298 0.546MBps 40.8ms</bind>
  <bind>Appliance-298 Comp:12-2-0 0.546MBps 40.8ms</bind>
  <bind>Comp:12-2-0 Appliance-122 0.546MBps 40.8ms</bind>
  <bind>Appliance-122 Comp:12-2-0 0.546MBps 40.8ms</bind>
  <bind>Comp:12-2-0 Appliance-337 0.546MBps 40.8ms</bind>
  <bind>Appliance-337 Comp:12-2-0 0.546MBps 40.8ms</bind>
</app>
<app>
  <id>App13</id>
<comp>
  <id>Comp:13-1-0</id>
  <CPU>0.916Gf</CPU>
  <RAM>0.4GB</RAM>
  <DISK>1.52GB</DISK>
</comp>
<comp>
  <id>Comp:13-1-1</id>
  <CPU>0.916Gf</CPU>
  <RAM>0.4GB</RAM>
  <DISK>1.52GB</DISK>
</comp>
<comp>
  <id>Comp:13-1-2</id>
  <CPU>0.916Gf</CPU>
  <RAM>0.4GB</RAM>
  <DISK>1.52GB</DISK>
</comp>
<comp>
  <id>Comp:13-1-3</id>
  <CPU>0.916Gf</CPU>
  <RAM>0.4GB</RAM>
  <DISK>1.52GB</DISK>
</comp>
<comp>
  <id>Comp:13-1-4</id>
  <CPU>0.916Gf</CPU>
  <RAM>0.4GB</RAM>
  <DISK>1.52GB</DISK>
</comp>
<comp>
  <id>Comp:13-1-5</id>
  <CPU>0.916Gf</CPU>
  <RAM>0.4GB</RAM>
  <DISK>1.52GB</DISK>
</comp>
<comp>
  <id>Comp:13-2-0</id>
  <CPU>0.897Gf</CPU>
  <RAM>0.514GB</RAM>
  <DISK>0.0365GB</DISK>
</comp>
<comp>
  <id>Comp:13-2-1</id>
  <CPU>0.897Gf</CPU>
  <RAM>0.514GB</RAM>
  <DISK>0.0365GB</DISK>
</comp>
<comp>
  <id>Comp:13-2-2</id>
  <CPU>0.897Gf</CPU>
  <RAM>0.514GB</RAM>
  <DISK>0.0365GB</DISK>
</comp>
<comp>
  <id>Comp:13-2-3</id>
  <CPU>0.897Gf</CPU>
  <RAM>0.514GB</RAM>
  <DISK>0.0365GB</DISK>
</comp>
<comp>
  <id>Comp:13-2-4</id>
  <CPU>0.897Gf</CPU>
  <RAM>0.514GB</RAM>
  <DISK>0.0365GB</DISK>
</comp>
<comp>
  <id>Comp:13-2-5</id>
  <CPU>0.897Gf</CPU>
  <RAM>0.514GB</RAM>
  <DISK>0.0365GB</DISK>
</comp>
<comp>
  <id>Comp:13-2-6</id>
  <CPU>0.897Gf</CPU>
  <RAM>0.514GB</RAM>
  <DISK>0.0365GB</DISK>
</comp>
<comp>
  <id>Comp:13-3-0</id>
  <CPU>0.528Gf</CPU>
  <RAM>0.134GB</RAM>
  <DISK>0.706GB</DISK>
</comp>
<comp>
  <id>Comp:13-3-1</id>
  <CPU>0.528Gf</CPU>
  <RAM>0.134GB</RAM>
  <DISK>0.706GB</DISK>
</comp>
<comp>
  <id>Comp:13-3-2</id>
  <CPU>0.528Gf</CPU>
  <RAM>0.134GB</RAM>
  <DISK>0.706GB</DISK>
</comp>
<comp>
  <id>Comp:13-3-3</id>
  <CPU>0.528Gf</CPU>
  <RAM>0.134GB</RAM>
  <DISK>0.706GB</DISK>
</comp>
<comp>
  <id>Comp:13-3-4</id>
  <CPU>0.528Gf</CPU>
  <RAM>0.134GB</RAM>
  <DISK>0.706GB</DISK>
</comp>
<comp>
  <id>Comp:13-3-5</id>
  <CPU>0.528Gf</CPU>
  <RAM>0.134GB</RAM>
  <DISK>0.706GB</DISK>
</comp>
<comp>
  <id>Comp:13-3-6</id>
  <CPU>0.528Gf</CPU>
  <RAM>0.134GB</RAM>
  <DISK>0.706GB</DISK>
</comp>
<comp>
  <id>Comp:13-3-7</id>
  <CPU>0.528Gf</CPU>
  <RAM>0.134GB</RAM>
  <DISK>0.706GB</DISK>
</comp>
<comp>
  <id>Comp:13-3-8</id>
  <CPU>0.528Gf</CPU>
  <RAM>0.134GB</RAM>
  <DISK>0.706GB</DISK>
</comp>
<comp>
  <id>Comp:13-4-0</id>
  <CPU>0.136Gf</CPU>
  <RAM>0.61GB</RAM>
  <DISK>0.591GB</DISK>
</comp>
<comp>
  <id>Comp:13-4-1</id>
  <CPU>0.136Gf</CPU>
  <RAM>0.61GB</RAM>
  <DISK>0.591GB</DISK>
</comp>
<comp>
  <id>Comp:13-4-2</id>
  <CPU>0.136Gf</CPU>
  <RAM>0.61GB</RAM>
  <DISK>0.591GB</DISK>
</comp>
<comp>
  <id>Comp:13-4-3</id>
  <CPU>0.136Gf</CPU>
  <RAM>0.61GB</RAM>
  <DISK>0.591GB</DISK>
</comp>
<comp>
  <id>Comp:13-4-4</id>
  <CPU>0.136Gf</CPU>
  <RAM>0.61GB</RAM>
  <DISK>0.591GB</DISK>
</comp>
<comp>
  <id>Comp:13-4-5</id>
  <CPU>0.136Gf</CPU>
  <RAM>0.61GB</RAM>
  <DISK>0.591GB</DISK>
</comp>
<comp>
  <id>Comp:13-4-6</id>
  <CPU>0.136Gf</CPU>
  <RAM>0.61GB</RAM>
  <DISK>0.591GB</DISK>
</comp>
<comp>
  <id>Comp:13-5-0</id>
  <CPU>0.638Gf</CPU>
  <RAM>0.774GB</RAM>
  <DISK>0.485GB</DISK>
</comp>
<comp>
  <id>Comp:13-5-1</id>
  <CPU>0.638Gf</CPU>
  <RAM>0.774GB</RAM>
  <DISK>0.485GB</DISK>
</comp>
<comp>
  <id>Comp:13-5-2</id>
  <CPU>0.638Gf</CPU>
  <RAM>0.774GB</RAM>
  <DISK>0.485GB</DISK>
</comp>
<comp>
  <id>Comp:13-5-3</id>
  <CPU>0.638Gf</CPU>
  <RAM>0.774GB</RAM>
  <DISK>0.485GB</DISK>
</comp>
<comp>
  <id>Comp:13-5-4</id>
  <CPU>0.638Gf</CPU>
  <RAM>0.774GB</RAM>
  <DISK>0.485GB</DISK>
</comp>
<comp>
  <id>Comp:13-5-5</id>
  <CPU>0.638Gf</CPU>
  <RAM>0.774GB</RAM>
  <DISK>0.485GB</DISK>
</comp>
<comp>
  <id>Comp:13-5-6</id>
  <CPU>0.638Gf</CPU>
  <RAM>0.774GB</RAM>
  <DISK>0.485GB</DISK>
</comp>
<comp>
  <id>Comp:13-5-7</id>
  <CPU>0.638Gf</CPU>
  <RAM>0.774GB</RAM>
  <DISK>0.485GB</DISK>
</comp>
  <bind>Comp:13-1-0 Appliance-388 0.85MBps 48.7ms</bind>
  <bind>Appliance-388 Comp:13-1-0 0.85MBps 48.7ms</bind>
  <bind>Comp:13-1-1 Appliance-48 0.85MBps 48.7ms</bind>
  <bind>Appliance-48 Comp:13-1-1 0.85MBps 48.7ms</bind>
  <bind>Comp:13-1-2 Appliance-388 0.85MBps 48.7ms</bind>
  <bind>Appliance-388 Comp:13-1-2 0.85MBps 48.7ms</bind>
  <bind>Comp:13-1-3 Appliance-48 0.85MBps 48.7ms</bind>
  <bind>Appliance-48 Comp:13-1-3 0.85MBps 48.7ms</bind>
  <bind>Comp:13-1-4 Appliance-388 0.85MBps 48.7ms</bind>
  <bind>Appliance-388 Comp:13-1-4 0.85MBps 48.7ms</bind>
  <bind>Comp:13-1-5 Appliance-48 0.85MBps 48.7ms</bind>
  <bind>Appliance-48 Comp:13-1-5 0.85MBps 48.7ms</bind>
  <bind>Comp:13-2-0 Comp:13-1-0 0.877MBps 49.9ms</bind>
  <bind>Comp:13-1-0 Comp:13-2-0 0.877MBps 49.9ms</bind>
  <bind>Comp:13-2-1 Comp:13-1-1 0.877MBps 49.9ms</bind>
  <bind>Comp:13-1-1 Comp:13-2-1 0.877MBps 49.9ms</bind>
  <bind>Comp:13-2-2 Comp:13-1-2 0.877MBps 49.9ms</bind>
  <bind>Comp:13-1-2 Comp:13-2-2 0.877MBps 49.9ms</bind>
  <bind>Comp:13-2-3 Comp:13-1-3 0.877MBps 49.9ms</bind>
  <bind>Comp:13-1-3 Comp:13-2-3 0.877MBps 49.9ms</bind>
  <bind>Comp:13-2-4 Comp:13-1-4 0.877MBps 49.9ms</bind>
  <bind>Comp:13-1-4 Comp:13-2-4 0.877MBps 49.9ms</bind>
  <bind>Comp:13-2-5 Comp:13-1-5 0.877MBps 49.9ms</bind>
  <bind>Comp:13-1-5 Comp:13-2-5 0.877MBps 49.9ms</bind>
  <bind>Comp:13-2-6 Comp:13-1-0 0.877MBps 49.9ms</bind>
  <bind>Comp:13-1-0 Comp:13-2-6 0.877MBps 49.9ms</bind>
  <bind>Comp:13-3-0 Comp:13-2-0 0.591MBps 32.0ms</bind>
  <bind>Comp:13-2-0 Comp:13-3-0 0.591MBps 32.0ms</bind>
  <bind>Comp:13-3-1 Comp:13-2-1 0.591MBps 32.0ms</bind>
  <bind>Comp:13-2-1 Comp:13-3-1 0.591MBps 32.0ms</bind>
  <bind>Comp:13-3-2 Comp:13-2-2 0.591MBps 32.0ms</bind>
  <bind>Comp:13-2-2 Comp:13-3-2 0.591MBps 32.0ms</bind>
  <bind>Comp:13-3-3 Comp:13-2-3 0.591MBps 32.0ms</bind>
  <bind>Comp:13-2-3 Comp:13-3-3 0.591MBps 32.0ms</bind>
  <bind>Comp:13-3-4 Comp:13-2-4 0.591MBps 32.0ms</bind>
  <bind>Comp:13-2-4 Comp:13-3-4 0.591MBps 32.0ms</bind>
  <bind>Comp:13-3-5 Comp:13-2-5 0.591MBps 32.0ms</bind>
  <bind>Comp:13-2-5 Comp:13-3-5 0.591MBps 32.0ms</bind>
  <bind>Comp:13-3-6 Comp:13-2-6 0.591MBps 32.0ms</bind>
  <bind>Comp:13-2-6 Comp:13-3-6 0.591MBps 32.0ms</bind>
  <bind>Comp:13-3-7 Comp:13-2-0 0.591MBps 32.0ms</bind>
  <bind>Comp:13-2-0 Comp:13-3-7 0.591MBps 32.0ms</bind>
  <bind>Comp:13-3-8 Comp:13-2-1 0.591MBps 32.0ms</bind>
  <bind>Comp:13-2-1 Comp:13-3-8 0.591MBps 32.0ms</bind>
  <bind>Comp:13-4-0 Comp:13-3-0 0.846MBps 26.2ms</bind>
  <bind>Comp:13-3-0 Comp:13-4-0 0.846MBps 26.2ms</bind>
  <bind>Comp:13-4-1 Comp:13-3-1 0.846MBps 26.2ms</bind>
  <bind>Comp:13-3-1 Comp:13-4-1 0.846MBps 26.2ms</bind>
  <bind>Comp:13-4-2 Comp:13-3-2 0.846MBps 26.2ms</bind>
  <bind>Comp:13-3-2 Comp:13-4-2 0.846MBps 26.2ms</bind>
  <bind>Comp:13-4-3 Comp:13-3-3 0.846MBps 26.2ms</bind>
  <bind>Comp:13-3-3 Comp:13-4-3 0.846MBps 26.2ms</bind>
  <bind>Comp:13-4-4 Comp:13-3-4 0.846MBps 26.2ms</bind>
  <bind>Comp:13-3-4 Comp:13-4-4 0.846MBps 26.2ms</bind>
  <bind>Comp:13-4-5 Comp:13-3-5 0.846MBps 26.2ms</bind>
  <bind>Comp:13-3-5 Comp:13-4-5 0.846MBps 26.2ms</bind>
  <bind>Comp:13-4-6 Comp:13-3-6 0.846MBps 26.2ms</bind>
  <bind>Comp:13-3-6 Comp:13-4-6 0.846MBps 26.2ms</bind>
  <bind>Comp:13-4-0 Comp:13-3-7 0.846MBps 26.2ms</bind>
  <bind>Comp:13-3-7 Comp:13-4-0 0.846MBps 26.2ms</bind>
  <bind>Comp:13-4-1 Comp:13-3-8 0.846MBps 26.2ms</bind>
  <bind>Comp:13-3-8 Comp:13-4-1 0.846MBps 26.2ms</bind>
  <bind>Comp:13-5-0 Comp:13-4-0 0.745MBps 37.7ms</bind>
  <bind>Comp:13-4-0 Comp:13-5-0 0.745MBps 37.7ms</bind>
  <bind>Comp:13-5-1 Comp:13-4-1 0.745MBps 37.7ms</bind>
  <bind>Comp:13-4-1 Comp:13-5-1 0.745MBps 37.7ms</bind>
  <bind>Comp:13-5-2 Comp:13-4-2 0.745MBps 37.7ms</bind>
  <bind>Comp:13-4-2 Comp:13-5-2 0.745MBps 37.7ms</bind>
  <bind>Comp:13-5-3 Comp:13-4-3 0.745MBps 37.7ms</bind>
  <bind>Comp:13-4-3 Comp:13-5-3 0.745MBps 37.7ms</bind>
  <bind>Comp:13-5-4 Comp:13-4-4 0.745MBps 37.7ms</bind>
  <bind>Comp:13-4-4 Comp:13-5-4 0.745MBps 37.7ms</bind>
  <bind>Comp:13-5-5 Comp:13-4-5 0.745MBps 37.7ms</bind>
  <bind>Comp:13-4-5 Comp:13-5-5 0.745MBps 37.7ms</bind>
  <bind>Comp:13-5-6 Comp:13-4-6 0.745MBps 37.7ms</bind>
  <bind>Comp:13-4-6 Comp:13-5-6 0.745MBps 37.7ms</bind>
  <bind>Comp:13-5-7 Comp:13-4-0 0.745MBps 37.7ms</bind>
  <bind>Comp:13-4-0 Comp:13-5-7 0.745MBps 37.7ms</bind>
  <bind>Comp:13-5-0 Appliance-339 0.191MBps 33.8ms</bind>
  <bind>Appliance-339 Comp:13-5-0 0.191MBps 33.8ms</bind>
  <bind>Comp:13-5-1 Appliance-240 0.191MBps 33.8ms</bind>
  <bind>Appliance-240 Comp:13-5-1 0.191MBps 33.8ms</bind>
  <bind>Comp:13-5-2 Appliance-130 0.191MBps 33.8ms</bind>
  <bind>Appliance-130 Comp:13-5-2 0.191MBps 33.8ms</bind>
  <bind>Comp:13-5-3 Appliance-95 0.191MBps 33.8ms</bind>
  <bind>Appliance-95 Comp:13-5-3 0.191MBps 33.8ms</bind>
  <bind>Comp:13-5-4 Appliance-241 0.191MBps 33.8ms</bind>
  <bind>Appliance-241 Comp:13-5-4 0.191MBps 33.8ms</bind>
  <bind>Comp:13-5-5 Appliance-68 0.191MBps 33.8ms</bind>
  <bind>Appliance-68 Comp:13-5-5 0.191MBps 33.8ms</bind>
  <bind>Comp:13-5-6 Appliance-95 0.191MBps 33.8ms</bind>
  <bind>Appliance-95 Comp:13-5-6 0.191MBps 33.8ms</bind>
  <bind>Comp:13-5-7 Appliance-339 0.191MBps 33.8ms</bind>
  <bind>Appliance-339 Comp:13-5-7 0.191MBps 33.8ms</bind>
</app>
<app>
  <id>App14</id>
<comp>
  <id>Comp:14-0-0</id>
  <CPU>0.954Gf</CPU>
  <RAM>0.497GB</RAM>
  <DISK>1.23GB</DISK>
</comp>
<comp>
  <id>Comp:14-0-1</id>
  <CPU>0.954Gf</CPU>
  <RAM>0.497GB</RAM>
  <DISK>1.23GB</DISK>
</comp>
<comp>
  <id>Comp:14-0-2</id>
  <CPU>0.954Gf</CPU>
  <RAM>0.497GB</RAM>
  <DISK>1.23GB</DISK>
</comp>
<comp>
  <id>Comp:14-0-3</id>
  <CPU>0.954Gf</CPU>
  <RAM>0.497GB</RAM>
  <DISK>1.23GB</DISK>
</comp>
<comp>
  <id>Comp:14-0-4</id>
  <CPU>0.954Gf</CPU>
  <RAM>0.497GB</RAM>
  <DISK>1.23GB</DISK>
</comp>
<comp>
  <id>Comp:14-0-5</id>
  <CPU>0.954Gf</CPU>
  <RAM>0.497GB</RAM>
  <DISK>1.23GB</DISK>
</comp>
<comp>
  <id>Comp:14-0-6</id>
  <CPU>0.954Gf</CPU>
  <RAM>0.497GB</RAM>
  <DISK>1.23GB</DISK>
</comp>
<comp>
  <id>Comp:14-1-0</id>
  <CPU>0.826Gf</CPU>
  <RAM>0.43GB</RAM>
  <DISK>1.04GB</DISK>
</comp>
<comp>
  <id>Comp:14-1-1</id>
  <CPU>0.826Gf</CPU>
  <RAM>0.43GB</RAM>
  <DISK>1.04GB</DISK>
</comp>
<comp>
  <id>Comp:14-1-2</id>
  <CPU>0.826Gf</CPU>
  <RAM>0.43GB</RAM>
  <DISK>1.04GB</DISK>
</comp>
<comp>
  <id>Comp:14-1-3</id>
  <CPU>0.826Gf</CPU>
  <RAM>0.43GB</RAM>
  <DISK>1.04GB</DISK>
</comp>
<comp>
  <id>Comp:14-2-0</id>
  <CPU>0.538Gf</CPU>
  <RAM>0.396GB</RAM>
  <DISK>1.07GB</DISK>
</comp>
<comp>
  <id>Comp:14-2-1</id>
  <CPU>0.538Gf</CPU>
  <RAM>0.396GB</RAM>
  <DISK>1.07GB</DISK>
</comp>
<comp>
  <id>Comp:14-3-0</id>
  <CPU>0.279Gf</CPU>
  <RAM>0.135GB</RAM>
  <DISK>0.218GB</DISK>
</comp>
<comp>
  <id>Comp:14-3-1</id>
  <CPU>0.279Gf</CPU>
  <RAM>0.135GB</RAM>
  <DISK>0.218GB</DISK>
</comp>
<comp>
  <id>Comp:14-3-2</id>
  <CPU>0.279Gf</CPU>
  <RAM>0.135GB</RAM>
  <DISK>0.218GB</DISK>
</comp>
<comp>
  <id>Comp:14-3-3</id>
  <CPU>0.279Gf</CPU>
  <RAM>0.135GB</RAM>
  <DISK>0.218GB</DISK>
</comp>
<comp>
  <id>Comp:14-3-4</id>
  <CPU>0.279Gf</CPU>
  <RAM>0.135GB</RAM>
  <DISK>0.218GB</DISK>
</comp>
<comp>
  <id>Comp:14-4-0</id>
  <CPU>0.906Gf</CPU>
  <RAM>0.929GB</RAM>
  <DISK>1.02GB</DISK>
</comp>
<comp>
  <id>Comp:14-4-1</id>
  <CPU>0.906Gf</CPU>
  <RAM>0.929GB</RAM>
  <DISK>1.02GB</DISK>
</comp>
<comp>
  <id>Comp:14-4-2</id>
  <CPU>0.906Gf</CPU>
  <RAM>0.929GB</RAM>
  <DISK>1.02GB</DISK>
</comp>
<comp>
  <id>Comp:14-4-3</id>
  <CPU>0.906Gf</CPU>
  <RAM>0.929GB</RAM>
  <DISK>1.02GB</DISK>
</comp>
<comp>
  <id>Comp:14-4-4</id>
  <CPU>0.906Gf</CPU>
  <RAM>0.929GB</RAM>
  <DISK>1.02GB</DISK>
</comp>
  <bind>Comp:14-1-0 Comp:14-0-0 0.967MBps 40.4ms</bind>
  <bind>Comp:14-0-0 Comp:14-1-0 0.967MBps 40.4ms</bind>
  <bind>Comp:14-1-1 Comp:14-0-1 0.967MBps 40.4ms</bind>
  <bind>Comp:14-0-1 Comp:14-1-1 0.967MBps 40.4ms</bind>
  <bind>Comp:14-1-2 Comp:14-0-2 0.967MBps 40.4ms</bind>
  <bind>Comp:14-0-2 Comp:14-1-2 0.967MBps 40.4ms</bind>
  <bind>Comp:14-1-3 Comp:14-0-3 0.967MBps 40.4ms</bind>
  <bind>Comp:14-0-3 Comp:14-1-3 0.967MBps 40.4ms</bind>
  <bind>Comp:14-1-0 Comp:14-0-4 0.967MBps 40.4ms</bind>
  <bind>Comp:14-0-4 Comp:14-1-0 0.967MBps 40.4ms</bind>
  <bind>Comp:14-1-1 Comp:14-0-5 0.967MBps 40.4ms</bind>
  <bind>Comp:14-0-5 Comp:14-1-1 0.967MBps 40.4ms</bind>
  <bind>Comp:14-1-2 Comp:14-0-6 0.967MBps 40.4ms</bind>
  <bind>Comp:14-0-6 Comp:14-1-2 0.967MBps 40.4ms</bind>
  <bind>Comp:14-2-0 Comp:14-1-0 0.339MBps 31.7ms</bind>
  <bind>Comp:14-1-0 Comp:14-2-0 0.339MBps 31.7ms</bind>
  <bind>Comp:14-2-1 Comp:14-1-1 0.339MBps 31.7ms</bind>
  <bind>Comp:14-1-1 Comp:14-2-1 0.339MBps 31.7ms</bind>
  <bind>Comp:14-2-0 Comp:14-1-2 0.339MBps 31.7ms</bind>
  <bind>Comp:14-1-2 Comp:14-2-0 0.339MBps 31.7ms</bind>
  <bind>Comp:14-2-1 Comp:14-1-3 0.339MBps 31.7ms</bind>
  <bind>Comp:14-1-3 Comp:14-2-1 0.339MBps 31.7ms</bind>
  <bind>Comp:14-3-0 Comp:14-2-0 0.801MBps 32.7ms</bind>
  <bind>Comp:14-2-0 Comp:14-3-0 0.801MBps 32.7ms</bind>
  <bind>Comp:14-3-1 Comp:14-2-1 0.801MBps 32.7ms</bind>
  <bind>Comp:14-2-1 Comp:14-3-1 0.801MBps 32.7ms</bind>
  <bind>Comp:14-3-2 Comp:14-2-0 0.801MBps 32.7ms</bind>
  <bind>Comp:14-2-0 Comp:14-3-2 0.801MBps 32.7ms</bind>
  <bind>Comp:14-3-3 Comp:14-2-1 0.801MBps 32.7ms</bind>
  <bind>Comp:14-2-1 Comp:14-3-3 0.801MBps 32.7ms</bind>
  <bind>Comp:14-3-4 Comp:14-2-0 0.801MBps 32.7ms</bind>
  <bind>Comp:14-2-0 Comp:14-3-4 0.801MBps 32.7ms</bind>
  <bind>Comp:14-4-0 Comp:14-3-0 0.361MBps 28.0ms</bind>
  <bind>Comp:14-3-0 Comp:14-4-0 0.361MBps 28.0ms</bind>
  <bind>Comp:14-4-1 Comp:14-3-1 0.361MBps 28.0ms</bind>
  <bind>Comp:14-3-1 Comp:14-4-1 0.361MBps 28.0ms</bind>
  <bind>Comp:14-4-2 Comp:14-3-2 0.361MBps 28.0ms</bind>
  <bind>Comp:14-3-2 Comp:14-4-2 0.361MBps 28.0ms</bind>
  <bind>Comp:14-4-3 Comp:14-3-3 0.361MBps 28.0ms</bind>
  <bind>Comp:14-3-3 Comp:14-4-3 0.361MBps 28.0ms</bind>
  <bind>Comp:14-4-4 Comp:14-3-4 0.361MBps 28.0ms</bind>
  <bind>Comp:14-3-4 Comp:14-4-4 0.361MBps 28.0ms</bind>
  <bind>Comp:14-4-0 Appliance-43 0.95MBps 48.8ms</bind>
  <bind>Appliance-43 Comp:14-4-0 0.95MBps 48.8ms</bind>
  <bind>Comp:14-4-1 Appliance-43 0.95MBps 48.8ms</bind>
  <bind>Appliance-43 Comp:14-4-1 0.95MBps 48.8ms</bind>
  <bind>Comp:14-4-2 Appliance-43 0.95MBps 48.8ms</bind>
  <bind>Appliance-43 Comp:14-4-2 0.95MBps 48.8ms</bind>
  <bind>Comp:14-4-3 Appliance-43 0.95MBps 48.8ms</bind>
  <bind>Appliance-43 Comp:14-4-3 0.95MBps 48.8ms</bind>
  <bind>Comp:14-4-4 Appliance-43 0.95MBps 48.8ms</bind>
  <bind>Appliance-43 Comp:14-4-4 0.95MBps 48.8ms</bind>
</app>
<app>
  <id>App15</id>
<comp>
  <id>Comp:15-0-0</id>
  <CPU>0.416Gf</CPU>
  <RAM>0.473GB</RAM>
  <DISK>0.883GB</DISK>
</comp>
<comp>
  <id>Comp:15-1-0</id>
  <CPU>0.201Gf</CPU>
  <RAM>0.817GB</RAM>
  <DISK>1.58GB</DISK>
</comp>
<comp>
  <id>Comp:15-1-1</id>
  <CPU>0.201Gf</CPU>
  <RAM>0.817GB</RAM>
  <DISK>1.58GB</DISK>
</comp>
<comp>
  <id>Comp:15-1-2</id>
  <CPU>0.201Gf</CPU>
  <RAM>0.817GB</RAM>
  <DISK>1.58GB</DISK>
</comp>
<comp>
  <id>Comp:15-1-3</id>
  <CPU>0.201Gf</CPU>
  <RAM>0.817GB</RAM>
  <DISK>1.58GB</DISK>
</comp>
<comp>
  <id>Comp:15-1-4</id>
  <CPU>0.201Gf</CPU>
  <RAM>0.817GB</RAM>
  <DISK>1.58GB</DISK>
</comp>
<comp>
  <id>Comp:15-1-5</id>
  <CPU>0.201Gf</CPU>
  <RAM>0.817GB</RAM>
  <DISK>1.58GB</DISK>
</comp>
<comp>
  <id>Comp:15-1-6</id>
  <CPU>0.201Gf</CPU>
  <RAM>0.817GB</RAM>
  <DISK>1.58GB</DISK>
</comp>
<comp>
  <id>Comp:15-1-7</id>
  <CPU>0.201Gf</CPU>
  <RAM>0.817GB</RAM>
  <DISK>1.58GB</DISK>
</comp>
<comp>
  <id>Comp:15-2-0</id>
  <CPU>0.798Gf</CPU>
  <RAM>0.657GB</RAM>
  <DISK>1.61GB</DISK>
</comp>
<comp>
  <id>Comp:15-2-1</id>
  <CPU>0.798Gf</CPU>
  <RAM>0.657GB</RAM>
  <DISK>1.61GB</DISK>
</comp>
<comp>
  <id>Comp:15-2-2</id>
  <CPU>0.798Gf</CPU>
  <RAM>0.657GB</RAM>
  <DISK>1.61GB</DISK>
</comp>
  <bind>Comp:15-1-0 Comp:15-0-0 0.0164MBps 36.9ms</bind>
  <bind>Comp:15-0-0 Comp:15-1-0 0.0164MBps 36.9ms</bind>
  <bind>Comp:15-1-1 Comp:15-0-0 0.0164MBps 36.9ms</bind>
  <bind>Comp:15-0-0 Comp:15-1-1 0.0164MBps 36.9ms</bind>
  <bind>Comp:15-1-2 Comp:15-0-0 0.0164MBps 36.9ms</bind>
  <bind>Comp:15-0-0 Comp:15-1-2 0.0164MBps 36.9ms</bind>
  <bind>Comp:15-1-3 Comp:15-0-0 0.0164MBps 36.9ms</bind>
  <bind>Comp:15-0-0 Comp:15-1-3 0.0164MBps 36.9ms</bind>
  <bind>Comp:15-1-4 Comp:15-0-0 0.0164MBps 36.9ms</bind>
  <bind>Comp:15-0-0 Comp:15-1-4 0.0164MBps 36.9ms</bind>
  <bind>Comp:15-1-5 Comp:15-0-0 0.0164MBps 36.9ms</bind>
  <bind>Comp:15-0-0 Comp:15-1-5 0.0164MBps 36.9ms</bind>
  <bind>Comp:15-1-6 Comp:15-0-0 0.0164MBps 36.9ms</bind>
  <bind>Comp:15-0-0 Comp:15-1-6 0.0164MBps 36.9ms</bind>
  <bind>Comp:15-1-7 Comp:15-0-0 0.0164MBps 36.9ms</bind>
  <bind>Comp:15-0-0 Comp:15-1-7 0.0164MBps 36.9ms</bind>
  <bind>Comp:15-2-0 Comp:15-1-0 0.7MBps 31.7ms</bind>
  <bind>Comp:15-1-0 Comp:15-2-0 0.7MBps 31.7ms</bind>
  <bind>Comp:15-2-1 Comp:15-1-1 0.7MBps 31.7ms</bind>
  <bind>Comp:15-1-1 Comp:15-2-1 0.7MBps 31.7ms</bind>
  <bind>Comp:15-2-2 Comp:15-1-2 0.7MBps 31.7ms</bind>
  <bind>Comp:15-1-2 Comp:15-2-2 0.7MBps 31.7ms</bind>
  <bind>Comp:15-2-0 Comp:15-1-3 0.7MBps 31.7ms</bind>
  <bind>Comp:15-1-3 Comp:15-2-0 0.7MBps 31.7ms</bind>
  <bind>Comp:15-2-1 Comp:15-1-4 0.7MBps 31.7ms</bind>
  <bind>Comp:15-1-4 Comp:15-2-1 0.7MBps 31.7ms</bind>
  <bind>Comp:15-2-2 Comp:15-1-5 0.7MBps 31.7ms</bind>
  <bind>Comp:15-1-5 Comp:15-2-2 0.7MBps 31.7ms</bind>
  <bind>Comp:15-2-0 Comp:15-1-6 0.7MBps 31.7ms</bind>
  <bind>Comp:15-1-6 Comp:15-2-0 0.7MBps 31.7ms</bind>
  <bind>Comp:15-2-1 Comp:15-1-7 0.7MBps 31.7ms</bind>
  <bind>Comp:15-1-7 Comp:15-2-1 0.7MBps 31.7ms</bind>
  <bind>Comp:15-2-0 Appliance-246 0.068MBps 40.7ms</bind>
  <bind>Appliance-246 Comp:15-2-0 0.068MBps 40.7ms</bind>
  <bind>Comp:15-2-1 Appliance-170 0.068MBps 40.7ms</bind>
  <bind>Appliance-170 Comp:15-2-1 0.068MBps 40.7ms</bind>
  <bind>Comp:15-2-2 Appliance-389 0.068MBps 40.7ms</bind>
  <bind>Appliance-389 Comp:15-2-2 0.068MBps 40.7ms</bind>
  <bind>Comp:15-2-0 Appliance-327 0.068MBps 40.7ms</bind>
  <bind>Appliance-327 Comp:15-2-0 0.068MBps 40.7ms</bind>
  <bind>Comp:15-2-1 Appliance-167 0.068MBps 40.7ms</bind>
  <bind>Appliance-167 Comp:15-2-1 0.068MBps 40.7ms</bind>
  <bind>Comp:15-2-2 Appliance-267 0.068MBps 40.7ms</bind>
  <bind>Appliance-267 Comp:15-2-2 0.068MBps 40.7ms</bind>
  <bind>Comp:15-2-0 Appliance-30 0.068MBps 40.7ms</bind>
  <bind>Appliance-30 Comp:15-2-0 0.068MBps 40.7ms</bind>
  <bind>Comp:15-2-1 Appliance-321 0.068MBps 40.7ms</bind>
  <bind>Appliance-321 Comp:15-2-1 0.068MBps 40.7ms</bind>
  <bind>Comp:15-2-2 Appliance-89 0.068MBps 40.7ms</bind>
  <bind>Appliance-89 Comp:15-2-2 0.068MBps 40.7ms</bind>
  <bind>Comp:15-2-0 Appliance-276 0.068MBps 40.7ms</bind>
  <bind>Appliance-276 Comp:15-2-0 0.068MBps 40.7ms</bind>
</app>
<app>
  <id>App16</id>
<comp>
  <id>Comp:16-1-0</id>
  <CPU>0.673Gf</CPU>
  <RAM>0.393GB</RAM>
  <DISK>0.643GB</DISK>
</comp>
<comp>
  <id>Comp:16-1-1</id>
  <CPU>0.673Gf</CPU>
  <RAM>0.393GB</RAM>
  <DISK>0.643GB</DISK>
</comp>
<comp>
  <id>Comp:16-1-2</id>
  <CPU>0.673Gf</CPU>
  <RAM>0.393GB</RAM>
  <DISK>0.643GB</DISK>
</comp>
<comp>
  <id>Comp:16-1-3</id>
  <CPU>0.673Gf</CPU>
  <RAM>0.393GB</RAM>
  <DISK>0.643GB</DISK>
</comp>
<comp>
  <id>Comp:16-1-4</id>
  <CPU>0.673Gf</CPU>
  <RAM>0.393GB</RAM>
  <DISK>0.643GB</DISK>
</comp>
<comp>
  <id>Comp:16-1-5</id>
  <CPU>0.673Gf</CPU>
  <RAM>0.393GB</RAM>
  <DISK>0.643GB</DISK>
</comp>
<comp>
  <id>Comp:16-1-6</id>
  <CPU>0.673Gf</CPU>
  <RAM>0.393GB</RAM>
  <DISK>0.643GB</DISK>
</comp>
<comp>
  <id>Comp:16-1-7</id>
  <CPU>0.673Gf</CPU>
  <RAM>0.393GB</RAM>
  <DISK>0.643GB</DISK>
</comp>
<comp>
  <id>Comp:16-1-8</id>
  <CPU>0.673Gf</CPU>
  <RAM>0.393GB</RAM>
  <DISK>0.643GB</DISK>
</comp>
<comp>
  <id>Comp:16-2-0</id>
  <CPU>0.723Gf</CPU>
  <RAM>0.417GB</RAM>
  <DISK>1.96GB</DISK>
</comp>
<comp>
  <id>Comp:16-3-0</id>
  <CPU>0.899Gf</CPU>
  <RAM>0.248GB</RAM>
  <DISK>1.98GB</DISK>
</comp>
<comp>
  <id>Comp:16-3-1</id>
  <CPU>0.899Gf</CPU>
  <RAM>0.248GB</RAM>
  <DISK>1.98GB</DISK>
</comp>
<comp>
  <id>Comp:16-3-2</id>
  <CPU>0.899Gf</CPU>
  <RAM>0.248GB</RAM>
  <DISK>1.98GB</DISK>
</comp>
<comp>
  <id>Comp:16-3-3</id>
  <CPU>0.899Gf</CPU>
  <RAM>0.248GB</RAM>
  <DISK>1.98GB</DISK>
</comp>
<comp>
  <id>Comp:16-3-4</id>
  <CPU>0.899Gf</CPU>
  <RAM>0.248GB</RAM>
  <DISK>1.98GB</DISK>
</comp>
<comp>
  <id>Comp:16-3-5</id>
  <CPU>0.899Gf</CPU>
  <RAM>0.248GB</RAM>
  <DISK>1.98GB</DISK>
</comp>
<comp>
  <id>Comp:16-3-6</id>
  <CPU>0.899Gf</CPU>
  <RAM>0.248GB</RAM>
  <DISK>1.98GB</DISK>
</comp>
<comp>
  <id>Comp:16-3-7</id>
  <CPU>0.899Gf</CPU>
  <RAM>0.248GB</RAM>
  <DISK>1.98GB</DISK>
</comp>
<comp>
  <id>Comp:16-4-0</id>
  <CPU>0.323Gf</CPU>
  <RAM>0.289GB</RAM>
  <DISK>1.92GB</DISK>
</comp>
<comp>
  <id>Comp:16-4-1</id>
  <CPU>0.323Gf</CPU>
  <RAM>0.289GB</RAM>
  <DISK>1.92GB</DISK>
</comp>
<comp>
  <id>Comp:16-4-2</id>
  <CPU>0.323Gf</CPU>
  <RAM>0.289GB</RAM>
  <DISK>1.92GB</DISK>
</comp>
<comp>
  <id>Comp:16-4-3</id>
  <CPU>0.323Gf</CPU>
  <RAM>0.289GB</RAM>
  <DISK>1.92GB</DISK>
</comp>
<comp>
  <id>Comp:16-5-0</id>
  <CPU>0.348Gf</CPU>
  <RAM>0.465GB</RAM>
  <DISK>1.91GB</DISK>
</comp>
<comp>
  <id>Comp:16-5-1</id>
  <CPU>0.348Gf</CPU>
  <RAM>0.465GB</RAM>
  <DISK>1.91GB</DISK>
</comp>
<comp>
  <id>Comp:16-5-2</id>
  <CPU>0.348Gf</CPU>
  <RAM>0.465GB</RAM>
  <DISK>1.91GB</DISK>
</comp>
  <bind>Comp:16-1-0 Appliance-139 0.433MBps 37.9ms</bind>
  <bind>Appliance-139 Comp:16-1-0 0.433MBps 37.9ms</bind>
  <bind>Comp:16-1-1 Appliance-393 0.433MBps 37.9ms</bind>
  <bind>Appliance-393 Comp:16-1-1 0.433MBps 37.9ms</bind>
  <bind>Comp:16-1-2 Appliance-79 0.433MBps 37.9ms</bind>
  <bind>Appliance-79 Comp:16-1-2 0.433MBps 37.9ms</bind>
  <bind>Comp:16-1-3 Appliance-121 0.433MBps 37.9ms</bind>
  <bind>Appliance-121 Comp:16-1-3 0.433MBps 37.9ms</bind>
  <bind>Comp:16-1-4 Appliance-268 0.433MBps 37.9ms</bind>
  <bind>Appliance-268 Comp:16-1-4 0.433MBps 37.9ms</bind>
  <bind>Comp:16-1-5 Appliance-135 0.433MBps 37.9ms</bind>
  <bind>Appliance-135 Comp:16-1-5 0.433MBps 37.9ms</bind>
  <bind>Comp:16-1-6 Appliance-362 0.433MBps 37.9ms</bind>
  <bind>Appliance-362 Comp:16-1-6 0.433MBps 37.9ms</bind>
  <bind>Comp:16-1-7 Appliance-293 0.433MBps 37.9ms</bind>
  <bind>Appliance-293 Comp:16-1-7 0.433MBps 37.9ms</bind>
  <bind>Comp:16-1-8 Appliance-351 0.433MBps 37.9ms</bind>
  <bind>Appliance-351 Comp:16-1-8 0.433MBps 37.9ms</bind>
  <bind>Comp:16-1-0 Appliance-223 0.433MBps 37.9ms</bind>
  <bind>Appliance-223 Comp:16-1-0 0.433MBps 37.9ms</bind>
  <bind>Comp:16-2-0 Comp:16-1-0 0.715MBps 35.7ms</bind>
  <bind>Comp:16-1-0 Comp:16-2-0 0.715MBps 35.7ms</bind>
  <bind>Comp:16-2-0 Comp:16-1-1 0.715MBps 35.7ms</bind>
  <bind>Comp:16-1-1 Comp:16-2-0 0.715MBps 35.7ms</bind>
  <bind>Comp:16-2-0 Comp:16-1-2 0.715MBps 35.7ms</bind>
  <bind>Comp:16-1-2 Comp:16-2-0 0.715MBps 35.7ms</bind>
  <bind>Comp:16-2-0 Comp:16-1-3 0.715MBps 35.7ms</bind>
  <bind>Comp:16-1-3 Comp:16-2-0 0.715MBps 35.7ms</bind>
  <bind>Comp:16-2-0 Comp:16-1-4 0.715MBps 35.7ms</bind>
  <bind>Comp:16-1-4 Comp:16-2-0 0.715MBps 35.7ms</bind>
  <bind>Comp:16-2-0 Comp:16-1-5 0.715MBps 35.7ms</bind>
  <bind>Comp:16-1-5 Comp:16-2-0 0.715MBps 35.7ms</bind>
  <bind>Comp:16-2-0 Comp:16-1-6 0.715MBps 35.7ms</bind>
  <bind>Comp:16-1-6 Comp:16-2-0 0.715MBps 35.7ms</bind>
  <bind>Comp:16-2-0 Comp:16-1-7 0.715MBps 35.7ms</bind>
  <bind>Comp:16-1-7 Comp:16-2-0 0.715MBps 35.7ms</bind>
  <bind>Comp:16-2-0 Comp:16-1-8 0.715MBps 35.7ms</bind>
  <bind>Comp:16-1-8 Comp:16-2-0 0.715MBps 35.7ms</bind>
  <bind>Comp:16-3-0 Comp:16-2-0 0.0253MBps 37.1ms</bind>
  <bind>Comp:16-2-0 Comp:16-3-0 0.0253MBps 37.1ms</bind>
  <bind>Comp:16-3-1 Comp:16-2-0 0.0253MBps 37.1ms</bind>
  <bind>Comp:16-2-0 Comp:16-3-1 0.0253MBps 37.1ms</bind>
  <bind>Comp:16-3-2 Comp:16-2-0 0.0253MBps 37.1ms</bind>
  <bind>Comp:16-2-0 Comp:16-3-2 0.0253MBps 37.1ms</bind>
  <bind>Comp:16-3-3 Comp:16-2-0 0.0253MBps 37.1ms</bind>
  <bind>Comp:16-2-0 Comp:16-3-3 0.0253MBps 37.1ms</bind>
  <bind>Comp:16-3-4 Comp:16-2-0 0.0253MBps 37.1ms</bind>
  <bind>Comp:16-2-0 Comp:16-3-4 0.0253MBps 37.1ms</bind>
  <bind>Comp:16-3-5 Comp:16-2-0 0.0253MBps 37.1ms</bind>
  <bind>Comp:16-2-0 Comp:16-3-5 0.0253MBps 37.1ms</bind>
  <bind>Comp:16-3-6 Comp:16-2-0 0.0253MBps 37.1ms</bind>
  <bind>Comp:16-2-0 Comp:16-3-6 0.0253MBps 37.1ms</bind>
  <bind>Comp:16-3-7 Comp:16-2-0 0.0253MBps 37.1ms</bind>
  <bind>Comp:16-2-0 Comp:16-3-7 0.0253MBps 37.1ms</bind>
  <bind>Comp:16-4-0 Comp:16-3-0 0.0843MBps 25.4ms</bind>
  <bind>Comp:16-3-0 Comp:16-4-0 0.0843MBps 25.4ms</bind>
  <bind>Comp:16-4-1 Comp:16-3-1 0.0843MBps 25.4ms</bind>
  <bind>Comp:16-3-1 Comp:16-4-1 0.0843MBps 25.4ms</bind>
  <bind>Comp:16-4-2 Comp:16-3-2 0.0843MBps 25.4ms</bind>
  <bind>Comp:16-3-2 Comp:16-4-2 0.0843MBps 25.4ms</bind>
  <bind>Comp:16-4-3 Comp:16-3-3 0.0843MBps 25.4ms</bind>
  <bind>Comp:16-3-3 Comp:16-4-3 0.0843MBps 25.4ms</bind>
  <bind>Comp:16-4-0 Comp:16-3-4 0.0843MBps 25.4ms</bind>
  <bind>Comp:16-3-4 Comp:16-4-0 0.0843MBps 25.4ms</bind>
  <bind>Comp:16-4-1 Comp:16-3-5 0.0843MBps 25.4ms</bind>
  <bind>Comp:16-3-5 Comp:16-4-1 0.0843MBps 25.4ms</bind>
  <bind>Comp:16-4-2 Comp:16-3-6 0.0843MBps 25.4ms</bind>
  <bind>Comp:16-3-6 Comp:16-4-2 0.0843MBps 25.4ms</bind>
  <bind>Comp:16-4-3 Comp:16-3-7 0.0843MBps 25.4ms</bind>
  <bind>Comp:16-3-7 Comp:16-4-3 0.0843MBps 25.4ms</bind>
  <bind>Comp:16-4-0 Comp:16-5-0 0.304MBps 36.1ms</bind>
  <bind>Comp:16-5-0 Comp:16-4-0 0.304MBps 36.1ms</bind>
  <bind>Comp:16-4-1 Comp:16-5-1 0.304MBps 36.1ms</bind>
  <bind>Comp:16-5-1 Comp:16-4-1 0.304MBps 36.1ms</bind>
  <bind>Comp:16-4-2 Comp:16-5-2 0.304MBps 36.1ms</bind>
  <bind>Comp:16-5-2 Comp:16-4-2 0.304MBps 36.1ms</bind>
  <bind>Comp:16-4-3 Comp:16-5-0 0.304MBps 36.1ms</bind>
  <bind>Comp:16-5-0 Comp:16-4-3 0.304MBps 36.1ms</bind>
</app>
<app>
  <id>App17</id>
<comp>
  <id>Comp:17-0-0</id>
  <CPU>0.478Gf</CPU>
  <RAM>0.11GB</RAM>
  <DISK>1.12GB</DISK>
</comp>
<comp>
  <id>Comp:17-0-1</id>
  <CPU>0.478Gf</CPU>
  <RAM>0.11GB</RAM>
  <DISK>1.12GB</DISK>
</comp>
<comp>
  <id>Comp:17-1-0</id>
  <CPU>0.718Gf</CPU>
  <RAM>0.76GB</RAM>
  <DISK>1.69GB</DISK>
</comp>
<comp>
  <id>Comp:17-1-1</id>
  <CPU>0.718Gf</CPU>
  <RAM>0.76GB</RAM>
  <DISK>1.69GB</DISK>
</comp>
<comp>
  <id>Comp:17-1-2</id>
  <CPU>0.718Gf</CPU>
  <RAM>0.76GB</RAM>
  <DISK>1.69GB</DISK>
</comp>
<comp>
  <id>Comp:17-1-3</id>
  <CPU>0.718Gf</CPU>
  <RAM>0.76GB</RAM>
  <DISK>1.69GB</DISK>
</comp>
<comp>
  <id>Comp:17-1-4</id>
  <CPU>0.718Gf</CPU>
  <RAM>0.76GB</RAM>
  <DISK>1.69GB</DISK>
</comp>
<comp>
  <id>Comp:17-1-5</id>
  <CPU>0.718Gf</CPU>
  <RAM>0.76GB</RAM>
  <DISK>1.69GB</DISK>
</comp>
<comp>
  <id>Comp:17-1-6</id>
  <CPU>0.718Gf</CPU>
  <RAM>0.76GB</RAM>
  <DISK>1.69GB</DISK>
</comp>
<comp>
  <id>Comp:17-1-7</id>
  <CPU>0.718Gf</CPU>
  <RAM>0.76GB</RAM>
  <DISK>1.69GB</DISK>
</comp>
<comp>
  <id>Comp:17-1-8</id>
  <CPU>0.718Gf</CPU>
  <RAM>0.76GB</RAM>
  <DISK>1.69GB</DISK>
</comp>
<comp>
  <id>Comp:17-1-9</id>
  <CPU>0.718Gf</CPU>
  <RAM>0.76GB</RAM>
  <DISK>1.69GB</DISK>
</comp>
<comp>
  <id>Comp:17-2-0</id>
  <CPU>0.38Gf</CPU>
  <RAM>0.549GB</RAM>
  <DISK>0.558GB</DISK>
</comp>
<comp>
  <id>Comp:17-2-1</id>
  <CPU>0.38Gf</CPU>
  <RAM>0.549GB</RAM>
  <DISK>0.558GB</DISK>
</comp>
<comp>
  <id>Comp:17-2-2</id>
  <CPU>0.38Gf</CPU>
  <RAM>0.549GB</RAM>
  <DISK>0.558GB</DISK>
</comp>
<comp>
  <id>Comp:17-2-3</id>
  <CPU>0.38Gf</CPU>
  <RAM>0.549GB</RAM>
  <DISK>0.558GB</DISK>
</comp>
<comp>
  <id>Comp:17-3-0</id>
  <CPU>0.586Gf</CPU>
  <RAM>0.564GB</RAM>
  <DISK>1.92GB</DISK>
</comp>
<comp>
  <id>Comp:17-3-1</id>
  <CPU>0.586Gf</CPU>
  <RAM>0.564GB</RAM>
  <DISK>1.92GB</DISK>
</comp>
<comp>
  <id>Comp:17-3-2</id>
  <CPU>0.586Gf</CPU>
  <RAM>0.564GB</RAM>
  <DISK>1.92GB</DISK>
</comp>
  <bind>Comp:17-1-0 Comp:17-0-0 0.311MBps 35.3ms</bind>
  <bind>Comp:17-0-0 Comp:17-1-0 0.311MBps 35.3ms</bind>
  <bind>Comp:17-1-1 Comp:17-0-1 0.311MBps 35.3ms</bind>
  <bind>Comp:17-0-1 Comp:17-1-1 0.311MBps 35.3ms</bind>
  <bind>Comp:17-1-2 Comp:17-0-0 0.311MBps 35.3ms</bind>
  <bind>Comp:17-0-0 Comp:17-1-2 0.311MBps 35.3ms</bind>
  <bind>Comp:17-1-3 Comp:17-0-1 0.311MBps 35.3ms</bind>
  <bind>Comp:17-0-1 Comp:17-1-3 0.311MBps 35.3ms</bind>
  <bind>Comp:17-1-4 Comp:17-0-0 0.311MBps 35.3ms</bind>
  <bind>Comp:17-0-0 Comp:17-1-4 0.311MBps 35.3ms</bind>
  <bind>Comp:17-1-5 Comp:17-0-1 0.311MBps 35.3ms</bind>
  <bind>Comp:17-0-1 Comp:17-1-5 0.311MBps 35.3ms</bind>
  <bind>Comp:17-1-6 Comp:17-0-0 0.311MBps 35.3ms</bind>
  <bind>Comp:17-0-0 Comp:17-1-6 0.311MBps 35.3ms</bind>
  <bind>Comp:17-1-7 Comp:17-0-1 0.311MBps 35.3ms</bind>
  <bind>Comp:17-0-1 Comp:17-1-7 0.311MBps 35.3ms</bind>
  <bind>Comp:17-1-8 Comp:17-0-0 0.311MBps 35.3ms</bind>
  <bind>Comp:17-0-0 Comp:17-1-8 0.311MBps 35.3ms</bind>
  <bind>Comp:17-1-9 Comp:17-0-1 0.311MBps 35.3ms</bind>
  <bind>Comp:17-0-1 Comp:17-1-9 0.311MBps 35.3ms</bind>
  <bind>Comp:17-2-0 Comp:17-1-0 0.994MBps 31.4ms</bind>
  <bind>Comp:17-1-0 Comp:17-2-0 0.994MBps 31.4ms</bind>
  <bind>Comp:17-2-1 Comp:17-1-1 0.994MBps 31.4ms</bind>
  <bind>Comp:17-1-1 Comp:17-2-1 0.994MBps 31.4ms</bind>
  <bind>Comp:17-2-2 Comp:17-1-2 0.994MBps 31.4ms</bind>
  <bind>Comp:17-1-2 Comp:17-2-2 0.994MBps 31.4ms</bind>
  <bind>Comp:17-2-3 Comp:17-1-3 0.994MBps 31.4ms</bind>
  <bind>Comp:17-1-3 Comp:17-2-3 0.994MBps 31.4ms</bind>
  <bind>Comp:17-2-0 Comp:17-1-4 0.994MBps 31.4ms</bind>
  <bind>Comp:17-1-4 Comp:17-2-0 0.994MBps 31.4ms</bind>
  <bind>Comp:17-2-1 Comp:17-1-5 0.994MBps 31.4ms</bind>
  <bind>Comp:17-1-5 Comp:17-2-1 0.994MBps 31.4ms</bind>
  <bind>Comp:17-2-2 Comp:17-1-6 0.994MBps 31.4ms</bind>
  <bind>Comp:17-1-6 Comp:17-2-2 0.994MBps 31.4ms</bind>
  <bind>Comp:17-2-3 Comp:17-1-7 0.994MBps 31.4ms</bind>
  <bind>Comp:17-1-7 Comp:17-2-3 0.994MBps 31.4ms</bind>
  <bind>Comp:17-2-0 Comp:17-1-8 0.994MBps 31.4ms</bind>
  <bind>Comp:17-1-8 Comp:17-2-0 0.994MBps 31.4ms</bind>
  <bind>Comp:17-2-1 Comp:17-1-9 0.994MBps 31.4ms</bind>
  <bind>Comp:17-1-9 Comp:17-2-1 0.994MBps 31.4ms</bind>
  <bind>Comp:17-3-0 Comp:17-2-0 0.546MBps 33.4ms</bind>
  <bind>Comp:17-2-0 Comp:17-3-0 0.546MBps 33.4ms</bind>
  <bind>Comp:17-3-1 Comp:17-2-1 0.546MBps 33.4ms</bind>
  <bind>Comp:17-2-1 Comp:17-3-1 0.546MBps 33.4ms</bind>
  <bind>Comp:17-3-2 Comp:17-2-2 0.546MBps 33.4ms</bind>
  <bind>Comp:17-2-2 Comp:17-3-2 0.546MBps 33.4ms</bind>
  <bind>Comp:17-3-0 Comp:17-2-3 0.546MBps 33.4ms</bind>
  <bind>Comp:17-2-3 Comp:17-3-0 0.546MBps 33.4ms</bind>
  <bind>Comp:17-3-0 Appliance-257 0.312MBps 26.9ms</bind>
  <bind>Appliance-257 Comp:17-3-0 0.312MBps 26.9ms</bind>
  <bind>Comp:17-3-1 Appliance-10 0.312MBps 26.9ms</bind>
  <bind>Appliance-10 Comp:17-3-1 0.312MBps 26.9ms</bind>
  <bind>Comp:17-3-2 Appliance-361 0.312MBps 26.9ms</bind>
  <bind>Appliance-361 Comp:17-3-2 0.312MBps 26.9ms</bind>
  <bind>Comp:17-3-0 Appliance-187 0.312MBps 26.9ms</bind>
  <bind>Appliance-187 Comp:17-3-0 0.312MBps 26.9ms</bind>
  <bind>Comp:17-3-1 Appliance-62 0.312MBps 26.9ms</bind>
  <bind>Appliance-62 Comp:17-3-1 0.312MBps 26.9ms</bind>
  <bind>Comp:17-3-2 Appliance-148 0.312MBps 26.9ms</bind>
  <bind>Appliance-148 Comp:17-3-2 0.312MBps 26.9ms</bind>
</app>
<app>
  <id>App18</id>
<comp>
  <id>Comp:18-1-0</id>
  <CPU>0.642Gf</CPU>
  <RAM>0.703GB</RAM>
  <DISK>1.13GB</DISK>
</comp>
<comp>
  <id>Comp:18-1-1</id>
  <CPU>0.642Gf</CPU>
  <RAM>0.703GB</RAM>
  <DISK>1.13GB</DISK>
</comp>
<comp>
  <id>Comp:18-1-2</id>
  <CPU>0.642Gf</CPU>
  <RAM>0.703GB</RAM>
  <DISK>1.13GB</DISK>
</comp>
<comp>
  <id>Comp:18-1-3</id>
  <CPU>0.642Gf</CPU>
  <RAM>0.703GB</RAM>
  <DISK>1.13GB</DISK>
</comp>
<comp>
  <id>Comp:18-2-0</id>
  <CPU>0.124Gf</CPU>
  <RAM>0.262GB</RAM>
  <DISK>0.407GB</DISK>
</comp>
<comp>
  <id>Comp:18-2-1</id>
  <CPU>0.124Gf</CPU>
  <RAM>0.262GB</RAM>
  <DISK>0.407GB</DISK>
</comp>
<comp>
  <id>Comp:18-2-2</id>
  <CPU>0.124Gf</CPU>
  <RAM>0.262GB</RAM>
  <DISK>0.407GB</DISK>
</comp>
<comp>
  <id>Comp:18-2-3</id>
  <CPU>0.124Gf</CPU>
  <RAM>0.262GB</RAM>
  <DISK>0.407GB</DISK>
</comp>
<comp>
  <id>Comp:18-2-4</id>
  <CPU>0.124Gf</CPU>
  <RAM>0.262GB</RAM>
  <DISK>0.407GB</DISK>
</comp>
<comp>
  <id>Comp:18-2-5</id>
  <CPU>0.124Gf</CPU>
  <RAM>0.262GB</RAM>
  <DISK>0.407GB</DISK>
</comp>
<comp>
  <id>Comp:18-3-0</id>
  <CPU>0.129Gf</CPU>
  <RAM>0.839GB</RAM>
  <DISK>1.11GB</DISK>
</comp>
<comp>
  <id>Comp:18-3-1</id>
  <CPU>0.129Gf</CPU>
  <RAM>0.839GB</RAM>
  <DISK>1.11GB</DISK>
</comp>
<comp>
  <id>Comp:18-3-2</id>
  <CPU>0.129Gf</CPU>
  <RAM>0.839GB</RAM>
  <DISK>1.11GB</DISK>
</comp>
<comp>
  <id>Comp:18-3-3</id>
  <CPU>0.129Gf</CPU>
  <RAM>0.839GB</RAM>
  <DISK>1.11GB</DISK>
</comp>
<comp>
  <id>Comp:18-3-4</id>
  <CPU>0.129Gf</CPU>
  <RAM>0.839GB</RAM>
  <DISK>1.11GB</DISK>
</comp>
<comp>
  <id>Comp:18-3-5</id>
  <CPU>0.129Gf</CPU>
  <RAM>0.839GB</RAM>
  <DISK>1.11GB</DISK>
</comp>
<comp>
  <id>Comp:18-3-6</id>
  <CPU>0.129Gf</CPU>
  <RAM>0.839GB</RAM>
  <DISK>1.11GB</DISK>
</comp>
<comp>
  <id>Comp:18-3-7</id>
  <CPU>0.129Gf</CPU>
  <RAM>0.839GB</RAM>
  <DISK>1.11GB</DISK>
</comp>
<comp>
  <id>Comp:18-3-8</id>
  <CPU>0.129Gf</CPU>
  <RAM>0.839GB</RAM>
  <DISK>1.11GB</DISK>
</comp>
<comp>
  <id>Comp:18-4-0</id>
  <CPU>0.784Gf</CPU>
  <RAM>0.274GB</RAM>
  <DISK>1.36GB</DISK>
</comp>
<comp>
  <id>Comp:18-5-0</id>
  <CPU>0.746Gf</CPU>
  <RAM>0.94GB</RAM>
  <DISK>0.804GB</DISK>
</comp>
<comp>
  <id>Comp:18-5-1</id>
  <CPU>0.746Gf</CPU>
  <RAM>0.94GB</RAM>
  <DISK>0.804GB</DISK>
</comp>
<comp>
  <id>Comp:18-5-2</id>
  <CPU>0.746Gf</CPU>
  <RAM>0.94GB</RAM>
  <DISK>0.804GB</DISK>
</comp>
<comp>
  <id>Comp:18-5-3</id>
  <CPU>0.746Gf</CPU>
  <RAM>0.94GB</RAM>
  <DISK>0.804GB</DISK>
</comp>
<comp>
  <id>Comp:18-5-4</id>
  <CPU>0.746Gf</CPU>
  <RAM>0.94GB</RAM>
  <DISK>0.804GB</DISK>
</comp>
<comp>
  <id>Comp:18-5-5</id>
  <CPU>0.746Gf</CPU>
  <RAM>0.94GB</RAM>
  <DISK>0.804GB</DISK>
</comp>
<comp>
  <id>Comp:18-5-6</id>
  <CPU>0.746Gf</CPU>
  <RAM>0.94GB</RAM>
  <DISK>0.804GB</DISK>
</comp>
<comp>
  <id>Comp:18-5-7</id>
  <CPU>0.746Gf</CPU>
  <RAM>0.94GB</RAM>
  <DISK>0.804GB</DISK>
</comp>
<comp>
  <id>Comp:18-5-8</id>
  <CPU>0.746Gf</CPU>
  <RAM>0.94GB</RAM>
  <DISK>0.804GB</DISK>
</comp>
<comp>
  <id>Comp:18-5-9</id>
  <CPU>0.746Gf</CPU>
  <RAM>0.94GB</RAM>
  <DISK>0.804GB</DISK>
</comp>
  <bind>Comp:18-1-0 Appliance-338 0.948MBps 39.4ms</bind>
  <bind>Appliance-338 Comp:18-1-0 0.948MBps 39.4ms</bind>
  <bind>Comp:18-1-1 Appliance-221 0.948MBps 39.4ms</bind>
  <bind>Appliance-221 Comp:18-1-1 0.948MBps 39.4ms</bind>
  <bind>Comp:18-1-2 Appliance-338 0.948MBps 39.4ms</bind>
  <bind>Appliance-338 Comp:18-1-2 0.948MBps 39.4ms</bind>
  <bind>Comp:18-1-3 Appliance-221 0.948MBps 39.4ms</bind>
  <bind>Appliance-221 Comp:18-1-3 0.948MBps 39.4ms</bind>
  <bind>Comp:18-2-0 Comp:18-1-0 0.0456MBps 28.2ms</bind>
  <bind>Comp:18-1-0 Comp:18-2-0 0.0456MBps 28.2ms</bind>
  <bind>Comp:18-2-1 Comp:18-1-1 0.0456MBps 28.2ms</bind>
  <bind>Comp:18-1-1 Comp:18-2-1 0.0456MBps 28.2ms</bind>
  <bind>Comp:18-2-2 Comp:18-1-2 0.0456MBps 28.2ms</bind>
  <bind>Comp:18-1-2 Comp:18-2-2 0.0456MBps 28.2ms</bind>
  <bind>Comp:18-2-3 Comp:18-1-3 0.0456MBps 28.2ms</bind>
  <bind>Comp:18-1-3 Comp:18-2-3 0.0456MBps 28.2ms</bind>
  <bind>Comp:18-2-4 Comp:18-1-0 0.0456MBps 28.2ms</bind>
  <bind>Comp:18-1-0 Comp:18-2-4 0.0456MBps 28.2ms</bind>
  <bind>Comp:18-2-5 Comp:18-1-1 0.0456MBps 28.2ms</bind>
  <bind>Comp:18-1-1 Comp:18-2-5 0.0456MBps 28.2ms</bind>
  <bind>Comp:18-3-0 Comp:18-2-0 0.64MBps 28.1ms</bind>
  <bind>Comp:18-2-0 Comp:18-3-0 0.64MBps 28.1ms</bind>
  <bind>Comp:18-3-1 Comp:18-2-1 0.64MBps 28.1ms</bind>
  <bind>Comp:18-2-1 Comp:18-3-1 0.64MBps 28.1ms</bind>
  <bind>Comp:18-3-2 Comp:18-2-2 0.64MBps 28.1ms</bind>
  <bind>Comp:18-2-2 Comp:18-3-2 0.64MBps 28.1ms</bind>
  <bind>Comp:18-3-3 Comp:18-2-3 0.64MBps 28.1ms</bind>
  <bind>Comp:18-2-3 Comp:18-3-3 0.64MBps 28.1ms</bind>
  <bind>Comp:18-3-4 Comp:18-2-4 0.64MBps 28.1ms</bind>
  <bind>Comp:18-2-4 Comp:18-3-4 0.64MBps 28.1ms</bind>
  <bind>Comp:18-3-5 Comp:18-2-5 0.64MBps 28.1ms</bind>
  <bind>Comp:18-2-5 Comp:18-3-5 0.64MBps 28.1ms</bind>
  <bind>Comp:18-3-6 Comp:18-2-0 0.64MBps 28.1ms</bind>
  <bind>Comp:18-2-0 Comp:18-3-6 0.64MBps 28.1ms</bind>
  <bind>Comp:18-3-7 Comp:18-2-1 0.64MBps 28.1ms</bind>
  <bind>Comp:18-2-1 Comp:18-3-7 0.64MBps 28.1ms</bind>
  <bind>Comp:18-3-8 Comp:18-2-2 0.64MBps 28.1ms</bind>
  <bind>Comp:18-2-2 Comp:18-3-8 0.64MBps 28.1ms</bind>
  <bind>Comp:18-4-0 Comp:18-3-0 0.951MBps 43.5ms</bind>
  <bind>Comp:18-3-0 Comp:18-4-0 0.951MBps 43.5ms</bind>
  <bind>Comp:18-4-0 Comp:18-3-1 0.951MBps 43.5ms</bind>
  <bind>Comp:18-3-1 Comp:18-4-0 0.951MBps 43.5ms</bind>
  <bind>Comp:18-4-0 Comp:18-3-2 0.951MBps 43.5ms</bind>
  <bind>Comp:18-3-2 Comp:18-4-0 0.951MBps 43.5ms</bind>
  <bind>Comp:18-4-0 Comp:18-3-3 0.951MBps 43.5ms</bind>
  <bind>Comp:18-3-3 Comp:18-4-0 0.951MBps 43.5ms</bind>
  <bind>Comp:18-4-0 Comp:18-3-4 0.951MBps 43.5ms</bind>
  <bind>Comp:18-3-4 Comp:18-4-0 0.951MBps 43.5ms</bind>
  <bind>Comp:18-4-0 Comp:18-3-5 0.951MBps 43.5ms</bind>
  <bind>Comp:18-3-5 Comp:18-4-0 0.951MBps 43.5ms</bind>
  <bind>Comp:18-4-0 Comp:18-3-6 0.951MBps 43.5ms</bind>
  <bind>Comp:18-3-6 Comp:18-4-0 0.951MBps 43.5ms</bind>
  <bind>Comp:18-4-0 Comp:18-3-7 0.951MBps 43.5ms</bind>
  <bind>Comp:18-3-7 Comp:18-4-0 0.951MBps 43.5ms</bind>
  <bind>Comp:18-4-0 Comp:18-3-8 0.951MBps 43.5ms</bind>
  <bind>Comp:18-3-8 Comp:18-4-0 0.951MBps 43.5ms</bind>
  <bind>Comp:18-4-0 Comp:18-5-0 0.581MBps 33.3ms</bind>
  <bind>Comp:18-5-0 Comp:18-4-0 0.581MBps 33.3ms</bind>
  <bind>Comp:18-4-0 Comp:18-5-1 0.581MBps 33.3ms</bind>
  <bind>Comp:18-5-1 Comp:18-4-0 0.581MBps 33.3ms</bind>
  <bind>Comp:18-4-0 Comp:18-5-2 0.581MBps 33.3ms</bind>
  <bind>Comp:18-5-2 Comp:18-4-0 0.581MBps 33.3ms</bind>
  <bind>Comp:18-4-0 Comp:18-5-3 0.581MBps 33.3ms</bind>
  <bind>Comp:18-5-3 Comp:18-4-0 0.581MBps 33.3ms</bind>
  <bind>Comp:18-4-0 Comp:18-5-4 0.581MBps 33.3ms</bind>
  <bind>Comp:18-5-4 Comp:18-4-0 0.581MBps 33.3ms</bind>
  <bind>Comp:18-4-0 Comp:18-5-5 0.581MBps 33.3ms</bind>
  <bind>Comp:18-5-5 Comp:18-4-0 0.581MBps 33.3ms</bind>
  <bind>Comp:18-4-0 Comp:18-5-6 0.581MBps 33.3ms</bind>
  <bind>Comp:18-5-6 Comp:18-4-0 0.581MBps 33.3ms</bind>
  <bind>Comp:18-4-0 Comp:18-5-7 0.581MBps 33.3ms</bind>
  <bind>Comp:18-5-7 Comp:18-4-0 0.581MBps 33.3ms</bind>
  <bind>Comp:18-4-0 Comp:18-5-8 0.581MBps 33.3ms</bind>
  <bind>Comp:18-5-8 Comp:18-4-0 0.581MBps 33.3ms</bind>
  <bind>Comp:18-4-0 Comp:18-5-9 0.581MBps 33.3ms</bind>
  <bind>Comp:18-5-9 Comp:18-4-0 0.581MBps 33.3ms</bind>
</app>
<app>
  <id>App19</id>
<comp>
  <id>Comp:19-0-0</id>
  <CPU>0.278Gf</CPU>
  <RAM>0.95GB</RAM>
  <DISK>0.665GB</DISK>
</comp>
<comp>
  <id>Comp:19-0-1</id>
  <CPU>0.278Gf</CPU>
  <RAM>0.95GB</RAM>
  <DISK>0.665GB</DISK>
</comp>
<comp>
  <id>Comp:19-0-2</id>
  <CPU>0.278Gf</CPU>
  <RAM>0.95GB</RAM>
  <DISK>0.665GB</DISK>
</comp>
<comp>
  <id>Comp:19-1-0</id>
  <CPU>0.734Gf</CPU>
  <RAM>0.321GB</RAM>
  <DISK>0.537GB</DISK>
</comp>
<comp>
  <id>Comp:19-1-1</id>
  <CPU>0.734Gf</CPU>
  <RAM>0.321GB</RAM>
  <DISK>0.537GB</DISK>
</comp>
<comp>
  <id>Comp:19-1-2</id>
  <CPU>0.734Gf</CPU>
  <RAM>0.321GB</RAM>
  <DISK>0.537GB</DISK>
</comp>
<comp>
  <id>Comp:19-1-3</id>
  <CPU>0.734Gf</CPU>
  <RAM>0.321GB</RAM>
  <DISK>0.537GB</DISK>
</comp>
<comp>
  <id>Comp:19-1-4</id>
  <CPU>0.734Gf</CPU>
  <RAM>0.321GB</RAM>
  <DISK>0.537GB</DISK>
</comp>
<comp>
  <id>Comp:19-1-5</id>
  <CPU>0.734Gf</CPU>
  <RAM>0.321GB</RAM>
  <DISK>0.537GB</DISK>
</comp>
<comp>
  <id>Comp:19-1-6</id>
  <CPU>0.734Gf</CPU>
  <RAM>0.321GB</RAM>
  <DISK>0.537GB</DISK>
</comp>
<comp>
  <id>Comp:19-2-0</id>
  <CPU>0.648Gf</CPU>
  <RAM>0.874GB</RAM>
  <DISK>0.948GB</DISK>
</comp>
<comp>
  <id>Comp:19-2-1</id>
  <CPU>0.648Gf</CPU>
  <RAM>0.874GB</RAM>
  <DISK>0.948GB</DISK>
</comp>
<comp>
  <id>Comp:19-2-2</id>
  <CPU>0.648Gf</CPU>
  <RAM>0.874GB</RAM>
  <DISK>0.948GB</DISK>
</comp>
<comp>
  <id>Comp:19-2-3</id>
  <CPU>0.648Gf</CPU>
  <RAM>0.874GB</RAM>
  <DISK>0.948GB</DISK>
</comp>
<comp>
  <id>Comp:19-2-4</id>
  <CPU>0.648Gf</CPU>
  <RAM>0.874GB</RAM>
  <DISK>0.948GB</DISK>
</comp>
<comp>
  <id>Comp:19-2-5</id>
  <CPU>0.648Gf</CPU>
  <RAM>0.874GB</RAM>
  <DISK>0.948GB</DISK>
</comp>
<comp>
  <id>Comp:19-2-6</id>
  <CPU>0.648Gf</CPU>
  <RAM>0.874GB</RAM>
  <DISK>0.948GB</DISK>
</comp>
<comp>
  <id>Comp:19-2-7</id>
  <CPU>0.648Gf</CPU>
  <RAM>0.874GB</RAM>
  <DISK>0.948GB</DISK>
</comp>
<comp>
  <id>Comp:19-2-8</id>
  <CPU>0.648Gf</CPU>
  <RAM>0.874GB</RAM>
  <DISK>0.948GB</DISK>
</comp>
<comp>
  <id>Comp:19-3-0</id>
  <CPU>0.707Gf</CPU>
  <RAM>0.648GB</RAM>
  <DISK>1.7GB</DISK>
</comp>
<comp>
  <id>Comp:19-3-1</id>
  <CPU>0.707Gf</CPU>
  <RAM>0.648GB</RAM>
  <DISK>1.7GB</DISK>
</comp>
<comp>
  <id>Comp:19-3-2</id>
  <CPU>0.707Gf</CPU>
  <RAM>0.648GB</RAM>
  <DISK>1.7GB</DISK>
</comp>
<comp>
  <id>Comp:19-3-3</id>
  <CPU>0.707Gf</CPU>
  <RAM>0.648GB</RAM>
  <DISK>1.7GB</DISK>
</comp>
<comp>
  <id>Comp:19-3-4</id>
  <CPU>0.707Gf</CPU>
  <RAM>0.648GB</RAM>
  <DISK>1.7GB</DISK>
</comp>
<comp>
  <id>Comp:19-3-5</id>
  <CPU>0.707Gf</CPU>
  <RAM>0.648GB</RAM>
  <DISK>1.7GB</DISK>
</comp>
<comp>
  <id>Comp:19-3-6</id>
  <CPU>0.707Gf</CPU>
  <RAM>0.648GB</RAM>
  <DISK>1.7GB</DISK>
</comp>
<comp>
  <id>Comp:19-3-7</id>
  <CPU>0.707Gf</CPU>
  <RAM>0.648GB</RAM>
  <DISK>1.7GB</DISK>
</comp>
<comp>
  <id>Comp:19-3-8</id>
  <CPU>0.707Gf</CPU>
  <RAM>0.648GB</RAM>
  <DISK>1.7GB</DISK>
</comp>
<comp>
  <id>Comp:19-3-9</id>
  <CPU>0.707Gf</CPU>
  <RAM>0.648GB</RAM>
  <DISK>1.7GB</DISK>
</comp>
<comp>
  <id>Comp:19-4-0</id>
  <CPU>0.127Gf</CPU>
  <RAM>0.227GB</RAM>
  <DISK>1.94GB</DISK>
</comp>
<comp>
  <id>Comp:19-4-1</id>
  <CPU>0.127Gf</CPU>
  <RAM>0.227GB</RAM>
  <DISK>1.94GB</DISK>
</comp>
<comp>
  <id>Comp:19-4-2</id>
  <CPU>0.127Gf</CPU>
  <RAM>0.227GB</RAM>
  <DISK>1.94GB</DISK>
</comp>
<comp>
  <id>Comp:19-4-3</id>
  <CPU>0.127Gf</CPU>
  <RAM>0.227GB</RAM>
  <DISK>1.94GB</DISK>
</comp>
<comp>
  <id>Comp:19-4-4</id>
  <CPU>0.127Gf</CPU>
  <RAM>0.227GB</RAM>
  <DISK>1.94GB</DISK>
</comp>
<comp>
  <id>Comp:19-4-5</id>
  <CPU>0.127Gf</CPU>
  <RAM>0.227GB</RAM>
  <DISK>1.94GB</DISK>
</comp>
<comp>
  <id>Comp:19-4-6</id>
  <CPU>0.127Gf</CPU>
  <RAM>0.227GB</RAM>
  <DISK>1.94GB</DISK>
</comp>
<comp>
  <id>Comp:19-4-7</id>
  <CPU>0.127Gf</CPU>
  <RAM>0.227GB</RAM>
  <DISK>1.94GB</DISK>
</comp>
<comp>
  <id>Comp:19-4-8</id>
  <CPU>0.127Gf</CPU>
  <RAM>0.227GB</RAM>
  <DISK>1.94GB</DISK>
</comp>
  <bind>Comp:19-1-0 Comp:19-0-0 0.108MBps 49.7ms</bind>
  <bind>Comp:19-0-0 Comp:19-1-0 0.108MBps 49.7ms</bind>
  <bind>Comp:19-1-1 Comp:19-0-1 0.108MBps 49.7ms</bind>
  <bind>Comp:19-0-1 Comp:19-1-1 0.108MBps 49.7ms</bind>
  <bind>Comp:19-1-2 Comp:19-0-2 0.108MBps 49.7ms</bind>
  <bind>Comp:19-0-2 Comp:19-1-2 0.108MBps 49.7ms</bind>
  <bind>Comp:19-1-3 Comp:19-0-0 0.108MBps 49.7ms</bind>
  <bind>Comp:19-0-0 Comp:19-1-3 0.108MBps 49.7ms</bind>
  <bind>Comp:19-1-4 Comp:19-0-1 0.108MBps 49.7ms</bind>
  <bind>Comp:19-0-1 Comp:19-1-4 0.108MBps 49.7ms</bind>
  <bind>Comp:19-1-5 Comp:19-0-2 0.108MBps 49.7ms</bind>
  <bind>Comp:19-0-2 Comp:19-1-5 0.108MBps 49.7ms</bind>
  <bind>Comp:19-1-6 Comp:19-0-0 0.108MBps 49.7ms</bind>
  <bind>Comp:19-0-0 Comp:19-1-6 0.108MBps 49.7ms</bind>
  <bind>Comp:19-2-0 Comp:19-1-0 0.372MBps 43.4ms</bind>
  <bind>Comp:19-1-0 Comp:19-2-0 0.372MBps 43.4ms</bind>
  <bind>Comp:19-2-1 Comp:19-1-1 0.372MBps 43.4ms</bind>
  <bind>Comp:19-1-1 Comp:19-2-1 0.372MBps 43.4ms</bind>
  <bind>Comp:19-2-2 Comp:19-1-2 0.372MBps 43.4ms</bind>
  <bind>Comp:19-1-2 Comp:19-2-2 0.372MBps 43.4ms</bind>
  <bind>Comp:19-2-3 Comp:19-1-3 0.372MBps 43.4ms</bind>
  <bind>Comp:19-1-3 Comp:19-2-3 0.372MBps 43.4ms</bind>
  <bind>Comp:19-2-4 Comp:19-1-4 0.372MBps 43.4ms</bind>
  <bind>Comp:19-1-4 Comp:19-2-4 0.372MBps 43.4ms</bind>
  <bind>Comp:19-2-5 Comp:19-1-5 0.372MBps 43.4ms</bind>
  <bind>Comp:19-1-5 Comp:19-2-5 0.372MBps 43.4ms</bind>
  <bind>Comp:19-2-6 Comp:19-1-6 0.372MBps 43.4ms</bind>
  <bind>Comp:19-1-6 Comp:19-2-6 0.372MBps 43.4ms</bind>
  <bind>Comp:19-2-7 Comp:19-1-0 0.372MBps 43.4ms</bind>
  <bind>Comp:19-1-0 Comp:19-2-7 0.372MBps 43.4ms</bind>
  <bind>Comp:19-2-8 Comp:19-1-1 0.372MBps 43.4ms</bind>
  <bind>Comp:19-1-1 Comp:19-2-8 0.372MBps 43.4ms</bind>
  <bind>Comp:19-3-0 Comp:19-2-0 0.831MBps 47.2ms</bind>
  <bind>Comp:19-2-0 Comp:19-3-0 0.831MBps 47.2ms</bind>
  <bind>Comp:19-3-1 Comp:19-2-1 0.831MBps 47.2ms</bind>
  <bind>Comp:19-2-1 Comp:19-3-1 0.831MBps 47.2ms</bind>
  <bind>Comp:19-3-2 Comp:19-2-2 0.831MBps 47.2ms</bind>
  <bind>Comp:19-2-2 Comp:19-3-2 0.831MBps 47.2ms</bind>
  <bind>Comp:19-3-3 Comp:19-2-3 0.831MBps 47.2ms</bind>
  <bind>Comp:19-2-3 Comp:19-3-3 0.831MBps 47.2ms</bind>
  <bind>Comp:19-3-4 Comp:19-2-4 0.831MBps 47.2ms</bind>
  <bind>Comp:19-2-4 Comp:19-3-4 0.831MBps 47.2ms</bind>
  <bind>Comp:19-3-5 Comp:19-2-5 0.831MBps 47.2ms</bind>
  <bind>Comp:19-2-5 Comp:19-3-5 0.831MBps 47.2ms</bind>
  <bind>Comp:19-3-6 Comp:19-2-6 0.831MBps 47.2ms</bind>
  <bind>Comp:19-2-6 Comp:19-3-6 0.831MBps 47.2ms</bind>
  <bind>Comp:19-3-7 Comp:19-2-7 0.831MBps 47.2ms</bind>
  <bind>Comp:19-2-7 Comp:19-3-7 0.831MBps 47.2ms</bind>
  <bind>Comp:19-3-8 Comp:19-2-8 0.831MBps 47.2ms</bind>
  <bind>Comp:19-2-8 Comp:19-3-8 0.831MBps 47.2ms</bind>
  <bind>Comp:19-3-9 Comp:19-2-0 0.831MBps 47.2ms</bind>
  <bind>Comp:19-2-0 Comp:19-3-9 0.831MBps 47.2ms</bind>
  <bind>Comp:19-4-0 Comp:19-3-0 0.285MBps 29.4ms</bind>
  <bind>Comp:19-3-0 Comp:19-4-0 0.285MBps 29.4ms</bind>
  <bind>Comp:19-4-1 Comp:19-3-1 0.285MBps 29.4ms</bind>
  <bind>Comp:19-3-1 Comp:19-4-1 0.285MBps 29.4ms</bind>
  <bind>Comp:19-4-2 Comp:19-3-2 0.285MBps 29.4ms</bind>
  <bind>Comp:19-3-2 Comp:19-4-2 0.285MBps 29.4ms</bind>
  <bind>Comp:19-4-3 Comp:19-3-3 0.285MBps 29.4ms</bind>
  <bind>Comp:19-3-3 Comp:19-4-3 0.285MBps 29.4ms</bind>
  <bind>Comp:19-4-4 Comp:19-3-4 0.285MBps 29.4ms</bind>
  <bind>Comp:19-3-4 Comp:19-4-4 0.285MBps 29.4ms</bind>
  <bind>Comp:19-4-5 Comp:19-3-5 0.285MBps 29.4ms</bind>
  <bind>Comp:19-3-5 Comp:19-4-5 0.285MBps 29.4ms</bind>
  <bind>Comp:19-4-6 Comp:19-3-6 0.285MBps 29.4ms</bind>
  <bind>Comp:19-3-6 Comp:19-4-6 0.285MBps 29.4ms</bind>
  <bind>Comp:19-4-7 Comp:19-3-7 0.285MBps 29.4ms</bind>
  <bind>Comp:19-3-7 Comp:19-4-7 0.285MBps 29.4ms</bind>
  <bind>Comp:19-4-8 Comp:19-3-8 0.285MBps 29.4ms</bind>
  <bind>Comp:19-3-8 Comp:19-4-8 0.285MBps 29.4ms</bind>
  <bind>Comp:19-4-0 Comp:19-3-9 0.285MBps 29.4ms</bind>
  <bind>Comp:19-3-9 Comp:19-4-0 0.285MBps 29.4ms</bind>
  <bind>Comp:19-4-0 Appliance-311 0.168MBps 37.5ms</bind>
  <bind>Appliance-311 Comp:19-4-0 0.168MBps 37.5ms</bind>
  <bind>Comp:19-4-1 Appliance-183 0.168MBps 37.5ms</bind>
  <bind>Appliance-183 Comp:19-4-1 0.168MBps 37.5ms</bind>
  <bind>Comp:19-4-2 Appliance-178 0.168MBps 37.5ms</bind>
  <bind>Appliance-178 Comp:19-4-2 0.168MBps 37.5ms</bind>
  <bind>Comp:19-4-3 Appliance-157 0.168MBps 37.5ms</bind>
  <bind>Appliance-157 Comp:19-4-3 0.168MBps 37.5ms</bind>
  <bind>Comp:19-4-4 Appliance-70 0.168MBps 37.5ms</bind>
  <bind>Appliance-70 Comp:19-4-4 0.168MBps 37.5ms</bind>
  <bind>Comp:19-4-5 Appliance-311 0.168MBps 37.5ms</bind>
  <bind>Appliance-311 Comp:19-4-5 0.168MBps 37.5ms</bind>
  <bind>Comp:19-4-6 Appliance-183 0.168MBps 37.5ms</bind>
  <bind>Appliance-183 Comp:19-4-6 0.168MBps 37.5ms</bind>
  <bind>Comp:19-4-7 Appliance-178 0.168MBps 37.5ms</bind>
  <bind>Appliance-178 Comp:19-4-7 0.168MBps 37.5ms</bind>
  <bind>Comp:19-4-8 Appliance-157 0.168MBps 37.5ms</bind>
  <bind>Appliance-157 Comp:19-4-8 0.168MBps 37.5ms</bind>
</app>
</apps>
