<?xml version="1.0"?>
<apps>
<app>
  <id>App1</id>
<comp>
  <id>Comp:1-1-0</id>
  <CPU>0.681Gf</CPU>
  <RAM>0.284GB</RAM>
  <DISK>0.098GB</DISK>
</comp>
<comp>
  <id>Comp:1-1-1</id>
  <CPU>0.681Gf</CPU>
  <RAM>0.284GB</RAM>
  <DISK>0.098GB</DISK>
</comp>
<comp>
  <id>Comp:1-1-2</id>
  <CPU>0.681Gf</CPU>
  <RAM>0.284GB</RAM>
  <DISK>0.098GB</DISK>
</comp>
<comp>
  <id>Comp:1-1-3</id>
  <CPU>0.681Gf</CPU>
  <RAM>0.284GB</RAM>
  <DISK>0.098GB</DISK>
</comp>
<comp>
  <id>Comp:1-1-4</id>
  <CPU>0.681Gf</CPU>
  <RAM>0.284GB</RAM>
  <DISK>0.098GB</DISK>
</comp>
<comp>
  <id>Comp:1-1-5</id>
  <CPU>0.681Gf</CPU>
  <RAM>0.284GB</RAM>
  <DISK>0.098GB</DISK>
</comp>
<comp>
  <id>Comp:1-1-6</id>
  <CPU>0.681Gf</CPU>
  <RAM>0.284GB</RAM>
  <DISK>0.098GB</DISK>
</comp>
<comp>
  <id>Comp:1-1-7</id>
  <CPU>0.681Gf</CPU>
  <RAM>0.284GB</RAM>
  <DISK>0.098GB</DISK>
</comp>
<comp>
  <id>Comp:1-1-8</id>
  <CPU>0.681Gf</CPU>
  <RAM>0.284GB</RAM>
  <DISK>0.098GB</DISK>
</comp>
<comp>
  <id>Comp:1-1-9</id>
  <CPU>0.681Gf</CPU>
  <RAM>0.284GB</RAM>
  <DISK>0.098GB</DISK>
</comp>
<comp>
  <id>Comp:1-2-0</id>
  <CPU>0.247Gf</CPU>
  <RAM>0.247GB</RAM>
  <DISK>1.25GB</DISK>
</comp>
<comp>
  <id>Comp:1-2-1</id>
  <CPU>0.247Gf</CPU>
  <RAM>0.247GB</RAM>
  <DISK>1.25GB</DISK>
</comp>
<comp>
  <id>Comp:1-2-2</id>
  <CPU>0.247Gf</CPU>
  <RAM>0.247GB</RAM>
  <DISK>1.25GB</DISK>
</comp>
<comp>
  <id>Comp:1-2-3</id>
  <CPU>0.247Gf</CPU>
  <RAM>0.247GB</RAM>
  <DISK>1.25GB</DISK>
</comp>
<comp>
  <id>Comp:1-2-4</id>
  <CPU>0.247Gf</CPU>
  <RAM>0.247GB</RAM>
  <DISK>1.25GB</DISK>
</comp>
<comp>
  <id>Comp:1-2-5</id>
  <CPU>0.247Gf</CPU>
  <RAM>0.247GB</RAM>
  <DISK>1.25GB</DISK>
</comp>
<comp>
  <id>Comp:1-2-6</id>
  <CPU>0.247Gf</CPU>
  <RAM>0.247GB</RAM>
  <DISK>1.25GB</DISK>
</comp>
  <bind>Comp:1-1-0 Appliance-60 0.592MBps 28.4ms</bind>
  <bind>Appliance-60 Comp:1-1-0 0.592MBps 28.4ms</bind>
  <bind>Comp:1-1-1 Appliance-66 0.592MBps 28.4ms</bind>
  <bind>Appliance-66 Comp:1-1-1 0.592MBps 28.4ms</bind>
  <bind>Comp:1-1-2 Appliance-320 0.592MBps 28.4ms</bind>
  <bind>Appliance-320 Comp:1-1-2 0.592MBps 28.4ms</bind>
  <bind>Comp:1-1-3 Appliance-356 0.592MBps 28.4ms</bind>
  <bind>Appliance-356 Comp:1-1-3 0.592MBps 28.4ms</bind>
  <bind>Comp:1-1-4 Appliance-79 0.592MBps 28.4ms</bind>
  <bind>Appliance-79 Comp:1-1-4 0.592MBps 28.4ms</bind>
  <bind>Comp:1-1-5 Appliance-60 0.592MBps 28.4ms</bind>
  <bind>Appliance-60 Comp:1-1-5 0.592MBps 28.4ms</bind>
  <bind>Comp:1-1-6 Appliance-66 0.592MBps 28.4ms</bind>
  <bind>Appliance-66 Comp:1-1-6 0.592MBps 28.4ms</bind>
  <bind>Comp:1-1-7 Appliance-320 0.592MBps 28.4ms</bind>
  <bind>Appliance-320 Comp:1-1-7 0.592MBps 28.4ms</bind>
  <bind>Comp:1-1-8 Appliance-356 0.592MBps 28.4ms</bind>
  <bind>Appliance-356 Comp:1-1-8 0.592MBps 28.4ms</bind>
  <bind>Comp:1-1-9 Appliance-79 0.592MBps 28.4ms</bind>
  <bind>Appliance-79 Comp:1-1-9 0.592MBps 28.4ms</bind>
  <bind>Comp:1-1-0 Comp:1-2-0 0.0847MBps 26.5ms</bind>
  <bind>Comp:1-2-0 Comp:1-1-0 0.0847MBps 26.5ms</bind>
  <bind>Comp:1-1-1 Comp:1-2-1 0.0847MBps 26.5ms</bind>
  <bind>Comp:1-2-1 Comp:1-1-1 0.0847MBps 26.5ms</bind>
  <bind>Comp:1-1-2 Comp:1-2-2 0.0847MBps 26.5ms</bind>
  <bind>Comp:1-2-2 Comp:1-1-2 0.0847MBps 26.5ms</bind>
  <bind>Comp:1-1-3 Comp:1-2-3 0.0847MBps 26.5ms</bind>
  <bind>Comp:1-2-3 Comp:1-1-3 0.0847MBps 26.5ms</bind>
  <bind>Comp:1-1-4 Comp:1-2-4 0.0847MBps 26.5ms</bind>
  <bind>Comp:1-2-4 Comp:1-1-4 0.0847MBps 26.5ms</bind>
  <bind>Comp:1-1-5 Comp:1-2-5 0.0847MBps 26.5ms</bind>
  <bind>Comp:1-2-5 Comp:1-1-5 0.0847MBps 26.5ms</bind>
  <bind>Comp:1-1-6 Comp:1-2-6 0.0847MBps 26.5ms</bind>
  <bind>Comp:1-2-6 Comp:1-1-6 0.0847MBps 26.5ms</bind>
  <bind>Comp:1-1-7 Comp:1-2-0 0.0847MBps 26.5ms</bind>
  <bind>Comp:1-2-0 Comp:1-1-7 0.0847MBps 26.5ms</bind>
  <bind>Comp:1-1-8 Comp:1-2-1 0.0847MBps 26.5ms</bind>
  <bind>Comp:1-2-1 Comp:1-1-8 0.0847MBps 26.5ms</bind>
  <bind>Comp:1-1-9 Comp:1-2-2 0.0847MBps 26.5ms</bind>
  <bind>Comp:1-2-2 Comp:1-1-9 0.0847MBps 26.5ms</bind>
</app>
<app>
  <id>App10</id>
<comp>
  <id>Comp:10-1-0</id>
  <CPU>0.15Gf</CPU>
  <RAM>0.822GB</RAM>
  <DISK>0.502GB</DISK>
</comp>
<comp>
  <id>Comp:10-1-1</id>
  <CPU>0.15Gf</CPU>
  <RAM>0.822GB</RAM>
  <DISK>0.502GB</DISK>
</comp>
<comp>
  <id>Comp:10-1-2</id>
  <CPU>0.15Gf</CPU>
  <RAM>0.822GB</RAM>
  <DISK>0.502GB</DISK>
</comp>
<comp>
  <id>Comp:10-1-3</id>
  <CPU>0.15Gf</CPU>
  <RAM>0.822GB</RAM>
  <DISK>0.502GB</DISK>
</comp>
<comp>
  <id>Comp:10-1-4</id>
  <CPU>0.15Gf</CPU>
  <RAM>0.822GB</RAM>
  <DISK>0.502GB</DISK>
</comp>
<comp>
  <id>Comp:10-1-5</id>
  <CPU>0.15Gf</CPU>
  <RAM>0.822GB</RAM>
  <DISK>0.502GB</DISK>
</comp>
<comp>
  <id>Comp:10-1-6</id>
  <CPU>0.15Gf</CPU>
  <RAM>0.822GB</RAM>
  <DISK>0.502GB</DISK>
</comp>
<comp>
  <id>Comp:10-1-7</id>
  <CPU>0.15Gf</CPU>
  <RAM>0.822GB</RAM>
  <DISK>0.502GB</DISK>
</comp>
<comp>
  <id>Comp:10-2-0</id>
  <CPU>0.298Gf</CPU>
  <RAM>0.728GB</RAM>
  <DISK>1.64GB</DISK>
</comp>
<comp>
  <id>Comp:10-2-1</id>
  <CPU>0.298Gf</CPU>
  <RAM>0.728GB</RAM>
  <DISK>1.64GB</DISK>
</comp>
<comp>
  <id>Comp:10-2-2</id>
  <CPU>0.298Gf</CPU>
  <RAM>0.728GB</RAM>
  <DISK>1.64GB</DISK>
</comp>
<comp>
  <id>Comp:10-2-3</id>
  <CPU>0.298Gf</CPU>
  <RAM>0.728GB</RAM>
  <DISK>1.64GB</DISK>
</comp>
<comp>
  <id>Comp:10-2-4</id>
  <CPU>0.298Gf</CPU>
  <RAM>0.728GB</RAM>
  <DISK>1.64GB</DISK>
</comp>
<comp>
  <id>Comp:10-2-5</id>
  <CPU>0.298Gf</CPU>
  <RAM>0.728GB</RAM>
  <DISK>1.64GB</DISK>
</comp>
<comp>
  <id>Comp:10-2-6</id>
  <CPU>0.298Gf</CPU>
  <RAM>0.728GB</RAM>
  <DISK>1.64GB</DISK>
</comp>
<comp>
  <id>Comp:10-3-0</id>
  <CPU>0.683Gf</CPU>
  <RAM>0.473GB</RAM>
  <DISK>0.044GB</DISK>
</comp>
<comp>
  <id>Comp:10-3-1</id>
  <CPU>0.683Gf</CPU>
  <RAM>0.473GB</RAM>
  <DISK>0.044GB</DISK>
</comp>
<comp>
  <id>Comp:10-3-2</id>
  <CPU>0.683Gf</CPU>
  <RAM>0.473GB</RAM>
  <DISK>0.044GB</DISK>
</comp>
<comp>
  <id>Comp:10-3-3</id>
  <CPU>0.683Gf</CPU>
  <RAM>0.473GB</RAM>
  <DISK>0.044GB</DISK>
</comp>
<comp>
  <id>Comp:10-3-4</id>
  <CPU>0.683Gf</CPU>
  <RAM>0.473GB</RAM>
  <DISK>0.044GB</DISK>
</comp>
<comp>
  <id>Comp:10-4-0</id>
  <CPU>0.358Gf</CPU>
  <RAM>0.105GB</RAM>
  <DISK>0.578GB</DISK>
</comp>
<comp>
  <id>Comp:10-4-1</id>
  <CPU>0.358Gf</CPU>
  <RAM>0.105GB</RAM>
  <DISK>0.578GB</DISK>
</comp>
<comp>
  <id>Comp:10-4-2</id>
  <CPU>0.358Gf</CPU>
  <RAM>0.105GB</RAM>
  <DISK>0.578GB</DISK>
</comp>
<comp>
  <id>Comp:10-4-3</id>
  <CPU>0.358Gf</CPU>
  <RAM>0.105GB</RAM>
  <DISK>0.578GB</DISK>
</comp>
<comp>
  <id>Comp:10-4-4</id>
  <CPU>0.358Gf</CPU>
  <RAM>0.105GB</RAM>
  <DISK>0.578GB</DISK>
</comp>
<comp>
  <id>Comp:10-4-5</id>
  <CPU>0.358Gf</CPU>
  <RAM>0.105GB</RAM>
  <DISK>0.578GB</DISK>
</comp>
  <bind>Comp:10-1-0 Appliance-379 0.218MBps 36.1ms</bind>
  <bind>Appliance-379 Comp:10-1-0 0.218MBps 36.1ms</bind>
  <bind>Comp:10-1-1 Appliance-216 0.218MBps 36.1ms</bind>
  <bind>Appliance-216 Comp:10-1-1 0.218MBps 36.1ms</bind>
  <bind>Comp:10-1-2 Appliance-278 0.218MBps 36.1ms</bind>
  <bind>Appliance-278 Comp:10-1-2 0.218MBps 36.1ms</bind>
  <bind>Comp:10-1-3 Appliance-57 0.218MBps 36.1ms</bind>
  <bind>Appliance-57 Comp:10-1-3 0.218MBps 36.1ms</bind>
  <bind>Comp:10-1-4 Appliance-369 0.218MBps 36.1ms</bind>
  <bind>Appliance-369 Comp:10-1-4 0.218MBps 36.1ms</bind>
  <bind>Comp:10-1-5 Appliance-245 0.218MBps 36.1ms</bind>
  <bind>Appliance-245 Comp:10-1-5 0.218MBps 36.1ms</bind>
  <bind>Comp:10-1-6 Appliance-195 0.218MBps 36.1ms</bind>
  <bind>Appliance-195 Comp:10-1-6 0.218MBps 36.1ms</bind>
  <bind>Comp:10-1-7 Appliance-204 0.218MBps 36.1ms</bind>
  <bind>Appliance-204 Comp:10-1-7 0.218MBps 36.1ms</bind>
  <bind>Comp:10-1-0 Appliance-203 0.218MBps 36.1ms</bind>
  <bind>Appliance-203 Comp:10-1-0 0.218MBps 36.1ms</bind>
  <bind>Comp:10-1-1 Appliance-380 0.218MBps 36.1ms</bind>
  <bind>Appliance-380 Comp:10-1-1 0.218MBps 36.1ms</bind>
  <bind>Comp:10-2-0 Comp:10-1-0 0.365MBps 45.1ms</bind>
  <bind>Comp:10-1-0 Comp:10-2-0 0.365MBps 45.1ms</bind>
  <bind>Comp:10-2-1 Comp:10-1-1 0.365MBps 45.1ms</bind>
  <bind>Comp:10-1-1 Comp:10-2-1 0.365MBps 45.1ms</bind>
  <bind>Comp:10-2-2 Comp:10-1-2 0.365MBps 45.1ms</bind>
  <bind>Comp:10-1-2 Comp:10-2-2 0.365MBps 45.1ms</bind>
  <bind>Comp:10-2-3 Comp:10-1-3 0.365MBps 45.1ms</bind>
  <bind>Comp:10-1-3 Comp:10-2-3 0.365MBps 45.1ms</bind>
  <bind>Comp:10-2-4 Comp:10-1-4 0.365MBps 45.1ms</bind>
  <bind>Comp:10-1-4 Comp:10-2-4 0.365MBps 45.1ms</bind>
  <bind>Comp:10-2-5 Comp:10-1-5 0.365MBps 45.1ms</bind>
  <bind>Comp:10-1-5 Comp:10-2-5 0.365MBps 45.1ms</bind>
  <bind>Comp:10-2-6 Comp:10-1-6 0.365MBps 45.1ms</bind>
  <bind>Comp:10-1-6 Comp:10-2-6 0.365MBps 45.1ms</bind>
  <bind>Comp:10-2-0 Comp:10-1-7 0.365MBps 45.1ms</bind>
  <bind>Comp:10-1-7 Comp:10-2-0 0.365MBps 45.1ms</bind>
  <bind>Comp:10-3-0 Comp:10-2-0 0.0566MBps 43.7ms</bind>
  <bind>Comp:10-2-0 Comp:10-3-0 0.0566MBps 43.7ms</bind>
  <bind>Comp:10-3-1 Comp:10-2-1 0.0566MBps 43.7ms</bind>
  <bind>Comp:10-2-1 Comp:10-3-1 0.0566MBps 43.7ms</bind>
  <bind>Comp:10-3-2 Comp:10-2-2 0.0566MBps 43.7ms</bind>
  <bind>Comp:10-2-2 Comp:10-3-2 0.0566MBps 43.7ms</bind>
  <bind>Comp:10-3-3 Comp:10-2-3 0.0566MBps 43.7ms</bind>
  <bind>Comp:10-2-3 Comp:10-3-3 0.0566MBps 43.7ms</bind>
  <bind>Comp:10-3-4 Comp:10-2-4 0.0566MBps 43.7ms</bind>
  <bind>Comp:10-2-4 Comp:10-3-4 0.0566MBps 43.7ms</bind>
  <bind>Comp:10-3-0 Comp:10-2-5 0.0566MBps 43.7ms</bind>
  <bind>Comp:10-2-5 Comp:10-3-0 0.0566MBps 43.7ms</bind>
  <bind>Comp:10-3-1 Comp:10-2-6 0.0566MBps 43.7ms</bind>
  <bind>Comp:10-2-6 Comp:10-3-1 0.0566MBps 43.7ms</bind>
  <bind>Comp:10-4-0 Comp:10-3-0 0.914MBps 26.9ms</bind>
  <bind>Comp:10-3-0 Comp:10-4-0 0.914MBps 26.9ms</bind>
  <bind>Comp:10-4-1 Comp:10-3-1 0.914MBps 26.9ms</bind>
  <bind>Comp:10-3-1 Comp:10-4-1 0.914MBps 26.9ms</bind>
  <bind>Comp:10-4-2 Comp:10-3-2 0.914MBps 26.9ms</bind>
  <bind>Comp:10-3-2 Comp:10-4-2 0.914MBps 26.9ms</bind>
  <bind>Comp:10-4-3 Comp:10-3-3 0.914MBps 26.9ms</bind>
  <bind>Comp:10-3-3 Comp:10-4-3 0.914MBps 26.9ms</bind>
  <bind>Comp:10-4-4 Comp:10-3-4 0.914MBps 26.9ms</bind>
  <bind>Comp:10-3-4 Comp:10-4-4 0.914MBps 26.9ms</bind>
  <bind>Comp:10-4-5 Comp:10-3-0 0.914MBps 26.9ms</bind>
  <bind>Comp:10-3-0 Comp:10-4-5 0.914MBps 26.9ms</bind>
  <bind>Comp:10-4-0 Appliance-57 0.979MBps 25.6ms</bind>
  <bind>Appliance-57 Comp:10-4-0 0.979MBps 25.6ms</bind>
  <bind>Comp:10-4-1 Appliance-367 0.979MBps 25.6ms</bind>
  <bind>Appliance-367 Comp:10-4-1 0.979MBps 25.6ms</bind>
  <bind>Comp:10-4-2 Appliance-293 0.979MBps 25.6ms</bind>
  <bind>Appliance-293 Comp:10-4-2 0.979MBps 25.6ms</bind>
  <bind>Comp:10-4-3 Appliance-142 0.979MBps 25.6ms</bind>
  <bind>Appliance-142 Comp:10-4-3 0.979MBps 25.6ms</bind>
  <bind>Comp:10-4-4 Appliance-74 0.979MBps 25.6ms</bind>
  <bind>Appliance-74 Comp:10-4-4 0.979MBps 25.6ms</bind>
  <bind>Comp:10-4-5 Appliance-57 0.979MBps 25.6ms</bind>
  <bind>Appliance-57 Comp:10-4-5 0.979MBps 25.6ms</bind>
</app>
<app>
  <id>App11</id>
<comp>
  <id>Comp:11-1-0</id>
  <CPU>0.96Gf</CPU>
  <RAM>0.147GB</RAM>
  <DISK>1.53GB</DISK>
</comp>
<comp>
  <id>Comp:11-1-1</id>
  <CPU>0.96Gf</CPU>
  <RAM>0.147GB</RAM>
  <DISK>1.53GB</DISK>
</comp>
<comp>
  <id>Comp:11-1-2</id>
  <CPU>0.96Gf</CPU>
  <RAM>0.147GB</RAM>
  <DISK>1.53GB</DISK>
</comp>
<comp>
  <id>Comp:11-1-3</id>
  <CPU>0.96Gf</CPU>
  <RAM>0.147GB</RAM>
  <DISK>1.53GB</DISK>
</comp>
<comp>
  <id>Comp:11-2-0</id>
  <CPU>0.9Gf</CPU>
  <RAM>0.196GB</RAM>
  <DISK>1.41GB</DISK>
</comp>
<comp>
  <id>Comp:11-2-1</id>
  <CPU>0.9Gf</CPU>
  <RAM>0.196GB</RAM>
  <DISK>1.41GB</DISK>
</comp>
<comp>
  <id>Comp:11-2-2</id>
  <CPU>0.9Gf</CPU>
  <RAM>0.196GB</RAM>
  <DISK>1.41GB</DISK>
</comp>
<comp>
  <id>Comp:11-2-3</id>
  <CPU>0.9Gf</CPU>
  <RAM>0.196GB</RAM>
  <DISK>1.41GB</DISK>
</comp>
<comp>
  <id>Comp:11-2-4</id>
  <CPU>0.9Gf</CPU>
  <RAM>0.196GB</RAM>
  <DISK>1.41GB</DISK>
</comp>
<comp>
  <id>Comp:11-2-5</id>
  <CPU>0.9Gf</CPU>
  <RAM>0.196GB</RAM>
  <DISK>1.41GB</DISK>
</comp>
<comp>
  <id>Comp:11-2-6</id>
  <CPU>0.9Gf</CPU>
  <RAM>0.196GB</RAM>
  <DISK>1.41GB</DISK>
</comp>
<comp>
  <id>Comp:11-2-7</id>
  <CPU>0.9Gf</CPU>
  <RAM>0.196GB</RAM>
  <DISK>1.41GB</DISK>
</comp>
<comp>
  <id>Comp:11-3-0</id>
  <CPU>0.188Gf</CPU>
  <RAM>0.474GB</RAM>
  <DISK>1.36GB</DISK>
</comp>
<comp>
  <id>Comp:11-3-1</id>
  <CPU>0.188Gf</CPU>
  <RAM>0.474GB</RAM>
  <DISK>1.36GB</DISK>
</comp>
<comp>
  <id>Comp:11-3-2</id>
  <CPU>0.188Gf</CPU>
  <RAM>0.474GB</RAM>
  <DISK>1.36GB</DISK>
</comp>
<comp>
  <id>Comp:11-3-3</id>
  <CPU>0.188Gf</CPU>
  <RAM>0.474GB</RAM>
  <DISK>1.36GB</DISK>
</comp>
<comp>
  <id>Comp:11-3-4</id>
  <CPU>0.188Gf</CPU>
  <RAM>0.474GB</RAM>
  <DISK>1.36GB</DISK>
</comp>
<comp>
  <id>Comp:11-3-5</id>
  <CPU>0.188Gf</CPU>
  <RAM>0.474GB</RAM>
  <DISK>1.36GB</DISK>
</comp>
<comp>
  <id>Comp:11-3-6</id>
  <CPU>0.188Gf</CPU>
  <RAM>0.474GB</RAM>
  <DISK>1.36GB</DISK>
</comp>
<comp>
  <id>Comp:11-3-7</id>
  <CPU>0.188Gf</CPU>
  <RAM>0.474GB</RAM>
  <DISK>1.36GB</DISK>
</comp>
<comp>
  <id>Comp:11-3-8</id>
  <CPU>0.188Gf</CPU>
  <RAM>0.474GB</RAM>
  <DISK>1.36GB</DISK>
</comp>
<comp>
  <id>Comp:11-3-9</id>
  <CPU>0.188Gf</CPU>
  <RAM>0.474GB</RAM>
  <DISK>1.36GB</DISK>
</comp>
<comp>
  <id>Comp:11-4-0</id>
  <CPU>0.307Gf</CPU>
  <RAM>0.963GB</RAM>
  <DISK>0.953GB</DISK>
</comp>
<comp>
  <id>Comp:11-4-1</id>
  <CPU>0.307Gf</CPU>
  <RAM>0.963GB</RAM>
  <DISK>0.953GB</DISK>
</comp>
<comp>
  <id>Comp:11-4-2</id>
  <CPU>0.307Gf</CPU>
  <RAM>0.963GB</RAM>
  <DISK>0.953GB</DISK>
</comp>
<comp>
  <id>Comp:11-4-3</id>
  <CPU>0.307Gf</CPU>
  <RAM>0.963GB</RAM>
  <DISK>0.953GB</DISK>
</comp>
<comp>
  <id>Comp:11-4-4</id>
  <CPU>0.307Gf</CPU>
  <RAM>0.963GB</RAM>
  <DISK>0.953GB</DISK>
</comp>
<comp>
  <id>Comp:11-4-5</id>
  <CPU>0.307Gf</CPU>
  <RAM>0.963GB</RAM>
  <DISK>0.953GB</DISK>
</comp>
<comp>
  <id>Comp:11-4-6</id>
  <CPU>0.307Gf</CPU>
  <RAM>0.963GB</RAM>
  <DISK>0.953GB</DISK>
</comp>
<comp>
  <id>Comp:11-4-7</id>
  <CPU>0.307Gf</CPU>
  <RAM>0.963GB</RAM>
  <DISK>0.953GB</DISK>
</comp>
<comp>
  <id>Comp:11-4-8</id>
  <CPU>0.307Gf</CPU>
  <RAM>0.963GB</RAM>
  <DISK>0.953GB</DISK>
</comp>
<comp>
  <id>Comp:11-4-9</id>
  <CPU>0.307Gf</CPU>
  <RAM>0.963GB</RAM>
  <DISK>0.953GB</DISK>
</comp>
<comp>
  <id>Comp:11-5-0</id>
  <CPU>0.851Gf</CPU>
  <RAM>0.58GB</RAM>
  <DISK>0.549GB</DISK>
</comp>
<comp>
  <id>Comp:11-5-1</id>
  <CPU>0.851Gf</CPU>
  <RAM>0.58GB</RAM>
  <DISK>0.549GB</DISK>
</comp>
<comp>
  <id>Comp:11-5-2</id>
  <CPU>0.851Gf</CPU>
  <RAM>0.58GB</RAM>
  <DISK>0.549GB</DISK>
</comp>
<comp>
  <id>Comp:11-5-3</id>
  <CPU>0.851Gf</CPU>
  <RAM>0.58GB</RAM>
  <DISK>0.549GB</DISK>
</comp>
<comp>
  <id>Comp:11-5-4</id>
  <CPU>0.851Gf</CPU>
  <RAM>0.58GB</RAM>
  <DISK>0.549GB</DISK>
</comp>
<comp>
  <id>Comp:11-5-5</id>
  <CPU>0.851Gf</CPU>
  <RAM>0.58GB</RAM>
  <DISK>0.549GB</DISK>
</comp>
<comp>
  <id>Comp:11-5-6</id>
  <CPU>0.851Gf</CPU>
  <RAM>0.58GB</RAM>
  <DISK>0.549GB</DISK>
</comp>
<comp>
  <id>Comp:11-5-7</id>
  <CPU>0.851Gf</CPU>
  <RAM>0.58GB</RAM>
  <DISK>0.549GB</DISK>
</comp>
<comp>
  <id>Comp:11-5-8</id>
  <CPU>0.851Gf</CPU>
  <RAM>0.58GB</RAM>
  <DISK>0.549GB</DISK>
</comp>
  <bind>Comp:11-1-0 Appliance-241 0.514MBps 30.5ms</bind>
  <bind>Appliance-241 Comp:11-1-0 0.514MBps 30.5ms</bind>
  <bind>Comp:11-1-1 Appliance-190 0.514MBps 30.5ms</bind>
  <bind>Appliance-190 Comp:11-1-1 0.514MBps 30.5ms</bind>
  <bind>Comp:11-1-2 Appliance-353 0.514MBps 30.5ms</bind>
  <bind>Appliance-353 Comp:11-1-2 0.514MBps 30.5ms</bind>
  <bind>Comp:11-1-3 Appliance-397 0.514MBps 30.5ms</bind>
  <bind>Appliance-397 Comp:11-1-3 0.514MBps 30.5ms</bind>
  <bind>Comp:11-1-0 Appliance-124 0.514MBps 30.5ms</bind>
  <bind>Appliance-124 Comp:11-1-0 0.514MBps 30.5ms</bind>
  <bind>Comp:11-1-1 Appliance-86 0.514MBps 30.5ms</bind>
  <bind>Appliance-86 Comp:11-1-1 0.514MBps 30.5ms</bind>
  <bind>Comp:11-1-2 Appliance-38 0.514MBps 30.5ms</bind>
  <bind>Appliance-38 Comp:11-1-2 0.514MBps 30.5ms</bind>
  <bind>Comp:11-1-3 Appliance-375 0.514MBps 30.5ms</bind>
  <bind>Appliance-375 Comp:11-1-3 0.514MBps 30.5ms</bind>
  <bind>Comp:11-1-0 Appliance-134 0.514MBps 30.5ms</bind>
  <bind>Appliance-134 Comp:11-1-0 0.514MBps 30.5ms</bind>
  <bind>Comp:11-1-1 Appliance-349 0.514MBps 30.5ms</bind>
  <bind>Appliance-349 Comp:11-1-1 0.514MBps 30.5ms</bind>
  <bind>Comp:11-2-0 Comp:11-1-0 0.329MBps 36.9ms</bind>
  <bind>Comp:11-1-0 Comp:11-2-0 0.329MBps 36.9ms</bind>
  <bind>Comp:11-2-1 Comp:11-1-1 0.329MBps 36.9ms</bind>
  <bind>Comp:11-1-1 Comp:11-2-1 0.329MBps 36.9ms</bind>
  <bind>Comp:11-2-2 Comp:11-1-2 0.329MBps 36.9ms</bind>
  <bind>Comp:11-1-2 Comp:11-2-2 0.329MBps 36.9ms</bind>
  <bind>Comp:11-2-3 Comp:11-1-3 0.329MBps 36.9ms</bind>
  <bind>Comp:11-1-3 Comp:11-2-3 0.329MBps 36.9ms</bind>
  <bind>Comp:11-2-4 Comp:11-1-0 0.329MBps 36.9ms</bind>
  <bind>Comp:11-1-0 Comp:11-2-4 0.329MBps 36.9ms</bind>
  <bind>Comp:11-2-5 Comp:11-1-1 0.329MBps 36.9ms</bind>
  <bind>Comp:11-1-1 Comp:11-2-5 0.329MBps 36.9ms</bind>
  <bind>Comp:11-2-6 Comp:11-1-2 0.329MBps 36.9ms</bind>
  <bind>Comp:11-1-2 Comp:11-2-6 0.329MBps 36.9ms</bind>
  <bind>Comp:11-2-7 Comp:11-1-3 0.329MBps 36.9ms</bind>
  <bind>Comp:11-1-3 Comp:11-2-7 0.329MBps 36.9ms</bind>
  <bind>Comp:11-3-0 Comp:11-2-0 0.693MBps 35.5ms</bind>
  <bind>Comp:11-2-0 Comp:11-3-0 0.693MBps 35.5ms</bind>
  <bind>Comp:11-3-1 Comp:11-2-1 0.693MBps 35.5ms</bind>
  <bind>Comp:11-2-1 Comp:11-3-1 0.693MBps 35.5ms</bind>
  <bind>Comp:11-3-2 Comp:11-2-2 0.693MBps 35.5ms</bind>
  <bind>Comp:11-2-2 Comp:11-3-2 0.693MBps 35.5ms</bind>
  <bind>Comp:11-3-3 Comp:11-2-3 0.693MBps 35.5ms</bind>
  <bind>Comp:11-2-3 Comp:11-3-3 0.693MBps 35.5ms</bind>
  <bind>Comp:11-3-4 Comp:11-2-4 0.693MBps 35.5ms</bind>
  <bind>Comp:11-2-4 Comp:11-3-4 0.693MBps 35.5ms</bind>
  <bind>Comp:11-3-5 Comp:11-2-5 0.693MBps 35.5ms</bind>
  <bind>Comp:11-2-5 Comp:11-3-5 0.693MBps 35.5ms</bind>
  <bind>Comp:11-3-6 Comp:11-2-6 0.693MBps 35.5ms</bind>
  <bind>Comp:11-2-6 Comp:11-3-6 0.693MBps 35.5ms</bind>
  <bind>Comp:11-3-7 Comp:11-2-7 0.693MBps 35.5ms</bind>
  <bind>Comp:11-2-7 Comp:11-3-7 0.693MBps 35.5ms</bind>
  <bind>Comp:11-3-8 Comp:11-2-0 0.693MBps 35.5ms</bind>
  <bind>Comp:11-2-0 Comp:11-3-8 0.693MBps 35.5ms</bind>
  <bind>Comp:11-3-9 Comp:11-2-1 0.693MBps 35.5ms</bind>
  <bind>Comp:11-2-1 Comp:11-3-9 0.693MBps 35.5ms</bind>
  <bind>Comp:11-4-0 Comp:11-3-0 0.857MBps 31.0ms</bind>
  <bind>Comp:11-3-0 Comp:11-4-0 0.857MBps 31.0ms</bind>
  <bind>Comp:11-4-1 Comp:11-3-1 0.857MBps 31.0ms</bind>
  <bind>Comp:11-3-1 Comp:11-4-1 0.857MBps 31.0ms</bind>
  <bind>Comp:11-4-2 Comp:11-3-2 0.857MBps 31.0ms</bind>
  <bind>Comp:11-3-2 Comp:11-4-2 0.857MBps 31.0ms</bind>
  <bind>Comp:11-4-3 Comp:11-3-3 0.857MBps 31.0ms</bind>
  <bind>Comp:11-3-3 Comp:11-4-3 0.857MBps 31.0ms</bind>
  <bind>Comp:11-4-4 Comp:11-3-4 0.857MBps 31.0ms</bind>
  <bind>Comp:11-3-4 Comp:11-4-4 0.857MBps 31.0ms</bind>
  <bind>Comp:11-4-5 Comp:11-3-5 0.857MBps 31.0ms</bind>
  <bind>Comp:11-3-5 Comp:11-4-5 0.857MBps 31.0ms</bind>
  <bind>Comp:11-4-6 Comp:11-3-6 0.857MBps 31.0ms</bind>
  <bind>Comp:11-3-6 Comp:11-4-6 0.857MBps 31.0ms</bind>
  <bind>Comp:11-4-7 Comp:11-3-7 0.857MBps 31.0ms</bind>
  <bind>Comp:11-3-7 Comp:11-4-7 0.857MBps 31.0ms</bind>
  <bind>Comp:11-4-8 Comp:11-3-8 0.857MBps 31.0ms</bind>
  <bind>Comp:11-3-8 Comp:11-4-8 0.857MBps 31.0ms</bind>
  <bind>Comp:11-4-9 Comp:11-3-9 0.857MBps 31.0ms</bind>
  <bind>Comp:11-3-9 Comp:11-4-9 0.857MBps 31.0ms</bind>
  <bind>Comp:11-4-0 Comp:11-5-0 0.514MBps 34.3ms</bind>
  <bind>Comp:11-5-0 Comp:11-4-0 0.514MBps 34.3ms</bind>
  <bind>Comp:11-4-1 Comp:11-5-1 0.514MBps 34.3ms</bind>
  <bind>Comp:11-5-1 Comp:11-4-1 0.514MBps 34.3ms</bind>
  <bind>Comp:11-4-2 Comp:11-5-2 0.514MBps 34.3ms</bind>
  <bind>Comp:11-5-2 Comp:11-4-2 0.514MBps 34.3ms</bind>
  <bind>Comp:11-4-3 Comp:11-5-3 0.514MBps 34.3ms</bind>
  <bind>Comp:11-5-3 Comp:11-4-3 0.514MBps 34.3ms</bind>
  <bind>Comp:11-4-4 Comp:11-5-4 0.514MBps 34.3ms</bind>
  <bind>Comp:11-5-4 Comp:11-4-4 0.514MBps 34.3ms</bind>
  <bind>Comp:11-4-5 Comp:11-5-5 0.514MBps 34.3ms</bind>
  <bind>Comp:11-5-5 Comp:11-4-5 0.514MBps 34.3ms</bind>
  <bind>Comp:11-4-6 Comp:11-5-6 0.514MBps 34.3ms</bind>
  <bind>Comp:11-5-6 Comp:11-4-6 0.514MBps 34.3ms</bind>
  <bind>Comp:11-4-7 Comp:11-5-7 0.514MBps 34.3ms</bind>
  <bind>Comp:11-5-7 Comp:11-4-7 0.514MBps 34.3ms</bind>
  <bind>Comp:11-4-8 Comp:11-5-8 0.514MBps 34.3ms</bind>
  <bind>Comp:11-5-8 Comp:11-4-8 0.514MBps 34.3ms</bind>
  <bind>Comp:11-4-9 Comp:11-5-0 0.514MBps 34.3ms</bind>
  <bind>Comp:11-5-0 Comp:11-4-9 0.514MBps 34.3ms</bind>
</app>
</apps>
