<?xml version="1.0"?>
<apps>
<app>
  <id>App1</id>
<comp>
  <id>Comp:1-0-0</id>
  <CPU>0.976Gf</CPU>
  <RAM>0.516GB</RAM>
  <DISK>1.26GB</DISK>
</comp>
<comp>
  <id>Comp:1-0-1</id>
  <CPU>0.976Gf</CPU>
  <RAM>0.516GB</RAM>
  <DISK>1.26GB</DISK>
</comp>
<comp>
  <id>Comp:1-1-0</id>
  <CPU>0.121Gf</CPU>
  <RAM>0.381GB</RAM>
  <DISK>0.589GB</DISK>
</comp>
  <bind>Comp:1-1-0 Comp:1-0-0 0.512MBps 36.6ms</bind>
  <bind>Comp:1-0-0 Comp:1-1-0 0.512MBps 36.6ms</bind>
  <bind>Comp:1-1-0 Comp:1-0-1 0.512MBps 36.6ms</bind>
  <bind>Comp:1-0-1 Comp:1-1-0 0.512MBps 36.6ms</bind>
  <bind>Comp:1-1-0 Appliance-37 0.209MBps 41.7ms</bind>
  <bind>Appliance-37 Comp:1-1-0 0.209MBps 41.7ms</bind>
  <bind>Comp:1-1-0 Appliance-10 0.209MBps 41.7ms</bind>
  <bind>Appliance-10 Comp:1-1-0 0.209MBps 41.7ms</bind>
  <bind>Comp:1-1-0 Appliance-18 0.209MBps 41.7ms</bind>
  <bind>Appliance-18 Comp:1-1-0 0.209MBps 41.7ms</bind>
  <bind>Comp:1-1-0 Appliance-2 0.209MBps 41.7ms</bind>
  <bind>Appliance-2 Comp:1-1-0 0.209MBps 41.7ms</bind>
  <bind>Comp:1-1-0 Appliance-27 0.209MBps 41.7ms</bind>
  <bind>Appliance-27 Comp:1-1-0 0.209MBps 41.7ms</bind>
  <bind>Comp:1-1-0 Appliance-19 0.209MBps 41.7ms</bind>
  <bind>Appliance-19 Comp:1-1-0 0.209MBps 41.7ms</bind>
  <bind>Comp:1-1-0 Appliance-37 0.209MBps 41.7ms</bind>
  <bind>Appliance-37 Comp:1-1-0 0.209MBps 41.7ms</bind>
  <bind>Comp:1-1-0 Appliance-18 0.209MBps 41.7ms</bind>
  <bind>Appliance-18 Comp:1-1-0 0.209MBps 41.7ms</bind>
  <bind>Comp:1-1-0 Appliance-19 0.209MBps 41.7ms</bind>
  <bind>Appliance-19 Comp:1-1-0 0.209MBps 41.7ms</bind>
</app>
<app>
  <id>App10</id>
<comp>
  <id>Comp:10-1-0</id>
  <CPU>0.944Gf</CPU>
  <RAM>0.621GB</RAM>
  <DISK>1.53GB</DISK>
</comp>
<comp>
  <id>Comp:10-1-1</id>
  <CPU>0.944Gf</CPU>
  <RAM>0.621GB</RAM>
  <DISK>1.53GB</DISK>
</comp>
<comp>
  <id>Comp:10-1-2</id>
  <CPU>0.944Gf</CPU>
  <RAM>0.621GB</RAM>
  <DISK>1.53GB</DISK>
</comp>
<comp>
  <id>Comp:10-1-3</id>
  <CPU>0.944Gf</CPU>
  <RAM>0.621GB</RAM>
  <DISK>1.53GB</DISK>
</comp>
<comp>
  <id>Comp:10-1-4</id>
  <CPU>0.944Gf</CPU>
  <RAM>0.621GB</RAM>
  <DISK>1.53GB</DISK>
</comp>
<comp>
  <id>Comp:10-1-5</id>
  <CPU>0.944Gf</CPU>
  <RAM>0.621GB</RAM>
  <DISK>1.53GB</DISK>
</comp>
<comp>
  <id>Comp:10-1-6</id>
  <CPU>0.944Gf</CPU>
  <RAM>0.621GB</RAM>
  <DISK>1.53GB</DISK>
</comp>
<comp>
  <id>Comp:10-1-7</id>
  <CPU>0.944Gf</CPU>
  <RAM>0.621GB</RAM>
  <DISK>1.53GB</DISK>
</comp>
<comp>
  <id>Comp:10-2-0</id>
  <CPU>0.765Gf</CPU>
  <RAM>0.94GB</RAM>
  <DISK>1.58GB</DISK>
</comp>
<comp>
  <id>Comp:10-2-1</id>
  <CPU>0.765Gf</CPU>
  <RAM>0.94GB</RAM>
  <DISK>1.58GB</DISK>
</comp>
<comp>
  <id>Comp:10-2-2</id>
  <CPU>0.765Gf</CPU>
  <RAM>0.94GB</RAM>
  <DISK>1.58GB</DISK>
</comp>
<comp>
  <id>Comp:10-2-3</id>
  <CPU>0.765Gf</CPU>
  <RAM>0.94GB</RAM>
  <DISK>1.58GB</DISK>
</comp>
<comp>
  <id>Comp:10-2-4</id>
  <CPU>0.765Gf</CPU>
  <RAM>0.94GB</RAM>
  <DISK>1.58GB</DISK>
</comp>
<comp>
  <id>Comp:10-2-5</id>
  <CPU>0.765Gf</CPU>
  <RAM>0.94GB</RAM>
  <DISK>1.58GB</DISK>
</comp>
<comp>
  <id>Comp:10-3-0</id>
  <CPU>0.751Gf</CPU>
  <RAM>0.968GB</RAM>
  <DISK>0.137GB</DISK>
</comp>
<comp>
  <id>Comp:10-3-1</id>
  <CPU>0.751Gf</CPU>
  <RAM>0.968GB</RAM>
  <DISK>0.137GB</DISK>
</comp>
<comp>
  <id>Comp:10-3-2</id>
  <CPU>0.751Gf</CPU>
  <RAM>0.968GB</RAM>
  <DISK>0.137GB</DISK>
</comp>
<comp>
  <id>Comp:10-3-3</id>
  <CPU>0.751Gf</CPU>
  <RAM>0.968GB</RAM>
  <DISK>0.137GB</DISK>
</comp>
<comp>
  <id>Comp:10-3-4</id>
  <CPU>0.751Gf</CPU>
  <RAM>0.968GB</RAM>
  <DISK>0.137GB</DISK>
</comp>
<comp>
  <id>Comp:10-3-5</id>
  <CPU>0.751Gf</CPU>
  <RAM>0.968GB</RAM>
  <DISK>0.137GB</DISK>
</comp>
<comp>
  <id>Comp:10-3-6</id>
  <CPU>0.751Gf</CPU>
  <RAM>0.968GB</RAM>
  <DISK>0.137GB</DISK>
</comp>
<comp>
  <id>Comp:10-3-7</id>
  <CPU>0.751Gf</CPU>
  <RAM>0.968GB</RAM>
  <DISK>0.137GB</DISK>
</comp>
<comp>
  <id>Comp:10-4-0</id>
  <CPU>0.131Gf</CPU>
  <RAM>0.651GB</RAM>
  <DISK>1.75GB</DISK>
</comp>
<comp>
  <id>Comp:10-4-1</id>
  <CPU>0.131Gf</CPU>
  <RAM>0.651GB</RAM>
  <DISK>1.75GB</DISK>
</comp>
<comp>
  <id>Comp:10-4-2</id>
  <CPU>0.131Gf</CPU>
  <RAM>0.651GB</RAM>
  <DISK>1.75GB</DISK>
</comp>
<comp>
  <id>Comp:10-4-3</id>
  <CPU>0.131Gf</CPU>
  <RAM>0.651GB</RAM>
  <DISK>1.75GB</DISK>
</comp>
<comp>
  <id>Comp:10-4-4</id>
  <CPU>0.131Gf</CPU>
  <RAM>0.651GB</RAM>
  <DISK>1.75GB</DISK>
</comp>
<comp>
  <id>Comp:10-5-0</id>
  <CPU>0.99Gf</CPU>
  <RAM>0.572GB</RAM>
  <DISK>0.869GB</DISK>
</comp>
<comp>
  <id>Comp:10-5-1</id>
  <CPU>0.99Gf</CPU>
  <RAM>0.572GB</RAM>
  <DISK>0.869GB</DISK>
</comp>
<comp>
  <id>Comp:10-5-2</id>
  <CPU>0.99Gf</CPU>
  <RAM>0.572GB</RAM>
  <DISK>0.869GB</DISK>
</comp>
<comp>
  <id>Comp:10-5-3</id>
  <CPU>0.99Gf</CPU>
  <RAM>0.572GB</RAM>
  <DISK>0.869GB</DISK>
</comp>
  <bind>Comp:10-1-0 Appliance-1 0.459MBps 32.4ms</bind>
  <bind>Appliance-1 Comp:10-1-0 0.459MBps 32.4ms</bind>
  <bind>Comp:10-1-1 Appliance-33 0.459MBps 32.4ms</bind>
  <bind>Appliance-33 Comp:10-1-1 0.459MBps 32.4ms</bind>
  <bind>Comp:10-1-2 Appliance-1 0.459MBps 32.4ms</bind>
  <bind>Appliance-1 Comp:10-1-2 0.459MBps 32.4ms</bind>
  <bind>Comp:10-1-3 Appliance-33 0.459MBps 32.4ms</bind>
  <bind>Appliance-33 Comp:10-1-3 0.459MBps 32.4ms</bind>
  <bind>Comp:10-1-4 Appliance-1 0.459MBps 32.4ms</bind>
  <bind>Appliance-1 Comp:10-1-4 0.459MBps 32.4ms</bind>
  <bind>Comp:10-1-5 Appliance-33 0.459MBps 32.4ms</bind>
  <bind>Appliance-33 Comp:10-1-5 0.459MBps 32.4ms</bind>
  <bind>Comp:10-1-6 Appliance-1 0.459MBps 32.4ms</bind>
  <bind>Appliance-1 Comp:10-1-6 0.459MBps 32.4ms</bind>
  <bind>Comp:10-1-7 Appliance-33 0.459MBps 32.4ms</bind>
  <bind>Appliance-33 Comp:10-1-7 0.459MBps 32.4ms</bind>
  <bind>Comp:10-2-0 Comp:10-1-0 0.8MBps 29.7ms</bind>
  <bind>Comp:10-1-0 Comp:10-2-0 0.8MBps 29.7ms</bind>
  <bind>Comp:10-2-1 Comp:10-1-1 0.8MBps 29.7ms</bind>
  <bind>Comp:10-1-1 Comp:10-2-1 0.8MBps 29.7ms</bind>
  <bind>Comp:10-2-2 Comp:10-1-2 0.8MBps 29.7ms</bind>
  <bind>Comp:10-1-2 Comp:10-2-2 0.8MBps 29.7ms</bind>
  <bind>Comp:10-2-3 Comp:10-1-3 0.8MBps 29.7ms</bind>
  <bind>Comp:10-1-3 Comp:10-2-3 0.8MBps 29.7ms</bind>
  <bind>Comp:10-2-4 Comp:10-1-4 0.8MBps 29.7ms</bind>
  <bind>Comp:10-1-4 Comp:10-2-4 0.8MBps 29.7ms</bind>
  <bind>Comp:10-2-5 Comp:10-1-5 0.8MBps 29.7ms</bind>
  <bind>Comp:10-1-5 Comp:10-2-5 0.8MBps 29.7ms</bind>
  <bind>Comp:10-2-0 Comp:10-1-6 0.8MBps 29.7ms</bind>
  <bind>Comp:10-1-6 Comp:10-2-0 0.8MBps 29.7ms</bind>
  <bind>Comp:10-2-1 Comp:10-1-7 0.8MBps 29.7ms</bind>
  <bind>Comp:10-1-7 Comp:10-2-1 0.8MBps 29.7ms</bind>
  <bind>Comp:10-3-0 Comp:10-2-0 0.767MBps 46.9ms</bind>
  <bind>Comp:10-2-0 Comp:10-3-0 0.767MBps 46.9ms</bind>
  <bind>Comp:10-3-1 Comp:10-2-1 0.767MBps 46.9ms</bind>
  <bind>Comp:10-2-1 Comp:10-3-1 0.767MBps 46.9ms</bind>
  <bind>Comp:10-3-2 Comp:10-2-2 0.767MBps 46.9ms</bind>
  <bind>Comp:10-2-2 Comp:10-3-2 0.767MBps 46.9ms</bind>
  <bind>Comp:10-3-3 Comp:10-2-3 0.767MBps 46.9ms</bind>
  <bind>Comp:10-2-3 Comp:10-3-3 0.767MBps 46.9ms</bind>
  <bind>Comp:10-3-4 Comp:10-2-4 0.767MBps 46.9ms</bind>
  <bind>Comp:10-2-4 Comp:10-3-4 0.767MBps 46.9ms</bind>
  <bind>Comp:10-3-5 Comp:10-2-5 0.767MBps 46.9ms</bind>
  <bind>Comp:10-2-5 Comp:10-3-5 0.767MBps 46.9ms</bind>
  <bind>Comp:10-3-6 Comp:10-2-0 0.767MBps 46.9ms</bind>
  <bind>Comp:10-2-0 Comp:10-3-6 0.767MBps 46.9ms</bind>
  <bind>Comp:10-3-7 Comp:10-2-1 0.767MBps 46.9ms</bind>
  <bind>Comp:10-2-1 Comp:10-3-7 0.767MBps 46.9ms</bind>
  <bind>Comp:10-4-0 Comp:10-3-0 0.168MBps 42.7ms</bind>
  <bind>Comp:10-3-0 Comp:10-4-0 0.168MBps 42.7ms</bind>
  <bind>Comp:10-4-1 Comp:10-3-1 0.168MBps 42.7ms</bind>
  <bind>Comp:10-3-1 Comp:10-4-1 0.168MBps 42.7ms</bind>
  <bind>Comp:10-4-2 Comp:10-3-2 0.168MBps 42.7ms</bind>
  <bind>Comp:10-3-2 Comp:10-4-2 0.168MBps 42.7ms</bind>
  <bind>Comp:10-4-3 Comp:10-3-3 0.168MBps 42.7ms</bind>
  <bind>Comp:10-3-3 Comp:10-4-3 0.168MBps 42.7ms</bind>
  <bind>Comp:10-4-4 Comp:10-3-4 0.168MBps 42.7ms</bind>
  <bind>Comp:10-3-4 Comp:10-4-4 0.168MBps 42.7ms</bind>
  <bind>Comp:10-4-0 Comp:10-3-5 0.168MBps 42.7ms</bind>
  <bind>Comp:10-3-5 Comp:10-4-0 0.168MBps 42.7ms</bind>
  <bind>Comp:10-4-1 Comp:10-3-6 0.168MBps 42.7ms</bind>
  <bind>Comp:10-3-6 Comp:10-4-1 0.168MBps 42.7ms</bind>
  <bind>Comp:10-4-2 Comp:10-3-7 0.168MBps 42.7ms</bind>
  <bind>Comp:10-3-7 Comp:10-4-2 0.168MBps 42.7ms</bind>
  <bind>Comp:10-4-0 Comp:10-5-0 0.301MBps 43.3ms</bind>
  <bind>Comp:10-5-0 Comp:10-4-0 0.301MBps 43.3ms</bind>
  <bind>Comp:10-4-1 Comp:10-5-1 0.301MBps 43.3ms</bind>
  <bind>Comp:10-5-1 Comp:10-4-1 0.301MBps 43.3ms</bind>
  <bind>Comp:10-4-2 Comp:10-5-2 0.301MBps 43.3ms</bind>
  <bind>Comp:10-5-2 Comp:10-4-2 0.301MBps 43.3ms</bind>
  <bind>Comp:10-4-3 Comp:10-5-3 0.301MBps 43.3ms</bind>
  <bind>Comp:10-5-3 Comp:10-4-3 0.301MBps 43.3ms</bind>
  <bind>Comp:10-4-4 Comp:10-5-0 0.301MBps 43.3ms</bind>
  <bind>Comp:10-5-0 Comp:10-4-4 0.301MBps 43.3ms</bind>
</app>
<app>
  <id>App11</id>
<comp>
  <id>Comp:11-1-0</id>
  <CPU>0.271Gf</CPU>
  <RAM>0.357GB</RAM>
  <DISK>0.578GB</DISK>
</comp>
<comp>
  <id>Comp:11-1-1</id>
  <CPU>0.271Gf</CPU>
  <RAM>0.357GB</RAM>
  <DISK>0.578GB</DISK>
</comp>
<comp>
  <id>Comp:11-1-2</id>
  <CPU>0.271Gf</CPU>
  <RAM>0.357GB</RAM>
  <DISK>0.578GB</DISK>
</comp>
<comp>
  <id>Comp:11-2-0</id>
  <CPU>0.721Gf</CPU>
  <RAM>0.963GB</RAM>
  <DISK>0.555GB</DISK>
</comp>
<comp>
  <id>Comp:11-2-1</id>
  <CPU>0.721Gf</CPU>
  <RAM>0.963GB</RAM>
  <DISK>0.555GB</DISK>
</comp>
<comp>
  <id>Comp:11-2-2</id>
  <CPU>0.721Gf</CPU>
  <RAM>0.963GB</RAM>
  <DISK>0.555GB</DISK>
</comp>
<comp>
  <id>Comp:11-2-3</id>
  <CPU>0.721Gf</CPU>
  <RAM>0.963GB</RAM>
  <DISK>0.555GB</DISK>
</comp>
<comp>
  <id>Comp:11-2-4</id>
  <CPU>0.721Gf</CPU>
  <RAM>0.963GB</RAM>
  <DISK>0.555GB</DISK>
</comp>
<comp>
  <id>Comp:11-2-5</id>
  <CPU>0.721Gf</CPU>
  <RAM>0.963GB</RAM>
  <DISK>0.555GB</DISK>
</comp>
<comp>
  <id>Comp:11-2-6</id>
  <CPU>0.721Gf</CPU>
  <RAM>0.963GB</RAM>
  <DISK>0.555GB</DISK>
</comp>
<comp>
  <id>Comp:11-2-7</id>
  <CPU>0.721Gf</CPU>
  <RAM>0.963GB</RAM>
  <DISK>0.555GB</DISK>
</comp>
<comp>
  <id>Comp:11-2-8</id>
  <CPU>0.721Gf</CPU>
  <RAM>0.963GB</RAM>
  <DISK>0.555GB</DISK>
</comp>
<comp>
  <id>Comp:11-2-9</id>
  <CPU>0.721Gf</CPU>
  <RAM>0.963GB</RAM>
  <DISK>0.555GB</DISK>
</comp>
<comp>
  <id>Comp:11-3-0</id>
  <CPU>0.913Gf</CPU>
  <RAM>0.788GB</RAM>
  <DISK>1.79GB</DISK>
</comp>
<comp>
  <id>Comp:11-3-1</id>
  <CPU>0.913Gf</CPU>
  <RAM>0.788GB</RAM>
  <DISK>1.79GB</DISK>
</comp>
<comp>
  <id>Comp:11-3-2</id>
  <CPU>0.913Gf</CPU>
  <RAM>0.788GB</RAM>
  <DISK>1.79GB</DISK>
</comp>
<comp>
  <id>Comp:11-3-3</id>
  <CPU>0.913Gf</CPU>
  <RAM>0.788GB</RAM>
  <DISK>1.79GB</DISK>
</comp>
<comp>
  <id>Comp:11-3-4</id>
  <CPU>0.913Gf</CPU>
  <RAM>0.788GB</RAM>
  <DISK>1.79GB</DISK>
</comp>
<comp>
  <id>Comp:11-4-0</id>
  <CPU>0.98Gf</CPU>
  <RAM>0.108GB</RAM>
  <DISK>1.08GB</DISK>
</comp>
<comp>
  <id>Comp:11-4-1</id>
  <CPU>0.98Gf</CPU>
  <RAM>0.108GB</RAM>
  <DISK>1.08GB</DISK>
</comp>
<comp>
  <id>Comp:11-4-2</id>
  <CPU>0.98Gf</CPU>
  <RAM>0.108GB</RAM>
  <DISK>1.08GB</DISK>
</comp>
<comp>
  <id>Comp:11-4-3</id>
  <CPU>0.98Gf</CPU>
  <RAM>0.108GB</RAM>
  <DISK>1.08GB</DISK>
</comp>
<comp>
  <id>Comp:11-4-4</id>
  <CPU>0.98Gf</CPU>
  <RAM>0.108GB</RAM>
  <DISK>1.08GB</DISK>
</comp>
<comp>
  <id>Comp:11-4-5</id>
  <CPU>0.98Gf</CPU>
  <RAM>0.108GB</RAM>
  <DISK>1.08GB</DISK>
</comp>
<comp>
  <id>Comp:11-4-6</id>
  <CPU>0.98Gf</CPU>
  <RAM>0.108GB</RAM>
  <DISK>1.08GB</DISK>
</comp>
<comp>
  <id>Comp:11-4-7</id>
  <CPU>0.98Gf</CPU>
  <RAM>0.108GB</RAM>
  <DISK>1.08GB</DISK>
</comp>
<comp>
  <id>Comp:11-4-8</id>
  <CPU>0.98Gf</CPU>
  <RAM>0.108GB</RAM>
  <DISK>1.08GB</DISK>
</comp>
<comp>
  <id>Comp:11-4-9</id>
  <CPU>0.98Gf</CPU>
  <RAM>0.108GB</RAM>
  <DISK>1.08GB</DISK>
</comp>
  <bind>Comp:11-1-0 Appliance-17 0.183MBps 31.4ms</bind>
  <bind>Appliance-17 Comp:11-1-0 0.183MBps 31.4ms</bind>
  <bind>Comp:11-1-1 Appliance-2 0.183MBps 31.4ms</bind>
  <bind>Appliance-2 Comp:11-1-1 0.183MBps 31.4ms</bind>
  <bind>Comp:11-1-2 Appliance-11 0.183MBps 31.4ms</bind>
  <bind>Appliance-11 Comp:11-1-2 0.183MBps 31.4ms</bind>
  <bind>Comp:11-1-0 Appliance-27 0.183MBps 31.4ms</bind>
  <bind>Appliance-27 Comp:11-1-0 0.183MBps 31.4ms</bind>
  <bind>Comp:11-1-1 Appliance-25 0.183MBps 31.4ms</bind>
  <bind>Appliance-25 Comp:11-1-1 0.183MBps 31.4ms</bind>
  <bind>Comp:11-1-2 Appliance-18 0.183MBps 31.4ms</bind>
  <bind>Appliance-18 Comp:11-1-2 0.183MBps 31.4ms</bind>
  <bind>Comp:11-1-0 Appliance-0 0.183MBps 31.4ms</bind>
  <bind>Appliance-0 Comp:11-1-0 0.183MBps 31.4ms</bind>
  <bind>Comp:11-1-1 Appliance-0 0.183MBps 31.4ms</bind>
  <bind>Appliance-0 Comp:11-1-1 0.183MBps 31.4ms</bind>
  <bind>Comp:11-2-0 Comp:11-1-0 0.79MBps 47.6ms</bind>
  <bind>Comp:11-1-0 Comp:11-2-0 0.79MBps 47.6ms</bind>
  <bind>Comp:11-2-1 Comp:11-1-1 0.79MBps 47.6ms</bind>
  <bind>Comp:11-1-1 Comp:11-2-1 0.79MBps 47.6ms</bind>
  <bind>Comp:11-2-2 Comp:11-1-2 0.79MBps 47.6ms</bind>
  <bind>Comp:11-1-2 Comp:11-2-2 0.79MBps 47.6ms</bind>
  <bind>Comp:11-2-3 Comp:11-1-0 0.79MBps 47.6ms</bind>
  <bind>Comp:11-1-0 Comp:11-2-3 0.79MBps 47.6ms</bind>
  <bind>Comp:11-2-4 Comp:11-1-1 0.79MBps 47.6ms</bind>
  <bind>Comp:11-1-1 Comp:11-2-4 0.79MBps 47.6ms</bind>
  <bind>Comp:11-2-5 Comp:11-1-2 0.79MBps 47.6ms</bind>
  <bind>Comp:11-1-2 Comp:11-2-5 0.79MBps 47.6ms</bind>
  <bind>Comp:11-2-6 Comp:11-1-0 0.79MBps 47.6ms</bind>
  <bind>Comp:11-1-0 Comp:11-2-6 0.79MBps 47.6ms</bind>
  <bind>Comp:11-2-7 Comp:11-1-1 0.79MBps 47.6ms</bind>
  <bind>Comp:11-1-1 Comp:11-2-7 0.79MBps 47.6ms</bind>
  <bind>Comp:11-2-8 Comp:11-1-2 0.79MBps 47.6ms</bind>
  <bind>Comp:11-1-2 Comp:11-2-8 0.79MBps 47.6ms</bind>
  <bind>Comp:11-2-9 Comp:11-1-0 0.79MBps 47.6ms</bind>
  <bind>Comp:11-1-0 Comp:11-2-9 0.79MBps 47.6ms</bind>
  <bind>Comp:11-3-0 Comp:11-2-0 0.786MBps 29.4ms</bind>
  <bind>Comp:11-2-0 Comp:11-3-0 0.786MBps 29.4ms</bind>
  <bind>Comp:11-3-1 Comp:11-2-1 0.786MBps 29.4ms</bind>
  <bind>Comp:11-2-1 Comp:11-3-1 0.786MBps 29.4ms</bind>
  <bind>Comp:11-3-2 Comp:11-2-2 0.786MBps 29.4ms</bind>
  <bind>Comp:11-2-2 Comp:11-3-2 0.786MBps 29.4ms</bind>
  <bind>Comp:11-3-3 Comp:11-2-3 0.786MBps 29.4ms</bind>
  <bind>Comp:11-2-3 Comp:11-3-3 0.786MBps 29.4ms</bind>
  <bind>Comp:11-3-4 Comp:11-2-4 0.786MBps 29.4ms</bind>
  <bind>Comp:11-2-4 Comp:11-3-4 0.786MBps 29.4ms</bind>
  <bind>Comp:11-3-0 Comp:11-2-5 0.786MBps 29.4ms</bind>
  <bind>Comp:11-2-5 Comp:11-3-0 0.786MBps 29.4ms</bind>
  <bind>Comp:11-3-1 Comp:11-2-6 0.786MBps 29.4ms</bind>
  <bind>Comp:11-2-6 Comp:11-3-1 0.786MBps 29.4ms</bind>
  <bind>Comp:11-3-2 Comp:11-2-7 0.786MBps 29.4ms</bind>
  <bind>Comp:11-2-7 Comp:11-3-2 0.786MBps 29.4ms</bind>
  <bind>Comp:11-3-3 Comp:11-2-8 0.786MBps 29.4ms</bind>
  <bind>Comp:11-2-8 Comp:11-3-3 0.786MBps 29.4ms</bind>
  <bind>Comp:11-3-4 Comp:11-2-9 0.786MBps 29.4ms</bind>
  <bind>Comp:11-2-9 Comp:11-3-4 0.786MBps 29.4ms</bind>
  <bind>Comp:11-3-0 Comp:11-4-0 0.584MBps 48.0ms</bind>
  <bind>Comp:11-4-0 Comp:11-3-0 0.584MBps 48.0ms</bind>
  <bind>Comp:11-3-1 Comp:11-4-1 0.584MBps 48.0ms</bind>
  <bind>Comp:11-4-1 Comp:11-3-1 0.584MBps 48.0ms</bind>
  <bind>Comp:11-3-2 Comp:11-4-2 0.584MBps 48.0ms</bind>
  <bind>Comp:11-4-2 Comp:11-3-2 0.584MBps 48.0ms</bind>
  <bind>Comp:11-3-3 Comp:11-4-3 0.584MBps 48.0ms</bind>
  <bind>Comp:11-4-3 Comp:11-3-3 0.584MBps 48.0ms</bind>
  <bind>Comp:11-3-4 Comp:11-4-4 0.584MBps 48.0ms</bind>
  <bind>Comp:11-4-4 Comp:11-3-4 0.584MBps 48.0ms</bind>
  <bind>Comp:11-3-0 Comp:11-4-5 0.584MBps 48.0ms</bind>
  <bind>Comp:11-4-5 Comp:11-3-0 0.584MBps 48.0ms</bind>
  <bind>Comp:11-3-1 Comp:11-4-6 0.584MBps 48.0ms</bind>
  <bind>Comp:11-4-6 Comp:11-3-1 0.584MBps 48.0ms</bind>
  <bind>Comp:11-3-2 Comp:11-4-7 0.584MBps 48.0ms</bind>
  <bind>Comp:11-4-7 Comp:11-3-2 0.584MBps 48.0ms</bind>
  <bind>Comp:11-3-3 Comp:11-4-8 0.584MBps 48.0ms</bind>
  <bind>Comp:11-4-8 Comp:11-3-3 0.584MBps 48.0ms</bind>
  <bind>Comp:11-3-4 Comp:11-4-9 0.584MBps 48.0ms</bind>
  <bind>Comp:11-4-9 Comp:11-3-4 0.584MBps 48.0ms</bind>
</app>
<app>
  <id>App12</id>
<comp>
  <id>Comp:12-1-0</id>
  <CPU>0.169Gf</CPU>
  <RAM>0.847GB</RAM>
  <DISK>1.62GB</DISK>
</comp>
  <bind>Comp:12-1-0 Appliance-28 0.921MBps 34.6ms</bind>
  <bind>Appliance-28 Comp:12-1-0 0.921MBps 34.6ms</bind>
  <bind>Comp:12-1-0 Appliance-34 0.921MBps 34.6ms</bind>
  <bind>Appliance-34 Comp:12-1-0 0.921MBps 34.6ms</bind>
  <bind>Comp:12-1-0 Appliance-6 0.377MBps 30.2ms</bind>
  <bind>Appliance-6 Comp:12-1-0 0.377MBps 30.2ms</bind>
</app>
<app>
  <id>App13</id>
<comp>
  <id>Comp:13-0-0</id>
  <CPU>0.652Gf</CPU>
  <RAM>0.652GB</RAM>
  <DISK>0.852GB</DISK>
</comp>
<comp>
  <id>Comp:13-0-1</id>
  <CPU>0.652Gf</CPU>
  <RAM>0.652GB</RAM>
  <DISK>0.852GB</DISK>
</comp>
<comp>
  <id>Comp:13-0-2</id>
  <CPU>0.652Gf</CPU>
  <RAM>0.652GB</RAM>
  <DISK>0.852GB</DISK>
</comp>
<comp>
  <id>Comp:13-0-3</id>
  <CPU>0.652Gf</CPU>
  <RAM>0.652GB</RAM>
  <DISK>0.852GB</DISK>
</comp>
<comp>
  <id>Comp:13-0-4</id>
  <CPU>0.652Gf</CPU>
  <RAM>0.652GB</RAM>
  <DISK>0.852GB</DISK>
</comp>
<comp>
  <id>Comp:13-1-0</id>
  <CPU>0.82Gf</CPU>
  <RAM>0.867GB</RAM>
  <DISK>1.1GB</DISK>
</comp>
<comp>
  <id>Comp:13-2-0</id>
  <CPU>0.804Gf</CPU>
  <RAM>0.552GB</RAM>
  <DISK>1.88GB</DISK>
</comp>
  <bind>Comp:13-1-0 Comp:13-0-0 0.0467MBps 39.5ms</bind>
  <bind>Comp:13-0-0 Comp:13-1-0 0.0467MBps 39.5ms</bind>
  <bind>Comp:13-1-0 Comp:13-0-1 0.0467MBps 39.5ms</bind>
  <bind>Comp:13-0-1 Comp:13-1-0 0.0467MBps 39.5ms</bind>
  <bind>Comp:13-1-0 Comp:13-0-2 0.0467MBps 39.5ms</bind>
  <bind>Comp:13-0-2 Comp:13-1-0 0.0467MBps 39.5ms</bind>
  <bind>Comp:13-1-0 Comp:13-0-3 0.0467MBps 39.5ms</bind>
  <bind>Comp:13-0-3 Comp:13-1-0 0.0467MBps 39.5ms</bind>
  <bind>Comp:13-1-0 Comp:13-0-4 0.0467MBps 39.5ms</bind>
  <bind>Comp:13-0-4 Comp:13-1-0 0.0467MBps 39.5ms</bind>
  <bind>Comp:13-2-0 Comp:13-1-0 0.556MBps 41.6ms</bind>
  <bind>Comp:13-1-0 Comp:13-2-0 0.556MBps 41.6ms</bind>
  <bind>Comp:13-2-0 Appliance-23 0.0617MBps 30.8ms</bind>
  <bind>Appliance-23 Comp:13-2-0 0.0617MBps 30.8ms</bind>
  <bind>Comp:13-2-0 Appliance-31 0.0617MBps 30.8ms</bind>
  <bind>Appliance-31 Comp:13-2-0 0.0617MBps 30.8ms</bind>
  <bind>Comp:13-2-0 Appliance-11 0.0617MBps 30.8ms</bind>
  <bind>Appliance-11 Comp:13-2-0 0.0617MBps 30.8ms</bind>
  <bind>Comp:13-2-0 Appliance-16 0.0617MBps 30.8ms</bind>
  <bind>Appliance-16 Comp:13-2-0 0.0617MBps 30.8ms</bind>
  <bind>Comp:13-2-0 Appliance-19 0.0617MBps 30.8ms</bind>
  <bind>Appliance-19 Comp:13-2-0 0.0617MBps 30.8ms</bind>
  <bind>Comp:13-2-0 Appliance-8 0.0617MBps 30.8ms</bind>
  <bind>Appliance-8 Comp:13-2-0 0.0617MBps 30.8ms</bind>
  <bind>Comp:13-2-0 Appliance-16 0.0617MBps 30.8ms</bind>
  <bind>Appliance-16 Comp:13-2-0 0.0617MBps 30.8ms</bind>
  <bind>Comp:13-2-0 Appliance-0 0.0617MBps 30.8ms</bind>
  <bind>Appliance-0 Comp:13-2-0 0.0617MBps 30.8ms</bind>
</app>
<app>
  <id>App14</id>
<comp>
  <id>Comp:14-0-0</id>
  <CPU>0.65Gf</CPU>
  <RAM>0.697GB</RAM>
  <DISK>0.844GB</DISK>
</comp>
<comp>
  <id>Comp:14-0-1</id>
  <CPU>0.65Gf</CPU>
  <RAM>0.697GB</RAM>
  <DISK>0.844GB</DISK>
</comp>
<comp>
  <id>Comp:14-0-2</id>
  <CPU>0.65Gf</CPU>
  <RAM>0.697GB</RAM>
  <DISK>0.844GB</DISK>
</comp>
<comp>
  <id>Comp:14-0-3</id>
  <CPU>0.65Gf</CPU>
  <RAM>0.697GB</RAM>
  <DISK>0.844GB</DISK>
</comp>
<comp>
  <id>Comp:14-1-0</id>
  <CPU>0.967Gf</CPU>
  <RAM>0.137GB</RAM>
  <DISK>0.951GB</DISK>
</comp>
<comp>
  <id>Comp:14-1-1</id>
  <CPU>0.967Gf</CPU>
  <RAM>0.137GB</RAM>
  <DISK>0.951GB</DISK>
</comp>
<comp>
  <id>Comp:14-2-0</id>
  <CPU>0.49Gf</CPU>
  <RAM>0.887GB</RAM>
  <DISK>0.943GB</DISK>
</comp>
<comp>
  <id>Comp:14-2-1</id>
  <CPU>0.49Gf</CPU>
  <RAM>0.887GB</RAM>
  <DISK>0.943GB</DISK>
</comp>
<comp>
  <id>Comp:14-2-2</id>
  <CPU>0.49Gf</CPU>
  <RAM>0.887GB</RAM>
  <DISK>0.943GB</DISK>
</comp>
<comp>
  <id>Comp:14-2-3</id>
  <CPU>0.49Gf</CPU>
  <RAM>0.887GB</RAM>
  <DISK>0.943GB</DISK>
</comp>
<comp>
  <id>Comp:14-2-4</id>
  <CPU>0.49Gf</CPU>
  <RAM>0.887GB</RAM>
  <DISK>0.943GB</DISK>
</comp>
<comp>
  <id>Comp:14-3-0</id>
  <CPU>0.299Gf</CPU>
  <RAM>0.156GB</RAM>
  <DISK>0.478GB</DISK>
</comp>
<comp>
  <id>Comp:14-3-1</id>
  <CPU>0.299Gf</CPU>
  <RAM>0.156GB</RAM>
  <DISK>0.478GB</DISK>
</comp>
<comp>
  <id>Comp:14-4-0</id>
  <CPU>0.593Gf</CPU>
  <RAM>0.341GB</RAM>
  <DISK>0.803GB</DISK>
</comp>
<comp>
  <id>Comp:14-4-1</id>
  <CPU>0.593Gf</CPU>
  <RAM>0.341GB</RAM>
  <DISK>0.803GB</DISK>
</comp>
<comp>
  <id>Comp:14-4-2</id>
  <CPU>0.593Gf</CPU>
  <RAM>0.341GB</RAM>
  <DISK>0.803GB</DISK>
</comp>
<comp>
  <id>Comp:14-4-3</id>
  <CPU>0.593Gf</CPU>
  <RAM>0.341GB</RAM>
  <DISK>0.803GB</DISK>
</comp>
  <bind>Comp:14-1-0 Comp:14-0-0 0.898MBps 40.2ms</bind>
  <bind>Comp:14-0-0 Comp:14-1-0 0.898MBps 40.2ms</bind>
  <bind>Comp:14-1-1 Comp:14-0-1 0.898MBps 40.2ms</bind>
  <bind>Comp:14-0-1 Comp:14-1-1 0.898MBps 40.2ms</bind>
  <bind>Comp:14-1-0 Comp:14-0-2 0.898MBps 40.2ms</bind>
  <bind>Comp:14-0-2 Comp:14-1-0 0.898MBps 40.2ms</bind>
  <bind>Comp:14-1-1 Comp:14-0-3 0.898MBps 40.2ms</bind>
  <bind>Comp:14-0-3 Comp:14-1-1 0.898MBps 40.2ms</bind>
  <bind>Comp:14-2-0 Comp:14-1-0 0.0618MBps 50.0ms</bind>
  <bind>Comp:14-1-0 Comp:14-2-0 0.0618MBps 50.0ms</bind>
  <bind>Comp:14-2-1 Comp:14-1-1 0.0618MBps 50.0ms</bind>
  <bind>Comp:14-1-1 Comp:14-2-1 0.0618MBps 50.0ms</bind>
  <bind>Comp:14-2-2 Comp:14-1-0 0.0618MBps 50.0ms</bind>
  <bind>Comp:14-1-0 Comp:14-2-2 0.0618MBps 50.0ms</bind>
  <bind>Comp:14-2-3 Comp:14-1-1 0.0618MBps 50.0ms</bind>
  <bind>Comp:14-1-1 Comp:14-2-3 0.0618MBps 50.0ms</bind>
  <bind>Comp:14-2-4 Comp:14-1-0 0.0618MBps 50.0ms</bind>
  <bind>Comp:14-1-0 Comp:14-2-4 0.0618MBps 50.0ms</bind>
  <bind>Comp:14-3-0 Comp:14-2-0 0.708MBps 33.4ms</bind>
  <bind>Comp:14-2-0 Comp:14-3-0 0.708MBps 33.4ms</bind>
  <bind>Comp:14-3-1 Comp:14-2-1 0.708MBps 33.4ms</bind>
  <bind>Comp:14-2-1 Comp:14-3-1 0.708MBps 33.4ms</bind>
  <bind>Comp:14-3-0 Comp:14-2-2 0.708MBps 33.4ms</bind>
  <bind>Comp:14-2-2 Comp:14-3-0 0.708MBps 33.4ms</bind>
  <bind>Comp:14-3-1 Comp:14-2-3 0.708MBps 33.4ms</bind>
  <bind>Comp:14-2-3 Comp:14-3-1 0.708MBps 33.4ms</bind>
  <bind>Comp:14-3-0 Comp:14-2-4 0.708MBps 33.4ms</bind>
  <bind>Comp:14-2-4 Comp:14-3-0 0.708MBps 33.4ms</bind>
  <bind>Comp:14-4-0 Comp:14-3-0 0.591MBps 28.1ms</bind>
  <bind>Comp:14-3-0 Comp:14-4-0 0.591MBps 28.1ms</bind>
  <bind>Comp:14-4-1 Comp:14-3-1 0.591MBps 28.1ms</bind>
  <bind>Comp:14-3-1 Comp:14-4-1 0.591MBps 28.1ms</bind>
  <bind>Comp:14-4-2 Comp:14-3-0 0.591MBps 28.1ms</bind>
  <bind>Comp:14-3-0 Comp:14-4-2 0.591MBps 28.1ms</bind>
  <bind>Comp:14-4-3 Comp:14-3-1 0.591MBps 28.1ms</bind>
  <bind>Comp:14-3-1 Comp:14-4-3 0.591MBps 28.1ms</bind>
  <bind>Comp:14-4-0 Appliance-9 0.0795MBps 34.3ms</bind>
  <bind>Appliance-9 Comp:14-4-0 0.0795MBps 34.3ms</bind>
  <bind>Comp:14-4-1 Appliance-20 0.0795MBps 34.3ms</bind>
  <bind>Appliance-20 Comp:14-4-1 0.0795MBps 34.3ms</bind>
  <bind>Comp:14-4-2 Appliance-34 0.0795MBps 34.3ms</bind>
  <bind>Appliance-34 Comp:14-4-2 0.0795MBps 34.3ms</bind>
  <bind>Comp:14-4-3 Appliance-9 0.0795MBps 34.3ms</bind>
  <bind>Appliance-9 Comp:14-4-3 0.0795MBps 34.3ms</bind>
</app>
<app>
  <id>App15</id>
<comp>
  <id>Comp:15-1-0</id>
  <CPU>0.563Gf</CPU>
  <RAM>0.342GB</RAM>
  <DISK>1.85GB</DISK>
</comp>
<comp>
  <id>Comp:15-1-1</id>
  <CPU>0.563Gf</CPU>
  <RAM>0.342GB</RAM>
  <DISK>1.85GB</DISK>
</comp>
<comp>
  <id>Comp:15-1-2</id>
  <CPU>0.563Gf</CPU>
  <RAM>0.342GB</RAM>
  <DISK>1.85GB</DISK>
</comp>
<comp>
  <id>Comp:15-1-3</id>
  <CPU>0.563Gf</CPU>
  <RAM>0.342GB</RAM>
  <DISK>1.85GB</DISK>
</comp>
<comp>
  <id>Comp:15-1-4</id>
  <CPU>0.563Gf</CPU>
  <RAM>0.342GB</RAM>
  <DISK>1.85GB</DISK>
</comp>
<comp>
  <id>Comp:15-1-5</id>
  <CPU>0.563Gf</CPU>
  <RAM>0.342GB</RAM>
  <DISK>1.85GB</DISK>
</comp>
<comp>
  <id>Comp:15-2-0</id>
  <CPU>0.32Gf</CPU>
  <RAM>0.316GB</RAM>
  <DISK>1.04GB</DISK>
</comp>
<comp>
  <id>Comp:15-2-1</id>
  <CPU>0.32Gf</CPU>
  <RAM>0.316GB</RAM>
  <DISK>1.04GB</DISK>
</comp>
<comp>
  <id>Comp:15-3-0</id>
  <CPU>0.267Gf</CPU>
  <RAM>0.805GB</RAM>
  <DISK>0.903GB</DISK>
</comp>
<comp>
  <id>Comp:15-3-1</id>
  <CPU>0.267Gf</CPU>
  <RAM>0.805GB</RAM>
  <DISK>0.903GB</DISK>
</comp>
<comp>
  <id>Comp:15-3-2</id>
  <CPU>0.267Gf</CPU>
  <RAM>0.805GB</RAM>
  <DISK>0.903GB</DISK>
</comp>
<comp>
  <id>Comp:15-3-3</id>
  <CPU>0.267Gf</CPU>
  <RAM>0.805GB</RAM>
  <DISK>0.903GB</DISK>
</comp>
<comp>
  <id>Comp:15-3-4</id>
  <CPU>0.267Gf</CPU>
  <RAM>0.805GB</RAM>
  <DISK>0.903GB</DISK>
</comp>
<comp>
  <id>Comp:15-3-5</id>
  <CPU>0.267Gf</CPU>
  <RAM>0.805GB</RAM>
  <DISK>0.903GB</DISK>
</comp>
<comp>
  <id>Comp:15-3-6</id>
  <CPU>0.267Gf</CPU>
  <RAM>0.805GB</RAM>
  <DISK>0.903GB</DISK>
</comp>
<comp>
  <id>Comp:15-3-7</id>
  <CPU>0.267Gf</CPU>
  <RAM>0.805GB</RAM>
  <DISK>0.903GB</DISK>
</comp>
<comp>
  <id>Comp:15-3-8</id>
  <CPU>0.267Gf</CPU>
  <RAM>0.805GB</RAM>
  <DISK>0.903GB</DISK>
</comp>
  <bind>Comp:15-1-0 Appliance-11 0.99MBps 31.0ms</bind>
  <bind>Appliance-11 Comp:15-1-0 0.99MBps 31.0ms</bind>
  <bind>Comp:15-1-1 Appliance-2 0.99MBps 31.0ms</bind>
  <bind>Appliance-2 Comp:15-1-1 0.99MBps 31.0ms</bind>
  <bind>Comp:15-1-2 Appliance-16 0.99MBps 31.0ms</bind>
  <bind>Appliance-16 Comp:15-1-2 0.99MBps 31.0ms</bind>
  <bind>Comp:15-1-3 Appliance-31 0.99MBps 31.0ms</bind>
  <bind>Appliance-31 Comp:15-1-3 0.99MBps 31.0ms</bind>
  <bind>Comp:15-1-4 Appliance-11 0.99MBps 31.0ms</bind>
  <bind>Appliance-11 Comp:15-1-4 0.99MBps 31.0ms</bind>
  <bind>Comp:15-1-5 Appliance-10 0.99MBps 31.0ms</bind>
  <bind>Appliance-10 Comp:15-1-5 0.99MBps 31.0ms</bind>
  <bind>Comp:15-2-0 Comp:15-1-0 0.0261MBps 47.1ms</bind>
  <bind>Comp:15-1-0 Comp:15-2-0 0.0261MBps 47.1ms</bind>
  <bind>Comp:15-2-1 Comp:15-1-1 0.0261MBps 47.1ms</bind>
  <bind>Comp:15-1-1 Comp:15-2-1 0.0261MBps 47.1ms</bind>
  <bind>Comp:15-2-0 Comp:15-1-2 0.0261MBps 47.1ms</bind>
  <bind>Comp:15-1-2 Comp:15-2-0 0.0261MBps 47.1ms</bind>
  <bind>Comp:15-2-1 Comp:15-1-3 0.0261MBps 47.1ms</bind>
  <bind>Comp:15-1-3 Comp:15-2-1 0.0261MBps 47.1ms</bind>
  <bind>Comp:15-2-0 Comp:15-1-4 0.0261MBps 47.1ms</bind>
  <bind>Comp:15-1-4 Comp:15-2-0 0.0261MBps 47.1ms</bind>
  <bind>Comp:15-2-1 Comp:15-1-5 0.0261MBps 47.1ms</bind>
  <bind>Comp:15-1-5 Comp:15-2-1 0.0261MBps 47.1ms</bind>
  <bind>Comp:15-2-0 Comp:15-3-0 0.299MBps 43.5ms</bind>
  <bind>Comp:15-3-0 Comp:15-2-0 0.299MBps 43.5ms</bind>
  <bind>Comp:15-2-1 Comp:15-3-1 0.299MBps 43.5ms</bind>
  <bind>Comp:15-3-1 Comp:15-2-1 0.299MBps 43.5ms</bind>
  <bind>Comp:15-2-0 Comp:15-3-2 0.299MBps 43.5ms</bind>
  <bind>Comp:15-3-2 Comp:15-2-0 0.299MBps 43.5ms</bind>
  <bind>Comp:15-2-1 Comp:15-3-3 0.299MBps 43.5ms</bind>
  <bind>Comp:15-3-3 Comp:15-2-1 0.299MBps 43.5ms</bind>
  <bind>Comp:15-2-0 Comp:15-3-4 0.299MBps 43.5ms</bind>
  <bind>Comp:15-3-4 Comp:15-2-0 0.299MBps 43.5ms</bind>
  <bind>Comp:15-2-1 Comp:15-3-5 0.299MBps 43.5ms</bind>
  <bind>Comp:15-3-5 Comp:15-2-1 0.299MBps 43.5ms</bind>
  <bind>Comp:15-2-0 Comp:15-3-6 0.299MBps 43.5ms</bind>
  <bind>Comp:15-3-6 Comp:15-2-0 0.299MBps 43.5ms</bind>
  <bind>Comp:15-2-1 Comp:15-3-7 0.299MBps 43.5ms</bind>
  <bind>Comp:15-3-7 Comp:15-2-1 0.299MBps 43.5ms</bind>
  <bind>Comp:15-2-0 Comp:15-3-8 0.299MBps 43.5ms</bind>
  <bind>Comp:15-3-8 Comp:15-2-0 0.299MBps 43.5ms</bind>
</app>
</apps>
