<?xml version="1.0"?>
<apps>
<app>
  <id>App1</id>
<comp>
  <id>Comp:1-0-0</id>
  <CPU>0.976Gf</CPU>
  <RAM>0.516GB</RAM>
  <DISK>1.26GB</DISK>
</comp>
<comp>
  <id>Comp:1-0-1</id>
  <CPU>0.976Gf</CPU>
  <RAM>0.516GB</RAM>
  <DISK>1.26GB</DISK>
</comp>
<comp>
  <id>Comp:1-1-0</id>
  <CPU>0.121Gf</CPU>
  <RAM>0.381GB</RAM>
  <DISK>0.589GB</DISK>
</comp>
  <bind>Comp:1-1-0 Comp:1-0-0 0.512MBps 36.6ms</bind>
  <bind>Comp:1-0-0 Comp:1-1-0 0.512MBps 36.6ms</bind>
  <bind>Comp:1-1-0 Comp:1-0-1 0.512MBps 36.6ms</bind>
  <bind>Comp:1-0-1 Comp:1-1-0 0.512MBps 36.6ms</bind>
  <bind>Comp:1-1-0 Appliance-37 0.209MBps 41.7ms</bind>
  <bind>Appliance-37 Comp:1-1-0 0.209MBps 41.7ms</bind>
  <bind>Comp:1-1-0 Appliance-10 0.209MBps 41.7ms</bind>
  <bind>Appliance-10 Comp:1-1-0 0.209MBps 41.7ms</bind>
  <bind>Comp:1-1-0 Appliance-18 0.209MBps 41.7ms</bind>
  <bind>Appliance-18 Comp:1-1-0 0.209MBps 41.7ms</bind>
  <bind>Comp:1-1-0 Appliance-2 0.209MBps 41.7ms</bind>
  <bind>Appliance-2 Comp:1-1-0 0.209MBps 41.7ms</bind>
  <bind>Comp:1-1-0 Appliance-27 0.209MBps 41.7ms</bind>
  <bind>Appliance-27 Comp:1-1-0 0.209MBps 41.7ms</bind>
  <bind>Comp:1-1-0 Appliance-19 0.209MBps 41.7ms</bind>
  <bind>Appliance-19 Comp:1-1-0 0.209MBps 41.7ms</bind>
  <bind>Comp:1-1-0 Appliance-37 0.209MBps 41.7ms</bind>
  <bind>Appliance-37 Comp:1-1-0 0.209MBps 41.7ms</bind>
  <bind>Comp:1-1-0 Appliance-18 0.209MBps 41.7ms</bind>
  <bind>Appliance-18 Comp:1-1-0 0.209MBps 41.7ms</bind>
  <bind>Comp:1-1-0 Appliance-19 0.209MBps 41.7ms</bind>
  <bind>Appliance-19 Comp:1-1-0 0.209MBps 41.7ms</bind>
</app>
<app>
  <id>App10</id>
<comp>
  <id>Comp:10-1-0</id>
  <CPU>0.944Gf</CPU>
  <RAM>0.621GB</RAM>
  <DISK>1.53GB</DISK>
</comp>
<comp>
  <id>Comp:10-1-1</id>
  <CPU>0.944Gf</CPU>
  <RAM>0.621GB</RAM>
  <DISK>1.53GB</DISK>
</comp>
<comp>
  <id>Comp:10-1-2</id>
  <CPU>0.944Gf</CPU>
  <RAM>0.621GB</RAM>
  <DISK>1.53GB</DISK>
</comp>
<comp>
  <id>Comp:10-1-3</id>
  <CPU>0.944Gf</CPU>
  <RAM>0.621GB</RAM>
  <DISK>1.53GB</DISK>
</comp>
<comp>
  <id>Comp:10-1-4</id>
  <CPU>0.944Gf</CPU>
  <RAM>0.621GB</RAM>
  <DISK>1.53GB</DISK>
</comp>
<comp>
  <id>Comp:10-1-5</id>
  <CPU>0.944Gf</CPU>
  <RAM>0.621GB</RAM>
  <DISK>1.53GB</DISK>
</comp>
<comp>
  <id>Comp:10-1-6</id>
  <CPU>0.944Gf</CPU>
  <RAM>0.621GB</RAM>
  <DISK>1.53GB</DISK>
</comp>
<comp>
  <id>Comp:10-1-7</id>
  <CPU>0.944Gf</CPU>
  <RAM>0.621GB</RAM>
  <DISK>1.53GB</DISK>
</comp>
<comp>
  <id>Comp:10-2-0</id>
  <CPU>0.765Gf</CPU>
  <RAM>0.94GB</RAM>
  <DISK>1.58GB</DISK>
</comp>
<comp>
  <id>Comp:10-2-1</id>
  <CPU>0.765Gf</CPU>
  <RAM>0.94GB</RAM>
  <DISK>1.58GB</DISK>
</comp>
<comp>
  <id>Comp:10-2-2</id>
  <CPU>0.765Gf</CPU>
  <RAM>0.94GB</RAM>
  <DISK>1.58GB</DISK>
</comp>
<comp>
  <id>Comp:10-2-3</id>
  <CPU>0.765Gf</CPU>
  <RAM>0.94GB</RAM>
  <DISK>1.58GB</DISK>
</comp>
<comp>
  <id>Comp:10-2-4</id>
  <CPU>0.765Gf</CPU>
  <RAM>0.94GB</RAM>
  <DISK>1.58GB</DISK>
</comp>
<comp>
  <id>Comp:10-2-5</id>
  <CPU>0.765Gf</CPU>
  <RAM>0.94GB</RAM>
  <DISK>1.58GB</DISK>
</comp>
<comp>
  <id>Comp:10-3-0</id>
  <CPU>0.751Gf</CPU>
  <RAM>0.968GB</RAM>
  <DISK>0.137GB</DISK>
</comp>
<comp>
  <id>Comp:10-3-1</id>
  <CPU>0.751Gf</CPU>
  <RAM>0.968GB</RAM>
  <DISK>0.137GB</DISK>
</comp>
<comp>
  <id>Comp:10-3-2</id>
  <CPU>0.751Gf</CPU>
  <RAM>0.968GB</RAM>
  <DISK>0.137GB</DISK>
</comp>
<comp>
  <id>Comp:10-3-3</id>
  <CPU>0.751Gf</CPU>
  <RAM>0.968GB</RAM>
  <DISK>0.137GB</DISK>
</comp>
<comp>
  <id>Comp:10-3-4</id>
  <CPU>0.751Gf</CPU>
  <RAM>0.968GB</RAM>
  <DISK>0.137GB</DISK>
</comp>
<comp>
  <id>Comp:10-3-5</id>
  <CPU>0.751Gf</CPU>
  <RAM>0.968GB</RAM>
  <DISK>0.137GB</DISK>
</comp>
<comp>
  <id>Comp:10-3-6</id>
  <CPU>0.751Gf</CPU>
  <RAM>0.968GB</RAM>
  <DISK>0.137GB</DISK>
</comp>
<comp>
  <id>Comp:10-3-7</id>
  <CPU>0.751Gf</CPU>
  <RAM>0.968GB</RAM>
  <DISK>0.137GB</DISK>
</comp>
<comp>
  <id>Comp:10-4-0</id>
  <CPU>0.131Gf</CPU>
  <RAM>0.651GB</RAM>
  <DISK>1.75GB</DISK>
</comp>
<comp>
  <id>Comp:10-4-1</id>
  <CPU>0.131Gf</CPU>
  <RAM>0.651GB</RAM>
  <DISK>1.75GB</DISK>
</comp>
<comp>
  <id>Comp:10-4-2</id>
  <CPU>0.131Gf</CPU>
  <RAM>0.651GB</RAM>
  <DISK>1.75GB</DISK>
</comp>
<comp>
  <id>Comp:10-4-3</id>
  <CPU>0.131Gf</CPU>
  <RAM>0.651GB</RAM>
  <DISK>1.75GB</DISK>
</comp>
<comp>
  <id>Comp:10-4-4</id>
  <CPU>0.131Gf</CPU>
  <RAM>0.651GB</RAM>
  <DISK>1.75GB</DISK>
</comp>
<comp>
  <id>Comp:10-5-0</id>
  <CPU>0.99Gf</CPU>
  <RAM>0.572GB</RAM>
  <DISK>0.869GB</DISK>
</comp>
<comp>
  <id>Comp:10-5-1</id>
  <CPU>0.99Gf</CPU>
  <RAM>0.572GB</RAM>
  <DISK>0.869GB</DISK>
</comp>
<comp>
  <id>Comp:10-5-2</id>
  <CPU>0.99Gf</CPU>
  <RAM>0.572GB</RAM>
  <DISK>0.869GB</DISK>
</comp>
<comp>
  <id>Comp:10-5-3</id>
  <CPU>0.99Gf</CPU>
  <RAM>0.572GB</RAM>
  <DISK>0.869GB</DISK>
</comp>
  <bind>Comp:10-1-0 Appliance-1 0.459MBps 32.4ms</bind>
  <bind>Appliance-1 Comp:10-1-0 0.459MBps 32.4ms</bind>
  <bind>Comp:10-1-1 Appliance-33 0.459MBps 32.4ms</bind>
  <bind>Appliance-33 Comp:10-1-1 0.459MBps 32.4ms</bind>
  <bind>Comp:10-1-2 Appliance-1 0.459MBps 32.4ms</bind>
  <bind>Appliance-1 Comp:10-1-2 0.459MBps 32.4ms</bind>
  <bind>Comp:10-1-3 Appliance-33 0.459MBps 32.4ms</bind>
  <bind>Appliance-33 Comp:10-1-3 0.459MBps 32.4ms</bind>
  <bind>Comp:10-1-4 Appliance-1 0.459MBps 32.4ms</bind>
  <bind>Appliance-1 Comp:10-1-4 0.459MBps 32.4ms</bind>
  <bind>Comp:10-1-5 Appliance-33 0.459MBps 32.4ms</bind>
  <bind>Appliance-33 Comp:10-1-5 0.459MBps 32.4ms</bind>
  <bind>Comp:10-1-6 Appliance-1 0.459MBps 32.4ms</bind>
  <bind>Appliance-1 Comp:10-1-6 0.459MBps 32.4ms</bind>
  <bind>Comp:10-1-7 Appliance-33 0.459MBps 32.4ms</bind>
  <bind>Appliance-33 Comp:10-1-7 0.459MBps 32.4ms</bind>
  <bind>Comp:10-2-0 Comp:10-1-0 0.8MBps 29.7ms</bind>
  <bind>Comp:10-1-0 Comp:10-2-0 0.8MBps 29.7ms</bind>
  <bind>Comp:10-2-1 Comp:10-1-1 0.8MBps 29.7ms</bind>
  <bind>Comp:10-1-1 Comp:10-2-1 0.8MBps 29.7ms</bind>
  <bind>Comp:10-2-2 Comp:10-1-2 0.8MBps 29.7ms</bind>
  <bind>Comp:10-1-2 Comp:10-2-2 0.8MBps 29.7ms</bind>
  <bind>Comp:10-2-3 Comp:10-1-3 0.8MBps 29.7ms</bind>
  <bind>Comp:10-1-3 Comp:10-2-3 0.8MBps 29.7ms</bind>
  <bind>Comp:10-2-4 Comp:10-1-4 0.8MBps 29.7ms</bind>
  <bind>Comp:10-1-4 Comp:10-2-4 0.8MBps 29.7ms</bind>
  <bind>Comp:10-2-5 Comp:10-1-5 0.8MBps 29.7ms</bind>
  <bind>Comp:10-1-5 Comp:10-2-5 0.8MBps 29.7ms</bind>
  <bind>Comp:10-2-0 Comp:10-1-6 0.8MBps 29.7ms</bind>
  <bind>Comp:10-1-6 Comp:10-2-0 0.8MBps 29.7ms</bind>
  <bind>Comp:10-2-1 Comp:10-1-7 0.8MBps 29.7ms</bind>
  <bind>Comp:10-1-7 Comp:10-2-1 0.8MBps 29.7ms</bind>
  <bind>Comp:10-3-0 Comp:10-2-0 0.767MBps 46.9ms</bind>
  <bind>Comp:10-2-0 Comp:10-3-0 0.767MBps 46.9ms</bind>
  <bind>Comp:10-3-1 Comp:10-2-1 0.767MBps 46.9ms</bind>
  <bind>Comp:10-2-1 Comp:10-3-1 0.767MBps 46.9ms</bind>
  <bind>Comp:10-3-2 Comp:10-2-2 0.767MBps 46.9ms</bind>
  <bind>Comp:10-2-2 Comp:10-3-2 0.767MBps 46.9ms</bind>
  <bind>Comp:10-3-3 Comp:10-2-3 0.767MBps 46.9ms</bind>
  <bind>Comp:10-2-3 Comp:10-3-3 0.767MBps 46.9ms</bind>
  <bind>Comp:10-3-4 Comp:10-2-4 0.767MBps 46.9ms</bind>
  <bind>Comp:10-2-4 Comp:10-3-4 0.767MBps 46.9ms</bind>
  <bind>Comp:10-3-5 Comp:10-2-5 0.767MBps 46.9ms</bind>
  <bind>Comp:10-2-5 Comp:10-3-5 0.767MBps 46.9ms</bind>
  <bind>Comp:10-3-6 Comp:10-2-0 0.767MBps 46.9ms</bind>
  <bind>Comp:10-2-0 Comp:10-3-6 0.767MBps 46.9ms</bind>
  <bind>Comp:10-3-7 Comp:10-2-1 0.767MBps 46.9ms</bind>
  <bind>Comp:10-2-1 Comp:10-3-7 0.767MBps 46.9ms</bind>
  <bind>Comp:10-4-0 Comp:10-3-0 0.168MBps 42.7ms</bind>
  <bind>Comp:10-3-0 Comp:10-4-0 0.168MBps 42.7ms</bind>
  <bind>Comp:10-4-1 Comp:10-3-1 0.168MBps 42.7ms</bind>
  <bind>Comp:10-3-1 Comp:10-4-1 0.168MBps 42.7ms</bind>
  <bind>Comp:10-4-2 Comp:10-3-2 0.168MBps 42.7ms</bind>
  <bind>Comp:10-3-2 Comp:10-4-2 0.168MBps 42.7ms</bind>
  <bind>Comp:10-4-3 Comp:10-3-3 0.168MBps 42.7ms</bind>
  <bind>Comp:10-3-3 Comp:10-4-3 0.168MBps 42.7ms</bind>
  <bind>Comp:10-4-4 Comp:10-3-4 0.168MBps 42.7ms</bind>
  <bind>Comp:10-3-4 Comp:10-4-4 0.168MBps 42.7ms</bind>
  <bind>Comp:10-4-0 Comp:10-3-5 0.168MBps 42.7ms</bind>
  <bind>Comp:10-3-5 Comp:10-4-0 0.168MBps 42.7ms</bind>
  <bind>Comp:10-4-1 Comp:10-3-6 0.168MBps 42.7ms</bind>
  <bind>Comp:10-3-6 Comp:10-4-1 0.168MBps 42.7ms</bind>
  <bind>Comp:10-4-2 Comp:10-3-7 0.168MBps 42.7ms</bind>
  <bind>Comp:10-3-7 Comp:10-4-2 0.168MBps 42.7ms</bind>
  <bind>Comp:10-4-0 Comp:10-5-0 0.301MBps 43.3ms</bind>
  <bind>Comp:10-5-0 Comp:10-4-0 0.301MBps 43.3ms</bind>
  <bind>Comp:10-4-1 Comp:10-5-1 0.301MBps 43.3ms</bind>
  <bind>Comp:10-5-1 Comp:10-4-1 0.301MBps 43.3ms</bind>
  <bind>Comp:10-4-2 Comp:10-5-2 0.301MBps 43.3ms</bind>
  <bind>Comp:10-5-2 Comp:10-4-2 0.301MBps 43.3ms</bind>
  <bind>Comp:10-4-3 Comp:10-5-3 0.301MBps 43.3ms</bind>
  <bind>Comp:10-5-3 Comp:10-4-3 0.301MBps 43.3ms</bind>
  <bind>Comp:10-4-4 Comp:10-5-0 0.301MBps 43.3ms</bind>
  <bind>Comp:10-5-0 Comp:10-4-4 0.301MBps 43.3ms</bind>
</app>
<app>
  <id>App11</id>
<comp>
  <id>Comp:11-1-0</id>
  <CPU>0.271Gf</CPU>
  <RAM>0.357GB</RAM>
  <DISK>0.578GB</DISK>
</comp>
<comp>
  <id>Comp:11-1-1</id>
  <CPU>0.271Gf</CPU>
  <RAM>0.357GB</RAM>
  <DISK>0.578GB</DISK>
</comp>
<comp>
  <id>Comp:11-1-2</id>
  <CPU>0.271Gf</CPU>
  <RAM>0.357GB</RAM>
  <DISK>0.578GB</DISK>
</comp>
<comp>
  <id>Comp:11-2-0</id>
  <CPU>0.721Gf</CPU>
  <RAM>0.963GB</RAM>
  <DISK>0.555GB</DISK>
</comp>
<comp>
  <id>Comp:11-2-1</id>
  <CPU>0.721Gf</CPU>
  <RAM>0.963GB</RAM>
  <DISK>0.555GB</DISK>
</comp>
<comp>
  <id>Comp:11-2-2</id>
  <CPU>0.721Gf</CPU>
  <RAM>0.963GB</RAM>
  <DISK>0.555GB</DISK>
</comp>
<comp>
  <id>Comp:11-2-3</id>
  <CPU>0.721Gf</CPU>
  <RAM>0.963GB</RAM>
  <DISK>0.555GB</DISK>
</comp>
<comp>
  <id>Comp:11-2-4</id>
  <CPU>0.721Gf</CPU>
  <RAM>0.963GB</RAM>
  <DISK>0.555GB</DISK>
</comp>
<comp>
  <id>Comp:11-2-5</id>
  <CPU>0.721Gf</CPU>
  <RAM>0.963GB</RAM>
  <DISK>0.555GB</DISK>
</comp>
<comp>
  <id>Comp:11-2-6</id>
  <CPU>0.721Gf</CPU>
  <RAM>0.963GB</RAM>
  <DISK>0.555GB</DISK>
</comp>
<comp>
  <id>Comp:11-2-7</id>
  <CPU>0.721Gf</CPU>
  <RAM>0.963GB</RAM>
  <DISK>0.555GB</DISK>
</comp>
<comp>
  <id>Comp:11-2-8</id>
  <CPU>0.721Gf</CPU>
  <RAM>0.963GB</RAM>
  <DISK>0.555GB</DISK>
</comp>
<comp>
  <id>Comp:11-2-9</id>
  <CPU>0.721Gf</CPU>
  <RAM>0.963GB</RAM>
  <DISK>0.555GB</DISK>
</comp>
<comp>
  <id>Comp:11-3-0</id>
  <CPU>0.913Gf</CPU>
  <RAM>0.788GB</RAM>
  <DISK>1.79GB</DISK>
</comp>
<comp>
  <id>Comp:11-3-1</id>
  <CPU>0.913Gf</CPU>
  <RAM>0.788GB</RAM>
  <DISK>1.79GB</DISK>
</comp>
<comp>
  <id>Comp:11-3-2</id>
  <CPU>0.913Gf</CPU>
  <RAM>0.788GB</RAM>
  <DISK>1.79GB</DISK>
</comp>
<comp>
  <id>Comp:11-3-3</id>
  <CPU>0.913Gf</CPU>
  <RAM>0.788GB</RAM>
  <DISK>1.79GB</DISK>
</comp>
<comp>
  <id>Comp:11-3-4</id>
  <CPU>0.913Gf</CPU>
  <RAM>0.788GB</RAM>
  <DISK>1.79GB</DISK>
</comp>
<comp>
  <id>Comp:11-4-0</id>
  <CPU>0.98Gf</CPU>
  <RAM>0.108GB</RAM>
  <DISK>1.08GB</DISK>
</comp>
<comp>
  <id>Comp:11-4-1</id>
  <CPU>0.98Gf</CPU>
  <RAM>0.108GB</RAM>
  <DISK>1.08GB</DISK>
</comp>
<comp>
  <id>Comp:11-4-2</id>
  <CPU>0.98Gf</CPU>
  <RAM>0.108GB</RAM>
  <DISK>1.08GB</DISK>
</comp>
<comp>
  <id>Comp:11-4-3</id>
  <CPU>0.98Gf</CPU>
  <RAM>0.108GB</RAM>
  <DISK>1.08GB</DISK>
</comp>
<comp>
  <id>Comp:11-4-4</id>
  <CPU>0.98Gf</CPU>
  <RAM>0.108GB</RAM>
  <DISK>1.08GB</DISK>
</comp>
<comp>
  <id>Comp:11-4-5</id>
  <CPU>0.98Gf</CPU>
  <RAM>0.108GB</RAM>
  <DISK>1.08GB</DISK>
</comp>
<comp>
  <id>Comp:11-4-6</id>
  <CPU>0.98Gf</CPU>
  <RAM>0.108GB</RAM>
  <DISK>1.08GB</DISK>
</comp>
<comp>
  <id>Comp:11-4-7</id>
  <CPU>0.98Gf</CPU>
  <RAM>0.108GB</RAM>
  <DISK>1.08GB</DISK>
</comp>
<comp>
  <id>Comp:11-4-8</id>
  <CPU>0.98Gf</CPU>
  <RAM>0.108GB</RAM>
  <DISK>1.08GB</DISK>
</comp>
<comp>
  <id>Comp:11-4-9</id>
  <CPU>0.98Gf</CPU>
  <RAM>0.108GB</RAM>
  <DISK>1.08GB</DISK>
</comp>
  <bind>Comp:11-1-0 Appliance-17 0.183MBps 31.4ms</bind>
  <bind>Appliance-17 Comp:11-1-0 0.183MBps 31.4ms</bind>
  <bind>Comp:11-1-1 Appliance-2 0.183MBps 31.4ms</bind>
  <bind>Appliance-2 Comp:11-1-1 0.183MBps 31.4ms</bind>
  <bind>Comp:11-1-2 Appliance-11 0.183MBps 31.4ms</bind>
  <bind>Appliance-11 Comp:11-1-2 0.183MBps 31.4ms</bind>
  <bind>Comp:11-1-0 Appliance-27 0.183MBps 31.4ms</bind>
  <bind>Appliance-27 Comp:11-1-0 0.183MBps 31.4ms</bind>
  <bind>Comp:11-1-1 Appliance-25 0.183MBps 31.4ms</bind>
  <bind>Appliance-25 Comp:11-1-1 0.183MBps 31.4ms</bind>
  <bind>Comp:11-1-2 Appliance-18 0.183MBps 31.4ms</bind>
  <bind>Appliance-18 Comp:11-1-2 0.183MBps 31.4ms</bind>
  <bind>Comp:11-1-0 Appliance-0 0.183MBps 31.4ms</bind>
  <bind>Appliance-0 Comp:11-1-0 0.183MBps 31.4ms</bind>
  <bind>Comp:11-1-1 Appliance-0 0.183MBps 31.4ms</bind>
  <bind>Appliance-0 Comp:11-1-1 0.183MBps 31.4ms</bind>
  <bind>Comp:11-2-0 Comp:11-1-0 0.79MBps 47.6ms</bind>
  <bind>Comp:11-1-0 Comp:11-2-0 0.79MBps 47.6ms</bind>
  <bind>Comp:11-2-1 Comp:11-1-1 0.79MBps 47.6ms</bind>
  <bind>Comp:11-1-1 Comp:11-2-1 0.79MBps 47.6ms</bind>
  <bind>Comp:11-2-2 Comp:11-1-2 0.79MBps 47.6ms</bind>
  <bind>Comp:11-1-2 Comp:11-2-2 0.79MBps 47.6ms</bind>
  <bind>Comp:11-2-3 Comp:11-1-0 0.79MBps 47.6ms</bind>
  <bind>Comp:11-1-0 Comp:11-2-3 0.79MBps 47.6ms</bind>
  <bind>Comp:11-2-4 Comp:11-1-1 0.79MBps 47.6ms</bind>
  <bind>Comp:11-1-1 Comp:11-2-4 0.79MBps 47.6ms</bind>
  <bind>Comp:11-2-5 Comp:11-1-2 0.79MBps 47.6ms</bind>
  <bind>Comp:11-1-2 Comp:11-2-5 0.79MBps 47.6ms</bind>
  <bind>Comp:11-2-6 Comp:11-1-0 0.79MBps 47.6ms</bind>
  <bind>Comp:11-1-0 Comp:11-2-6 0.79MBps 47.6ms</bind>
  <bind>Comp:11-2-7 Comp:11-1-1 0.79MBps 47.6ms</bind>
  <bind>Comp:11-1-1 Comp:11-2-7 0.79MBps 47.6ms</bind>
  <bind>Comp:11-2-8 Comp:11-1-2 0.79MBps 47.6ms</bind>
  <bind>Comp:11-1-2 Comp:11-2-8 0.79MBps 47.6ms</bind>
  <bind>Comp:11-2-9 Comp:11-1-0 0.79MBps 47.6ms</bind>
  <bind>Comp:11-1-0 Comp:11-2-9 0.79MBps 47.6ms</bind>
  <bind>Comp:11-3-0 Comp:11-2-0 0.786MBps 29.4ms</bind>
  <bind>Comp:11-2-0 Comp:11-3-0 0.786MBps 29.4ms</bind>
  <bind>Comp:11-3-1 Comp:11-2-1 0.786MBps 29.4ms</bind>
  <bind>Comp:11-2-1 Comp:11-3-1 0.786MBps 29.4ms</bind>
  <bind>Comp:11-3-2 Comp:11-2-2 0.786MBps 29.4ms</bind>
  <bind>Comp:11-2-2 Comp:11-3-2 0.786MBps 29.4ms</bind>
  <bind>Comp:11-3-3 Comp:11-2-3 0.786MBps 29.4ms</bind>
  <bind>Comp:11-2-3 Comp:11-3-3 0.786MBps 29.4ms</bind>
  <bind>Comp:11-3-4 Comp:11-2-4 0.786MBps 29.4ms</bind>
  <bind>Comp:11-2-4 Comp:11-3-4 0.786MBps 29.4ms</bind>
  <bind>Comp:11-3-0 Comp:11-2-5 0.786MBps 29.4ms</bind>
  <bind>Comp:11-2-5 Comp:11-3-0 0.786MBps 29.4ms</bind>
  <bind>Comp:11-3-1 Comp:11-2-6 0.786MBps 29.4ms</bind>
  <bind>Comp:11-2-6 Comp:11-3-1 0.786MBps 29.4ms</bind>
  <bind>Comp:11-3-2 Comp:11-2-7 0.786MBps 29.4ms</bind>
  <bind>Comp:11-2-7 Comp:11-3-2 0.786MBps 29.4ms</bind>
  <bind>Comp:11-3-3 Comp:11-2-8 0.786MBps 29.4ms</bind>
  <bind>Comp:11-2-8 Comp:11-3-3 0.786MBps 29.4ms</bind>
  <bind>Comp:11-3-4 Comp:11-2-9 0.786MBps 29.4ms</bind>
  <bind>Comp:11-2-9 Comp:11-3-4 0.786MBps 29.4ms</bind>
  <bind>Comp:11-3-0 Comp:11-4-0 0.584MBps 48.0ms</bind>
  <bind>Comp:11-4-0 Comp:11-3-0 0.584MBps 48.0ms</bind>
  <bind>Comp:11-3-1 Comp:11-4-1 0.584MBps 48.0ms</bind>
  <bind>Comp:11-4-1 Comp:11-3-1 0.584MBps 48.0ms</bind>
  <bind>Comp:11-3-2 Comp:11-4-2 0.584MBps 48.0ms</bind>
  <bind>Comp:11-4-2 Comp:11-3-2 0.584MBps 48.0ms</bind>
  <bind>Comp:11-3-3 Comp:11-4-3 0.584MBps 48.0ms</bind>
  <bind>Comp:11-4-3 Comp:11-3-3 0.584MBps 48.0ms</bind>
  <bind>Comp:11-3-4 Comp:11-4-4 0.584MBps 48.0ms</bind>
  <bind>Comp:11-4-4 Comp:11-3-4 0.584MBps 48.0ms</bind>
  <bind>Comp:11-3-0 Comp:11-4-5 0.584MBps 48.0ms</bind>
  <bind>Comp:11-4-5 Comp:11-3-0 0.584MBps 48.0ms</bind>
  <bind>Comp:11-3-1 Comp:11-4-6 0.584MBps 48.0ms</bind>
  <bind>Comp:11-4-6 Comp:11-3-1 0.584MBps 48.0ms</bind>
  <bind>Comp:11-3-2 Comp:11-4-7 0.584MBps 48.0ms</bind>
  <bind>Comp:11-4-7 Comp:11-3-2 0.584MBps 48.0ms</bind>
  <bind>Comp:11-3-3 Comp:11-4-8 0.584MBps 48.0ms</bind>
  <bind>Comp:11-4-8 Comp:11-3-3 0.584MBps 48.0ms</bind>
  <bind>Comp:11-3-4 Comp:11-4-9 0.584MBps 48.0ms</bind>
  <bind>Comp:11-4-9 Comp:11-3-4 0.584MBps 48.0ms</bind>
</app>
<app>
  <id>App12</id>
<comp>
  <id>Comp:12-1-0</id>
  <CPU>0.169Gf</CPU>
  <RAM>0.847GB</RAM>
  <DISK>1.62GB</DISK>
</comp>
  <bind>Comp:12-1-0 Appliance-28 0.921MBps 34.6ms</bind>
  <bind>Appliance-28 Comp:12-1-0 0.921MBps 34.6ms</bind>
  <bind>Comp:12-1-0 Appliance-34 0.921MBps 34.6ms</bind>
  <bind>Appliance-34 Comp:12-1-0 0.921MBps 34.6ms</bind>
  <bind>Comp:12-1-0 Appliance-6 0.377MBps 30.2ms</bind>
  <bind>Appliance-6 Comp:12-1-0 0.377MBps 30.2ms</bind>
</app>
<app>
  <id>App13</id>
<comp>
  <id>Comp:13-0-0</id>
  <CPU>0.652Gf</CPU>
  <RAM>0.652GB</RAM>
  <DISK>0.852GB</DISK>
</comp>
<comp>
  <id>Comp:13-0-1</id>
  <CPU>0.652Gf</CPU>
  <RAM>0.652GB</RAM>
  <DISK>0.852GB</DISK>
</comp>
<comp>
  <id>Comp:13-0-2</id>
  <CPU>0.652Gf</CPU>
  <RAM>0.652GB</RAM>
  <DISK>0.852GB</DISK>
</comp>
<comp>
  <id>Comp:13-0-3</id>
  <CPU>0.652Gf</CPU>
  <RAM>0.652GB</RAM>
  <DISK>0.852GB</DISK>
</comp>
<comp>
  <id>Comp:13-0-4</id>
  <CPU>0.652Gf</CPU>
  <RAM>0.652GB</RAM>
  <DISK>0.852GB</DISK>
</comp>
<comp>
  <id>Comp:13-1-0</id>
  <CPU>0.82Gf</CPU>
  <RAM>0.867GB</RAM>
  <DISK>1.1GB</DISK>
</comp>
<comp>
  <id>Comp:13-2-0</id>
  <CPU>0.804Gf</CPU>
  <RAM>0.552GB</RAM>
  <DISK>1.88GB</DISK>
</comp>
  <bind>Comp:13-1-0 Comp:13-0-0 0.0467MBps 39.5ms</bind>
  <bind>Comp:13-0-0 Comp:13-1-0 0.0467MBps 39.5ms</bind>
  <bind>Comp:13-1-0 Comp:13-0-1 0.0467MBps 39.5ms</bind>
  <bind>Comp:13-0-1 Comp:13-1-0 0.0467MBps 39.5ms</bind>
  <bind>Comp:13-1-0 Comp:13-0-2 0.0467MBps 39.5ms</bind>
  <bind>Comp:13-0-2 Comp:13-1-0 0.0467MBps 39.5ms</bind>
  <bind>Comp:13-1-0 Comp:13-0-3 0.0467MBps 39.5ms</bind>
  <bind>Comp:13-0-3 Comp:13-1-0 0.0467MBps 39.5ms</bind>
  <bind>Comp:13-1-0 Comp:13-0-4 0.0467MBps 39.5ms</bind>
  <bind>Comp:13-0-4 Comp:13-1-0 0.0467MBps 39.5ms</bind>
  <bind>Comp:13-2-0 Comp:13-1-0 0.556MBps 41.6ms</bind>
  <bind>Comp:13-1-0 Comp:13-2-0 0.556MBps 41.6ms</bind>
  <bind>Comp:13-2-0 Appliance-23 0.0617MBps 30.8ms</bind>
  <bind>Appliance-23 Comp:13-2-0 0.0617MBps 30.8ms</bind>
  <bind>Comp:13-2-0 Appliance-31 0.0617MBps 30.8ms</bind>
  <bind>Appliance-31 Comp:13-2-0 0.0617MBps 30.8ms</bind>
  <bind>Comp:13-2-0 Appliance-11 0.0617MBps 30.8ms</bind>
  <bind>Appliance-11 Comp:13-2-0 0.0617MBps 30.8ms</bind>
  <bind>Comp:13-2-0 Appliance-16 0.0617MBps 30.8ms</bind>
  <bind>Appliance-16 Comp:13-2-0 0.0617MBps 30.8ms</bind>
  <bind>Comp:13-2-0 Appliance-19 0.0617MBps 30.8ms</bind>
  <bind>Appliance-19 Comp:13-2-0 0.0617MBps 30.8ms</bind>
  <bind>Comp:13-2-0 Appliance-8 0.0617MBps 30.8ms</bind>
  <bind>Appliance-8 Comp:13-2-0 0.0617MBps 30.8ms</bind>
  <bind>Comp:13-2-0 Appliance-16 0.0617MBps 30.8ms</bind>
  <bind>Appliance-16 Comp:13-2-0 0.0617MBps 30.8ms</bind>
  <bind>Comp:13-2-0 Appliance-0 0.0617MBps 30.8ms</bind>
  <bind>Appliance-0 Comp:13-2-0 0.0617MBps 30.8ms</bind>
</app>
<app>
  <id>App14</id>
<comp>
  <id>Comp:14-0-0</id>
  <CPU>0.65Gf</CPU>
  <RAM>0.697GB</RAM>
  <DISK>0.844GB</DISK>
</comp>
<comp>
  <id>Comp:14-0-1</id>
  <CPU>0.65Gf</CPU>
  <RAM>0.697GB</RAM>
  <DISK>0.844GB</DISK>
</comp>
<comp>
  <id>Comp:14-0-2</id>
  <CPU>0.65Gf</CPU>
  <RAM>0.697GB</RAM>
  <DISK>0.844GB</DISK>
</comp>
<comp>
  <id>Comp:14-0-3</id>
  <CPU>0.65Gf</CPU>
  <RAM>0.697GB</RAM>
  <DISK>0.844GB</DISK>
</comp>
<comp>
  <id>Comp:14-1-0</id>
  <CPU>0.967Gf</CPU>
  <RAM>0.137GB</RAM>
  <DISK>0.951GB</DISK>
</comp>
<comp>
  <id>Comp:14-1-1</id>
  <CPU>0.967Gf</CPU>
  <RAM>0.137GB</RAM>
  <DISK>0.951GB</DISK>
</comp>
<comp>
  <id>Comp:14-2-0</id>
  <CPU>0.49Gf</CPU>
  <RAM>0.887GB</RAM>
  <DISK>0.943GB</DISK>
</comp>
<comp>
  <id>Comp:14-2-1</id>
  <CPU>0.49Gf</CPU>
  <RAM>0.887GB</RAM>
  <DISK>0.943GB</DISK>
</comp>
<comp>
  <id>Comp:14-2-2</id>
  <CPU>0.49Gf</CPU>
  <RAM>0.887GB</RAM>
  <DISK>0.943GB</DISK>
</comp>
<comp>
  <id>Comp:14-2-3</id>
  <CPU>0.49Gf</CPU>
  <RAM>0.887GB</RAM>
  <DISK>0.943GB</DISK>
</comp>
<comp>
  <id>Comp:14-2-4</id>
  <CPU>0.49Gf</CPU>
  <RAM>0.887GB</RAM>
  <DISK>0.943GB</DISK>
</comp>
<comp>
  <id>Comp:14-3-0</id>
  <CPU>0.299Gf</CPU>
  <RAM>0.156GB</RAM>
  <DISK>0.478GB</DISK>
</comp>
<comp>
  <id>Comp:14-3-1</id>
  <CPU>0.299Gf</CPU>
  <RAM>0.156GB</RAM>
  <DISK>0.478GB</DISK>
</comp>
<comp>
  <id>Comp:14-4-0</id>
  <CPU>0.593Gf</CPU>
  <RAM>0.341GB</RAM>
  <DISK>0.803GB</DISK>
</comp>
<comp>
  <id>Comp:14-4-1</id>
  <CPU>0.593Gf</CPU>
  <RAM>0.341GB</RAM>
  <DISK>0.803GB</DISK>
</comp>
<comp>
  <id>Comp:14-4-2</id>
  <CPU>0.593Gf</CPU>
  <RAM>0.341GB</RAM>
  <DISK>0.803GB</DISK>
</comp>
<comp>
  <id>Comp:14-4-3</id>
  <CPU>0.593Gf</CPU>
  <RAM>0.341GB</RAM>
  <DISK>0.803GB</DISK>
</comp>
  <bind>Comp:14-1-0 Comp:14-0-0 0.898MBps 40.2ms</bind>
  <bind>Comp:14-0-0 Comp:14-1-0 0.898MBps 40.2ms</bind>
  <bind>Comp:14-1-1 Comp:14-0-1 0.898MBps 40.2ms</bind>
  <bind>Comp:14-0-1 Comp:14-1-1 0.898MBps 40.2ms</bind>
  <bind>Comp:14-1-0 Comp:14-0-2 0.898MBps 40.2ms</bind>
  <bind>Comp:14-0-2 Comp:14-1-0 0.898MBps 40.2ms</bind>
  <bind>Comp:14-1-1 Comp:14-0-3 0.898MBps 40.2ms</bind>
  <bind>Comp:14-0-3 Comp:14-1-1 0.898MBps 40.2ms</bind>
  <bind>Comp:14-2-0 Comp:14-1-0 0.0618MBps 50.0ms</bind>
  <bind>Comp:14-1-0 Comp:14-2-0 0.0618MBps 50.0ms</bind>
  <bind>Comp:14-2-1 Comp:14-1-1 0.0618MBps 50.0ms</bind>
  <bind>Comp:14-1-1 Comp:14-2-1 0.0618MBps 50.0ms</bind>
  <bind>Comp:14-2-2 Comp:14-1-0 0.0618MBps 50.0ms</bind>
  <bind>Comp:14-1-0 Comp:14-2-2 0.0618MBps 50.0ms</bind>
  <bind>Comp:14-2-3 Comp:14-1-1 0.0618MBps 50.0ms</bind>
  <bind>Comp:14-1-1 Comp:14-2-3 0.0618MBps 50.0ms</bind>
  <bind>Comp:14-2-4 Comp:14-1-0 0.0618MBps 50.0ms</bind>
  <bind>Comp:14-1-0 Comp:14-2-4 0.0618MBps 50.0ms</bind>
  <bind>Comp:14-3-0 Comp:14-2-0 0.708MBps 33.4ms</bind>
  <bind>Comp:14-2-0 Comp:14-3-0 0.708MBps 33.4ms</bind>
  <bind>Comp:14-3-1 Comp:14-2-1 0.708MBps 33.4ms</bind>
  <bind>Comp:14-2-1 Comp:14-3-1 0.708MBps 33.4ms</bind>
  <bind>Comp:14-3-0 Comp:14-2-2 0.708MBps 33.4ms</bind>
  <bind>Comp:14-2-2 Comp:14-3-0 0.708MBps 33.4ms</bind>
  <bind>Comp:14-3-1 Comp:14-2-3 0.708MBps 33.4ms</bind>
  <bind>Comp:14-2-3 Comp:14-3-1 0.708MBps 33.4ms</bind>
  <bind>Comp:14-3-0 Comp:14-2-4 0.708MBps 33.4ms</bind>
  <bind>Comp:14-2-4 Comp:14-3-0 0.708MBps 33.4ms</bind>
  <bind>Comp:14-4-0 Comp:14-3-0 0.591MBps 28.1ms</bind>
  <bind>Comp:14-3-0 Comp:14-4-0 0.591MBps 28.1ms</bind>
  <bind>Comp:14-4-1 Comp:14-3-1 0.591MBps 28.1ms</bind>
  <bind>Comp:14-3-1 Comp:14-4-1 0.591MBps 28.1ms</bind>
  <bind>Comp:14-4-2 Comp:14-3-0 0.591MBps 28.1ms</bind>
  <bind>Comp:14-3-0 Comp:14-4-2 0.591MBps 28.1ms</bind>
  <bind>Comp:14-4-3 Comp:14-3-1 0.591MBps 28.1ms</bind>
  <bind>Comp:14-3-1 Comp:14-4-3 0.591MBps 28.1ms</bind>
  <bind>Comp:14-4-0 Appliance-9 0.0795MBps 34.3ms</bind>
  <bind>Appliance-9 Comp:14-4-0 0.0795MBps 34.3ms</bind>
  <bind>Comp:14-4-1 Appliance-20 0.0795MBps 34.3ms</bind>
  <bind>Appliance-20 Comp:14-4-1 0.0795MBps 34.3ms</bind>
  <bind>Comp:14-4-2 Appliance-34 0.0795MBps 34.3ms</bind>
  <bind>Appliance-34 Comp:14-4-2 0.0795MBps 34.3ms</bind>
  <bind>Comp:14-4-3 Appliance-9 0.0795MBps 34.3ms</bind>
  <bind>Appliance-9 Comp:14-4-3 0.0795MBps 34.3ms</bind>
</app>
<app>
  <id>App15</id>
<comp>
  <id>Comp:15-1-0</id>
  <CPU>0.563Gf</CPU>
  <RAM>0.342GB</RAM>
  <DISK>1.85GB</DISK>
</comp>
<comp>
  <id>Comp:15-1-1</id>
  <CPU>0.563Gf</CPU>
  <RAM>0.342GB</RAM>
  <DISK>1.85GB</DISK>
</comp>
<comp>
  <id>Comp:15-1-2</id>
  <CPU>0.563Gf</CPU>
  <RAM>0.342GB</RAM>
  <DISK>1.85GB</DISK>
</comp>
<comp>
  <id>Comp:15-1-3</id>
  <CPU>0.563Gf</CPU>
  <RAM>0.342GB</RAM>
  <DISK>1.85GB</DISK>
</comp>
<comp>
  <id>Comp:15-1-4</id>
  <CPU>0.563Gf</CPU>
  <RAM>0.342GB</RAM>
  <DISK>1.85GB</DISK>
</comp>
<comp>
  <id>Comp:15-1-5</id>
  <CPU>0.563Gf</CPU>
  <RAM>0.342GB</RAM>
  <DISK>1.85GB</DISK>
</comp>
<comp>
  <id>Comp:15-2-0</id>
  <CPU>0.32Gf</CPU>
  <RAM>0.316GB</RAM>
  <DISK>1.04GB</DISK>
</comp>
<comp>
  <id>Comp:15-2-1</id>
  <CPU>0.32Gf</CPU>
  <RAM>0.316GB</RAM>
  <DISK>1.04GB</DISK>
</comp>
<comp>
  <id>Comp:15-3-0</id>
  <CPU>0.267Gf</CPU>
  <RAM>0.805GB</RAM>
  <DISK>0.903GB</DISK>
</comp>
<comp>
  <id>Comp:15-3-1</id>
  <CPU>0.267Gf</CPU>
  <RAM>0.805GB</RAM>
  <DISK>0.903GB</DISK>
</comp>
<comp>
  <id>Comp:15-3-2</id>
  <CPU>0.267Gf</CPU>
  <RAM>0.805GB</RAM>
  <DISK>0.903GB</DISK>
</comp>
<comp>
  <id>Comp:15-3-3</id>
  <CPU>0.267Gf</CPU>
  <RAM>0.805GB</RAM>
  <DISK>0.903GB</DISK>
</comp>
<comp>
  <id>Comp:15-3-4</id>
  <CPU>0.267Gf</CPU>
  <RAM>0.805GB</RAM>
  <DISK>0.903GB</DISK>
</comp>
<comp>
  <id>Comp:15-3-5</id>
  <CPU>0.267Gf</CPU>
  <RAM>0.805GB</RAM>
  <DISK>0.903GB</DISK>
</comp>
<comp>
  <id>Comp:15-3-6</id>
  <CPU>0.267Gf</CPU>
  <RAM>0.805GB</RAM>
  <DISK>0.903GB</DISK>
</comp>
<comp>
  <id>Comp:15-3-7</id>
  <CPU>0.267Gf</CPU>
  <RAM>0.805GB</RAM>
  <DISK>0.903GB</DISK>
</comp>
<comp>
  <id>Comp:15-3-8</id>
  <CPU>0.267Gf</CPU>
  <RAM>0.805GB</RAM>
  <DISK>0.903GB</DISK>
</comp>
  <bind>Comp:15-1-0 Appliance-11 0.99MBps 31.0ms</bind>
  <bind>Appliance-11 Comp:15-1-0 0.99MBps 31.0ms</bind>
  <bind>Comp:15-1-1 Appliance-2 0.99MBps 31.0ms</bind>
  <bind>Appliance-2 Comp:15-1-1 0.99MBps 31.0ms</bind>
  <bind>Comp:15-1-2 Appliance-16 0.99MBps 31.0ms</bind>
  <bind>Appliance-16 Comp:15-1-2 0.99MBps 31.0ms</bind>
  <bind>Comp:15-1-3 Appliance-31 0.99MBps 31.0ms</bind>
  <bind>Appliance-31 Comp:15-1-3 0.99MBps 31.0ms</bind>
  <bind>Comp:15-1-4 Appliance-11 0.99MBps 31.0ms</bind>
  <bind>Appliance-11 Comp:15-1-4 0.99MBps 31.0ms</bind>
  <bind>Comp:15-1-5 Appliance-10 0.99MBps 31.0ms</bind>
  <bind>Appliance-10 Comp:15-1-5 0.99MBps 31.0ms</bind>
  <bind>Comp:15-2-0 Comp:15-1-0 0.0261MBps 47.1ms</bind>
  <bind>Comp:15-1-0 Comp:15-2-0 0.0261MBps 47.1ms</bind>
  <bind>Comp:15-2-1 Comp:15-1-1 0.0261MBps 47.1ms</bind>
  <bind>Comp:15-1-1 Comp:15-2-1 0.0261MBps 47.1ms</bind>
  <bind>Comp:15-2-0 Comp:15-1-2 0.0261MBps 47.1ms</bind>
  <bind>Comp:15-1-2 Comp:15-2-0 0.0261MBps 47.1ms</bind>
  <bind>Comp:15-2-1 Comp:15-1-3 0.0261MBps 47.1ms</bind>
  <bind>Comp:15-1-3 Comp:15-2-1 0.0261MBps 47.1ms</bind>
  <bind>Comp:15-2-0 Comp:15-1-4 0.0261MBps 47.1ms</bind>
  <bind>Comp:15-1-4 Comp:15-2-0 0.0261MBps 47.1ms</bind>
  <bind>Comp:15-2-1 Comp:15-1-5 0.0261MBps 47.1ms</bind>
  <bind>Comp:15-1-5 Comp:15-2-1 0.0261MBps 47.1ms</bind>
  <bind>Comp:15-2-0 Comp:15-3-0 0.299MBps 43.5ms</bind>
  <bind>Comp:15-3-0 Comp:15-2-0 0.299MBps 43.5ms</bind>
  <bind>Comp:15-2-1 Comp:15-3-1 0.299MBps 43.5ms</bind>
  <bind>Comp:15-3-1 Comp:15-2-1 0.299MBps 43.5ms</bind>
  <bind>Comp:15-2-0 Comp:15-3-2 0.299MBps 43.5ms</bind>
  <bind>Comp:15-3-2 Comp:15-2-0 0.299MBps 43.5ms</bind>
  <bind>Comp:15-2-1 Comp:15-3-3 0.299MBps 43.5ms</bind>
  <bind>Comp:15-3-3 Comp:15-2-1 0.299MBps 43.5ms</bind>
  <bind>Comp:15-2-0 Comp:15-3-4 0.299MBps 43.5ms</bind>
  <bind>Comp:15-3-4 Comp:15-2-0 0.299MBps 43.5ms</bind>
  <bind>Comp:15-2-1 Comp:15-3-5 0.299MBps 43.5ms</bind>
  <bind>Comp:15-3-5 Comp:15-2-1 0.299MBps 43.5ms</bind>
  <bind>Comp:15-2-0 Comp:15-3-6 0.299MBps 43.5ms</bind>
  <bind>Comp:15-3-6 Comp:15-2-0 0.299MBps 43.5ms</bind>
  <bind>Comp:15-2-1 Comp:15-3-7 0.299MBps 43.5ms</bind>
  <bind>Comp:15-3-7 Comp:15-2-1 0.299MBps 43.5ms</bind>
  <bind>Comp:15-2-0 Comp:15-3-8 0.299MBps 43.5ms</bind>
  <bind>Comp:15-3-8 Comp:15-2-0 0.299MBps 43.5ms</bind>
</app>
<app>
  <id>App16</id>
<comp>
  <id>Comp:16-1-0</id>
  <CPU>0.373Gf</CPU>
  <RAM>0.41GB</RAM>
  <DISK>1.03GB</DISK>
</comp>
<comp>
  <id>Comp:16-1-1</id>
  <CPU>0.373Gf</CPU>
  <RAM>0.41GB</RAM>
  <DISK>1.03GB</DISK>
</comp>
<comp>
  <id>Comp:16-1-2</id>
  <CPU>0.373Gf</CPU>
  <RAM>0.41GB</RAM>
  <DISK>1.03GB</DISK>
</comp>
<comp>
  <id>Comp:16-1-3</id>
  <CPU>0.373Gf</CPU>
  <RAM>0.41GB</RAM>
  <DISK>1.03GB</DISK>
</comp>
<comp>
  <id>Comp:16-1-4</id>
  <CPU>0.373Gf</CPU>
  <RAM>0.41GB</RAM>
  <DISK>1.03GB</DISK>
</comp>
<comp>
  <id>Comp:16-2-0</id>
  <CPU>0.34Gf</CPU>
  <RAM>0.428GB</RAM>
  <DISK>1.0GB</DISK>
</comp>
<comp>
  <id>Comp:16-2-1</id>
  <CPU>0.34Gf</CPU>
  <RAM>0.428GB</RAM>
  <DISK>1.0GB</DISK>
</comp>
  <bind>Comp:16-1-0 Appliance-18 0.121MBps 40.3ms</bind>
  <bind>Appliance-18 Comp:16-1-0 0.121MBps 40.3ms</bind>
  <bind>Comp:16-1-1 Appliance-37 0.121MBps 40.3ms</bind>
  <bind>Appliance-37 Comp:16-1-1 0.121MBps 40.3ms</bind>
  <bind>Comp:16-1-2 Appliance-18 0.121MBps 40.3ms</bind>
  <bind>Appliance-18 Comp:16-1-2 0.121MBps 40.3ms</bind>
  <bind>Comp:16-1-3 Appliance-27 0.121MBps 40.3ms</bind>
  <bind>Appliance-27 Comp:16-1-3 0.121MBps 40.3ms</bind>
  <bind>Comp:16-1-4 Appliance-10 0.121MBps 40.3ms</bind>
  <bind>Appliance-10 Comp:16-1-4 0.121MBps 40.3ms</bind>
  <bind>Comp:16-1-0 Appliance-2 0.121MBps 40.3ms</bind>
  <bind>Appliance-2 Comp:16-1-0 0.121MBps 40.3ms</bind>
  <bind>Comp:16-1-1 Appliance-18 0.121MBps 40.3ms</bind>
  <bind>Appliance-18 Comp:16-1-1 0.121MBps 40.3ms</bind>
  <bind>Comp:16-1-0 Comp:16-2-0 0.61MBps 43.6ms</bind>
  <bind>Comp:16-2-0 Comp:16-1-0 0.61MBps 43.6ms</bind>
  <bind>Comp:16-1-1 Comp:16-2-1 0.61MBps 43.6ms</bind>
  <bind>Comp:16-2-1 Comp:16-1-1 0.61MBps 43.6ms</bind>
  <bind>Comp:16-1-2 Comp:16-2-0 0.61MBps 43.6ms</bind>
  <bind>Comp:16-2-0 Comp:16-1-2 0.61MBps 43.6ms</bind>
  <bind>Comp:16-1-3 Comp:16-2-1 0.61MBps 43.6ms</bind>
  <bind>Comp:16-2-1 Comp:16-1-3 0.61MBps 43.6ms</bind>
  <bind>Comp:16-1-4 Comp:16-2-0 0.61MBps 43.6ms</bind>
  <bind>Comp:16-2-0 Comp:16-1-4 0.61MBps 43.6ms</bind>
</app>
<app>
  <id>App17</id>
<comp>
  <id>Comp:17-0-0</id>
  <CPU>0.93Gf</CPU>
  <RAM>0.421GB</RAM>
  <DISK>1.93GB</DISK>
</comp>
<comp>
  <id>Comp:17-0-1</id>
  <CPU>0.93Gf</CPU>
  <RAM>0.421GB</RAM>
  <DISK>1.93GB</DISK>
</comp>
<comp>
  <id>Comp:17-0-2</id>
  <CPU>0.93Gf</CPU>
  <RAM>0.421GB</RAM>
  <DISK>1.93GB</DISK>
</comp>
<comp>
  <id>Comp:17-0-3</id>
  <CPU>0.93Gf</CPU>
  <RAM>0.421GB</RAM>
  <DISK>1.93GB</DISK>
</comp>
<comp>
  <id>Comp:17-0-4</id>
  <CPU>0.93Gf</CPU>
  <RAM>0.421GB</RAM>
  <DISK>1.93GB</DISK>
</comp>
<comp>
  <id>Comp:17-0-5</id>
  <CPU>0.93Gf</CPU>
  <RAM>0.421GB</RAM>
  <DISK>1.93GB</DISK>
</comp>
<comp>
  <id>Comp:17-0-6</id>
  <CPU>0.93Gf</CPU>
  <RAM>0.421GB</RAM>
  <DISK>1.93GB</DISK>
</comp>
<comp>
  <id>Comp:17-1-0</id>
  <CPU>0.8Gf</CPU>
  <RAM>0.64GB</RAM>
  <DISK>0.879GB</DISK>
</comp>
<comp>
  <id>Comp:17-2-0</id>
  <CPU>0.594Gf</CPU>
  <RAM>0.185GB</RAM>
  <DISK>0.123GB</DISK>
</comp>
<comp>
  <id>Comp:17-3-0</id>
  <CPU>0.366Gf</CPU>
  <RAM>0.977GB</RAM>
  <DISK>1.91GB</DISK>
</comp>
<comp>
  <id>Comp:17-3-1</id>
  <CPU>0.366Gf</CPU>
  <RAM>0.977GB</RAM>
  <DISK>1.91GB</DISK>
</comp>
<comp>
  <id>Comp:17-3-2</id>
  <CPU>0.366Gf</CPU>
  <RAM>0.977GB</RAM>
  <DISK>1.91GB</DISK>
</comp>
<comp>
  <id>Comp:17-4-0</id>
  <CPU>0.512Gf</CPU>
  <RAM>0.893GB</RAM>
  <DISK>1.37GB</DISK>
</comp>
<comp>
  <id>Comp:17-4-1</id>
  <CPU>0.512Gf</CPU>
  <RAM>0.893GB</RAM>
  <DISK>1.37GB</DISK>
</comp>
<comp>
  <id>Comp:17-4-2</id>
  <CPU>0.512Gf</CPU>
  <RAM>0.893GB</RAM>
  <DISK>1.37GB</DISK>
</comp>
<comp>
  <id>Comp:17-4-3</id>
  <CPU>0.512Gf</CPU>
  <RAM>0.893GB</RAM>
  <DISK>1.37GB</DISK>
</comp>
<comp>
  <id>Comp:17-4-4</id>
  <CPU>0.512Gf</CPU>
  <RAM>0.893GB</RAM>
  <DISK>1.37GB</DISK>
</comp>
<comp>
  <id>Comp:17-4-5</id>
  <CPU>0.512Gf</CPU>
  <RAM>0.893GB</RAM>
  <DISK>1.37GB</DISK>
</comp>
<comp>
  <id>Comp:17-5-0</id>
  <CPU>0.53Gf</CPU>
  <RAM>0.957GB</RAM>
  <DISK>1.92GB</DISK>
</comp>
<comp>
  <id>Comp:17-5-1</id>
  <CPU>0.53Gf</CPU>
  <RAM>0.957GB</RAM>
  <DISK>1.92GB</DISK>
</comp>
<comp>
  <id>Comp:17-5-2</id>
  <CPU>0.53Gf</CPU>
  <RAM>0.957GB</RAM>
  <DISK>1.92GB</DISK>
</comp>
<comp>
  <id>Comp:17-5-3</id>
  <CPU>0.53Gf</CPU>
  <RAM>0.957GB</RAM>
  <DISK>1.92GB</DISK>
</comp>
<comp>
  <id>Comp:17-5-4</id>
  <CPU>0.53Gf</CPU>
  <RAM>0.957GB</RAM>
  <DISK>1.92GB</DISK>
</comp>
  <bind>Comp:17-1-0 Comp:17-0-0 0.794MBps 32.5ms</bind>
  <bind>Comp:17-0-0 Comp:17-1-0 0.794MBps 32.5ms</bind>
  <bind>Comp:17-1-0 Comp:17-0-1 0.794MBps 32.5ms</bind>
  <bind>Comp:17-0-1 Comp:17-1-0 0.794MBps 32.5ms</bind>
  <bind>Comp:17-1-0 Comp:17-0-2 0.794MBps 32.5ms</bind>
  <bind>Comp:17-0-2 Comp:17-1-0 0.794MBps 32.5ms</bind>
  <bind>Comp:17-1-0 Comp:17-0-3 0.794MBps 32.5ms</bind>
  <bind>Comp:17-0-3 Comp:17-1-0 0.794MBps 32.5ms</bind>
  <bind>Comp:17-1-0 Comp:17-0-4 0.794MBps 32.5ms</bind>
  <bind>Comp:17-0-4 Comp:17-1-0 0.794MBps 32.5ms</bind>
  <bind>Comp:17-1-0 Comp:17-0-5 0.794MBps 32.5ms</bind>
  <bind>Comp:17-0-5 Comp:17-1-0 0.794MBps 32.5ms</bind>
  <bind>Comp:17-1-0 Comp:17-0-6 0.794MBps 32.5ms</bind>
  <bind>Comp:17-0-6 Comp:17-1-0 0.794MBps 32.5ms</bind>
  <bind>Comp:17-2-0 Comp:17-1-0 0.614MBps 44.2ms</bind>
  <bind>Comp:17-1-0 Comp:17-2-0 0.614MBps 44.2ms</bind>
  <bind>Comp:17-3-0 Comp:17-2-0 0.798MBps 41.0ms</bind>
  <bind>Comp:17-2-0 Comp:17-3-0 0.798MBps 41.0ms</bind>
  <bind>Comp:17-3-1 Comp:17-2-0 0.798MBps 41.0ms</bind>
  <bind>Comp:17-2-0 Comp:17-3-1 0.798MBps 41.0ms</bind>
  <bind>Comp:17-3-2 Comp:17-2-0 0.798MBps 41.0ms</bind>
  <bind>Comp:17-2-0 Comp:17-3-2 0.798MBps 41.0ms</bind>
  <bind>Comp:17-4-0 Comp:17-3-0 0.526MBps 32.7ms</bind>
  <bind>Comp:17-3-0 Comp:17-4-0 0.526MBps 32.7ms</bind>
  <bind>Comp:17-4-1 Comp:17-3-1 0.526MBps 32.7ms</bind>
  <bind>Comp:17-3-1 Comp:17-4-1 0.526MBps 32.7ms</bind>
  <bind>Comp:17-4-2 Comp:17-3-2 0.526MBps 32.7ms</bind>
  <bind>Comp:17-3-2 Comp:17-4-2 0.526MBps 32.7ms</bind>
  <bind>Comp:17-4-3 Comp:17-3-0 0.526MBps 32.7ms</bind>
  <bind>Comp:17-3-0 Comp:17-4-3 0.526MBps 32.7ms</bind>
  <bind>Comp:17-4-4 Comp:17-3-1 0.526MBps 32.7ms</bind>
  <bind>Comp:17-3-1 Comp:17-4-4 0.526MBps 32.7ms</bind>
  <bind>Comp:17-4-5 Comp:17-3-2 0.526MBps 32.7ms</bind>
  <bind>Comp:17-3-2 Comp:17-4-5 0.526MBps 32.7ms</bind>
  <bind>Comp:17-5-0 Comp:17-4-0 0.478MBps 34.7ms</bind>
  <bind>Comp:17-4-0 Comp:17-5-0 0.478MBps 34.7ms</bind>
  <bind>Comp:17-5-1 Comp:17-4-1 0.478MBps 34.7ms</bind>
  <bind>Comp:17-4-1 Comp:17-5-1 0.478MBps 34.7ms</bind>
  <bind>Comp:17-5-2 Comp:17-4-2 0.478MBps 34.7ms</bind>
  <bind>Comp:17-4-2 Comp:17-5-2 0.478MBps 34.7ms</bind>
  <bind>Comp:17-5-3 Comp:17-4-3 0.478MBps 34.7ms</bind>
  <bind>Comp:17-4-3 Comp:17-5-3 0.478MBps 34.7ms</bind>
  <bind>Comp:17-5-4 Comp:17-4-4 0.478MBps 34.7ms</bind>
  <bind>Comp:17-4-4 Comp:17-5-4 0.478MBps 34.7ms</bind>
  <bind>Comp:17-5-0 Comp:17-4-5 0.478MBps 34.7ms</bind>
  <bind>Comp:17-4-5 Comp:17-5-0 0.478MBps 34.7ms</bind>
  <bind>Comp:17-5-0 Appliance-13 0.563MBps 27.2ms</bind>
  <bind>Appliance-13 Comp:17-5-0 0.563MBps 27.2ms</bind>
  <bind>Comp:17-5-1 Appliance-12 0.563MBps 27.2ms</bind>
  <bind>Appliance-12 Comp:17-5-1 0.563MBps 27.2ms</bind>
  <bind>Comp:17-5-2 Appliance-3 0.563MBps 27.2ms</bind>
  <bind>Appliance-3 Comp:17-5-2 0.563MBps 27.2ms</bind>
  <bind>Comp:17-5-3 Appliance-13 0.563MBps 27.2ms</bind>
  <bind>Appliance-13 Comp:17-5-3 0.563MBps 27.2ms</bind>
  <bind>Comp:17-5-4 Appliance-12 0.563MBps 27.2ms</bind>
  <bind>Appliance-12 Comp:17-5-4 0.563MBps 27.2ms</bind>
</app>
<app>
  <id>App18</id>
<comp>
  <id>Comp:18-0-0</id>
  <CPU>0.443Gf</CPU>
  <RAM>0.457GB</RAM>
  <DISK>1.75GB</DISK>
</comp>
<comp>
  <id>Comp:18-0-1</id>
  <CPU>0.443Gf</CPU>
  <RAM>0.457GB</RAM>
  <DISK>1.75GB</DISK>
</comp>
<comp>
  <id>Comp:18-0-2</id>
  <CPU>0.443Gf</CPU>
  <RAM>0.457GB</RAM>
  <DISK>1.75GB</DISK>
</comp>
<comp>
  <id>Comp:18-1-0</id>
  <CPU>0.667Gf</CPU>
  <RAM>0.588GB</RAM>
  <DISK>1.34GB</DISK>
</comp>
<comp>
  <id>Comp:18-1-1</id>
  <CPU>0.667Gf</CPU>
  <RAM>0.588GB</RAM>
  <DISK>1.34GB</DISK>
</comp>
<comp>
  <id>Comp:18-1-2</id>
  <CPU>0.667Gf</CPU>
  <RAM>0.588GB</RAM>
  <DISK>1.34GB</DISK>
</comp>
<comp>
  <id>Comp:18-1-3</id>
  <CPU>0.667Gf</CPU>
  <RAM>0.588GB</RAM>
  <DISK>1.34GB</DISK>
</comp>
<comp>
  <id>Comp:18-1-4</id>
  <CPU>0.667Gf</CPU>
  <RAM>0.588GB</RAM>
  <DISK>1.34GB</DISK>
</comp>
<comp>
  <id>Comp:18-1-5</id>
  <CPU>0.667Gf</CPU>
  <RAM>0.588GB</RAM>
  <DISK>1.34GB</DISK>
</comp>
<comp>
  <id>Comp:18-1-6</id>
  <CPU>0.667Gf</CPU>
  <RAM>0.588GB</RAM>
  <DISK>1.34GB</DISK>
</comp>
<comp>
  <id>Comp:18-1-7</id>
  <CPU>0.667Gf</CPU>
  <RAM>0.588GB</RAM>
  <DISK>1.34GB</DISK>
</comp>
<comp>
  <id>Comp:18-1-8</id>
  <CPU>0.667Gf</CPU>
  <RAM>0.588GB</RAM>
  <DISK>1.34GB</DISK>
</comp>
<comp>
  <id>Comp:18-1-9</id>
  <CPU>0.667Gf</CPU>
  <RAM>0.588GB</RAM>
  <DISK>1.34GB</DISK>
</comp>
<comp>
  <id>Comp:18-2-0</id>
  <CPU>0.948Gf</CPU>
  <RAM>0.942GB</RAM>
  <DISK>0.943GB</DISK>
</comp>
<comp>
  <id>Comp:18-2-1</id>
  <CPU>0.948Gf</CPU>
  <RAM>0.942GB</RAM>
  <DISK>0.943GB</DISK>
</comp>
<comp>
  <id>Comp:18-2-2</id>
  <CPU>0.948Gf</CPU>
  <RAM>0.942GB</RAM>
  <DISK>0.943GB</DISK>
</comp>
<comp>
  <id>Comp:18-2-3</id>
  <CPU>0.948Gf</CPU>
  <RAM>0.942GB</RAM>
  <DISK>0.943GB</DISK>
</comp>
<comp>
  <id>Comp:18-3-0</id>
  <CPU>0.456Gf</CPU>
  <RAM>0.733GB</RAM>
  <DISK>1.74GB</DISK>
</comp>
<comp>
  <id>Comp:18-4-0</id>
  <CPU>0.912Gf</CPU>
  <RAM>0.173GB</RAM>
  <DISK>1.57GB</DISK>
</comp>
<comp>
  <id>Comp:18-4-1</id>
  <CPU>0.912Gf</CPU>
  <RAM>0.173GB</RAM>
  <DISK>1.57GB</DISK>
</comp>
<comp>
  <id>Comp:18-4-2</id>
  <CPU>0.912Gf</CPU>
  <RAM>0.173GB</RAM>
  <DISK>1.57GB</DISK>
</comp>
<comp>
  <id>Comp:18-4-3</id>
  <CPU>0.912Gf</CPU>
  <RAM>0.173GB</RAM>
  <DISK>1.57GB</DISK>
</comp>
<comp>
  <id>Comp:18-4-4</id>
  <CPU>0.912Gf</CPU>
  <RAM>0.173GB</RAM>
  <DISK>1.57GB</DISK>
</comp>
<comp>
  <id>Comp:18-4-5</id>
  <CPU>0.912Gf</CPU>
  <RAM>0.173GB</RAM>
  <DISK>1.57GB</DISK>
</comp>
<comp>
  <id>Comp:18-4-6</id>
  <CPU>0.912Gf</CPU>
  <RAM>0.173GB</RAM>
  <DISK>1.57GB</DISK>
</comp>
<comp>
  <id>Comp:18-4-7</id>
  <CPU>0.912Gf</CPU>
  <RAM>0.173GB</RAM>
  <DISK>1.57GB</DISK>
</comp>
<comp>
  <id>Comp:18-4-8</id>
  <CPU>0.912Gf</CPU>
  <RAM>0.173GB</RAM>
  <DISK>1.57GB</DISK>
</comp>
<comp>
  <id>Comp:18-4-9</id>
  <CPU>0.912Gf</CPU>
  <RAM>0.173GB</RAM>
  <DISK>1.57GB</DISK>
</comp>
  <bind>Comp:18-1-0 Comp:18-0-0 0.985MBps 43.2ms</bind>
  <bind>Comp:18-0-0 Comp:18-1-0 0.985MBps 43.2ms</bind>
  <bind>Comp:18-1-1 Comp:18-0-1 0.985MBps 43.2ms</bind>
  <bind>Comp:18-0-1 Comp:18-1-1 0.985MBps 43.2ms</bind>
  <bind>Comp:18-1-2 Comp:18-0-2 0.985MBps 43.2ms</bind>
  <bind>Comp:18-0-2 Comp:18-1-2 0.985MBps 43.2ms</bind>
  <bind>Comp:18-1-3 Comp:18-0-0 0.985MBps 43.2ms</bind>
  <bind>Comp:18-0-0 Comp:18-1-3 0.985MBps 43.2ms</bind>
  <bind>Comp:18-1-4 Comp:18-0-1 0.985MBps 43.2ms</bind>
  <bind>Comp:18-0-1 Comp:18-1-4 0.985MBps 43.2ms</bind>
  <bind>Comp:18-1-5 Comp:18-0-2 0.985MBps 43.2ms</bind>
  <bind>Comp:18-0-2 Comp:18-1-5 0.985MBps 43.2ms</bind>
  <bind>Comp:18-1-6 Comp:18-0-0 0.985MBps 43.2ms</bind>
  <bind>Comp:18-0-0 Comp:18-1-6 0.985MBps 43.2ms</bind>
  <bind>Comp:18-1-7 Comp:18-0-1 0.985MBps 43.2ms</bind>
  <bind>Comp:18-0-1 Comp:18-1-7 0.985MBps 43.2ms</bind>
  <bind>Comp:18-1-8 Comp:18-0-2 0.985MBps 43.2ms</bind>
  <bind>Comp:18-0-2 Comp:18-1-8 0.985MBps 43.2ms</bind>
  <bind>Comp:18-1-9 Comp:18-0-0 0.985MBps 43.2ms</bind>
  <bind>Comp:18-0-0 Comp:18-1-9 0.985MBps 43.2ms</bind>
  <bind>Comp:18-2-0 Comp:18-1-0 0.29MBps 26.7ms</bind>
  <bind>Comp:18-1-0 Comp:18-2-0 0.29MBps 26.7ms</bind>
  <bind>Comp:18-2-1 Comp:18-1-1 0.29MBps 26.7ms</bind>
  <bind>Comp:18-1-1 Comp:18-2-1 0.29MBps 26.7ms</bind>
  <bind>Comp:18-2-2 Comp:18-1-2 0.29MBps 26.7ms</bind>
  <bind>Comp:18-1-2 Comp:18-2-2 0.29MBps 26.7ms</bind>
  <bind>Comp:18-2-3 Comp:18-1-3 0.29MBps 26.7ms</bind>
  <bind>Comp:18-1-3 Comp:18-2-3 0.29MBps 26.7ms</bind>
  <bind>Comp:18-2-0 Comp:18-1-4 0.29MBps 26.7ms</bind>
  <bind>Comp:18-1-4 Comp:18-2-0 0.29MBps 26.7ms</bind>
  <bind>Comp:18-2-1 Comp:18-1-5 0.29MBps 26.7ms</bind>
  <bind>Comp:18-1-5 Comp:18-2-1 0.29MBps 26.7ms</bind>
  <bind>Comp:18-2-2 Comp:18-1-6 0.29MBps 26.7ms</bind>
  <bind>Comp:18-1-6 Comp:18-2-2 0.29MBps 26.7ms</bind>
  <bind>Comp:18-2-3 Comp:18-1-7 0.29MBps 26.7ms</bind>
  <bind>Comp:18-1-7 Comp:18-2-3 0.29MBps 26.7ms</bind>
  <bind>Comp:18-2-0 Comp:18-1-8 0.29MBps 26.7ms</bind>
  <bind>Comp:18-1-8 Comp:18-2-0 0.29MBps 26.7ms</bind>
  <bind>Comp:18-2-1 Comp:18-1-9 0.29MBps 26.7ms</bind>
  <bind>Comp:18-1-9 Comp:18-2-1 0.29MBps 26.7ms</bind>
  <bind>Comp:18-3-0 Comp:18-2-0 0.264MBps 44.5ms</bind>
  <bind>Comp:18-2-0 Comp:18-3-0 0.264MBps 44.5ms</bind>
  <bind>Comp:18-3-0 Comp:18-2-1 0.264MBps 44.5ms</bind>
  <bind>Comp:18-2-1 Comp:18-3-0 0.264MBps 44.5ms</bind>
  <bind>Comp:18-3-0 Comp:18-2-2 0.264MBps 44.5ms</bind>
  <bind>Comp:18-2-2 Comp:18-3-0 0.264MBps 44.5ms</bind>
  <bind>Comp:18-3-0 Comp:18-2-3 0.264MBps 44.5ms</bind>
  <bind>Comp:18-2-3 Comp:18-3-0 0.264MBps 44.5ms</bind>
  <bind>Comp:18-4-0 Comp:18-3-0 0.655MBps 27.1ms</bind>
  <bind>Comp:18-3-0 Comp:18-4-0 0.655MBps 27.1ms</bind>
  <bind>Comp:18-4-1 Comp:18-3-0 0.655MBps 27.1ms</bind>
  <bind>Comp:18-3-0 Comp:18-4-1 0.655MBps 27.1ms</bind>
  <bind>Comp:18-4-2 Comp:18-3-0 0.655MBps 27.1ms</bind>
  <bind>Comp:18-3-0 Comp:18-4-2 0.655MBps 27.1ms</bind>
  <bind>Comp:18-4-3 Comp:18-3-0 0.655MBps 27.1ms</bind>
  <bind>Comp:18-3-0 Comp:18-4-3 0.655MBps 27.1ms</bind>
  <bind>Comp:18-4-4 Comp:18-3-0 0.655MBps 27.1ms</bind>
  <bind>Comp:18-3-0 Comp:18-4-4 0.655MBps 27.1ms</bind>
  <bind>Comp:18-4-5 Comp:18-3-0 0.655MBps 27.1ms</bind>
  <bind>Comp:18-3-0 Comp:18-4-5 0.655MBps 27.1ms</bind>
  <bind>Comp:18-4-6 Comp:18-3-0 0.655MBps 27.1ms</bind>
  <bind>Comp:18-3-0 Comp:18-4-6 0.655MBps 27.1ms</bind>
  <bind>Comp:18-4-7 Comp:18-3-0 0.655MBps 27.1ms</bind>
  <bind>Comp:18-3-0 Comp:18-4-7 0.655MBps 27.1ms</bind>
  <bind>Comp:18-4-8 Comp:18-3-0 0.655MBps 27.1ms</bind>
  <bind>Comp:18-3-0 Comp:18-4-8 0.655MBps 27.1ms</bind>
  <bind>Comp:18-4-9 Comp:18-3-0 0.655MBps 27.1ms</bind>
  <bind>Comp:18-3-0 Comp:18-4-9 0.655MBps 27.1ms</bind>
  <bind>Comp:18-4-0 Appliance-37 0.529MBps 25.2ms</bind>
  <bind>Appliance-37 Comp:18-4-0 0.529MBps 25.2ms</bind>
  <bind>Comp:18-4-1 Appliance-2 0.529MBps 25.2ms</bind>
  <bind>Appliance-2 Comp:18-4-1 0.529MBps 25.2ms</bind>
  <bind>Comp:18-4-2 Appliance-11 0.529MBps 25.2ms</bind>
  <bind>Appliance-11 Comp:18-4-2 0.529MBps 25.2ms</bind>
  <bind>Comp:18-4-3 Appliance-2 0.529MBps 25.2ms</bind>
  <bind>Appliance-2 Comp:18-4-3 0.529MBps 25.2ms</bind>
  <bind>Comp:18-4-4 Appliance-25 0.529MBps 25.2ms</bind>
  <bind>Appliance-25 Comp:18-4-4 0.529MBps 25.2ms</bind>
  <bind>Comp:18-4-5 Appliance-37 0.529MBps 25.2ms</bind>
  <bind>Appliance-37 Comp:18-4-5 0.529MBps 25.2ms</bind>
  <bind>Comp:18-4-6 Appliance-2 0.529MBps 25.2ms</bind>
  <bind>Appliance-2 Comp:18-4-6 0.529MBps 25.2ms</bind>
  <bind>Comp:18-4-7 Appliance-11 0.529MBps 25.2ms</bind>
  <bind>Appliance-11 Comp:18-4-7 0.529MBps 25.2ms</bind>
  <bind>Comp:18-4-8 Appliance-37 0.529MBps 25.2ms</bind>
  <bind>Appliance-37 Comp:18-4-8 0.529MBps 25.2ms</bind>
  <bind>Comp:18-4-9 Appliance-2 0.529MBps 25.2ms</bind>
  <bind>Appliance-2 Comp:18-4-9 0.529MBps 25.2ms</bind>
</app>
<app>
  <id>App19</id>
<comp>
  <id>Comp:19-1-0</id>
  <CPU>0.426Gf</CPU>
  <RAM>0.552GB</RAM>
  <DISK>0.918GB</DISK>
</comp>
<comp>
  <id>Comp:19-1-1</id>
  <CPU>0.426Gf</CPU>
  <RAM>0.552GB</RAM>
  <DISK>0.918GB</DISK>
</comp>
<comp>
  <id>Comp:19-1-2</id>
  <CPU>0.426Gf</CPU>
  <RAM>0.552GB</RAM>
  <DISK>0.918GB</DISK>
</comp>
<comp>
  <id>Comp:19-1-3</id>
  <CPU>0.426Gf</CPU>
  <RAM>0.552GB</RAM>
  <DISK>0.918GB</DISK>
</comp>
<comp>
  <id>Comp:19-1-4</id>
  <CPU>0.426Gf</CPU>
  <RAM>0.552GB</RAM>
  <DISK>0.918GB</DISK>
</comp>
<comp>
  <id>Comp:19-1-5</id>
  <CPU>0.426Gf</CPU>
  <RAM>0.552GB</RAM>
  <DISK>0.918GB</DISK>
</comp>
<comp>
  <id>Comp:19-1-6</id>
  <CPU>0.426Gf</CPU>
  <RAM>0.552GB</RAM>
  <DISK>0.918GB</DISK>
</comp>
<comp>
  <id>Comp:19-1-7</id>
  <CPU>0.426Gf</CPU>
  <RAM>0.552GB</RAM>
  <DISK>0.918GB</DISK>
</comp>
<comp>
  <id>Comp:19-2-0</id>
  <CPU>0.894Gf</CPU>
  <RAM>0.842GB</RAM>
  <DISK>1.77GB</DISK>
</comp>
<comp>
  <id>Comp:19-2-1</id>
  <CPU>0.894Gf</CPU>
  <RAM>0.842GB</RAM>
  <DISK>1.77GB</DISK>
</comp>
<comp>
  <id>Comp:19-3-0</id>
  <CPU>0.477Gf</CPU>
  <RAM>0.595GB</RAM>
  <DISK>1.5GB</DISK>
</comp>
<comp>
  <id>Comp:19-3-1</id>
  <CPU>0.477Gf</CPU>
  <RAM>0.595GB</RAM>
  <DISK>1.5GB</DISK>
</comp>
  <bind>Comp:19-1-0 Appliance-18 0.316MBps 32.5ms</bind>
  <bind>Appliance-18 Comp:19-1-0 0.316MBps 32.5ms</bind>
  <bind>Comp:19-1-1 Appliance-27 0.316MBps 32.5ms</bind>
  <bind>Appliance-27 Comp:19-1-1 0.316MBps 32.5ms</bind>
  <bind>Comp:19-1-2 Appliance-7 0.316MBps 32.5ms</bind>
  <bind>Appliance-7 Comp:19-1-2 0.316MBps 32.5ms</bind>
  <bind>Comp:19-1-3 Appliance-2 0.316MBps 32.5ms</bind>
  <bind>Appliance-2 Comp:19-1-3 0.316MBps 32.5ms</bind>
  <bind>Comp:19-1-4 Appliance-0 0.316MBps 32.5ms</bind>
  <bind>Appliance-0 Comp:19-1-4 0.316MBps 32.5ms</bind>
  <bind>Comp:19-1-5 Appliance-19 0.316MBps 32.5ms</bind>
  <bind>Appliance-19 Comp:19-1-5 0.316MBps 32.5ms</bind>
  <bind>Comp:19-1-6 Appliance-18 0.316MBps 32.5ms</bind>
  <bind>Appliance-18 Comp:19-1-6 0.316MBps 32.5ms</bind>
  <bind>Comp:19-1-7 Appliance-27 0.316MBps 32.5ms</bind>
  <bind>Appliance-27 Comp:19-1-7 0.316MBps 32.5ms</bind>
  <bind>Comp:19-2-0 Comp:19-1-0 0.378MBps 39.5ms</bind>
  <bind>Comp:19-1-0 Comp:19-2-0 0.378MBps 39.5ms</bind>
  <bind>Comp:19-2-1 Comp:19-1-1 0.378MBps 39.5ms</bind>
  <bind>Comp:19-1-1 Comp:19-2-1 0.378MBps 39.5ms</bind>
  <bind>Comp:19-2-0 Comp:19-1-2 0.378MBps 39.5ms</bind>
  <bind>Comp:19-1-2 Comp:19-2-0 0.378MBps 39.5ms</bind>
  <bind>Comp:19-2-1 Comp:19-1-3 0.378MBps 39.5ms</bind>
  <bind>Comp:19-1-3 Comp:19-2-1 0.378MBps 39.5ms</bind>
  <bind>Comp:19-2-0 Comp:19-1-4 0.378MBps 39.5ms</bind>
  <bind>Comp:19-1-4 Comp:19-2-0 0.378MBps 39.5ms</bind>
  <bind>Comp:19-2-1 Comp:19-1-5 0.378MBps 39.5ms</bind>
  <bind>Comp:19-1-5 Comp:19-2-1 0.378MBps 39.5ms</bind>
  <bind>Comp:19-2-0 Comp:19-1-6 0.378MBps 39.5ms</bind>
  <bind>Comp:19-1-6 Comp:19-2-0 0.378MBps 39.5ms</bind>
  <bind>Comp:19-2-1 Comp:19-1-7 0.378MBps 39.5ms</bind>
  <bind>Comp:19-1-7 Comp:19-2-1 0.378MBps 39.5ms</bind>
  <bind>Comp:19-3-0 Comp:19-2-0 0.1MBps 41.3ms</bind>
  <bind>Comp:19-2-0 Comp:19-3-0 0.1MBps 41.3ms</bind>
  <bind>Comp:19-3-1 Comp:19-2-1 0.1MBps 41.3ms</bind>
  <bind>Comp:19-2-1 Comp:19-3-1 0.1MBps 41.3ms</bind>
  <bind>Comp:19-3-0 Appliance-2 0.924MBps 36.1ms</bind>
  <bind>Appliance-2 Comp:19-3-0 0.924MBps 36.1ms</bind>
  <bind>Comp:19-3-1 Appliance-8 0.924MBps 36.1ms</bind>
  <bind>Appliance-8 Comp:19-3-1 0.924MBps 36.1ms</bind>
  <bind>Comp:19-3-0 Appliance-10 0.924MBps 36.1ms</bind>
  <bind>Appliance-10 Comp:19-3-0 0.924MBps 36.1ms</bind>
  <bind>Comp:19-3-1 Appliance-16 0.924MBps 36.1ms</bind>
  <bind>Appliance-16 Comp:19-3-1 0.924MBps 36.1ms</bind>
  <bind>Comp:19-3-0 Appliance-31 0.924MBps 36.1ms</bind>
  <bind>Appliance-31 Comp:19-3-0 0.924MBps 36.1ms</bind>
  <bind>Comp:19-3-1 Appliance-27 0.924MBps 36.1ms</bind>
  <bind>Appliance-27 Comp:19-3-1 0.924MBps 36.1ms</bind>
  <bind>Comp:19-3-0 Appliance-11 0.924MBps 36.1ms</bind>
  <bind>Appliance-11 Comp:19-3-0 0.924MBps 36.1ms</bind>
  <bind>Comp:19-3-1 Appliance-8 0.924MBps 36.1ms</bind>
  <bind>Appliance-8 Comp:19-3-1 0.924MBps 36.1ms</bind>
  <bind>Comp:19-3-0 Appliance-2 0.924MBps 36.1ms</bind>
  <bind>Appliance-2 Comp:19-3-0 0.924MBps 36.1ms</bind>
</app>
<app>
  <id>App2</id>
<comp>
  <id>Comp:2-1-0</id>
  <CPU>0.14Gf</CPU>
  <RAM>0.516GB</RAM>
  <DISK>0.128GB</DISK>
</comp>
<comp>
  <id>Comp:2-1-1</id>
  <CPU>0.14Gf</CPU>
  <RAM>0.516GB</RAM>
  <DISK>0.128GB</DISK>
</comp>
<comp>
  <id>Comp:2-2-0</id>
  <CPU>0.498Gf</CPU>
  <RAM>0.72GB</RAM>
  <DISK>1.68GB</DISK>
</comp>
<comp>
  <id>Comp:2-2-1</id>
  <CPU>0.498Gf</CPU>
  <RAM>0.72GB</RAM>
  <DISK>1.68GB</DISK>
</comp>
  <bind>Comp:2-1-0 Appliance-35 0.315MBps 45.1ms</bind>
  <bind>Appliance-35 Comp:2-1-0 0.315MBps 45.1ms</bind>
  <bind>Comp:2-1-1 Appliance-3 0.315MBps 45.1ms</bind>
  <bind>Appliance-3 Comp:2-1-1 0.315MBps 45.1ms</bind>
  <bind>Comp:2-1-0 Appliance-20 0.315MBps 45.1ms</bind>
  <bind>Appliance-20 Comp:2-1-0 0.315MBps 45.1ms</bind>
  <bind>Comp:2-1-1 Appliance-1 0.315MBps 45.1ms</bind>
  <bind>Appliance-1 Comp:2-1-1 0.315MBps 45.1ms</bind>
  <bind>Comp:2-1-0 Appliance-21 0.315MBps 45.1ms</bind>
  <bind>Appliance-21 Comp:2-1-0 0.315MBps 45.1ms</bind>
  <bind>Comp:2-1-1 Appliance-26 0.315MBps 45.1ms</bind>
  <bind>Appliance-26 Comp:2-1-1 0.315MBps 45.1ms</bind>
  <bind>Comp:2-1-0 Appliance-34 0.315MBps 45.1ms</bind>
  <bind>Appliance-34 Comp:2-1-0 0.315MBps 45.1ms</bind>
  <bind>Comp:2-1-1 Appliance-13 0.315MBps 45.1ms</bind>
  <bind>Appliance-13 Comp:2-1-1 0.315MBps 45.1ms</bind>
  <bind>Comp:2-2-0 Comp:2-1-0 0.735MBps 41.6ms</bind>
  <bind>Comp:2-1-0 Comp:2-2-0 0.735MBps 41.6ms</bind>
  <bind>Comp:2-2-1 Comp:2-1-1 0.735MBps 41.6ms</bind>
  <bind>Comp:2-1-1 Comp:2-2-1 0.735MBps 41.6ms</bind>
  <bind>Comp:2-2-0 Appliance-32 0.314MBps 31.6ms</bind>
  <bind>Appliance-32 Comp:2-2-0 0.314MBps 31.6ms</bind>
  <bind>Comp:2-2-1 Appliance-14 0.314MBps 31.6ms</bind>
  <bind>Appliance-14 Comp:2-2-1 0.314MBps 31.6ms</bind>
</app>
<app>
  <id>App20</id>
<comp>
  <id>Comp:20-1-0</id>
  <CPU>0.194Gf</CPU>
  <RAM>0.39GB</RAM>
  <DISK>0.443GB</DISK>
</comp>
<comp>
  <id>Comp:20-1-1</id>
  <CPU>0.194Gf</CPU>
  <RAM>0.39GB</RAM>
  <DISK>0.443GB</DISK>
</comp>
<comp>
  <id>Comp:20-1-2</id>
  <CPU>0.194Gf</CPU>
  <RAM>0.39GB</RAM>
  <DISK>0.443GB</DISK>
</comp>
<comp>
  <id>Comp:20-1-3</id>
  <CPU>0.194Gf</CPU>
  <RAM>0.39GB</RAM>
  <DISK>0.443GB</DISK>
</comp>
<comp>
  <id>Comp:20-1-4</id>
  <CPU>0.194Gf</CPU>
  <RAM>0.39GB</RAM>
  <DISK>0.443GB</DISK>
</comp>
<comp>
  <id>Comp:20-1-5</id>
  <CPU>0.194Gf</CPU>
  <RAM>0.39GB</RAM>
  <DISK>0.443GB</DISK>
</comp>
<comp>
  <id>Comp:20-1-6</id>
  <CPU>0.194Gf</CPU>
  <RAM>0.39GB</RAM>
  <DISK>0.443GB</DISK>
</comp>
<comp>
  <id>Comp:20-1-7</id>
  <CPU>0.194Gf</CPU>
  <RAM>0.39GB</RAM>
  <DISK>0.443GB</DISK>
</comp>
<comp>
  <id>Comp:20-1-8</id>
  <CPU>0.194Gf</CPU>
  <RAM>0.39GB</RAM>
  <DISK>0.443GB</DISK>
</comp>
<comp>
  <id>Comp:20-1-9</id>
  <CPU>0.194Gf</CPU>
  <RAM>0.39GB</RAM>
  <DISK>0.443GB</DISK>
</comp>
  <bind>Comp:20-1-0 Appliance-36 0.272MBps 32.8ms</bind>
  <bind>Appliance-36 Comp:20-1-0 0.272MBps 32.8ms</bind>
  <bind>Comp:20-1-1 Appliance-13 0.272MBps 32.8ms</bind>
  <bind>Appliance-13 Comp:20-1-1 0.272MBps 32.8ms</bind>
  <bind>Comp:20-1-2 Appliance-14 0.272MBps 32.8ms</bind>
  <bind>Appliance-14 Comp:20-1-2 0.272MBps 32.8ms</bind>
  <bind>Comp:20-1-3 Appliance-24 0.272MBps 32.8ms</bind>
  <bind>Appliance-24 Comp:20-1-3 0.272MBps 32.8ms</bind>
  <bind>Comp:20-1-4 Appliance-13 0.272MBps 32.8ms</bind>
  <bind>Appliance-13 Comp:20-1-4 0.272MBps 32.8ms</bind>
  <bind>Comp:20-1-5 Appliance-34 0.272MBps 32.8ms</bind>
  <bind>Appliance-34 Comp:20-1-5 0.272MBps 32.8ms</bind>
  <bind>Comp:20-1-6 Appliance-35 0.272MBps 32.8ms</bind>
  <bind>Appliance-35 Comp:20-1-6 0.272MBps 32.8ms</bind>
  <bind>Comp:20-1-7 Appliance-38 0.272MBps 32.8ms</bind>
  <bind>Appliance-38 Comp:20-1-7 0.272MBps 32.8ms</bind>
  <bind>Comp:20-1-8 Appliance-36 0.272MBps 32.8ms</bind>
  <bind>Appliance-36 Comp:20-1-8 0.272MBps 32.8ms</bind>
  <bind>Comp:20-1-9 Appliance-13 0.272MBps 32.8ms</bind>
  <bind>Appliance-13 Comp:20-1-9 0.272MBps 32.8ms</bind>
  <bind>Comp:20-1-0 Appliance-14 0.786MBps 25.2ms</bind>
  <bind>Appliance-14 Comp:20-1-0 0.786MBps 25.2ms</bind>
  <bind>Comp:20-1-1 Appliance-38 0.786MBps 25.2ms</bind>
  <bind>Appliance-38 Comp:20-1-1 0.786MBps 25.2ms</bind>
  <bind>Comp:20-1-2 Appliance-9 0.786MBps 25.2ms</bind>
  <bind>Appliance-9 Comp:20-1-2 0.786MBps 25.2ms</bind>
  <bind>Comp:20-1-3 Appliance-34 0.786MBps 25.2ms</bind>
  <bind>Appliance-34 Comp:20-1-3 0.786MBps 25.2ms</bind>
  <bind>Comp:20-1-4 Appliance-28 0.786MBps 25.2ms</bind>
  <bind>Appliance-28 Comp:20-1-4 0.786MBps 25.2ms</bind>
  <bind>Comp:20-1-5 Appliance-33 0.786MBps 25.2ms</bind>
  <bind>Appliance-33 Comp:20-1-5 0.786MBps 25.2ms</bind>
  <bind>Comp:20-1-6 Appliance-32 0.786MBps 25.2ms</bind>
  <bind>Appliance-32 Comp:20-1-6 0.786MBps 25.2ms</bind>
  <bind>Comp:20-1-7 Appliance-14 0.786MBps 25.2ms</bind>
  <bind>Appliance-14 Comp:20-1-7 0.786MBps 25.2ms</bind>
  <bind>Comp:20-1-8 Appliance-38 0.786MBps 25.2ms</bind>
  <bind>Appliance-38 Comp:20-1-8 0.786MBps 25.2ms</bind>
  <bind>Comp:20-1-9 Appliance-9 0.786MBps 25.2ms</bind>
  <bind>Appliance-9 Comp:20-1-9 0.786MBps 25.2ms</bind>
</app>
<app>
  <id>App21</id>
<comp>
  <id>Comp:21-1-0</id>
  <CPU>0.495Gf</CPU>
  <RAM>0.654GB</RAM>
  <DISK>1.41GB</DISK>
</comp>
<comp>
  <id>Comp:21-1-1</id>
  <CPU>0.495Gf</CPU>
  <RAM>0.654GB</RAM>
  <DISK>1.41GB</DISK>
</comp>
<comp>
  <id>Comp:21-1-2</id>
  <CPU>0.495Gf</CPU>
  <RAM>0.654GB</RAM>
  <DISK>1.41GB</DISK>
</comp>
  <bind>Comp:21-1-0 Appliance-27 0.337MBps 48.6ms</bind>
  <bind>Appliance-27 Comp:21-1-0 0.337MBps 48.6ms</bind>
  <bind>Comp:21-1-1 Appliance-11 0.337MBps 48.6ms</bind>
  <bind>Appliance-11 Comp:21-1-1 0.337MBps 48.6ms</bind>
  <bind>Comp:21-1-2 Appliance-19 0.337MBps 48.6ms</bind>
  <bind>Appliance-19 Comp:21-1-2 0.337MBps 48.6ms</bind>
  <bind>Comp:21-1-0 Appliance-23 0.337MBps 48.6ms</bind>
  <bind>Appliance-23 Comp:21-1-0 0.337MBps 48.6ms</bind>
  <bind>Comp:21-1-1 Appliance-8 0.337MBps 48.6ms</bind>
  <bind>Appliance-8 Comp:21-1-1 0.337MBps 48.6ms</bind>
  <bind>Comp:21-1-2 Appliance-31 0.337MBps 48.6ms</bind>
  <bind>Appliance-31 Comp:21-1-2 0.337MBps 48.6ms</bind>
  <bind>Comp:21-1-0 Appliance-7 0.337MBps 48.6ms</bind>
  <bind>Appliance-7 Comp:21-1-0 0.337MBps 48.6ms</bind>
  <bind>Comp:21-1-1 Appliance-11 0.337MBps 48.6ms</bind>
  <bind>Appliance-11 Comp:21-1-1 0.337MBps 48.6ms</bind>
  <bind>Comp:21-1-2 Appliance-7 0.337MBps 48.6ms</bind>
  <bind>Appliance-7 Comp:21-1-2 0.337MBps 48.6ms</bind>
  <bind>Comp:21-1-0 Appliance-37 0.337MBps 48.6ms</bind>
  <bind>Appliance-37 Comp:21-1-0 0.337MBps 48.6ms</bind>
  <bind>Comp:21-1-0 Appliance-17 0.123MBps 30.9ms</bind>
  <bind>Appliance-17 Comp:21-1-0 0.123MBps 30.9ms</bind>
  <bind>Comp:21-1-1 Appliance-25 0.123MBps 30.9ms</bind>
  <bind>Appliance-25 Comp:21-1-1 0.123MBps 30.9ms</bind>
  <bind>Comp:21-1-2 Appliance-7 0.123MBps 30.9ms</bind>
  <bind>Appliance-7 Comp:21-1-2 0.123MBps 30.9ms</bind>
  <bind>Comp:21-1-0 Appliance-27 0.123MBps 30.9ms</bind>
  <bind>Appliance-27 Comp:21-1-0 0.123MBps 30.9ms</bind>
  <bind>Comp:21-1-1 Appliance-11 0.123MBps 30.9ms</bind>
  <bind>Appliance-11 Comp:21-1-1 0.123MBps 30.9ms</bind>
  <bind>Comp:21-1-2 Appliance-11 0.123MBps 30.9ms</bind>
  <bind>Appliance-11 Comp:21-1-2 0.123MBps 30.9ms</bind>
  <bind>Comp:21-1-0 Appliance-7 0.123MBps 30.9ms</bind>
  <bind>Appliance-7 Comp:21-1-0 0.123MBps 30.9ms</bind>
  <bind>Comp:21-1-1 Appliance-11 0.123MBps 30.9ms</bind>
  <bind>Appliance-11 Comp:21-1-1 0.123MBps 30.9ms</bind>
  <bind>Comp:21-1-2 Appliance-18 0.123MBps 30.9ms</bind>
  <bind>Appliance-18 Comp:21-1-2 0.123MBps 30.9ms</bind>
</app>
<app>
  <id>App22</id>
<comp>
  <id>Comp:22-0-0</id>
  <CPU>0.279Gf</CPU>
  <RAM>0.883GB</RAM>
  <DISK>1.9GB</DISK>
</comp>
<comp>
  <id>Comp:22-1-0</id>
  <CPU>0.563Gf</CPU>
  <RAM>0.149GB</RAM>
  <DISK>0.859GB</DISK>
</comp>
<comp>
  <id>Comp:22-1-1</id>
  <CPU>0.563Gf</CPU>
  <RAM>0.149GB</RAM>
  <DISK>0.859GB</DISK>
</comp>
<comp>
  <id>Comp:22-1-2</id>
  <CPU>0.563Gf</CPU>
  <RAM>0.149GB</RAM>
  <DISK>0.859GB</DISK>
</comp>
<comp>
  <id>Comp:22-1-3</id>
  <CPU>0.563Gf</CPU>
  <RAM>0.149GB</RAM>
  <DISK>0.859GB</DISK>
</comp>
<comp>
  <id>Comp:22-2-0</id>
  <CPU>0.516Gf</CPU>
  <RAM>0.668GB</RAM>
  <DISK>1.65GB</DISK>
</comp>
  <bind>Comp:22-1-0 Comp:22-0-0 0.97MBps 30.0ms</bind>
  <bind>Comp:22-0-0 Comp:22-1-0 0.97MBps 30.0ms</bind>
  <bind>Comp:22-1-1 Comp:22-0-0 0.97MBps 30.0ms</bind>
  <bind>Comp:22-0-0 Comp:22-1-1 0.97MBps 30.0ms</bind>
  <bind>Comp:22-1-2 Comp:22-0-0 0.97MBps 30.0ms</bind>
  <bind>Comp:22-0-0 Comp:22-1-2 0.97MBps 30.0ms</bind>
  <bind>Comp:22-1-3 Comp:22-0-0 0.97MBps 30.0ms</bind>
  <bind>Comp:22-0-0 Comp:22-1-3 0.97MBps 30.0ms</bind>
  <bind>Comp:22-2-0 Comp:22-1-0 0.856MBps 42.5ms</bind>
  <bind>Comp:22-1-0 Comp:22-2-0 0.856MBps 42.5ms</bind>
  <bind>Comp:22-2-0 Comp:22-1-1 0.856MBps 42.5ms</bind>
  <bind>Comp:22-1-1 Comp:22-2-0 0.856MBps 42.5ms</bind>
  <bind>Comp:22-2-0 Comp:22-1-2 0.856MBps 42.5ms</bind>
  <bind>Comp:22-1-2 Comp:22-2-0 0.856MBps 42.5ms</bind>
  <bind>Comp:22-2-0 Comp:22-1-3 0.856MBps 42.5ms</bind>
  <bind>Comp:22-1-3 Comp:22-2-0 0.856MBps 42.5ms</bind>
  <bind>Comp:22-2-0 Appliance-19 0.813MBps 35.5ms</bind>
  <bind>Appliance-19 Comp:22-2-0 0.813MBps 35.5ms</bind>
  <bind>Comp:22-2-0 Appliance-2 0.813MBps 35.5ms</bind>
  <bind>Appliance-2 Comp:22-2-0 0.813MBps 35.5ms</bind>
  <bind>Comp:22-2-0 Appliance-31 0.813MBps 35.5ms</bind>
  <bind>Appliance-31 Comp:22-2-0 0.813MBps 35.5ms</bind>
  <bind>Comp:22-2-0 Appliance-8 0.813MBps 35.5ms</bind>
  <bind>Appliance-8 Comp:22-2-0 0.813MBps 35.5ms</bind>
</app>
<app>
  <id>App23</id>
<comp>
  <id>Comp:23-0-0</id>
  <CPU>0.755Gf</CPU>
  <RAM>0.952GB</RAM>
  <DISK>0.606GB</DISK>
</comp>
<comp>
  <id>Comp:23-0-1</id>
  <CPU>0.755Gf</CPU>
  <RAM>0.952GB</RAM>
  <DISK>0.606GB</DISK>
</comp>
<comp>
  <id>Comp:23-0-2</id>
  <CPU>0.755Gf</CPU>
  <RAM>0.952GB</RAM>
  <DISK>0.606GB</DISK>
</comp>
<comp>
  <id>Comp:23-0-3</id>
  <CPU>0.755Gf</CPU>
  <RAM>0.952GB</RAM>
  <DISK>0.606GB</DISK>
</comp>
<comp>
  <id>Comp:23-0-4</id>
  <CPU>0.755Gf</CPU>
  <RAM>0.952GB</RAM>
  <DISK>0.606GB</DISK>
</comp>
<comp>
  <id>Comp:23-0-5</id>
  <CPU>0.755Gf</CPU>
  <RAM>0.952GB</RAM>
  <DISK>0.606GB</DISK>
</comp>
<comp>
  <id>Comp:23-0-6</id>
  <CPU>0.755Gf</CPU>
  <RAM>0.952GB</RAM>
  <DISK>0.606GB</DISK>
</comp>
<comp>
  <id>Comp:23-0-7</id>
  <CPU>0.755Gf</CPU>
  <RAM>0.952GB</RAM>
  <DISK>0.606GB</DISK>
</comp>
<comp>
  <id>Comp:23-0-8</id>
  <CPU>0.755Gf</CPU>
  <RAM>0.952GB</RAM>
  <DISK>0.606GB</DISK>
</comp>
<comp>
  <id>Comp:23-1-0</id>
  <CPU>0.444Gf</CPU>
  <RAM>0.563GB</RAM>
  <DISK>0.762GB</DISK>
</comp>
<comp>
  <id>Comp:23-1-1</id>
  <CPU>0.444Gf</CPU>
  <RAM>0.563GB</RAM>
  <DISK>0.762GB</DISK>
</comp>
<comp>
  <id>Comp:23-1-2</id>
  <CPU>0.444Gf</CPU>
  <RAM>0.563GB</RAM>
  <DISK>0.762GB</DISK>
</comp>
<comp>
  <id>Comp:23-1-3</id>
  <CPU>0.444Gf</CPU>
  <RAM>0.563GB</RAM>
  <DISK>0.762GB</DISK>
</comp>
<comp>
  <id>Comp:23-1-4</id>
  <CPU>0.444Gf</CPU>
  <RAM>0.563GB</RAM>
  <DISK>0.762GB</DISK>
</comp>
<comp>
  <id>Comp:23-1-5</id>
  <CPU>0.444Gf</CPU>
  <RAM>0.563GB</RAM>
  <DISK>0.762GB</DISK>
</comp>
<comp>
  <id>Comp:23-1-6</id>
  <CPU>0.444Gf</CPU>
  <RAM>0.563GB</RAM>
  <DISK>0.762GB</DISK>
</comp>
<comp>
  <id>Comp:23-2-0</id>
  <CPU>0.432Gf</CPU>
  <RAM>0.779GB</RAM>
  <DISK>0.0127GB</DISK>
</comp>
<comp>
  <id>Comp:23-2-1</id>
  <CPU>0.432Gf</CPU>
  <RAM>0.779GB</RAM>
  <DISK>0.0127GB</DISK>
</comp>
  <bind>Comp:23-1-0 Comp:23-0-0 0.656MBps 46.0ms</bind>
  <bind>Comp:23-0-0 Comp:23-1-0 0.656MBps 46.0ms</bind>
  <bind>Comp:23-1-1 Comp:23-0-1 0.656MBps 46.0ms</bind>
  <bind>Comp:23-0-1 Comp:23-1-1 0.656MBps 46.0ms</bind>
  <bind>Comp:23-1-2 Comp:23-0-2 0.656MBps 46.0ms</bind>
  <bind>Comp:23-0-2 Comp:23-1-2 0.656MBps 46.0ms</bind>
  <bind>Comp:23-1-3 Comp:23-0-3 0.656MBps 46.0ms</bind>
  <bind>Comp:23-0-3 Comp:23-1-3 0.656MBps 46.0ms</bind>
  <bind>Comp:23-1-4 Comp:23-0-4 0.656MBps 46.0ms</bind>
  <bind>Comp:23-0-4 Comp:23-1-4 0.656MBps 46.0ms</bind>
  <bind>Comp:23-1-5 Comp:23-0-5 0.656MBps 46.0ms</bind>
  <bind>Comp:23-0-5 Comp:23-1-5 0.656MBps 46.0ms</bind>
  <bind>Comp:23-1-6 Comp:23-0-6 0.656MBps 46.0ms</bind>
  <bind>Comp:23-0-6 Comp:23-1-6 0.656MBps 46.0ms</bind>
  <bind>Comp:23-1-0 Comp:23-0-7 0.656MBps 46.0ms</bind>
  <bind>Comp:23-0-7 Comp:23-1-0 0.656MBps 46.0ms</bind>
  <bind>Comp:23-1-1 Comp:23-0-8 0.656MBps 46.0ms</bind>
  <bind>Comp:23-0-8 Comp:23-1-1 0.656MBps 46.0ms</bind>
  <bind>Comp:23-2-0 Comp:23-1-0 0.729MBps 32.5ms</bind>
  <bind>Comp:23-1-0 Comp:23-2-0 0.729MBps 32.5ms</bind>
  <bind>Comp:23-2-1 Comp:23-1-1 0.729MBps 32.5ms</bind>
  <bind>Comp:23-1-1 Comp:23-2-1 0.729MBps 32.5ms</bind>
  <bind>Comp:23-2-0 Comp:23-1-2 0.729MBps 32.5ms</bind>
  <bind>Comp:23-1-2 Comp:23-2-0 0.729MBps 32.5ms</bind>
  <bind>Comp:23-2-1 Comp:23-1-3 0.729MBps 32.5ms</bind>
  <bind>Comp:23-1-3 Comp:23-2-1 0.729MBps 32.5ms</bind>
  <bind>Comp:23-2-0 Comp:23-1-4 0.729MBps 32.5ms</bind>
  <bind>Comp:23-1-4 Comp:23-2-0 0.729MBps 32.5ms</bind>
  <bind>Comp:23-2-1 Comp:23-1-5 0.729MBps 32.5ms</bind>
  <bind>Comp:23-1-5 Comp:23-2-1 0.729MBps 32.5ms</bind>
  <bind>Comp:23-2-0 Comp:23-1-6 0.729MBps 32.5ms</bind>
  <bind>Comp:23-1-6 Comp:23-2-0 0.729MBps 32.5ms</bind>
  <bind>Comp:23-2-0 Appliance-15 0.188MBps 42.9ms</bind>
  <bind>Appliance-15 Comp:23-2-0 0.188MBps 42.9ms</bind>
  <bind>Comp:23-2-1 Appliance-5 0.188MBps 42.9ms</bind>
  <bind>Appliance-5 Comp:23-2-1 0.188MBps 42.9ms</bind>
  <bind>Comp:23-2-0 Appliance-34 0.188MBps 42.9ms</bind>
  <bind>Appliance-34 Comp:23-2-0 0.188MBps 42.9ms</bind>
  <bind>Comp:23-2-1 Appliance-28 0.188MBps 42.9ms</bind>
  <bind>Appliance-28 Comp:23-2-1 0.188MBps 42.9ms</bind>
  <bind>Comp:23-2-0 Appliance-26 0.188MBps 42.9ms</bind>
  <bind>Appliance-26 Comp:23-2-0 0.188MBps 42.9ms</bind>
</app>
<app>
  <id>App24</id>
<comp>
  <id>Comp:24-0-0</id>
  <CPU>0.9Gf</CPU>
  <RAM>0.992GB</RAM>
  <DISK>0.756GB</DISK>
</comp>
<comp>
  <id>Comp:24-0-1</id>
  <CPU>0.9Gf</CPU>
  <RAM>0.992GB</RAM>
  <DISK>0.756GB</DISK>
</comp>
<comp>
  <id>Comp:24-0-2</id>
  <CPU>0.9Gf</CPU>
  <RAM>0.992GB</RAM>
  <DISK>0.756GB</DISK>
</comp>
<comp>
  <id>Comp:24-0-3</id>
  <CPU>0.9Gf</CPU>
  <RAM>0.992GB</RAM>
  <DISK>0.756GB</DISK>
</comp>
<comp>
  <id>Comp:24-0-4</id>
  <CPU>0.9Gf</CPU>
  <RAM>0.992GB</RAM>
  <DISK>0.756GB</DISK>
</comp>
<comp>
  <id>Comp:24-0-5</id>
  <CPU>0.9Gf</CPU>
  <RAM>0.992GB</RAM>
  <DISK>0.756GB</DISK>
</comp>
<comp>
  <id>Comp:24-1-0</id>
  <CPU>0.371Gf</CPU>
  <RAM>0.305GB</RAM>
  <DISK>1.49GB</DISK>
</comp>
<comp>
  <id>Comp:24-1-1</id>
  <CPU>0.371Gf</CPU>
  <RAM>0.305GB</RAM>
  <DISK>1.49GB</DISK>
</comp>
<comp>
  <id>Comp:24-1-2</id>
  <CPU>0.371Gf</CPU>
  <RAM>0.305GB</RAM>
  <DISK>1.49GB</DISK>
</comp>
<comp>
  <id>Comp:24-1-3</id>
  <CPU>0.371Gf</CPU>
  <RAM>0.305GB</RAM>
  <DISK>1.49GB</DISK>
</comp>
<comp>
  <id>Comp:24-1-4</id>
  <CPU>0.371Gf</CPU>
  <RAM>0.305GB</RAM>
  <DISK>1.49GB</DISK>
</comp>
<comp>
  <id>Comp:24-1-5</id>
  <CPU>0.371Gf</CPU>
  <RAM>0.305GB</RAM>
  <DISK>1.49GB</DISK>
</comp>
<comp>
  <id>Comp:24-1-6</id>
  <CPU>0.371Gf</CPU>
  <RAM>0.305GB</RAM>
  <DISK>1.49GB</DISK>
</comp>
<comp>
  <id>Comp:24-1-7</id>
  <CPU>0.371Gf</CPU>
  <RAM>0.305GB</RAM>
  <DISK>1.49GB</DISK>
</comp>
<comp>
  <id>Comp:24-1-8</id>
  <CPU>0.371Gf</CPU>
  <RAM>0.305GB</RAM>
  <DISK>1.49GB</DISK>
</comp>
<comp>
  <id>Comp:24-1-9</id>
  <CPU>0.371Gf</CPU>
  <RAM>0.305GB</RAM>
  <DISK>1.49GB</DISK>
</comp>
<comp>
  <id>Comp:24-2-0</id>
  <CPU>0.715Gf</CPU>
  <RAM>0.407GB</RAM>
  <DISK>1.33GB</DISK>
</comp>
<comp>
  <id>Comp:24-2-1</id>
  <CPU>0.715Gf</CPU>
  <RAM>0.407GB</RAM>
  <DISK>1.33GB</DISK>
</comp>
<comp>
  <id>Comp:24-2-2</id>
  <CPU>0.715Gf</CPU>
  <RAM>0.407GB</RAM>
  <DISK>1.33GB</DISK>
</comp>
<comp>
  <id>Comp:24-2-3</id>
  <CPU>0.715Gf</CPU>
  <RAM>0.407GB</RAM>
  <DISK>1.33GB</DISK>
</comp>
<comp>
  <id>Comp:24-2-4</id>
  <CPU>0.715Gf</CPU>
  <RAM>0.407GB</RAM>
  <DISK>1.33GB</DISK>
</comp>
<comp>
  <id>Comp:24-2-5</id>
  <CPU>0.715Gf</CPU>
  <RAM>0.407GB</RAM>
  <DISK>1.33GB</DISK>
</comp>
<comp>
  <id>Comp:24-2-6</id>
  <CPU>0.715Gf</CPU>
  <RAM>0.407GB</RAM>
  <DISK>1.33GB</DISK>
</comp>
<comp>
  <id>Comp:24-2-7</id>
  <CPU>0.715Gf</CPU>
  <RAM>0.407GB</RAM>
  <DISK>1.33GB</DISK>
</comp>
<comp>
  <id>Comp:24-2-8</id>
  <CPU>0.715Gf</CPU>
  <RAM>0.407GB</RAM>
  <DISK>1.33GB</DISK>
</comp>
<comp>
  <id>Comp:24-2-9</id>
  <CPU>0.715Gf</CPU>
  <RAM>0.407GB</RAM>
  <DISK>1.33GB</DISK>
</comp>
<comp>
  <id>Comp:24-3-0</id>
  <CPU>0.582Gf</CPU>
  <RAM>0.908GB</RAM>
  <DISK>0.254GB</DISK>
</comp>
<comp>
  <id>Comp:24-3-1</id>
  <CPU>0.582Gf</CPU>
  <RAM>0.908GB</RAM>
  <DISK>0.254GB</DISK>
</comp>
<comp>
  <id>Comp:24-3-2</id>
  <CPU>0.582Gf</CPU>
  <RAM>0.908GB</RAM>
  <DISK>0.254GB</DISK>
</comp>
<comp>
  <id>Comp:24-3-3</id>
  <CPU>0.582Gf</CPU>
  <RAM>0.908GB</RAM>
  <DISK>0.254GB</DISK>
</comp>
<comp>
  <id>Comp:24-3-4</id>
  <CPU>0.582Gf</CPU>
  <RAM>0.908GB</RAM>
  <DISK>0.254GB</DISK>
</comp>
<comp>
  <id>Comp:24-3-5</id>
  <CPU>0.582Gf</CPU>
  <RAM>0.908GB</RAM>
  <DISK>0.254GB</DISK>
</comp>
<comp>
  <id>Comp:24-3-6</id>
  <CPU>0.582Gf</CPU>
  <RAM>0.908GB</RAM>
  <DISK>0.254GB</DISK>
</comp>
<comp>
  <id>Comp:24-3-7</id>
  <CPU>0.582Gf</CPU>
  <RAM>0.908GB</RAM>
  <DISK>0.254GB</DISK>
</comp>
<comp>
  <id>Comp:24-4-0</id>
  <CPU>0.349Gf</CPU>
  <RAM>0.348GB</RAM>
  <DISK>0.765GB</DISK>
</comp>
<comp>
  <id>Comp:24-5-0</id>
  <CPU>0.32Gf</CPU>
  <RAM>0.645GB</RAM>
  <DISK>0.94GB</DISK>
</comp>
<comp>
  <id>Comp:24-5-1</id>
  <CPU>0.32Gf</CPU>
  <RAM>0.645GB</RAM>
  <DISK>0.94GB</DISK>
</comp>
<comp>
  <id>Comp:24-5-2</id>
  <CPU>0.32Gf</CPU>
  <RAM>0.645GB</RAM>
  <DISK>0.94GB</DISK>
</comp>
<comp>
  <id>Comp:24-5-3</id>
  <CPU>0.32Gf</CPU>
  <RAM>0.645GB</RAM>
  <DISK>0.94GB</DISK>
</comp>
  <bind>Comp:24-1-0 Comp:24-0-0 0.655MBps 38.1ms</bind>
  <bind>Comp:24-0-0 Comp:24-1-0 0.655MBps 38.1ms</bind>
  <bind>Comp:24-1-1 Comp:24-0-1 0.655MBps 38.1ms</bind>
  <bind>Comp:24-0-1 Comp:24-1-1 0.655MBps 38.1ms</bind>
  <bind>Comp:24-1-2 Comp:24-0-2 0.655MBps 38.1ms</bind>
  <bind>Comp:24-0-2 Comp:24-1-2 0.655MBps 38.1ms</bind>
  <bind>Comp:24-1-3 Comp:24-0-3 0.655MBps 38.1ms</bind>
  <bind>Comp:24-0-3 Comp:24-1-3 0.655MBps 38.1ms</bind>
  <bind>Comp:24-1-4 Comp:24-0-4 0.655MBps 38.1ms</bind>
  <bind>Comp:24-0-4 Comp:24-1-4 0.655MBps 38.1ms</bind>
  <bind>Comp:24-1-5 Comp:24-0-5 0.655MBps 38.1ms</bind>
  <bind>Comp:24-0-5 Comp:24-1-5 0.655MBps 38.1ms</bind>
  <bind>Comp:24-1-6 Comp:24-0-0 0.655MBps 38.1ms</bind>
  <bind>Comp:24-0-0 Comp:24-1-6 0.655MBps 38.1ms</bind>
  <bind>Comp:24-1-7 Comp:24-0-1 0.655MBps 38.1ms</bind>
  <bind>Comp:24-0-1 Comp:24-1-7 0.655MBps 38.1ms</bind>
  <bind>Comp:24-1-8 Comp:24-0-2 0.655MBps 38.1ms</bind>
  <bind>Comp:24-0-2 Comp:24-1-8 0.655MBps 38.1ms</bind>
  <bind>Comp:24-1-9 Comp:24-0-3 0.655MBps 38.1ms</bind>
  <bind>Comp:24-0-3 Comp:24-1-9 0.655MBps 38.1ms</bind>
  <bind>Comp:24-2-0 Comp:24-1-0 0.731MBps 30.1ms</bind>
  <bind>Comp:24-1-0 Comp:24-2-0 0.731MBps 30.1ms</bind>
  <bind>Comp:24-2-1 Comp:24-1-1 0.731MBps 30.1ms</bind>
  <bind>Comp:24-1-1 Comp:24-2-1 0.731MBps 30.1ms</bind>
  <bind>Comp:24-2-2 Comp:24-1-2 0.731MBps 30.1ms</bind>
  <bind>Comp:24-1-2 Comp:24-2-2 0.731MBps 30.1ms</bind>
  <bind>Comp:24-2-3 Comp:24-1-3 0.731MBps 30.1ms</bind>
  <bind>Comp:24-1-3 Comp:24-2-3 0.731MBps 30.1ms</bind>
  <bind>Comp:24-2-4 Comp:24-1-4 0.731MBps 30.1ms</bind>
  <bind>Comp:24-1-4 Comp:24-2-4 0.731MBps 30.1ms</bind>
  <bind>Comp:24-2-5 Comp:24-1-5 0.731MBps 30.1ms</bind>
  <bind>Comp:24-1-5 Comp:24-2-5 0.731MBps 30.1ms</bind>
  <bind>Comp:24-2-6 Comp:24-1-6 0.731MBps 30.1ms</bind>
  <bind>Comp:24-1-6 Comp:24-2-6 0.731MBps 30.1ms</bind>
  <bind>Comp:24-2-7 Comp:24-1-7 0.731MBps 30.1ms</bind>
  <bind>Comp:24-1-7 Comp:24-2-7 0.731MBps 30.1ms</bind>
  <bind>Comp:24-2-8 Comp:24-1-8 0.731MBps 30.1ms</bind>
  <bind>Comp:24-1-8 Comp:24-2-8 0.731MBps 30.1ms</bind>
  <bind>Comp:24-2-9 Comp:24-1-9 0.731MBps 30.1ms</bind>
  <bind>Comp:24-1-9 Comp:24-2-9 0.731MBps 30.1ms</bind>
  <bind>Comp:24-3-0 Comp:24-2-0 0.229MBps 28.2ms</bind>
  <bind>Comp:24-2-0 Comp:24-3-0 0.229MBps 28.2ms</bind>
  <bind>Comp:24-3-1 Comp:24-2-1 0.229MBps 28.2ms</bind>
  <bind>Comp:24-2-1 Comp:24-3-1 0.229MBps 28.2ms</bind>
  <bind>Comp:24-3-2 Comp:24-2-2 0.229MBps 28.2ms</bind>
  <bind>Comp:24-2-2 Comp:24-3-2 0.229MBps 28.2ms</bind>
  <bind>Comp:24-3-3 Comp:24-2-3 0.229MBps 28.2ms</bind>
  <bind>Comp:24-2-3 Comp:24-3-3 0.229MBps 28.2ms</bind>
  <bind>Comp:24-3-4 Comp:24-2-4 0.229MBps 28.2ms</bind>
  <bind>Comp:24-2-4 Comp:24-3-4 0.229MBps 28.2ms</bind>
  <bind>Comp:24-3-5 Comp:24-2-5 0.229MBps 28.2ms</bind>
  <bind>Comp:24-2-5 Comp:24-3-5 0.229MBps 28.2ms</bind>
  <bind>Comp:24-3-6 Comp:24-2-6 0.229MBps 28.2ms</bind>
  <bind>Comp:24-2-6 Comp:24-3-6 0.229MBps 28.2ms</bind>
  <bind>Comp:24-3-7 Comp:24-2-7 0.229MBps 28.2ms</bind>
  <bind>Comp:24-2-7 Comp:24-3-7 0.229MBps 28.2ms</bind>
  <bind>Comp:24-3-0 Comp:24-2-8 0.229MBps 28.2ms</bind>
  <bind>Comp:24-2-8 Comp:24-3-0 0.229MBps 28.2ms</bind>
  <bind>Comp:24-3-1 Comp:24-2-9 0.229MBps 28.2ms</bind>
  <bind>Comp:24-2-9 Comp:24-3-1 0.229MBps 28.2ms</bind>
  <bind>Comp:24-4-0 Comp:24-3-0 0.823MBps 46.1ms</bind>
  <bind>Comp:24-3-0 Comp:24-4-0 0.823MBps 46.1ms</bind>
  <bind>Comp:24-4-0 Comp:24-3-1 0.823MBps 46.1ms</bind>
  <bind>Comp:24-3-1 Comp:24-4-0 0.823MBps 46.1ms</bind>
  <bind>Comp:24-4-0 Comp:24-3-2 0.823MBps 46.1ms</bind>
  <bind>Comp:24-3-2 Comp:24-4-0 0.823MBps 46.1ms</bind>
  <bind>Comp:24-4-0 Comp:24-3-3 0.823MBps 46.1ms</bind>
  <bind>Comp:24-3-3 Comp:24-4-0 0.823MBps 46.1ms</bind>
  <bind>Comp:24-4-0 Comp:24-3-4 0.823MBps 46.1ms</bind>
  <bind>Comp:24-3-4 Comp:24-4-0 0.823MBps 46.1ms</bind>
  <bind>Comp:24-4-0 Comp:24-3-5 0.823MBps 46.1ms</bind>
  <bind>Comp:24-3-5 Comp:24-4-0 0.823MBps 46.1ms</bind>
  <bind>Comp:24-4-0 Comp:24-3-6 0.823MBps 46.1ms</bind>
  <bind>Comp:24-3-6 Comp:24-4-0 0.823MBps 46.1ms</bind>
  <bind>Comp:24-4-0 Comp:24-3-7 0.823MBps 46.1ms</bind>
  <bind>Comp:24-3-7 Comp:24-4-0 0.823MBps 46.1ms</bind>
  <bind>Comp:24-5-0 Comp:24-4-0 0.525MBps 33.5ms</bind>
  <bind>Comp:24-4-0 Comp:24-5-0 0.525MBps 33.5ms</bind>
  <bind>Comp:24-5-1 Comp:24-4-0 0.525MBps 33.5ms</bind>
  <bind>Comp:24-4-0 Comp:24-5-1 0.525MBps 33.5ms</bind>
  <bind>Comp:24-5-2 Comp:24-4-0 0.525MBps 33.5ms</bind>
  <bind>Comp:24-4-0 Comp:24-5-2 0.525MBps 33.5ms</bind>
  <bind>Comp:24-5-3 Comp:24-4-0 0.525MBps 33.5ms</bind>
  <bind>Comp:24-4-0 Comp:24-5-3 0.525MBps 33.5ms</bind>
  <bind>Comp:24-5-0 Appliance-17 0.578MBps 41.6ms</bind>
  <bind>Appliance-17 Comp:24-5-0 0.578MBps 41.6ms</bind>
  <bind>Comp:24-5-1 Appliance-18 0.578MBps 41.6ms</bind>
  <bind>Appliance-18 Comp:24-5-1 0.578MBps 41.6ms</bind>
  <bind>Comp:24-5-2 Appliance-10 0.578MBps 41.6ms</bind>
  <bind>Appliance-10 Comp:24-5-2 0.578MBps 41.6ms</bind>
  <bind>Comp:24-5-3 Appliance-17 0.578MBps 41.6ms</bind>
  <bind>Appliance-17 Comp:24-5-3 0.578MBps 41.6ms</bind>
</app>
<app>
  <id>App3</id>
<comp>
  <id>Comp:3-0-0</id>
  <CPU>0.649Gf</CPU>
  <RAM>0.93GB</RAM>
  <DISK>1.08GB</DISK>
</comp>
<comp>
  <id>Comp:3-1-0</id>
  <CPU>0.208Gf</CPU>
  <RAM>0.93GB</RAM>
  <DISK>1.66GB</DISK>
</comp>
<comp>
  <id>Comp:3-1-1</id>
  <CPU>0.208Gf</CPU>
  <RAM>0.93GB</RAM>
  <DISK>1.66GB</DISK>
</comp>
<comp>
  <id>Comp:3-1-2</id>
  <CPU>0.208Gf</CPU>
  <RAM>0.93GB</RAM>
  <DISK>1.66GB</DISK>
</comp>
<comp>
  <id>Comp:3-1-3</id>
  <CPU>0.208Gf</CPU>
  <RAM>0.93GB</RAM>
  <DISK>1.66GB</DISK>
</comp>
<comp>
  <id>Comp:3-1-4</id>
  <CPU>0.208Gf</CPU>
  <RAM>0.93GB</RAM>
  <DISK>1.66GB</DISK>
</comp>
  <bind>Comp:3-1-0 Comp:3-0-0 0.998MBps 26.4ms</bind>
  <bind>Comp:3-0-0 Comp:3-1-0 0.998MBps 26.4ms</bind>
  <bind>Comp:3-1-1 Comp:3-0-0 0.998MBps 26.4ms</bind>
  <bind>Comp:3-0-0 Comp:3-1-1 0.998MBps 26.4ms</bind>
  <bind>Comp:3-1-2 Comp:3-0-0 0.998MBps 26.4ms</bind>
  <bind>Comp:3-0-0 Comp:3-1-2 0.998MBps 26.4ms</bind>
  <bind>Comp:3-1-3 Comp:3-0-0 0.998MBps 26.4ms</bind>
  <bind>Comp:3-0-0 Comp:3-1-3 0.998MBps 26.4ms</bind>
  <bind>Comp:3-1-4 Comp:3-0-0 0.998MBps 26.4ms</bind>
  <bind>Comp:3-0-0 Comp:3-1-4 0.998MBps 26.4ms</bind>
  <bind>Comp:3-1-0 Appliance-6 0.946MBps 43.4ms</bind>
  <bind>Appliance-6 Comp:3-1-0 0.946MBps 43.4ms</bind>
  <bind>Comp:3-1-1 Appliance-32 0.946MBps 43.4ms</bind>
  <bind>Appliance-32 Comp:3-1-1 0.946MBps 43.4ms</bind>
  <bind>Comp:3-1-2 Appliance-24 0.946MBps 43.4ms</bind>
  <bind>Appliance-24 Comp:3-1-2 0.946MBps 43.4ms</bind>
  <bind>Comp:3-1-3 Appliance-32 0.946MBps 43.4ms</bind>
  <bind>Appliance-32 Comp:3-1-3 0.946MBps 43.4ms</bind>
  <bind>Comp:3-1-4 Appliance-6 0.946MBps 43.4ms</bind>
  <bind>Appliance-6 Comp:3-1-4 0.946MBps 43.4ms</bind>
</app>
<app>
  <id>App6</id>
<comp>
  <id>Comp:6-1-0</id>
  <CPU>0.401Gf</CPU>
  <RAM>0.565GB</RAM>
  <DISK>0.471GB</DISK>
</comp>
<comp>
  <id>Comp:6-2-0</id>
  <CPU>0.36Gf</CPU>
  <RAM>0.586GB</RAM>
  <DISK>2.0GB</DISK>
</comp>
<comp>
  <id>Comp:6-2-1</id>
  <CPU>0.36Gf</CPU>
  <RAM>0.586GB</RAM>
  <DISK>2.0GB</DISK>
</comp>
<comp>
  <id>Comp:6-2-2</id>
  <CPU>0.36Gf</CPU>
  <RAM>0.586GB</RAM>
  <DISK>2.0GB</DISK>
</comp>
<comp>
  <id>Comp:6-2-3</id>
  <CPU>0.36Gf</CPU>
  <RAM>0.586GB</RAM>
  <DISK>2.0GB</DISK>
</comp>
<comp>
  <id>Comp:6-2-4</id>
  <CPU>0.36Gf</CPU>
  <RAM>0.586GB</RAM>
  <DISK>2.0GB</DISK>
</comp>
<comp>
  <id>Comp:6-2-5</id>
  <CPU>0.36Gf</CPU>
  <RAM>0.586GB</RAM>
  <DISK>2.0GB</DISK>
</comp>
<comp>
  <id>Comp:6-2-6</id>
  <CPU>0.36Gf</CPU>
  <RAM>0.586GB</RAM>
  <DISK>2.0GB</DISK>
</comp>
<comp>
  <id>Comp:6-2-7</id>
  <CPU>0.36Gf</CPU>
  <RAM>0.586GB</RAM>
  <DISK>2.0GB</DISK>
</comp>
<comp>
  <id>Comp:6-3-0</id>
  <CPU>0.493Gf</CPU>
  <RAM>0.653GB</RAM>
  <DISK>0.199GB</DISK>
</comp>
  <bind>Comp:6-1-0 Appliance-4 0.33MBps 47.4ms</bind>
  <bind>Appliance-4 Comp:6-1-0 0.33MBps 47.4ms</bind>
  <bind>Comp:6-1-0 Appliance-22 0.33MBps 47.4ms</bind>
  <bind>Appliance-22 Comp:6-1-0 0.33MBps 47.4ms</bind>
  <bind>Comp:6-1-0 Appliance-32 0.33MBps 47.4ms</bind>
  <bind>Appliance-32 Comp:6-1-0 0.33MBps 47.4ms</bind>
  <bind>Comp:6-1-0 Appliance-38 0.33MBps 47.4ms</bind>
  <bind>Appliance-38 Comp:6-1-0 0.33MBps 47.4ms</bind>
  <bind>Comp:6-1-0 Appliance-13 0.33MBps 47.4ms</bind>
  <bind>Appliance-13 Comp:6-1-0 0.33MBps 47.4ms</bind>
  <bind>Comp:6-2-0 Comp:6-1-0 0.0403MBps 31.4ms</bind>
  <bind>Comp:6-1-0 Comp:6-2-0 0.0403MBps 31.4ms</bind>
  <bind>Comp:6-2-1 Comp:6-1-0 0.0403MBps 31.4ms</bind>
  <bind>Comp:6-1-0 Comp:6-2-1 0.0403MBps 31.4ms</bind>
  <bind>Comp:6-2-2 Comp:6-1-0 0.0403MBps 31.4ms</bind>
  <bind>Comp:6-1-0 Comp:6-2-2 0.0403MBps 31.4ms</bind>
  <bind>Comp:6-2-3 Comp:6-1-0 0.0403MBps 31.4ms</bind>
  <bind>Comp:6-1-0 Comp:6-2-3 0.0403MBps 31.4ms</bind>
  <bind>Comp:6-2-4 Comp:6-1-0 0.0403MBps 31.4ms</bind>
  <bind>Comp:6-1-0 Comp:6-2-4 0.0403MBps 31.4ms</bind>
  <bind>Comp:6-2-5 Comp:6-1-0 0.0403MBps 31.4ms</bind>
  <bind>Comp:6-1-0 Comp:6-2-5 0.0403MBps 31.4ms</bind>
  <bind>Comp:6-2-6 Comp:6-1-0 0.0403MBps 31.4ms</bind>
  <bind>Comp:6-1-0 Comp:6-2-6 0.0403MBps 31.4ms</bind>
  <bind>Comp:6-2-7 Comp:6-1-0 0.0403MBps 31.4ms</bind>
  <bind>Comp:6-1-0 Comp:6-2-7 0.0403MBps 31.4ms</bind>
  <bind>Comp:6-3-0 Comp:6-2-0 0.569MBps 25.8ms</bind>
  <bind>Comp:6-2-0 Comp:6-3-0 0.569MBps 25.8ms</bind>
  <bind>Comp:6-3-0 Comp:6-2-1 0.569MBps 25.8ms</bind>
  <bind>Comp:6-2-1 Comp:6-3-0 0.569MBps 25.8ms</bind>
  <bind>Comp:6-3-0 Comp:6-2-2 0.569MBps 25.8ms</bind>
  <bind>Comp:6-2-2 Comp:6-3-0 0.569MBps 25.8ms</bind>
  <bind>Comp:6-3-0 Comp:6-2-3 0.569MBps 25.8ms</bind>
  <bind>Comp:6-2-3 Comp:6-3-0 0.569MBps 25.8ms</bind>
  <bind>Comp:6-3-0 Comp:6-2-4 0.569MBps 25.8ms</bind>
  <bind>Comp:6-2-4 Comp:6-3-0 0.569MBps 25.8ms</bind>
  <bind>Comp:6-3-0 Comp:6-2-5 0.569MBps 25.8ms</bind>
  <bind>Comp:6-2-5 Comp:6-3-0 0.569MBps 25.8ms</bind>
  <bind>Comp:6-3-0 Comp:6-2-6 0.569MBps 25.8ms</bind>
  <bind>Comp:6-2-6 Comp:6-3-0 0.569MBps 25.8ms</bind>
  <bind>Comp:6-3-0 Comp:6-2-7 0.569MBps 25.8ms</bind>
  <bind>Comp:6-2-7 Comp:6-3-0 0.569MBps 25.8ms</bind>
  <bind>Comp:6-3-0 Appliance-32 0.61MBps 35.1ms</bind>
  <bind>Appliance-32 Comp:6-3-0 0.61MBps 35.1ms</bind>
  <bind>Comp:6-3-0 Appliance-9 0.61MBps 35.1ms</bind>
  <bind>Appliance-9 Comp:6-3-0 0.61MBps 35.1ms</bind>
  <bind>Comp:6-3-0 Appliance-32 0.61MBps 35.1ms</bind>
  <bind>Appliance-32 Comp:6-3-0 0.61MBps 35.1ms</bind>
</app>
<app>
  <id>App7</id>
<comp>
  <id>Comp:7-0-0</id>
  <CPU>0.264Gf</CPU>
  <RAM>0.498GB</RAM>
  <DISK>1.19GB</DISK>
</comp>
<comp>
  <id>Comp:7-0-1</id>
  <CPU>0.264Gf</CPU>
  <RAM>0.498GB</RAM>
  <DISK>1.19GB</DISK>
</comp>
<comp>
  <id>Comp:7-0-2</id>
  <CPU>0.264Gf</CPU>
  <RAM>0.498GB</RAM>
  <DISK>1.19GB</DISK>
</comp>
<comp>
  <id>Comp:7-0-3</id>
  <CPU>0.264Gf</CPU>
  <RAM>0.498GB</RAM>
  <DISK>1.19GB</DISK>
</comp>
<comp>
  <id>Comp:7-0-4</id>
  <CPU>0.264Gf</CPU>
  <RAM>0.498GB</RAM>
  <DISK>1.19GB</DISK>
</comp>
<comp>
  <id>Comp:7-0-5</id>
  <CPU>0.264Gf</CPU>
  <RAM>0.498GB</RAM>
  <DISK>1.19GB</DISK>
</comp>
<comp>
  <id>Comp:7-0-6</id>
  <CPU>0.264Gf</CPU>
  <RAM>0.498GB</RAM>
  <DISK>1.19GB</DISK>
</comp>
<comp>
  <id>Comp:7-0-7</id>
  <CPU>0.264Gf</CPU>
  <RAM>0.498GB</RAM>
  <DISK>1.19GB</DISK>
</comp>
<comp>
  <id>Comp:7-1-0</id>
  <CPU>0.217Gf</CPU>
  <RAM>0.34GB</RAM>
  <DISK>1.56GB</DISK>
</comp>
<comp>
  <id>Comp:7-1-1</id>
  <CPU>0.217Gf</CPU>
  <RAM>0.34GB</RAM>
  <DISK>1.56GB</DISK>
</comp>
<comp>
  <id>Comp:7-1-2</id>
  <CPU>0.217Gf</CPU>
  <RAM>0.34GB</RAM>
  <DISK>1.56GB</DISK>
</comp>
<comp>
  <id>Comp:7-1-3</id>
  <CPU>0.217Gf</CPU>
  <RAM>0.34GB</RAM>
  <DISK>1.56GB</DISK>
</comp>
<comp>
  <id>Comp:7-1-4</id>
  <CPU>0.217Gf</CPU>
  <RAM>0.34GB</RAM>
  <DISK>1.56GB</DISK>
</comp>
<comp>
  <id>Comp:7-1-5</id>
  <CPU>0.217Gf</CPU>
  <RAM>0.34GB</RAM>
  <DISK>1.56GB</DISK>
</comp>
<comp>
  <id>Comp:7-1-6</id>
  <CPU>0.217Gf</CPU>
  <RAM>0.34GB</RAM>
  <DISK>1.56GB</DISK>
</comp>
<comp>
  <id>Comp:7-2-0</id>
  <CPU>0.88Gf</CPU>
  <RAM>0.84GB</RAM>
  <DISK>0.15GB</DISK>
</comp>
<comp>
  <id>Comp:7-2-1</id>
  <CPU>0.88Gf</CPU>
  <RAM>0.84GB</RAM>
  <DISK>0.15GB</DISK>
</comp>
<comp>
  <id>Comp:7-2-2</id>
  <CPU>0.88Gf</CPU>
  <RAM>0.84GB</RAM>
  <DISK>0.15GB</DISK>
</comp>
<comp>
  <id>Comp:7-2-3</id>
  <CPU>0.88Gf</CPU>
  <RAM>0.84GB</RAM>
  <DISK>0.15GB</DISK>
</comp>
<comp>
  <id>Comp:7-2-4</id>
  <CPU>0.88Gf</CPU>
  <RAM>0.84GB</RAM>
  <DISK>0.15GB</DISK>
</comp>
<comp>
  <id>Comp:7-2-5</id>
  <CPU>0.88Gf</CPU>
  <RAM>0.84GB</RAM>
  <DISK>0.15GB</DISK>
</comp>
<comp>
  <id>Comp:7-2-6</id>
  <CPU>0.88Gf</CPU>
  <RAM>0.84GB</RAM>
  <DISK>0.15GB</DISK>
</comp>
<comp>
  <id>Comp:7-2-7</id>
  <CPU>0.88Gf</CPU>
  <RAM>0.84GB</RAM>
  <DISK>0.15GB</DISK>
</comp>
<comp>
  <id>Comp:7-3-0</id>
  <CPU>0.21Gf</CPU>
  <RAM>0.47GB</RAM>
  <DISK>1.27GB</DISK>
</comp>
  <bind>Comp:7-1-0 Comp:7-0-0 0.239MBps 26.8ms</bind>
  <bind>Comp:7-0-0 Comp:7-1-0 0.239MBps 26.8ms</bind>
  <bind>Comp:7-1-1 Comp:7-0-1 0.239MBps 26.8ms</bind>
  <bind>Comp:7-0-1 Comp:7-1-1 0.239MBps 26.8ms</bind>
  <bind>Comp:7-1-2 Comp:7-0-2 0.239MBps 26.8ms</bind>
  <bind>Comp:7-0-2 Comp:7-1-2 0.239MBps 26.8ms</bind>
  <bind>Comp:7-1-3 Comp:7-0-3 0.239MBps 26.8ms</bind>
  <bind>Comp:7-0-3 Comp:7-1-3 0.239MBps 26.8ms</bind>
  <bind>Comp:7-1-4 Comp:7-0-4 0.239MBps 26.8ms</bind>
  <bind>Comp:7-0-4 Comp:7-1-4 0.239MBps 26.8ms</bind>
  <bind>Comp:7-1-5 Comp:7-0-5 0.239MBps 26.8ms</bind>
  <bind>Comp:7-0-5 Comp:7-1-5 0.239MBps 26.8ms</bind>
  <bind>Comp:7-1-6 Comp:7-0-6 0.239MBps 26.8ms</bind>
  <bind>Comp:7-0-6 Comp:7-1-6 0.239MBps 26.8ms</bind>
  <bind>Comp:7-1-0 Comp:7-0-7 0.239MBps 26.8ms</bind>
  <bind>Comp:7-0-7 Comp:7-1-0 0.239MBps 26.8ms</bind>
  <bind>Comp:7-2-0 Comp:7-1-0 0.486MBps 29.9ms</bind>
  <bind>Comp:7-1-0 Comp:7-2-0 0.486MBps 29.9ms</bind>
  <bind>Comp:7-2-1 Comp:7-1-1 0.486MBps 29.9ms</bind>
  <bind>Comp:7-1-1 Comp:7-2-1 0.486MBps 29.9ms</bind>
  <bind>Comp:7-2-2 Comp:7-1-2 0.486MBps 29.9ms</bind>
  <bind>Comp:7-1-2 Comp:7-2-2 0.486MBps 29.9ms</bind>
  <bind>Comp:7-2-3 Comp:7-1-3 0.486MBps 29.9ms</bind>
  <bind>Comp:7-1-3 Comp:7-2-3 0.486MBps 29.9ms</bind>
  <bind>Comp:7-2-4 Comp:7-1-4 0.486MBps 29.9ms</bind>
  <bind>Comp:7-1-4 Comp:7-2-4 0.486MBps 29.9ms</bind>
  <bind>Comp:7-2-5 Comp:7-1-5 0.486MBps 29.9ms</bind>
  <bind>Comp:7-1-5 Comp:7-2-5 0.486MBps 29.9ms</bind>
  <bind>Comp:7-2-6 Comp:7-1-6 0.486MBps 29.9ms</bind>
  <bind>Comp:7-1-6 Comp:7-2-6 0.486MBps 29.9ms</bind>
  <bind>Comp:7-2-7 Comp:7-1-0 0.486MBps 29.9ms</bind>
  <bind>Comp:7-1-0 Comp:7-2-7 0.486MBps 29.9ms</bind>
  <bind>Comp:7-3-0 Comp:7-2-0 0.967MBps 46.2ms</bind>
  <bind>Comp:7-2-0 Comp:7-3-0 0.967MBps 46.2ms</bind>
  <bind>Comp:7-3-0 Comp:7-2-1 0.967MBps 46.2ms</bind>
  <bind>Comp:7-2-1 Comp:7-3-0 0.967MBps 46.2ms</bind>
  <bind>Comp:7-3-0 Comp:7-2-2 0.967MBps 46.2ms</bind>
  <bind>Comp:7-2-2 Comp:7-3-0 0.967MBps 46.2ms</bind>
  <bind>Comp:7-3-0 Comp:7-2-3 0.967MBps 46.2ms</bind>
  <bind>Comp:7-2-3 Comp:7-3-0 0.967MBps 46.2ms</bind>
  <bind>Comp:7-3-0 Comp:7-2-4 0.967MBps 46.2ms</bind>
  <bind>Comp:7-2-4 Comp:7-3-0 0.967MBps 46.2ms</bind>
  <bind>Comp:7-3-0 Comp:7-2-5 0.967MBps 46.2ms</bind>
  <bind>Comp:7-2-5 Comp:7-3-0 0.967MBps 46.2ms</bind>
  <bind>Comp:7-3-0 Comp:7-2-6 0.967MBps 46.2ms</bind>
  <bind>Comp:7-2-6 Comp:7-3-0 0.967MBps 46.2ms</bind>
  <bind>Comp:7-3-0 Comp:7-2-7 0.967MBps 46.2ms</bind>
  <bind>Comp:7-2-7 Comp:7-3-0 0.967MBps 46.2ms</bind>
  <bind>Comp:7-3-0 Appliance-18 0.867MBps 28.2ms</bind>
  <bind>Appliance-18 Comp:7-3-0 0.867MBps 28.2ms</bind>
  <bind>Comp:7-3-0 Appliance-31 0.867MBps 28.2ms</bind>
  <bind>Appliance-31 Comp:7-3-0 0.867MBps 28.2ms</bind>
  <bind>Comp:7-3-0 Appliance-8 0.867MBps 28.2ms</bind>
  <bind>Appliance-8 Comp:7-3-0 0.867MBps 28.2ms</bind>
  <bind>Comp:7-3-0 Appliance-16 0.867MBps 28.2ms</bind>
  <bind>Appliance-16 Comp:7-3-0 0.867MBps 28.2ms</bind>
</app>
</apps>
