<?xml version="1.0"?>
<apps>
<app>
  <id>App1</id>
<comp>
  <id>Comp:1-0-0</id>
  <CPU>0.552Gf</CPU>
  <RAM>0.754GB</RAM>
  <DISK>1.17GB</DISK>
</comp>
<comp>
  <id>Comp:1-0-1</id>
  <CPU>0.552Gf</CPU>
  <RAM>0.754GB</RAM>
  <DISK>1.17GB</DISK>
</comp>
<comp>
  <id>Comp:1-1-0</id>
  <CPU>0.545Gf</CPU>
  <RAM>0.908GB</RAM>
  <DISK>0.295GB</DISK>
</comp>
<comp>
  <id>Comp:1-1-1</id>
  <CPU>0.545Gf</CPU>
  <RAM>0.908GB</RAM>
  <DISK>0.295GB</DISK>
</comp>
<comp>
  <id>Comp:1-1-2</id>
  <CPU>0.545Gf</CPU>
  <RAM>0.908GB</RAM>
  <DISK>0.295GB</DISK>
</comp>
<comp>
  <id>Comp:1-1-3</id>
  <CPU>0.545Gf</CPU>
  <RAM>0.908GB</RAM>
  <DISK>0.295GB</DISK>
</comp>
<comp>
  <id>Comp:1-1-4</id>
  <CPU>0.545Gf</CPU>
  <RAM>0.908GB</RAM>
  <DISK>0.295GB</DISK>
</comp>
<comp>
  <id>Comp:1-1-5</id>
  <CPU>0.545Gf</CPU>
  <RAM>0.908GB</RAM>
  <DISK>0.295GB</DISK>
</comp>
<comp>
  <id>Comp:1-2-0</id>
  <CPU>0.724Gf</CPU>
  <RAM>0.467GB</RAM>
  <DISK>1.98GB</DISK>
</comp>
<comp>
  <id>Comp:1-2-1</id>
  <CPU>0.724Gf</CPU>
  <RAM>0.467GB</RAM>
  <DISK>1.98GB</DISK>
</comp>
<comp>
  <id>Comp:1-2-2</id>
  <CPU>0.724Gf</CPU>
  <RAM>0.467GB</RAM>
  <DISK>1.98GB</DISK>
</comp>
<comp>
  <id>Comp:1-2-3</id>
  <CPU>0.724Gf</CPU>
  <RAM>0.467GB</RAM>
  <DISK>1.98GB</DISK>
</comp>
<comp>
  <id>Comp:1-2-4</id>
  <CPU>0.724Gf</CPU>
  <RAM>0.467GB</RAM>
  <DISK>1.98GB</DISK>
</comp>
<comp>
  <id>Comp:1-3-0</id>
  <CPU>0.37Gf</CPU>
  <RAM>0.913GB</RAM>
  <DISK>1.47GB</DISK>
</comp>
<comp>
  <id>Comp:1-3-1</id>
  <CPU>0.37Gf</CPU>
  <RAM>0.913GB</RAM>
  <DISK>1.47GB</DISK>
</comp>
<comp>
  <id>Comp:1-3-2</id>
  <CPU>0.37Gf</CPU>
  <RAM>0.913GB</RAM>
  <DISK>1.47GB</DISK>
</comp>
<comp>
  <id>Comp:1-3-3</id>
  <CPU>0.37Gf</CPU>
  <RAM>0.913GB</RAM>
  <DISK>1.47GB</DISK>
</comp>
<comp>
  <id>Comp:1-3-4</id>
  <CPU>0.37Gf</CPU>
  <RAM>0.913GB</RAM>
  <DISK>1.47GB</DISK>
</comp>
<comp>
  <id>Comp:1-3-5</id>
  <CPU>0.37Gf</CPU>
  <RAM>0.913GB</RAM>
  <DISK>1.47GB</DISK>
</comp>
<comp>
  <id>Comp:1-3-6</id>
  <CPU>0.37Gf</CPU>
  <RAM>0.913GB</RAM>
  <DISK>1.47GB</DISK>
</comp>
<comp>
  <id>Comp:1-4-0</id>
  <CPU>0.781Gf</CPU>
  <RAM>0.741GB</RAM>
  <DISK>0.647GB</DISK>
</comp>
<comp>
  <id>Comp:1-4-1</id>
  <CPU>0.781Gf</CPU>
  <RAM>0.741GB</RAM>
  <DISK>0.647GB</DISK>
</comp>
<comp>
  <id>Comp:1-4-2</id>
  <CPU>0.781Gf</CPU>
  <RAM>0.741GB</RAM>
  <DISK>0.647GB</DISK>
</comp>
<comp>
  <id>Comp:1-4-3</id>
  <CPU>0.781Gf</CPU>
  <RAM>0.741GB</RAM>
  <DISK>0.647GB</DISK>
</comp>
<comp>
  <id>Comp:1-4-4</id>
  <CPU>0.781Gf</CPU>
  <RAM>0.741GB</RAM>
  <DISK>0.647GB</DISK>
</comp>
<comp>
  <id>Comp:1-4-5</id>
  <CPU>0.781Gf</CPU>
  <RAM>0.741GB</RAM>
  <DISK>0.647GB</DISK>
</comp>
<comp>
  <id>Comp:1-4-6</id>
  <CPU>0.781Gf</CPU>
  <RAM>0.741GB</RAM>
  <DISK>0.647GB</DISK>
</comp>
<comp>
  <id>Comp:1-4-7</id>
  <CPU>0.781Gf</CPU>
  <RAM>0.741GB</RAM>
  <DISK>0.647GB</DISK>
</comp>
  <bind>Comp:1-1-0 Comp:1-0-0 0.507MBps 47.9ms</bind>
  <bind>Comp:1-0-0 Comp:1-1-0 0.507MBps 47.9ms</bind>
  <bind>Comp:1-1-1 Comp:1-0-1 0.507MBps 47.9ms</bind>
  <bind>Comp:1-0-1 Comp:1-1-1 0.507MBps 47.9ms</bind>
  <bind>Comp:1-1-2 Comp:1-0-0 0.507MBps 47.9ms</bind>
  <bind>Comp:1-0-0 Comp:1-1-2 0.507MBps 47.9ms</bind>
  <bind>Comp:1-1-3 Comp:1-0-1 0.507MBps 47.9ms</bind>
  <bind>Comp:1-0-1 Comp:1-1-3 0.507MBps 47.9ms</bind>
  <bind>Comp:1-1-4 Comp:1-0-0 0.507MBps 47.9ms</bind>
  <bind>Comp:1-0-0 Comp:1-1-4 0.507MBps 47.9ms</bind>
  <bind>Comp:1-1-5 Comp:1-0-1 0.507MBps 47.9ms</bind>
  <bind>Comp:1-0-1 Comp:1-1-5 0.507MBps 47.9ms</bind>
  <bind>Comp:1-2-0 Comp:1-1-0 0.959MBps 29.8ms</bind>
  <bind>Comp:1-1-0 Comp:1-2-0 0.959MBps 29.8ms</bind>
  <bind>Comp:1-2-1 Comp:1-1-1 0.959MBps 29.8ms</bind>
  <bind>Comp:1-1-1 Comp:1-2-1 0.959MBps 29.8ms</bind>
  <bind>Comp:1-2-2 Comp:1-1-2 0.959MBps 29.8ms</bind>
  <bind>Comp:1-1-2 Comp:1-2-2 0.959MBps 29.8ms</bind>
  <bind>Comp:1-2-3 Comp:1-1-3 0.959MBps 29.8ms</bind>
  <bind>Comp:1-1-3 Comp:1-2-3 0.959MBps 29.8ms</bind>
  <bind>Comp:1-2-4 Comp:1-1-4 0.959MBps 29.8ms</bind>
  <bind>Comp:1-1-4 Comp:1-2-4 0.959MBps 29.8ms</bind>
  <bind>Comp:1-2-0 Comp:1-1-5 0.959MBps 29.8ms</bind>
  <bind>Comp:1-1-5 Comp:1-2-0 0.959MBps 29.8ms</bind>
  <bind>Comp:1-3-0 Comp:1-2-0 0.562MBps 48.0ms</bind>
  <bind>Comp:1-2-0 Comp:1-3-0 0.562MBps 48.0ms</bind>
  <bind>Comp:1-3-1 Comp:1-2-1 0.562MBps 48.0ms</bind>
  <bind>Comp:1-2-1 Comp:1-3-1 0.562MBps 48.0ms</bind>
  <bind>Comp:1-3-2 Comp:1-2-2 0.562MBps 48.0ms</bind>
  <bind>Comp:1-2-2 Comp:1-3-2 0.562MBps 48.0ms</bind>
  <bind>Comp:1-3-3 Comp:1-2-3 0.562MBps 48.0ms</bind>
  <bind>Comp:1-2-3 Comp:1-3-3 0.562MBps 48.0ms</bind>
  <bind>Comp:1-3-4 Comp:1-2-4 0.562MBps 48.0ms</bind>
  <bind>Comp:1-2-4 Comp:1-3-4 0.562MBps 48.0ms</bind>
  <bind>Comp:1-3-5 Comp:1-2-0 0.562MBps 48.0ms</bind>
  <bind>Comp:1-2-0 Comp:1-3-5 0.562MBps 48.0ms</bind>
  <bind>Comp:1-3-6 Comp:1-2-1 0.562MBps 48.0ms</bind>
  <bind>Comp:1-2-1 Comp:1-3-6 0.562MBps 48.0ms</bind>
  <bind>Comp:1-4-0 Comp:1-3-0 0.208MBps 37.6ms</bind>
  <bind>Comp:1-3-0 Comp:1-4-0 0.208MBps 37.6ms</bind>
  <bind>Comp:1-4-1 Comp:1-3-1 0.208MBps 37.6ms</bind>
  <bind>Comp:1-3-1 Comp:1-4-1 0.208MBps 37.6ms</bind>
  <bind>Comp:1-4-2 Comp:1-3-2 0.208MBps 37.6ms</bind>
  <bind>Comp:1-3-2 Comp:1-4-2 0.208MBps 37.6ms</bind>
  <bind>Comp:1-4-3 Comp:1-3-3 0.208MBps 37.6ms</bind>
  <bind>Comp:1-3-3 Comp:1-4-3 0.208MBps 37.6ms</bind>
  <bind>Comp:1-4-4 Comp:1-3-4 0.208MBps 37.6ms</bind>
  <bind>Comp:1-3-4 Comp:1-4-4 0.208MBps 37.6ms</bind>
  <bind>Comp:1-4-5 Comp:1-3-5 0.208MBps 37.6ms</bind>
  <bind>Comp:1-3-5 Comp:1-4-5 0.208MBps 37.6ms</bind>
  <bind>Comp:1-4-6 Comp:1-3-6 0.208MBps 37.6ms</bind>
  <bind>Comp:1-3-6 Comp:1-4-6 0.208MBps 37.6ms</bind>
  <bind>Comp:1-4-7 Comp:1-3-0 0.208MBps 37.6ms</bind>
  <bind>Comp:1-3-0 Comp:1-4-7 0.208MBps 37.6ms</bind>
  <bind>Comp:1-4-0 Appliance-0 0.364MBps 38.6ms</bind>
  <bind>Appliance-0 Comp:1-4-0 0.364MBps 38.6ms</bind>
  <bind>Comp:1-4-1 Appliance-29 0.364MBps 38.6ms</bind>
  <bind>Appliance-29 Comp:1-4-1 0.364MBps 38.6ms</bind>
  <bind>Comp:1-4-2 Appliance-6 0.364MBps 38.6ms</bind>
  <bind>Appliance-6 Comp:1-4-2 0.364MBps 38.6ms</bind>
  <bind>Comp:1-4-3 Appliance-10 0.364MBps 38.6ms</bind>
  <bind>Appliance-10 Comp:1-4-3 0.364MBps 38.6ms</bind>
  <bind>Comp:1-4-4 Appliance-3 0.364MBps 38.6ms</bind>
  <bind>Appliance-3 Comp:1-4-4 0.364MBps 38.6ms</bind>
  <bind>Comp:1-4-5 Appliance-29 0.364MBps 38.6ms</bind>
  <bind>Appliance-29 Comp:1-4-5 0.364MBps 38.6ms</bind>
  <bind>Comp:1-4-6 Appliance-21 0.364MBps 38.6ms</bind>
  <bind>Appliance-21 Comp:1-4-6 0.364MBps 38.6ms</bind>
  <bind>Comp:1-4-7 Appliance-0 0.364MBps 38.6ms</bind>
  <bind>Appliance-0 Comp:1-4-7 0.364MBps 38.6ms</bind>
</app>
<app>
  <id>App10</id>
<comp>
  <id>Comp:10-1-0</id>
  <CPU>0.362Gf</CPU>
  <RAM>0.655GB</RAM>
  <DISK>0.158GB</DISK>
</comp>
<comp>
  <id>Comp:10-1-1</id>
  <CPU>0.362Gf</CPU>
  <RAM>0.655GB</RAM>
  <DISK>0.158GB</DISK>
</comp>
<comp>
  <id>Comp:10-1-2</id>
  <CPU>0.362Gf</CPU>
  <RAM>0.655GB</RAM>
  <DISK>0.158GB</DISK>
</comp>
<comp>
  <id>Comp:10-1-3</id>
  <CPU>0.362Gf</CPU>
  <RAM>0.655GB</RAM>
  <DISK>0.158GB</DISK>
</comp>
<comp>
  <id>Comp:10-1-4</id>
  <CPU>0.362Gf</CPU>
  <RAM>0.655GB</RAM>
  <DISK>0.158GB</DISK>
</comp>
<comp>
  <id>Comp:10-1-5</id>
  <CPU>0.362Gf</CPU>
  <RAM>0.655GB</RAM>
  <DISK>0.158GB</DISK>
</comp>
<comp>
  <id>Comp:10-1-6</id>
  <CPU>0.362Gf</CPU>
  <RAM>0.655GB</RAM>
  <DISK>0.158GB</DISK>
</comp>
<comp>
  <id>Comp:10-1-7</id>
  <CPU>0.362Gf</CPU>
  <RAM>0.655GB</RAM>
  <DISK>0.158GB</DISK>
</comp>
<comp>
  <id>Comp:10-1-8</id>
  <CPU>0.362Gf</CPU>
  <RAM>0.655GB</RAM>
  <DISK>0.158GB</DISK>
</comp>
<comp>
  <id>Comp:10-1-9</id>
  <CPU>0.362Gf</CPU>
  <RAM>0.655GB</RAM>
  <DISK>0.158GB</DISK>
</comp>
<comp>
  <id>Comp:10-2-0</id>
  <CPU>0.406Gf</CPU>
  <RAM>0.657GB</RAM>
  <DISK>1.82GB</DISK>
</comp>
<comp>
  <id>Comp:10-2-1</id>
  <CPU>0.406Gf</CPU>
  <RAM>0.657GB</RAM>
  <DISK>1.82GB</DISK>
</comp>
<comp>
  <id>Comp:10-2-2</id>
  <CPU>0.406Gf</CPU>
  <RAM>0.657GB</RAM>
  <DISK>1.82GB</DISK>
</comp>
<comp>
  <id>Comp:10-2-3</id>
  <CPU>0.406Gf</CPU>
  <RAM>0.657GB</RAM>
  <DISK>1.82GB</DISK>
</comp>
<comp>
  <id>Comp:10-3-0</id>
  <CPU>0.497Gf</CPU>
  <RAM>0.328GB</RAM>
  <DISK>1.9GB</DISK>
</comp>
<comp>
  <id>Comp:10-3-1</id>
  <CPU>0.497Gf</CPU>
  <RAM>0.328GB</RAM>
  <DISK>1.9GB</DISK>
</comp>
<comp>
  <id>Comp:10-3-2</id>
  <CPU>0.497Gf</CPU>
  <RAM>0.328GB</RAM>
  <DISK>1.9GB</DISK>
</comp>
<comp>
  <id>Comp:10-3-3</id>
  <CPU>0.497Gf</CPU>
  <RAM>0.328GB</RAM>
  <DISK>1.9GB</DISK>
</comp>
<comp>
  <id>Comp:10-3-4</id>
  <CPU>0.497Gf</CPU>
  <RAM>0.328GB</RAM>
  <DISK>1.9GB</DISK>
</comp>
<comp>
  <id>Comp:10-4-0</id>
  <CPU>0.965Gf</CPU>
  <RAM>0.167GB</RAM>
  <DISK>0.798GB</DISK>
</comp>
<comp>
  <id>Comp:10-4-1</id>
  <CPU>0.965Gf</CPU>
  <RAM>0.167GB</RAM>
  <DISK>0.798GB</DISK>
</comp>
<comp>
  <id>Comp:10-4-2</id>
  <CPU>0.965Gf</CPU>
  <RAM>0.167GB</RAM>
  <DISK>0.798GB</DISK>
</comp>
<comp>
  <id>Comp:10-4-3</id>
  <CPU>0.965Gf</CPU>
  <RAM>0.167GB</RAM>
  <DISK>0.798GB</DISK>
</comp>
<comp>
  <id>Comp:10-4-4</id>
  <CPU>0.965Gf</CPU>
  <RAM>0.167GB</RAM>
  <DISK>0.798GB</DISK>
</comp>
  <bind>Comp:10-1-0 Appliance-11 0.217MBps 41.6ms</bind>
  <bind>Appliance-11 Comp:10-1-0 0.217MBps 41.6ms</bind>
  <bind>Comp:10-1-1 Appliance-16 0.217MBps 41.6ms</bind>
  <bind>Appliance-16 Comp:10-1-1 0.217MBps 41.6ms</bind>
  <bind>Comp:10-1-2 Appliance-37 0.217MBps 41.6ms</bind>
  <bind>Appliance-37 Comp:10-1-2 0.217MBps 41.6ms</bind>
  <bind>Comp:10-1-3 Appliance-20 0.217MBps 41.6ms</bind>
  <bind>Appliance-20 Comp:10-1-3 0.217MBps 41.6ms</bind>
  <bind>Comp:10-1-4 Appliance-36 0.217MBps 41.6ms</bind>
  <bind>Appliance-36 Comp:10-1-4 0.217MBps 41.6ms</bind>
  <bind>Comp:10-1-5 Appliance-23 0.217MBps 41.6ms</bind>
  <bind>Appliance-23 Comp:10-1-5 0.217MBps 41.6ms</bind>
  <bind>Comp:10-1-6 Appliance-24 0.217MBps 41.6ms</bind>
  <bind>Appliance-24 Comp:10-1-6 0.217MBps 41.6ms</bind>
  <bind>Comp:10-1-7 Appliance-28 0.217MBps 41.6ms</bind>
  <bind>Appliance-28 Comp:10-1-7 0.217MBps 41.6ms</bind>
  <bind>Comp:10-1-8 Appliance-11 0.217MBps 41.6ms</bind>
  <bind>Appliance-11 Comp:10-1-8 0.217MBps 41.6ms</bind>
  <bind>Comp:10-1-9 Appliance-16 0.217MBps 41.6ms</bind>
  <bind>Appliance-16 Comp:10-1-9 0.217MBps 41.6ms</bind>
  <bind>Comp:10-2-0 Comp:10-1-0 0.161MBps 39.2ms</bind>
  <bind>Comp:10-1-0 Comp:10-2-0 0.161MBps 39.2ms</bind>
  <bind>Comp:10-2-1 Comp:10-1-1 0.161MBps 39.2ms</bind>
  <bind>Comp:10-1-1 Comp:10-2-1 0.161MBps 39.2ms</bind>
  <bind>Comp:10-2-2 Comp:10-1-2 0.161MBps 39.2ms</bind>
  <bind>Comp:10-1-2 Comp:10-2-2 0.161MBps 39.2ms</bind>
  <bind>Comp:10-2-3 Comp:10-1-3 0.161MBps 39.2ms</bind>
  <bind>Comp:10-1-3 Comp:10-2-3 0.161MBps 39.2ms</bind>
  <bind>Comp:10-2-0 Comp:10-1-4 0.161MBps 39.2ms</bind>
  <bind>Comp:10-1-4 Comp:10-2-0 0.161MBps 39.2ms</bind>
  <bind>Comp:10-2-1 Comp:10-1-5 0.161MBps 39.2ms</bind>
  <bind>Comp:10-1-5 Comp:10-2-1 0.161MBps 39.2ms</bind>
  <bind>Comp:10-2-2 Comp:10-1-6 0.161MBps 39.2ms</bind>
  <bind>Comp:10-1-6 Comp:10-2-2 0.161MBps 39.2ms</bind>
  <bind>Comp:10-2-3 Comp:10-1-7 0.161MBps 39.2ms</bind>
  <bind>Comp:10-1-7 Comp:10-2-3 0.161MBps 39.2ms</bind>
  <bind>Comp:10-2-0 Comp:10-1-8 0.161MBps 39.2ms</bind>
  <bind>Comp:10-1-8 Comp:10-2-0 0.161MBps 39.2ms</bind>
  <bind>Comp:10-2-1 Comp:10-1-9 0.161MBps 39.2ms</bind>
  <bind>Comp:10-1-9 Comp:10-2-1 0.161MBps 39.2ms</bind>
  <bind>Comp:10-3-0 Comp:10-2-0 0.926MBps 37.1ms</bind>
  <bind>Comp:10-2-0 Comp:10-3-0 0.926MBps 37.1ms</bind>
  <bind>Comp:10-3-1 Comp:10-2-1 0.926MBps 37.1ms</bind>
  <bind>Comp:10-2-1 Comp:10-3-1 0.926MBps 37.1ms</bind>
  <bind>Comp:10-3-2 Comp:10-2-2 0.926MBps 37.1ms</bind>
  <bind>Comp:10-2-2 Comp:10-3-2 0.926MBps 37.1ms</bind>
  <bind>Comp:10-3-3 Comp:10-2-3 0.926MBps 37.1ms</bind>
  <bind>Comp:10-2-3 Comp:10-3-3 0.926MBps 37.1ms</bind>
  <bind>Comp:10-3-4 Comp:10-2-0 0.926MBps 37.1ms</bind>
  <bind>Comp:10-2-0 Comp:10-3-4 0.926MBps 37.1ms</bind>
  <bind>Comp:10-4-0 Comp:10-3-0 0.463MBps 26.0ms</bind>
  <bind>Comp:10-3-0 Comp:10-4-0 0.463MBps 26.0ms</bind>
  <bind>Comp:10-4-1 Comp:10-3-1 0.463MBps 26.0ms</bind>
  <bind>Comp:10-3-1 Comp:10-4-1 0.463MBps 26.0ms</bind>
  <bind>Comp:10-4-2 Comp:10-3-2 0.463MBps 26.0ms</bind>
  <bind>Comp:10-3-2 Comp:10-4-2 0.463MBps 26.0ms</bind>
  <bind>Comp:10-4-3 Comp:10-3-3 0.463MBps 26.0ms</bind>
  <bind>Comp:10-3-3 Comp:10-4-3 0.463MBps 26.0ms</bind>
  <bind>Comp:10-4-4 Comp:10-3-4 0.463MBps 26.0ms</bind>
  <bind>Comp:10-3-4 Comp:10-4-4 0.463MBps 26.0ms</bind>
  <bind>Comp:10-4-0 Appliance-23 0.12MBps 46.3ms</bind>
  <bind>Appliance-23 Comp:10-4-0 0.12MBps 46.3ms</bind>
  <bind>Comp:10-4-1 Appliance-37 0.12MBps 46.3ms</bind>
  <bind>Appliance-37 Comp:10-4-1 0.12MBps 46.3ms</bind>
  <bind>Comp:10-4-2 Appliance-27 0.12MBps 46.3ms</bind>
  <bind>Appliance-27 Comp:10-4-2 0.12MBps 46.3ms</bind>
  <bind>Comp:10-4-3 Appliance-39 0.12MBps 46.3ms</bind>
  <bind>Appliance-39 Comp:10-4-3 0.12MBps 46.3ms</bind>
  <bind>Comp:10-4-4 Appliance-9 0.12MBps 46.3ms</bind>
  <bind>Appliance-9 Comp:10-4-4 0.12MBps 46.3ms</bind>
</app>
<app>
  <id>App11</id>
<comp>
  <id>Comp:11-0-0</id>
  <CPU>0.343Gf</CPU>
  <RAM>0.565GB</RAM>
  <DISK>1.93GB</DISK>
</comp>
<comp>
  <id>Comp:11-0-1</id>
  <CPU>0.343Gf</CPU>
  <RAM>0.565GB</RAM>
  <DISK>1.93GB</DISK>
</comp>
<comp>
  <id>Comp:11-0-2</id>
  <CPU>0.343Gf</CPU>
  <RAM>0.565GB</RAM>
  <DISK>1.93GB</DISK>
</comp>
<comp>
  <id>Comp:11-0-3</id>
  <CPU>0.343Gf</CPU>
  <RAM>0.565GB</RAM>
  <DISK>1.93GB</DISK>
</comp>
<comp>
  <id>Comp:11-0-4</id>
  <CPU>0.343Gf</CPU>
  <RAM>0.565GB</RAM>
  <DISK>1.93GB</DISK>
</comp>
<comp>
  <id>Comp:11-0-5</id>
  <CPU>0.343Gf</CPU>
  <RAM>0.565GB</RAM>
  <DISK>1.93GB</DISK>
</comp>
<comp>
  <id>Comp:11-0-6</id>
  <CPU>0.343Gf</CPU>
  <RAM>0.565GB</RAM>
  <DISK>1.93GB</DISK>
</comp>
<comp>
  <id>Comp:11-0-7</id>
  <CPU>0.343Gf</CPU>
  <RAM>0.565GB</RAM>
  <DISK>1.93GB</DISK>
</comp>
<comp>
  <id>Comp:11-0-8</id>
  <CPU>0.343Gf</CPU>
  <RAM>0.565GB</RAM>
  <DISK>1.93GB</DISK>
</comp>
<comp>
  <id>Comp:11-0-9</id>
  <CPU>0.343Gf</CPU>
  <RAM>0.565GB</RAM>
  <DISK>1.93GB</DISK>
</comp>
<comp>
  <id>Comp:11-1-0</id>
  <CPU>0.239Gf</CPU>
  <RAM>0.661GB</RAM>
  <DISK>1.97GB</DISK>
</comp>
<comp>
  <id>Comp:11-1-1</id>
  <CPU>0.239Gf</CPU>
  <RAM>0.661GB</RAM>
  <DISK>1.97GB</DISK>
</comp>
<comp>
  <id>Comp:11-1-2</id>
  <CPU>0.239Gf</CPU>
  <RAM>0.661GB</RAM>
  <DISK>1.97GB</DISK>
</comp>
<comp>
  <id>Comp:11-1-3</id>
  <CPU>0.239Gf</CPU>
  <RAM>0.661GB</RAM>
  <DISK>1.97GB</DISK>
</comp>
<comp>
  <id>Comp:11-1-4</id>
  <CPU>0.239Gf</CPU>
  <RAM>0.661GB</RAM>
  <DISK>1.97GB</DISK>
</comp>
<comp>
  <id>Comp:11-1-5</id>
  <CPU>0.239Gf</CPU>
  <RAM>0.661GB</RAM>
  <DISK>1.97GB</DISK>
</comp>
<comp>
  <id>Comp:11-1-6</id>
  <CPU>0.239Gf</CPU>
  <RAM>0.661GB</RAM>
  <DISK>1.97GB</DISK>
</comp>
<comp>
  <id>Comp:11-1-7</id>
  <CPU>0.239Gf</CPU>
  <RAM>0.661GB</RAM>
  <DISK>1.97GB</DISK>
</comp>
<comp>
  <id>Comp:11-2-0</id>
  <CPU>0.68Gf</CPU>
  <RAM>0.643GB</RAM>
  <DISK>0.883GB</DISK>
</comp>
<comp>
  <id>Comp:11-2-1</id>
  <CPU>0.68Gf</CPU>
  <RAM>0.643GB</RAM>
  <DISK>0.883GB</DISK>
</comp>
<comp>
  <id>Comp:11-2-2</id>
  <CPU>0.68Gf</CPU>
  <RAM>0.643GB</RAM>
  <DISK>0.883GB</DISK>
</comp>
<comp>
  <id>Comp:11-2-3</id>
  <CPU>0.68Gf</CPU>
  <RAM>0.643GB</RAM>
  <DISK>0.883GB</DISK>
</comp>
<comp>
  <id>Comp:11-3-0</id>
  <CPU>0.978Gf</CPU>
  <RAM>0.619GB</RAM>
  <DISK>0.712GB</DISK>
</comp>
<comp>
  <id>Comp:11-3-1</id>
  <CPU>0.978Gf</CPU>
  <RAM>0.619GB</RAM>
  <DISK>0.712GB</DISK>
</comp>
<comp>
  <id>Comp:11-3-2</id>
  <CPU>0.978Gf</CPU>
  <RAM>0.619GB</RAM>
  <DISK>0.712GB</DISK>
</comp>
<comp>
  <id>Comp:11-3-3</id>
  <CPU>0.978Gf</CPU>
  <RAM>0.619GB</RAM>
  <DISK>0.712GB</DISK>
</comp>
<comp>
  <id>Comp:11-3-4</id>
  <CPU>0.978Gf</CPU>
  <RAM>0.619GB</RAM>
  <DISK>0.712GB</DISK>
</comp>
<comp>
  <id>Comp:11-3-5</id>
  <CPU>0.978Gf</CPU>
  <RAM>0.619GB</RAM>
  <DISK>0.712GB</DISK>
</comp>
<comp>
  <id>Comp:11-3-6</id>
  <CPU>0.978Gf</CPU>
  <RAM>0.619GB</RAM>
  <DISK>0.712GB</DISK>
</comp>
<comp>
  <id>Comp:11-3-7</id>
  <CPU>0.978Gf</CPU>
  <RAM>0.619GB</RAM>
  <DISK>0.712GB</DISK>
</comp>
<comp>
  <id>Comp:11-3-8</id>
  <CPU>0.978Gf</CPU>
  <RAM>0.619GB</RAM>
  <DISK>0.712GB</DISK>
</comp>
<comp>
  <id>Comp:11-4-0</id>
  <CPU>0.688Gf</CPU>
  <RAM>0.617GB</RAM>
  <DISK>0.284GB</DISK>
</comp>
<comp>
  <id>Comp:11-4-1</id>
  <CPU>0.688Gf</CPU>
  <RAM>0.617GB</RAM>
  <DISK>0.284GB</DISK>
</comp>
<comp>
  <id>Comp:11-4-2</id>
  <CPU>0.688Gf</CPU>
  <RAM>0.617GB</RAM>
  <DISK>0.284GB</DISK>
</comp>
<comp>
  <id>Comp:11-4-3</id>
  <CPU>0.688Gf</CPU>
  <RAM>0.617GB</RAM>
  <DISK>0.284GB</DISK>
</comp>
<comp>
  <id>Comp:11-4-4</id>
  <CPU>0.688Gf</CPU>
  <RAM>0.617GB</RAM>
  <DISK>0.284GB</DISK>
</comp>
<comp>
  <id>Comp:11-5-0</id>
  <CPU>0.831Gf</CPU>
  <RAM>0.159GB</RAM>
  <DISK>0.142GB</DISK>
</comp>
<comp>
  <id>Comp:11-5-1</id>
  <CPU>0.831Gf</CPU>
  <RAM>0.159GB</RAM>
  <DISK>0.142GB</DISK>
</comp>
<comp>
  <id>Comp:11-5-2</id>
  <CPU>0.831Gf</CPU>
  <RAM>0.159GB</RAM>
  <DISK>0.142GB</DISK>
</comp>
<comp>
  <id>Comp:11-5-3</id>
  <CPU>0.831Gf</CPU>
  <RAM>0.159GB</RAM>
  <DISK>0.142GB</DISK>
</comp>
<comp>
  <id>Comp:11-5-4</id>
  <CPU>0.831Gf</CPU>
  <RAM>0.159GB</RAM>
  <DISK>0.142GB</DISK>
</comp>
  <bind>Comp:11-1-0 Comp:11-0-0 0.879MBps 28.2ms</bind>
  <bind>Comp:11-0-0 Comp:11-1-0 0.879MBps 28.2ms</bind>
  <bind>Comp:11-1-1 Comp:11-0-1 0.879MBps 28.2ms</bind>
  <bind>Comp:11-0-1 Comp:11-1-1 0.879MBps 28.2ms</bind>
  <bind>Comp:11-1-2 Comp:11-0-2 0.879MBps 28.2ms</bind>
  <bind>Comp:11-0-2 Comp:11-1-2 0.879MBps 28.2ms</bind>
  <bind>Comp:11-1-3 Comp:11-0-3 0.879MBps 28.2ms</bind>
  <bind>Comp:11-0-3 Comp:11-1-3 0.879MBps 28.2ms</bind>
  <bind>Comp:11-1-4 Comp:11-0-4 0.879MBps 28.2ms</bind>
  <bind>Comp:11-0-4 Comp:11-1-4 0.879MBps 28.2ms</bind>
  <bind>Comp:11-1-5 Comp:11-0-5 0.879MBps 28.2ms</bind>
  <bind>Comp:11-0-5 Comp:11-1-5 0.879MBps 28.2ms</bind>
  <bind>Comp:11-1-6 Comp:11-0-6 0.879MBps 28.2ms</bind>
  <bind>Comp:11-0-6 Comp:11-1-6 0.879MBps 28.2ms</bind>
  <bind>Comp:11-1-7 Comp:11-0-7 0.879MBps 28.2ms</bind>
  <bind>Comp:11-0-7 Comp:11-1-7 0.879MBps 28.2ms</bind>
  <bind>Comp:11-1-0 Comp:11-0-8 0.879MBps 28.2ms</bind>
  <bind>Comp:11-0-8 Comp:11-1-0 0.879MBps 28.2ms</bind>
  <bind>Comp:11-1-1 Comp:11-0-9 0.879MBps 28.2ms</bind>
  <bind>Comp:11-0-9 Comp:11-1-1 0.879MBps 28.2ms</bind>
  <bind>Comp:11-2-0 Comp:11-1-0 0.481MBps 37.2ms</bind>
  <bind>Comp:11-1-0 Comp:11-2-0 0.481MBps 37.2ms</bind>
  <bind>Comp:11-2-1 Comp:11-1-1 0.481MBps 37.2ms</bind>
  <bind>Comp:11-1-1 Comp:11-2-1 0.481MBps 37.2ms</bind>
  <bind>Comp:11-2-2 Comp:11-1-2 0.481MBps 37.2ms</bind>
  <bind>Comp:11-1-2 Comp:11-2-2 0.481MBps 37.2ms</bind>
  <bind>Comp:11-2-3 Comp:11-1-3 0.481MBps 37.2ms</bind>
  <bind>Comp:11-1-3 Comp:11-2-3 0.481MBps 37.2ms</bind>
  <bind>Comp:11-2-0 Comp:11-1-4 0.481MBps 37.2ms</bind>
  <bind>Comp:11-1-4 Comp:11-2-0 0.481MBps 37.2ms</bind>
  <bind>Comp:11-2-1 Comp:11-1-5 0.481MBps 37.2ms</bind>
  <bind>Comp:11-1-5 Comp:11-2-1 0.481MBps 37.2ms</bind>
  <bind>Comp:11-2-2 Comp:11-1-6 0.481MBps 37.2ms</bind>
  <bind>Comp:11-1-6 Comp:11-2-2 0.481MBps 37.2ms</bind>
  <bind>Comp:11-2-3 Comp:11-1-7 0.481MBps 37.2ms</bind>
  <bind>Comp:11-1-7 Comp:11-2-3 0.481MBps 37.2ms</bind>
  <bind>Comp:11-3-0 Comp:11-2-0 0.723MBps 30.3ms</bind>
  <bind>Comp:11-2-0 Comp:11-3-0 0.723MBps 30.3ms</bind>
  <bind>Comp:11-3-1 Comp:11-2-1 0.723MBps 30.3ms</bind>
  <bind>Comp:11-2-1 Comp:11-3-1 0.723MBps 30.3ms</bind>
  <bind>Comp:11-3-2 Comp:11-2-2 0.723MBps 30.3ms</bind>
  <bind>Comp:11-2-2 Comp:11-3-2 0.723MBps 30.3ms</bind>
  <bind>Comp:11-3-3 Comp:11-2-3 0.723MBps 30.3ms</bind>
  <bind>Comp:11-2-3 Comp:11-3-3 0.723MBps 30.3ms</bind>
  <bind>Comp:11-3-4 Comp:11-2-0 0.723MBps 30.3ms</bind>
  <bind>Comp:11-2-0 Comp:11-3-4 0.723MBps 30.3ms</bind>
  <bind>Comp:11-3-5 Comp:11-2-1 0.723MBps 30.3ms</bind>
  <bind>Comp:11-2-1 Comp:11-3-5 0.723MBps 30.3ms</bind>
  <bind>Comp:11-3-6 Comp:11-2-2 0.723MBps 30.3ms</bind>
  <bind>Comp:11-2-2 Comp:11-3-6 0.723MBps 30.3ms</bind>
  <bind>Comp:11-3-7 Comp:11-2-3 0.723MBps 30.3ms</bind>
  <bind>Comp:11-2-3 Comp:11-3-7 0.723MBps 30.3ms</bind>
  <bind>Comp:11-3-8 Comp:11-2-0 0.723MBps 30.3ms</bind>
  <bind>Comp:11-2-0 Comp:11-3-8 0.723MBps 30.3ms</bind>
  <bind>Comp:11-4-0 Comp:11-3-0 0.605MBps 31.2ms</bind>
  <bind>Comp:11-3-0 Comp:11-4-0 0.605MBps 31.2ms</bind>
  <bind>Comp:11-4-1 Comp:11-3-1 0.605MBps 31.2ms</bind>
  <bind>Comp:11-3-1 Comp:11-4-1 0.605MBps 31.2ms</bind>
  <bind>Comp:11-4-2 Comp:11-3-2 0.605MBps 31.2ms</bind>
  <bind>Comp:11-3-2 Comp:11-4-2 0.605MBps 31.2ms</bind>
  <bind>Comp:11-4-3 Comp:11-3-3 0.605MBps 31.2ms</bind>
  <bind>Comp:11-3-3 Comp:11-4-3 0.605MBps 31.2ms</bind>
  <bind>Comp:11-4-4 Comp:11-3-4 0.605MBps 31.2ms</bind>
  <bind>Comp:11-3-4 Comp:11-4-4 0.605MBps 31.2ms</bind>
  <bind>Comp:11-4-0 Comp:11-3-5 0.605MBps 31.2ms</bind>
  <bind>Comp:11-3-5 Comp:11-4-0 0.605MBps 31.2ms</bind>
  <bind>Comp:11-4-1 Comp:11-3-6 0.605MBps 31.2ms</bind>
  <bind>Comp:11-3-6 Comp:11-4-1 0.605MBps 31.2ms</bind>
  <bind>Comp:11-4-2 Comp:11-3-7 0.605MBps 31.2ms</bind>
  <bind>Comp:11-3-7 Comp:11-4-2 0.605MBps 31.2ms</bind>
  <bind>Comp:11-4-3 Comp:11-3-8 0.605MBps 31.2ms</bind>
  <bind>Comp:11-3-8 Comp:11-4-3 0.605MBps 31.2ms</bind>
  <bind>Comp:11-5-0 Comp:11-4-0 0.084MBps 26.7ms</bind>
  <bind>Comp:11-4-0 Comp:11-5-0 0.084MBps 26.7ms</bind>
  <bind>Comp:11-5-1 Comp:11-4-1 0.084MBps 26.7ms</bind>
  <bind>Comp:11-4-1 Comp:11-5-1 0.084MBps 26.7ms</bind>
  <bind>Comp:11-5-2 Comp:11-4-2 0.084MBps 26.7ms</bind>
  <bind>Comp:11-4-2 Comp:11-5-2 0.084MBps 26.7ms</bind>
  <bind>Comp:11-5-3 Comp:11-4-3 0.084MBps 26.7ms</bind>
  <bind>Comp:11-4-3 Comp:11-5-3 0.084MBps 26.7ms</bind>
  <bind>Comp:11-5-4 Comp:11-4-4 0.084MBps 26.7ms</bind>
  <bind>Comp:11-4-4 Comp:11-5-4 0.084MBps 26.7ms</bind>
  <bind>Comp:11-5-0 Appliance-39 0.2MBps 28.8ms</bind>
  <bind>Appliance-39 Comp:11-5-0 0.2MBps 28.8ms</bind>
  <bind>Comp:11-5-1 Appliance-11 0.2MBps 28.8ms</bind>
  <bind>Appliance-11 Comp:11-5-1 0.2MBps 28.8ms</bind>
  <bind>Comp:11-5-2 Appliance-30 0.2MBps 28.8ms</bind>
  <bind>Appliance-30 Comp:11-5-2 0.2MBps 28.8ms</bind>
  <bind>Comp:11-5-3 Appliance-39 0.2MBps 28.8ms</bind>
  <bind>Appliance-39 Comp:11-5-3 0.2MBps 28.8ms</bind>
  <bind>Comp:11-5-4 Appliance-11 0.2MBps 28.8ms</bind>
  <bind>Appliance-11 Comp:11-5-4 0.2MBps 28.8ms</bind>
</app>
<app>
  <id>App12</id>
<comp>
  <id>Comp:12-1-0</id>
  <CPU>0.77Gf</CPU>
  <RAM>0.286GB</RAM>
  <DISK>0.349GB</DISK>
</comp>
<comp>
  <id>Comp:12-1-1</id>
  <CPU>0.77Gf</CPU>
  <RAM>0.286GB</RAM>
  <DISK>0.349GB</DISK>
</comp>
<comp>
  <id>Comp:12-1-2</id>
  <CPU>0.77Gf</CPU>
  <RAM>0.286GB</RAM>
  <DISK>0.349GB</DISK>
</comp>
<comp>
  <id>Comp:12-1-3</id>
  <CPU>0.77Gf</CPU>
  <RAM>0.286GB</RAM>
  <DISK>0.349GB</DISK>
</comp>
<comp>
  <id>Comp:12-1-4</id>
  <CPU>0.77Gf</CPU>
  <RAM>0.286GB</RAM>
  <DISK>0.349GB</DISK>
</comp>
<comp>
  <id>Comp:12-1-5</id>
  <CPU>0.77Gf</CPU>
  <RAM>0.286GB</RAM>
  <DISK>0.349GB</DISK>
</comp>
<comp>
  <id>Comp:12-1-6</id>
  <CPU>0.77Gf</CPU>
  <RAM>0.286GB</RAM>
  <DISK>0.349GB</DISK>
</comp>
<comp>
  <id>Comp:12-2-0</id>
  <CPU>0.82Gf</CPU>
  <RAM>0.22GB</RAM>
  <DISK>0.783GB</DISK>
</comp>
<comp>
  <id>Comp:12-2-1</id>
  <CPU>0.82Gf</CPU>
  <RAM>0.22GB</RAM>
  <DISK>0.783GB</DISK>
</comp>
<comp>
  <id>Comp:12-2-2</id>
  <CPU>0.82Gf</CPU>
  <RAM>0.22GB</RAM>
  <DISK>0.783GB</DISK>
</comp>
<comp>
  <id>Comp:12-2-3</id>
  <CPU>0.82Gf</CPU>
  <RAM>0.22GB</RAM>
  <DISK>0.783GB</DISK>
</comp>
<comp>
  <id>Comp:12-2-4</id>
  <CPU>0.82Gf</CPU>
  <RAM>0.22GB</RAM>
  <DISK>0.783GB</DISK>
</comp>
<comp>
  <id>Comp:12-2-5</id>
  <CPU>0.82Gf</CPU>
  <RAM>0.22GB</RAM>
  <DISK>0.783GB</DISK>
</comp>
<comp>
  <id>Comp:12-2-6</id>
  <CPU>0.82Gf</CPU>
  <RAM>0.22GB</RAM>
  <DISK>0.783GB</DISK>
</comp>
<comp>
  <id>Comp:12-2-7</id>
  <CPU>0.82Gf</CPU>
  <RAM>0.22GB</RAM>
  <DISK>0.783GB</DISK>
</comp>
<comp>
  <id>Comp:12-3-0</id>
  <CPU>0.202Gf</CPU>
  <RAM>0.2GB</RAM>
  <DISK>0.392GB</DISK>
</comp>
<comp>
  <id>Comp:12-3-1</id>
  <CPU>0.202Gf</CPU>
  <RAM>0.2GB</RAM>
  <DISK>0.392GB</DISK>
</comp>
<comp>
  <id>Comp:12-3-2</id>
  <CPU>0.202Gf</CPU>
  <RAM>0.2GB</RAM>
  <DISK>0.392GB</DISK>
</comp>
<comp>
  <id>Comp:12-3-3</id>
  <CPU>0.202Gf</CPU>
  <RAM>0.2GB</RAM>
  <DISK>0.392GB</DISK>
</comp>
<comp>
  <id>Comp:12-4-0</id>
  <CPU>0.867Gf</CPU>
  <RAM>0.809GB</RAM>
  <DISK>1.06GB</DISK>
</comp>
<comp>
  <id>Comp:12-4-1</id>
  <CPU>0.867Gf</CPU>
  <RAM>0.809GB</RAM>
  <DISK>1.06GB</DISK>
</comp>
<comp>
  <id>Comp:12-4-2</id>
  <CPU>0.867Gf</CPU>
  <RAM>0.809GB</RAM>
  <DISK>1.06GB</DISK>
</comp>
<comp>
  <id>Comp:12-4-3</id>
  <CPU>0.867Gf</CPU>
  <RAM>0.809GB</RAM>
  <DISK>1.06GB</DISK>
</comp>
<comp>
  <id>Comp:12-4-4</id>
  <CPU>0.867Gf</CPU>
  <RAM>0.809GB</RAM>
  <DISK>1.06GB</DISK>
</comp>
<comp>
  <id>Comp:12-4-5</id>
  <CPU>0.867Gf</CPU>
  <RAM>0.809GB</RAM>
  <DISK>1.06GB</DISK>
</comp>
<comp>
  <id>Comp:12-4-6</id>
  <CPU>0.867Gf</CPU>
  <RAM>0.809GB</RAM>
  <DISK>1.06GB</DISK>
</comp>
<comp>
  <id>Comp:12-5-0</id>
  <CPU>0.743Gf</CPU>
  <RAM>0.754GB</RAM>
  <DISK>1.62GB</DISK>
</comp>
  <bind>Comp:12-1-0 Appliance-22 0.628MBps 39.0ms</bind>
  <bind>Appliance-22 Comp:12-1-0 0.628MBps 39.0ms</bind>
  <bind>Comp:12-1-1 Appliance-21 0.628MBps 39.0ms</bind>
  <bind>Appliance-21 Comp:12-1-1 0.628MBps 39.0ms</bind>
  <bind>Comp:12-1-2 Appliance-22 0.628MBps 39.0ms</bind>
  <bind>Appliance-22 Comp:12-1-2 0.628MBps 39.0ms</bind>
  <bind>Comp:12-1-3 Appliance-21 0.628MBps 39.0ms</bind>
  <bind>Appliance-21 Comp:12-1-3 0.628MBps 39.0ms</bind>
  <bind>Comp:12-1-4 Appliance-22 0.628MBps 39.0ms</bind>
  <bind>Appliance-22 Comp:12-1-4 0.628MBps 39.0ms</bind>
  <bind>Comp:12-1-5 Appliance-21 0.628MBps 39.0ms</bind>
  <bind>Appliance-21 Comp:12-1-5 0.628MBps 39.0ms</bind>
  <bind>Comp:12-1-6 Appliance-22 0.628MBps 39.0ms</bind>
  <bind>Appliance-22 Comp:12-1-6 0.628MBps 39.0ms</bind>
  <bind>Comp:12-2-0 Comp:12-1-0 0.887MBps 30.0ms</bind>
  <bind>Comp:12-1-0 Comp:12-2-0 0.887MBps 30.0ms</bind>
  <bind>Comp:12-2-1 Comp:12-1-1 0.887MBps 30.0ms</bind>
  <bind>Comp:12-1-1 Comp:12-2-1 0.887MBps 30.0ms</bind>
  <bind>Comp:12-2-2 Comp:12-1-2 0.887MBps 30.0ms</bind>
  <bind>Comp:12-1-2 Comp:12-2-2 0.887MBps 30.0ms</bind>
  <bind>Comp:12-2-3 Comp:12-1-3 0.887MBps 30.0ms</bind>
  <bind>Comp:12-1-3 Comp:12-2-3 0.887MBps 30.0ms</bind>
  <bind>Comp:12-2-4 Comp:12-1-4 0.887MBps 30.0ms</bind>
  <bind>Comp:12-1-4 Comp:12-2-4 0.887MBps 30.0ms</bind>
  <bind>Comp:12-2-5 Comp:12-1-5 0.887MBps 30.0ms</bind>
  <bind>Comp:12-1-5 Comp:12-2-5 0.887MBps 30.0ms</bind>
  <bind>Comp:12-2-6 Comp:12-1-6 0.887MBps 30.0ms</bind>
  <bind>Comp:12-1-6 Comp:12-2-6 0.887MBps 30.0ms</bind>
  <bind>Comp:12-2-7 Comp:12-1-0 0.887MBps 30.0ms</bind>
  <bind>Comp:12-1-0 Comp:12-2-7 0.887MBps 30.0ms</bind>
  <bind>Comp:12-3-0 Comp:12-2-0 0.877MBps 46.5ms</bind>
  <bind>Comp:12-2-0 Comp:12-3-0 0.877MBps 46.5ms</bind>
  <bind>Comp:12-3-1 Comp:12-2-1 0.877MBps 46.5ms</bind>
  <bind>Comp:12-2-1 Comp:12-3-1 0.877MBps 46.5ms</bind>
  <bind>Comp:12-3-2 Comp:12-2-2 0.877MBps 46.5ms</bind>
  <bind>Comp:12-2-2 Comp:12-3-2 0.877MBps 46.5ms</bind>
  <bind>Comp:12-3-3 Comp:12-2-3 0.877MBps 46.5ms</bind>
  <bind>Comp:12-2-3 Comp:12-3-3 0.877MBps 46.5ms</bind>
  <bind>Comp:12-3-0 Comp:12-2-4 0.877MBps 46.5ms</bind>
  <bind>Comp:12-2-4 Comp:12-3-0 0.877MBps 46.5ms</bind>
  <bind>Comp:12-3-1 Comp:12-2-5 0.877MBps 46.5ms</bind>
  <bind>Comp:12-2-5 Comp:12-3-1 0.877MBps 46.5ms</bind>
  <bind>Comp:12-3-2 Comp:12-2-6 0.877MBps 46.5ms</bind>
  <bind>Comp:12-2-6 Comp:12-3-2 0.877MBps 46.5ms</bind>
  <bind>Comp:12-3-3 Comp:12-2-7 0.877MBps 46.5ms</bind>
  <bind>Comp:12-2-7 Comp:12-3-3 0.877MBps 46.5ms</bind>
  <bind>Comp:12-4-0 Comp:12-3-0 0.14MBps 26.6ms</bind>
  <bind>Comp:12-3-0 Comp:12-4-0 0.14MBps 26.6ms</bind>
  <bind>Comp:12-4-1 Comp:12-3-1 0.14MBps 26.6ms</bind>
  <bind>Comp:12-3-1 Comp:12-4-1 0.14MBps 26.6ms</bind>
  <bind>Comp:12-4-2 Comp:12-3-2 0.14MBps 26.6ms</bind>
  <bind>Comp:12-3-2 Comp:12-4-2 0.14MBps 26.6ms</bind>
  <bind>Comp:12-4-3 Comp:12-3-3 0.14MBps 26.6ms</bind>
  <bind>Comp:12-3-3 Comp:12-4-3 0.14MBps 26.6ms</bind>
  <bind>Comp:12-4-4 Comp:12-3-0 0.14MBps 26.6ms</bind>
  <bind>Comp:12-3-0 Comp:12-4-4 0.14MBps 26.6ms</bind>
  <bind>Comp:12-4-5 Comp:12-3-1 0.14MBps 26.6ms</bind>
  <bind>Comp:12-3-1 Comp:12-4-5 0.14MBps 26.6ms</bind>
  <bind>Comp:12-4-6 Comp:12-3-2 0.14MBps 26.6ms</bind>
  <bind>Comp:12-3-2 Comp:12-4-6 0.14MBps 26.6ms</bind>
  <bind>Comp:12-5-0 Comp:12-4-0 0.374MBps 42.4ms</bind>
  <bind>Comp:12-4-0 Comp:12-5-0 0.374MBps 42.4ms</bind>
  <bind>Comp:12-5-0 Comp:12-4-1 0.374MBps 42.4ms</bind>
  <bind>Comp:12-4-1 Comp:12-5-0 0.374MBps 42.4ms</bind>
  <bind>Comp:12-5-0 Comp:12-4-2 0.374MBps 42.4ms</bind>
  <bind>Comp:12-4-2 Comp:12-5-0 0.374MBps 42.4ms</bind>
  <bind>Comp:12-5-0 Comp:12-4-3 0.374MBps 42.4ms</bind>
  <bind>Comp:12-4-3 Comp:12-5-0 0.374MBps 42.4ms</bind>
  <bind>Comp:12-5-0 Comp:12-4-4 0.374MBps 42.4ms</bind>
  <bind>Comp:12-4-4 Comp:12-5-0 0.374MBps 42.4ms</bind>
  <bind>Comp:12-5-0 Comp:12-4-5 0.374MBps 42.4ms</bind>
  <bind>Comp:12-4-5 Comp:12-5-0 0.374MBps 42.4ms</bind>
  <bind>Comp:12-5-0 Comp:12-4-6 0.374MBps 42.4ms</bind>
  <bind>Comp:12-4-6 Comp:12-5-0 0.374MBps 42.4ms</bind>
  <bind>Comp:12-5-0 Appliance-15 0.283MBps 36.0ms</bind>
  <bind>Appliance-15 Comp:12-5-0 0.283MBps 36.0ms</bind>
  <bind>Comp:12-5-0 Appliance-21 0.283MBps 36.0ms</bind>
  <bind>Appliance-21 Comp:12-5-0 0.283MBps 36.0ms</bind>
  <bind>Comp:12-5-0 Appliance-17 0.283MBps 36.0ms</bind>
  <bind>Appliance-17 Comp:12-5-0 0.283MBps 36.0ms</bind>
  <bind>Comp:12-5-0 Appliance-22 0.283MBps 36.0ms</bind>
  <bind>Appliance-22 Comp:12-5-0 0.283MBps 36.0ms</bind>
  <bind>Comp:12-5-0 Appliance-15 0.283MBps 36.0ms</bind>
  <bind>Appliance-15 Comp:12-5-0 0.283MBps 36.0ms</bind>
  <bind>Comp:12-5-0 Appliance-0 0.283MBps 36.0ms</bind>
  <bind>Appliance-0 Comp:12-5-0 0.283MBps 36.0ms</bind>
</app>
<app>
  <id>App13</id>
<comp>
  <id>Comp:13-1-0</id>
  <CPU>0.233Gf</CPU>
  <RAM>0.123GB</RAM>
  <DISK>0.209GB</DISK>
</comp>
<comp>
  <id>Comp:13-1-1</id>
  <CPU>0.233Gf</CPU>
  <RAM>0.123GB</RAM>
  <DISK>0.209GB</DISK>
</comp>
<comp>
  <id>Comp:13-1-2</id>
  <CPU>0.233Gf</CPU>
  <RAM>0.123GB</RAM>
  <DISK>0.209GB</DISK>
</comp>
<comp>
  <id>Comp:13-1-3</id>
  <CPU>0.233Gf</CPU>
  <RAM>0.123GB</RAM>
  <DISK>0.209GB</DISK>
</comp>
<comp>
  <id>Comp:13-1-4</id>
  <CPU>0.233Gf</CPU>
  <RAM>0.123GB</RAM>
  <DISK>0.209GB</DISK>
</comp>
<comp>
  <id>Comp:13-1-5</id>
  <CPU>0.233Gf</CPU>
  <RAM>0.123GB</RAM>
  <DISK>0.209GB</DISK>
</comp>
<comp>
  <id>Comp:13-1-6</id>
  <CPU>0.233Gf</CPU>
  <RAM>0.123GB</RAM>
  <DISK>0.209GB</DISK>
</comp>
<comp>
  <id>Comp:13-1-7</id>
  <CPU>0.233Gf</CPU>
  <RAM>0.123GB</RAM>
  <DISK>0.209GB</DISK>
</comp>
<comp>
  <id>Comp:13-1-8</id>
  <CPU>0.233Gf</CPU>
  <RAM>0.123GB</RAM>
  <DISK>0.209GB</DISK>
</comp>
<comp>
  <id>Comp:13-2-0</id>
  <CPU>0.756Gf</CPU>
  <RAM>0.827GB</RAM>
  <DISK>0.456GB</DISK>
</comp>
<comp>
  <id>Comp:13-2-1</id>
  <CPU>0.756Gf</CPU>
  <RAM>0.827GB</RAM>
  <DISK>0.456GB</DISK>
</comp>
<comp>
  <id>Comp:13-2-2</id>
  <CPU>0.756Gf</CPU>
  <RAM>0.827GB</RAM>
  <DISK>0.456GB</DISK>
</comp>
<comp>
  <id>Comp:13-2-3</id>
  <CPU>0.756Gf</CPU>
  <RAM>0.827GB</RAM>
  <DISK>0.456GB</DISK>
</comp>
<comp>
  <id>Comp:13-2-4</id>
  <CPU>0.756Gf</CPU>
  <RAM>0.827GB</RAM>
  <DISK>0.456GB</DISK>
</comp>
<comp>
  <id>Comp:13-2-5</id>
  <CPU>0.756Gf</CPU>
  <RAM>0.827GB</RAM>
  <DISK>0.456GB</DISK>
</comp>
<comp>
  <id>Comp:13-2-6</id>
  <CPU>0.756Gf</CPU>
  <RAM>0.827GB</RAM>
  <DISK>0.456GB</DISK>
</comp>
  <bind>Comp:13-1-0 Appliance-20 0.346MBps 50.0ms</bind>
  <bind>Appliance-20 Comp:13-1-0 0.346MBps 50.0ms</bind>
  <bind>Comp:13-1-1 Appliance-25 0.346MBps 50.0ms</bind>
  <bind>Appliance-25 Comp:13-1-1 0.346MBps 50.0ms</bind>
  <bind>Comp:13-1-2 Appliance-13 0.346MBps 50.0ms</bind>
  <bind>Appliance-13 Comp:13-1-2 0.346MBps 50.0ms</bind>
  <bind>Comp:13-1-3 Appliance-26 0.346MBps 50.0ms</bind>
  <bind>Appliance-26 Comp:13-1-3 0.346MBps 50.0ms</bind>
  <bind>Comp:13-1-4 Appliance-23 0.346MBps 50.0ms</bind>
  <bind>Appliance-23 Comp:13-1-4 0.346MBps 50.0ms</bind>
  <bind>Comp:13-1-5 Appliance-9 0.346MBps 50.0ms</bind>
  <bind>Appliance-9 Comp:13-1-5 0.346MBps 50.0ms</bind>
  <bind>Comp:13-1-6 Appliance-8 0.346MBps 50.0ms</bind>
  <bind>Appliance-8 Comp:13-1-6 0.346MBps 50.0ms</bind>
  <bind>Comp:13-1-7 Appliance-28 0.346MBps 50.0ms</bind>
  <bind>Appliance-28 Comp:13-1-7 0.346MBps 50.0ms</bind>
  <bind>Comp:13-1-8 Appliance-20 0.346MBps 50.0ms</bind>
  <bind>Appliance-20 Comp:13-1-8 0.346MBps 50.0ms</bind>
  <bind>Comp:13-1-0 Comp:13-2-0 0.784MBps 42.1ms</bind>
  <bind>Comp:13-2-0 Comp:13-1-0 0.784MBps 42.1ms</bind>
  <bind>Comp:13-1-1 Comp:13-2-1 0.784MBps 42.1ms</bind>
  <bind>Comp:13-2-1 Comp:13-1-1 0.784MBps 42.1ms</bind>
  <bind>Comp:13-1-2 Comp:13-2-2 0.784MBps 42.1ms</bind>
  <bind>Comp:13-2-2 Comp:13-1-2 0.784MBps 42.1ms</bind>
  <bind>Comp:13-1-3 Comp:13-2-3 0.784MBps 42.1ms</bind>
  <bind>Comp:13-2-3 Comp:13-1-3 0.784MBps 42.1ms</bind>
  <bind>Comp:13-1-4 Comp:13-2-4 0.784MBps 42.1ms</bind>
  <bind>Comp:13-2-4 Comp:13-1-4 0.784MBps 42.1ms</bind>
  <bind>Comp:13-1-5 Comp:13-2-5 0.784MBps 42.1ms</bind>
  <bind>Comp:13-2-5 Comp:13-1-5 0.784MBps 42.1ms</bind>
  <bind>Comp:13-1-6 Comp:13-2-6 0.784MBps 42.1ms</bind>
  <bind>Comp:13-2-6 Comp:13-1-6 0.784MBps 42.1ms</bind>
  <bind>Comp:13-1-7 Comp:13-2-0 0.784MBps 42.1ms</bind>
  <bind>Comp:13-2-0 Comp:13-1-7 0.784MBps 42.1ms</bind>
  <bind>Comp:13-1-8 Comp:13-2-1 0.784MBps 42.1ms</bind>
  <bind>Comp:13-2-1 Comp:13-1-8 0.784MBps 42.1ms</bind>
</app>
<app>
  <id>App14</id>
<comp>
  <id>Comp:14-1-0</id>
  <CPU>0.374Gf</CPU>
  <RAM>0.681GB</RAM>
  <DISK>0.437GB</DISK>
</comp>
<comp>
  <id>Comp:14-1-1</id>
  <CPU>0.374Gf</CPU>
  <RAM>0.681GB</RAM>
  <DISK>0.437GB</DISK>
</comp>
<comp>
  <id>Comp:14-1-2</id>
  <CPU>0.374Gf</CPU>
  <RAM>0.681GB</RAM>
  <DISK>0.437GB</DISK>
</comp>
<comp>
  <id>Comp:14-2-0</id>
  <CPU>0.423Gf</CPU>
  <RAM>0.843GB</RAM>
  <DISK>0.811GB</DISK>
</comp>
<comp>
  <id>Comp:14-2-1</id>
  <CPU>0.423Gf</CPU>
  <RAM>0.843GB</RAM>
  <DISK>0.811GB</DISK>
</comp>
<comp>
  <id>Comp:14-2-2</id>
  <CPU>0.423Gf</CPU>
  <RAM>0.843GB</RAM>
  <DISK>0.811GB</DISK>
</comp>
<comp>
  <id>Comp:14-2-3</id>
  <CPU>0.423Gf</CPU>
  <RAM>0.843GB</RAM>
  <DISK>0.811GB</DISK>
</comp>
<comp>
  <id>Comp:14-2-4</id>
  <CPU>0.423Gf</CPU>
  <RAM>0.843GB</RAM>
  <DISK>0.811GB</DISK>
</comp>
<comp>
  <id>Comp:14-2-5</id>
  <CPU>0.423Gf</CPU>
  <RAM>0.843GB</RAM>
  <DISK>0.811GB</DISK>
</comp>
<comp>
  <id>Comp:14-2-6</id>
  <CPU>0.423Gf</CPU>
  <RAM>0.843GB</RAM>
  <DISK>0.811GB</DISK>
</comp>
<comp>
  <id>Comp:14-2-7</id>
  <CPU>0.423Gf</CPU>
  <RAM>0.843GB</RAM>
  <DISK>0.811GB</DISK>
</comp>
<comp>
  <id>Comp:14-3-0</id>
  <CPU>0.68Gf</CPU>
  <RAM>0.615GB</RAM>
  <DISK>1.14GB</DISK>
</comp>
<comp>
  <id>Comp:14-3-1</id>
  <CPU>0.68Gf</CPU>
  <RAM>0.615GB</RAM>
  <DISK>1.14GB</DISK>
</comp>
<comp>
  <id>Comp:14-3-2</id>
  <CPU>0.68Gf</CPU>
  <RAM>0.615GB</RAM>
  <DISK>1.14GB</DISK>
</comp>
<comp>
  <id>Comp:14-3-3</id>
  <CPU>0.68Gf</CPU>
  <RAM>0.615GB</RAM>
  <DISK>1.14GB</DISK>
</comp>
<comp>
  <id>Comp:14-3-4</id>
  <CPU>0.68Gf</CPU>
  <RAM>0.615GB</RAM>
  <DISK>1.14GB</DISK>
</comp>
<comp>
  <id>Comp:14-3-5</id>
  <CPU>0.68Gf</CPU>
  <RAM>0.615GB</RAM>
  <DISK>1.14GB</DISK>
</comp>
<comp>
  <id>Comp:14-3-6</id>
  <CPU>0.68Gf</CPU>
  <RAM>0.615GB</RAM>
  <DISK>1.14GB</DISK>
</comp>
<comp>
  <id>Comp:14-4-0</id>
  <CPU>0.182Gf</CPU>
  <RAM>0.443GB</RAM>
  <DISK>0.138GB</DISK>
</comp>
<comp>
  <id>Comp:14-4-1</id>
  <CPU>0.182Gf</CPU>
  <RAM>0.443GB</RAM>
  <DISK>0.138GB</DISK>
</comp>
<comp>
  <id>Comp:14-4-2</id>
  <CPU>0.182Gf</CPU>
  <RAM>0.443GB</RAM>
  <DISK>0.138GB</DISK>
</comp>
  <bind>Comp:14-1-0 Appliance-33 0.025MBps 27.9ms</bind>
  <bind>Appliance-33 Comp:14-1-0 0.025MBps 27.9ms</bind>
  <bind>Comp:14-1-1 Appliance-17 0.025MBps 27.9ms</bind>
  <bind>Appliance-17 Comp:14-1-1 0.025MBps 27.9ms</bind>
  <bind>Comp:14-1-2 Appliance-33 0.025MBps 27.9ms</bind>
  <bind>Appliance-33 Comp:14-1-2 0.025MBps 27.9ms</bind>
  <bind>Comp:14-2-0 Comp:14-1-0 0.929MBps 46.2ms</bind>
  <bind>Comp:14-1-0 Comp:14-2-0 0.929MBps 46.2ms</bind>
  <bind>Comp:14-2-1 Comp:14-1-1 0.929MBps 46.2ms</bind>
  <bind>Comp:14-1-1 Comp:14-2-1 0.929MBps 46.2ms</bind>
  <bind>Comp:14-2-2 Comp:14-1-2 0.929MBps 46.2ms</bind>
  <bind>Comp:14-1-2 Comp:14-2-2 0.929MBps 46.2ms</bind>
  <bind>Comp:14-2-3 Comp:14-1-0 0.929MBps 46.2ms</bind>
  <bind>Comp:14-1-0 Comp:14-2-3 0.929MBps 46.2ms</bind>
  <bind>Comp:14-2-4 Comp:14-1-1 0.929MBps 46.2ms</bind>
  <bind>Comp:14-1-1 Comp:14-2-4 0.929MBps 46.2ms</bind>
  <bind>Comp:14-2-5 Comp:14-1-2 0.929MBps 46.2ms</bind>
  <bind>Comp:14-1-2 Comp:14-2-5 0.929MBps 46.2ms</bind>
  <bind>Comp:14-2-6 Comp:14-1-0 0.929MBps 46.2ms</bind>
  <bind>Comp:14-1-0 Comp:14-2-6 0.929MBps 46.2ms</bind>
  <bind>Comp:14-2-7 Comp:14-1-1 0.929MBps 46.2ms</bind>
  <bind>Comp:14-1-1 Comp:14-2-7 0.929MBps 46.2ms</bind>
  <bind>Comp:14-3-0 Comp:14-2-0 0.83MBps 30.2ms</bind>
  <bind>Comp:14-2-0 Comp:14-3-0 0.83MBps 30.2ms</bind>
  <bind>Comp:14-3-1 Comp:14-2-1 0.83MBps 30.2ms</bind>
  <bind>Comp:14-2-1 Comp:14-3-1 0.83MBps 30.2ms</bind>
  <bind>Comp:14-3-2 Comp:14-2-2 0.83MBps 30.2ms</bind>
  <bind>Comp:14-2-2 Comp:14-3-2 0.83MBps 30.2ms</bind>
  <bind>Comp:14-3-3 Comp:14-2-3 0.83MBps 30.2ms</bind>
  <bind>Comp:14-2-3 Comp:14-3-3 0.83MBps 30.2ms</bind>
  <bind>Comp:14-3-4 Comp:14-2-4 0.83MBps 30.2ms</bind>
  <bind>Comp:14-2-4 Comp:14-3-4 0.83MBps 30.2ms</bind>
  <bind>Comp:14-3-5 Comp:14-2-5 0.83MBps 30.2ms</bind>
  <bind>Comp:14-2-5 Comp:14-3-5 0.83MBps 30.2ms</bind>
  <bind>Comp:14-3-6 Comp:14-2-6 0.83MBps 30.2ms</bind>
  <bind>Comp:14-2-6 Comp:14-3-6 0.83MBps 30.2ms</bind>
  <bind>Comp:14-3-0 Comp:14-2-7 0.83MBps 30.2ms</bind>
  <bind>Comp:14-2-7 Comp:14-3-0 0.83MBps 30.2ms</bind>
  <bind>Comp:14-3-0 Comp:14-4-0 0.258MBps 46.2ms</bind>
  <bind>Comp:14-4-0 Comp:14-3-0 0.258MBps 46.2ms</bind>
  <bind>Comp:14-3-1 Comp:14-4-1 0.258MBps 46.2ms</bind>
  <bind>Comp:14-4-1 Comp:14-3-1 0.258MBps 46.2ms</bind>
  <bind>Comp:14-3-2 Comp:14-4-2 0.258MBps 46.2ms</bind>
  <bind>Comp:14-4-2 Comp:14-3-2 0.258MBps 46.2ms</bind>
  <bind>Comp:14-3-3 Comp:14-4-0 0.258MBps 46.2ms</bind>
  <bind>Comp:14-4-0 Comp:14-3-3 0.258MBps 46.2ms</bind>
  <bind>Comp:14-3-4 Comp:14-4-1 0.258MBps 46.2ms</bind>
  <bind>Comp:14-4-1 Comp:14-3-4 0.258MBps 46.2ms</bind>
  <bind>Comp:14-3-5 Comp:14-4-2 0.258MBps 46.2ms</bind>
  <bind>Comp:14-4-2 Comp:14-3-5 0.258MBps 46.2ms</bind>
  <bind>Comp:14-3-6 Comp:14-4-0 0.258MBps 46.2ms</bind>
  <bind>Comp:14-4-0 Comp:14-3-6 0.258MBps 46.2ms</bind>
</app>
</apps>
