<?xml version="1.0"?>
<apps>
<app>
  <id>App1</id>
<comp>
  <id>Comp:1-0-0</id>
  <CPU>0.552Gf</CPU>
  <RAM>0.754GB</RAM>
  <DISK>1.17GB</DISK>
</comp>
<comp>
  <id>Comp:1-0-1</id>
  <CPU>0.552Gf</CPU>
  <RAM>0.754GB</RAM>
  <DISK>1.17GB</DISK>
</comp>
<comp>
  <id>Comp:1-1-0</id>
  <CPU>0.545Gf</CPU>
  <RAM>0.908GB</RAM>
  <DISK>0.295GB</DISK>
</comp>
<comp>
  <id>Comp:1-1-1</id>
  <CPU>0.545Gf</CPU>
  <RAM>0.908GB</RAM>
  <DISK>0.295GB</DISK>
</comp>
<comp>
  <id>Comp:1-1-2</id>
  <CPU>0.545Gf</CPU>
  <RAM>0.908GB</RAM>
  <DISK>0.295GB</DISK>
</comp>
<comp>
  <id>Comp:1-1-3</id>
  <CPU>0.545Gf</CPU>
  <RAM>0.908GB</RAM>
  <DISK>0.295GB</DISK>
</comp>
<comp>
  <id>Comp:1-1-4</id>
  <CPU>0.545Gf</CPU>
  <RAM>0.908GB</RAM>
  <DISK>0.295GB</DISK>
</comp>
<comp>
  <id>Comp:1-1-5</id>
  <CPU>0.545Gf</CPU>
  <RAM>0.908GB</RAM>
  <DISK>0.295GB</DISK>
</comp>
<comp>
  <id>Comp:1-2-0</id>
  <CPU>0.724Gf</CPU>
  <RAM>0.467GB</RAM>
  <DISK>1.98GB</DISK>
</comp>
<comp>
  <id>Comp:1-2-1</id>
  <CPU>0.724Gf</CPU>
  <RAM>0.467GB</RAM>
  <DISK>1.98GB</DISK>
</comp>
<comp>
  <id>Comp:1-2-2</id>
  <CPU>0.724Gf</CPU>
  <RAM>0.467GB</RAM>
  <DISK>1.98GB</DISK>
</comp>
<comp>
  <id>Comp:1-2-3</id>
  <CPU>0.724Gf</CPU>
  <RAM>0.467GB</RAM>
  <DISK>1.98GB</DISK>
</comp>
<comp>
  <id>Comp:1-2-4</id>
  <CPU>0.724Gf</CPU>
  <RAM>0.467GB</RAM>
  <DISK>1.98GB</DISK>
</comp>
<comp>
  <id>Comp:1-3-0</id>
  <CPU>0.37Gf</CPU>
  <RAM>0.913GB</RAM>
  <DISK>1.47GB</DISK>
</comp>
<comp>
  <id>Comp:1-3-1</id>
  <CPU>0.37Gf</CPU>
  <RAM>0.913GB</RAM>
  <DISK>1.47GB</DISK>
</comp>
<comp>
  <id>Comp:1-3-2</id>
  <CPU>0.37Gf</CPU>
  <RAM>0.913GB</RAM>
  <DISK>1.47GB</DISK>
</comp>
<comp>
  <id>Comp:1-3-3</id>
  <CPU>0.37Gf</CPU>
  <RAM>0.913GB</RAM>
  <DISK>1.47GB</DISK>
</comp>
<comp>
  <id>Comp:1-3-4</id>
  <CPU>0.37Gf</CPU>
  <RAM>0.913GB</RAM>
  <DISK>1.47GB</DISK>
</comp>
<comp>
  <id>Comp:1-3-5</id>
  <CPU>0.37Gf</CPU>
  <RAM>0.913GB</RAM>
  <DISK>1.47GB</DISK>
</comp>
<comp>
  <id>Comp:1-3-6</id>
  <CPU>0.37Gf</CPU>
  <RAM>0.913GB</RAM>
  <DISK>1.47GB</DISK>
</comp>
<comp>
  <id>Comp:1-4-0</id>
  <CPU>0.781Gf</CPU>
  <RAM>0.741GB</RAM>
  <DISK>0.647GB</DISK>
</comp>
<comp>
  <id>Comp:1-4-1</id>
  <CPU>0.781Gf</CPU>
  <RAM>0.741GB</RAM>
  <DISK>0.647GB</DISK>
</comp>
<comp>
  <id>Comp:1-4-2</id>
  <CPU>0.781Gf</CPU>
  <RAM>0.741GB</RAM>
  <DISK>0.647GB</DISK>
</comp>
<comp>
  <id>Comp:1-4-3</id>
  <CPU>0.781Gf</CPU>
  <RAM>0.741GB</RAM>
  <DISK>0.647GB</DISK>
</comp>
<comp>
  <id>Comp:1-4-4</id>
  <CPU>0.781Gf</CPU>
  <RAM>0.741GB</RAM>
  <DISK>0.647GB</DISK>
</comp>
<comp>
  <id>Comp:1-4-5</id>
  <CPU>0.781Gf</CPU>
  <RAM>0.741GB</RAM>
  <DISK>0.647GB</DISK>
</comp>
<comp>
  <id>Comp:1-4-6</id>
  <CPU>0.781Gf</CPU>
  <RAM>0.741GB</RAM>
  <DISK>0.647GB</DISK>
</comp>
<comp>
  <id>Comp:1-4-7</id>
  <CPU>0.781Gf</CPU>
  <RAM>0.741GB</RAM>
  <DISK>0.647GB</DISK>
</comp>
  <bind>Comp:1-1-0 Comp:1-0-0 0.507MBps 47.9ms</bind>
  <bind>Comp:1-0-0 Comp:1-1-0 0.507MBps 47.9ms</bind>
  <bind>Comp:1-1-1 Comp:1-0-1 0.507MBps 47.9ms</bind>
  <bind>Comp:1-0-1 Comp:1-1-1 0.507MBps 47.9ms</bind>
  <bind>Comp:1-1-2 Comp:1-0-0 0.507MBps 47.9ms</bind>
  <bind>Comp:1-0-0 Comp:1-1-2 0.507MBps 47.9ms</bind>
  <bind>Comp:1-1-3 Comp:1-0-1 0.507MBps 47.9ms</bind>
  <bind>Comp:1-0-1 Comp:1-1-3 0.507MBps 47.9ms</bind>
  <bind>Comp:1-1-4 Comp:1-0-0 0.507MBps 47.9ms</bind>
  <bind>Comp:1-0-0 Comp:1-1-4 0.507MBps 47.9ms</bind>
  <bind>Comp:1-1-5 Comp:1-0-1 0.507MBps 47.9ms</bind>
  <bind>Comp:1-0-1 Comp:1-1-5 0.507MBps 47.9ms</bind>
  <bind>Comp:1-2-0 Comp:1-1-0 0.959MBps 29.8ms</bind>
  <bind>Comp:1-1-0 Comp:1-2-0 0.959MBps 29.8ms</bind>
  <bind>Comp:1-2-1 Comp:1-1-1 0.959MBps 29.8ms</bind>
  <bind>Comp:1-1-1 Comp:1-2-1 0.959MBps 29.8ms</bind>
  <bind>Comp:1-2-2 Comp:1-1-2 0.959MBps 29.8ms</bind>
  <bind>Comp:1-1-2 Comp:1-2-2 0.959MBps 29.8ms</bind>
  <bind>Comp:1-2-3 Comp:1-1-3 0.959MBps 29.8ms</bind>
  <bind>Comp:1-1-3 Comp:1-2-3 0.959MBps 29.8ms</bind>
  <bind>Comp:1-2-4 Comp:1-1-4 0.959MBps 29.8ms</bind>
  <bind>Comp:1-1-4 Comp:1-2-4 0.959MBps 29.8ms</bind>
  <bind>Comp:1-2-0 Comp:1-1-5 0.959MBps 29.8ms</bind>
  <bind>Comp:1-1-5 Comp:1-2-0 0.959MBps 29.8ms</bind>
  <bind>Comp:1-3-0 Comp:1-2-0 0.562MBps 48.0ms</bind>
  <bind>Comp:1-2-0 Comp:1-3-0 0.562MBps 48.0ms</bind>
  <bind>Comp:1-3-1 Comp:1-2-1 0.562MBps 48.0ms</bind>
  <bind>Comp:1-2-1 Comp:1-3-1 0.562MBps 48.0ms</bind>
  <bind>Comp:1-3-2 Comp:1-2-2 0.562MBps 48.0ms</bind>
  <bind>Comp:1-2-2 Comp:1-3-2 0.562MBps 48.0ms</bind>
  <bind>Comp:1-3-3 Comp:1-2-3 0.562MBps 48.0ms</bind>
  <bind>Comp:1-2-3 Comp:1-3-3 0.562MBps 48.0ms</bind>
  <bind>Comp:1-3-4 Comp:1-2-4 0.562MBps 48.0ms</bind>
  <bind>Comp:1-2-4 Comp:1-3-4 0.562MBps 48.0ms</bind>
  <bind>Comp:1-3-5 Comp:1-2-0 0.562MBps 48.0ms</bind>
  <bind>Comp:1-2-0 Comp:1-3-5 0.562MBps 48.0ms</bind>
  <bind>Comp:1-3-6 Comp:1-2-1 0.562MBps 48.0ms</bind>
  <bind>Comp:1-2-1 Comp:1-3-6 0.562MBps 48.0ms</bind>
  <bind>Comp:1-4-0 Comp:1-3-0 0.208MBps 37.6ms</bind>
  <bind>Comp:1-3-0 Comp:1-4-0 0.208MBps 37.6ms</bind>
  <bind>Comp:1-4-1 Comp:1-3-1 0.208MBps 37.6ms</bind>
  <bind>Comp:1-3-1 Comp:1-4-1 0.208MBps 37.6ms</bind>
  <bind>Comp:1-4-2 Comp:1-3-2 0.208MBps 37.6ms</bind>
  <bind>Comp:1-3-2 Comp:1-4-2 0.208MBps 37.6ms</bind>
  <bind>Comp:1-4-3 Comp:1-3-3 0.208MBps 37.6ms</bind>
  <bind>Comp:1-3-3 Comp:1-4-3 0.208MBps 37.6ms</bind>
  <bind>Comp:1-4-4 Comp:1-3-4 0.208MBps 37.6ms</bind>
  <bind>Comp:1-3-4 Comp:1-4-4 0.208MBps 37.6ms</bind>
  <bind>Comp:1-4-5 Comp:1-3-5 0.208MBps 37.6ms</bind>
  <bind>Comp:1-3-5 Comp:1-4-5 0.208MBps 37.6ms</bind>
  <bind>Comp:1-4-6 Comp:1-3-6 0.208MBps 37.6ms</bind>
  <bind>Comp:1-3-6 Comp:1-4-6 0.208MBps 37.6ms</bind>
  <bind>Comp:1-4-7 Comp:1-3-0 0.208MBps 37.6ms</bind>
  <bind>Comp:1-3-0 Comp:1-4-7 0.208MBps 37.6ms</bind>
  <bind>Comp:1-4-0 Appliance-0 0.364MBps 38.6ms</bind>
  <bind>Appliance-0 Comp:1-4-0 0.364MBps 38.6ms</bind>
  <bind>Comp:1-4-1 Appliance-29 0.364MBps 38.6ms</bind>
  <bind>Appliance-29 Comp:1-4-1 0.364MBps 38.6ms</bind>
  <bind>Comp:1-4-2 Appliance-6 0.364MBps 38.6ms</bind>
  <bind>Appliance-6 Comp:1-4-2 0.364MBps 38.6ms</bind>
  <bind>Comp:1-4-3 Appliance-10 0.364MBps 38.6ms</bind>
  <bind>Appliance-10 Comp:1-4-3 0.364MBps 38.6ms</bind>
  <bind>Comp:1-4-4 Appliance-3 0.364MBps 38.6ms</bind>
  <bind>Appliance-3 Comp:1-4-4 0.364MBps 38.6ms</bind>
  <bind>Comp:1-4-5 Appliance-29 0.364MBps 38.6ms</bind>
  <bind>Appliance-29 Comp:1-4-5 0.364MBps 38.6ms</bind>
  <bind>Comp:1-4-6 Appliance-21 0.364MBps 38.6ms</bind>
  <bind>Appliance-21 Comp:1-4-6 0.364MBps 38.6ms</bind>
  <bind>Comp:1-4-7 Appliance-0 0.364MBps 38.6ms</bind>
  <bind>Appliance-0 Comp:1-4-7 0.364MBps 38.6ms</bind>
</app>
<app>
  <id>App10</id>
<comp>
  <id>Comp:10-1-0</id>
  <CPU>0.362Gf</CPU>
  <RAM>0.655GB</RAM>
  <DISK>0.158GB</DISK>
</comp>
<comp>
  <id>Comp:10-1-1</id>
  <CPU>0.362Gf</CPU>
  <RAM>0.655GB</RAM>
  <DISK>0.158GB</DISK>
</comp>
<comp>
  <id>Comp:10-1-2</id>
  <CPU>0.362Gf</CPU>
  <RAM>0.655GB</RAM>
  <DISK>0.158GB</DISK>
</comp>
<comp>
  <id>Comp:10-1-3</id>
  <CPU>0.362Gf</CPU>
  <RAM>0.655GB</RAM>
  <DISK>0.158GB</DISK>
</comp>
<comp>
  <id>Comp:10-1-4</id>
  <CPU>0.362Gf</CPU>
  <RAM>0.655GB</RAM>
  <DISK>0.158GB</DISK>
</comp>
<comp>
  <id>Comp:10-1-5</id>
  <CPU>0.362Gf</CPU>
  <RAM>0.655GB</RAM>
  <DISK>0.158GB</DISK>
</comp>
<comp>
  <id>Comp:10-1-6</id>
  <CPU>0.362Gf</CPU>
  <RAM>0.655GB</RAM>
  <DISK>0.158GB</DISK>
</comp>
<comp>
  <id>Comp:10-1-7</id>
  <CPU>0.362Gf</CPU>
  <RAM>0.655GB</RAM>
  <DISK>0.158GB</DISK>
</comp>
<comp>
  <id>Comp:10-1-8</id>
  <CPU>0.362Gf</CPU>
  <RAM>0.655GB</RAM>
  <DISK>0.158GB</DISK>
</comp>
<comp>
  <id>Comp:10-1-9</id>
  <CPU>0.362Gf</CPU>
  <RAM>0.655GB</RAM>
  <DISK>0.158GB</DISK>
</comp>
<comp>
  <id>Comp:10-2-0</id>
  <CPU>0.406Gf</CPU>
  <RAM>0.657GB</RAM>
  <DISK>1.82GB</DISK>
</comp>
<comp>
  <id>Comp:10-2-1</id>
  <CPU>0.406Gf</CPU>
  <RAM>0.657GB</RAM>
  <DISK>1.82GB</DISK>
</comp>
<comp>
  <id>Comp:10-2-2</id>
  <CPU>0.406Gf</CPU>
  <RAM>0.657GB</RAM>
  <DISK>1.82GB</DISK>
</comp>
<comp>
  <id>Comp:10-2-3</id>
  <CPU>0.406Gf</CPU>
  <RAM>0.657GB</RAM>
  <DISK>1.82GB</DISK>
</comp>
<comp>
  <id>Comp:10-3-0</id>
  <CPU>0.497Gf</CPU>
  <RAM>0.328GB</RAM>
  <DISK>1.9GB</DISK>
</comp>
<comp>
  <id>Comp:10-3-1</id>
  <CPU>0.497Gf</CPU>
  <RAM>0.328GB</RAM>
  <DISK>1.9GB</DISK>
</comp>
<comp>
  <id>Comp:10-3-2</id>
  <CPU>0.497Gf</CPU>
  <RAM>0.328GB</RAM>
  <DISK>1.9GB</DISK>
</comp>
<comp>
  <id>Comp:10-3-3</id>
  <CPU>0.497Gf</CPU>
  <RAM>0.328GB</RAM>
  <DISK>1.9GB</DISK>
</comp>
<comp>
  <id>Comp:10-3-4</id>
  <CPU>0.497Gf</CPU>
  <RAM>0.328GB</RAM>
  <DISK>1.9GB</DISK>
</comp>
<comp>
  <id>Comp:10-4-0</id>
  <CPU>0.965Gf</CPU>
  <RAM>0.167GB</RAM>
  <DISK>0.798GB</DISK>
</comp>
<comp>
  <id>Comp:10-4-1</id>
  <CPU>0.965Gf</CPU>
  <RAM>0.167GB</RAM>
  <DISK>0.798GB</DISK>
</comp>
<comp>
  <id>Comp:10-4-2</id>
  <CPU>0.965Gf</CPU>
  <RAM>0.167GB</RAM>
  <DISK>0.798GB</DISK>
</comp>
<comp>
  <id>Comp:10-4-3</id>
  <CPU>0.965Gf</CPU>
  <RAM>0.167GB</RAM>
  <DISK>0.798GB</DISK>
</comp>
<comp>
  <id>Comp:10-4-4</id>
  <CPU>0.965Gf</CPU>
  <RAM>0.167GB</RAM>
  <DISK>0.798GB</DISK>
</comp>
  <bind>Comp:10-1-0 Appliance-11 0.217MBps 41.6ms</bind>
  <bind>Appliance-11 Comp:10-1-0 0.217MBps 41.6ms</bind>
  <bind>Comp:10-1-1 Appliance-16 0.217MBps 41.6ms</bind>
  <bind>Appliance-16 Comp:10-1-1 0.217MBps 41.6ms</bind>
  <bind>Comp:10-1-2 Appliance-37 0.217MBps 41.6ms</bind>
  <bind>Appliance-37 Comp:10-1-2 0.217MBps 41.6ms</bind>
  <bind>Comp:10-1-3 Appliance-20 0.217MBps 41.6ms</bind>
  <bind>Appliance-20 Comp:10-1-3 0.217MBps 41.6ms</bind>
  <bind>Comp:10-1-4 Appliance-36 0.217MBps 41.6ms</bind>
  <bind>Appliance-36 Comp:10-1-4 0.217MBps 41.6ms</bind>
  <bind>Comp:10-1-5 Appliance-23 0.217MBps 41.6ms</bind>
  <bind>Appliance-23 Comp:10-1-5 0.217MBps 41.6ms</bind>
  <bind>Comp:10-1-6 Appliance-24 0.217MBps 41.6ms</bind>
  <bind>Appliance-24 Comp:10-1-6 0.217MBps 41.6ms</bind>
  <bind>Comp:10-1-7 Appliance-28 0.217MBps 41.6ms</bind>
  <bind>Appliance-28 Comp:10-1-7 0.217MBps 41.6ms</bind>
  <bind>Comp:10-1-8 Appliance-11 0.217MBps 41.6ms</bind>
  <bind>Appliance-11 Comp:10-1-8 0.217MBps 41.6ms</bind>
  <bind>Comp:10-1-9 Appliance-16 0.217MBps 41.6ms</bind>
  <bind>Appliance-16 Comp:10-1-9 0.217MBps 41.6ms</bind>
  <bind>Comp:10-2-0 Comp:10-1-0 0.161MBps 39.2ms</bind>
  <bind>Comp:10-1-0 Comp:10-2-0 0.161MBps 39.2ms</bind>
  <bind>Comp:10-2-1 Comp:10-1-1 0.161MBps 39.2ms</bind>
  <bind>Comp:10-1-1 Comp:10-2-1 0.161MBps 39.2ms</bind>
  <bind>Comp:10-2-2 Comp:10-1-2 0.161MBps 39.2ms</bind>
  <bind>Comp:10-1-2 Comp:10-2-2 0.161MBps 39.2ms</bind>
  <bind>Comp:10-2-3 Comp:10-1-3 0.161MBps 39.2ms</bind>
  <bind>Comp:10-1-3 Comp:10-2-3 0.161MBps 39.2ms</bind>
  <bind>Comp:10-2-0 Comp:10-1-4 0.161MBps 39.2ms</bind>
  <bind>Comp:10-1-4 Comp:10-2-0 0.161MBps 39.2ms</bind>
  <bind>Comp:10-2-1 Comp:10-1-5 0.161MBps 39.2ms</bind>
  <bind>Comp:10-1-5 Comp:10-2-1 0.161MBps 39.2ms</bind>
  <bind>Comp:10-2-2 Comp:10-1-6 0.161MBps 39.2ms</bind>
  <bind>Comp:10-1-6 Comp:10-2-2 0.161MBps 39.2ms</bind>
  <bind>Comp:10-2-3 Comp:10-1-7 0.161MBps 39.2ms</bind>
  <bind>Comp:10-1-7 Comp:10-2-3 0.161MBps 39.2ms</bind>
  <bind>Comp:10-2-0 Comp:10-1-8 0.161MBps 39.2ms</bind>
  <bind>Comp:10-1-8 Comp:10-2-0 0.161MBps 39.2ms</bind>
  <bind>Comp:10-2-1 Comp:10-1-9 0.161MBps 39.2ms</bind>
  <bind>Comp:10-1-9 Comp:10-2-1 0.161MBps 39.2ms</bind>
  <bind>Comp:10-3-0 Comp:10-2-0 0.926MBps 37.1ms</bind>
  <bind>Comp:10-2-0 Comp:10-3-0 0.926MBps 37.1ms</bind>
  <bind>Comp:10-3-1 Comp:10-2-1 0.926MBps 37.1ms</bind>
  <bind>Comp:10-2-1 Comp:10-3-1 0.926MBps 37.1ms</bind>
  <bind>Comp:10-3-2 Comp:10-2-2 0.926MBps 37.1ms</bind>
  <bind>Comp:10-2-2 Comp:10-3-2 0.926MBps 37.1ms</bind>
  <bind>Comp:10-3-3 Comp:10-2-3 0.926MBps 37.1ms</bind>
  <bind>Comp:10-2-3 Comp:10-3-3 0.926MBps 37.1ms</bind>
  <bind>Comp:10-3-4 Comp:10-2-0 0.926MBps 37.1ms</bind>
  <bind>Comp:10-2-0 Comp:10-3-4 0.926MBps 37.1ms</bind>
  <bind>Comp:10-4-0 Comp:10-3-0 0.463MBps 26.0ms</bind>
  <bind>Comp:10-3-0 Comp:10-4-0 0.463MBps 26.0ms</bind>
  <bind>Comp:10-4-1 Comp:10-3-1 0.463MBps 26.0ms</bind>
  <bind>Comp:10-3-1 Comp:10-4-1 0.463MBps 26.0ms</bind>
  <bind>Comp:10-4-2 Comp:10-3-2 0.463MBps 26.0ms</bind>
  <bind>Comp:10-3-2 Comp:10-4-2 0.463MBps 26.0ms</bind>
  <bind>Comp:10-4-3 Comp:10-3-3 0.463MBps 26.0ms</bind>
  <bind>Comp:10-3-3 Comp:10-4-3 0.463MBps 26.0ms</bind>
  <bind>Comp:10-4-4 Comp:10-3-4 0.463MBps 26.0ms</bind>
  <bind>Comp:10-3-4 Comp:10-4-4 0.463MBps 26.0ms</bind>
  <bind>Comp:10-4-0 Appliance-23 0.12MBps 46.3ms</bind>
  <bind>Appliance-23 Comp:10-4-0 0.12MBps 46.3ms</bind>
  <bind>Comp:10-4-1 Appliance-37 0.12MBps 46.3ms</bind>
  <bind>Appliance-37 Comp:10-4-1 0.12MBps 46.3ms</bind>
  <bind>Comp:10-4-2 Appliance-27 0.12MBps 46.3ms</bind>
  <bind>Appliance-27 Comp:10-4-2 0.12MBps 46.3ms</bind>
  <bind>Comp:10-4-3 Appliance-39 0.12MBps 46.3ms</bind>
  <bind>Appliance-39 Comp:10-4-3 0.12MBps 46.3ms</bind>
  <bind>Comp:10-4-4 Appliance-9 0.12MBps 46.3ms</bind>
  <bind>Appliance-9 Comp:10-4-4 0.12MBps 46.3ms</bind>
</app>
<app>
  <id>App11</id>
<comp>
  <id>Comp:11-0-0</id>
  <CPU>0.343Gf</CPU>
  <RAM>0.565GB</RAM>
  <DISK>1.93GB</DISK>
</comp>
<comp>
  <id>Comp:11-0-1</id>
  <CPU>0.343Gf</CPU>
  <RAM>0.565GB</RAM>
  <DISK>1.93GB</DISK>
</comp>
<comp>
  <id>Comp:11-0-2</id>
  <CPU>0.343Gf</CPU>
  <RAM>0.565GB</RAM>
  <DISK>1.93GB</DISK>
</comp>
<comp>
  <id>Comp:11-0-3</id>
  <CPU>0.343Gf</CPU>
  <RAM>0.565GB</RAM>
  <DISK>1.93GB</DISK>
</comp>
<comp>
  <id>Comp:11-0-4</id>
  <CPU>0.343Gf</CPU>
  <RAM>0.565GB</RAM>
  <DISK>1.93GB</DISK>
</comp>
<comp>
  <id>Comp:11-0-5</id>
  <CPU>0.343Gf</CPU>
  <RAM>0.565GB</RAM>
  <DISK>1.93GB</DISK>
</comp>
<comp>
  <id>Comp:11-0-6</id>
  <CPU>0.343Gf</CPU>
  <RAM>0.565GB</RAM>
  <DISK>1.93GB</DISK>
</comp>
<comp>
  <id>Comp:11-0-7</id>
  <CPU>0.343Gf</CPU>
  <RAM>0.565GB</RAM>
  <DISK>1.93GB</DISK>
</comp>
<comp>
  <id>Comp:11-0-8</id>
  <CPU>0.343Gf</CPU>
  <RAM>0.565GB</RAM>
  <DISK>1.93GB</DISK>
</comp>
<comp>
  <id>Comp:11-0-9</id>
  <CPU>0.343Gf</CPU>
  <RAM>0.565GB</RAM>
  <DISK>1.93GB</DISK>
</comp>
<comp>
  <id>Comp:11-1-0</id>
  <CPU>0.239Gf</CPU>
  <RAM>0.661GB</RAM>
  <DISK>1.97GB</DISK>
</comp>
<comp>
  <id>Comp:11-1-1</id>
  <CPU>0.239Gf</CPU>
  <RAM>0.661GB</RAM>
  <DISK>1.97GB</DISK>
</comp>
<comp>
  <id>Comp:11-1-2</id>
  <CPU>0.239Gf</CPU>
  <RAM>0.661GB</RAM>
  <DISK>1.97GB</DISK>
</comp>
<comp>
  <id>Comp:11-1-3</id>
  <CPU>0.239Gf</CPU>
  <RAM>0.661GB</RAM>
  <DISK>1.97GB</DISK>
</comp>
<comp>
  <id>Comp:11-1-4</id>
  <CPU>0.239Gf</CPU>
  <RAM>0.661GB</RAM>
  <DISK>1.97GB</DISK>
</comp>
<comp>
  <id>Comp:11-1-5</id>
  <CPU>0.239Gf</CPU>
  <RAM>0.661GB</RAM>
  <DISK>1.97GB</DISK>
</comp>
<comp>
  <id>Comp:11-1-6</id>
  <CPU>0.239Gf</CPU>
  <RAM>0.661GB</RAM>
  <DISK>1.97GB</DISK>
</comp>
<comp>
  <id>Comp:11-1-7</id>
  <CPU>0.239Gf</CPU>
  <RAM>0.661GB</RAM>
  <DISK>1.97GB</DISK>
</comp>
<comp>
  <id>Comp:11-2-0</id>
  <CPU>0.68Gf</CPU>
  <RAM>0.643GB</RAM>
  <DISK>0.883GB</DISK>
</comp>
<comp>
  <id>Comp:11-2-1</id>
  <CPU>0.68Gf</CPU>
  <RAM>0.643GB</RAM>
  <DISK>0.883GB</DISK>
</comp>
<comp>
  <id>Comp:11-2-2</id>
  <CPU>0.68Gf</CPU>
  <RAM>0.643GB</RAM>
  <DISK>0.883GB</DISK>
</comp>
<comp>
  <id>Comp:11-2-3</id>
  <CPU>0.68Gf</CPU>
  <RAM>0.643GB</RAM>
  <DISK>0.883GB</DISK>
</comp>
<comp>
  <id>Comp:11-3-0</id>
  <CPU>0.978Gf</CPU>
  <RAM>0.619GB</RAM>
  <DISK>0.712GB</DISK>
</comp>
<comp>
  <id>Comp:11-3-1</id>
  <CPU>0.978Gf</CPU>
  <RAM>0.619GB</RAM>
  <DISK>0.712GB</DISK>
</comp>
<comp>
  <id>Comp:11-3-2</id>
  <CPU>0.978Gf</CPU>
  <RAM>0.619GB</RAM>
  <DISK>0.712GB</DISK>
</comp>
<comp>
  <id>Comp:11-3-3</id>
  <CPU>0.978Gf</CPU>
  <RAM>0.619GB</RAM>
  <DISK>0.712GB</DISK>
</comp>
<comp>
  <id>Comp:11-3-4</id>
  <CPU>0.978Gf</CPU>
  <RAM>0.619GB</RAM>
  <DISK>0.712GB</DISK>
</comp>
<comp>
  <id>Comp:11-3-5</id>
  <CPU>0.978Gf</CPU>
  <RAM>0.619GB</RAM>
  <DISK>0.712GB</DISK>
</comp>
<comp>
  <id>Comp:11-3-6</id>
  <CPU>0.978Gf</CPU>
  <RAM>0.619GB</RAM>
  <DISK>0.712GB</DISK>
</comp>
<comp>
  <id>Comp:11-3-7</id>
  <CPU>0.978Gf</CPU>
  <RAM>0.619GB</RAM>
  <DISK>0.712GB</DISK>
</comp>
<comp>
  <id>Comp:11-3-8</id>
  <CPU>0.978Gf</CPU>
  <RAM>0.619GB</RAM>
  <DISK>0.712GB</DISK>
</comp>
<comp>
  <id>Comp:11-4-0</id>
  <CPU>0.688Gf</CPU>
  <RAM>0.617GB</RAM>
  <DISK>0.284GB</DISK>
</comp>
<comp>
  <id>Comp:11-4-1</id>
  <CPU>0.688Gf</CPU>
  <RAM>0.617GB</RAM>
  <DISK>0.284GB</DISK>
</comp>
<comp>
  <id>Comp:11-4-2</id>
  <CPU>0.688Gf</CPU>
  <RAM>0.617GB</RAM>
  <DISK>0.284GB</DISK>
</comp>
<comp>
  <id>Comp:11-4-3</id>
  <CPU>0.688Gf</CPU>
  <RAM>0.617GB</RAM>
  <DISK>0.284GB</DISK>
</comp>
<comp>
  <id>Comp:11-4-4</id>
  <CPU>0.688Gf</CPU>
  <RAM>0.617GB</RAM>
  <DISK>0.284GB</DISK>
</comp>
<comp>
  <id>Comp:11-5-0</id>
  <CPU>0.831Gf</CPU>
  <RAM>0.159GB</RAM>
  <DISK>0.142GB</DISK>
</comp>
<comp>
  <id>Comp:11-5-1</id>
  <CPU>0.831Gf</CPU>
  <RAM>0.159GB</RAM>
  <DISK>0.142GB</DISK>
</comp>
<comp>
  <id>Comp:11-5-2</id>
  <CPU>0.831Gf</CPU>
  <RAM>0.159GB</RAM>
  <DISK>0.142GB</DISK>
</comp>
<comp>
  <id>Comp:11-5-3</id>
  <CPU>0.831Gf</CPU>
  <RAM>0.159GB</RAM>
  <DISK>0.142GB</DISK>
</comp>
<comp>
  <id>Comp:11-5-4</id>
  <CPU>0.831Gf</CPU>
  <RAM>0.159GB</RAM>
  <DISK>0.142GB</DISK>
</comp>
  <bind>Comp:11-1-0 Comp:11-0-0 0.879MBps 28.2ms</bind>
  <bind>Comp:11-0-0 Comp:11-1-0 0.879MBps 28.2ms</bind>
  <bind>Comp:11-1-1 Comp:11-0-1 0.879MBps 28.2ms</bind>
  <bind>Comp:11-0-1 Comp:11-1-1 0.879MBps 28.2ms</bind>
  <bind>Comp:11-1-2 Comp:11-0-2 0.879MBps 28.2ms</bind>
  <bind>Comp:11-0-2 Comp:11-1-2 0.879MBps 28.2ms</bind>
  <bind>Comp:11-1-3 Comp:11-0-3 0.879MBps 28.2ms</bind>
  <bind>Comp:11-0-3 Comp:11-1-3 0.879MBps 28.2ms</bind>
  <bind>Comp:11-1-4 Comp:11-0-4 0.879MBps 28.2ms</bind>
  <bind>Comp:11-0-4 Comp:11-1-4 0.879MBps 28.2ms</bind>
  <bind>Comp:11-1-5 Comp:11-0-5 0.879MBps 28.2ms</bind>
  <bind>Comp:11-0-5 Comp:11-1-5 0.879MBps 28.2ms</bind>
  <bind>Comp:11-1-6 Comp:11-0-6 0.879MBps 28.2ms</bind>
  <bind>Comp:11-0-6 Comp:11-1-6 0.879MBps 28.2ms</bind>
  <bind>Comp:11-1-7 Comp:11-0-7 0.879MBps 28.2ms</bind>
  <bind>Comp:11-0-7 Comp:11-1-7 0.879MBps 28.2ms</bind>
  <bind>Comp:11-1-0 Comp:11-0-8 0.879MBps 28.2ms</bind>
  <bind>Comp:11-0-8 Comp:11-1-0 0.879MBps 28.2ms</bind>
  <bind>Comp:11-1-1 Comp:11-0-9 0.879MBps 28.2ms</bind>
  <bind>Comp:11-0-9 Comp:11-1-1 0.879MBps 28.2ms</bind>
  <bind>Comp:11-2-0 Comp:11-1-0 0.481MBps 37.2ms</bind>
  <bind>Comp:11-1-0 Comp:11-2-0 0.481MBps 37.2ms</bind>
  <bind>Comp:11-2-1 Comp:11-1-1 0.481MBps 37.2ms</bind>
  <bind>Comp:11-1-1 Comp:11-2-1 0.481MBps 37.2ms</bind>
  <bind>Comp:11-2-2 Comp:11-1-2 0.481MBps 37.2ms</bind>
  <bind>Comp:11-1-2 Comp:11-2-2 0.481MBps 37.2ms</bind>
  <bind>Comp:11-2-3 Comp:11-1-3 0.481MBps 37.2ms</bind>
  <bind>Comp:11-1-3 Comp:11-2-3 0.481MBps 37.2ms</bind>
  <bind>Comp:11-2-0 Comp:11-1-4 0.481MBps 37.2ms</bind>
  <bind>Comp:11-1-4 Comp:11-2-0 0.481MBps 37.2ms</bind>
  <bind>Comp:11-2-1 Comp:11-1-5 0.481MBps 37.2ms</bind>
  <bind>Comp:11-1-5 Comp:11-2-1 0.481MBps 37.2ms</bind>
  <bind>Comp:11-2-2 Comp:11-1-6 0.481MBps 37.2ms</bind>
  <bind>Comp:11-1-6 Comp:11-2-2 0.481MBps 37.2ms</bind>
  <bind>Comp:11-2-3 Comp:11-1-7 0.481MBps 37.2ms</bind>
  <bind>Comp:11-1-7 Comp:11-2-3 0.481MBps 37.2ms</bind>
  <bind>Comp:11-3-0 Comp:11-2-0 0.723MBps 30.3ms</bind>
  <bind>Comp:11-2-0 Comp:11-3-0 0.723MBps 30.3ms</bind>
  <bind>Comp:11-3-1 Comp:11-2-1 0.723MBps 30.3ms</bind>
  <bind>Comp:11-2-1 Comp:11-3-1 0.723MBps 30.3ms</bind>
  <bind>Comp:11-3-2 Comp:11-2-2 0.723MBps 30.3ms</bind>
  <bind>Comp:11-2-2 Comp:11-3-2 0.723MBps 30.3ms</bind>
  <bind>Comp:11-3-3 Comp:11-2-3 0.723MBps 30.3ms</bind>
  <bind>Comp:11-2-3 Comp:11-3-3 0.723MBps 30.3ms</bind>
  <bind>Comp:11-3-4 Comp:11-2-0 0.723MBps 30.3ms</bind>
  <bind>Comp:11-2-0 Comp:11-3-4 0.723MBps 30.3ms</bind>
  <bind>Comp:11-3-5 Comp:11-2-1 0.723MBps 30.3ms</bind>
  <bind>Comp:11-2-1 Comp:11-3-5 0.723MBps 30.3ms</bind>
  <bind>Comp:11-3-6 Comp:11-2-2 0.723MBps 30.3ms</bind>
  <bind>Comp:11-2-2 Comp:11-3-6 0.723MBps 30.3ms</bind>
  <bind>Comp:11-3-7 Comp:11-2-3 0.723MBps 30.3ms</bind>
  <bind>Comp:11-2-3 Comp:11-3-7 0.723MBps 30.3ms</bind>
  <bind>Comp:11-3-8 Comp:11-2-0 0.723MBps 30.3ms</bind>
  <bind>Comp:11-2-0 Comp:11-3-8 0.723MBps 30.3ms</bind>
  <bind>Comp:11-4-0 Comp:11-3-0 0.605MBps 31.2ms</bind>
  <bind>Comp:11-3-0 Comp:11-4-0 0.605MBps 31.2ms</bind>
  <bind>Comp:11-4-1 Comp:11-3-1 0.605MBps 31.2ms</bind>
  <bind>Comp:11-3-1 Comp:11-4-1 0.605MBps 31.2ms</bind>
  <bind>Comp:11-4-2 Comp:11-3-2 0.605MBps 31.2ms</bind>
  <bind>Comp:11-3-2 Comp:11-4-2 0.605MBps 31.2ms</bind>
  <bind>Comp:11-4-3 Comp:11-3-3 0.605MBps 31.2ms</bind>
  <bind>Comp:11-3-3 Comp:11-4-3 0.605MBps 31.2ms</bind>
  <bind>Comp:11-4-4 Comp:11-3-4 0.605MBps 31.2ms</bind>
  <bind>Comp:11-3-4 Comp:11-4-4 0.605MBps 31.2ms</bind>
  <bind>Comp:11-4-0 Comp:11-3-5 0.605MBps 31.2ms</bind>
  <bind>Comp:11-3-5 Comp:11-4-0 0.605MBps 31.2ms</bind>
  <bind>Comp:11-4-1 Comp:11-3-6 0.605MBps 31.2ms</bind>
  <bind>Comp:11-3-6 Comp:11-4-1 0.605MBps 31.2ms</bind>
  <bind>Comp:11-4-2 Comp:11-3-7 0.605MBps 31.2ms</bind>
  <bind>Comp:11-3-7 Comp:11-4-2 0.605MBps 31.2ms</bind>
  <bind>Comp:11-4-3 Comp:11-3-8 0.605MBps 31.2ms</bind>
  <bind>Comp:11-3-8 Comp:11-4-3 0.605MBps 31.2ms</bind>
  <bind>Comp:11-5-0 Comp:11-4-0 0.084MBps 26.7ms</bind>
  <bind>Comp:11-4-0 Comp:11-5-0 0.084MBps 26.7ms</bind>
  <bind>Comp:11-5-1 Comp:11-4-1 0.084MBps 26.7ms</bind>
  <bind>Comp:11-4-1 Comp:11-5-1 0.084MBps 26.7ms</bind>
  <bind>Comp:11-5-2 Comp:11-4-2 0.084MBps 26.7ms</bind>
  <bind>Comp:11-4-2 Comp:11-5-2 0.084MBps 26.7ms</bind>
  <bind>Comp:11-5-3 Comp:11-4-3 0.084MBps 26.7ms</bind>
  <bind>Comp:11-4-3 Comp:11-5-3 0.084MBps 26.7ms</bind>
  <bind>Comp:11-5-4 Comp:11-4-4 0.084MBps 26.7ms</bind>
  <bind>Comp:11-4-4 Comp:11-5-4 0.084MBps 26.7ms</bind>
  <bind>Comp:11-5-0 Appliance-39 0.2MBps 28.8ms</bind>
  <bind>Appliance-39 Comp:11-5-0 0.2MBps 28.8ms</bind>
  <bind>Comp:11-5-1 Appliance-11 0.2MBps 28.8ms</bind>
  <bind>Appliance-11 Comp:11-5-1 0.2MBps 28.8ms</bind>
  <bind>Comp:11-5-2 Appliance-30 0.2MBps 28.8ms</bind>
  <bind>Appliance-30 Comp:11-5-2 0.2MBps 28.8ms</bind>
  <bind>Comp:11-5-3 Appliance-39 0.2MBps 28.8ms</bind>
  <bind>Appliance-39 Comp:11-5-3 0.2MBps 28.8ms</bind>
  <bind>Comp:11-5-4 Appliance-11 0.2MBps 28.8ms</bind>
  <bind>Appliance-11 Comp:11-5-4 0.2MBps 28.8ms</bind>
</app>
<app>
  <id>App12</id>
<comp>
  <id>Comp:12-1-0</id>
  <CPU>0.77Gf</CPU>
  <RAM>0.286GB</RAM>
  <DISK>0.349GB</DISK>
</comp>
<comp>
  <id>Comp:12-1-1</id>
  <CPU>0.77Gf</CPU>
  <RAM>0.286GB</RAM>
  <DISK>0.349GB</DISK>
</comp>
<comp>
  <id>Comp:12-1-2</id>
  <CPU>0.77Gf</CPU>
  <RAM>0.286GB</RAM>
  <DISK>0.349GB</DISK>
</comp>
<comp>
  <id>Comp:12-1-3</id>
  <CPU>0.77Gf</CPU>
  <RAM>0.286GB</RAM>
  <DISK>0.349GB</DISK>
</comp>
<comp>
  <id>Comp:12-1-4</id>
  <CPU>0.77Gf</CPU>
  <RAM>0.286GB</RAM>
  <DISK>0.349GB</DISK>
</comp>
<comp>
  <id>Comp:12-1-5</id>
  <CPU>0.77Gf</CPU>
  <RAM>0.286GB</RAM>
  <DISK>0.349GB</DISK>
</comp>
<comp>
  <id>Comp:12-1-6</id>
  <CPU>0.77Gf</CPU>
  <RAM>0.286GB</RAM>
  <DISK>0.349GB</DISK>
</comp>
<comp>
  <id>Comp:12-2-0</id>
  <CPU>0.82Gf</CPU>
  <RAM>0.22GB</RAM>
  <DISK>0.783GB</DISK>
</comp>
<comp>
  <id>Comp:12-2-1</id>
  <CPU>0.82Gf</CPU>
  <RAM>0.22GB</RAM>
  <DISK>0.783GB</DISK>
</comp>
<comp>
  <id>Comp:12-2-2</id>
  <CPU>0.82Gf</CPU>
  <RAM>0.22GB</RAM>
  <DISK>0.783GB</DISK>
</comp>
<comp>
  <id>Comp:12-2-3</id>
  <CPU>0.82Gf</CPU>
  <RAM>0.22GB</RAM>
  <DISK>0.783GB</DISK>
</comp>
<comp>
  <id>Comp:12-2-4</id>
  <CPU>0.82Gf</CPU>
  <RAM>0.22GB</RAM>
  <DISK>0.783GB</DISK>
</comp>
<comp>
  <id>Comp:12-2-5</id>
  <CPU>0.82Gf</CPU>
  <RAM>0.22GB</RAM>
  <DISK>0.783GB</DISK>
</comp>
<comp>
  <id>Comp:12-2-6</id>
  <CPU>0.82Gf</CPU>
  <RAM>0.22GB</RAM>
  <DISK>0.783GB</DISK>
</comp>
<comp>
  <id>Comp:12-2-7</id>
  <CPU>0.82Gf</CPU>
  <RAM>0.22GB</RAM>
  <DISK>0.783GB</DISK>
</comp>
<comp>
  <id>Comp:12-3-0</id>
  <CPU>0.202Gf</CPU>
  <RAM>0.2GB</RAM>
  <DISK>0.392GB</DISK>
</comp>
<comp>
  <id>Comp:12-3-1</id>
  <CPU>0.202Gf</CPU>
  <RAM>0.2GB</RAM>
  <DISK>0.392GB</DISK>
</comp>
<comp>
  <id>Comp:12-3-2</id>
  <CPU>0.202Gf</CPU>
  <RAM>0.2GB</RAM>
  <DISK>0.392GB</DISK>
</comp>
<comp>
  <id>Comp:12-3-3</id>
  <CPU>0.202Gf</CPU>
  <RAM>0.2GB</RAM>
  <DISK>0.392GB</DISK>
</comp>
<comp>
  <id>Comp:12-4-0</id>
  <CPU>0.867Gf</CPU>
  <RAM>0.809GB</RAM>
  <DISK>1.06GB</DISK>
</comp>
<comp>
  <id>Comp:12-4-1</id>
  <CPU>0.867Gf</CPU>
  <RAM>0.809GB</RAM>
  <DISK>1.06GB</DISK>
</comp>
<comp>
  <id>Comp:12-4-2</id>
  <CPU>0.867Gf</CPU>
  <RAM>0.809GB</RAM>
  <DISK>1.06GB</DISK>
</comp>
<comp>
  <id>Comp:12-4-3</id>
  <CPU>0.867Gf</CPU>
  <RAM>0.809GB</RAM>
  <DISK>1.06GB</DISK>
</comp>
<comp>
  <id>Comp:12-4-4</id>
  <CPU>0.867Gf</CPU>
  <RAM>0.809GB</RAM>
  <DISK>1.06GB</DISK>
</comp>
<comp>
  <id>Comp:12-4-5</id>
  <CPU>0.867Gf</CPU>
  <RAM>0.809GB</RAM>
  <DISK>1.06GB</DISK>
</comp>
<comp>
  <id>Comp:12-4-6</id>
  <CPU>0.867Gf</CPU>
  <RAM>0.809GB</RAM>
  <DISK>1.06GB</DISK>
</comp>
<comp>
  <id>Comp:12-5-0</id>
  <CPU>0.743Gf</CPU>
  <RAM>0.754GB</RAM>
  <DISK>1.62GB</DISK>
</comp>
  <bind>Comp:12-1-0 Appliance-22 0.628MBps 39.0ms</bind>
  <bind>Appliance-22 Comp:12-1-0 0.628MBps 39.0ms</bind>
  <bind>Comp:12-1-1 Appliance-21 0.628MBps 39.0ms</bind>
  <bind>Appliance-21 Comp:12-1-1 0.628MBps 39.0ms</bind>
  <bind>Comp:12-1-2 Appliance-22 0.628MBps 39.0ms</bind>
  <bind>Appliance-22 Comp:12-1-2 0.628MBps 39.0ms</bind>
  <bind>Comp:12-1-3 Appliance-21 0.628MBps 39.0ms</bind>
  <bind>Appliance-21 Comp:12-1-3 0.628MBps 39.0ms</bind>
  <bind>Comp:12-1-4 Appliance-22 0.628MBps 39.0ms</bind>
  <bind>Appliance-22 Comp:12-1-4 0.628MBps 39.0ms</bind>
  <bind>Comp:12-1-5 Appliance-21 0.628MBps 39.0ms</bind>
  <bind>Appliance-21 Comp:12-1-5 0.628MBps 39.0ms</bind>
  <bind>Comp:12-1-6 Appliance-22 0.628MBps 39.0ms</bind>
  <bind>Appliance-22 Comp:12-1-6 0.628MBps 39.0ms</bind>
  <bind>Comp:12-2-0 Comp:12-1-0 0.887MBps 30.0ms</bind>
  <bind>Comp:12-1-0 Comp:12-2-0 0.887MBps 30.0ms</bind>
  <bind>Comp:12-2-1 Comp:12-1-1 0.887MBps 30.0ms</bind>
  <bind>Comp:12-1-1 Comp:12-2-1 0.887MBps 30.0ms</bind>
  <bind>Comp:12-2-2 Comp:12-1-2 0.887MBps 30.0ms</bind>
  <bind>Comp:12-1-2 Comp:12-2-2 0.887MBps 30.0ms</bind>
  <bind>Comp:12-2-3 Comp:12-1-3 0.887MBps 30.0ms</bind>
  <bind>Comp:12-1-3 Comp:12-2-3 0.887MBps 30.0ms</bind>
  <bind>Comp:12-2-4 Comp:12-1-4 0.887MBps 30.0ms</bind>
  <bind>Comp:12-1-4 Comp:12-2-4 0.887MBps 30.0ms</bind>
  <bind>Comp:12-2-5 Comp:12-1-5 0.887MBps 30.0ms</bind>
  <bind>Comp:12-1-5 Comp:12-2-5 0.887MBps 30.0ms</bind>
  <bind>Comp:12-2-6 Comp:12-1-6 0.887MBps 30.0ms</bind>
  <bind>Comp:12-1-6 Comp:12-2-6 0.887MBps 30.0ms</bind>
  <bind>Comp:12-2-7 Comp:12-1-0 0.887MBps 30.0ms</bind>
  <bind>Comp:12-1-0 Comp:12-2-7 0.887MBps 30.0ms</bind>
  <bind>Comp:12-3-0 Comp:12-2-0 0.877MBps 46.5ms</bind>
  <bind>Comp:12-2-0 Comp:12-3-0 0.877MBps 46.5ms</bind>
  <bind>Comp:12-3-1 Comp:12-2-1 0.877MBps 46.5ms</bind>
  <bind>Comp:12-2-1 Comp:12-3-1 0.877MBps 46.5ms</bind>
  <bind>Comp:12-3-2 Comp:12-2-2 0.877MBps 46.5ms</bind>
  <bind>Comp:12-2-2 Comp:12-3-2 0.877MBps 46.5ms</bind>
  <bind>Comp:12-3-3 Comp:12-2-3 0.877MBps 46.5ms</bind>
  <bind>Comp:12-2-3 Comp:12-3-3 0.877MBps 46.5ms</bind>
  <bind>Comp:12-3-0 Comp:12-2-4 0.877MBps 46.5ms</bind>
  <bind>Comp:12-2-4 Comp:12-3-0 0.877MBps 46.5ms</bind>
  <bind>Comp:12-3-1 Comp:12-2-5 0.877MBps 46.5ms</bind>
  <bind>Comp:12-2-5 Comp:12-3-1 0.877MBps 46.5ms</bind>
  <bind>Comp:12-3-2 Comp:12-2-6 0.877MBps 46.5ms</bind>
  <bind>Comp:12-2-6 Comp:12-3-2 0.877MBps 46.5ms</bind>
  <bind>Comp:12-3-3 Comp:12-2-7 0.877MBps 46.5ms</bind>
  <bind>Comp:12-2-7 Comp:12-3-3 0.877MBps 46.5ms</bind>
  <bind>Comp:12-4-0 Comp:12-3-0 0.14MBps 26.6ms</bind>
  <bind>Comp:12-3-0 Comp:12-4-0 0.14MBps 26.6ms</bind>
  <bind>Comp:12-4-1 Comp:12-3-1 0.14MBps 26.6ms</bind>
  <bind>Comp:12-3-1 Comp:12-4-1 0.14MBps 26.6ms</bind>
  <bind>Comp:12-4-2 Comp:12-3-2 0.14MBps 26.6ms</bind>
  <bind>Comp:12-3-2 Comp:12-4-2 0.14MBps 26.6ms</bind>
  <bind>Comp:12-4-3 Comp:12-3-3 0.14MBps 26.6ms</bind>
  <bind>Comp:12-3-3 Comp:12-4-3 0.14MBps 26.6ms</bind>
  <bind>Comp:12-4-4 Comp:12-3-0 0.14MBps 26.6ms</bind>
  <bind>Comp:12-3-0 Comp:12-4-4 0.14MBps 26.6ms</bind>
  <bind>Comp:12-4-5 Comp:12-3-1 0.14MBps 26.6ms</bind>
  <bind>Comp:12-3-1 Comp:12-4-5 0.14MBps 26.6ms</bind>
  <bind>Comp:12-4-6 Comp:12-3-2 0.14MBps 26.6ms</bind>
  <bind>Comp:12-3-2 Comp:12-4-6 0.14MBps 26.6ms</bind>
  <bind>Comp:12-5-0 Comp:12-4-0 0.374MBps 42.4ms</bind>
  <bind>Comp:12-4-0 Comp:12-5-0 0.374MBps 42.4ms</bind>
  <bind>Comp:12-5-0 Comp:12-4-1 0.374MBps 42.4ms</bind>
  <bind>Comp:12-4-1 Comp:12-5-0 0.374MBps 42.4ms</bind>
  <bind>Comp:12-5-0 Comp:12-4-2 0.374MBps 42.4ms</bind>
  <bind>Comp:12-4-2 Comp:12-5-0 0.374MBps 42.4ms</bind>
  <bind>Comp:12-5-0 Comp:12-4-3 0.374MBps 42.4ms</bind>
  <bind>Comp:12-4-3 Comp:12-5-0 0.374MBps 42.4ms</bind>
  <bind>Comp:12-5-0 Comp:12-4-4 0.374MBps 42.4ms</bind>
  <bind>Comp:12-4-4 Comp:12-5-0 0.374MBps 42.4ms</bind>
  <bind>Comp:12-5-0 Comp:12-4-5 0.374MBps 42.4ms</bind>
  <bind>Comp:12-4-5 Comp:12-5-0 0.374MBps 42.4ms</bind>
  <bind>Comp:12-5-0 Comp:12-4-6 0.374MBps 42.4ms</bind>
  <bind>Comp:12-4-6 Comp:12-5-0 0.374MBps 42.4ms</bind>
  <bind>Comp:12-5-0 Appliance-15 0.283MBps 36.0ms</bind>
  <bind>Appliance-15 Comp:12-5-0 0.283MBps 36.0ms</bind>
  <bind>Comp:12-5-0 Appliance-21 0.283MBps 36.0ms</bind>
  <bind>Appliance-21 Comp:12-5-0 0.283MBps 36.0ms</bind>
  <bind>Comp:12-5-0 Appliance-17 0.283MBps 36.0ms</bind>
  <bind>Appliance-17 Comp:12-5-0 0.283MBps 36.0ms</bind>
  <bind>Comp:12-5-0 Appliance-22 0.283MBps 36.0ms</bind>
  <bind>Appliance-22 Comp:12-5-0 0.283MBps 36.0ms</bind>
  <bind>Comp:12-5-0 Appliance-15 0.283MBps 36.0ms</bind>
  <bind>Appliance-15 Comp:12-5-0 0.283MBps 36.0ms</bind>
  <bind>Comp:12-5-0 Appliance-0 0.283MBps 36.0ms</bind>
  <bind>Appliance-0 Comp:12-5-0 0.283MBps 36.0ms</bind>
</app>
<app>
  <id>App13</id>
<comp>
  <id>Comp:13-1-0</id>
  <CPU>0.233Gf</CPU>
  <RAM>0.123GB</RAM>
  <DISK>0.209GB</DISK>
</comp>
<comp>
  <id>Comp:13-1-1</id>
  <CPU>0.233Gf</CPU>
  <RAM>0.123GB</RAM>
  <DISK>0.209GB</DISK>
</comp>
<comp>
  <id>Comp:13-1-2</id>
  <CPU>0.233Gf</CPU>
  <RAM>0.123GB</RAM>
  <DISK>0.209GB</DISK>
</comp>
<comp>
  <id>Comp:13-1-3</id>
  <CPU>0.233Gf</CPU>
  <RAM>0.123GB</RAM>
  <DISK>0.209GB</DISK>
</comp>
<comp>
  <id>Comp:13-1-4</id>
  <CPU>0.233Gf</CPU>
  <RAM>0.123GB</RAM>
  <DISK>0.209GB</DISK>
</comp>
<comp>
  <id>Comp:13-1-5</id>
  <CPU>0.233Gf</CPU>
  <RAM>0.123GB</RAM>
  <DISK>0.209GB</DISK>
</comp>
<comp>
  <id>Comp:13-1-6</id>
  <CPU>0.233Gf</CPU>
  <RAM>0.123GB</RAM>
  <DISK>0.209GB</DISK>
</comp>
<comp>
  <id>Comp:13-1-7</id>
  <CPU>0.233Gf</CPU>
  <RAM>0.123GB</RAM>
  <DISK>0.209GB</DISK>
</comp>
<comp>
  <id>Comp:13-1-8</id>
  <CPU>0.233Gf</CPU>
  <RAM>0.123GB</RAM>
  <DISK>0.209GB</DISK>
</comp>
<comp>
  <id>Comp:13-2-0</id>
  <CPU>0.756Gf</CPU>
  <RAM>0.827GB</RAM>
  <DISK>0.456GB</DISK>
</comp>
<comp>
  <id>Comp:13-2-1</id>
  <CPU>0.756Gf</CPU>
  <RAM>0.827GB</RAM>
  <DISK>0.456GB</DISK>
</comp>
<comp>
  <id>Comp:13-2-2</id>
  <CPU>0.756Gf</CPU>
  <RAM>0.827GB</RAM>
  <DISK>0.456GB</DISK>
</comp>
<comp>
  <id>Comp:13-2-3</id>
  <CPU>0.756Gf</CPU>
  <RAM>0.827GB</RAM>
  <DISK>0.456GB</DISK>
</comp>
<comp>
  <id>Comp:13-2-4</id>
  <CPU>0.756Gf</CPU>
  <RAM>0.827GB</RAM>
  <DISK>0.456GB</DISK>
</comp>
<comp>
  <id>Comp:13-2-5</id>
  <CPU>0.756Gf</CPU>
  <RAM>0.827GB</RAM>
  <DISK>0.456GB</DISK>
</comp>
<comp>
  <id>Comp:13-2-6</id>
  <CPU>0.756Gf</CPU>
  <RAM>0.827GB</RAM>
  <DISK>0.456GB</DISK>
</comp>
  <bind>Comp:13-1-0 Appliance-20 0.346MBps 50.0ms</bind>
  <bind>Appliance-20 Comp:13-1-0 0.346MBps 50.0ms</bind>
  <bind>Comp:13-1-1 Appliance-25 0.346MBps 50.0ms</bind>
  <bind>Appliance-25 Comp:13-1-1 0.346MBps 50.0ms</bind>
  <bind>Comp:13-1-2 Appliance-13 0.346MBps 50.0ms</bind>
  <bind>Appliance-13 Comp:13-1-2 0.346MBps 50.0ms</bind>
  <bind>Comp:13-1-3 Appliance-26 0.346MBps 50.0ms</bind>
  <bind>Appliance-26 Comp:13-1-3 0.346MBps 50.0ms</bind>
  <bind>Comp:13-1-4 Appliance-23 0.346MBps 50.0ms</bind>
  <bind>Appliance-23 Comp:13-1-4 0.346MBps 50.0ms</bind>
  <bind>Comp:13-1-5 Appliance-9 0.346MBps 50.0ms</bind>
  <bind>Appliance-9 Comp:13-1-5 0.346MBps 50.0ms</bind>
  <bind>Comp:13-1-6 Appliance-8 0.346MBps 50.0ms</bind>
  <bind>Appliance-8 Comp:13-1-6 0.346MBps 50.0ms</bind>
  <bind>Comp:13-1-7 Appliance-28 0.346MBps 50.0ms</bind>
  <bind>Appliance-28 Comp:13-1-7 0.346MBps 50.0ms</bind>
  <bind>Comp:13-1-8 Appliance-20 0.346MBps 50.0ms</bind>
  <bind>Appliance-20 Comp:13-1-8 0.346MBps 50.0ms</bind>
  <bind>Comp:13-1-0 Comp:13-2-0 0.784MBps 42.1ms</bind>
  <bind>Comp:13-2-0 Comp:13-1-0 0.784MBps 42.1ms</bind>
  <bind>Comp:13-1-1 Comp:13-2-1 0.784MBps 42.1ms</bind>
  <bind>Comp:13-2-1 Comp:13-1-1 0.784MBps 42.1ms</bind>
  <bind>Comp:13-1-2 Comp:13-2-2 0.784MBps 42.1ms</bind>
  <bind>Comp:13-2-2 Comp:13-1-2 0.784MBps 42.1ms</bind>
  <bind>Comp:13-1-3 Comp:13-2-3 0.784MBps 42.1ms</bind>
  <bind>Comp:13-2-3 Comp:13-1-3 0.784MBps 42.1ms</bind>
  <bind>Comp:13-1-4 Comp:13-2-4 0.784MBps 42.1ms</bind>
  <bind>Comp:13-2-4 Comp:13-1-4 0.784MBps 42.1ms</bind>
  <bind>Comp:13-1-5 Comp:13-2-5 0.784MBps 42.1ms</bind>
  <bind>Comp:13-2-5 Comp:13-1-5 0.784MBps 42.1ms</bind>
  <bind>Comp:13-1-6 Comp:13-2-6 0.784MBps 42.1ms</bind>
  <bind>Comp:13-2-6 Comp:13-1-6 0.784MBps 42.1ms</bind>
  <bind>Comp:13-1-7 Comp:13-2-0 0.784MBps 42.1ms</bind>
  <bind>Comp:13-2-0 Comp:13-1-7 0.784MBps 42.1ms</bind>
  <bind>Comp:13-1-8 Comp:13-2-1 0.784MBps 42.1ms</bind>
  <bind>Comp:13-2-1 Comp:13-1-8 0.784MBps 42.1ms</bind>
</app>
<app>
  <id>App14</id>
<comp>
  <id>Comp:14-1-0</id>
  <CPU>0.374Gf</CPU>
  <RAM>0.681GB</RAM>
  <DISK>0.437GB</DISK>
</comp>
<comp>
  <id>Comp:14-1-1</id>
  <CPU>0.374Gf</CPU>
  <RAM>0.681GB</RAM>
  <DISK>0.437GB</DISK>
</comp>
<comp>
  <id>Comp:14-1-2</id>
  <CPU>0.374Gf</CPU>
  <RAM>0.681GB</RAM>
  <DISK>0.437GB</DISK>
</comp>
<comp>
  <id>Comp:14-2-0</id>
  <CPU>0.423Gf</CPU>
  <RAM>0.843GB</RAM>
  <DISK>0.811GB</DISK>
</comp>
<comp>
  <id>Comp:14-2-1</id>
  <CPU>0.423Gf</CPU>
  <RAM>0.843GB</RAM>
  <DISK>0.811GB</DISK>
</comp>
<comp>
  <id>Comp:14-2-2</id>
  <CPU>0.423Gf</CPU>
  <RAM>0.843GB</RAM>
  <DISK>0.811GB</DISK>
</comp>
<comp>
  <id>Comp:14-2-3</id>
  <CPU>0.423Gf</CPU>
  <RAM>0.843GB</RAM>
  <DISK>0.811GB</DISK>
</comp>
<comp>
  <id>Comp:14-2-4</id>
  <CPU>0.423Gf</CPU>
  <RAM>0.843GB</RAM>
  <DISK>0.811GB</DISK>
</comp>
<comp>
  <id>Comp:14-2-5</id>
  <CPU>0.423Gf</CPU>
  <RAM>0.843GB</RAM>
  <DISK>0.811GB</DISK>
</comp>
<comp>
  <id>Comp:14-2-6</id>
  <CPU>0.423Gf</CPU>
  <RAM>0.843GB</RAM>
  <DISK>0.811GB</DISK>
</comp>
<comp>
  <id>Comp:14-2-7</id>
  <CPU>0.423Gf</CPU>
  <RAM>0.843GB</RAM>
  <DISK>0.811GB</DISK>
</comp>
<comp>
  <id>Comp:14-3-0</id>
  <CPU>0.68Gf</CPU>
  <RAM>0.615GB</RAM>
  <DISK>1.14GB</DISK>
</comp>
<comp>
  <id>Comp:14-3-1</id>
  <CPU>0.68Gf</CPU>
  <RAM>0.615GB</RAM>
  <DISK>1.14GB</DISK>
</comp>
<comp>
  <id>Comp:14-3-2</id>
  <CPU>0.68Gf</CPU>
  <RAM>0.615GB</RAM>
  <DISK>1.14GB</DISK>
</comp>
<comp>
  <id>Comp:14-3-3</id>
  <CPU>0.68Gf</CPU>
  <RAM>0.615GB</RAM>
  <DISK>1.14GB</DISK>
</comp>
<comp>
  <id>Comp:14-3-4</id>
  <CPU>0.68Gf</CPU>
  <RAM>0.615GB</RAM>
  <DISK>1.14GB</DISK>
</comp>
<comp>
  <id>Comp:14-3-5</id>
  <CPU>0.68Gf</CPU>
  <RAM>0.615GB</RAM>
  <DISK>1.14GB</DISK>
</comp>
<comp>
  <id>Comp:14-3-6</id>
  <CPU>0.68Gf</CPU>
  <RAM>0.615GB</RAM>
  <DISK>1.14GB</DISK>
</comp>
<comp>
  <id>Comp:14-4-0</id>
  <CPU>0.182Gf</CPU>
  <RAM>0.443GB</RAM>
  <DISK>0.138GB</DISK>
</comp>
<comp>
  <id>Comp:14-4-1</id>
  <CPU>0.182Gf</CPU>
  <RAM>0.443GB</RAM>
  <DISK>0.138GB</DISK>
</comp>
<comp>
  <id>Comp:14-4-2</id>
  <CPU>0.182Gf</CPU>
  <RAM>0.443GB</RAM>
  <DISK>0.138GB</DISK>
</comp>
  <bind>Comp:14-1-0 Appliance-33 0.025MBps 27.9ms</bind>
  <bind>Appliance-33 Comp:14-1-0 0.025MBps 27.9ms</bind>
  <bind>Comp:14-1-1 Appliance-17 0.025MBps 27.9ms</bind>
  <bind>Appliance-17 Comp:14-1-1 0.025MBps 27.9ms</bind>
  <bind>Comp:14-1-2 Appliance-33 0.025MBps 27.9ms</bind>
  <bind>Appliance-33 Comp:14-1-2 0.025MBps 27.9ms</bind>
  <bind>Comp:14-2-0 Comp:14-1-0 0.929MBps 46.2ms</bind>
  <bind>Comp:14-1-0 Comp:14-2-0 0.929MBps 46.2ms</bind>
  <bind>Comp:14-2-1 Comp:14-1-1 0.929MBps 46.2ms</bind>
  <bind>Comp:14-1-1 Comp:14-2-1 0.929MBps 46.2ms</bind>
  <bind>Comp:14-2-2 Comp:14-1-2 0.929MBps 46.2ms</bind>
  <bind>Comp:14-1-2 Comp:14-2-2 0.929MBps 46.2ms</bind>
  <bind>Comp:14-2-3 Comp:14-1-0 0.929MBps 46.2ms</bind>
  <bind>Comp:14-1-0 Comp:14-2-3 0.929MBps 46.2ms</bind>
  <bind>Comp:14-2-4 Comp:14-1-1 0.929MBps 46.2ms</bind>
  <bind>Comp:14-1-1 Comp:14-2-4 0.929MBps 46.2ms</bind>
  <bind>Comp:14-2-5 Comp:14-1-2 0.929MBps 46.2ms</bind>
  <bind>Comp:14-1-2 Comp:14-2-5 0.929MBps 46.2ms</bind>
  <bind>Comp:14-2-6 Comp:14-1-0 0.929MBps 46.2ms</bind>
  <bind>Comp:14-1-0 Comp:14-2-6 0.929MBps 46.2ms</bind>
  <bind>Comp:14-2-7 Comp:14-1-1 0.929MBps 46.2ms</bind>
  <bind>Comp:14-1-1 Comp:14-2-7 0.929MBps 46.2ms</bind>
  <bind>Comp:14-3-0 Comp:14-2-0 0.83MBps 30.2ms</bind>
  <bind>Comp:14-2-0 Comp:14-3-0 0.83MBps 30.2ms</bind>
  <bind>Comp:14-3-1 Comp:14-2-1 0.83MBps 30.2ms</bind>
  <bind>Comp:14-2-1 Comp:14-3-1 0.83MBps 30.2ms</bind>
  <bind>Comp:14-3-2 Comp:14-2-2 0.83MBps 30.2ms</bind>
  <bind>Comp:14-2-2 Comp:14-3-2 0.83MBps 30.2ms</bind>
  <bind>Comp:14-3-3 Comp:14-2-3 0.83MBps 30.2ms</bind>
  <bind>Comp:14-2-3 Comp:14-3-3 0.83MBps 30.2ms</bind>
  <bind>Comp:14-3-4 Comp:14-2-4 0.83MBps 30.2ms</bind>
  <bind>Comp:14-2-4 Comp:14-3-4 0.83MBps 30.2ms</bind>
  <bind>Comp:14-3-5 Comp:14-2-5 0.83MBps 30.2ms</bind>
  <bind>Comp:14-2-5 Comp:14-3-5 0.83MBps 30.2ms</bind>
  <bind>Comp:14-3-6 Comp:14-2-6 0.83MBps 30.2ms</bind>
  <bind>Comp:14-2-6 Comp:14-3-6 0.83MBps 30.2ms</bind>
  <bind>Comp:14-3-0 Comp:14-2-7 0.83MBps 30.2ms</bind>
  <bind>Comp:14-2-7 Comp:14-3-0 0.83MBps 30.2ms</bind>
  <bind>Comp:14-3-0 Comp:14-4-0 0.258MBps 46.2ms</bind>
  <bind>Comp:14-4-0 Comp:14-3-0 0.258MBps 46.2ms</bind>
  <bind>Comp:14-3-1 Comp:14-4-1 0.258MBps 46.2ms</bind>
  <bind>Comp:14-4-1 Comp:14-3-1 0.258MBps 46.2ms</bind>
  <bind>Comp:14-3-2 Comp:14-4-2 0.258MBps 46.2ms</bind>
  <bind>Comp:14-4-2 Comp:14-3-2 0.258MBps 46.2ms</bind>
  <bind>Comp:14-3-3 Comp:14-4-0 0.258MBps 46.2ms</bind>
  <bind>Comp:14-4-0 Comp:14-3-3 0.258MBps 46.2ms</bind>
  <bind>Comp:14-3-4 Comp:14-4-1 0.258MBps 46.2ms</bind>
  <bind>Comp:14-4-1 Comp:14-3-4 0.258MBps 46.2ms</bind>
  <bind>Comp:14-3-5 Comp:14-4-2 0.258MBps 46.2ms</bind>
  <bind>Comp:14-4-2 Comp:14-3-5 0.258MBps 46.2ms</bind>
  <bind>Comp:14-3-6 Comp:14-4-0 0.258MBps 46.2ms</bind>
  <bind>Comp:14-4-0 Comp:14-3-6 0.258MBps 46.2ms</bind>
</app>
<app>
  <id>App15</id>
<comp>
  <id>Comp:15-1-0</id>
  <CPU>0.521Gf</CPU>
  <RAM>0.768GB</RAM>
  <DISK>1.37GB</DISK>
</comp>
<comp>
  <id>Comp:15-2-0</id>
  <CPU>0.689Gf</CPU>
  <RAM>0.113GB</RAM>
  <DISK>1.71GB</DISK>
</comp>
<comp>
  <id>Comp:15-2-1</id>
  <CPU>0.689Gf</CPU>
  <RAM>0.113GB</RAM>
  <DISK>1.71GB</DISK>
</comp>
<comp>
  <id>Comp:15-2-2</id>
  <CPU>0.689Gf</CPU>
  <RAM>0.113GB</RAM>
  <DISK>1.71GB</DISK>
</comp>
<comp>
  <id>Comp:15-2-3</id>
  <CPU>0.689Gf</CPU>
  <RAM>0.113GB</RAM>
  <DISK>1.71GB</DISK>
</comp>
<comp>
  <id>Comp:15-2-4</id>
  <CPU>0.689Gf</CPU>
  <RAM>0.113GB</RAM>
  <DISK>1.71GB</DISK>
</comp>
<comp>
  <id>Comp:15-2-5</id>
  <CPU>0.689Gf</CPU>
  <RAM>0.113GB</RAM>
  <DISK>1.71GB</DISK>
</comp>
<comp>
  <id>Comp:15-2-6</id>
  <CPU>0.689Gf</CPU>
  <RAM>0.113GB</RAM>
  <DISK>1.71GB</DISK>
</comp>
<comp>
  <id>Comp:15-2-7</id>
  <CPU>0.689Gf</CPU>
  <RAM>0.113GB</RAM>
  <DISK>1.71GB</DISK>
</comp>
<comp>
  <id>Comp:15-3-0</id>
  <CPU>0.911Gf</CPU>
  <RAM>0.799GB</RAM>
  <DISK>1.19GB</DISK>
</comp>
<comp>
  <id>Comp:15-3-1</id>
  <CPU>0.911Gf</CPU>
  <RAM>0.799GB</RAM>
  <DISK>1.19GB</DISK>
</comp>
<comp>
  <id>Comp:15-3-2</id>
  <CPU>0.911Gf</CPU>
  <RAM>0.799GB</RAM>
  <DISK>1.19GB</DISK>
</comp>
<comp>
  <id>Comp:15-3-3</id>
  <CPU>0.911Gf</CPU>
  <RAM>0.799GB</RAM>
  <DISK>1.19GB</DISK>
</comp>
<comp>
  <id>Comp:15-3-4</id>
  <CPU>0.911Gf</CPU>
  <RAM>0.799GB</RAM>
  <DISK>1.19GB</DISK>
</comp>
<comp>
  <id>Comp:15-3-5</id>
  <CPU>0.911Gf</CPU>
  <RAM>0.799GB</RAM>
  <DISK>1.19GB</DISK>
</comp>
<comp>
  <id>Comp:15-3-6</id>
  <CPU>0.911Gf</CPU>
  <RAM>0.799GB</RAM>
  <DISK>1.19GB</DISK>
</comp>
<comp>
  <id>Comp:15-3-7</id>
  <CPU>0.911Gf</CPU>
  <RAM>0.799GB</RAM>
  <DISK>1.19GB</DISK>
</comp>
<comp>
  <id>Comp:15-3-8</id>
  <CPU>0.911Gf</CPU>
  <RAM>0.799GB</RAM>
  <DISK>1.19GB</DISK>
</comp>
  <bind>Comp:15-1-0 Appliance-29 0.941MBps 49.9ms</bind>
  <bind>Appliance-29 Comp:15-1-0 0.941MBps 49.9ms</bind>
  <bind>Comp:15-1-0 Appliance-22 0.941MBps 49.9ms</bind>
  <bind>Appliance-22 Comp:15-1-0 0.941MBps 49.9ms</bind>
  <bind>Comp:15-1-0 Appliance-10 0.941MBps 49.9ms</bind>
  <bind>Appliance-10 Comp:15-1-0 0.941MBps 49.9ms</bind>
  <bind>Comp:15-1-0 Appliance-10 0.941MBps 49.9ms</bind>
  <bind>Appliance-10 Comp:15-1-0 0.941MBps 49.9ms</bind>
  <bind>Comp:15-1-0 Appliance-10 0.941MBps 49.9ms</bind>
  <bind>Appliance-10 Comp:15-1-0 0.941MBps 49.9ms</bind>
  <bind>Comp:15-1-0 Appliance-0 0.941MBps 49.9ms</bind>
  <bind>Appliance-0 Comp:15-1-0 0.941MBps 49.9ms</bind>
  <bind>Comp:15-2-0 Comp:15-1-0 0.026MBps 28.0ms</bind>
  <bind>Comp:15-1-0 Comp:15-2-0 0.026MBps 28.0ms</bind>
  <bind>Comp:15-2-1 Comp:15-1-0 0.026MBps 28.0ms</bind>
  <bind>Comp:15-1-0 Comp:15-2-1 0.026MBps 28.0ms</bind>
  <bind>Comp:15-2-2 Comp:15-1-0 0.026MBps 28.0ms</bind>
  <bind>Comp:15-1-0 Comp:15-2-2 0.026MBps 28.0ms</bind>
  <bind>Comp:15-2-3 Comp:15-1-0 0.026MBps 28.0ms</bind>
  <bind>Comp:15-1-0 Comp:15-2-3 0.026MBps 28.0ms</bind>
  <bind>Comp:15-2-4 Comp:15-1-0 0.026MBps 28.0ms</bind>
  <bind>Comp:15-1-0 Comp:15-2-4 0.026MBps 28.0ms</bind>
  <bind>Comp:15-2-5 Comp:15-1-0 0.026MBps 28.0ms</bind>
  <bind>Comp:15-1-0 Comp:15-2-5 0.026MBps 28.0ms</bind>
  <bind>Comp:15-2-6 Comp:15-1-0 0.026MBps 28.0ms</bind>
  <bind>Comp:15-1-0 Comp:15-2-6 0.026MBps 28.0ms</bind>
  <bind>Comp:15-2-7 Comp:15-1-0 0.026MBps 28.0ms</bind>
  <bind>Comp:15-1-0 Comp:15-2-7 0.026MBps 28.0ms</bind>
  <bind>Comp:15-3-0 Comp:15-2-0 0.47MBps 28.6ms</bind>
  <bind>Comp:15-2-0 Comp:15-3-0 0.47MBps 28.6ms</bind>
  <bind>Comp:15-3-1 Comp:15-2-1 0.47MBps 28.6ms</bind>
  <bind>Comp:15-2-1 Comp:15-3-1 0.47MBps 28.6ms</bind>
  <bind>Comp:15-3-2 Comp:15-2-2 0.47MBps 28.6ms</bind>
  <bind>Comp:15-2-2 Comp:15-3-2 0.47MBps 28.6ms</bind>
  <bind>Comp:15-3-3 Comp:15-2-3 0.47MBps 28.6ms</bind>
  <bind>Comp:15-2-3 Comp:15-3-3 0.47MBps 28.6ms</bind>
  <bind>Comp:15-3-4 Comp:15-2-4 0.47MBps 28.6ms</bind>
  <bind>Comp:15-2-4 Comp:15-3-4 0.47MBps 28.6ms</bind>
  <bind>Comp:15-3-5 Comp:15-2-5 0.47MBps 28.6ms</bind>
  <bind>Comp:15-2-5 Comp:15-3-5 0.47MBps 28.6ms</bind>
  <bind>Comp:15-3-6 Comp:15-2-6 0.47MBps 28.6ms</bind>
  <bind>Comp:15-2-6 Comp:15-3-6 0.47MBps 28.6ms</bind>
  <bind>Comp:15-3-7 Comp:15-2-7 0.47MBps 28.6ms</bind>
  <bind>Comp:15-2-7 Comp:15-3-7 0.47MBps 28.6ms</bind>
  <bind>Comp:15-3-8 Comp:15-2-0 0.47MBps 28.6ms</bind>
  <bind>Comp:15-2-0 Comp:15-3-8 0.47MBps 28.6ms</bind>
  <bind>Comp:15-3-0 Appliance-3 0.562MBps 38.5ms</bind>
  <bind>Appliance-3 Comp:15-3-0 0.562MBps 38.5ms</bind>
  <bind>Comp:15-3-1 Appliance-3 0.562MBps 38.5ms</bind>
  <bind>Appliance-3 Comp:15-3-1 0.562MBps 38.5ms</bind>
  <bind>Comp:15-3-2 Appliance-34 0.562MBps 38.5ms</bind>
  <bind>Appliance-34 Comp:15-3-2 0.562MBps 38.5ms</bind>
  <bind>Comp:15-3-3 Appliance-6 0.562MBps 38.5ms</bind>
  <bind>Appliance-6 Comp:15-3-3 0.562MBps 38.5ms</bind>
  <bind>Comp:15-3-4 Appliance-3 0.562MBps 38.5ms</bind>
  <bind>Appliance-3 Comp:15-3-4 0.562MBps 38.5ms</bind>
  <bind>Comp:15-3-5 Appliance-10 0.562MBps 38.5ms</bind>
  <bind>Appliance-10 Comp:15-3-5 0.562MBps 38.5ms</bind>
  <bind>Comp:15-3-6 Appliance-21 0.562MBps 38.5ms</bind>
  <bind>Appliance-21 Comp:15-3-6 0.562MBps 38.5ms</bind>
  <bind>Comp:15-3-7 Appliance-3 0.562MBps 38.5ms</bind>
  <bind>Appliance-3 Comp:15-3-7 0.562MBps 38.5ms</bind>
  <bind>Comp:15-3-8 Appliance-3 0.562MBps 38.5ms</bind>
  <bind>Appliance-3 Comp:15-3-8 0.562MBps 38.5ms</bind>
</app>
<app>
  <id>App16</id>
<comp>
  <id>Comp:16-1-0</id>
  <CPU>0.505Gf</CPU>
  <RAM>0.476GB</RAM>
  <DISK>1.43GB</DISK>
</comp>
<comp>
  <id>Comp:16-1-1</id>
  <CPU>0.505Gf</CPU>
  <RAM>0.476GB</RAM>
  <DISK>1.43GB</DISK>
</comp>
<comp>
  <id>Comp:16-1-2</id>
  <CPU>0.505Gf</CPU>
  <RAM>0.476GB</RAM>
  <DISK>1.43GB</DISK>
</comp>
<comp>
  <id>Comp:16-1-3</id>
  <CPU>0.505Gf</CPU>
  <RAM>0.476GB</RAM>
  <DISK>1.43GB</DISK>
</comp>
<comp>
  <id>Comp:16-1-4</id>
  <CPU>0.505Gf</CPU>
  <RAM>0.476GB</RAM>
  <DISK>1.43GB</DISK>
</comp>
<comp>
  <id>Comp:16-1-5</id>
  <CPU>0.505Gf</CPU>
  <RAM>0.476GB</RAM>
  <DISK>1.43GB</DISK>
</comp>
<comp>
  <id>Comp:16-1-6</id>
  <CPU>0.505Gf</CPU>
  <RAM>0.476GB</RAM>
  <DISK>1.43GB</DISK>
</comp>
<comp>
  <id>Comp:16-2-0</id>
  <CPU>0.909Gf</CPU>
  <RAM>0.67GB</RAM>
  <DISK>0.171GB</DISK>
</comp>
<comp>
  <id>Comp:16-2-1</id>
  <CPU>0.909Gf</CPU>
  <RAM>0.67GB</RAM>
  <DISK>0.171GB</DISK>
</comp>
<comp>
  <id>Comp:16-2-2</id>
  <CPU>0.909Gf</CPU>
  <RAM>0.67GB</RAM>
  <DISK>0.171GB</DISK>
</comp>
<comp>
  <id>Comp:16-2-3</id>
  <CPU>0.909Gf</CPU>
  <RAM>0.67GB</RAM>
  <DISK>0.171GB</DISK>
</comp>
<comp>
  <id>Comp:16-2-4</id>
  <CPU>0.909Gf</CPU>
  <RAM>0.67GB</RAM>
  <DISK>0.171GB</DISK>
</comp>
<comp>
  <id>Comp:16-3-0</id>
  <CPU>1.0Gf</CPU>
  <RAM>0.523GB</RAM>
  <DISK>0.494GB</DISK>
</comp>
<comp>
  <id>Comp:16-3-1</id>
  <CPU>1.0Gf</CPU>
  <RAM>0.523GB</RAM>
  <DISK>0.494GB</DISK>
</comp>
  <bind>Comp:16-1-0 Appliance-3 0.455MBps 29.6ms</bind>
  <bind>Appliance-3 Comp:16-1-0 0.455MBps 29.6ms</bind>
  <bind>Comp:16-1-1 Appliance-0 0.455MBps 29.6ms</bind>
  <bind>Appliance-0 Comp:16-1-1 0.455MBps 29.6ms</bind>
  <bind>Comp:16-1-2 Appliance-15 0.455MBps 29.6ms</bind>
  <bind>Appliance-15 Comp:16-1-2 0.455MBps 29.6ms</bind>
  <bind>Comp:16-1-3 Appliance-33 0.455MBps 29.6ms</bind>
  <bind>Appliance-33 Comp:16-1-3 0.455MBps 29.6ms</bind>
  <bind>Comp:16-1-4 Appliance-17 0.455MBps 29.6ms</bind>
  <bind>Appliance-17 Comp:16-1-4 0.455MBps 29.6ms</bind>
  <bind>Comp:16-1-5 Appliance-1 0.455MBps 29.6ms</bind>
  <bind>Appliance-1 Comp:16-1-5 0.455MBps 29.6ms</bind>
  <bind>Comp:16-1-6 Appliance-29 0.455MBps 29.6ms</bind>
  <bind>Appliance-29 Comp:16-1-6 0.455MBps 29.6ms</bind>
  <bind>Comp:16-2-0 Comp:16-1-0 0.0457MBps 43.9ms</bind>
  <bind>Comp:16-1-0 Comp:16-2-0 0.0457MBps 43.9ms</bind>
  <bind>Comp:16-2-1 Comp:16-1-1 0.0457MBps 43.9ms</bind>
  <bind>Comp:16-1-1 Comp:16-2-1 0.0457MBps 43.9ms</bind>
  <bind>Comp:16-2-2 Comp:16-1-2 0.0457MBps 43.9ms</bind>
  <bind>Comp:16-1-2 Comp:16-2-2 0.0457MBps 43.9ms</bind>
  <bind>Comp:16-2-3 Comp:16-1-3 0.0457MBps 43.9ms</bind>
  <bind>Comp:16-1-3 Comp:16-2-3 0.0457MBps 43.9ms</bind>
  <bind>Comp:16-2-4 Comp:16-1-4 0.0457MBps 43.9ms</bind>
  <bind>Comp:16-1-4 Comp:16-2-4 0.0457MBps 43.9ms</bind>
  <bind>Comp:16-2-0 Comp:16-1-5 0.0457MBps 43.9ms</bind>
  <bind>Comp:16-1-5 Comp:16-2-0 0.0457MBps 43.9ms</bind>
  <bind>Comp:16-2-1 Comp:16-1-6 0.0457MBps 43.9ms</bind>
  <bind>Comp:16-1-6 Comp:16-2-1 0.0457MBps 43.9ms</bind>
  <bind>Comp:16-3-0 Comp:16-2-0 0.538MBps 38.6ms</bind>
  <bind>Comp:16-2-0 Comp:16-3-0 0.538MBps 38.6ms</bind>
  <bind>Comp:16-3-1 Comp:16-2-1 0.538MBps 38.6ms</bind>
  <bind>Comp:16-2-1 Comp:16-3-1 0.538MBps 38.6ms</bind>
  <bind>Comp:16-3-0 Comp:16-2-2 0.538MBps 38.6ms</bind>
  <bind>Comp:16-2-2 Comp:16-3-0 0.538MBps 38.6ms</bind>
  <bind>Comp:16-3-1 Comp:16-2-3 0.538MBps 38.6ms</bind>
  <bind>Comp:16-2-3 Comp:16-3-1 0.538MBps 38.6ms</bind>
  <bind>Comp:16-3-0 Comp:16-2-4 0.538MBps 38.6ms</bind>
  <bind>Comp:16-2-4 Comp:16-3-0 0.538MBps 38.6ms</bind>
  <bind>Comp:16-3-0 Appliance-17 0.726MBps 45.2ms</bind>
  <bind>Appliance-17 Comp:16-3-0 0.726MBps 45.2ms</bind>
  <bind>Comp:16-3-1 Appliance-6 0.726MBps 45.2ms</bind>
  <bind>Appliance-6 Comp:16-3-1 0.726MBps 45.2ms</bind>
</app>
<app>
  <id>App17</id>
<comp>
  <id>Comp:17-1-0</id>
  <CPU>0.95Gf</CPU>
  <RAM>0.745GB</RAM>
  <DISK>0.99GB</DISK>
</comp>
<comp>
  <id>Comp:17-1-1</id>
  <CPU>0.95Gf</CPU>
  <RAM>0.745GB</RAM>
  <DISK>0.99GB</DISK>
</comp>
<comp>
  <id>Comp:17-1-2</id>
  <CPU>0.95Gf</CPU>
  <RAM>0.745GB</RAM>
  <DISK>0.99GB</DISK>
</comp>
<comp>
  <id>Comp:17-1-3</id>
  <CPU>0.95Gf</CPU>
  <RAM>0.745GB</RAM>
  <DISK>0.99GB</DISK>
</comp>
<comp>
  <id>Comp:17-1-4</id>
  <CPU>0.95Gf</CPU>
  <RAM>0.745GB</RAM>
  <DISK>0.99GB</DISK>
</comp>
<comp>
  <id>Comp:17-2-0</id>
  <CPU>0.241Gf</CPU>
  <RAM>0.698GB</RAM>
  <DISK>1.3GB</DISK>
</comp>
<comp>
  <id>Comp:17-2-1</id>
  <CPU>0.241Gf</CPU>
  <RAM>0.698GB</RAM>
  <DISK>1.3GB</DISK>
</comp>
<comp>
  <id>Comp:17-2-2</id>
  <CPU>0.241Gf</CPU>
  <RAM>0.698GB</RAM>
  <DISK>1.3GB</DISK>
</comp>
<comp>
  <id>Comp:17-2-3</id>
  <CPU>0.241Gf</CPU>
  <RAM>0.698GB</RAM>
  <DISK>1.3GB</DISK>
</comp>
<comp>
  <id>Comp:17-2-4</id>
  <CPU>0.241Gf</CPU>
  <RAM>0.698GB</RAM>
  <DISK>1.3GB</DISK>
</comp>
<comp>
  <id>Comp:17-2-5</id>
  <CPU>0.241Gf</CPU>
  <RAM>0.698GB</RAM>
  <DISK>1.3GB</DISK>
</comp>
<comp>
  <id>Comp:17-2-6</id>
  <CPU>0.241Gf</CPU>
  <RAM>0.698GB</RAM>
  <DISK>1.3GB</DISK>
</comp>
<comp>
  <id>Comp:17-2-7</id>
  <CPU>0.241Gf</CPU>
  <RAM>0.698GB</RAM>
  <DISK>1.3GB</DISK>
</comp>
<comp>
  <id>Comp:17-2-8</id>
  <CPU>0.241Gf</CPU>
  <RAM>0.698GB</RAM>
  <DISK>1.3GB</DISK>
</comp>
<comp>
  <id>Comp:17-3-0</id>
  <CPU>0.109Gf</CPU>
  <RAM>0.649GB</RAM>
  <DISK>0.209GB</DISK>
</comp>
<comp>
  <id>Comp:17-4-0</id>
  <CPU>0.306Gf</CPU>
  <RAM>0.676GB</RAM>
  <DISK>0.642GB</DISK>
</comp>
<comp>
  <id>Comp:17-4-1</id>
  <CPU>0.306Gf</CPU>
  <RAM>0.676GB</RAM>
  <DISK>0.642GB</DISK>
</comp>
<comp>
  <id>Comp:17-4-2</id>
  <CPU>0.306Gf</CPU>
  <RAM>0.676GB</RAM>
  <DISK>0.642GB</DISK>
</comp>
<comp>
  <id>Comp:17-4-3</id>
  <CPU>0.306Gf</CPU>
  <RAM>0.676GB</RAM>
  <DISK>0.642GB</DISK>
</comp>
<comp>
  <id>Comp:17-4-4</id>
  <CPU>0.306Gf</CPU>
  <RAM>0.676GB</RAM>
  <DISK>0.642GB</DISK>
</comp>
<comp>
  <id>Comp:17-4-5</id>
  <CPU>0.306Gf</CPU>
  <RAM>0.676GB</RAM>
  <DISK>0.642GB</DISK>
</comp>
<comp>
  <id>Comp:17-4-6</id>
  <CPU>0.306Gf</CPU>
  <RAM>0.676GB</RAM>
  <DISK>0.642GB</DISK>
</comp>
  <bind>Comp:17-1-0 Appliance-15 0.0482MBps 25.8ms</bind>
  <bind>Appliance-15 Comp:17-1-0 0.0482MBps 25.8ms</bind>
  <bind>Comp:17-1-1 Appliance-6 0.0482MBps 25.8ms</bind>
  <bind>Appliance-6 Comp:17-1-1 0.0482MBps 25.8ms</bind>
  <bind>Comp:17-1-2 Appliance-29 0.0482MBps 25.8ms</bind>
  <bind>Appliance-29 Comp:17-1-2 0.0482MBps 25.8ms</bind>
  <bind>Comp:17-1-3 Appliance-15 0.0482MBps 25.8ms</bind>
  <bind>Appliance-15 Comp:17-1-3 0.0482MBps 25.8ms</bind>
  <bind>Comp:17-1-4 Appliance-6 0.0482MBps 25.8ms</bind>
  <bind>Appliance-6 Comp:17-1-4 0.0482MBps 25.8ms</bind>
  <bind>Comp:17-2-0 Comp:17-1-0 0.259MBps 39.5ms</bind>
  <bind>Comp:17-1-0 Comp:17-2-0 0.259MBps 39.5ms</bind>
  <bind>Comp:17-2-1 Comp:17-1-1 0.259MBps 39.5ms</bind>
  <bind>Comp:17-1-1 Comp:17-2-1 0.259MBps 39.5ms</bind>
  <bind>Comp:17-2-2 Comp:17-1-2 0.259MBps 39.5ms</bind>
  <bind>Comp:17-1-2 Comp:17-2-2 0.259MBps 39.5ms</bind>
  <bind>Comp:17-2-3 Comp:17-1-3 0.259MBps 39.5ms</bind>
  <bind>Comp:17-1-3 Comp:17-2-3 0.259MBps 39.5ms</bind>
  <bind>Comp:17-2-4 Comp:17-1-4 0.259MBps 39.5ms</bind>
  <bind>Comp:17-1-4 Comp:17-2-4 0.259MBps 39.5ms</bind>
  <bind>Comp:17-2-5 Comp:17-1-0 0.259MBps 39.5ms</bind>
  <bind>Comp:17-1-0 Comp:17-2-5 0.259MBps 39.5ms</bind>
  <bind>Comp:17-2-6 Comp:17-1-1 0.259MBps 39.5ms</bind>
  <bind>Comp:17-1-1 Comp:17-2-6 0.259MBps 39.5ms</bind>
  <bind>Comp:17-2-7 Comp:17-1-2 0.259MBps 39.5ms</bind>
  <bind>Comp:17-1-2 Comp:17-2-7 0.259MBps 39.5ms</bind>
  <bind>Comp:17-2-8 Comp:17-1-3 0.259MBps 39.5ms</bind>
  <bind>Comp:17-1-3 Comp:17-2-8 0.259MBps 39.5ms</bind>
  <bind>Comp:17-3-0 Comp:17-2-0 0.204MBps 44.3ms</bind>
  <bind>Comp:17-2-0 Comp:17-3-0 0.204MBps 44.3ms</bind>
  <bind>Comp:17-3-0 Comp:17-2-1 0.204MBps 44.3ms</bind>
  <bind>Comp:17-2-1 Comp:17-3-0 0.204MBps 44.3ms</bind>
  <bind>Comp:17-3-0 Comp:17-2-2 0.204MBps 44.3ms</bind>
  <bind>Comp:17-2-2 Comp:17-3-0 0.204MBps 44.3ms</bind>
  <bind>Comp:17-3-0 Comp:17-2-3 0.204MBps 44.3ms</bind>
  <bind>Comp:17-2-3 Comp:17-3-0 0.204MBps 44.3ms</bind>
  <bind>Comp:17-3-0 Comp:17-2-4 0.204MBps 44.3ms</bind>
  <bind>Comp:17-2-4 Comp:17-3-0 0.204MBps 44.3ms</bind>
  <bind>Comp:17-3-0 Comp:17-2-5 0.204MBps 44.3ms</bind>
  <bind>Comp:17-2-5 Comp:17-3-0 0.204MBps 44.3ms</bind>
  <bind>Comp:17-3-0 Comp:17-2-6 0.204MBps 44.3ms</bind>
  <bind>Comp:17-2-6 Comp:17-3-0 0.204MBps 44.3ms</bind>
  <bind>Comp:17-3-0 Comp:17-2-7 0.204MBps 44.3ms</bind>
  <bind>Comp:17-2-7 Comp:17-3-0 0.204MBps 44.3ms</bind>
  <bind>Comp:17-3-0 Comp:17-2-8 0.204MBps 44.3ms</bind>
  <bind>Comp:17-2-8 Comp:17-3-0 0.204MBps 44.3ms</bind>
  <bind>Comp:17-3-0 Comp:17-4-0 0.531MBps 38.0ms</bind>
  <bind>Comp:17-4-0 Comp:17-3-0 0.531MBps 38.0ms</bind>
  <bind>Comp:17-3-0 Comp:17-4-1 0.531MBps 38.0ms</bind>
  <bind>Comp:17-4-1 Comp:17-3-0 0.531MBps 38.0ms</bind>
  <bind>Comp:17-3-0 Comp:17-4-2 0.531MBps 38.0ms</bind>
  <bind>Comp:17-4-2 Comp:17-3-0 0.531MBps 38.0ms</bind>
  <bind>Comp:17-3-0 Comp:17-4-3 0.531MBps 38.0ms</bind>
  <bind>Comp:17-4-3 Comp:17-3-0 0.531MBps 38.0ms</bind>
  <bind>Comp:17-3-0 Comp:17-4-4 0.531MBps 38.0ms</bind>
  <bind>Comp:17-4-4 Comp:17-3-0 0.531MBps 38.0ms</bind>
  <bind>Comp:17-3-0 Comp:17-4-5 0.531MBps 38.0ms</bind>
  <bind>Comp:17-4-5 Comp:17-3-0 0.531MBps 38.0ms</bind>
  <bind>Comp:17-3-0 Comp:17-4-6 0.531MBps 38.0ms</bind>
  <bind>Comp:17-4-6 Comp:17-3-0 0.531MBps 38.0ms</bind>
</app>
<app>
  <id>App18</id>
<comp>
  <id>Comp:18-0-0</id>
  <CPU>0.199Gf</CPU>
  <RAM>0.848GB</RAM>
  <DISK>1.91GB</DISK>
</comp>
<comp>
  <id>Comp:18-0-1</id>
  <CPU>0.199Gf</CPU>
  <RAM>0.848GB</RAM>
  <DISK>1.91GB</DISK>
</comp>
<comp>
  <id>Comp:18-0-2</id>
  <CPU>0.199Gf</CPU>
  <RAM>0.848GB</RAM>
  <DISK>1.91GB</DISK>
</comp>
<comp>
  <id>Comp:18-1-0</id>
  <CPU>0.111Gf</CPU>
  <RAM>0.766GB</RAM>
  <DISK>1.44GB</DISK>
</comp>
<comp>
  <id>Comp:18-1-1</id>
  <CPU>0.111Gf</CPU>
  <RAM>0.766GB</RAM>
  <DISK>1.44GB</DISK>
</comp>
<comp>
  <id>Comp:18-1-2</id>
  <CPU>0.111Gf</CPU>
  <RAM>0.766GB</RAM>
  <DISK>1.44GB</DISK>
</comp>
<comp>
  <id>Comp:18-1-3</id>
  <CPU>0.111Gf</CPU>
  <RAM>0.766GB</RAM>
  <DISK>1.44GB</DISK>
</comp>
<comp>
  <id>Comp:18-1-4</id>
  <CPU>0.111Gf</CPU>
  <RAM>0.766GB</RAM>
  <DISK>1.44GB</DISK>
</comp>
<comp>
  <id>Comp:18-1-5</id>
  <CPU>0.111Gf</CPU>
  <RAM>0.766GB</RAM>
  <DISK>1.44GB</DISK>
</comp>
<comp>
  <id>Comp:18-2-0</id>
  <CPU>0.959Gf</CPU>
  <RAM>0.66GB</RAM>
  <DISK>1.89GB</DISK>
</comp>
<comp>
  <id>Comp:18-2-1</id>
  <CPU>0.959Gf</CPU>
  <RAM>0.66GB</RAM>
  <DISK>1.89GB</DISK>
</comp>
<comp>
  <id>Comp:18-2-2</id>
  <CPU>0.959Gf</CPU>
  <RAM>0.66GB</RAM>
  <DISK>1.89GB</DISK>
</comp>
<comp>
  <id>Comp:18-3-0</id>
  <CPU>0.486Gf</CPU>
  <RAM>0.581GB</RAM>
  <DISK>0.602GB</DISK>
</comp>
<comp>
  <id>Comp:18-3-1</id>
  <CPU>0.486Gf</CPU>
  <RAM>0.581GB</RAM>
  <DISK>0.602GB</DISK>
</comp>
<comp>
  <id>Comp:18-3-2</id>
  <CPU>0.486Gf</CPU>
  <RAM>0.581GB</RAM>
  <DISK>0.602GB</DISK>
</comp>
<comp>
  <id>Comp:18-3-3</id>
  <CPU>0.486Gf</CPU>
  <RAM>0.581GB</RAM>
  <DISK>0.602GB</DISK>
</comp>
<comp>
  <id>Comp:18-4-0</id>
  <CPU>0.381Gf</CPU>
  <RAM>0.447GB</RAM>
  <DISK>1.15GB</DISK>
</comp>
<comp>
  <id>Comp:18-4-1</id>
  <CPU>0.381Gf</CPU>
  <RAM>0.447GB</RAM>
  <DISK>1.15GB</DISK>
</comp>
<comp>
  <id>Comp:18-4-2</id>
  <CPU>0.381Gf</CPU>
  <RAM>0.447GB</RAM>
  <DISK>1.15GB</DISK>
</comp>
<comp>
  <id>Comp:18-4-3</id>
  <CPU>0.381Gf</CPU>
  <RAM>0.447GB</RAM>
  <DISK>1.15GB</DISK>
</comp>
<comp>
  <id>Comp:18-4-4</id>
  <CPU>0.381Gf</CPU>
  <RAM>0.447GB</RAM>
  <DISK>1.15GB</DISK>
</comp>
<comp>
  <id>Comp:18-4-5</id>
  <CPU>0.381Gf</CPU>
  <RAM>0.447GB</RAM>
  <DISK>1.15GB</DISK>
</comp>
<comp>
  <id>Comp:18-4-6</id>
  <CPU>0.381Gf</CPU>
  <RAM>0.447GB</RAM>
  <DISK>1.15GB</DISK>
</comp>
<comp>
  <id>Comp:18-4-7</id>
  <CPU>0.381Gf</CPU>
  <RAM>0.447GB</RAM>
  <DISK>1.15GB</DISK>
</comp>
<comp>
  <id>Comp:18-5-0</id>
  <CPU>0.232Gf</CPU>
  <RAM>0.355GB</RAM>
  <DISK>1.52GB</DISK>
</comp>
<comp>
  <id>Comp:18-5-1</id>
  <CPU>0.232Gf</CPU>
  <RAM>0.355GB</RAM>
  <DISK>1.52GB</DISK>
</comp>
<comp>
  <id>Comp:18-5-2</id>
  <CPU>0.232Gf</CPU>
  <RAM>0.355GB</RAM>
  <DISK>1.52GB</DISK>
</comp>
<comp>
  <id>Comp:18-5-3</id>
  <CPU>0.232Gf</CPU>
  <RAM>0.355GB</RAM>
  <DISK>1.52GB</DISK>
</comp>
  <bind>Comp:18-1-0 Comp:18-0-0 0.195MBps 45.1ms</bind>
  <bind>Comp:18-0-0 Comp:18-1-0 0.195MBps 45.1ms</bind>
  <bind>Comp:18-1-1 Comp:18-0-1 0.195MBps 45.1ms</bind>
  <bind>Comp:18-0-1 Comp:18-1-1 0.195MBps 45.1ms</bind>
  <bind>Comp:18-1-2 Comp:18-0-2 0.195MBps 45.1ms</bind>
  <bind>Comp:18-0-2 Comp:18-1-2 0.195MBps 45.1ms</bind>
  <bind>Comp:18-1-3 Comp:18-0-0 0.195MBps 45.1ms</bind>
  <bind>Comp:18-0-0 Comp:18-1-3 0.195MBps 45.1ms</bind>
  <bind>Comp:18-1-4 Comp:18-0-1 0.195MBps 45.1ms</bind>
  <bind>Comp:18-0-1 Comp:18-1-4 0.195MBps 45.1ms</bind>
  <bind>Comp:18-1-5 Comp:18-0-2 0.195MBps 45.1ms</bind>
  <bind>Comp:18-0-2 Comp:18-1-5 0.195MBps 45.1ms</bind>
  <bind>Comp:18-2-0 Comp:18-1-0 0.67MBps 25.8ms</bind>
  <bind>Comp:18-1-0 Comp:18-2-0 0.67MBps 25.8ms</bind>
  <bind>Comp:18-2-1 Comp:18-1-1 0.67MBps 25.8ms</bind>
  <bind>Comp:18-1-1 Comp:18-2-1 0.67MBps 25.8ms</bind>
  <bind>Comp:18-2-2 Comp:18-1-2 0.67MBps 25.8ms</bind>
  <bind>Comp:18-1-2 Comp:18-2-2 0.67MBps 25.8ms</bind>
  <bind>Comp:18-2-0 Comp:18-1-3 0.67MBps 25.8ms</bind>
  <bind>Comp:18-1-3 Comp:18-2-0 0.67MBps 25.8ms</bind>
  <bind>Comp:18-2-1 Comp:18-1-4 0.67MBps 25.8ms</bind>
  <bind>Comp:18-1-4 Comp:18-2-1 0.67MBps 25.8ms</bind>
  <bind>Comp:18-2-2 Comp:18-1-5 0.67MBps 25.8ms</bind>
  <bind>Comp:18-1-5 Comp:18-2-2 0.67MBps 25.8ms</bind>
  <bind>Comp:18-3-0 Comp:18-2-0 0.677MBps 28.3ms</bind>
  <bind>Comp:18-2-0 Comp:18-3-0 0.677MBps 28.3ms</bind>
  <bind>Comp:18-3-1 Comp:18-2-1 0.677MBps 28.3ms</bind>
  <bind>Comp:18-2-1 Comp:18-3-1 0.677MBps 28.3ms</bind>
  <bind>Comp:18-3-2 Comp:18-2-2 0.677MBps 28.3ms</bind>
  <bind>Comp:18-2-2 Comp:18-3-2 0.677MBps 28.3ms</bind>
  <bind>Comp:18-3-3 Comp:18-2-0 0.677MBps 28.3ms</bind>
  <bind>Comp:18-2-0 Comp:18-3-3 0.677MBps 28.3ms</bind>
  <bind>Comp:18-4-0 Comp:18-3-0 0.475MBps 44.6ms</bind>
  <bind>Comp:18-3-0 Comp:18-4-0 0.475MBps 44.6ms</bind>
  <bind>Comp:18-4-1 Comp:18-3-1 0.475MBps 44.6ms</bind>
  <bind>Comp:18-3-1 Comp:18-4-1 0.475MBps 44.6ms</bind>
  <bind>Comp:18-4-2 Comp:18-3-2 0.475MBps 44.6ms</bind>
  <bind>Comp:18-3-2 Comp:18-4-2 0.475MBps 44.6ms</bind>
  <bind>Comp:18-4-3 Comp:18-3-3 0.475MBps 44.6ms</bind>
  <bind>Comp:18-3-3 Comp:18-4-3 0.475MBps 44.6ms</bind>
  <bind>Comp:18-4-4 Comp:18-3-0 0.475MBps 44.6ms</bind>
  <bind>Comp:18-3-0 Comp:18-4-4 0.475MBps 44.6ms</bind>
  <bind>Comp:18-4-5 Comp:18-3-1 0.475MBps 44.6ms</bind>
  <bind>Comp:18-3-1 Comp:18-4-5 0.475MBps 44.6ms</bind>
  <bind>Comp:18-4-6 Comp:18-3-2 0.475MBps 44.6ms</bind>
  <bind>Comp:18-3-2 Comp:18-4-6 0.475MBps 44.6ms</bind>
  <bind>Comp:18-4-7 Comp:18-3-3 0.475MBps 44.6ms</bind>
  <bind>Comp:18-3-3 Comp:18-4-7 0.475MBps 44.6ms</bind>
  <bind>Comp:18-5-0 Comp:18-4-0 0.9MBps 31.1ms</bind>
  <bind>Comp:18-4-0 Comp:18-5-0 0.9MBps 31.1ms</bind>
  <bind>Comp:18-5-1 Comp:18-4-1 0.9MBps 31.1ms</bind>
  <bind>Comp:18-4-1 Comp:18-5-1 0.9MBps 31.1ms</bind>
  <bind>Comp:18-5-2 Comp:18-4-2 0.9MBps 31.1ms</bind>
  <bind>Comp:18-4-2 Comp:18-5-2 0.9MBps 31.1ms</bind>
  <bind>Comp:18-5-3 Comp:18-4-3 0.9MBps 31.1ms</bind>
  <bind>Comp:18-4-3 Comp:18-5-3 0.9MBps 31.1ms</bind>
  <bind>Comp:18-5-0 Comp:18-4-4 0.9MBps 31.1ms</bind>
  <bind>Comp:18-4-4 Comp:18-5-0 0.9MBps 31.1ms</bind>
  <bind>Comp:18-5-1 Comp:18-4-5 0.9MBps 31.1ms</bind>
  <bind>Comp:18-4-5 Comp:18-5-1 0.9MBps 31.1ms</bind>
  <bind>Comp:18-5-2 Comp:18-4-6 0.9MBps 31.1ms</bind>
  <bind>Comp:18-4-6 Comp:18-5-2 0.9MBps 31.1ms</bind>
  <bind>Comp:18-5-3 Comp:18-4-7 0.9MBps 31.1ms</bind>
  <bind>Comp:18-4-7 Comp:18-5-3 0.9MBps 31.1ms</bind>
  <bind>Comp:18-5-0 Appliance-28 0.432MBps 43.6ms</bind>
  <bind>Appliance-28 Comp:18-5-0 0.432MBps 43.6ms</bind>
  <bind>Comp:18-5-1 Appliance-7 0.432MBps 43.6ms</bind>
  <bind>Appliance-7 Comp:18-5-1 0.432MBps 43.6ms</bind>
  <bind>Comp:18-5-2 Appliance-13 0.432MBps 43.6ms</bind>
  <bind>Appliance-13 Comp:18-5-2 0.432MBps 43.6ms</bind>
  <bind>Comp:18-5-3 Appliance-39 0.432MBps 43.6ms</bind>
  <bind>Appliance-39 Comp:18-5-3 0.432MBps 43.6ms</bind>
</app>
<app>
  <id>App19</id>
<comp>
  <id>Comp:19-0-0</id>
  <CPU>0.927Gf</CPU>
  <RAM>0.674GB</RAM>
  <DISK>0.511GB</DISK>
</comp>
<comp>
  <id>Comp:19-1-0</id>
  <CPU>0.641Gf</CPU>
  <RAM>0.943GB</RAM>
  <DISK>1.48GB</DISK>
</comp>
<comp>
  <id>Comp:19-1-1</id>
  <CPU>0.641Gf</CPU>
  <RAM>0.943GB</RAM>
  <DISK>1.48GB</DISK>
</comp>
<comp>
  <id>Comp:19-1-2</id>
  <CPU>0.641Gf</CPU>
  <RAM>0.943GB</RAM>
  <DISK>1.48GB</DISK>
</comp>
  <bind>Comp:19-1-0 Comp:19-0-0 0.585MBps 36.0ms</bind>
  <bind>Comp:19-0-0 Comp:19-1-0 0.585MBps 36.0ms</bind>
  <bind>Comp:19-1-1 Comp:19-0-0 0.585MBps 36.0ms</bind>
  <bind>Comp:19-0-0 Comp:19-1-1 0.585MBps 36.0ms</bind>
  <bind>Comp:19-1-2 Comp:19-0-0 0.585MBps 36.0ms</bind>
  <bind>Comp:19-0-0 Comp:19-1-2 0.585MBps 36.0ms</bind>
  <bind>Comp:19-1-0 Appliance-31 0.916MBps 39.4ms</bind>
  <bind>Appliance-31 Comp:19-1-0 0.916MBps 39.4ms</bind>
  <bind>Comp:19-1-1 Appliance-38 0.916MBps 39.4ms</bind>
  <bind>Appliance-38 Comp:19-1-1 0.916MBps 39.4ms</bind>
  <bind>Comp:19-1-2 Appliance-4 0.916MBps 39.4ms</bind>
  <bind>Appliance-4 Comp:19-1-2 0.916MBps 39.4ms</bind>
</app>
<app>
  <id>App2</id>
<comp>
  <id>Comp:2-1-0</id>
  <CPU>0.734Gf</CPU>
  <RAM>0.14GB</RAM>
  <DISK>1.22GB</DISK>
</comp>
<comp>
  <id>Comp:2-1-1</id>
  <CPU>0.734Gf</CPU>
  <RAM>0.14GB</RAM>
  <DISK>1.22GB</DISK>
</comp>
<comp>
  <id>Comp:2-1-2</id>
  <CPU>0.734Gf</CPU>
  <RAM>0.14GB</RAM>
  <DISK>1.22GB</DISK>
</comp>
<comp>
  <id>Comp:2-1-3</id>
  <CPU>0.734Gf</CPU>
  <RAM>0.14GB</RAM>
  <DISK>1.22GB</DISK>
</comp>
<comp>
  <id>Comp:2-2-0</id>
  <CPU>0.724Gf</CPU>
  <RAM>0.874GB</RAM>
  <DISK>1.81GB</DISK>
</comp>
<comp>
  <id>Comp:2-2-1</id>
  <CPU>0.724Gf</CPU>
  <RAM>0.874GB</RAM>
  <DISK>1.81GB</DISK>
</comp>
<comp>
  <id>Comp:2-2-2</id>
  <CPU>0.724Gf</CPU>
  <RAM>0.874GB</RAM>
  <DISK>1.81GB</DISK>
</comp>
<comp>
  <id>Comp:2-2-3</id>
  <CPU>0.724Gf</CPU>
  <RAM>0.874GB</RAM>
  <DISK>1.81GB</DISK>
</comp>
<comp>
  <id>Comp:2-2-4</id>
  <CPU>0.724Gf</CPU>
  <RAM>0.874GB</RAM>
  <DISK>1.81GB</DISK>
</comp>
<comp>
  <id>Comp:2-2-5</id>
  <CPU>0.724Gf</CPU>
  <RAM>0.874GB</RAM>
  <DISK>1.81GB</DISK>
</comp>
<comp>
  <id>Comp:2-2-6</id>
  <CPU>0.724Gf</CPU>
  <RAM>0.874GB</RAM>
  <DISK>1.81GB</DISK>
</comp>
<comp>
  <id>Comp:2-2-7</id>
  <CPU>0.724Gf</CPU>
  <RAM>0.874GB</RAM>
  <DISK>1.81GB</DISK>
</comp>
<comp>
  <id>Comp:2-2-8</id>
  <CPU>0.724Gf</CPU>
  <RAM>0.874GB</RAM>
  <DISK>1.81GB</DISK>
</comp>
<comp>
  <id>Comp:2-2-9</id>
  <CPU>0.724Gf</CPU>
  <RAM>0.874GB</RAM>
  <DISK>1.81GB</DISK>
</comp>
<comp>
  <id>Comp:2-3-0</id>
  <CPU>0.981Gf</CPU>
  <RAM>0.36GB</RAM>
  <DISK>1.75GB</DISK>
</comp>
<comp>
  <id>Comp:2-3-1</id>
  <CPU>0.981Gf</CPU>
  <RAM>0.36GB</RAM>
  <DISK>1.75GB</DISK>
</comp>
<comp>
  <id>Comp:2-3-2</id>
  <CPU>0.981Gf</CPU>
  <RAM>0.36GB</RAM>
  <DISK>1.75GB</DISK>
</comp>
<comp>
  <id>Comp:2-3-3</id>
  <CPU>0.981Gf</CPU>
  <RAM>0.36GB</RAM>
  <DISK>1.75GB</DISK>
</comp>
<comp>
  <id>Comp:2-4-0</id>
  <CPU>0.805Gf</CPU>
  <RAM>0.141GB</RAM>
  <DISK>0.109GB</DISK>
</comp>
<comp>
  <id>Comp:2-4-1</id>
  <CPU>0.805Gf</CPU>
  <RAM>0.141GB</RAM>
  <DISK>0.109GB</DISK>
</comp>
  <bind>Comp:2-1-0 Appliance-22 0.0271MBps 45.2ms</bind>
  <bind>Appliance-22 Comp:2-1-0 0.0271MBps 45.2ms</bind>
  <bind>Comp:2-1-1 Appliance-17 0.0271MBps 45.2ms</bind>
  <bind>Appliance-17 Comp:2-1-1 0.0271MBps 45.2ms</bind>
  <bind>Comp:2-1-2 Appliance-10 0.0271MBps 45.2ms</bind>
  <bind>Appliance-10 Comp:2-1-2 0.0271MBps 45.2ms</bind>
  <bind>Comp:2-1-3 Appliance-3 0.0271MBps 45.2ms</bind>
  <bind>Appliance-3 Comp:2-1-3 0.0271MBps 45.2ms</bind>
  <bind>Comp:2-1-0 Appliance-3 0.0271MBps 45.2ms</bind>
  <bind>Appliance-3 Comp:2-1-0 0.0271MBps 45.2ms</bind>
  <bind>Comp:2-1-1 Appliance-29 0.0271MBps 45.2ms</bind>
  <bind>Appliance-29 Comp:2-1-1 0.0271MBps 45.2ms</bind>
  <bind>Comp:2-2-0 Comp:2-1-0 0.365MBps 41.0ms</bind>
  <bind>Comp:2-1-0 Comp:2-2-0 0.365MBps 41.0ms</bind>
  <bind>Comp:2-2-1 Comp:2-1-1 0.365MBps 41.0ms</bind>
  <bind>Comp:2-1-1 Comp:2-2-1 0.365MBps 41.0ms</bind>
  <bind>Comp:2-2-2 Comp:2-1-2 0.365MBps 41.0ms</bind>
  <bind>Comp:2-1-2 Comp:2-2-2 0.365MBps 41.0ms</bind>
  <bind>Comp:2-2-3 Comp:2-1-3 0.365MBps 41.0ms</bind>
  <bind>Comp:2-1-3 Comp:2-2-3 0.365MBps 41.0ms</bind>
  <bind>Comp:2-2-4 Comp:2-1-0 0.365MBps 41.0ms</bind>
  <bind>Comp:2-1-0 Comp:2-2-4 0.365MBps 41.0ms</bind>
  <bind>Comp:2-2-5 Comp:2-1-1 0.365MBps 41.0ms</bind>
  <bind>Comp:2-1-1 Comp:2-2-5 0.365MBps 41.0ms</bind>
  <bind>Comp:2-2-6 Comp:2-1-2 0.365MBps 41.0ms</bind>
  <bind>Comp:2-1-2 Comp:2-2-6 0.365MBps 41.0ms</bind>
  <bind>Comp:2-2-7 Comp:2-1-3 0.365MBps 41.0ms</bind>
  <bind>Comp:2-1-3 Comp:2-2-7 0.365MBps 41.0ms</bind>
  <bind>Comp:2-2-8 Comp:2-1-0 0.365MBps 41.0ms</bind>
  <bind>Comp:2-1-0 Comp:2-2-8 0.365MBps 41.0ms</bind>
  <bind>Comp:2-2-9 Comp:2-1-1 0.365MBps 41.0ms</bind>
  <bind>Comp:2-1-1 Comp:2-2-9 0.365MBps 41.0ms</bind>
  <bind>Comp:2-3-0 Comp:2-2-0 0.682MBps 26.6ms</bind>
  <bind>Comp:2-2-0 Comp:2-3-0 0.682MBps 26.6ms</bind>
  <bind>Comp:2-3-1 Comp:2-2-1 0.682MBps 26.6ms</bind>
  <bind>Comp:2-2-1 Comp:2-3-1 0.682MBps 26.6ms</bind>
  <bind>Comp:2-3-2 Comp:2-2-2 0.682MBps 26.6ms</bind>
  <bind>Comp:2-2-2 Comp:2-3-2 0.682MBps 26.6ms</bind>
  <bind>Comp:2-3-3 Comp:2-2-3 0.682MBps 26.6ms</bind>
  <bind>Comp:2-2-3 Comp:2-3-3 0.682MBps 26.6ms</bind>
  <bind>Comp:2-3-0 Comp:2-2-4 0.682MBps 26.6ms</bind>
  <bind>Comp:2-2-4 Comp:2-3-0 0.682MBps 26.6ms</bind>
  <bind>Comp:2-3-1 Comp:2-2-5 0.682MBps 26.6ms</bind>
  <bind>Comp:2-2-5 Comp:2-3-1 0.682MBps 26.6ms</bind>
  <bind>Comp:2-3-2 Comp:2-2-6 0.682MBps 26.6ms</bind>
  <bind>Comp:2-2-6 Comp:2-3-2 0.682MBps 26.6ms</bind>
  <bind>Comp:2-3-3 Comp:2-2-7 0.682MBps 26.6ms</bind>
  <bind>Comp:2-2-7 Comp:2-3-3 0.682MBps 26.6ms</bind>
  <bind>Comp:2-3-0 Comp:2-2-8 0.682MBps 26.6ms</bind>
  <bind>Comp:2-2-8 Comp:2-3-0 0.682MBps 26.6ms</bind>
  <bind>Comp:2-3-1 Comp:2-2-9 0.682MBps 26.6ms</bind>
  <bind>Comp:2-2-9 Comp:2-3-1 0.682MBps 26.6ms</bind>
  <bind>Comp:2-3-0 Comp:2-4-0 0.312MBps 45.7ms</bind>
  <bind>Comp:2-4-0 Comp:2-3-0 0.312MBps 45.7ms</bind>
  <bind>Comp:2-3-1 Comp:2-4-1 0.312MBps 45.7ms</bind>
  <bind>Comp:2-4-1 Comp:2-3-1 0.312MBps 45.7ms</bind>
  <bind>Comp:2-3-2 Comp:2-4-0 0.312MBps 45.7ms</bind>
  <bind>Comp:2-4-0 Comp:2-3-2 0.312MBps 45.7ms</bind>
  <bind>Comp:2-3-3 Comp:2-4-1 0.312MBps 45.7ms</bind>
  <bind>Comp:2-4-1 Comp:2-3-3 0.312MBps 45.7ms</bind>
</app>
<app>
  <id>App20</id>
<comp>
  <id>Comp:20-1-0</id>
  <CPU>0.893Gf</CPU>
  <RAM>0.355GB</RAM>
  <DISK>1.65GB</DISK>
</comp>
<comp>
  <id>Comp:20-1-1</id>
  <CPU>0.893Gf</CPU>
  <RAM>0.355GB</RAM>
  <DISK>1.65GB</DISK>
</comp>
<comp>
  <id>Comp:20-1-2</id>
  <CPU>0.893Gf</CPU>
  <RAM>0.355GB</RAM>
  <DISK>1.65GB</DISK>
</comp>
<comp>
  <id>Comp:20-1-3</id>
  <CPU>0.893Gf</CPU>
  <RAM>0.355GB</RAM>
  <DISK>1.65GB</DISK>
</comp>
<comp>
  <id>Comp:20-1-4</id>
  <CPU>0.893Gf</CPU>
  <RAM>0.355GB</RAM>
  <DISK>1.65GB</DISK>
</comp>
<comp>
  <id>Comp:20-1-5</id>
  <CPU>0.893Gf</CPU>
  <RAM>0.355GB</RAM>
  <DISK>1.65GB</DISK>
</comp>
<comp>
  <id>Comp:20-2-0</id>
  <CPU>0.732Gf</CPU>
  <RAM>0.876GB</RAM>
  <DISK>0.744GB</DISK>
</comp>
<comp>
  <id>Comp:20-3-0</id>
  <CPU>0.143Gf</CPU>
  <RAM>0.114GB</RAM>
  <DISK>1.99GB</DISK>
</comp>
<comp>
  <id>Comp:20-3-1</id>
  <CPU>0.143Gf</CPU>
  <RAM>0.114GB</RAM>
  <DISK>1.99GB</DISK>
</comp>
<comp>
  <id>Comp:20-3-2</id>
  <CPU>0.143Gf</CPU>
  <RAM>0.114GB</RAM>
  <DISK>1.99GB</DISK>
</comp>
<comp>
  <id>Comp:20-3-3</id>
  <CPU>0.143Gf</CPU>
  <RAM>0.114GB</RAM>
  <DISK>1.99GB</DISK>
</comp>
<comp>
  <id>Comp:20-3-4</id>
  <CPU>0.143Gf</CPU>
  <RAM>0.114GB</RAM>
  <DISK>1.99GB</DISK>
</comp>
<comp>
  <id>Comp:20-3-5</id>
  <CPU>0.143Gf</CPU>
  <RAM>0.114GB</RAM>
  <DISK>1.99GB</DISK>
</comp>
  <bind>Comp:20-1-0 Appliance-30 0.119MBps 29.9ms</bind>
  <bind>Appliance-30 Comp:20-1-0 0.119MBps 29.9ms</bind>
  <bind>Comp:20-1-1 Appliance-37 0.119MBps 29.9ms</bind>
  <bind>Appliance-37 Comp:20-1-1 0.119MBps 29.9ms</bind>
  <bind>Comp:20-1-2 Appliance-11 0.119MBps 29.9ms</bind>
  <bind>Appliance-11 Comp:20-1-2 0.119MBps 29.9ms</bind>
  <bind>Comp:20-1-3 Appliance-16 0.119MBps 29.9ms</bind>
  <bind>Appliance-16 Comp:20-1-3 0.119MBps 29.9ms</bind>
  <bind>Comp:20-1-4 Appliance-13 0.119MBps 29.9ms</bind>
  <bind>Appliance-13 Comp:20-1-4 0.119MBps 29.9ms</bind>
  <bind>Comp:20-1-5 Appliance-25 0.119MBps 29.9ms</bind>
  <bind>Appliance-25 Comp:20-1-5 0.119MBps 29.9ms</bind>
  <bind>Comp:20-2-0 Comp:20-1-0 0.769MBps 48.6ms</bind>
  <bind>Comp:20-1-0 Comp:20-2-0 0.769MBps 48.6ms</bind>
  <bind>Comp:20-2-0 Comp:20-1-1 0.769MBps 48.6ms</bind>
  <bind>Comp:20-1-1 Comp:20-2-0 0.769MBps 48.6ms</bind>
  <bind>Comp:20-2-0 Comp:20-1-2 0.769MBps 48.6ms</bind>
  <bind>Comp:20-1-2 Comp:20-2-0 0.769MBps 48.6ms</bind>
  <bind>Comp:20-2-0 Comp:20-1-3 0.769MBps 48.6ms</bind>
  <bind>Comp:20-1-3 Comp:20-2-0 0.769MBps 48.6ms</bind>
  <bind>Comp:20-2-0 Comp:20-1-4 0.769MBps 48.6ms</bind>
  <bind>Comp:20-1-4 Comp:20-2-0 0.769MBps 48.6ms</bind>
  <bind>Comp:20-2-0 Comp:20-1-5 0.769MBps 48.6ms</bind>
  <bind>Comp:20-1-5 Comp:20-2-0 0.769MBps 48.6ms</bind>
  <bind>Comp:20-2-0 Comp:20-3-0 0.174MBps 28.8ms</bind>
  <bind>Comp:20-3-0 Comp:20-2-0 0.174MBps 28.8ms</bind>
  <bind>Comp:20-2-0 Comp:20-3-1 0.174MBps 28.8ms</bind>
  <bind>Comp:20-3-1 Comp:20-2-0 0.174MBps 28.8ms</bind>
  <bind>Comp:20-2-0 Comp:20-3-2 0.174MBps 28.8ms</bind>
  <bind>Comp:20-3-2 Comp:20-2-0 0.174MBps 28.8ms</bind>
  <bind>Comp:20-2-0 Comp:20-3-3 0.174MBps 28.8ms</bind>
  <bind>Comp:20-3-3 Comp:20-2-0 0.174MBps 28.8ms</bind>
  <bind>Comp:20-2-0 Comp:20-3-4 0.174MBps 28.8ms</bind>
  <bind>Comp:20-3-4 Comp:20-2-0 0.174MBps 28.8ms</bind>
  <bind>Comp:20-2-0 Comp:20-3-5 0.174MBps 28.8ms</bind>
  <bind>Comp:20-3-5 Comp:20-2-0 0.174MBps 28.8ms</bind>
</app>
<app>
  <id>App25</id>
<comp>
  <id>Comp:25-0-0</id>
  <CPU>0.488Gf</CPU>
  <RAM>0.345GB</RAM>
  <DISK>1.05GB</DISK>
</comp>
<comp>
  <id>Comp:25-0-1</id>
  <CPU>0.488Gf</CPU>
  <RAM>0.345GB</RAM>
  <DISK>1.05GB</DISK>
</comp>
<comp>
  <id>Comp:25-0-2</id>
  <CPU>0.488Gf</CPU>
  <RAM>0.345GB</RAM>
  <DISK>1.05GB</DISK>
</comp>
<comp>
  <id>Comp:25-0-3</id>
  <CPU>0.488Gf</CPU>
  <RAM>0.345GB</RAM>
  <DISK>1.05GB</DISK>
</comp>
<comp>
  <id>Comp:25-0-4</id>
  <CPU>0.488Gf</CPU>
  <RAM>0.345GB</RAM>
  <DISK>1.05GB</DISK>
</comp>
<comp>
  <id>Comp:25-0-5</id>
  <CPU>0.488Gf</CPU>
  <RAM>0.345GB</RAM>
  <DISK>1.05GB</DISK>
</comp>
<comp>
  <id>Comp:25-0-6</id>
  <CPU>0.488Gf</CPU>
  <RAM>0.345GB</RAM>
  <DISK>1.05GB</DISK>
</comp>
<comp>
  <id>Comp:25-0-7</id>
  <CPU>0.488Gf</CPU>
  <RAM>0.345GB</RAM>
  <DISK>1.05GB</DISK>
</comp>
<comp>
  <id>Comp:25-1-0</id>
  <CPU>0.516Gf</CPU>
  <RAM>0.29GB</RAM>
  <DISK>0.0245GB</DISK>
</comp>
<comp>
  <id>Comp:25-1-1</id>
  <CPU>0.516Gf</CPU>
  <RAM>0.29GB</RAM>
  <DISK>0.0245GB</DISK>
</comp>
<comp>
  <id>Comp:25-1-2</id>
  <CPU>0.516Gf</CPU>
  <RAM>0.29GB</RAM>
  <DISK>0.0245GB</DISK>
</comp>
<comp>
  <id>Comp:25-1-3</id>
  <CPU>0.516Gf</CPU>
  <RAM>0.29GB</RAM>
  <DISK>0.0245GB</DISK>
</comp>
<comp>
  <id>Comp:25-2-0</id>
  <CPU>0.277Gf</CPU>
  <RAM>0.576GB</RAM>
  <DISK>1.36GB</DISK>
</comp>
<comp>
  <id>Comp:25-2-1</id>
  <CPU>0.277Gf</CPU>
  <RAM>0.576GB</RAM>
  <DISK>1.36GB</DISK>
</comp>
<comp>
  <id>Comp:25-2-2</id>
  <CPU>0.277Gf</CPU>
  <RAM>0.576GB</RAM>
  <DISK>1.36GB</DISK>
</comp>
<comp>
  <id>Comp:25-2-3</id>
  <CPU>0.277Gf</CPU>
  <RAM>0.576GB</RAM>
  <DISK>1.36GB</DISK>
</comp>
<comp>
  <id>Comp:25-2-4</id>
  <CPU>0.277Gf</CPU>
  <RAM>0.576GB</RAM>
  <DISK>1.36GB</DISK>
</comp>
<comp>
  <id>Comp:25-2-5</id>
  <CPU>0.277Gf</CPU>
  <RAM>0.576GB</RAM>
  <DISK>1.36GB</DISK>
</comp>
<comp>
  <id>Comp:25-2-6</id>
  <CPU>0.277Gf</CPU>
  <RAM>0.576GB</RAM>
  <DISK>1.36GB</DISK>
</comp>
<comp>
  <id>Comp:25-3-0</id>
  <CPU>0.963Gf</CPU>
  <RAM>0.449GB</RAM>
  <DISK>0.956GB</DISK>
</comp>
<comp>
  <id>Comp:25-3-1</id>
  <CPU>0.963Gf</CPU>
  <RAM>0.449GB</RAM>
  <DISK>0.956GB</DISK>
</comp>
<comp>
  <id>Comp:25-3-2</id>
  <CPU>0.963Gf</CPU>
  <RAM>0.449GB</RAM>
  <DISK>0.956GB</DISK>
</comp>
<comp>
  <id>Comp:25-3-3</id>
  <CPU>0.963Gf</CPU>
  <RAM>0.449GB</RAM>
  <DISK>0.956GB</DISK>
</comp>
<comp>
  <id>Comp:25-3-4</id>
  <CPU>0.963Gf</CPU>
  <RAM>0.449GB</RAM>
  <DISK>0.956GB</DISK>
</comp>
<comp>
  <id>Comp:25-3-5</id>
  <CPU>0.963Gf</CPU>
  <RAM>0.449GB</RAM>
  <DISK>0.956GB</DISK>
</comp>
<comp>
  <id>Comp:25-3-6</id>
  <CPU>0.963Gf</CPU>
  <RAM>0.449GB</RAM>
  <DISK>0.956GB</DISK>
</comp>
<comp>
  <id>Comp:25-3-7</id>
  <CPU>0.963Gf</CPU>
  <RAM>0.449GB</RAM>
  <DISK>0.956GB</DISK>
</comp>
<comp>
  <id>Comp:25-4-0</id>
  <CPU>0.435Gf</CPU>
  <RAM>0.351GB</RAM>
  <DISK>0.459GB</DISK>
</comp>
<comp>
  <id>Comp:25-4-1</id>
  <CPU>0.435Gf</CPU>
  <RAM>0.351GB</RAM>
  <DISK>0.459GB</DISK>
</comp>
<comp>
  <id>Comp:25-4-2</id>
  <CPU>0.435Gf</CPU>
  <RAM>0.351GB</RAM>
  <DISK>0.459GB</DISK>
</comp>
  <bind>Comp:25-1-0 Comp:25-0-0 0.551MBps 34.8ms</bind>
  <bind>Comp:25-0-0 Comp:25-1-0 0.551MBps 34.8ms</bind>
  <bind>Comp:25-1-1 Comp:25-0-1 0.551MBps 34.8ms</bind>
  <bind>Comp:25-0-1 Comp:25-1-1 0.551MBps 34.8ms</bind>
  <bind>Comp:25-1-2 Comp:25-0-2 0.551MBps 34.8ms</bind>
  <bind>Comp:25-0-2 Comp:25-1-2 0.551MBps 34.8ms</bind>
  <bind>Comp:25-1-3 Comp:25-0-3 0.551MBps 34.8ms</bind>
  <bind>Comp:25-0-3 Comp:25-1-3 0.551MBps 34.8ms</bind>
  <bind>Comp:25-1-0 Comp:25-0-4 0.551MBps 34.8ms</bind>
  <bind>Comp:25-0-4 Comp:25-1-0 0.551MBps 34.8ms</bind>
  <bind>Comp:25-1-1 Comp:25-0-5 0.551MBps 34.8ms</bind>
  <bind>Comp:25-0-5 Comp:25-1-1 0.551MBps 34.8ms</bind>
  <bind>Comp:25-1-2 Comp:25-0-6 0.551MBps 34.8ms</bind>
  <bind>Comp:25-0-6 Comp:25-1-2 0.551MBps 34.8ms</bind>
  <bind>Comp:25-1-3 Comp:25-0-7 0.551MBps 34.8ms</bind>
  <bind>Comp:25-0-7 Comp:25-1-3 0.551MBps 34.8ms</bind>
  <bind>Comp:25-2-0 Comp:25-1-0 0.884MBps 35.9ms</bind>
  <bind>Comp:25-1-0 Comp:25-2-0 0.884MBps 35.9ms</bind>
  <bind>Comp:25-2-1 Comp:25-1-1 0.884MBps 35.9ms</bind>
  <bind>Comp:25-1-1 Comp:25-2-1 0.884MBps 35.9ms</bind>
  <bind>Comp:25-2-2 Comp:25-1-2 0.884MBps 35.9ms</bind>
  <bind>Comp:25-1-2 Comp:25-2-2 0.884MBps 35.9ms</bind>
  <bind>Comp:25-2-3 Comp:25-1-3 0.884MBps 35.9ms</bind>
  <bind>Comp:25-1-3 Comp:25-2-3 0.884MBps 35.9ms</bind>
  <bind>Comp:25-2-4 Comp:25-1-0 0.884MBps 35.9ms</bind>
  <bind>Comp:25-1-0 Comp:25-2-4 0.884MBps 35.9ms</bind>
  <bind>Comp:25-2-5 Comp:25-1-1 0.884MBps 35.9ms</bind>
  <bind>Comp:25-1-1 Comp:25-2-5 0.884MBps 35.9ms</bind>
  <bind>Comp:25-2-6 Comp:25-1-2 0.884MBps 35.9ms</bind>
  <bind>Comp:25-1-2 Comp:25-2-6 0.884MBps 35.9ms</bind>
  <bind>Comp:25-3-0 Comp:25-2-0 0.465MBps 44.3ms</bind>
  <bind>Comp:25-2-0 Comp:25-3-0 0.465MBps 44.3ms</bind>
  <bind>Comp:25-3-1 Comp:25-2-1 0.465MBps 44.3ms</bind>
  <bind>Comp:25-2-1 Comp:25-3-1 0.465MBps 44.3ms</bind>
  <bind>Comp:25-3-2 Comp:25-2-2 0.465MBps 44.3ms</bind>
  <bind>Comp:25-2-2 Comp:25-3-2 0.465MBps 44.3ms</bind>
  <bind>Comp:25-3-3 Comp:25-2-3 0.465MBps 44.3ms</bind>
  <bind>Comp:25-2-3 Comp:25-3-3 0.465MBps 44.3ms</bind>
  <bind>Comp:25-3-4 Comp:25-2-4 0.465MBps 44.3ms</bind>
  <bind>Comp:25-2-4 Comp:25-3-4 0.465MBps 44.3ms</bind>
  <bind>Comp:25-3-5 Comp:25-2-5 0.465MBps 44.3ms</bind>
  <bind>Comp:25-2-5 Comp:25-3-5 0.465MBps 44.3ms</bind>
  <bind>Comp:25-3-6 Comp:25-2-6 0.465MBps 44.3ms</bind>
  <bind>Comp:25-2-6 Comp:25-3-6 0.465MBps 44.3ms</bind>
  <bind>Comp:25-3-7 Comp:25-2-0 0.465MBps 44.3ms</bind>
  <bind>Comp:25-2-0 Comp:25-3-7 0.465MBps 44.3ms</bind>
  <bind>Comp:25-4-0 Comp:25-3-0 0.503MBps 31.0ms</bind>
  <bind>Comp:25-3-0 Comp:25-4-0 0.503MBps 31.0ms</bind>
  <bind>Comp:25-4-1 Comp:25-3-1 0.503MBps 31.0ms</bind>
  <bind>Comp:25-3-1 Comp:25-4-1 0.503MBps 31.0ms</bind>
  <bind>Comp:25-4-2 Comp:25-3-2 0.503MBps 31.0ms</bind>
  <bind>Comp:25-3-2 Comp:25-4-2 0.503MBps 31.0ms</bind>
  <bind>Comp:25-4-0 Comp:25-3-3 0.503MBps 31.0ms</bind>
  <bind>Comp:25-3-3 Comp:25-4-0 0.503MBps 31.0ms</bind>
  <bind>Comp:25-4-1 Comp:25-3-4 0.503MBps 31.0ms</bind>
  <bind>Comp:25-3-4 Comp:25-4-1 0.503MBps 31.0ms</bind>
  <bind>Comp:25-4-2 Comp:25-3-5 0.503MBps 31.0ms</bind>
  <bind>Comp:25-3-5 Comp:25-4-2 0.503MBps 31.0ms</bind>
  <bind>Comp:25-4-0 Comp:25-3-6 0.503MBps 31.0ms</bind>
  <bind>Comp:25-3-6 Comp:25-4-0 0.503MBps 31.0ms</bind>
  <bind>Comp:25-4-1 Comp:25-3-7 0.503MBps 31.0ms</bind>
  <bind>Comp:25-3-7 Comp:25-4-1 0.503MBps 31.0ms</bind>
  <bind>Comp:25-4-0 Appliance-26 0.317MBps 34.3ms</bind>
  <bind>Appliance-26 Comp:25-4-0 0.317MBps 34.3ms</bind>
  <bind>Comp:25-4-1 Appliance-32 0.317MBps 34.3ms</bind>
  <bind>Appliance-32 Comp:25-4-1 0.317MBps 34.3ms</bind>
  <bind>Comp:25-4-2 Appliance-27 0.317MBps 34.3ms</bind>
  <bind>Appliance-27 Comp:25-4-2 0.317MBps 34.3ms</bind>
  <bind>Comp:25-4-0 Appliance-30 0.317MBps 34.3ms</bind>
  <bind>Appliance-30 Comp:25-4-0 0.317MBps 34.3ms</bind>
  <bind>Comp:25-4-1 Appliance-26 0.317MBps 34.3ms</bind>
  <bind>Appliance-26 Comp:25-4-1 0.317MBps 34.3ms</bind>
  <bind>Comp:25-4-2 Appliance-38 0.317MBps 34.3ms</bind>
  <bind>Appliance-38 Comp:25-4-2 0.317MBps 34.3ms</bind>
</app>
</apps>
