<?xml version="1.0"?>
<apps>
<app>
  <id>App1</id>
<comp>
  <id>Comp:1-1-0</id>
  <CPU>0.732Gf</CPU>
  <RAM>0.797GB</RAM>
  <DISK>0.0155GB</DISK>
</comp>
<comp>
  <id>Comp:1-1-1</id>
  <CPU>0.732Gf</CPU>
  <RAM>0.797GB</RAM>
  <DISK>0.0155GB</DISK>
</comp>
<comp>
  <id>Comp:1-1-2</id>
  <CPU>0.732Gf</CPU>
  <RAM>0.797GB</RAM>
  <DISK>0.0155GB</DISK>
</comp>
<comp>
  <id>Comp:1-1-3</id>
  <CPU>0.732Gf</CPU>
  <RAM>0.797GB</RAM>
  <DISK>0.0155GB</DISK>
</comp>
<comp>
  <id>Comp:1-1-4</id>
  <CPU>0.732Gf</CPU>
  <RAM>0.797GB</RAM>
  <DISK>0.0155GB</DISK>
</comp>
<comp>
  <id>Comp:1-1-5</id>
  <CPU>0.732Gf</CPU>
  <RAM>0.797GB</RAM>
  <DISK>0.0155GB</DISK>
</comp>
<comp>
  <id>Comp:1-1-6</id>
  <CPU>0.732Gf</CPU>
  <RAM>0.797GB</RAM>
  <DISK>0.0155GB</DISK>
</comp>
<comp>
  <id>Comp:1-1-7</id>
  <CPU>0.732Gf</CPU>
  <RAM>0.797GB</RAM>
  <DISK>0.0155GB</DISK>
</comp>
<comp>
  <id>Comp:1-1-8</id>
  <CPU>0.732Gf</CPU>
  <RAM>0.797GB</RAM>
  <DISK>0.0155GB</DISK>
</comp>
<comp>
  <id>Comp:1-2-0</id>
  <CPU>0.457Gf</CPU>
  <RAM>0.54GB</RAM>
  <DISK>0.697GB</DISK>
</comp>
<comp>
  <id>Comp:1-2-1</id>
  <CPU>0.457Gf</CPU>
  <RAM>0.54GB</RAM>
  <DISK>0.697GB</DISK>
</comp>
<comp>
  <id>Comp:1-2-2</id>
  <CPU>0.457Gf</CPU>
  <RAM>0.54GB</RAM>
  <DISK>0.697GB</DISK>
</comp>
<comp>
  <id>Comp:1-2-3</id>
  <CPU>0.457Gf</CPU>
  <RAM>0.54GB</RAM>
  <DISK>0.697GB</DISK>
</comp>
<comp>
  <id>Comp:1-2-4</id>
  <CPU>0.457Gf</CPU>
  <RAM>0.54GB</RAM>
  <DISK>0.697GB</DISK>
</comp>
<comp>
  <id>Comp:1-2-5</id>
  <CPU>0.457Gf</CPU>
  <RAM>0.54GB</RAM>
  <DISK>0.697GB</DISK>
</comp>
<comp>
  <id>Comp:1-2-6</id>
  <CPU>0.457Gf</CPU>
  <RAM>0.54GB</RAM>
  <DISK>0.697GB</DISK>
</comp>
<comp>
  <id>Comp:1-2-7</id>
  <CPU>0.457Gf</CPU>
  <RAM>0.54GB</RAM>
  <DISK>0.697GB</DISK>
</comp>
<comp>
  <id>Comp:1-2-8</id>
  <CPU>0.457Gf</CPU>
  <RAM>0.54GB</RAM>
  <DISK>0.697GB</DISK>
</comp>
<comp>
  <id>Comp:1-3-0</id>
  <CPU>0.13Gf</CPU>
  <RAM>0.314GB</RAM>
  <DISK>0.0142GB</DISK>
</comp>
<comp>
  <id>Comp:1-3-1</id>
  <CPU>0.13Gf</CPU>
  <RAM>0.314GB</RAM>
  <DISK>0.0142GB</DISK>
</comp>
<comp>
  <id>Comp:1-3-2</id>
  <CPU>0.13Gf</CPU>
  <RAM>0.314GB</RAM>
  <DISK>0.0142GB</DISK>
</comp>
<comp>
  <id>Comp:1-3-3</id>
  <CPU>0.13Gf</CPU>
  <RAM>0.314GB</RAM>
  <DISK>0.0142GB</DISK>
</comp>
  <bind>Comp:1-1-0 Appliance-301 0.982MBps 28.9ms</bind>
  <bind>Appliance-301 Comp:1-1-0 0.982MBps 28.9ms</bind>
  <bind>Comp:1-1-1 Appliance-301 0.982MBps 28.9ms</bind>
  <bind>Appliance-301 Comp:1-1-1 0.982MBps 28.9ms</bind>
  <bind>Comp:1-1-2 Appliance-301 0.982MBps 28.9ms</bind>
  <bind>Appliance-301 Comp:1-1-2 0.982MBps 28.9ms</bind>
  <bind>Comp:1-1-3 Appliance-301 0.982MBps 28.9ms</bind>
  <bind>Appliance-301 Comp:1-1-3 0.982MBps 28.9ms</bind>
  <bind>Comp:1-1-4 Appliance-301 0.982MBps 28.9ms</bind>
  <bind>Appliance-301 Comp:1-1-4 0.982MBps 28.9ms</bind>
  <bind>Comp:1-1-5 Appliance-301 0.982MBps 28.9ms</bind>
  <bind>Appliance-301 Comp:1-1-5 0.982MBps 28.9ms</bind>
  <bind>Comp:1-1-6 Appliance-301 0.982MBps 28.9ms</bind>
  <bind>Appliance-301 Comp:1-1-6 0.982MBps 28.9ms</bind>
  <bind>Comp:1-1-7 Appliance-301 0.982MBps 28.9ms</bind>
  <bind>Appliance-301 Comp:1-1-7 0.982MBps 28.9ms</bind>
  <bind>Comp:1-1-8 Appliance-301 0.982MBps 28.9ms</bind>
  <bind>Appliance-301 Comp:1-1-8 0.982MBps 28.9ms</bind>
  <bind>Comp:1-2-0 Comp:1-1-0 0.927MBps 35.6ms</bind>
  <bind>Comp:1-1-0 Comp:1-2-0 0.927MBps 35.6ms</bind>
  <bind>Comp:1-2-1 Comp:1-1-1 0.927MBps 35.6ms</bind>
  <bind>Comp:1-1-1 Comp:1-2-1 0.927MBps 35.6ms</bind>
  <bind>Comp:1-2-2 Comp:1-1-2 0.927MBps 35.6ms</bind>
  <bind>Comp:1-1-2 Comp:1-2-2 0.927MBps 35.6ms</bind>
  <bind>Comp:1-2-3 Comp:1-1-3 0.927MBps 35.6ms</bind>
  <bind>Comp:1-1-3 Comp:1-2-3 0.927MBps 35.6ms</bind>
  <bind>Comp:1-2-4 Comp:1-1-4 0.927MBps 35.6ms</bind>
  <bind>Comp:1-1-4 Comp:1-2-4 0.927MBps 35.6ms</bind>
  <bind>Comp:1-2-5 Comp:1-1-5 0.927MBps 35.6ms</bind>
  <bind>Comp:1-1-5 Comp:1-2-5 0.927MBps 35.6ms</bind>
  <bind>Comp:1-2-6 Comp:1-1-6 0.927MBps 35.6ms</bind>
  <bind>Comp:1-1-6 Comp:1-2-6 0.927MBps 35.6ms</bind>
  <bind>Comp:1-2-7 Comp:1-1-7 0.927MBps 35.6ms</bind>
  <bind>Comp:1-1-7 Comp:1-2-7 0.927MBps 35.6ms</bind>
  <bind>Comp:1-2-8 Comp:1-1-8 0.927MBps 35.6ms</bind>
  <bind>Comp:1-1-8 Comp:1-2-8 0.927MBps 35.6ms</bind>
  <bind>Comp:1-2-0 Comp:1-3-0 0.338MBps 28.2ms</bind>
  <bind>Comp:1-3-0 Comp:1-2-0 0.338MBps 28.2ms</bind>
  <bind>Comp:1-2-1 Comp:1-3-1 0.338MBps 28.2ms</bind>
  <bind>Comp:1-3-1 Comp:1-2-1 0.338MBps 28.2ms</bind>
  <bind>Comp:1-2-2 Comp:1-3-2 0.338MBps 28.2ms</bind>
  <bind>Comp:1-3-2 Comp:1-2-2 0.338MBps 28.2ms</bind>
  <bind>Comp:1-2-3 Comp:1-3-3 0.338MBps 28.2ms</bind>
  <bind>Comp:1-3-3 Comp:1-2-3 0.338MBps 28.2ms</bind>
  <bind>Comp:1-2-4 Comp:1-3-0 0.338MBps 28.2ms</bind>
  <bind>Comp:1-3-0 Comp:1-2-4 0.338MBps 28.2ms</bind>
  <bind>Comp:1-2-5 Comp:1-3-1 0.338MBps 28.2ms</bind>
  <bind>Comp:1-3-1 Comp:1-2-5 0.338MBps 28.2ms</bind>
  <bind>Comp:1-2-6 Comp:1-3-2 0.338MBps 28.2ms</bind>
  <bind>Comp:1-3-2 Comp:1-2-6 0.338MBps 28.2ms</bind>
  <bind>Comp:1-2-7 Comp:1-3-3 0.338MBps 28.2ms</bind>
  <bind>Comp:1-3-3 Comp:1-2-7 0.338MBps 28.2ms</bind>
  <bind>Comp:1-2-8 Comp:1-3-0 0.338MBps 28.2ms</bind>
  <bind>Comp:1-3-0 Comp:1-2-8 0.338MBps 28.2ms</bind>
</app>
</apps>
