<?xml version="1.0"?>
<apps>
<app>
  <id>App1</id>
<comp>
  <id>Comp:1-1-0</id>
  <CPU>0.732Gf</CPU>
  <RAM>0.797GB</RAM>
  <DISK>0.0155GB</DISK>
</comp>
<comp>
  <id>Comp:1-1-1</id>
  <CPU>0.732Gf</CPU>
  <RAM>0.797GB</RAM>
  <DISK>0.0155GB</DISK>
</comp>
<comp>
  <id>Comp:1-1-2</id>
  <CPU>0.732Gf</CPU>
  <RAM>0.797GB</RAM>
  <DISK>0.0155GB</DISK>
</comp>
<comp>
  <id>Comp:1-1-3</id>
  <CPU>0.732Gf</CPU>
  <RAM>0.797GB</RAM>
  <DISK>0.0155GB</DISK>
</comp>
<comp>
  <id>Comp:1-1-4</id>
  <CPU>0.732Gf</CPU>
  <RAM>0.797GB</RAM>
  <DISK>0.0155GB</DISK>
</comp>
<comp>
  <id>Comp:1-1-5</id>
  <CPU>0.732Gf</CPU>
  <RAM>0.797GB</RAM>
  <DISK>0.0155GB</DISK>
</comp>
<comp>
  <id>Comp:1-1-6</id>
  <CPU>0.732Gf</CPU>
  <RAM>0.797GB</RAM>
  <DISK>0.0155GB</DISK>
</comp>
<comp>
  <id>Comp:1-1-7</id>
  <CPU>0.732Gf</CPU>
  <RAM>0.797GB</RAM>
  <DISK>0.0155GB</DISK>
</comp>
<comp>
  <id>Comp:1-1-8</id>
  <CPU>0.732Gf</CPU>
  <RAM>0.797GB</RAM>
  <DISK>0.0155GB</DISK>
</comp>
<comp>
  <id>Comp:1-2-0</id>
  <CPU>0.457Gf</CPU>
  <RAM>0.54GB</RAM>
  <DISK>0.697GB</DISK>
</comp>
<comp>
  <id>Comp:1-2-1</id>
  <CPU>0.457Gf</CPU>
  <RAM>0.54GB</RAM>
  <DISK>0.697GB</DISK>
</comp>
<comp>
  <id>Comp:1-2-2</id>
  <CPU>0.457Gf</CPU>
  <RAM>0.54GB</RAM>
  <DISK>0.697GB</DISK>
</comp>
<comp>
  <id>Comp:1-2-3</id>
  <CPU>0.457Gf</CPU>
  <RAM>0.54GB</RAM>
  <DISK>0.697GB</DISK>
</comp>
<comp>
  <id>Comp:1-2-4</id>
  <CPU>0.457Gf</CPU>
  <RAM>0.54GB</RAM>
  <DISK>0.697GB</DISK>
</comp>
<comp>
  <id>Comp:1-2-5</id>
  <CPU>0.457Gf</CPU>
  <RAM>0.54GB</RAM>
  <DISK>0.697GB</DISK>
</comp>
<comp>
  <id>Comp:1-2-6</id>
  <CPU>0.457Gf</CPU>
  <RAM>0.54GB</RAM>
  <DISK>0.697GB</DISK>
</comp>
<comp>
  <id>Comp:1-2-7</id>
  <CPU>0.457Gf</CPU>
  <RAM>0.54GB</RAM>
  <DISK>0.697GB</DISK>
</comp>
<comp>
  <id>Comp:1-2-8</id>
  <CPU>0.457Gf</CPU>
  <RAM>0.54GB</RAM>
  <DISK>0.697GB</DISK>
</comp>
<comp>
  <id>Comp:1-3-0</id>
  <CPU>0.13Gf</CPU>
  <RAM>0.314GB</RAM>
  <DISK>0.0142GB</DISK>
</comp>
<comp>
  <id>Comp:1-3-1</id>
  <CPU>0.13Gf</CPU>
  <RAM>0.314GB</RAM>
  <DISK>0.0142GB</DISK>
</comp>
<comp>
  <id>Comp:1-3-2</id>
  <CPU>0.13Gf</CPU>
  <RAM>0.314GB</RAM>
  <DISK>0.0142GB</DISK>
</comp>
<comp>
  <id>Comp:1-3-3</id>
  <CPU>0.13Gf</CPU>
  <RAM>0.314GB</RAM>
  <DISK>0.0142GB</DISK>
</comp>
  <bind>Comp:1-1-0 Appliance-301 0.982MBps 28.9ms</bind>
  <bind>Appliance-301 Comp:1-1-0 0.982MBps 28.9ms</bind>
  <bind>Comp:1-1-1 Appliance-301 0.982MBps 28.9ms</bind>
  <bind>Appliance-301 Comp:1-1-1 0.982MBps 28.9ms</bind>
  <bind>Comp:1-1-2 Appliance-301 0.982MBps 28.9ms</bind>
  <bind>Appliance-301 Comp:1-1-2 0.982MBps 28.9ms</bind>
  <bind>Comp:1-1-3 Appliance-301 0.982MBps 28.9ms</bind>
  <bind>Appliance-301 Comp:1-1-3 0.982MBps 28.9ms</bind>
  <bind>Comp:1-1-4 Appliance-301 0.982MBps 28.9ms</bind>
  <bind>Appliance-301 Comp:1-1-4 0.982MBps 28.9ms</bind>
  <bind>Comp:1-1-5 Appliance-301 0.982MBps 28.9ms</bind>
  <bind>Appliance-301 Comp:1-1-5 0.982MBps 28.9ms</bind>
  <bind>Comp:1-1-6 Appliance-301 0.982MBps 28.9ms</bind>
  <bind>Appliance-301 Comp:1-1-6 0.982MBps 28.9ms</bind>
  <bind>Comp:1-1-7 Appliance-301 0.982MBps 28.9ms</bind>
  <bind>Appliance-301 Comp:1-1-7 0.982MBps 28.9ms</bind>
  <bind>Comp:1-1-8 Appliance-301 0.982MBps 28.9ms</bind>
  <bind>Appliance-301 Comp:1-1-8 0.982MBps 28.9ms</bind>
  <bind>Comp:1-2-0 Comp:1-1-0 0.927MBps 35.6ms</bind>
  <bind>Comp:1-1-0 Comp:1-2-0 0.927MBps 35.6ms</bind>
  <bind>Comp:1-2-1 Comp:1-1-1 0.927MBps 35.6ms</bind>
  <bind>Comp:1-1-1 Comp:1-2-1 0.927MBps 35.6ms</bind>
  <bind>Comp:1-2-2 Comp:1-1-2 0.927MBps 35.6ms</bind>
  <bind>Comp:1-1-2 Comp:1-2-2 0.927MBps 35.6ms</bind>
  <bind>Comp:1-2-3 Comp:1-1-3 0.927MBps 35.6ms</bind>
  <bind>Comp:1-1-3 Comp:1-2-3 0.927MBps 35.6ms</bind>
  <bind>Comp:1-2-4 Comp:1-1-4 0.927MBps 35.6ms</bind>
  <bind>Comp:1-1-4 Comp:1-2-4 0.927MBps 35.6ms</bind>
  <bind>Comp:1-2-5 Comp:1-1-5 0.927MBps 35.6ms</bind>
  <bind>Comp:1-1-5 Comp:1-2-5 0.927MBps 35.6ms</bind>
  <bind>Comp:1-2-6 Comp:1-1-6 0.927MBps 35.6ms</bind>
  <bind>Comp:1-1-6 Comp:1-2-6 0.927MBps 35.6ms</bind>
  <bind>Comp:1-2-7 Comp:1-1-7 0.927MBps 35.6ms</bind>
  <bind>Comp:1-1-7 Comp:1-2-7 0.927MBps 35.6ms</bind>
  <bind>Comp:1-2-8 Comp:1-1-8 0.927MBps 35.6ms</bind>
  <bind>Comp:1-1-8 Comp:1-2-8 0.927MBps 35.6ms</bind>
  <bind>Comp:1-2-0 Comp:1-3-0 0.338MBps 28.2ms</bind>
  <bind>Comp:1-3-0 Comp:1-2-0 0.338MBps 28.2ms</bind>
  <bind>Comp:1-2-1 Comp:1-3-1 0.338MBps 28.2ms</bind>
  <bind>Comp:1-3-1 Comp:1-2-1 0.338MBps 28.2ms</bind>
  <bind>Comp:1-2-2 Comp:1-3-2 0.338MBps 28.2ms</bind>
  <bind>Comp:1-3-2 Comp:1-2-2 0.338MBps 28.2ms</bind>
  <bind>Comp:1-2-3 Comp:1-3-3 0.338MBps 28.2ms</bind>
  <bind>Comp:1-3-3 Comp:1-2-3 0.338MBps 28.2ms</bind>
  <bind>Comp:1-2-4 Comp:1-3-0 0.338MBps 28.2ms</bind>
  <bind>Comp:1-3-0 Comp:1-2-4 0.338MBps 28.2ms</bind>
  <bind>Comp:1-2-5 Comp:1-3-1 0.338MBps 28.2ms</bind>
  <bind>Comp:1-3-1 Comp:1-2-5 0.338MBps 28.2ms</bind>
  <bind>Comp:1-2-6 Comp:1-3-2 0.338MBps 28.2ms</bind>
  <bind>Comp:1-3-2 Comp:1-2-6 0.338MBps 28.2ms</bind>
  <bind>Comp:1-2-7 Comp:1-3-3 0.338MBps 28.2ms</bind>
  <bind>Comp:1-3-3 Comp:1-2-7 0.338MBps 28.2ms</bind>
  <bind>Comp:1-2-8 Comp:1-3-0 0.338MBps 28.2ms</bind>
  <bind>Comp:1-3-0 Comp:1-2-8 0.338MBps 28.2ms</bind>
</app>
<app>
  <id>App10</id>
<comp>
  <id>Comp:10-0-0</id>
  <CPU>0.909Gf</CPU>
  <RAM>0.13GB</RAM>
  <DISK>1.89GB</DISK>
</comp>
<comp>
  <id>Comp:10-0-1</id>
  <CPU>0.909Gf</CPU>
  <RAM>0.13GB</RAM>
  <DISK>1.89GB</DISK>
</comp>
<comp>
  <id>Comp:10-0-2</id>
  <CPU>0.909Gf</CPU>
  <RAM>0.13GB</RAM>
  <DISK>1.89GB</DISK>
</comp>
<comp>
  <id>Comp:10-0-3</id>
  <CPU>0.909Gf</CPU>
  <RAM>0.13GB</RAM>
  <DISK>1.89GB</DISK>
</comp>
<comp>
  <id>Comp:10-0-4</id>
  <CPU>0.909Gf</CPU>
  <RAM>0.13GB</RAM>
  <DISK>1.89GB</DISK>
</comp>
<comp>
  <id>Comp:10-0-5</id>
  <CPU>0.909Gf</CPU>
  <RAM>0.13GB</RAM>
  <DISK>1.89GB</DISK>
</comp>
<comp>
  <id>Comp:10-0-6</id>
  <CPU>0.909Gf</CPU>
  <RAM>0.13GB</RAM>
  <DISK>1.89GB</DISK>
</comp>
<comp>
  <id>Comp:10-0-7</id>
  <CPU>0.909Gf</CPU>
  <RAM>0.13GB</RAM>
  <DISK>1.89GB</DISK>
</comp>
<comp>
  <id>Comp:10-0-8</id>
  <CPU>0.909Gf</CPU>
  <RAM>0.13GB</RAM>
  <DISK>1.89GB</DISK>
</comp>
<comp>
  <id>Comp:10-1-0</id>
  <CPU>0.121Gf</CPU>
  <RAM>0.989GB</RAM>
  <DISK>0.213GB</DISK>
</comp>
<comp>
  <id>Comp:10-1-1</id>
  <CPU>0.121Gf</CPU>
  <RAM>0.989GB</RAM>
  <DISK>0.213GB</DISK>
</comp>
<comp>
  <id>Comp:10-1-2</id>
  <CPU>0.121Gf</CPU>
  <RAM>0.989GB</RAM>
  <DISK>0.213GB</DISK>
</comp>
<comp>
  <id>Comp:10-1-3</id>
  <CPU>0.121Gf</CPU>
  <RAM>0.989GB</RAM>
  <DISK>0.213GB</DISK>
</comp>
<comp>
  <id>Comp:10-1-4</id>
  <CPU>0.121Gf</CPU>
  <RAM>0.989GB</RAM>
  <DISK>0.213GB</DISK>
</comp>
<comp>
  <id>Comp:10-1-5</id>
  <CPU>0.121Gf</CPU>
  <RAM>0.989GB</RAM>
  <DISK>0.213GB</DISK>
</comp>
<comp>
  <id>Comp:10-1-6</id>
  <CPU>0.121Gf</CPU>
  <RAM>0.989GB</RAM>
  <DISK>0.213GB</DISK>
</comp>
<comp>
  <id>Comp:10-1-7</id>
  <CPU>0.121Gf</CPU>
  <RAM>0.989GB</RAM>
  <DISK>0.213GB</DISK>
</comp>
<comp>
  <id>Comp:10-1-8</id>
  <CPU>0.121Gf</CPU>
  <RAM>0.989GB</RAM>
  <DISK>0.213GB</DISK>
</comp>
<comp>
  <id>Comp:10-2-0</id>
  <CPU>0.81Gf</CPU>
  <RAM>0.492GB</RAM>
  <DISK>0.0257GB</DISK>
</comp>
<comp>
  <id>Comp:10-2-1</id>
  <CPU>0.81Gf</CPU>
  <RAM>0.492GB</RAM>
  <DISK>0.0257GB</DISK>
</comp>
<comp>
  <id>Comp:10-2-2</id>
  <CPU>0.81Gf</CPU>
  <RAM>0.492GB</RAM>
  <DISK>0.0257GB</DISK>
</comp>
<comp>
  <id>Comp:10-2-3</id>
  <CPU>0.81Gf</CPU>
  <RAM>0.492GB</RAM>
  <DISK>0.0257GB</DISK>
</comp>
<comp>
  <id>Comp:10-2-4</id>
  <CPU>0.81Gf</CPU>
  <RAM>0.492GB</RAM>
  <DISK>0.0257GB</DISK>
</comp>
<comp>
  <id>Comp:10-2-5</id>
  <CPU>0.81Gf</CPU>
  <RAM>0.492GB</RAM>
  <DISK>0.0257GB</DISK>
</comp>
<comp>
  <id>Comp:10-3-0</id>
  <CPU>0.456Gf</CPU>
  <RAM>0.334GB</RAM>
  <DISK>1.88GB</DISK>
</comp>
<comp>
  <id>Comp:10-3-1</id>
  <CPU>0.456Gf</CPU>
  <RAM>0.334GB</RAM>
  <DISK>1.88GB</DISK>
</comp>
<comp>
  <id>Comp:10-3-2</id>
  <CPU>0.456Gf</CPU>
  <RAM>0.334GB</RAM>
  <DISK>1.88GB</DISK>
</comp>
<comp>
  <id>Comp:10-3-3</id>
  <CPU>0.456Gf</CPU>
  <RAM>0.334GB</RAM>
  <DISK>1.88GB</DISK>
</comp>
<comp>
  <id>Comp:10-3-4</id>
  <CPU>0.456Gf</CPU>
  <RAM>0.334GB</RAM>
  <DISK>1.88GB</DISK>
</comp>
  <bind>Comp:10-1-0 Comp:10-0-0 0.593MBps 48.9ms</bind>
  <bind>Comp:10-0-0 Comp:10-1-0 0.593MBps 48.9ms</bind>
  <bind>Comp:10-1-1 Comp:10-0-1 0.593MBps 48.9ms</bind>
  <bind>Comp:10-0-1 Comp:10-1-1 0.593MBps 48.9ms</bind>
  <bind>Comp:10-1-2 Comp:10-0-2 0.593MBps 48.9ms</bind>
  <bind>Comp:10-0-2 Comp:10-1-2 0.593MBps 48.9ms</bind>
  <bind>Comp:10-1-3 Comp:10-0-3 0.593MBps 48.9ms</bind>
  <bind>Comp:10-0-3 Comp:10-1-3 0.593MBps 48.9ms</bind>
  <bind>Comp:10-1-4 Comp:10-0-4 0.593MBps 48.9ms</bind>
  <bind>Comp:10-0-4 Comp:10-1-4 0.593MBps 48.9ms</bind>
  <bind>Comp:10-1-5 Comp:10-0-5 0.593MBps 48.9ms</bind>
  <bind>Comp:10-0-5 Comp:10-1-5 0.593MBps 48.9ms</bind>
  <bind>Comp:10-1-6 Comp:10-0-6 0.593MBps 48.9ms</bind>
  <bind>Comp:10-0-6 Comp:10-1-6 0.593MBps 48.9ms</bind>
  <bind>Comp:10-1-7 Comp:10-0-7 0.593MBps 48.9ms</bind>
  <bind>Comp:10-0-7 Comp:10-1-7 0.593MBps 48.9ms</bind>
  <bind>Comp:10-1-8 Comp:10-0-8 0.593MBps 48.9ms</bind>
  <bind>Comp:10-0-8 Comp:10-1-8 0.593MBps 48.9ms</bind>
  <bind>Comp:10-2-0 Comp:10-1-0 0.364MBps 45.0ms</bind>
  <bind>Comp:10-1-0 Comp:10-2-0 0.364MBps 45.0ms</bind>
  <bind>Comp:10-2-1 Comp:10-1-1 0.364MBps 45.0ms</bind>
  <bind>Comp:10-1-1 Comp:10-2-1 0.364MBps 45.0ms</bind>
  <bind>Comp:10-2-2 Comp:10-1-2 0.364MBps 45.0ms</bind>
  <bind>Comp:10-1-2 Comp:10-2-2 0.364MBps 45.0ms</bind>
  <bind>Comp:10-2-3 Comp:10-1-3 0.364MBps 45.0ms</bind>
  <bind>Comp:10-1-3 Comp:10-2-3 0.364MBps 45.0ms</bind>
  <bind>Comp:10-2-4 Comp:10-1-4 0.364MBps 45.0ms</bind>
  <bind>Comp:10-1-4 Comp:10-2-4 0.364MBps 45.0ms</bind>
  <bind>Comp:10-2-5 Comp:10-1-5 0.364MBps 45.0ms</bind>
  <bind>Comp:10-1-5 Comp:10-2-5 0.364MBps 45.0ms</bind>
  <bind>Comp:10-2-0 Comp:10-1-6 0.364MBps 45.0ms</bind>
  <bind>Comp:10-1-6 Comp:10-2-0 0.364MBps 45.0ms</bind>
  <bind>Comp:10-2-1 Comp:10-1-7 0.364MBps 45.0ms</bind>
  <bind>Comp:10-1-7 Comp:10-2-1 0.364MBps 45.0ms</bind>
  <bind>Comp:10-2-2 Comp:10-1-8 0.364MBps 45.0ms</bind>
  <bind>Comp:10-1-8 Comp:10-2-2 0.364MBps 45.0ms</bind>
  <bind>Comp:10-3-0 Comp:10-2-0 0.0773MBps 34.1ms</bind>
  <bind>Comp:10-2-0 Comp:10-3-0 0.0773MBps 34.1ms</bind>
  <bind>Comp:10-3-1 Comp:10-2-1 0.0773MBps 34.1ms</bind>
  <bind>Comp:10-2-1 Comp:10-3-1 0.0773MBps 34.1ms</bind>
  <bind>Comp:10-3-2 Comp:10-2-2 0.0773MBps 34.1ms</bind>
  <bind>Comp:10-2-2 Comp:10-3-2 0.0773MBps 34.1ms</bind>
  <bind>Comp:10-3-3 Comp:10-2-3 0.0773MBps 34.1ms</bind>
  <bind>Comp:10-2-3 Comp:10-3-3 0.0773MBps 34.1ms</bind>
  <bind>Comp:10-3-4 Comp:10-2-4 0.0773MBps 34.1ms</bind>
  <bind>Comp:10-2-4 Comp:10-3-4 0.0773MBps 34.1ms</bind>
  <bind>Comp:10-3-0 Comp:10-2-5 0.0773MBps 34.1ms</bind>
  <bind>Comp:10-2-5 Comp:10-3-0 0.0773MBps 34.1ms</bind>
  <bind>Comp:10-3-0 Appliance-259 0.624MBps 40.8ms</bind>
  <bind>Appliance-259 Comp:10-3-0 0.624MBps 40.8ms</bind>
  <bind>Comp:10-3-1 Appliance-339 0.624MBps 40.8ms</bind>
  <bind>Appliance-339 Comp:10-3-1 0.624MBps 40.8ms</bind>
  <bind>Comp:10-3-2 Appliance-179 0.624MBps 40.8ms</bind>
  <bind>Appliance-179 Comp:10-3-2 0.624MBps 40.8ms</bind>
  <bind>Comp:10-3-3 Appliance-17 0.624MBps 40.8ms</bind>
  <bind>Appliance-17 Comp:10-3-3 0.624MBps 40.8ms</bind>
  <bind>Comp:10-3-4 Appliance-159 0.624MBps 40.8ms</bind>
  <bind>Appliance-159 Comp:10-3-4 0.624MBps 40.8ms</bind>
  <bind>Comp:10-3-0 Appliance-22 0.624MBps 40.8ms</bind>
  <bind>Appliance-22 Comp:10-3-0 0.624MBps 40.8ms</bind>
  <bind>Comp:10-3-1 Appliance-344 0.624MBps 40.8ms</bind>
  <bind>Appliance-344 Comp:10-3-1 0.624MBps 40.8ms</bind>
  <bind>Comp:10-3-2 Appliance-59 0.624MBps 40.8ms</bind>
  <bind>Appliance-59 Comp:10-3-2 0.624MBps 40.8ms</bind>
</app>
<app>
  <id>App11</id>
<comp>
  <id>Comp:11-1-0</id>
  <CPU>0.73Gf</CPU>
  <RAM>0.67GB</RAM>
  <DISK>0.843GB</DISK>
</comp>
  <bind>Comp:11-1-0 Appliance-26 0.259MBps 41.9ms</bind>
  <bind>Appliance-26 Comp:11-1-0 0.259MBps 41.9ms</bind>
  <bind>Comp:11-1-0 Appliance-78 0.259MBps 41.9ms</bind>
  <bind>Appliance-78 Comp:11-1-0 0.259MBps 41.9ms</bind>
  <bind>Comp:11-1-0 Appliance-193 0.259MBps 41.9ms</bind>
  <bind>Appliance-193 Comp:11-1-0 0.259MBps 41.9ms</bind>
  <bind>Comp:11-1-0 Appliance-263 0.259MBps 41.9ms</bind>
  <bind>Appliance-263 Comp:11-1-0 0.259MBps 41.9ms</bind>
  <bind>Comp:11-1-0 Appliance-156 0.259MBps 41.9ms</bind>
  <bind>Appliance-156 Comp:11-1-0 0.259MBps 41.9ms</bind>
  <bind>Comp:11-1-0 Appliance-159 0.259MBps 41.9ms</bind>
  <bind>Appliance-159 Comp:11-1-0 0.259MBps 41.9ms</bind>
  <bind>Comp:11-1-0 Appliance-258 0.259MBps 41.9ms</bind>
  <bind>Appliance-258 Comp:11-1-0 0.259MBps 41.9ms</bind>
  <bind>Comp:11-1-0 Appliance-78 0.259MBps 41.9ms</bind>
  <bind>Appliance-78 Comp:11-1-0 0.259MBps 41.9ms</bind>
  <bind>Comp:11-1-0 Appliance-70 0.444MBps 32.0ms</bind>
  <bind>Appliance-70 Comp:11-1-0 0.444MBps 32.0ms</bind>
  <bind>Comp:11-1-0 Appliance-258 0.444MBps 32.0ms</bind>
  <bind>Appliance-258 Comp:11-1-0 0.444MBps 32.0ms</bind>
  <bind>Comp:11-1-0 Appliance-51 0.444MBps 32.0ms</bind>
  <bind>Appliance-51 Comp:11-1-0 0.444MBps 32.0ms</bind>
  <bind>Comp:11-1-0 Appliance-175 0.444MBps 32.0ms</bind>
  <bind>Appliance-175 Comp:11-1-0 0.444MBps 32.0ms</bind>
  <bind>Comp:11-1-0 Appliance-179 0.444MBps 32.0ms</bind>
  <bind>Appliance-179 Comp:11-1-0 0.444MBps 32.0ms</bind>
  <bind>Comp:11-1-0 Appliance-179 0.444MBps 32.0ms</bind>
  <bind>Appliance-179 Comp:11-1-0 0.444MBps 32.0ms</bind>
</app>
<app>
  <id>App12</id>
<comp>
  <id>Comp:12-1-0</id>
  <CPU>0.585Gf</CPU>
  <RAM>0.669GB</RAM>
  <DISK>1.2GB</DISK>
</comp>
<comp>
  <id>Comp:12-1-1</id>
  <CPU>0.585Gf</CPU>
  <RAM>0.669GB</RAM>
  <DISK>1.2GB</DISK>
</comp>
<comp>
  <id>Comp:12-2-0</id>
  <CPU>0.336Gf</CPU>
  <RAM>0.877GB</RAM>
  <DISK>0.61GB</DISK>
</comp>
<comp>
  <id>Comp:12-2-1</id>
  <CPU>0.336Gf</CPU>
  <RAM>0.877GB</RAM>
  <DISK>0.61GB</DISK>
</comp>
<comp>
  <id>Comp:12-3-0</id>
  <CPU>0.162Gf</CPU>
  <RAM>0.399GB</RAM>
  <DISK>1.35GB</DISK>
</comp>
<comp>
  <id>Comp:12-3-1</id>
  <CPU>0.162Gf</CPU>
  <RAM>0.399GB</RAM>
  <DISK>1.35GB</DISK>
</comp>
<comp>
  <id>Comp:12-3-2</id>
  <CPU>0.162Gf</CPU>
  <RAM>0.399GB</RAM>
  <DISK>1.35GB</DISK>
</comp>
<comp>
  <id>Comp:12-3-3</id>
  <CPU>0.162Gf</CPU>
  <RAM>0.399GB</RAM>
  <DISK>1.35GB</DISK>
</comp>
<comp>
  <id>Comp:12-3-4</id>
  <CPU>0.162Gf</CPU>
  <RAM>0.399GB</RAM>
  <DISK>1.35GB</DISK>
</comp>
<comp>
  <id>Comp:12-3-5</id>
  <CPU>0.162Gf</CPU>
  <RAM>0.399GB</RAM>
  <DISK>1.35GB</DISK>
</comp>
<comp>
  <id>Comp:12-3-6</id>
  <CPU>0.162Gf</CPU>
  <RAM>0.399GB</RAM>
  <DISK>1.35GB</DISK>
</comp>
<comp>
  <id>Comp:12-4-0</id>
  <CPU>0.836Gf</CPU>
  <RAM>0.621GB</RAM>
  <DISK>1.35GB</DISK>
</comp>
<comp>
  <id>Comp:12-4-1</id>
  <CPU>0.836Gf</CPU>
  <RAM>0.621GB</RAM>
  <DISK>1.35GB</DISK>
</comp>
<comp>
  <id>Comp:12-4-2</id>
  <CPU>0.836Gf</CPU>
  <RAM>0.621GB</RAM>
  <DISK>1.35GB</DISK>
</comp>
<comp>
  <id>Comp:12-4-3</id>
  <CPU>0.836Gf</CPU>
  <RAM>0.621GB</RAM>
  <DISK>1.35GB</DISK>
</comp>
<comp>
  <id>Comp:12-5-0</id>
  <CPU>0.781Gf</CPU>
  <RAM>0.886GB</RAM>
  <DISK>0.686GB</DISK>
</comp>
<comp>
  <id>Comp:12-6-0</id>
  <CPU>0.231Gf</CPU>
  <RAM>0.234GB</RAM>
  <DISK>1.41GB</DISK>
</comp>
<comp>
  <id>Comp:12-6-1</id>
  <CPU>0.231Gf</CPU>
  <RAM>0.234GB</RAM>
  <DISK>1.41GB</DISK>
</comp>
<comp>
  <id>Comp:12-6-2</id>
  <CPU>0.231Gf</CPU>
  <RAM>0.234GB</RAM>
  <DISK>1.41GB</DISK>
</comp>
  <bind>Comp:12-1-0 Appliance-285 0.797MBps 39.8ms</bind>
  <bind>Appliance-285 Comp:12-1-0 0.797MBps 39.8ms</bind>
  <bind>Comp:12-1-1 Appliance-27 0.797MBps 39.8ms</bind>
  <bind>Appliance-27 Comp:12-1-1 0.797MBps 39.8ms</bind>
  <bind>Comp:12-1-0 Appliance-193 0.797MBps 39.8ms</bind>
  <bind>Appliance-193 Comp:12-1-0 0.797MBps 39.8ms</bind>
  <bind>Comp:12-1-1 Appliance-360 0.797MBps 39.8ms</bind>
  <bind>Appliance-360 Comp:12-1-1 0.797MBps 39.8ms</bind>
  <bind>Comp:12-1-0 Appliance-36 0.797MBps 39.8ms</bind>
  <bind>Appliance-36 Comp:12-1-0 0.797MBps 39.8ms</bind>
  <bind>Comp:12-1-1 Appliance-156 0.797MBps 39.8ms</bind>
  <bind>Appliance-156 Comp:12-1-1 0.797MBps 39.8ms</bind>
  <bind>Comp:12-1-0 Appliance-32 0.797MBps 39.8ms</bind>
  <bind>Appliance-32 Comp:12-1-0 0.797MBps 39.8ms</bind>
  <bind>Comp:12-1-1 Appliance-59 0.797MBps 39.8ms</bind>
  <bind>Appliance-59 Comp:12-1-1 0.797MBps 39.8ms</bind>
  <bind>Comp:12-2-0 Comp:12-1-0 0.3MBps 25.4ms</bind>
  <bind>Comp:12-1-0 Comp:12-2-0 0.3MBps 25.4ms</bind>
  <bind>Comp:12-2-1 Comp:12-1-1 0.3MBps 25.4ms</bind>
  <bind>Comp:12-1-1 Comp:12-2-1 0.3MBps 25.4ms</bind>
  <bind>Comp:12-3-0 Comp:12-2-0 0.284MBps 36.1ms</bind>
  <bind>Comp:12-2-0 Comp:12-3-0 0.284MBps 36.1ms</bind>
  <bind>Comp:12-3-1 Comp:12-2-1 0.284MBps 36.1ms</bind>
  <bind>Comp:12-2-1 Comp:12-3-1 0.284MBps 36.1ms</bind>
  <bind>Comp:12-3-2 Comp:12-2-0 0.284MBps 36.1ms</bind>
  <bind>Comp:12-2-0 Comp:12-3-2 0.284MBps 36.1ms</bind>
  <bind>Comp:12-3-3 Comp:12-2-1 0.284MBps 36.1ms</bind>
  <bind>Comp:12-2-1 Comp:12-3-3 0.284MBps 36.1ms</bind>
  <bind>Comp:12-3-4 Comp:12-2-0 0.284MBps 36.1ms</bind>
  <bind>Comp:12-2-0 Comp:12-3-4 0.284MBps 36.1ms</bind>
  <bind>Comp:12-3-5 Comp:12-2-1 0.284MBps 36.1ms</bind>
  <bind>Comp:12-2-1 Comp:12-3-5 0.284MBps 36.1ms</bind>
  <bind>Comp:12-3-6 Comp:12-2-0 0.284MBps 36.1ms</bind>
  <bind>Comp:12-2-0 Comp:12-3-6 0.284MBps 36.1ms</bind>
  <bind>Comp:12-4-0 Comp:12-3-0 0.93MBps 42.9ms</bind>
  <bind>Comp:12-3-0 Comp:12-4-0 0.93MBps 42.9ms</bind>
  <bind>Comp:12-4-1 Comp:12-3-1 0.93MBps 42.9ms</bind>
  <bind>Comp:12-3-1 Comp:12-4-1 0.93MBps 42.9ms</bind>
  <bind>Comp:12-4-2 Comp:12-3-2 0.93MBps 42.9ms</bind>
  <bind>Comp:12-3-2 Comp:12-4-2 0.93MBps 42.9ms</bind>
  <bind>Comp:12-4-3 Comp:12-3-3 0.93MBps 42.9ms</bind>
  <bind>Comp:12-3-3 Comp:12-4-3 0.93MBps 42.9ms</bind>
  <bind>Comp:12-4-0 Comp:12-3-4 0.93MBps 42.9ms</bind>
  <bind>Comp:12-3-4 Comp:12-4-0 0.93MBps 42.9ms</bind>
  <bind>Comp:12-4-1 Comp:12-3-5 0.93MBps 42.9ms</bind>
  <bind>Comp:12-3-5 Comp:12-4-1 0.93MBps 42.9ms</bind>
  <bind>Comp:12-4-2 Comp:12-3-6 0.93MBps 42.9ms</bind>
  <bind>Comp:12-3-6 Comp:12-4-2 0.93MBps 42.9ms</bind>
  <bind>Comp:12-5-0 Comp:12-4-0 0.0547MBps 41.8ms</bind>
  <bind>Comp:12-4-0 Comp:12-5-0 0.0547MBps 41.8ms</bind>
  <bind>Comp:12-5-0 Comp:12-4-1 0.0547MBps 41.8ms</bind>
  <bind>Comp:12-4-1 Comp:12-5-0 0.0547MBps 41.8ms</bind>
  <bind>Comp:12-5-0 Comp:12-4-2 0.0547MBps 41.8ms</bind>
  <bind>Comp:12-4-2 Comp:12-5-0 0.0547MBps 41.8ms</bind>
  <bind>Comp:12-5-0 Comp:12-4-3 0.0547MBps 41.8ms</bind>
  <bind>Comp:12-4-3 Comp:12-5-0 0.0547MBps 41.8ms</bind>
  <bind>Comp:12-5-0 Comp:12-6-0 0.331MBps 47.9ms</bind>
  <bind>Comp:12-6-0 Comp:12-5-0 0.331MBps 47.9ms</bind>
  <bind>Comp:12-5-0 Comp:12-6-1 0.331MBps 47.9ms</bind>
  <bind>Comp:12-6-1 Comp:12-5-0 0.331MBps 47.9ms</bind>
  <bind>Comp:12-5-0 Comp:12-6-2 0.331MBps 47.9ms</bind>
  <bind>Comp:12-6-2 Comp:12-5-0 0.331MBps 47.9ms</bind>
</app>
<app>
  <id>App13</id>
<comp>
  <id>Comp:13-0-0</id>
  <CPU>0.667Gf</CPU>
  <RAM>0.338GB</RAM>
  <DISK>1.65GB</DISK>
</comp>
<comp>
  <id>Comp:13-0-1</id>
  <CPU>0.667Gf</CPU>
  <RAM>0.338GB</RAM>
  <DISK>1.65GB</DISK>
</comp>
<comp>
  <id>Comp:13-0-2</id>
  <CPU>0.667Gf</CPU>
  <RAM>0.338GB</RAM>
  <DISK>1.65GB</DISK>
</comp>
<comp>
  <id>Comp:13-0-3</id>
  <CPU>0.667Gf</CPU>
  <RAM>0.338GB</RAM>
  <DISK>1.65GB</DISK>
</comp>
<comp>
  <id>Comp:13-0-4</id>
  <CPU>0.667Gf</CPU>
  <RAM>0.338GB</RAM>
  <DISK>1.65GB</DISK>
</comp>
<comp>
  <id>Comp:13-0-5</id>
  <CPU>0.667Gf</CPU>
  <RAM>0.338GB</RAM>
  <DISK>1.65GB</DISK>
</comp>
<comp>
  <id>Comp:13-0-6</id>
  <CPU>0.667Gf</CPU>
  <RAM>0.338GB</RAM>
  <DISK>1.65GB</DISK>
</comp>
<comp>
  <id>Comp:13-0-7</id>
  <CPU>0.667Gf</CPU>
  <RAM>0.338GB</RAM>
  <DISK>1.65GB</DISK>
</comp>
<comp>
  <id>Comp:13-0-8</id>
  <CPU>0.667Gf</CPU>
  <RAM>0.338GB</RAM>
  <DISK>1.65GB</DISK>
</comp>
<comp>
  <id>Comp:13-0-9</id>
  <CPU>0.667Gf</CPU>
  <RAM>0.338GB</RAM>
  <DISK>1.65GB</DISK>
</comp>
<comp>
  <id>Comp:13-1-0</id>
  <CPU>0.454Gf</CPU>
  <RAM>0.439GB</RAM>
  <DISK>0.286GB</DISK>
</comp>
<comp>
  <id>Comp:13-1-1</id>
  <CPU>0.454Gf</CPU>
  <RAM>0.439GB</RAM>
  <DISK>0.286GB</DISK>
</comp>
<comp>
  <id>Comp:13-1-2</id>
  <CPU>0.454Gf</CPU>
  <RAM>0.439GB</RAM>
  <DISK>0.286GB</DISK>
</comp>
<comp>
  <id>Comp:13-1-3</id>
  <CPU>0.454Gf</CPU>
  <RAM>0.439GB</RAM>
  <DISK>0.286GB</DISK>
</comp>
<comp>
  <id>Comp:13-1-4</id>
  <CPU>0.454Gf</CPU>
  <RAM>0.439GB</RAM>
  <DISK>0.286GB</DISK>
</comp>
<comp>
  <id>Comp:13-1-5</id>
  <CPU>0.454Gf</CPU>
  <RAM>0.439GB</RAM>
  <DISK>0.286GB</DISK>
</comp>
<comp>
  <id>Comp:13-1-6</id>
  <CPU>0.454Gf</CPU>
  <RAM>0.439GB</RAM>
  <DISK>0.286GB</DISK>
</comp>
  <bind>Comp:13-1-0 Comp:13-0-0 0.064MBps 41.7ms</bind>
  <bind>Comp:13-0-0 Comp:13-1-0 0.064MBps 41.7ms</bind>
  <bind>Comp:13-1-1 Comp:13-0-1 0.064MBps 41.7ms</bind>
  <bind>Comp:13-0-1 Comp:13-1-1 0.064MBps 41.7ms</bind>
  <bind>Comp:13-1-2 Comp:13-0-2 0.064MBps 41.7ms</bind>
  <bind>Comp:13-0-2 Comp:13-1-2 0.064MBps 41.7ms</bind>
  <bind>Comp:13-1-3 Comp:13-0-3 0.064MBps 41.7ms</bind>
  <bind>Comp:13-0-3 Comp:13-1-3 0.064MBps 41.7ms</bind>
  <bind>Comp:13-1-4 Comp:13-0-4 0.064MBps 41.7ms</bind>
  <bind>Comp:13-0-4 Comp:13-1-4 0.064MBps 41.7ms</bind>
  <bind>Comp:13-1-5 Comp:13-0-5 0.064MBps 41.7ms</bind>
  <bind>Comp:13-0-5 Comp:13-1-5 0.064MBps 41.7ms</bind>
  <bind>Comp:13-1-6 Comp:13-0-6 0.064MBps 41.7ms</bind>
  <bind>Comp:13-0-6 Comp:13-1-6 0.064MBps 41.7ms</bind>
  <bind>Comp:13-1-0 Comp:13-0-7 0.064MBps 41.7ms</bind>
  <bind>Comp:13-0-7 Comp:13-1-0 0.064MBps 41.7ms</bind>
  <bind>Comp:13-1-1 Comp:13-0-8 0.064MBps 41.7ms</bind>
  <bind>Comp:13-0-8 Comp:13-1-1 0.064MBps 41.7ms</bind>
  <bind>Comp:13-1-2 Comp:13-0-9 0.064MBps 41.7ms</bind>
  <bind>Comp:13-0-9 Comp:13-1-2 0.064MBps 41.7ms</bind>
  <bind>Comp:13-1-0 Appliance-299 0.14MBps 44.2ms</bind>
  <bind>Appliance-299 Comp:13-1-0 0.14MBps 44.2ms</bind>
  <bind>Comp:13-1-1 Appliance-136 0.14MBps 44.2ms</bind>
  <bind>Appliance-136 Comp:13-1-1 0.14MBps 44.2ms</bind>
  <bind>Comp:13-1-2 Appliance-19 0.14MBps 44.2ms</bind>
  <bind>Appliance-19 Comp:13-1-2 0.14MBps 44.2ms</bind>
  <bind>Comp:13-1-3 Appliance-315 0.14MBps 44.2ms</bind>
  <bind>Appliance-315 Comp:13-1-3 0.14MBps 44.2ms</bind>
  <bind>Comp:13-1-4 Appliance-189 0.14MBps 44.2ms</bind>
  <bind>Appliance-189 Comp:13-1-4 0.14MBps 44.2ms</bind>
  <bind>Comp:13-1-5 Appliance-38 0.14MBps 44.2ms</bind>
  <bind>Appliance-38 Comp:13-1-5 0.14MBps 44.2ms</bind>
  <bind>Comp:13-1-6 Appliance-399 0.14MBps 44.2ms</bind>
  <bind>Appliance-399 Comp:13-1-6 0.14MBps 44.2ms</bind>
</app>
<app>
  <id>App14</id>
<comp>
  <id>Comp:14-1-0</id>
  <CPU>0.999Gf</CPU>
  <RAM>0.158GB</RAM>
  <DISK>0.225GB</DISK>
</comp>
<comp>
  <id>Comp:14-1-1</id>
  <CPU>0.999Gf</CPU>
  <RAM>0.158GB</RAM>
  <DISK>0.225GB</DISK>
</comp>
<comp>
  <id>Comp:14-1-2</id>
  <CPU>0.999Gf</CPU>
  <RAM>0.158GB</RAM>
  <DISK>0.225GB</DISK>
</comp>
<comp>
  <id>Comp:14-1-3</id>
  <CPU>0.999Gf</CPU>
  <RAM>0.158GB</RAM>
  <DISK>0.225GB</DISK>
</comp>
<comp>
  <id>Comp:14-1-4</id>
  <CPU>0.999Gf</CPU>
  <RAM>0.158GB</RAM>
  <DISK>0.225GB</DISK>
</comp>
<comp>
  <id>Comp:14-1-5</id>
  <CPU>0.999Gf</CPU>
  <RAM>0.158GB</RAM>
  <DISK>0.225GB</DISK>
</comp>
<comp>
  <id>Comp:14-1-6</id>
  <CPU>0.999Gf</CPU>
  <RAM>0.158GB</RAM>
  <DISK>0.225GB</DISK>
</comp>
<comp>
  <id>Comp:14-2-0</id>
  <CPU>0.692Gf</CPU>
  <RAM>0.208GB</RAM>
  <DISK>1.47GB</DISK>
</comp>
<comp>
  <id>Comp:14-2-1</id>
  <CPU>0.692Gf</CPU>
  <RAM>0.208GB</RAM>
  <DISK>1.47GB</DISK>
</comp>
<comp>
  <id>Comp:14-2-2</id>
  <CPU>0.692Gf</CPU>
  <RAM>0.208GB</RAM>
  <DISK>1.47GB</DISK>
</comp>
<comp>
  <id>Comp:14-2-3</id>
  <CPU>0.692Gf</CPU>
  <RAM>0.208GB</RAM>
  <DISK>1.47GB</DISK>
</comp>
<comp>
  <id>Comp:14-2-4</id>
  <CPU>0.692Gf</CPU>
  <RAM>0.208GB</RAM>
  <DISK>1.47GB</DISK>
</comp>
<comp>
  <id>Comp:14-2-5</id>
  <CPU>0.692Gf</CPU>
  <RAM>0.208GB</RAM>
  <DISK>1.47GB</DISK>
</comp>
<comp>
  <id>Comp:14-2-6</id>
  <CPU>0.692Gf</CPU>
  <RAM>0.208GB</RAM>
  <DISK>1.47GB</DISK>
</comp>
<comp>
  <id>Comp:14-2-7</id>
  <CPU>0.692Gf</CPU>
  <RAM>0.208GB</RAM>
  <DISK>1.47GB</DISK>
</comp>
<comp>
  <id>Comp:14-2-8</id>
  <CPU>0.692Gf</CPU>
  <RAM>0.208GB</RAM>
  <DISK>1.47GB</DISK>
</comp>
<comp>
  <id>Comp:14-3-0</id>
  <CPU>0.772Gf</CPU>
  <RAM>0.295GB</RAM>
  <DISK>0.201GB</DISK>
</comp>
<comp>
  <id>Comp:14-3-1</id>
  <CPU>0.772Gf</CPU>
  <RAM>0.295GB</RAM>
  <DISK>0.201GB</DISK>
</comp>
<comp>
  <id>Comp:14-3-2</id>
  <CPU>0.772Gf</CPU>
  <RAM>0.295GB</RAM>
  <DISK>0.201GB</DISK>
</comp>
<comp>
  <id>Comp:14-3-3</id>
  <CPU>0.772Gf</CPU>
  <RAM>0.295GB</RAM>
  <DISK>0.201GB</DISK>
</comp>
<comp>
  <id>Comp:14-3-4</id>
  <CPU>0.772Gf</CPU>
  <RAM>0.295GB</RAM>
  <DISK>0.201GB</DISK>
</comp>
<comp>
  <id>Comp:14-3-5</id>
  <CPU>0.772Gf</CPU>
  <RAM>0.295GB</RAM>
  <DISK>0.201GB</DISK>
</comp>
<comp>
  <id>Comp:14-3-6</id>
  <CPU>0.772Gf</CPU>
  <RAM>0.295GB</RAM>
  <DISK>0.201GB</DISK>
</comp>
<comp>
  <id>Comp:14-3-7</id>
  <CPU>0.772Gf</CPU>
  <RAM>0.295GB</RAM>
  <DISK>0.201GB</DISK>
</comp>
<comp>
  <id>Comp:14-3-8</id>
  <CPU>0.772Gf</CPU>
  <RAM>0.295GB</RAM>
  <DISK>0.201GB</DISK>
</comp>
<comp>
  <id>Comp:14-4-0</id>
  <CPU>0.714Gf</CPU>
  <RAM>0.157GB</RAM>
  <DISK>1.99GB</DISK>
</comp>
<comp>
  <id>Comp:14-4-1</id>
  <CPU>0.714Gf</CPU>
  <RAM>0.157GB</RAM>
  <DISK>1.99GB</DISK>
</comp>
<comp>
  <id>Comp:14-4-2</id>
  <CPU>0.714Gf</CPU>
  <RAM>0.157GB</RAM>
  <DISK>1.99GB</DISK>
</comp>
<comp>
  <id>Comp:14-4-3</id>
  <CPU>0.714Gf</CPU>
  <RAM>0.157GB</RAM>
  <DISK>1.99GB</DISK>
</comp>
<comp>
  <id>Comp:14-4-4</id>
  <CPU>0.714Gf</CPU>
  <RAM>0.157GB</RAM>
  <DISK>1.99GB</DISK>
</comp>
<comp>
  <id>Comp:14-4-5</id>
  <CPU>0.714Gf</CPU>
  <RAM>0.157GB</RAM>
  <DISK>1.99GB</DISK>
</comp>
<comp>
  <id>Comp:14-4-6</id>
  <CPU>0.714Gf</CPU>
  <RAM>0.157GB</RAM>
  <DISK>1.99GB</DISK>
</comp>
<comp>
  <id>Comp:14-4-7</id>
  <CPU>0.714Gf</CPU>
  <RAM>0.157GB</RAM>
  <DISK>1.99GB</DISK>
</comp>
<comp>
  <id>Comp:14-4-8</id>
  <CPU>0.714Gf</CPU>
  <RAM>0.157GB</RAM>
  <DISK>1.99GB</DISK>
</comp>
<comp>
  <id>Comp:14-4-9</id>
  <CPU>0.714Gf</CPU>
  <RAM>0.157GB</RAM>
  <DISK>1.99GB</DISK>
</comp>
<comp>
  <id>Comp:14-5-0</id>
  <CPU>0.316Gf</CPU>
  <RAM>0.454GB</RAM>
  <DISK>1.69GB</DISK>
</comp>
<comp>
  <id>Comp:14-5-1</id>
  <CPU>0.316Gf</CPU>
  <RAM>0.454GB</RAM>
  <DISK>1.69GB</DISK>
</comp>
<comp>
  <id>Comp:14-5-2</id>
  <CPU>0.316Gf</CPU>
  <RAM>0.454GB</RAM>
  <DISK>1.69GB</DISK>
</comp>
<comp>
  <id>Comp:14-5-3</id>
  <CPU>0.316Gf</CPU>
  <RAM>0.454GB</RAM>
  <DISK>1.69GB</DISK>
</comp>
<comp>
  <id>Comp:14-5-4</id>
  <CPU>0.316Gf</CPU>
  <RAM>0.454GB</RAM>
  <DISK>1.69GB</DISK>
</comp>
<comp>
  <id>Comp:14-5-5</id>
  <CPU>0.316Gf</CPU>
  <RAM>0.454GB</RAM>
  <DISK>1.69GB</DISK>
</comp>
<comp>
  <id>Comp:14-5-6</id>
  <CPU>0.316Gf</CPU>
  <RAM>0.454GB</RAM>
  <DISK>1.69GB</DISK>
</comp>
<comp>
  <id>Comp:14-5-7</id>
  <CPU>0.316Gf</CPU>
  <RAM>0.454GB</RAM>
  <DISK>1.69GB</DISK>
</comp>
<comp>
  <id>Comp:14-5-8</id>
  <CPU>0.316Gf</CPU>
  <RAM>0.454GB</RAM>
  <DISK>1.69GB</DISK>
</comp>
<comp>
  <id>Comp:14-5-9</id>
  <CPU>0.316Gf</CPU>
  <RAM>0.454GB</RAM>
  <DISK>1.69GB</DISK>
</comp>
  <bind>Comp:14-1-0 Appliance-382 0.948MBps 42.0ms</bind>
  <bind>Appliance-382 Comp:14-1-0 0.948MBps 42.0ms</bind>
  <bind>Comp:14-1-1 Appliance-5 0.948MBps 42.0ms</bind>
  <bind>Appliance-5 Comp:14-1-1 0.948MBps 42.0ms</bind>
  <bind>Comp:14-1-2 Appliance-377 0.948MBps 42.0ms</bind>
  <bind>Appliance-377 Comp:14-1-2 0.948MBps 42.0ms</bind>
  <bind>Comp:14-1-3 Appliance-270 0.948MBps 42.0ms</bind>
  <bind>Appliance-270 Comp:14-1-3 0.948MBps 42.0ms</bind>
  <bind>Comp:14-1-4 Appliance-382 0.948MBps 42.0ms</bind>
  <bind>Appliance-382 Comp:14-1-4 0.948MBps 42.0ms</bind>
  <bind>Comp:14-1-5 Appliance-5 0.948MBps 42.0ms</bind>
  <bind>Appliance-5 Comp:14-1-5 0.948MBps 42.0ms</bind>
  <bind>Comp:14-1-6 Appliance-377 0.948MBps 42.0ms</bind>
  <bind>Appliance-377 Comp:14-1-6 0.948MBps 42.0ms</bind>
  <bind>Comp:14-2-0 Comp:14-1-0 0.801MBps 38.9ms</bind>
  <bind>Comp:14-1-0 Comp:14-2-0 0.801MBps 38.9ms</bind>
  <bind>Comp:14-2-1 Comp:14-1-1 0.801MBps 38.9ms</bind>
  <bind>Comp:14-1-1 Comp:14-2-1 0.801MBps 38.9ms</bind>
  <bind>Comp:14-2-2 Comp:14-1-2 0.801MBps 38.9ms</bind>
  <bind>Comp:14-1-2 Comp:14-2-2 0.801MBps 38.9ms</bind>
  <bind>Comp:14-2-3 Comp:14-1-3 0.801MBps 38.9ms</bind>
  <bind>Comp:14-1-3 Comp:14-2-3 0.801MBps 38.9ms</bind>
  <bind>Comp:14-2-4 Comp:14-1-4 0.801MBps 38.9ms</bind>
  <bind>Comp:14-1-4 Comp:14-2-4 0.801MBps 38.9ms</bind>
  <bind>Comp:14-2-5 Comp:14-1-5 0.801MBps 38.9ms</bind>
  <bind>Comp:14-1-5 Comp:14-2-5 0.801MBps 38.9ms</bind>
  <bind>Comp:14-2-6 Comp:14-1-6 0.801MBps 38.9ms</bind>
  <bind>Comp:14-1-6 Comp:14-2-6 0.801MBps 38.9ms</bind>
  <bind>Comp:14-2-7 Comp:14-1-0 0.801MBps 38.9ms</bind>
  <bind>Comp:14-1-0 Comp:14-2-7 0.801MBps 38.9ms</bind>
  <bind>Comp:14-2-8 Comp:14-1-1 0.801MBps 38.9ms</bind>
  <bind>Comp:14-1-1 Comp:14-2-8 0.801MBps 38.9ms</bind>
  <bind>Comp:14-3-0 Comp:14-2-0 0.388MBps 39.7ms</bind>
  <bind>Comp:14-2-0 Comp:14-3-0 0.388MBps 39.7ms</bind>
  <bind>Comp:14-3-1 Comp:14-2-1 0.388MBps 39.7ms</bind>
  <bind>Comp:14-2-1 Comp:14-3-1 0.388MBps 39.7ms</bind>
  <bind>Comp:14-3-2 Comp:14-2-2 0.388MBps 39.7ms</bind>
  <bind>Comp:14-2-2 Comp:14-3-2 0.388MBps 39.7ms</bind>
  <bind>Comp:14-3-3 Comp:14-2-3 0.388MBps 39.7ms</bind>
  <bind>Comp:14-2-3 Comp:14-3-3 0.388MBps 39.7ms</bind>
  <bind>Comp:14-3-4 Comp:14-2-4 0.388MBps 39.7ms</bind>
  <bind>Comp:14-2-4 Comp:14-3-4 0.388MBps 39.7ms</bind>
  <bind>Comp:14-3-5 Comp:14-2-5 0.388MBps 39.7ms</bind>
  <bind>Comp:14-2-5 Comp:14-3-5 0.388MBps 39.7ms</bind>
  <bind>Comp:14-3-6 Comp:14-2-6 0.388MBps 39.7ms</bind>
  <bind>Comp:14-2-6 Comp:14-3-6 0.388MBps 39.7ms</bind>
  <bind>Comp:14-3-7 Comp:14-2-7 0.388MBps 39.7ms</bind>
  <bind>Comp:14-2-7 Comp:14-3-7 0.388MBps 39.7ms</bind>
  <bind>Comp:14-3-8 Comp:14-2-8 0.388MBps 39.7ms</bind>
  <bind>Comp:14-2-8 Comp:14-3-8 0.388MBps 39.7ms</bind>
  <bind>Comp:14-4-0 Comp:14-3-0 0.93MBps 48.9ms</bind>
  <bind>Comp:14-3-0 Comp:14-4-0 0.93MBps 48.9ms</bind>
  <bind>Comp:14-4-1 Comp:14-3-1 0.93MBps 48.9ms</bind>
  <bind>Comp:14-3-1 Comp:14-4-1 0.93MBps 48.9ms</bind>
  <bind>Comp:14-4-2 Comp:14-3-2 0.93MBps 48.9ms</bind>
  <bind>Comp:14-3-2 Comp:14-4-2 0.93MBps 48.9ms</bind>
  <bind>Comp:14-4-3 Comp:14-3-3 0.93MBps 48.9ms</bind>
  <bind>Comp:14-3-3 Comp:14-4-3 0.93MBps 48.9ms</bind>
  <bind>Comp:14-4-4 Comp:14-3-4 0.93MBps 48.9ms</bind>
  <bind>Comp:14-3-4 Comp:14-4-4 0.93MBps 48.9ms</bind>
  <bind>Comp:14-4-5 Comp:14-3-5 0.93MBps 48.9ms</bind>
  <bind>Comp:14-3-5 Comp:14-4-5 0.93MBps 48.9ms</bind>
  <bind>Comp:14-4-6 Comp:14-3-6 0.93MBps 48.9ms</bind>
  <bind>Comp:14-3-6 Comp:14-4-6 0.93MBps 48.9ms</bind>
  <bind>Comp:14-4-7 Comp:14-3-7 0.93MBps 48.9ms</bind>
  <bind>Comp:14-3-7 Comp:14-4-7 0.93MBps 48.9ms</bind>
  <bind>Comp:14-4-8 Comp:14-3-8 0.93MBps 48.9ms</bind>
  <bind>Comp:14-3-8 Comp:14-4-8 0.93MBps 48.9ms</bind>
  <bind>Comp:14-4-9 Comp:14-3-0 0.93MBps 48.9ms</bind>
  <bind>Comp:14-3-0 Comp:14-4-9 0.93MBps 48.9ms</bind>
  <bind>Comp:14-4-0 Comp:14-5-0 0.894MBps 31.7ms</bind>
  <bind>Comp:14-5-0 Comp:14-4-0 0.894MBps 31.7ms</bind>
  <bind>Comp:14-4-1 Comp:14-5-1 0.894MBps 31.7ms</bind>
  <bind>Comp:14-5-1 Comp:14-4-1 0.894MBps 31.7ms</bind>
  <bind>Comp:14-4-2 Comp:14-5-2 0.894MBps 31.7ms</bind>
  <bind>Comp:14-5-2 Comp:14-4-2 0.894MBps 31.7ms</bind>
  <bind>Comp:14-4-3 Comp:14-5-3 0.894MBps 31.7ms</bind>
  <bind>Comp:14-5-3 Comp:14-4-3 0.894MBps 31.7ms</bind>
  <bind>Comp:14-4-4 Comp:14-5-4 0.894MBps 31.7ms</bind>
  <bind>Comp:14-5-4 Comp:14-4-4 0.894MBps 31.7ms</bind>
  <bind>Comp:14-4-5 Comp:14-5-5 0.894MBps 31.7ms</bind>
  <bind>Comp:14-5-5 Comp:14-4-5 0.894MBps 31.7ms</bind>
  <bind>Comp:14-4-6 Comp:14-5-6 0.894MBps 31.7ms</bind>
  <bind>Comp:14-5-6 Comp:14-4-6 0.894MBps 31.7ms</bind>
  <bind>Comp:14-4-7 Comp:14-5-7 0.894MBps 31.7ms</bind>
  <bind>Comp:14-5-7 Comp:14-4-7 0.894MBps 31.7ms</bind>
  <bind>Comp:14-4-8 Comp:14-5-8 0.894MBps 31.7ms</bind>
  <bind>Comp:14-5-8 Comp:14-4-8 0.894MBps 31.7ms</bind>
  <bind>Comp:14-4-9 Comp:14-5-9 0.894MBps 31.7ms</bind>
  <bind>Comp:14-5-9 Comp:14-4-9 0.894MBps 31.7ms</bind>
</app>
<app>
  <id>App15</id>
<comp>
  <id>Comp:15-1-0</id>
  <CPU>0.717Gf</CPU>
  <RAM>0.677GB</RAM>
  <DISK>1.74GB</DISK>
</comp>
<comp>
  <id>Comp:15-1-1</id>
  <CPU>0.717Gf</CPU>
  <RAM>0.677GB</RAM>
  <DISK>1.74GB</DISK>
</comp>
<comp>
  <id>Comp:15-1-2</id>
  <CPU>0.717Gf</CPU>
  <RAM>0.677GB</RAM>
  <DISK>1.74GB</DISK>
</comp>
<comp>
  <id>Comp:15-1-3</id>
  <CPU>0.717Gf</CPU>
  <RAM>0.677GB</RAM>
  <DISK>1.74GB</DISK>
</comp>
<comp>
  <id>Comp:15-2-0</id>
  <CPU>0.618Gf</CPU>
  <RAM>0.823GB</RAM>
  <DISK>1.56GB</DISK>
</comp>
<comp>
  <id>Comp:15-2-1</id>
  <CPU>0.618Gf</CPU>
  <RAM>0.823GB</RAM>
  <DISK>1.56GB</DISK>
</comp>
<comp>
  <id>Comp:15-2-2</id>
  <CPU>0.618Gf</CPU>
  <RAM>0.823GB</RAM>
  <DISK>1.56GB</DISK>
</comp>
  <bind>Comp:15-1-0 Appliance-168 0.566MBps 39.1ms</bind>
  <bind>Appliance-168 Comp:15-1-0 0.566MBps 39.1ms</bind>
  <bind>Comp:15-1-1 Appliance-168 0.566MBps 39.1ms</bind>
  <bind>Appliance-168 Comp:15-1-1 0.566MBps 39.1ms</bind>
  <bind>Comp:15-1-2 Appliance-168 0.566MBps 39.1ms</bind>
  <bind>Appliance-168 Comp:15-1-2 0.566MBps 39.1ms</bind>
  <bind>Comp:15-1-3 Appliance-168 0.566MBps 39.1ms</bind>
  <bind>Appliance-168 Comp:15-1-3 0.566MBps 39.1ms</bind>
  <bind>Comp:15-1-0 Comp:15-2-0 0.0502MBps 37.7ms</bind>
  <bind>Comp:15-2-0 Comp:15-1-0 0.0502MBps 37.7ms</bind>
  <bind>Comp:15-1-1 Comp:15-2-1 0.0502MBps 37.7ms</bind>
  <bind>Comp:15-2-1 Comp:15-1-1 0.0502MBps 37.7ms</bind>
  <bind>Comp:15-1-2 Comp:15-2-2 0.0502MBps 37.7ms</bind>
  <bind>Comp:15-2-2 Comp:15-1-2 0.0502MBps 37.7ms</bind>
  <bind>Comp:15-1-3 Comp:15-2-0 0.0502MBps 37.7ms</bind>
  <bind>Comp:15-2-0 Comp:15-1-3 0.0502MBps 37.7ms</bind>
</app>
<app>
  <id>App16</id>
<comp>
  <id>Comp:16-0-0</id>
  <CPU>0.705Gf</CPU>
  <RAM>0.762GB</RAM>
  <DISK>1.35GB</DISK>
</comp>
<comp>
  <id>Comp:16-0-1</id>
  <CPU>0.705Gf</CPU>
  <RAM>0.762GB</RAM>
  <DISK>1.35GB</DISK>
</comp>
<comp>
  <id>Comp:16-0-2</id>
  <CPU>0.705Gf</CPU>
  <RAM>0.762GB</RAM>
  <DISK>1.35GB</DISK>
</comp>
<comp>
  <id>Comp:16-0-3</id>
  <CPU>0.705Gf</CPU>
  <RAM>0.762GB</RAM>
  <DISK>1.35GB</DISK>
</comp>
<comp>
  <id>Comp:16-1-0</id>
  <CPU>0.171Gf</CPU>
  <RAM>0.797GB</RAM>
  <DISK>0.418GB</DISK>
</comp>
<comp>
  <id>Comp:16-1-1</id>
  <CPU>0.171Gf</CPU>
  <RAM>0.797GB</RAM>
  <DISK>0.418GB</DISK>
</comp>
<comp>
  <id>Comp:16-1-2</id>
  <CPU>0.171Gf</CPU>
  <RAM>0.797GB</RAM>
  <DISK>0.418GB</DISK>
</comp>
<comp>
  <id>Comp:16-1-3</id>
  <CPU>0.171Gf</CPU>
  <RAM>0.797GB</RAM>
  <DISK>0.418GB</DISK>
</comp>
<comp>
  <id>Comp:16-1-4</id>
  <CPU>0.171Gf</CPU>
  <RAM>0.797GB</RAM>
  <DISK>0.418GB</DISK>
</comp>
<comp>
  <id>Comp:16-1-5</id>
  <CPU>0.171Gf</CPU>
  <RAM>0.797GB</RAM>
  <DISK>0.418GB</DISK>
</comp>
<comp>
  <id>Comp:16-1-6</id>
  <CPU>0.171Gf</CPU>
  <RAM>0.797GB</RAM>
  <DISK>0.418GB</DISK>
</comp>
<comp>
  <id>Comp:16-1-7</id>
  <CPU>0.171Gf</CPU>
  <RAM>0.797GB</RAM>
  <DISK>0.418GB</DISK>
</comp>
<comp>
  <id>Comp:16-1-8</id>
  <CPU>0.171Gf</CPU>
  <RAM>0.797GB</RAM>
  <DISK>0.418GB</DISK>
</comp>
<comp>
  <id>Comp:16-1-9</id>
  <CPU>0.171Gf</CPU>
  <RAM>0.797GB</RAM>
  <DISK>0.418GB</DISK>
</comp>
  <bind>Comp:16-1-0 Comp:16-0-0 0.963MBps 32.9ms</bind>
  <bind>Comp:16-0-0 Comp:16-1-0 0.963MBps 32.9ms</bind>
  <bind>Comp:16-1-1 Comp:16-0-1 0.963MBps 32.9ms</bind>
  <bind>Comp:16-0-1 Comp:16-1-1 0.963MBps 32.9ms</bind>
  <bind>Comp:16-1-2 Comp:16-0-2 0.963MBps 32.9ms</bind>
  <bind>Comp:16-0-2 Comp:16-1-2 0.963MBps 32.9ms</bind>
  <bind>Comp:16-1-3 Comp:16-0-3 0.963MBps 32.9ms</bind>
  <bind>Comp:16-0-3 Comp:16-1-3 0.963MBps 32.9ms</bind>
  <bind>Comp:16-1-4 Comp:16-0-0 0.963MBps 32.9ms</bind>
  <bind>Comp:16-0-0 Comp:16-1-4 0.963MBps 32.9ms</bind>
  <bind>Comp:16-1-5 Comp:16-0-1 0.963MBps 32.9ms</bind>
  <bind>Comp:16-0-1 Comp:16-1-5 0.963MBps 32.9ms</bind>
  <bind>Comp:16-1-6 Comp:16-0-2 0.963MBps 32.9ms</bind>
  <bind>Comp:16-0-2 Comp:16-1-6 0.963MBps 32.9ms</bind>
  <bind>Comp:16-1-7 Comp:16-0-3 0.963MBps 32.9ms</bind>
  <bind>Comp:16-0-3 Comp:16-1-7 0.963MBps 32.9ms</bind>
  <bind>Comp:16-1-8 Comp:16-0-0 0.963MBps 32.9ms</bind>
  <bind>Comp:16-0-0 Comp:16-1-8 0.963MBps 32.9ms</bind>
  <bind>Comp:16-1-9 Comp:16-0-1 0.963MBps 32.9ms</bind>
  <bind>Comp:16-0-1 Comp:16-1-9 0.963MBps 32.9ms</bind>
  <bind>Comp:16-1-0 Appliance-199 0.271MBps 39.6ms</bind>
  <bind>Appliance-199 Comp:16-1-0 0.271MBps 39.6ms</bind>
  <bind>Comp:16-1-1 Appliance-218 0.271MBps 39.6ms</bind>
  <bind>Appliance-218 Comp:16-1-1 0.271MBps 39.6ms</bind>
  <bind>Comp:16-1-2 Appliance-199 0.271MBps 39.6ms</bind>
  <bind>Appliance-199 Comp:16-1-2 0.271MBps 39.6ms</bind>
  <bind>Comp:16-1-3 Appliance-218 0.271MBps 39.6ms</bind>
  <bind>Appliance-218 Comp:16-1-3 0.271MBps 39.6ms</bind>
  <bind>Comp:16-1-4 Appliance-199 0.271MBps 39.6ms</bind>
  <bind>Appliance-199 Comp:16-1-4 0.271MBps 39.6ms</bind>
  <bind>Comp:16-1-5 Appliance-218 0.271MBps 39.6ms</bind>
  <bind>Appliance-218 Comp:16-1-5 0.271MBps 39.6ms</bind>
  <bind>Comp:16-1-6 Appliance-199 0.271MBps 39.6ms</bind>
  <bind>Appliance-199 Comp:16-1-6 0.271MBps 39.6ms</bind>
  <bind>Comp:16-1-7 Appliance-218 0.271MBps 39.6ms</bind>
  <bind>Appliance-218 Comp:16-1-7 0.271MBps 39.6ms</bind>
  <bind>Comp:16-1-8 Appliance-199 0.271MBps 39.6ms</bind>
  <bind>Appliance-199 Comp:16-1-8 0.271MBps 39.6ms</bind>
  <bind>Comp:16-1-9 Appliance-218 0.271MBps 39.6ms</bind>
  <bind>Appliance-218 Comp:16-1-9 0.271MBps 39.6ms</bind>
</app>
<app>
  <id>App17</id>
<comp>
  <id>Comp:17-0-0</id>
  <CPU>0.589Gf</CPU>
  <RAM>0.361GB</RAM>
  <DISK>1.39GB</DISK>
</comp>
<comp>
  <id>Comp:17-1-0</id>
  <CPU>0.413Gf</CPU>
  <RAM>0.251GB</RAM>
  <DISK>0.881GB</DISK>
</comp>
<comp>
  <id>Comp:17-1-1</id>
  <CPU>0.413Gf</CPU>
  <RAM>0.251GB</RAM>
  <DISK>0.881GB</DISK>
</comp>
<comp>
  <id>Comp:17-1-2</id>
  <CPU>0.413Gf</CPU>
  <RAM>0.251GB</RAM>
  <DISK>0.881GB</DISK>
</comp>
<comp>
  <id>Comp:17-1-3</id>
  <CPU>0.413Gf</CPU>
  <RAM>0.251GB</RAM>
  <DISK>0.881GB</DISK>
</comp>
<comp>
  <id>Comp:17-1-4</id>
  <CPU>0.413Gf</CPU>
  <RAM>0.251GB</RAM>
  <DISK>0.881GB</DISK>
</comp>
<comp>
  <id>Comp:17-1-5</id>
  <CPU>0.413Gf</CPU>
  <RAM>0.251GB</RAM>
  <DISK>0.881GB</DISK>
</comp>
<comp>
  <id>Comp:17-1-6</id>
  <CPU>0.413Gf</CPU>
  <RAM>0.251GB</RAM>
  <DISK>0.881GB</DISK>
</comp>
<comp>
  <id>Comp:17-1-7</id>
  <CPU>0.413Gf</CPU>
  <RAM>0.251GB</RAM>
  <DISK>0.881GB</DISK>
</comp>
<comp>
  <id>Comp:17-2-0</id>
  <CPU>0.188Gf</CPU>
  <RAM>0.199GB</RAM>
  <DISK>1.47GB</DISK>
</comp>
<comp>
  <id>Comp:17-2-1</id>
  <CPU>0.188Gf</CPU>
  <RAM>0.199GB</RAM>
  <DISK>1.47GB</DISK>
</comp>
<comp>
  <id>Comp:17-2-2</id>
  <CPU>0.188Gf</CPU>
  <RAM>0.199GB</RAM>
  <DISK>1.47GB</DISK>
</comp>
<comp>
  <id>Comp:17-2-3</id>
  <CPU>0.188Gf</CPU>
  <RAM>0.199GB</RAM>
  <DISK>1.47GB</DISK>
</comp>
<comp>
  <id>Comp:17-2-4</id>
  <CPU>0.188Gf</CPU>
  <RAM>0.199GB</RAM>
  <DISK>1.47GB</DISK>
</comp>
<comp>
  <id>Comp:17-2-5</id>
  <CPU>0.188Gf</CPU>
  <RAM>0.199GB</RAM>
  <DISK>1.47GB</DISK>
</comp>
<comp>
  <id>Comp:17-2-6</id>
  <CPU>0.188Gf</CPU>
  <RAM>0.199GB</RAM>
  <DISK>1.47GB</DISK>
</comp>
<comp>
  <id>Comp:17-3-0</id>
  <CPU>0.813Gf</CPU>
  <RAM>0.132GB</RAM>
  <DISK>0.993GB</DISK>
</comp>
<comp>
  <id>Comp:17-3-1</id>
  <CPU>0.813Gf</CPU>
  <RAM>0.132GB</RAM>
  <DISK>0.993GB</DISK>
</comp>
<comp>
  <id>Comp:17-3-2</id>
  <CPU>0.813Gf</CPU>
  <RAM>0.132GB</RAM>
  <DISK>0.993GB</DISK>
</comp>
<comp>
  <id>Comp:17-3-3</id>
  <CPU>0.813Gf</CPU>
  <RAM>0.132GB</RAM>
  <DISK>0.993GB</DISK>
</comp>
<comp>
  <id>Comp:17-3-4</id>
  <CPU>0.813Gf</CPU>
  <RAM>0.132GB</RAM>
  <DISK>0.993GB</DISK>
</comp>
<comp>
  <id>Comp:17-3-5</id>
  <CPU>0.813Gf</CPU>
  <RAM>0.132GB</RAM>
  <DISK>0.993GB</DISK>
</comp>
<comp>
  <id>Comp:17-3-6</id>
  <CPU>0.813Gf</CPU>
  <RAM>0.132GB</RAM>
  <DISK>0.993GB</DISK>
</comp>
<comp>
  <id>Comp:17-4-0</id>
  <CPU>0.729Gf</CPU>
  <RAM>0.566GB</RAM>
  <DISK>1.52GB</DISK>
</comp>
<comp>
  <id>Comp:17-4-1</id>
  <CPU>0.729Gf</CPU>
  <RAM>0.566GB</RAM>
  <DISK>1.52GB</DISK>
</comp>
<comp>
  <id>Comp:17-4-2</id>
  <CPU>0.729Gf</CPU>
  <RAM>0.566GB</RAM>
  <DISK>1.52GB</DISK>
</comp>
<comp>
  <id>Comp:17-4-3</id>
  <CPU>0.729Gf</CPU>
  <RAM>0.566GB</RAM>
  <DISK>1.52GB</DISK>
</comp>
<comp>
  <id>Comp:17-4-4</id>
  <CPU>0.729Gf</CPU>
  <RAM>0.566GB</RAM>
  <DISK>1.52GB</DISK>
</comp>
<comp>
  <id>Comp:17-5-0</id>
  <CPU>0.545Gf</CPU>
  <RAM>0.566GB</RAM>
  <DISK>0.901GB</DISK>
</comp>
<comp>
  <id>Comp:17-5-1</id>
  <CPU>0.545Gf</CPU>
  <RAM>0.566GB</RAM>
  <DISK>0.901GB</DISK>
</comp>
<comp>
  <id>Comp:17-5-2</id>
  <CPU>0.545Gf</CPU>
  <RAM>0.566GB</RAM>
  <DISK>0.901GB</DISK>
</comp>
<comp>
  <id>Comp:17-5-3</id>
  <CPU>0.545Gf</CPU>
  <RAM>0.566GB</RAM>
  <DISK>0.901GB</DISK>
</comp>
<comp>
  <id>Comp:17-5-4</id>
  <CPU>0.545Gf</CPU>
  <RAM>0.566GB</RAM>
  <DISK>0.901GB</DISK>
</comp>
<comp>
  <id>Comp:17-5-5</id>
  <CPU>0.545Gf</CPU>
  <RAM>0.566GB</RAM>
  <DISK>0.901GB</DISK>
</comp>
  <bind>Comp:17-1-0 Comp:17-0-0 0.185MBps 30.6ms</bind>
  <bind>Comp:17-0-0 Comp:17-1-0 0.185MBps 30.6ms</bind>
  <bind>Comp:17-1-1 Comp:17-0-0 0.185MBps 30.6ms</bind>
  <bind>Comp:17-0-0 Comp:17-1-1 0.185MBps 30.6ms</bind>
  <bind>Comp:17-1-2 Comp:17-0-0 0.185MBps 30.6ms</bind>
  <bind>Comp:17-0-0 Comp:17-1-2 0.185MBps 30.6ms</bind>
  <bind>Comp:17-1-3 Comp:17-0-0 0.185MBps 30.6ms</bind>
  <bind>Comp:17-0-0 Comp:17-1-3 0.185MBps 30.6ms</bind>
  <bind>Comp:17-1-4 Comp:17-0-0 0.185MBps 30.6ms</bind>
  <bind>Comp:17-0-0 Comp:17-1-4 0.185MBps 30.6ms</bind>
  <bind>Comp:17-1-5 Comp:17-0-0 0.185MBps 30.6ms</bind>
  <bind>Comp:17-0-0 Comp:17-1-5 0.185MBps 30.6ms</bind>
  <bind>Comp:17-1-6 Comp:17-0-0 0.185MBps 30.6ms</bind>
  <bind>Comp:17-0-0 Comp:17-1-6 0.185MBps 30.6ms</bind>
  <bind>Comp:17-1-7 Comp:17-0-0 0.185MBps 30.6ms</bind>
  <bind>Comp:17-0-0 Comp:17-1-7 0.185MBps 30.6ms</bind>
  <bind>Comp:17-2-0 Comp:17-1-0 0.751MBps 29.7ms</bind>
  <bind>Comp:17-1-0 Comp:17-2-0 0.751MBps 29.7ms</bind>
  <bind>Comp:17-2-1 Comp:17-1-1 0.751MBps 29.7ms</bind>
  <bind>Comp:17-1-1 Comp:17-2-1 0.751MBps 29.7ms</bind>
  <bind>Comp:17-2-2 Comp:17-1-2 0.751MBps 29.7ms</bind>
  <bind>Comp:17-1-2 Comp:17-2-2 0.751MBps 29.7ms</bind>
  <bind>Comp:17-2-3 Comp:17-1-3 0.751MBps 29.7ms</bind>
  <bind>Comp:17-1-3 Comp:17-2-3 0.751MBps 29.7ms</bind>
  <bind>Comp:17-2-4 Comp:17-1-4 0.751MBps 29.7ms</bind>
  <bind>Comp:17-1-4 Comp:17-2-4 0.751MBps 29.7ms</bind>
  <bind>Comp:17-2-5 Comp:17-1-5 0.751MBps 29.7ms</bind>
  <bind>Comp:17-1-5 Comp:17-2-5 0.751MBps 29.7ms</bind>
  <bind>Comp:17-2-6 Comp:17-1-6 0.751MBps 29.7ms</bind>
  <bind>Comp:17-1-6 Comp:17-2-6 0.751MBps 29.7ms</bind>
  <bind>Comp:17-2-0 Comp:17-1-7 0.751MBps 29.7ms</bind>
  <bind>Comp:17-1-7 Comp:17-2-0 0.751MBps 29.7ms</bind>
  <bind>Comp:17-3-0 Comp:17-2-0 0.657MBps 27.9ms</bind>
  <bind>Comp:17-2-0 Comp:17-3-0 0.657MBps 27.9ms</bind>
  <bind>Comp:17-3-1 Comp:17-2-1 0.657MBps 27.9ms</bind>
  <bind>Comp:17-2-1 Comp:17-3-1 0.657MBps 27.9ms</bind>
  <bind>Comp:17-3-2 Comp:17-2-2 0.657MBps 27.9ms</bind>
  <bind>Comp:17-2-2 Comp:17-3-2 0.657MBps 27.9ms</bind>
  <bind>Comp:17-3-3 Comp:17-2-3 0.657MBps 27.9ms</bind>
  <bind>Comp:17-2-3 Comp:17-3-3 0.657MBps 27.9ms</bind>
  <bind>Comp:17-3-4 Comp:17-2-4 0.657MBps 27.9ms</bind>
  <bind>Comp:17-2-4 Comp:17-3-4 0.657MBps 27.9ms</bind>
  <bind>Comp:17-3-5 Comp:17-2-5 0.657MBps 27.9ms</bind>
  <bind>Comp:17-2-5 Comp:17-3-5 0.657MBps 27.9ms</bind>
  <bind>Comp:17-3-6 Comp:17-2-6 0.657MBps 27.9ms</bind>
  <bind>Comp:17-2-6 Comp:17-3-6 0.657MBps 27.9ms</bind>
  <bind>Comp:17-4-0 Comp:17-3-0 0.124MBps 34.7ms</bind>
  <bind>Comp:17-3-0 Comp:17-4-0 0.124MBps 34.7ms</bind>
  <bind>Comp:17-4-1 Comp:17-3-1 0.124MBps 34.7ms</bind>
  <bind>Comp:17-3-1 Comp:17-4-1 0.124MBps 34.7ms</bind>
  <bind>Comp:17-4-2 Comp:17-3-2 0.124MBps 34.7ms</bind>
  <bind>Comp:17-3-2 Comp:17-4-2 0.124MBps 34.7ms</bind>
  <bind>Comp:17-4-3 Comp:17-3-3 0.124MBps 34.7ms</bind>
  <bind>Comp:17-3-3 Comp:17-4-3 0.124MBps 34.7ms</bind>
  <bind>Comp:17-4-4 Comp:17-3-4 0.124MBps 34.7ms</bind>
  <bind>Comp:17-3-4 Comp:17-4-4 0.124MBps 34.7ms</bind>
  <bind>Comp:17-4-0 Comp:17-3-5 0.124MBps 34.7ms</bind>
  <bind>Comp:17-3-5 Comp:17-4-0 0.124MBps 34.7ms</bind>
  <bind>Comp:17-4-1 Comp:17-3-6 0.124MBps 34.7ms</bind>
  <bind>Comp:17-3-6 Comp:17-4-1 0.124MBps 34.7ms</bind>
  <bind>Comp:17-5-0 Comp:17-4-0 0.663MBps 35.2ms</bind>
  <bind>Comp:17-4-0 Comp:17-5-0 0.663MBps 35.2ms</bind>
  <bind>Comp:17-5-1 Comp:17-4-1 0.663MBps 35.2ms</bind>
  <bind>Comp:17-4-1 Comp:17-5-1 0.663MBps 35.2ms</bind>
  <bind>Comp:17-5-2 Comp:17-4-2 0.663MBps 35.2ms</bind>
  <bind>Comp:17-4-2 Comp:17-5-2 0.663MBps 35.2ms</bind>
  <bind>Comp:17-5-3 Comp:17-4-3 0.663MBps 35.2ms</bind>
  <bind>Comp:17-4-3 Comp:17-5-3 0.663MBps 35.2ms</bind>
  <bind>Comp:17-5-4 Comp:17-4-4 0.663MBps 35.2ms</bind>
  <bind>Comp:17-4-4 Comp:17-5-4 0.663MBps 35.2ms</bind>
  <bind>Comp:17-5-5 Comp:17-4-0 0.663MBps 35.2ms</bind>
  <bind>Comp:17-4-0 Comp:17-5-5 0.663MBps 35.2ms</bind>
  <bind>Comp:17-5-0 Appliance-167 0.507MBps 45.5ms</bind>
  <bind>Appliance-167 Comp:17-5-0 0.507MBps 45.5ms</bind>
  <bind>Comp:17-5-1 Appliance-99 0.507MBps 45.5ms</bind>
  <bind>Appliance-99 Comp:17-5-1 0.507MBps 45.5ms</bind>
  <bind>Comp:17-5-2 Appliance-343 0.507MBps 45.5ms</bind>
  <bind>Appliance-343 Comp:17-5-2 0.507MBps 45.5ms</bind>
  <bind>Comp:17-5-3 Appliance-245 0.507MBps 45.5ms</bind>
  <bind>Appliance-245 Comp:17-5-3 0.507MBps 45.5ms</bind>
  <bind>Comp:17-5-4 Appliance-276 0.507MBps 45.5ms</bind>
  <bind>Appliance-276 Comp:17-5-4 0.507MBps 45.5ms</bind>
  <bind>Comp:17-5-5 Appliance-194 0.507MBps 45.5ms</bind>
  <bind>Appliance-194 Comp:17-5-5 0.507MBps 45.5ms</bind>
  <bind>Comp:17-5-0 Appliance-123 0.507MBps 45.5ms</bind>
  <bind>Appliance-123 Comp:17-5-0 0.507MBps 45.5ms</bind>
  <bind>Comp:17-5-1 Appliance-183 0.507MBps 45.5ms</bind>
  <bind>Appliance-183 Comp:17-5-1 0.507MBps 45.5ms</bind>
</app>
<app>
  <id>App18</id>
<comp>
  <id>Comp:18-0-0</id>
  <CPU>0.348Gf</CPU>
  <RAM>0.456GB</RAM>
  <DISK>0.61GB</DISK>
</comp>
<comp>
  <id>Comp:18-0-1</id>
  <CPU>0.348Gf</CPU>
  <RAM>0.456GB</RAM>
  <DISK>0.61GB</DISK>
</comp>
<comp>
  <id>Comp:18-0-2</id>
  <CPU>0.348Gf</CPU>
  <RAM>0.456GB</RAM>
  <DISK>0.61GB</DISK>
</comp>
<comp>
  <id>Comp:18-1-0</id>
  <CPU>0.137Gf</CPU>
  <RAM>0.313GB</RAM>
  <DISK>1.55GB</DISK>
</comp>
<comp>
  <id>Comp:18-1-1</id>
  <CPU>0.137Gf</CPU>
  <RAM>0.313GB</RAM>
  <DISK>1.55GB</DISK>
</comp>
<comp>
  <id>Comp:18-2-0</id>
  <CPU>0.68Gf</CPU>
  <RAM>0.332GB</RAM>
  <DISK>1.57GB</DISK>
</comp>
<comp>
  <id>Comp:18-2-1</id>
  <CPU>0.68Gf</CPU>
  <RAM>0.332GB</RAM>
  <DISK>1.57GB</DISK>
</comp>
<comp>
  <id>Comp:18-2-2</id>
  <CPU>0.68Gf</CPU>
  <RAM>0.332GB</RAM>
  <DISK>1.57GB</DISK>
</comp>
<comp>
  <id>Comp:18-2-3</id>
  <CPU>0.68Gf</CPU>
  <RAM>0.332GB</RAM>
  <DISK>1.57GB</DISK>
</comp>
<comp>
  <id>Comp:18-2-4</id>
  <CPU>0.68Gf</CPU>
  <RAM>0.332GB</RAM>
  <DISK>1.57GB</DISK>
</comp>
<comp>
  <id>Comp:18-2-5</id>
  <CPU>0.68Gf</CPU>
  <RAM>0.332GB</RAM>
  <DISK>1.57GB</DISK>
</comp>
<comp>
  <id>Comp:18-2-6</id>
  <CPU>0.68Gf</CPU>
  <RAM>0.332GB</RAM>
  <DISK>1.57GB</DISK>
</comp>
<comp>
  <id>Comp:18-2-7</id>
  <CPU>0.68Gf</CPU>
  <RAM>0.332GB</RAM>
  <DISK>1.57GB</DISK>
</comp>
<comp>
  <id>Comp:18-2-8</id>
  <CPU>0.68Gf</CPU>
  <RAM>0.332GB</RAM>
  <DISK>1.57GB</DISK>
</comp>
<comp>
  <id>Comp:18-2-9</id>
  <CPU>0.68Gf</CPU>
  <RAM>0.332GB</RAM>
  <DISK>1.57GB</DISK>
</comp>
<comp>
  <id>Comp:18-3-0</id>
  <CPU>0.282Gf</CPU>
  <RAM>0.108GB</RAM>
  <DISK>1.58GB</DISK>
</comp>
<comp>
  <id>Comp:18-3-1</id>
  <CPU>0.282Gf</CPU>
  <RAM>0.108GB</RAM>
  <DISK>1.58GB</DISK>
</comp>
  <bind>Comp:18-1-0 Comp:18-0-0 0.46MBps 36.1ms</bind>
  <bind>Comp:18-0-0 Comp:18-1-0 0.46MBps 36.1ms</bind>
  <bind>Comp:18-1-1 Comp:18-0-1 0.46MBps 36.1ms</bind>
  <bind>Comp:18-0-1 Comp:18-1-1 0.46MBps 36.1ms</bind>
  <bind>Comp:18-1-0 Comp:18-0-2 0.46MBps 36.1ms</bind>
  <bind>Comp:18-0-2 Comp:18-1-0 0.46MBps 36.1ms</bind>
  <bind>Comp:18-2-0 Comp:18-1-0 0.635MBps 38.7ms</bind>
  <bind>Comp:18-1-0 Comp:18-2-0 0.635MBps 38.7ms</bind>
  <bind>Comp:18-2-1 Comp:18-1-1 0.635MBps 38.7ms</bind>
  <bind>Comp:18-1-1 Comp:18-2-1 0.635MBps 38.7ms</bind>
  <bind>Comp:18-2-2 Comp:18-1-0 0.635MBps 38.7ms</bind>
  <bind>Comp:18-1-0 Comp:18-2-2 0.635MBps 38.7ms</bind>
  <bind>Comp:18-2-3 Comp:18-1-1 0.635MBps 38.7ms</bind>
  <bind>Comp:18-1-1 Comp:18-2-3 0.635MBps 38.7ms</bind>
  <bind>Comp:18-2-4 Comp:18-1-0 0.635MBps 38.7ms</bind>
  <bind>Comp:18-1-0 Comp:18-2-4 0.635MBps 38.7ms</bind>
  <bind>Comp:18-2-5 Comp:18-1-1 0.635MBps 38.7ms</bind>
  <bind>Comp:18-1-1 Comp:18-2-5 0.635MBps 38.7ms</bind>
  <bind>Comp:18-2-6 Comp:18-1-0 0.635MBps 38.7ms</bind>
  <bind>Comp:18-1-0 Comp:18-2-6 0.635MBps 38.7ms</bind>
  <bind>Comp:18-2-7 Comp:18-1-1 0.635MBps 38.7ms</bind>
  <bind>Comp:18-1-1 Comp:18-2-7 0.635MBps 38.7ms</bind>
  <bind>Comp:18-2-8 Comp:18-1-0 0.635MBps 38.7ms</bind>
  <bind>Comp:18-1-0 Comp:18-2-8 0.635MBps 38.7ms</bind>
  <bind>Comp:18-2-9 Comp:18-1-1 0.635MBps 38.7ms</bind>
  <bind>Comp:18-1-1 Comp:18-2-9 0.635MBps 38.7ms</bind>
  <bind>Comp:18-3-0 Comp:18-2-0 0.841MBps 33.6ms</bind>
  <bind>Comp:18-2-0 Comp:18-3-0 0.841MBps 33.6ms</bind>
  <bind>Comp:18-3-1 Comp:18-2-1 0.841MBps 33.6ms</bind>
  <bind>Comp:18-2-1 Comp:18-3-1 0.841MBps 33.6ms</bind>
  <bind>Comp:18-3-0 Comp:18-2-2 0.841MBps 33.6ms</bind>
  <bind>Comp:18-2-2 Comp:18-3-0 0.841MBps 33.6ms</bind>
  <bind>Comp:18-3-1 Comp:18-2-3 0.841MBps 33.6ms</bind>
  <bind>Comp:18-2-3 Comp:18-3-1 0.841MBps 33.6ms</bind>
  <bind>Comp:18-3-0 Comp:18-2-4 0.841MBps 33.6ms</bind>
  <bind>Comp:18-2-4 Comp:18-3-0 0.841MBps 33.6ms</bind>
  <bind>Comp:18-3-1 Comp:18-2-5 0.841MBps 33.6ms</bind>
  <bind>Comp:18-2-5 Comp:18-3-1 0.841MBps 33.6ms</bind>
  <bind>Comp:18-3-0 Comp:18-2-6 0.841MBps 33.6ms</bind>
  <bind>Comp:18-2-6 Comp:18-3-0 0.841MBps 33.6ms</bind>
  <bind>Comp:18-3-1 Comp:18-2-7 0.841MBps 33.6ms</bind>
  <bind>Comp:18-2-7 Comp:18-3-1 0.841MBps 33.6ms</bind>
  <bind>Comp:18-3-0 Comp:18-2-8 0.841MBps 33.6ms</bind>
  <bind>Comp:18-2-8 Comp:18-3-0 0.841MBps 33.6ms</bind>
  <bind>Comp:18-3-1 Comp:18-2-9 0.841MBps 33.6ms</bind>
  <bind>Comp:18-2-9 Comp:18-3-1 0.841MBps 33.6ms</bind>
  <bind>Comp:18-3-0 Appliance-27 0.488MBps 34.9ms</bind>
  <bind>Appliance-27 Comp:18-3-0 0.488MBps 34.9ms</bind>
  <bind>Comp:18-3-1 Appliance-205 0.488MBps 34.9ms</bind>
  <bind>Appliance-205 Comp:18-3-1 0.488MBps 34.9ms</bind>
  <bind>Comp:18-3-0 Appliance-330 0.488MBps 34.9ms</bind>
  <bind>Appliance-330 Comp:18-3-0 0.488MBps 34.9ms</bind>
  <bind>Comp:18-3-1 Appliance-156 0.488MBps 34.9ms</bind>
  <bind>Appliance-156 Comp:18-3-1 0.488MBps 34.9ms</bind>
  <bind>Comp:18-3-0 Appliance-85 0.488MBps 34.9ms</bind>
  <bind>Appliance-85 Comp:18-3-0 0.488MBps 34.9ms</bind>
</app>
<app>
  <id>App19</id>
<comp>
  <id>Comp:19-0-0</id>
  <CPU>0.7Gf</CPU>
  <RAM>0.896GB</RAM>
  <DISK>1.39GB</DISK>
</comp>
<comp>
  <id>Comp:19-0-1</id>
  <CPU>0.7Gf</CPU>
  <RAM>0.896GB</RAM>
  <DISK>1.39GB</DISK>
</comp>
<comp>
  <id>Comp:19-0-2</id>
  <CPU>0.7Gf</CPU>
  <RAM>0.896GB</RAM>
  <DISK>1.39GB</DISK>
</comp>
<comp>
  <id>Comp:19-0-3</id>
  <CPU>0.7Gf</CPU>
  <RAM>0.896GB</RAM>
  <DISK>1.39GB</DISK>
</comp>
<comp>
  <id>Comp:19-0-4</id>
  <CPU>0.7Gf</CPU>
  <RAM>0.896GB</RAM>
  <DISK>1.39GB</DISK>
</comp>
<comp>
  <id>Comp:19-0-5</id>
  <CPU>0.7Gf</CPU>
  <RAM>0.896GB</RAM>
  <DISK>1.39GB</DISK>
</comp>
<comp>
  <id>Comp:19-0-6</id>
  <CPU>0.7Gf</CPU>
  <RAM>0.896GB</RAM>
  <DISK>1.39GB</DISK>
</comp>
<comp>
  <id>Comp:19-0-7</id>
  <CPU>0.7Gf</CPU>
  <RAM>0.896GB</RAM>
  <DISK>1.39GB</DISK>
</comp>
<comp>
  <id>Comp:19-0-8</id>
  <CPU>0.7Gf</CPU>
  <RAM>0.896GB</RAM>
  <DISK>1.39GB</DISK>
</comp>
<comp>
  <id>Comp:19-1-0</id>
  <CPU>0.374Gf</CPU>
  <RAM>0.259GB</RAM>
  <DISK>0.134GB</DISK>
</comp>
<comp>
  <id>Comp:19-1-1</id>
  <CPU>0.374Gf</CPU>
  <RAM>0.259GB</RAM>
  <DISK>0.134GB</DISK>
</comp>
<comp>
  <id>Comp:19-1-2</id>
  <CPU>0.374Gf</CPU>
  <RAM>0.259GB</RAM>
  <DISK>0.134GB</DISK>
</comp>
<comp>
  <id>Comp:19-1-3</id>
  <CPU>0.374Gf</CPU>
  <RAM>0.259GB</RAM>
  <DISK>0.134GB</DISK>
</comp>
<comp>
  <id>Comp:19-1-4</id>
  <CPU>0.374Gf</CPU>
  <RAM>0.259GB</RAM>
  <DISK>0.134GB</DISK>
</comp>
<comp>
  <id>Comp:19-2-0</id>
  <CPU>0.597Gf</CPU>
  <RAM>0.142GB</RAM>
  <DISK>1.86GB</DISK>
</comp>
<comp>
  <id>Comp:19-2-1</id>
  <CPU>0.597Gf</CPU>
  <RAM>0.142GB</RAM>
  <DISK>1.86GB</DISK>
</comp>
<comp>
  <id>Comp:19-2-2</id>
  <CPU>0.597Gf</CPU>
  <RAM>0.142GB</RAM>
  <DISK>1.86GB</DISK>
</comp>
<comp>
  <id>Comp:19-2-3</id>
  <CPU>0.597Gf</CPU>
  <RAM>0.142GB</RAM>
  <DISK>1.86GB</DISK>
</comp>
<comp>
  <id>Comp:19-2-4</id>
  <CPU>0.597Gf</CPU>
  <RAM>0.142GB</RAM>
  <DISK>1.86GB</DISK>
</comp>
<comp>
  <id>Comp:19-2-5</id>
  <CPU>0.597Gf</CPU>
  <RAM>0.142GB</RAM>
  <DISK>1.86GB</DISK>
</comp>
  <bind>Comp:19-1-0 Comp:19-0-0 0.297MBps 33.1ms</bind>
  <bind>Comp:19-0-0 Comp:19-1-0 0.297MBps 33.1ms</bind>
  <bind>Comp:19-1-1 Comp:19-0-1 0.297MBps 33.1ms</bind>
  <bind>Comp:19-0-1 Comp:19-1-1 0.297MBps 33.1ms</bind>
  <bind>Comp:19-1-2 Comp:19-0-2 0.297MBps 33.1ms</bind>
  <bind>Comp:19-0-2 Comp:19-1-2 0.297MBps 33.1ms</bind>
  <bind>Comp:19-1-3 Comp:19-0-3 0.297MBps 33.1ms</bind>
  <bind>Comp:19-0-3 Comp:19-1-3 0.297MBps 33.1ms</bind>
  <bind>Comp:19-1-4 Comp:19-0-4 0.297MBps 33.1ms</bind>
  <bind>Comp:19-0-4 Comp:19-1-4 0.297MBps 33.1ms</bind>
  <bind>Comp:19-1-0 Comp:19-0-5 0.297MBps 33.1ms</bind>
  <bind>Comp:19-0-5 Comp:19-1-0 0.297MBps 33.1ms</bind>
  <bind>Comp:19-1-1 Comp:19-0-6 0.297MBps 33.1ms</bind>
  <bind>Comp:19-0-6 Comp:19-1-1 0.297MBps 33.1ms</bind>
  <bind>Comp:19-1-2 Comp:19-0-7 0.297MBps 33.1ms</bind>
  <bind>Comp:19-0-7 Comp:19-1-2 0.297MBps 33.1ms</bind>
  <bind>Comp:19-1-3 Comp:19-0-8 0.297MBps 33.1ms</bind>
  <bind>Comp:19-0-8 Comp:19-1-3 0.297MBps 33.1ms</bind>
  <bind>Comp:19-2-0 Comp:19-1-0 0.0897MBps 44.2ms</bind>
  <bind>Comp:19-1-0 Comp:19-2-0 0.0897MBps 44.2ms</bind>
  <bind>Comp:19-2-1 Comp:19-1-1 0.0897MBps 44.2ms</bind>
  <bind>Comp:19-1-1 Comp:19-2-1 0.0897MBps 44.2ms</bind>
  <bind>Comp:19-2-2 Comp:19-1-2 0.0897MBps 44.2ms</bind>
  <bind>Comp:19-1-2 Comp:19-2-2 0.0897MBps 44.2ms</bind>
  <bind>Comp:19-2-3 Comp:19-1-3 0.0897MBps 44.2ms</bind>
  <bind>Comp:19-1-3 Comp:19-2-3 0.0897MBps 44.2ms</bind>
  <bind>Comp:19-2-4 Comp:19-1-4 0.0897MBps 44.2ms</bind>
  <bind>Comp:19-1-4 Comp:19-2-4 0.0897MBps 44.2ms</bind>
  <bind>Comp:19-2-5 Comp:19-1-0 0.0897MBps 44.2ms</bind>
  <bind>Comp:19-1-0 Comp:19-2-5 0.0897MBps 44.2ms</bind>
  <bind>Comp:19-2-0 Appliance-333 0.446MBps 38.4ms</bind>
  <bind>Appliance-333 Comp:19-2-0 0.446MBps 38.4ms</bind>
  <bind>Comp:19-2-1 Appliance-167 0.446MBps 38.4ms</bind>
  <bind>Appliance-167 Comp:19-2-1 0.446MBps 38.4ms</bind>
  <bind>Comp:19-2-2 Appliance-214 0.446MBps 38.4ms</bind>
  <bind>Appliance-214 Comp:19-2-2 0.446MBps 38.4ms</bind>
  <bind>Comp:19-2-3 Appliance-64 0.446MBps 38.4ms</bind>
  <bind>Appliance-64 Comp:19-2-3 0.446MBps 38.4ms</bind>
  <bind>Comp:19-2-4 Appliance-213 0.446MBps 38.4ms</bind>
  <bind>Appliance-213 Comp:19-2-4 0.446MBps 38.4ms</bind>
  <bind>Comp:19-2-5 Appliance-333 0.446MBps 38.4ms</bind>
  <bind>Appliance-333 Comp:19-2-5 0.446MBps 38.4ms</bind>
</app>
<app>
  <id>App2</id>
<comp>
  <id>Comp:2-0-0</id>
  <CPU>0.831Gf</CPU>
  <RAM>0.627GB</RAM>
  <DISK>0.595GB</DISK>
</comp>
<comp>
  <id>Comp:2-0-1</id>
  <CPU>0.831Gf</CPU>
  <RAM>0.627GB</RAM>
  <DISK>0.595GB</DISK>
</comp>
<comp>
  <id>Comp:2-0-2</id>
  <CPU>0.831Gf</CPU>
  <RAM>0.627GB</RAM>
  <DISK>0.595GB</DISK>
</comp>
<comp>
  <id>Comp:2-0-3</id>
  <CPU>0.831Gf</CPU>
  <RAM>0.627GB</RAM>
  <DISK>0.595GB</DISK>
</comp>
<comp>
  <id>Comp:2-0-4</id>
  <CPU>0.831Gf</CPU>
  <RAM>0.627GB</RAM>
  <DISK>0.595GB</DISK>
</comp>
<comp>
  <id>Comp:2-0-5</id>
  <CPU>0.831Gf</CPU>
  <RAM>0.627GB</RAM>
  <DISK>0.595GB</DISK>
</comp>
<comp>
  <id>Comp:2-0-6</id>
  <CPU>0.831Gf</CPU>
  <RAM>0.627GB</RAM>
  <DISK>0.595GB</DISK>
</comp>
<comp>
  <id>Comp:2-0-7</id>
  <CPU>0.831Gf</CPU>
  <RAM>0.627GB</RAM>
  <DISK>0.595GB</DISK>
</comp>
<comp>
  <id>Comp:2-0-8</id>
  <CPU>0.831Gf</CPU>
  <RAM>0.627GB</RAM>
  <DISK>0.595GB</DISK>
</comp>
<comp>
  <id>Comp:2-0-9</id>
  <CPU>0.831Gf</CPU>
  <RAM>0.627GB</RAM>
  <DISK>0.595GB</DISK>
</comp>
<comp>
  <id>Comp:2-1-0</id>
  <CPU>0.611Gf</CPU>
  <RAM>0.763GB</RAM>
  <DISK>0.492GB</DISK>
</comp>
<comp>
  <id>Comp:2-1-1</id>
  <CPU>0.611Gf</CPU>
  <RAM>0.763GB</RAM>
  <DISK>0.492GB</DISK>
</comp>
<comp>
  <id>Comp:2-1-2</id>
  <CPU>0.611Gf</CPU>
  <RAM>0.763GB</RAM>
  <DISK>0.492GB</DISK>
</comp>
<comp>
  <id>Comp:2-1-3</id>
  <CPU>0.611Gf</CPU>
  <RAM>0.763GB</RAM>
  <DISK>0.492GB</DISK>
</comp>
<comp>
  <id>Comp:2-1-4</id>
  <CPU>0.611Gf</CPU>
  <RAM>0.763GB</RAM>
  <DISK>0.492GB</DISK>
</comp>
<comp>
  <id>Comp:2-2-0</id>
  <CPU>0.863Gf</CPU>
  <RAM>0.23GB</RAM>
  <DISK>0.656GB</DISK>
</comp>
<comp>
  <id>Comp:2-2-1</id>
  <CPU>0.863Gf</CPU>
  <RAM>0.23GB</RAM>
  <DISK>0.656GB</DISK>
</comp>
<comp>
  <id>Comp:2-2-2</id>
  <CPU>0.863Gf</CPU>
  <RAM>0.23GB</RAM>
  <DISK>0.656GB</DISK>
</comp>
<comp>
  <id>Comp:2-2-3</id>
  <CPU>0.863Gf</CPU>
  <RAM>0.23GB</RAM>
  <DISK>0.656GB</DISK>
</comp>
<comp>
  <id>Comp:2-2-4</id>
  <CPU>0.863Gf</CPU>
  <RAM>0.23GB</RAM>
  <DISK>0.656GB</DISK>
</comp>
<comp>
  <id>Comp:2-2-5</id>
  <CPU>0.863Gf</CPU>
  <RAM>0.23GB</RAM>
  <DISK>0.656GB</DISK>
</comp>
<comp>
  <id>Comp:2-2-6</id>
  <CPU>0.863Gf</CPU>
  <RAM>0.23GB</RAM>
  <DISK>0.656GB</DISK>
</comp>
  <bind>Comp:2-1-0 Comp:2-0-0 0.121MBps 38.5ms</bind>
  <bind>Comp:2-0-0 Comp:2-1-0 0.121MBps 38.5ms</bind>
  <bind>Comp:2-1-1 Comp:2-0-1 0.121MBps 38.5ms</bind>
  <bind>Comp:2-0-1 Comp:2-1-1 0.121MBps 38.5ms</bind>
  <bind>Comp:2-1-2 Comp:2-0-2 0.121MBps 38.5ms</bind>
  <bind>Comp:2-0-2 Comp:2-1-2 0.121MBps 38.5ms</bind>
  <bind>Comp:2-1-3 Comp:2-0-3 0.121MBps 38.5ms</bind>
  <bind>Comp:2-0-3 Comp:2-1-3 0.121MBps 38.5ms</bind>
  <bind>Comp:2-1-4 Comp:2-0-4 0.121MBps 38.5ms</bind>
  <bind>Comp:2-0-4 Comp:2-1-4 0.121MBps 38.5ms</bind>
  <bind>Comp:2-1-0 Comp:2-0-5 0.121MBps 38.5ms</bind>
  <bind>Comp:2-0-5 Comp:2-1-0 0.121MBps 38.5ms</bind>
  <bind>Comp:2-1-1 Comp:2-0-6 0.121MBps 38.5ms</bind>
  <bind>Comp:2-0-6 Comp:2-1-1 0.121MBps 38.5ms</bind>
  <bind>Comp:2-1-2 Comp:2-0-7 0.121MBps 38.5ms</bind>
  <bind>Comp:2-0-7 Comp:2-1-2 0.121MBps 38.5ms</bind>
  <bind>Comp:2-1-3 Comp:2-0-8 0.121MBps 38.5ms</bind>
  <bind>Comp:2-0-8 Comp:2-1-3 0.121MBps 38.5ms</bind>
  <bind>Comp:2-1-4 Comp:2-0-9 0.121MBps 38.5ms</bind>
  <bind>Comp:2-0-9 Comp:2-1-4 0.121MBps 38.5ms</bind>
  <bind>Comp:2-2-0 Comp:2-1-0 0.786MBps 41.0ms</bind>
  <bind>Comp:2-1-0 Comp:2-2-0 0.786MBps 41.0ms</bind>
  <bind>Comp:2-2-1 Comp:2-1-1 0.786MBps 41.0ms</bind>
  <bind>Comp:2-1-1 Comp:2-2-1 0.786MBps 41.0ms</bind>
  <bind>Comp:2-2-2 Comp:2-1-2 0.786MBps 41.0ms</bind>
  <bind>Comp:2-1-2 Comp:2-2-2 0.786MBps 41.0ms</bind>
  <bind>Comp:2-2-3 Comp:2-1-3 0.786MBps 41.0ms</bind>
  <bind>Comp:2-1-3 Comp:2-2-3 0.786MBps 41.0ms</bind>
  <bind>Comp:2-2-4 Comp:2-1-4 0.786MBps 41.0ms</bind>
  <bind>Comp:2-1-4 Comp:2-2-4 0.786MBps 41.0ms</bind>
  <bind>Comp:2-2-5 Comp:2-1-0 0.786MBps 41.0ms</bind>
  <bind>Comp:2-1-0 Comp:2-2-5 0.786MBps 41.0ms</bind>
  <bind>Comp:2-2-6 Comp:2-1-1 0.786MBps 41.0ms</bind>
  <bind>Comp:2-1-1 Comp:2-2-6 0.786MBps 41.0ms</bind>
  <bind>Comp:2-2-0 Appliance-195 0.143MBps 37.9ms</bind>
  <bind>Appliance-195 Comp:2-2-0 0.143MBps 37.9ms</bind>
  <bind>Comp:2-2-1 Appliance-199 0.143MBps 37.9ms</bind>
  <bind>Appliance-199 Comp:2-2-1 0.143MBps 37.9ms</bind>
  <bind>Comp:2-2-2 Appliance-224 0.143MBps 37.9ms</bind>
  <bind>Appliance-224 Comp:2-2-2 0.143MBps 37.9ms</bind>
  <bind>Comp:2-2-3 Appliance-9 0.143MBps 37.9ms</bind>
  <bind>Appliance-9 Comp:2-2-3 0.143MBps 37.9ms</bind>
  <bind>Comp:2-2-4 Appliance-99 0.143MBps 37.9ms</bind>
  <bind>Appliance-99 Comp:2-2-4 0.143MBps 37.9ms</bind>
  <bind>Comp:2-2-5 Appliance-195 0.143MBps 37.9ms</bind>
  <bind>Appliance-195 Comp:2-2-5 0.143MBps 37.9ms</bind>
  <bind>Comp:2-2-6 Appliance-199 0.143MBps 37.9ms</bind>
  <bind>Appliance-199 Comp:2-2-6 0.143MBps 37.9ms</bind>
</app>
<app>
  <id>App20</id>
<comp>
  <id>Comp:20-0-0</id>
  <CPU>0.343Gf</CPU>
  <RAM>0.781GB</RAM>
  <DISK>0.83GB</DISK>
</comp>
<comp>
  <id>Comp:20-0-1</id>
  <CPU>0.343Gf</CPU>
  <RAM>0.781GB</RAM>
  <DISK>0.83GB</DISK>
</comp>
<comp>
  <id>Comp:20-0-2</id>
  <CPU>0.343Gf</CPU>
  <RAM>0.781GB</RAM>
  <DISK>0.83GB</DISK>
</comp>
<comp>
  <id>Comp:20-0-3</id>
  <CPU>0.343Gf</CPU>
  <RAM>0.781GB</RAM>
  <DISK>0.83GB</DISK>
</comp>
<comp>
  <id>Comp:20-0-4</id>
  <CPU>0.343Gf</CPU>
  <RAM>0.781GB</RAM>
  <DISK>0.83GB</DISK>
</comp>
<comp>
  <id>Comp:20-1-0</id>
  <CPU>0.595Gf</CPU>
  <RAM>0.739GB</RAM>
  <DISK>0.963GB</DISK>
</comp>
<comp>
  <id>Comp:20-1-1</id>
  <CPU>0.595Gf</CPU>
  <RAM>0.739GB</RAM>
  <DISK>0.963GB</DISK>
</comp>
<comp>
  <id>Comp:20-1-2</id>
  <CPU>0.595Gf</CPU>
  <RAM>0.739GB</RAM>
  <DISK>0.963GB</DISK>
</comp>
<comp>
  <id>Comp:20-1-3</id>
  <CPU>0.595Gf</CPU>
  <RAM>0.739GB</RAM>
  <DISK>0.963GB</DISK>
</comp>
<comp>
  <id>Comp:20-2-0</id>
  <CPU>0.279Gf</CPU>
  <RAM>0.481GB</RAM>
  <DISK>0.636GB</DISK>
</comp>
<comp>
  <id>Comp:20-2-1</id>
  <CPU>0.279Gf</CPU>
  <RAM>0.481GB</RAM>
  <DISK>0.636GB</DISK>
</comp>
<comp>
  <id>Comp:20-2-2</id>
  <CPU>0.279Gf</CPU>
  <RAM>0.481GB</RAM>
  <DISK>0.636GB</DISK>
</comp>
<comp>
  <id>Comp:20-2-3</id>
  <CPU>0.279Gf</CPU>
  <RAM>0.481GB</RAM>
  <DISK>0.636GB</DISK>
</comp>
<comp>
  <id>Comp:20-2-4</id>
  <CPU>0.279Gf</CPU>
  <RAM>0.481GB</RAM>
  <DISK>0.636GB</DISK>
</comp>
<comp>
  <id>Comp:20-2-5</id>
  <CPU>0.279Gf</CPU>
  <RAM>0.481GB</RAM>
  <DISK>0.636GB</DISK>
</comp>
<comp>
  <id>Comp:20-2-6</id>
  <CPU>0.279Gf</CPU>
  <RAM>0.481GB</RAM>
  <DISK>0.636GB</DISK>
</comp>
<comp>
  <id>Comp:20-3-0</id>
  <CPU>0.897Gf</CPU>
  <RAM>0.258GB</RAM>
  <DISK>1.38GB</DISK>
</comp>
<comp>
  <id>Comp:20-3-1</id>
  <CPU>0.897Gf</CPU>
  <RAM>0.258GB</RAM>
  <DISK>1.38GB</DISK>
</comp>
<comp>
  <id>Comp:20-3-2</id>
  <CPU>0.897Gf</CPU>
  <RAM>0.258GB</RAM>
  <DISK>1.38GB</DISK>
</comp>
<comp>
  <id>Comp:20-3-3</id>
  <CPU>0.897Gf</CPU>
  <RAM>0.258GB</RAM>
  <DISK>1.38GB</DISK>
</comp>
<comp>
  <id>Comp:20-4-0</id>
  <CPU>0.278Gf</CPU>
  <RAM>0.821GB</RAM>
  <DISK>1.93GB</DISK>
</comp>
<comp>
  <id>Comp:20-4-1</id>
  <CPU>0.278Gf</CPU>
  <RAM>0.821GB</RAM>
  <DISK>1.93GB</DISK>
</comp>
<comp>
  <id>Comp:20-4-2</id>
  <CPU>0.278Gf</CPU>
  <RAM>0.821GB</RAM>
  <DISK>1.93GB</DISK>
</comp>
<comp>
  <id>Comp:20-4-3</id>
  <CPU>0.278Gf</CPU>
  <RAM>0.821GB</RAM>
  <DISK>1.93GB</DISK>
</comp>
<comp>
  <id>Comp:20-4-4</id>
  <CPU>0.278Gf</CPU>
  <RAM>0.821GB</RAM>
  <DISK>1.93GB</DISK>
</comp>
<comp>
  <id>Comp:20-4-5</id>
  <CPU>0.278Gf</CPU>
  <RAM>0.821GB</RAM>
  <DISK>1.93GB</DISK>
</comp>
<comp>
  <id>Comp:20-4-6</id>
  <CPU>0.278Gf</CPU>
  <RAM>0.821GB</RAM>
  <DISK>1.93GB</DISK>
</comp>
<comp>
  <id>Comp:20-4-7</id>
  <CPU>0.278Gf</CPU>
  <RAM>0.821GB</RAM>
  <DISK>1.93GB</DISK>
</comp>
<comp>
  <id>Comp:20-4-8</id>
  <CPU>0.278Gf</CPU>
  <RAM>0.821GB</RAM>
  <DISK>1.93GB</DISK>
</comp>
<comp>
  <id>Comp:20-5-0</id>
  <CPU>0.729Gf</CPU>
  <RAM>0.576GB</RAM>
  <DISK>1.57GB</DISK>
</comp>
<comp>
  <id>Comp:20-5-1</id>
  <CPU>0.729Gf</CPU>
  <RAM>0.576GB</RAM>
  <DISK>1.57GB</DISK>
</comp>
<comp>
  <id>Comp:20-5-2</id>
  <CPU>0.729Gf</CPU>
  <RAM>0.576GB</RAM>
  <DISK>1.57GB</DISK>
</comp>
<comp>
  <id>Comp:20-5-3</id>
  <CPU>0.729Gf</CPU>
  <RAM>0.576GB</RAM>
  <DISK>1.57GB</DISK>
</comp>
<comp>
  <id>Comp:20-5-4</id>
  <CPU>0.729Gf</CPU>
  <RAM>0.576GB</RAM>
  <DISK>1.57GB</DISK>
</comp>
<comp>
  <id>Comp:20-5-5</id>
  <CPU>0.729Gf</CPU>
  <RAM>0.576GB</RAM>
  <DISK>1.57GB</DISK>
</comp>
<comp>
  <id>Comp:20-5-6</id>
  <CPU>0.729Gf</CPU>
  <RAM>0.576GB</RAM>
  <DISK>1.57GB</DISK>
</comp>
<comp>
  <id>Comp:20-5-7</id>
  <CPU>0.729Gf</CPU>
  <RAM>0.576GB</RAM>
  <DISK>1.57GB</DISK>
</comp>
<comp>
  <id>Comp:20-5-8</id>
  <CPU>0.729Gf</CPU>
  <RAM>0.576GB</RAM>
  <DISK>1.57GB</DISK>
</comp>
<comp>
  <id>Comp:20-5-9</id>
  <CPU>0.729Gf</CPU>
  <RAM>0.576GB</RAM>
  <DISK>1.57GB</DISK>
</comp>
  <bind>Comp:20-1-0 Comp:20-0-0 0.342MBps 40.5ms</bind>
  <bind>Comp:20-0-0 Comp:20-1-0 0.342MBps 40.5ms</bind>
  <bind>Comp:20-1-1 Comp:20-0-1 0.342MBps 40.5ms</bind>
  <bind>Comp:20-0-1 Comp:20-1-1 0.342MBps 40.5ms</bind>
  <bind>Comp:20-1-2 Comp:20-0-2 0.342MBps 40.5ms</bind>
  <bind>Comp:20-0-2 Comp:20-1-2 0.342MBps 40.5ms</bind>
  <bind>Comp:20-1-3 Comp:20-0-3 0.342MBps 40.5ms</bind>
  <bind>Comp:20-0-3 Comp:20-1-3 0.342MBps 40.5ms</bind>
  <bind>Comp:20-1-0 Comp:20-0-4 0.342MBps 40.5ms</bind>
  <bind>Comp:20-0-4 Comp:20-1-0 0.342MBps 40.5ms</bind>
  <bind>Comp:20-2-0 Comp:20-1-0 0.612MBps 38.2ms</bind>
  <bind>Comp:20-1-0 Comp:20-2-0 0.612MBps 38.2ms</bind>
  <bind>Comp:20-2-1 Comp:20-1-1 0.612MBps 38.2ms</bind>
  <bind>Comp:20-1-1 Comp:20-2-1 0.612MBps 38.2ms</bind>
  <bind>Comp:20-2-2 Comp:20-1-2 0.612MBps 38.2ms</bind>
  <bind>Comp:20-1-2 Comp:20-2-2 0.612MBps 38.2ms</bind>
  <bind>Comp:20-2-3 Comp:20-1-3 0.612MBps 38.2ms</bind>
  <bind>Comp:20-1-3 Comp:20-2-3 0.612MBps 38.2ms</bind>
  <bind>Comp:20-2-4 Comp:20-1-0 0.612MBps 38.2ms</bind>
  <bind>Comp:20-1-0 Comp:20-2-4 0.612MBps 38.2ms</bind>
  <bind>Comp:20-2-5 Comp:20-1-1 0.612MBps 38.2ms</bind>
  <bind>Comp:20-1-1 Comp:20-2-5 0.612MBps 38.2ms</bind>
  <bind>Comp:20-2-6 Comp:20-1-2 0.612MBps 38.2ms</bind>
  <bind>Comp:20-1-2 Comp:20-2-6 0.612MBps 38.2ms</bind>
  <bind>Comp:20-3-0 Comp:20-2-0 0.0422MBps 33.1ms</bind>
  <bind>Comp:20-2-0 Comp:20-3-0 0.0422MBps 33.1ms</bind>
  <bind>Comp:20-3-1 Comp:20-2-1 0.0422MBps 33.1ms</bind>
  <bind>Comp:20-2-1 Comp:20-3-1 0.0422MBps 33.1ms</bind>
  <bind>Comp:20-3-2 Comp:20-2-2 0.0422MBps 33.1ms</bind>
  <bind>Comp:20-2-2 Comp:20-3-2 0.0422MBps 33.1ms</bind>
  <bind>Comp:20-3-3 Comp:20-2-3 0.0422MBps 33.1ms</bind>
  <bind>Comp:20-2-3 Comp:20-3-3 0.0422MBps 33.1ms</bind>
  <bind>Comp:20-3-0 Comp:20-2-4 0.0422MBps 33.1ms</bind>
  <bind>Comp:20-2-4 Comp:20-3-0 0.0422MBps 33.1ms</bind>
  <bind>Comp:20-3-1 Comp:20-2-5 0.0422MBps 33.1ms</bind>
  <bind>Comp:20-2-5 Comp:20-3-1 0.0422MBps 33.1ms</bind>
  <bind>Comp:20-3-2 Comp:20-2-6 0.0422MBps 33.1ms</bind>
  <bind>Comp:20-2-6 Comp:20-3-2 0.0422MBps 33.1ms</bind>
  <bind>Comp:20-4-0 Comp:20-3-0 0.728MBps 26.9ms</bind>
  <bind>Comp:20-3-0 Comp:20-4-0 0.728MBps 26.9ms</bind>
  <bind>Comp:20-4-1 Comp:20-3-1 0.728MBps 26.9ms</bind>
  <bind>Comp:20-3-1 Comp:20-4-1 0.728MBps 26.9ms</bind>
  <bind>Comp:20-4-2 Comp:20-3-2 0.728MBps 26.9ms</bind>
  <bind>Comp:20-3-2 Comp:20-4-2 0.728MBps 26.9ms</bind>
  <bind>Comp:20-4-3 Comp:20-3-3 0.728MBps 26.9ms</bind>
  <bind>Comp:20-3-3 Comp:20-4-3 0.728MBps 26.9ms</bind>
  <bind>Comp:20-4-4 Comp:20-3-0 0.728MBps 26.9ms</bind>
  <bind>Comp:20-3-0 Comp:20-4-4 0.728MBps 26.9ms</bind>
  <bind>Comp:20-4-5 Comp:20-3-1 0.728MBps 26.9ms</bind>
  <bind>Comp:20-3-1 Comp:20-4-5 0.728MBps 26.9ms</bind>
  <bind>Comp:20-4-6 Comp:20-3-2 0.728MBps 26.9ms</bind>
  <bind>Comp:20-3-2 Comp:20-4-6 0.728MBps 26.9ms</bind>
  <bind>Comp:20-4-7 Comp:20-3-3 0.728MBps 26.9ms</bind>
  <bind>Comp:20-3-3 Comp:20-4-7 0.728MBps 26.9ms</bind>
  <bind>Comp:20-4-8 Comp:20-3-0 0.728MBps 26.9ms</bind>
  <bind>Comp:20-3-0 Comp:20-4-8 0.728MBps 26.9ms</bind>
  <bind>Comp:20-5-0 Comp:20-4-0 0.834MBps 31.6ms</bind>
  <bind>Comp:20-4-0 Comp:20-5-0 0.834MBps 31.6ms</bind>
  <bind>Comp:20-5-1 Comp:20-4-1 0.834MBps 31.6ms</bind>
  <bind>Comp:20-4-1 Comp:20-5-1 0.834MBps 31.6ms</bind>
  <bind>Comp:20-5-2 Comp:20-4-2 0.834MBps 31.6ms</bind>
  <bind>Comp:20-4-2 Comp:20-5-2 0.834MBps 31.6ms</bind>
  <bind>Comp:20-5-3 Comp:20-4-3 0.834MBps 31.6ms</bind>
  <bind>Comp:20-4-3 Comp:20-5-3 0.834MBps 31.6ms</bind>
  <bind>Comp:20-5-4 Comp:20-4-4 0.834MBps 31.6ms</bind>
  <bind>Comp:20-4-4 Comp:20-5-4 0.834MBps 31.6ms</bind>
  <bind>Comp:20-5-5 Comp:20-4-5 0.834MBps 31.6ms</bind>
  <bind>Comp:20-4-5 Comp:20-5-5 0.834MBps 31.6ms</bind>
  <bind>Comp:20-5-6 Comp:20-4-6 0.834MBps 31.6ms</bind>
  <bind>Comp:20-4-6 Comp:20-5-6 0.834MBps 31.6ms</bind>
  <bind>Comp:20-5-7 Comp:20-4-7 0.834MBps 31.6ms</bind>
  <bind>Comp:20-4-7 Comp:20-5-7 0.834MBps 31.6ms</bind>
  <bind>Comp:20-5-8 Comp:20-4-8 0.834MBps 31.6ms</bind>
  <bind>Comp:20-4-8 Comp:20-5-8 0.834MBps 31.6ms</bind>
  <bind>Comp:20-5-9 Comp:20-4-0 0.834MBps 31.6ms</bind>
  <bind>Comp:20-4-0 Comp:20-5-9 0.834MBps 31.6ms</bind>
  <bind>Comp:20-5-0 Appliance-194 0.15MBps 25.9ms</bind>
  <bind>Appliance-194 Comp:20-5-0 0.15MBps 25.9ms</bind>
  <bind>Comp:20-5-1 Appliance-324 0.15MBps 25.9ms</bind>
  <bind>Appliance-324 Comp:20-5-1 0.15MBps 25.9ms</bind>
  <bind>Comp:20-5-2 Appliance-194 0.15MBps 25.9ms</bind>
  <bind>Appliance-194 Comp:20-5-2 0.15MBps 25.9ms</bind>
  <bind>Comp:20-5-3 Appliance-324 0.15MBps 25.9ms</bind>
  <bind>Appliance-324 Comp:20-5-3 0.15MBps 25.9ms</bind>
  <bind>Comp:20-5-4 Appliance-194 0.15MBps 25.9ms</bind>
  <bind>Appliance-194 Comp:20-5-4 0.15MBps 25.9ms</bind>
  <bind>Comp:20-5-5 Appliance-324 0.15MBps 25.9ms</bind>
  <bind>Appliance-324 Comp:20-5-5 0.15MBps 25.9ms</bind>
  <bind>Comp:20-5-6 Appliance-194 0.15MBps 25.9ms</bind>
  <bind>Appliance-194 Comp:20-5-6 0.15MBps 25.9ms</bind>
  <bind>Comp:20-5-7 Appliance-324 0.15MBps 25.9ms</bind>
  <bind>Appliance-324 Comp:20-5-7 0.15MBps 25.9ms</bind>
  <bind>Comp:20-5-8 Appliance-194 0.15MBps 25.9ms</bind>
  <bind>Appliance-194 Comp:20-5-8 0.15MBps 25.9ms</bind>
  <bind>Comp:20-5-9 Appliance-324 0.15MBps 25.9ms</bind>
  <bind>Appliance-324 Comp:20-5-9 0.15MBps 25.9ms</bind>
</app>
<app>
  <id>App21</id>
<comp>
  <id>Comp:21-1-0</id>
  <CPU>0.818Gf</CPU>
  <RAM>0.624GB</RAM>
  <DISK>1.35GB</DISK>
</comp>
<comp>
  <id>Comp:21-1-1</id>
  <CPU>0.818Gf</CPU>
  <RAM>0.624GB</RAM>
  <DISK>1.35GB</DISK>
</comp>
<comp>
  <id>Comp:21-1-2</id>
  <CPU>0.818Gf</CPU>
  <RAM>0.624GB</RAM>
  <DISK>1.35GB</DISK>
</comp>
<comp>
  <id>Comp:21-1-3</id>
  <CPU>0.818Gf</CPU>
  <RAM>0.624GB</RAM>
  <DISK>1.35GB</DISK>
</comp>
<comp>
  <id>Comp:21-1-4</id>
  <CPU>0.818Gf</CPU>
  <RAM>0.624GB</RAM>
  <DISK>1.35GB</DISK>
</comp>
<comp>
  <id>Comp:21-1-5</id>
  <CPU>0.818Gf</CPU>
  <RAM>0.624GB</RAM>
  <DISK>1.35GB</DISK>
</comp>
<comp>
  <id>Comp:21-1-6</id>
  <CPU>0.818Gf</CPU>
  <RAM>0.624GB</RAM>
  <DISK>1.35GB</DISK>
</comp>
<comp>
  <id>Comp:21-1-7</id>
  <CPU>0.818Gf</CPU>
  <RAM>0.624GB</RAM>
  <DISK>1.35GB</DISK>
</comp>
<comp>
  <id>Comp:21-1-8</id>
  <CPU>0.818Gf</CPU>
  <RAM>0.624GB</RAM>
  <DISK>1.35GB</DISK>
</comp>
<comp>
  <id>Comp:21-2-0</id>
  <CPU>0.739Gf</CPU>
  <RAM>0.657GB</RAM>
  <DISK>1.09GB</DISK>
</comp>
  <bind>Comp:21-1-0 Appliance-163 0.969MBps 49.5ms</bind>
  <bind>Appliance-163 Comp:21-1-0 0.969MBps 49.5ms</bind>
  <bind>Comp:21-1-1 Appliance-126 0.969MBps 49.5ms</bind>
  <bind>Appliance-126 Comp:21-1-1 0.969MBps 49.5ms</bind>
  <bind>Comp:21-1-2 Appliance-34 0.969MBps 49.5ms</bind>
  <bind>Appliance-34 Comp:21-1-2 0.969MBps 49.5ms</bind>
  <bind>Comp:21-1-3 Appliance-18 0.969MBps 49.5ms</bind>
  <bind>Appliance-18 Comp:21-1-3 0.969MBps 49.5ms</bind>
  <bind>Comp:21-1-4 Appliance-338 0.969MBps 49.5ms</bind>
  <bind>Appliance-338 Comp:21-1-4 0.969MBps 49.5ms</bind>
  <bind>Comp:21-1-5 Appliance-313 0.969MBps 49.5ms</bind>
  <bind>Appliance-313 Comp:21-1-5 0.969MBps 49.5ms</bind>
  <bind>Comp:21-1-6 Appliance-163 0.969MBps 49.5ms</bind>
  <bind>Appliance-163 Comp:21-1-6 0.969MBps 49.5ms</bind>
  <bind>Comp:21-1-7 Appliance-126 0.969MBps 49.5ms</bind>
  <bind>Appliance-126 Comp:21-1-7 0.969MBps 49.5ms</bind>
  <bind>Comp:21-1-8 Appliance-34 0.969MBps 49.5ms</bind>
  <bind>Appliance-34 Comp:21-1-8 0.969MBps 49.5ms</bind>
  <bind>Comp:21-2-0 Comp:21-1-0 0.57MBps 29.6ms</bind>
  <bind>Comp:21-1-0 Comp:21-2-0 0.57MBps 29.6ms</bind>
  <bind>Comp:21-2-0 Comp:21-1-1 0.57MBps 29.6ms</bind>
  <bind>Comp:21-1-1 Comp:21-2-0 0.57MBps 29.6ms</bind>
  <bind>Comp:21-2-0 Comp:21-1-2 0.57MBps 29.6ms</bind>
  <bind>Comp:21-1-2 Comp:21-2-0 0.57MBps 29.6ms</bind>
  <bind>Comp:21-2-0 Comp:21-1-3 0.57MBps 29.6ms</bind>
  <bind>Comp:21-1-3 Comp:21-2-0 0.57MBps 29.6ms</bind>
  <bind>Comp:21-2-0 Comp:21-1-4 0.57MBps 29.6ms</bind>
  <bind>Comp:21-1-4 Comp:21-2-0 0.57MBps 29.6ms</bind>
  <bind>Comp:21-2-0 Comp:21-1-5 0.57MBps 29.6ms</bind>
  <bind>Comp:21-1-5 Comp:21-2-0 0.57MBps 29.6ms</bind>
  <bind>Comp:21-2-0 Comp:21-1-6 0.57MBps 29.6ms</bind>
  <bind>Comp:21-1-6 Comp:21-2-0 0.57MBps 29.6ms</bind>
  <bind>Comp:21-2-0 Comp:21-1-7 0.57MBps 29.6ms</bind>
  <bind>Comp:21-1-7 Comp:21-2-0 0.57MBps 29.6ms</bind>
  <bind>Comp:21-2-0 Comp:21-1-8 0.57MBps 29.6ms</bind>
  <bind>Comp:21-1-8 Comp:21-2-0 0.57MBps 29.6ms</bind>
  <bind>Comp:21-2-0 Appliance-368 0.885MBps 33.1ms</bind>
  <bind>Appliance-368 Comp:21-2-0 0.885MBps 33.1ms</bind>
  <bind>Comp:21-2-0 Appliance-223 0.885MBps 33.1ms</bind>
  <bind>Appliance-223 Comp:21-2-0 0.885MBps 33.1ms</bind>
  <bind>Comp:21-2-0 Appliance-232 0.885MBps 33.1ms</bind>
  <bind>Appliance-232 Comp:21-2-0 0.885MBps 33.1ms</bind>
  <bind>Comp:21-2-0 Appliance-80 0.885MBps 33.1ms</bind>
  <bind>Appliance-80 Comp:21-2-0 0.885MBps 33.1ms</bind>
</app>
<app>
  <id>App22</id>
<comp>
  <id>Comp:22-0-0</id>
  <CPU>0.323Gf</CPU>
  <RAM>0.497GB</RAM>
  <DISK>0.59GB</DISK>
</comp>
<comp>
  <id>Comp:22-1-0</id>
  <CPU>0.703Gf</CPU>
  <RAM>0.769GB</RAM>
  <DISK>1.13GB</DISK>
</comp>
<comp>
  <id>Comp:22-1-1</id>
  <CPU>0.703Gf</CPU>
  <RAM>0.769GB</RAM>
  <DISK>1.13GB</DISK>
</comp>
<comp>
  <id>Comp:22-1-2</id>
  <CPU>0.703Gf</CPU>
  <RAM>0.769GB</RAM>
  <DISK>1.13GB</DISK>
</comp>
<comp>
  <id>Comp:22-1-3</id>
  <CPU>0.703Gf</CPU>
  <RAM>0.769GB</RAM>
  <DISK>1.13GB</DISK>
</comp>
<comp>
  <id>Comp:22-1-4</id>
  <CPU>0.703Gf</CPU>
  <RAM>0.769GB</RAM>
  <DISK>1.13GB</DISK>
</comp>
<comp>
  <id>Comp:22-1-5</id>
  <CPU>0.703Gf</CPU>
  <RAM>0.769GB</RAM>
  <DISK>1.13GB</DISK>
</comp>
<comp>
  <id>Comp:22-1-6</id>
  <CPU>0.703Gf</CPU>
  <RAM>0.769GB</RAM>
  <DISK>1.13GB</DISK>
</comp>
<comp>
  <id>Comp:22-1-7</id>
  <CPU>0.703Gf</CPU>
  <RAM>0.769GB</RAM>
  <DISK>1.13GB</DISK>
</comp>
<comp>
  <id>Comp:22-2-0</id>
  <CPU>0.649Gf</CPU>
  <RAM>0.739GB</RAM>
  <DISK>0.657GB</DISK>
</comp>
<comp>
  <id>Comp:22-2-1</id>
  <CPU>0.649Gf</CPU>
  <RAM>0.739GB</RAM>
  <DISK>0.657GB</DISK>
</comp>
<comp>
  <id>Comp:22-2-2</id>
  <CPU>0.649Gf</CPU>
  <RAM>0.739GB</RAM>
  <DISK>0.657GB</DISK>
</comp>
<comp>
  <id>Comp:22-2-3</id>
  <CPU>0.649Gf</CPU>
  <RAM>0.739GB</RAM>
  <DISK>0.657GB</DISK>
</comp>
<comp>
  <id>Comp:22-2-4</id>
  <CPU>0.649Gf</CPU>
  <RAM>0.739GB</RAM>
  <DISK>0.657GB</DISK>
</comp>
<comp>
  <id>Comp:22-2-5</id>
  <CPU>0.649Gf</CPU>
  <RAM>0.739GB</RAM>
  <DISK>0.657GB</DISK>
</comp>
<comp>
  <id>Comp:22-2-6</id>
  <CPU>0.649Gf</CPU>
  <RAM>0.739GB</RAM>
  <DISK>0.657GB</DISK>
</comp>
<comp>
  <id>Comp:22-2-7</id>
  <CPU>0.649Gf</CPU>
  <RAM>0.739GB</RAM>
  <DISK>0.657GB</DISK>
</comp>
<comp>
  <id>Comp:22-2-8</id>
  <CPU>0.649Gf</CPU>
  <RAM>0.739GB</RAM>
  <DISK>0.657GB</DISK>
</comp>
<comp>
  <id>Comp:22-2-9</id>
  <CPU>0.649Gf</CPU>
  <RAM>0.739GB</RAM>
  <DISK>0.657GB</DISK>
</comp>
<comp>
  <id>Comp:22-3-0</id>
  <CPU>0.408Gf</CPU>
  <RAM>0.79GB</RAM>
  <DISK>0.291GB</DISK>
</comp>
  <bind>Comp:22-1-0 Comp:22-0-0 0.595MBps 39.8ms</bind>
  <bind>Comp:22-0-0 Comp:22-1-0 0.595MBps 39.8ms</bind>
  <bind>Comp:22-1-1 Comp:22-0-0 0.595MBps 39.8ms</bind>
  <bind>Comp:22-0-0 Comp:22-1-1 0.595MBps 39.8ms</bind>
  <bind>Comp:22-1-2 Comp:22-0-0 0.595MBps 39.8ms</bind>
  <bind>Comp:22-0-0 Comp:22-1-2 0.595MBps 39.8ms</bind>
  <bind>Comp:22-1-3 Comp:22-0-0 0.595MBps 39.8ms</bind>
  <bind>Comp:22-0-0 Comp:22-1-3 0.595MBps 39.8ms</bind>
  <bind>Comp:22-1-4 Comp:22-0-0 0.595MBps 39.8ms</bind>
  <bind>Comp:22-0-0 Comp:22-1-4 0.595MBps 39.8ms</bind>
  <bind>Comp:22-1-5 Comp:22-0-0 0.595MBps 39.8ms</bind>
  <bind>Comp:22-0-0 Comp:22-1-5 0.595MBps 39.8ms</bind>
  <bind>Comp:22-1-6 Comp:22-0-0 0.595MBps 39.8ms</bind>
  <bind>Comp:22-0-0 Comp:22-1-6 0.595MBps 39.8ms</bind>
  <bind>Comp:22-1-7 Comp:22-0-0 0.595MBps 39.8ms</bind>
  <bind>Comp:22-0-0 Comp:22-1-7 0.595MBps 39.8ms</bind>
  <bind>Comp:22-2-0 Comp:22-1-0 0.091MBps 36.7ms</bind>
  <bind>Comp:22-1-0 Comp:22-2-0 0.091MBps 36.7ms</bind>
  <bind>Comp:22-2-1 Comp:22-1-1 0.091MBps 36.7ms</bind>
  <bind>Comp:22-1-1 Comp:22-2-1 0.091MBps 36.7ms</bind>
  <bind>Comp:22-2-2 Comp:22-1-2 0.091MBps 36.7ms</bind>
  <bind>Comp:22-1-2 Comp:22-2-2 0.091MBps 36.7ms</bind>
  <bind>Comp:22-2-3 Comp:22-1-3 0.091MBps 36.7ms</bind>
  <bind>Comp:22-1-3 Comp:22-2-3 0.091MBps 36.7ms</bind>
  <bind>Comp:22-2-4 Comp:22-1-4 0.091MBps 36.7ms</bind>
  <bind>Comp:22-1-4 Comp:22-2-4 0.091MBps 36.7ms</bind>
  <bind>Comp:22-2-5 Comp:22-1-5 0.091MBps 36.7ms</bind>
  <bind>Comp:22-1-5 Comp:22-2-5 0.091MBps 36.7ms</bind>
  <bind>Comp:22-2-6 Comp:22-1-6 0.091MBps 36.7ms</bind>
  <bind>Comp:22-1-6 Comp:22-2-6 0.091MBps 36.7ms</bind>
  <bind>Comp:22-2-7 Comp:22-1-7 0.091MBps 36.7ms</bind>
  <bind>Comp:22-1-7 Comp:22-2-7 0.091MBps 36.7ms</bind>
  <bind>Comp:22-2-8 Comp:22-1-0 0.091MBps 36.7ms</bind>
  <bind>Comp:22-1-0 Comp:22-2-8 0.091MBps 36.7ms</bind>
  <bind>Comp:22-2-9 Comp:22-1-1 0.091MBps 36.7ms</bind>
  <bind>Comp:22-1-1 Comp:22-2-9 0.091MBps 36.7ms</bind>
  <bind>Comp:22-3-0 Comp:22-2-0 0.26MBps 29.8ms</bind>
  <bind>Comp:22-2-0 Comp:22-3-0 0.26MBps 29.8ms</bind>
  <bind>Comp:22-3-0 Comp:22-2-1 0.26MBps 29.8ms</bind>
  <bind>Comp:22-2-1 Comp:22-3-0 0.26MBps 29.8ms</bind>
  <bind>Comp:22-3-0 Comp:22-2-2 0.26MBps 29.8ms</bind>
  <bind>Comp:22-2-2 Comp:22-3-0 0.26MBps 29.8ms</bind>
  <bind>Comp:22-3-0 Comp:22-2-3 0.26MBps 29.8ms</bind>
  <bind>Comp:22-2-3 Comp:22-3-0 0.26MBps 29.8ms</bind>
  <bind>Comp:22-3-0 Comp:22-2-4 0.26MBps 29.8ms</bind>
  <bind>Comp:22-2-4 Comp:22-3-0 0.26MBps 29.8ms</bind>
  <bind>Comp:22-3-0 Comp:22-2-5 0.26MBps 29.8ms</bind>
  <bind>Comp:22-2-5 Comp:22-3-0 0.26MBps 29.8ms</bind>
  <bind>Comp:22-3-0 Comp:22-2-6 0.26MBps 29.8ms</bind>
  <bind>Comp:22-2-6 Comp:22-3-0 0.26MBps 29.8ms</bind>
  <bind>Comp:22-3-0 Comp:22-2-7 0.26MBps 29.8ms</bind>
  <bind>Comp:22-2-7 Comp:22-3-0 0.26MBps 29.8ms</bind>
  <bind>Comp:22-3-0 Comp:22-2-8 0.26MBps 29.8ms</bind>
  <bind>Comp:22-2-8 Comp:22-3-0 0.26MBps 29.8ms</bind>
  <bind>Comp:22-3-0 Comp:22-2-9 0.26MBps 29.8ms</bind>
  <bind>Comp:22-2-9 Comp:22-3-0 0.26MBps 29.8ms</bind>
  <bind>Comp:22-3-0 Appliance-108 0.877MBps 47.8ms</bind>
  <bind>Appliance-108 Comp:22-3-0 0.877MBps 47.8ms</bind>
  <bind>Comp:22-3-0 Appliance-327 0.877MBps 47.8ms</bind>
  <bind>Appliance-327 Comp:22-3-0 0.877MBps 47.8ms</bind>
  <bind>Comp:22-3-0 Appliance-318 0.877MBps 47.8ms</bind>
  <bind>Appliance-318 Comp:22-3-0 0.877MBps 47.8ms</bind>
</app>
<app>
  <id>App23</id>
<comp>
  <id>Comp:23-1-0</id>
  <CPU>0.208Gf</CPU>
  <RAM>0.586GB</RAM>
  <DISK>1.69GB</DISK>
</comp>
<comp>
  <id>Comp:23-1-1</id>
  <CPU>0.208Gf</CPU>
  <RAM>0.586GB</RAM>
  <DISK>1.69GB</DISK>
</comp>
<comp>
  <id>Comp:23-1-2</id>
  <CPU>0.208Gf</CPU>
  <RAM>0.586GB</RAM>
  <DISK>1.69GB</DISK>
</comp>
<comp>
  <id>Comp:23-1-3</id>
  <CPU>0.208Gf</CPU>
  <RAM>0.586GB</RAM>
  <DISK>1.69GB</DISK>
</comp>
<comp>
  <id>Comp:23-1-4</id>
  <CPU>0.208Gf</CPU>
  <RAM>0.586GB</RAM>
  <DISK>1.69GB</DISK>
</comp>
<comp>
  <id>Comp:23-1-5</id>
  <CPU>0.208Gf</CPU>
  <RAM>0.586GB</RAM>
  <DISK>1.69GB</DISK>
</comp>
<comp>
  <id>Comp:23-1-6</id>
  <CPU>0.208Gf</CPU>
  <RAM>0.586GB</RAM>
  <DISK>1.69GB</DISK>
</comp>
<comp>
  <id>Comp:23-2-0</id>
  <CPU>0.667Gf</CPU>
  <RAM>0.458GB</RAM>
  <DISK>0.532GB</DISK>
</comp>
<comp>
  <id>Comp:23-2-1</id>
  <CPU>0.667Gf</CPU>
  <RAM>0.458GB</RAM>
  <DISK>0.532GB</DISK>
</comp>
<comp>
  <id>Comp:23-2-2</id>
  <CPU>0.667Gf</CPU>
  <RAM>0.458GB</RAM>
  <DISK>0.532GB</DISK>
</comp>
<comp>
  <id>Comp:23-2-3</id>
  <CPU>0.667Gf</CPU>
  <RAM>0.458GB</RAM>
  <DISK>0.532GB</DISK>
</comp>
<comp>
  <id>Comp:23-2-4</id>
  <CPU>0.667Gf</CPU>
  <RAM>0.458GB</RAM>
  <DISK>0.532GB</DISK>
</comp>
<comp>
  <id>Comp:23-2-5</id>
  <CPU>0.667Gf</CPU>
  <RAM>0.458GB</RAM>
  <DISK>0.532GB</DISK>
</comp>
<comp>
  <id>Comp:23-2-6</id>
  <CPU>0.667Gf</CPU>
  <RAM>0.458GB</RAM>
  <DISK>0.532GB</DISK>
</comp>
<comp>
  <id>Comp:23-2-7</id>
  <CPU>0.667Gf</CPU>
  <RAM>0.458GB</RAM>
  <DISK>0.532GB</DISK>
</comp>
<comp>
  <id>Comp:23-2-8</id>
  <CPU>0.667Gf</CPU>
  <RAM>0.458GB</RAM>
  <DISK>0.532GB</DISK>
</comp>
  <bind>Comp:23-1-0 Appliance-154 0.552MBps 42.4ms</bind>
  <bind>Appliance-154 Comp:23-1-0 0.552MBps 42.4ms</bind>
  <bind>Comp:23-1-1 Appliance-15 0.552MBps 42.4ms</bind>
  <bind>Appliance-15 Comp:23-1-1 0.552MBps 42.4ms</bind>
  <bind>Comp:23-1-2 Appliance-286 0.552MBps 42.4ms</bind>
  <bind>Appliance-286 Comp:23-1-2 0.552MBps 42.4ms</bind>
  <bind>Comp:23-1-3 Appliance-184 0.552MBps 42.4ms</bind>
  <bind>Appliance-184 Comp:23-1-3 0.552MBps 42.4ms</bind>
  <bind>Comp:23-1-4 Appliance-154 0.552MBps 42.4ms</bind>
  <bind>Appliance-154 Comp:23-1-4 0.552MBps 42.4ms</bind>
  <bind>Comp:23-1-5 Appliance-15 0.552MBps 42.4ms</bind>
  <bind>Appliance-15 Comp:23-1-5 0.552MBps 42.4ms</bind>
  <bind>Comp:23-1-6 Appliance-286 0.552MBps 42.4ms</bind>
  <bind>Appliance-286 Comp:23-1-6 0.552MBps 42.4ms</bind>
  <bind>Comp:23-1-0 Comp:23-2-0 0.807MBps 26.0ms</bind>
  <bind>Comp:23-2-0 Comp:23-1-0 0.807MBps 26.0ms</bind>
  <bind>Comp:23-1-1 Comp:23-2-1 0.807MBps 26.0ms</bind>
  <bind>Comp:23-2-1 Comp:23-1-1 0.807MBps 26.0ms</bind>
  <bind>Comp:23-1-2 Comp:23-2-2 0.807MBps 26.0ms</bind>
  <bind>Comp:23-2-2 Comp:23-1-2 0.807MBps 26.0ms</bind>
  <bind>Comp:23-1-3 Comp:23-2-3 0.807MBps 26.0ms</bind>
  <bind>Comp:23-2-3 Comp:23-1-3 0.807MBps 26.0ms</bind>
  <bind>Comp:23-1-4 Comp:23-2-4 0.807MBps 26.0ms</bind>
  <bind>Comp:23-2-4 Comp:23-1-4 0.807MBps 26.0ms</bind>
  <bind>Comp:23-1-5 Comp:23-2-5 0.807MBps 26.0ms</bind>
  <bind>Comp:23-2-5 Comp:23-1-5 0.807MBps 26.0ms</bind>
  <bind>Comp:23-1-6 Comp:23-2-6 0.807MBps 26.0ms</bind>
  <bind>Comp:23-2-6 Comp:23-1-6 0.807MBps 26.0ms</bind>
  <bind>Comp:23-1-0 Comp:23-2-7 0.807MBps 26.0ms</bind>
  <bind>Comp:23-2-7 Comp:23-1-0 0.807MBps 26.0ms</bind>
  <bind>Comp:23-1-1 Comp:23-2-8 0.807MBps 26.0ms</bind>
  <bind>Comp:23-2-8 Comp:23-1-1 0.807MBps 26.0ms</bind>
</app>
<app>
  <id>App24</id>
<comp>
  <id>Comp:24-0-0</id>
  <CPU>0.267Gf</CPU>
  <RAM>0.903GB</RAM>
  <DISK>0.633GB</DISK>
</comp>
<comp>
  <id>Comp:24-0-1</id>
  <CPU>0.267Gf</CPU>
  <RAM>0.903GB</RAM>
  <DISK>0.633GB</DISK>
</comp>
<comp>
  <id>Comp:24-0-2</id>
  <CPU>0.267Gf</CPU>
  <RAM>0.903GB</RAM>
  <DISK>0.633GB</DISK>
</comp>
<comp>
  <id>Comp:24-0-3</id>
  <CPU>0.267Gf</CPU>
  <RAM>0.903GB</RAM>
  <DISK>0.633GB</DISK>
</comp>
<comp>
  <id>Comp:24-0-4</id>
  <CPU>0.267Gf</CPU>
  <RAM>0.903GB</RAM>
  <DISK>0.633GB</DISK>
</comp>
<comp>
  <id>Comp:24-0-5</id>
  <CPU>0.267Gf</CPU>
  <RAM>0.903GB</RAM>
  <DISK>0.633GB</DISK>
</comp>
<comp>
  <id>Comp:24-0-6</id>
  <CPU>0.267Gf</CPU>
  <RAM>0.903GB</RAM>
  <DISK>0.633GB</DISK>
</comp>
<comp>
  <id>Comp:24-0-7</id>
  <CPU>0.267Gf</CPU>
  <RAM>0.903GB</RAM>
  <DISK>0.633GB</DISK>
</comp>
<comp>
  <id>Comp:24-0-8</id>
  <CPU>0.267Gf</CPU>
  <RAM>0.903GB</RAM>
  <DISK>0.633GB</DISK>
</comp>
<comp>
  <id>Comp:24-1-0</id>
  <CPU>0.912Gf</CPU>
  <RAM>0.364GB</RAM>
  <DISK>1.99GB</DISK>
</comp>
<comp>
  <id>Comp:24-1-1</id>
  <CPU>0.912Gf</CPU>
  <RAM>0.364GB</RAM>
  <DISK>1.99GB</DISK>
</comp>
<comp>
  <id>Comp:24-1-2</id>
  <CPU>0.912Gf</CPU>
  <RAM>0.364GB</RAM>
  <DISK>1.99GB</DISK>
</comp>
<comp>
  <id>Comp:24-1-3</id>
  <CPU>0.912Gf</CPU>
  <RAM>0.364GB</RAM>
  <DISK>1.99GB</DISK>
</comp>
<comp>
  <id>Comp:24-1-4</id>
  <CPU>0.912Gf</CPU>
  <RAM>0.364GB</RAM>
  <DISK>1.99GB</DISK>
</comp>
<comp>
  <id>Comp:24-2-0</id>
  <CPU>0.76Gf</CPU>
  <RAM>0.417GB</RAM>
  <DISK>1.51GB</DISK>
</comp>
<comp>
  <id>Comp:24-2-1</id>
  <CPU>0.76Gf</CPU>
  <RAM>0.417GB</RAM>
  <DISK>1.51GB</DISK>
</comp>
<comp>
  <id>Comp:24-2-2</id>
  <CPU>0.76Gf</CPU>
  <RAM>0.417GB</RAM>
  <DISK>1.51GB</DISK>
</comp>
<comp>
  <id>Comp:24-2-3</id>
  <CPU>0.76Gf</CPU>
  <RAM>0.417GB</RAM>
  <DISK>1.51GB</DISK>
</comp>
<comp>
  <id>Comp:24-2-4</id>
  <CPU>0.76Gf</CPU>
  <RAM>0.417GB</RAM>
  <DISK>1.51GB</DISK>
</comp>
<comp>
  <id>Comp:24-2-5</id>
  <CPU>0.76Gf</CPU>
  <RAM>0.417GB</RAM>
  <DISK>1.51GB</DISK>
</comp>
<comp>
  <id>Comp:24-2-6</id>
  <CPU>0.76Gf</CPU>
  <RAM>0.417GB</RAM>
  <DISK>1.51GB</DISK>
</comp>
<comp>
  <id>Comp:24-2-7</id>
  <CPU>0.76Gf</CPU>
  <RAM>0.417GB</RAM>
  <DISK>1.51GB</DISK>
</comp>
<comp>
  <id>Comp:24-2-8</id>
  <CPU>0.76Gf</CPU>
  <RAM>0.417GB</RAM>
  <DISK>1.51GB</DISK>
</comp>
<comp>
  <id>Comp:24-3-0</id>
  <CPU>0.503Gf</CPU>
  <RAM>0.856GB</RAM>
  <DISK>1.87GB</DISK>
</comp>
<comp>
  <id>Comp:24-3-1</id>
  <CPU>0.503Gf</CPU>
  <RAM>0.856GB</RAM>
  <DISK>1.87GB</DISK>
</comp>
<comp>
  <id>Comp:24-3-2</id>
  <CPU>0.503Gf</CPU>
  <RAM>0.856GB</RAM>
  <DISK>1.87GB</DISK>
</comp>
<comp>
  <id>Comp:24-3-3</id>
  <CPU>0.503Gf</CPU>
  <RAM>0.856GB</RAM>
  <DISK>1.87GB</DISK>
</comp>
<comp>
  <id>Comp:24-3-4</id>
  <CPU>0.503Gf</CPU>
  <RAM>0.856GB</RAM>
  <DISK>1.87GB</DISK>
</comp>
<comp>
  <id>Comp:24-3-5</id>
  <CPU>0.503Gf</CPU>
  <RAM>0.856GB</RAM>
  <DISK>1.87GB</DISK>
</comp>
<comp>
  <id>Comp:24-3-6</id>
  <CPU>0.503Gf</CPU>
  <RAM>0.856GB</RAM>
  <DISK>1.87GB</DISK>
</comp>
<comp>
  <id>Comp:24-4-0</id>
  <CPU>0.446Gf</CPU>
  <RAM>0.558GB</RAM>
  <DISK>1.29GB</DISK>
</comp>
<comp>
  <id>Comp:24-4-1</id>
  <CPU>0.446Gf</CPU>
  <RAM>0.558GB</RAM>
  <DISK>1.29GB</DISK>
</comp>
<comp>
  <id>Comp:24-4-2</id>
  <CPU>0.446Gf</CPU>
  <RAM>0.558GB</RAM>
  <DISK>1.29GB</DISK>
</comp>
  <bind>Comp:24-1-0 Comp:24-0-0 0.141MBps 37.8ms</bind>
  <bind>Comp:24-0-0 Comp:24-1-0 0.141MBps 37.8ms</bind>
  <bind>Comp:24-1-1 Comp:24-0-1 0.141MBps 37.8ms</bind>
  <bind>Comp:24-0-1 Comp:24-1-1 0.141MBps 37.8ms</bind>
  <bind>Comp:24-1-2 Comp:24-0-2 0.141MBps 37.8ms</bind>
  <bind>Comp:24-0-2 Comp:24-1-2 0.141MBps 37.8ms</bind>
  <bind>Comp:24-1-3 Comp:24-0-3 0.141MBps 37.8ms</bind>
  <bind>Comp:24-0-3 Comp:24-1-3 0.141MBps 37.8ms</bind>
  <bind>Comp:24-1-4 Comp:24-0-4 0.141MBps 37.8ms</bind>
  <bind>Comp:24-0-4 Comp:24-1-4 0.141MBps 37.8ms</bind>
  <bind>Comp:24-1-0 Comp:24-0-5 0.141MBps 37.8ms</bind>
  <bind>Comp:24-0-5 Comp:24-1-0 0.141MBps 37.8ms</bind>
  <bind>Comp:24-1-1 Comp:24-0-6 0.141MBps 37.8ms</bind>
  <bind>Comp:24-0-6 Comp:24-1-1 0.141MBps 37.8ms</bind>
  <bind>Comp:24-1-2 Comp:24-0-7 0.141MBps 37.8ms</bind>
  <bind>Comp:24-0-7 Comp:24-1-2 0.141MBps 37.8ms</bind>
  <bind>Comp:24-1-3 Comp:24-0-8 0.141MBps 37.8ms</bind>
  <bind>Comp:24-0-8 Comp:24-1-3 0.141MBps 37.8ms</bind>
  <bind>Comp:24-2-0 Comp:24-1-0 0.577MBps 36.4ms</bind>
  <bind>Comp:24-1-0 Comp:24-2-0 0.577MBps 36.4ms</bind>
  <bind>Comp:24-2-1 Comp:24-1-1 0.577MBps 36.4ms</bind>
  <bind>Comp:24-1-1 Comp:24-2-1 0.577MBps 36.4ms</bind>
  <bind>Comp:24-2-2 Comp:24-1-2 0.577MBps 36.4ms</bind>
  <bind>Comp:24-1-2 Comp:24-2-2 0.577MBps 36.4ms</bind>
  <bind>Comp:24-2-3 Comp:24-1-3 0.577MBps 36.4ms</bind>
  <bind>Comp:24-1-3 Comp:24-2-3 0.577MBps 36.4ms</bind>
  <bind>Comp:24-2-4 Comp:24-1-4 0.577MBps 36.4ms</bind>
  <bind>Comp:24-1-4 Comp:24-2-4 0.577MBps 36.4ms</bind>
  <bind>Comp:24-2-5 Comp:24-1-0 0.577MBps 36.4ms</bind>
  <bind>Comp:24-1-0 Comp:24-2-5 0.577MBps 36.4ms</bind>
  <bind>Comp:24-2-6 Comp:24-1-1 0.577MBps 36.4ms</bind>
  <bind>Comp:24-1-1 Comp:24-2-6 0.577MBps 36.4ms</bind>
  <bind>Comp:24-2-7 Comp:24-1-2 0.577MBps 36.4ms</bind>
  <bind>Comp:24-1-2 Comp:24-2-7 0.577MBps 36.4ms</bind>
  <bind>Comp:24-2-8 Comp:24-1-3 0.577MBps 36.4ms</bind>
  <bind>Comp:24-1-3 Comp:24-2-8 0.577MBps 36.4ms</bind>
  <bind>Comp:24-3-0 Comp:24-2-0 0.255MBps 44.2ms</bind>
  <bind>Comp:24-2-0 Comp:24-3-0 0.255MBps 44.2ms</bind>
  <bind>Comp:24-3-1 Comp:24-2-1 0.255MBps 44.2ms</bind>
  <bind>Comp:24-2-1 Comp:24-3-1 0.255MBps 44.2ms</bind>
  <bind>Comp:24-3-2 Comp:24-2-2 0.255MBps 44.2ms</bind>
  <bind>Comp:24-2-2 Comp:24-3-2 0.255MBps 44.2ms</bind>
  <bind>Comp:24-3-3 Comp:24-2-3 0.255MBps 44.2ms</bind>
  <bind>Comp:24-2-3 Comp:24-3-3 0.255MBps 44.2ms</bind>
  <bind>Comp:24-3-4 Comp:24-2-4 0.255MBps 44.2ms</bind>
  <bind>Comp:24-2-4 Comp:24-3-4 0.255MBps 44.2ms</bind>
  <bind>Comp:24-3-5 Comp:24-2-5 0.255MBps 44.2ms</bind>
  <bind>Comp:24-2-5 Comp:24-3-5 0.255MBps 44.2ms</bind>
  <bind>Comp:24-3-6 Comp:24-2-6 0.255MBps 44.2ms</bind>
  <bind>Comp:24-2-6 Comp:24-3-6 0.255MBps 44.2ms</bind>
  <bind>Comp:24-3-0 Comp:24-2-7 0.255MBps 44.2ms</bind>
  <bind>Comp:24-2-7 Comp:24-3-0 0.255MBps 44.2ms</bind>
  <bind>Comp:24-3-1 Comp:24-2-8 0.255MBps 44.2ms</bind>
  <bind>Comp:24-2-8 Comp:24-3-1 0.255MBps 44.2ms</bind>
  <bind>Comp:24-4-0 Comp:24-3-0 0.0565MBps 26.5ms</bind>
  <bind>Comp:24-3-0 Comp:24-4-0 0.0565MBps 26.5ms</bind>
  <bind>Comp:24-4-1 Comp:24-3-1 0.0565MBps 26.5ms</bind>
  <bind>Comp:24-3-1 Comp:24-4-1 0.0565MBps 26.5ms</bind>
  <bind>Comp:24-4-2 Comp:24-3-2 0.0565MBps 26.5ms</bind>
  <bind>Comp:24-3-2 Comp:24-4-2 0.0565MBps 26.5ms</bind>
  <bind>Comp:24-4-0 Comp:24-3-3 0.0565MBps 26.5ms</bind>
  <bind>Comp:24-3-3 Comp:24-4-0 0.0565MBps 26.5ms</bind>
  <bind>Comp:24-4-1 Comp:24-3-4 0.0565MBps 26.5ms</bind>
  <bind>Comp:24-3-4 Comp:24-4-1 0.0565MBps 26.5ms</bind>
  <bind>Comp:24-4-2 Comp:24-3-5 0.0565MBps 26.5ms</bind>
  <bind>Comp:24-3-5 Comp:24-4-2 0.0565MBps 26.5ms</bind>
  <bind>Comp:24-4-0 Comp:24-3-6 0.0565MBps 26.5ms</bind>
  <bind>Comp:24-3-6 Comp:24-4-0 0.0565MBps 26.5ms</bind>
  <bind>Comp:24-4-0 Appliance-278 0.362MBps 46.0ms</bind>
  <bind>Appliance-278 Comp:24-4-0 0.362MBps 46.0ms</bind>
  <bind>Comp:24-4-1 Appliance-318 0.362MBps 46.0ms</bind>
  <bind>Appliance-318 Comp:24-4-1 0.362MBps 46.0ms</bind>
  <bind>Comp:24-4-2 Appliance-0 0.362MBps 46.0ms</bind>
  <bind>Appliance-0 Comp:24-4-2 0.362MBps 46.0ms</bind>
  <bind>Comp:24-4-0 Appliance-113 0.362MBps 46.0ms</bind>
  <bind>Appliance-113 Comp:24-4-0 0.362MBps 46.0ms</bind>
  <bind>Comp:24-4-1 Appliance-0 0.362MBps 46.0ms</bind>
  <bind>Appliance-0 Comp:24-4-1 0.362MBps 46.0ms</bind>
  <bind>Comp:24-4-2 Appliance-255 0.362MBps 46.0ms</bind>
  <bind>Appliance-255 Comp:24-4-2 0.362MBps 46.0ms</bind>
  <bind>Comp:24-4-0 Appliance-82 0.362MBps 46.0ms</bind>
  <bind>Appliance-82 Comp:24-4-0 0.362MBps 46.0ms</bind>
  <bind>Comp:24-4-1 Appliance-106 0.362MBps 46.0ms</bind>
  <bind>Appliance-106 Comp:24-4-1 0.362MBps 46.0ms</bind>
  <bind>Comp:24-4-2 Appliance-213 0.362MBps 46.0ms</bind>
  <bind>Appliance-213 Comp:24-4-2 0.362MBps 46.0ms</bind>
</app>
<app>
  <id>App25</id>
<comp>
  <id>Comp:25-0-0</id>
  <CPU>0.561Gf</CPU>
  <RAM>0.398GB</RAM>
  <DISK>1.71GB</DISK>
</comp>
<comp>
  <id>Comp:25-0-1</id>
  <CPU>0.561Gf</CPU>
  <RAM>0.398GB</RAM>
  <DISK>1.71GB</DISK>
</comp>
<comp>
  <id>Comp:25-0-2</id>
  <CPU>0.561Gf</CPU>
  <RAM>0.398GB</RAM>
  <DISK>1.71GB</DISK>
</comp>
<comp>
  <id>Comp:25-1-0</id>
  <CPU>0.681Gf</CPU>
  <RAM>0.537GB</RAM>
  <DISK>0.559GB</DISK>
</comp>
<comp>
  <id>Comp:25-1-1</id>
  <CPU>0.681Gf</CPU>
  <RAM>0.537GB</RAM>
  <DISK>0.559GB</DISK>
</comp>
<comp>
  <id>Comp:25-1-2</id>
  <CPU>0.681Gf</CPU>
  <RAM>0.537GB</RAM>
  <DISK>0.559GB</DISK>
</comp>
<comp>
  <id>Comp:25-1-3</id>
  <CPU>0.681Gf</CPU>
  <RAM>0.537GB</RAM>
  <DISK>0.559GB</DISK>
</comp>
<comp>
  <id>Comp:25-1-4</id>
  <CPU>0.681Gf</CPU>
  <RAM>0.537GB</RAM>
  <DISK>0.559GB</DISK>
</comp>
<comp>
  <id>Comp:25-1-5</id>
  <CPU>0.681Gf</CPU>
  <RAM>0.537GB</RAM>
  <DISK>0.559GB</DISK>
</comp>
<comp>
  <id>Comp:25-2-0</id>
  <CPU>0.519Gf</CPU>
  <RAM>0.366GB</RAM>
  <DISK>1.03GB</DISK>
</comp>
<comp>
  <id>Comp:25-2-1</id>
  <CPU>0.519Gf</CPU>
  <RAM>0.366GB</RAM>
  <DISK>1.03GB</DISK>
</comp>
<comp>
  <id>Comp:25-2-2</id>
  <CPU>0.519Gf</CPU>
  <RAM>0.366GB</RAM>
  <DISK>1.03GB</DISK>
</comp>
<comp>
  <id>Comp:25-2-3</id>
  <CPU>0.519Gf</CPU>
  <RAM>0.366GB</RAM>
  <DISK>1.03GB</DISK>
</comp>
<comp>
  <id>Comp:25-2-4</id>
  <CPU>0.519Gf</CPU>
  <RAM>0.366GB</RAM>
  <DISK>1.03GB</DISK>
</comp>
<comp>
  <id>Comp:25-2-5</id>
  <CPU>0.519Gf</CPU>
  <RAM>0.366GB</RAM>
  <DISK>1.03GB</DISK>
</comp>
<comp>
  <id>Comp:25-3-0</id>
  <CPU>0.81Gf</CPU>
  <RAM>0.127GB</RAM>
  <DISK>1.72GB</DISK>
</comp>
<comp>
  <id>Comp:25-3-1</id>
  <CPU>0.81Gf</CPU>
  <RAM>0.127GB</RAM>
  <DISK>1.72GB</DISK>
</comp>
<comp>
  <id>Comp:25-3-2</id>
  <CPU>0.81Gf</CPU>
  <RAM>0.127GB</RAM>
  <DISK>1.72GB</DISK>
</comp>
<comp>
  <id>Comp:25-3-3</id>
  <CPU>0.81Gf</CPU>
  <RAM>0.127GB</RAM>
  <DISK>1.72GB</DISK>
</comp>
<comp>
  <id>Comp:25-3-4</id>
  <CPU>0.81Gf</CPU>
  <RAM>0.127GB</RAM>
  <DISK>1.72GB</DISK>
</comp>
<comp>
  <id>Comp:25-3-5</id>
  <CPU>0.81Gf</CPU>
  <RAM>0.127GB</RAM>
  <DISK>1.72GB</DISK>
</comp>
<comp>
  <id>Comp:25-3-6</id>
  <CPU>0.81Gf</CPU>
  <RAM>0.127GB</RAM>
  <DISK>1.72GB</DISK>
</comp>
  <bind>Comp:25-1-0 Comp:25-0-0 0.273MBps 36.6ms</bind>
  <bind>Comp:25-0-0 Comp:25-1-0 0.273MBps 36.6ms</bind>
  <bind>Comp:25-1-1 Comp:25-0-1 0.273MBps 36.6ms</bind>
  <bind>Comp:25-0-1 Comp:25-1-1 0.273MBps 36.6ms</bind>
  <bind>Comp:25-1-2 Comp:25-0-2 0.273MBps 36.6ms</bind>
  <bind>Comp:25-0-2 Comp:25-1-2 0.273MBps 36.6ms</bind>
  <bind>Comp:25-1-3 Comp:25-0-0 0.273MBps 36.6ms</bind>
  <bind>Comp:25-0-0 Comp:25-1-3 0.273MBps 36.6ms</bind>
  <bind>Comp:25-1-4 Comp:25-0-1 0.273MBps 36.6ms</bind>
  <bind>Comp:25-0-1 Comp:25-1-4 0.273MBps 36.6ms</bind>
  <bind>Comp:25-1-5 Comp:25-0-2 0.273MBps 36.6ms</bind>
  <bind>Comp:25-0-2 Comp:25-1-5 0.273MBps 36.6ms</bind>
  <bind>Comp:25-2-0 Comp:25-1-0 0.955MBps 48.3ms</bind>
  <bind>Comp:25-1-0 Comp:25-2-0 0.955MBps 48.3ms</bind>
  <bind>Comp:25-2-1 Comp:25-1-1 0.955MBps 48.3ms</bind>
  <bind>Comp:25-1-1 Comp:25-2-1 0.955MBps 48.3ms</bind>
  <bind>Comp:25-2-2 Comp:25-1-2 0.955MBps 48.3ms</bind>
  <bind>Comp:25-1-2 Comp:25-2-2 0.955MBps 48.3ms</bind>
  <bind>Comp:25-2-3 Comp:25-1-3 0.955MBps 48.3ms</bind>
  <bind>Comp:25-1-3 Comp:25-2-3 0.955MBps 48.3ms</bind>
  <bind>Comp:25-2-4 Comp:25-1-4 0.955MBps 48.3ms</bind>
  <bind>Comp:25-1-4 Comp:25-2-4 0.955MBps 48.3ms</bind>
  <bind>Comp:25-2-5 Comp:25-1-5 0.955MBps 48.3ms</bind>
  <bind>Comp:25-1-5 Comp:25-2-5 0.955MBps 48.3ms</bind>
  <bind>Comp:25-3-0 Comp:25-2-0 0.682MBps 48.3ms</bind>
  <bind>Comp:25-2-0 Comp:25-3-0 0.682MBps 48.3ms</bind>
  <bind>Comp:25-3-1 Comp:25-2-1 0.682MBps 48.3ms</bind>
  <bind>Comp:25-2-1 Comp:25-3-1 0.682MBps 48.3ms</bind>
  <bind>Comp:25-3-2 Comp:25-2-2 0.682MBps 48.3ms</bind>
  <bind>Comp:25-2-2 Comp:25-3-2 0.682MBps 48.3ms</bind>
  <bind>Comp:25-3-3 Comp:25-2-3 0.682MBps 48.3ms</bind>
  <bind>Comp:25-2-3 Comp:25-3-3 0.682MBps 48.3ms</bind>
  <bind>Comp:25-3-4 Comp:25-2-4 0.682MBps 48.3ms</bind>
  <bind>Comp:25-2-4 Comp:25-3-4 0.682MBps 48.3ms</bind>
  <bind>Comp:25-3-5 Comp:25-2-5 0.682MBps 48.3ms</bind>
  <bind>Comp:25-2-5 Comp:25-3-5 0.682MBps 48.3ms</bind>
  <bind>Comp:25-3-6 Comp:25-2-0 0.682MBps 48.3ms</bind>
  <bind>Comp:25-2-0 Comp:25-3-6 0.682MBps 48.3ms</bind>
  <bind>Comp:25-3-0 Appliance-305 0.459MBps 45.7ms</bind>
  <bind>Appliance-305 Comp:25-3-0 0.459MBps 45.7ms</bind>
  <bind>Comp:25-3-1 Appliance-37 0.459MBps 45.7ms</bind>
  <bind>Appliance-37 Comp:25-3-1 0.459MBps 45.7ms</bind>
  <bind>Comp:25-3-2 Appliance-250 0.459MBps 45.7ms</bind>
  <bind>Appliance-250 Comp:25-3-2 0.459MBps 45.7ms</bind>
  <bind>Comp:25-3-3 Appliance-287 0.459MBps 45.7ms</bind>
  <bind>Appliance-287 Comp:25-3-3 0.459MBps 45.7ms</bind>
  <bind>Comp:25-3-4 Appliance-239 0.459MBps 45.7ms</bind>
  <bind>Appliance-239 Comp:25-3-4 0.459MBps 45.7ms</bind>
  <bind>Comp:25-3-5 Appliance-305 0.459MBps 45.7ms</bind>
  <bind>Appliance-305 Comp:25-3-5 0.459MBps 45.7ms</bind>
  <bind>Comp:25-3-6 Appliance-37 0.459MBps 45.7ms</bind>
  <bind>Appliance-37 Comp:25-3-6 0.459MBps 45.7ms</bind>
</app>
</apps>
