<?xml version="1.0"?>
<apps>
<app>
  <id>App1</id>
<comp>
  <id>Comp:1-1-0</id>
  <CPU>0.732Gf</CPU>
  <RAM>0.797GB</RAM>
  <DISK>0.0155GB</DISK>
</comp>
<comp>
  <id>Comp:1-1-1</id>
  <CPU>0.732Gf</CPU>
  <RAM>0.797GB</RAM>
  <DISK>0.0155GB</DISK>
</comp>
<comp>
  <id>Comp:1-1-2</id>
  <CPU>0.732Gf</CPU>
  <RAM>0.797GB</RAM>
  <DISK>0.0155GB</DISK>
</comp>
<comp>
  <id>Comp:1-1-3</id>
  <CPU>0.732Gf</CPU>
  <RAM>0.797GB</RAM>
  <DISK>0.0155GB</DISK>
</comp>
<comp>
  <id>Comp:1-1-4</id>
  <CPU>0.732Gf</CPU>
  <RAM>0.797GB</RAM>
  <DISK>0.0155GB</DISK>
</comp>
<comp>
  <id>Comp:1-1-5</id>
  <CPU>0.732Gf</CPU>
  <RAM>0.797GB</RAM>
  <DISK>0.0155GB</DISK>
</comp>
<comp>
  <id>Comp:1-1-6</id>
  <CPU>0.732Gf</CPU>
  <RAM>0.797GB</RAM>
  <DISK>0.0155GB</DISK>
</comp>
<comp>
  <id>Comp:1-1-7</id>
  <CPU>0.732Gf</CPU>
  <RAM>0.797GB</RAM>
  <DISK>0.0155GB</DISK>
</comp>
<comp>
  <id>Comp:1-1-8</id>
  <CPU>0.732Gf</CPU>
  <RAM>0.797GB</RAM>
  <DISK>0.0155GB</DISK>
</comp>
<comp>
  <id>Comp:1-2-0</id>
  <CPU>0.457Gf</CPU>
  <RAM>0.54GB</RAM>
  <DISK>0.697GB</DISK>
</comp>
<comp>
  <id>Comp:1-2-1</id>
  <CPU>0.457Gf</CPU>
  <RAM>0.54GB</RAM>
  <DISK>0.697GB</DISK>
</comp>
<comp>
  <id>Comp:1-2-2</id>
  <CPU>0.457Gf</CPU>
  <RAM>0.54GB</RAM>
  <DISK>0.697GB</DISK>
</comp>
<comp>
  <id>Comp:1-2-3</id>
  <CPU>0.457Gf</CPU>
  <RAM>0.54GB</RAM>
  <DISK>0.697GB</DISK>
</comp>
<comp>
  <id>Comp:1-2-4</id>
  <CPU>0.457Gf</CPU>
  <RAM>0.54GB</RAM>
  <DISK>0.697GB</DISK>
</comp>
<comp>
  <id>Comp:1-2-5</id>
  <CPU>0.457Gf</CPU>
  <RAM>0.54GB</RAM>
  <DISK>0.697GB</DISK>
</comp>
<comp>
  <id>Comp:1-2-6</id>
  <CPU>0.457Gf</CPU>
  <RAM>0.54GB</RAM>
  <DISK>0.697GB</DISK>
</comp>
<comp>
  <id>Comp:1-2-7</id>
  <CPU>0.457Gf</CPU>
  <RAM>0.54GB</RAM>
  <DISK>0.697GB</DISK>
</comp>
<comp>
  <id>Comp:1-2-8</id>
  <CPU>0.457Gf</CPU>
  <RAM>0.54GB</RAM>
  <DISK>0.697GB</DISK>
</comp>
<comp>
  <id>Comp:1-3-0</id>
  <CPU>0.13Gf</CPU>
  <RAM>0.314GB</RAM>
  <DISK>0.0142GB</DISK>
</comp>
<comp>
  <id>Comp:1-3-1</id>
  <CPU>0.13Gf</CPU>
  <RAM>0.314GB</RAM>
  <DISK>0.0142GB</DISK>
</comp>
<comp>
  <id>Comp:1-3-2</id>
  <CPU>0.13Gf</CPU>
  <RAM>0.314GB</RAM>
  <DISK>0.0142GB</DISK>
</comp>
<comp>
  <id>Comp:1-3-3</id>
  <CPU>0.13Gf</CPU>
  <RAM>0.314GB</RAM>
  <DISK>0.0142GB</DISK>
</comp>
  <bind>Comp:1-1-0 Appliance-301 0.982MBps 28.9ms</bind>
  <bind>Appliance-301 Comp:1-1-0 0.982MBps 28.9ms</bind>
  <bind>Comp:1-1-1 Appliance-301 0.982MBps 28.9ms</bind>
  <bind>Appliance-301 Comp:1-1-1 0.982MBps 28.9ms</bind>
  <bind>Comp:1-1-2 Appliance-301 0.982MBps 28.9ms</bind>
  <bind>Appliance-301 Comp:1-1-2 0.982MBps 28.9ms</bind>
  <bind>Comp:1-1-3 Appliance-301 0.982MBps 28.9ms</bind>
  <bind>Appliance-301 Comp:1-1-3 0.982MBps 28.9ms</bind>
  <bind>Comp:1-1-4 Appliance-301 0.982MBps 28.9ms</bind>
  <bind>Appliance-301 Comp:1-1-4 0.982MBps 28.9ms</bind>
  <bind>Comp:1-1-5 Appliance-301 0.982MBps 28.9ms</bind>
  <bind>Appliance-301 Comp:1-1-5 0.982MBps 28.9ms</bind>
  <bind>Comp:1-1-6 Appliance-301 0.982MBps 28.9ms</bind>
  <bind>Appliance-301 Comp:1-1-6 0.982MBps 28.9ms</bind>
  <bind>Comp:1-1-7 Appliance-301 0.982MBps 28.9ms</bind>
  <bind>Appliance-301 Comp:1-1-7 0.982MBps 28.9ms</bind>
  <bind>Comp:1-1-8 Appliance-301 0.982MBps 28.9ms</bind>
  <bind>Appliance-301 Comp:1-1-8 0.982MBps 28.9ms</bind>
  <bind>Comp:1-2-0 Comp:1-1-0 0.927MBps 35.6ms</bind>
  <bind>Comp:1-1-0 Comp:1-2-0 0.927MBps 35.6ms</bind>
  <bind>Comp:1-2-1 Comp:1-1-1 0.927MBps 35.6ms</bind>
  <bind>Comp:1-1-1 Comp:1-2-1 0.927MBps 35.6ms</bind>
  <bind>Comp:1-2-2 Comp:1-1-2 0.927MBps 35.6ms</bind>
  <bind>Comp:1-1-2 Comp:1-2-2 0.927MBps 35.6ms</bind>
  <bind>Comp:1-2-3 Comp:1-1-3 0.927MBps 35.6ms</bind>
  <bind>Comp:1-1-3 Comp:1-2-3 0.927MBps 35.6ms</bind>
  <bind>Comp:1-2-4 Comp:1-1-4 0.927MBps 35.6ms</bind>
  <bind>Comp:1-1-4 Comp:1-2-4 0.927MBps 35.6ms</bind>
  <bind>Comp:1-2-5 Comp:1-1-5 0.927MBps 35.6ms</bind>
  <bind>Comp:1-1-5 Comp:1-2-5 0.927MBps 35.6ms</bind>
  <bind>Comp:1-2-6 Comp:1-1-6 0.927MBps 35.6ms</bind>
  <bind>Comp:1-1-6 Comp:1-2-6 0.927MBps 35.6ms</bind>
  <bind>Comp:1-2-7 Comp:1-1-7 0.927MBps 35.6ms</bind>
  <bind>Comp:1-1-7 Comp:1-2-7 0.927MBps 35.6ms</bind>
  <bind>Comp:1-2-8 Comp:1-1-8 0.927MBps 35.6ms</bind>
  <bind>Comp:1-1-8 Comp:1-2-8 0.927MBps 35.6ms</bind>
  <bind>Comp:1-2-0 Comp:1-3-0 0.338MBps 28.2ms</bind>
  <bind>Comp:1-3-0 Comp:1-2-0 0.338MBps 28.2ms</bind>
  <bind>Comp:1-2-1 Comp:1-3-1 0.338MBps 28.2ms</bind>
  <bind>Comp:1-3-1 Comp:1-2-1 0.338MBps 28.2ms</bind>
  <bind>Comp:1-2-2 Comp:1-3-2 0.338MBps 28.2ms</bind>
  <bind>Comp:1-3-2 Comp:1-2-2 0.338MBps 28.2ms</bind>
  <bind>Comp:1-2-3 Comp:1-3-3 0.338MBps 28.2ms</bind>
  <bind>Comp:1-3-3 Comp:1-2-3 0.338MBps 28.2ms</bind>
  <bind>Comp:1-2-4 Comp:1-3-0 0.338MBps 28.2ms</bind>
  <bind>Comp:1-3-0 Comp:1-2-4 0.338MBps 28.2ms</bind>
  <bind>Comp:1-2-5 Comp:1-3-1 0.338MBps 28.2ms</bind>
  <bind>Comp:1-3-1 Comp:1-2-5 0.338MBps 28.2ms</bind>
  <bind>Comp:1-2-6 Comp:1-3-2 0.338MBps 28.2ms</bind>
  <bind>Comp:1-3-2 Comp:1-2-6 0.338MBps 28.2ms</bind>
  <bind>Comp:1-2-7 Comp:1-3-3 0.338MBps 28.2ms</bind>
  <bind>Comp:1-3-3 Comp:1-2-7 0.338MBps 28.2ms</bind>
  <bind>Comp:1-2-8 Comp:1-3-0 0.338MBps 28.2ms</bind>
  <bind>Comp:1-3-0 Comp:1-2-8 0.338MBps 28.2ms</bind>
</app>
<app>
  <id>App10</id>
<comp>
  <id>Comp:10-0-0</id>
  <CPU>0.909Gf</CPU>
  <RAM>0.13GB</RAM>
  <DISK>1.89GB</DISK>
</comp>
<comp>
  <id>Comp:10-0-1</id>
  <CPU>0.909Gf</CPU>
  <RAM>0.13GB</RAM>
  <DISK>1.89GB</DISK>
</comp>
<comp>
  <id>Comp:10-0-2</id>
  <CPU>0.909Gf</CPU>
  <RAM>0.13GB</RAM>
  <DISK>1.89GB</DISK>
</comp>
<comp>
  <id>Comp:10-0-3</id>
  <CPU>0.909Gf</CPU>
  <RAM>0.13GB</RAM>
  <DISK>1.89GB</DISK>
</comp>
<comp>
  <id>Comp:10-0-4</id>
  <CPU>0.909Gf</CPU>
  <RAM>0.13GB</RAM>
  <DISK>1.89GB</DISK>
</comp>
<comp>
  <id>Comp:10-0-5</id>
  <CPU>0.909Gf</CPU>
  <RAM>0.13GB</RAM>
  <DISK>1.89GB</DISK>
</comp>
<comp>
  <id>Comp:10-0-6</id>
  <CPU>0.909Gf</CPU>
  <RAM>0.13GB</RAM>
  <DISK>1.89GB</DISK>
</comp>
<comp>
  <id>Comp:10-0-7</id>
  <CPU>0.909Gf</CPU>
  <RAM>0.13GB</RAM>
  <DISK>1.89GB</DISK>
</comp>
<comp>
  <id>Comp:10-0-8</id>
  <CPU>0.909Gf</CPU>
  <RAM>0.13GB</RAM>
  <DISK>1.89GB</DISK>
</comp>
<comp>
  <id>Comp:10-1-0</id>
  <CPU>0.121Gf</CPU>
  <RAM>0.989GB</RAM>
  <DISK>0.213GB</DISK>
</comp>
<comp>
  <id>Comp:10-1-1</id>
  <CPU>0.121Gf</CPU>
  <RAM>0.989GB</RAM>
  <DISK>0.213GB</DISK>
</comp>
<comp>
  <id>Comp:10-1-2</id>
  <CPU>0.121Gf</CPU>
  <RAM>0.989GB</RAM>
  <DISK>0.213GB</DISK>
</comp>
<comp>
  <id>Comp:10-1-3</id>
  <CPU>0.121Gf</CPU>
  <RAM>0.989GB</RAM>
  <DISK>0.213GB</DISK>
</comp>
<comp>
  <id>Comp:10-1-4</id>
  <CPU>0.121Gf</CPU>
  <RAM>0.989GB</RAM>
  <DISK>0.213GB</DISK>
</comp>
<comp>
  <id>Comp:10-1-5</id>
  <CPU>0.121Gf</CPU>
  <RAM>0.989GB</RAM>
  <DISK>0.213GB</DISK>
</comp>
<comp>
  <id>Comp:10-1-6</id>
  <CPU>0.121Gf</CPU>
  <RAM>0.989GB</RAM>
  <DISK>0.213GB</DISK>
</comp>
<comp>
  <id>Comp:10-1-7</id>
  <CPU>0.121Gf</CPU>
  <RAM>0.989GB</RAM>
  <DISK>0.213GB</DISK>
</comp>
<comp>
  <id>Comp:10-1-8</id>
  <CPU>0.121Gf</CPU>
  <RAM>0.989GB</RAM>
  <DISK>0.213GB</DISK>
</comp>
<comp>
  <id>Comp:10-2-0</id>
  <CPU>0.81Gf</CPU>
  <RAM>0.492GB</RAM>
  <DISK>0.0257GB</DISK>
</comp>
<comp>
  <id>Comp:10-2-1</id>
  <CPU>0.81Gf</CPU>
  <RAM>0.492GB</RAM>
  <DISK>0.0257GB</DISK>
</comp>
<comp>
  <id>Comp:10-2-2</id>
  <CPU>0.81Gf</CPU>
  <RAM>0.492GB</RAM>
  <DISK>0.0257GB</DISK>
</comp>
<comp>
  <id>Comp:10-2-3</id>
  <CPU>0.81Gf</CPU>
  <RAM>0.492GB</RAM>
  <DISK>0.0257GB</DISK>
</comp>
<comp>
  <id>Comp:10-2-4</id>
  <CPU>0.81Gf</CPU>
  <RAM>0.492GB</RAM>
  <DISK>0.0257GB</DISK>
</comp>
<comp>
  <id>Comp:10-2-5</id>
  <CPU>0.81Gf</CPU>
  <RAM>0.492GB</RAM>
  <DISK>0.0257GB</DISK>
</comp>
<comp>
  <id>Comp:10-3-0</id>
  <CPU>0.456Gf</CPU>
  <RAM>0.334GB</RAM>
  <DISK>1.88GB</DISK>
</comp>
<comp>
  <id>Comp:10-3-1</id>
  <CPU>0.456Gf</CPU>
  <RAM>0.334GB</RAM>
  <DISK>1.88GB</DISK>
</comp>
<comp>
  <id>Comp:10-3-2</id>
  <CPU>0.456Gf</CPU>
  <RAM>0.334GB</RAM>
  <DISK>1.88GB</DISK>
</comp>
<comp>
  <id>Comp:10-3-3</id>
  <CPU>0.456Gf</CPU>
  <RAM>0.334GB</RAM>
  <DISK>1.88GB</DISK>
</comp>
<comp>
  <id>Comp:10-3-4</id>
  <CPU>0.456Gf</CPU>
  <RAM>0.334GB</RAM>
  <DISK>1.88GB</DISK>
</comp>
  <bind>Comp:10-1-0 Comp:10-0-0 0.593MBps 48.9ms</bind>
  <bind>Comp:10-0-0 Comp:10-1-0 0.593MBps 48.9ms</bind>
  <bind>Comp:10-1-1 Comp:10-0-1 0.593MBps 48.9ms</bind>
  <bind>Comp:10-0-1 Comp:10-1-1 0.593MBps 48.9ms</bind>
  <bind>Comp:10-1-2 Comp:10-0-2 0.593MBps 48.9ms</bind>
  <bind>Comp:10-0-2 Comp:10-1-2 0.593MBps 48.9ms</bind>
  <bind>Comp:10-1-3 Comp:10-0-3 0.593MBps 48.9ms</bind>
  <bind>Comp:10-0-3 Comp:10-1-3 0.593MBps 48.9ms</bind>
  <bind>Comp:10-1-4 Comp:10-0-4 0.593MBps 48.9ms</bind>
  <bind>Comp:10-0-4 Comp:10-1-4 0.593MBps 48.9ms</bind>
  <bind>Comp:10-1-5 Comp:10-0-5 0.593MBps 48.9ms</bind>
  <bind>Comp:10-0-5 Comp:10-1-5 0.593MBps 48.9ms</bind>
  <bind>Comp:10-1-6 Comp:10-0-6 0.593MBps 48.9ms</bind>
  <bind>Comp:10-0-6 Comp:10-1-6 0.593MBps 48.9ms</bind>
  <bind>Comp:10-1-7 Comp:10-0-7 0.593MBps 48.9ms</bind>
  <bind>Comp:10-0-7 Comp:10-1-7 0.593MBps 48.9ms</bind>
  <bind>Comp:10-1-8 Comp:10-0-8 0.593MBps 48.9ms</bind>
  <bind>Comp:10-0-8 Comp:10-1-8 0.593MBps 48.9ms</bind>
  <bind>Comp:10-2-0 Comp:10-1-0 0.364MBps 45.0ms</bind>
  <bind>Comp:10-1-0 Comp:10-2-0 0.364MBps 45.0ms</bind>
  <bind>Comp:10-2-1 Comp:10-1-1 0.364MBps 45.0ms</bind>
  <bind>Comp:10-1-1 Comp:10-2-1 0.364MBps 45.0ms</bind>
  <bind>Comp:10-2-2 Comp:10-1-2 0.364MBps 45.0ms</bind>
  <bind>Comp:10-1-2 Comp:10-2-2 0.364MBps 45.0ms</bind>
  <bind>Comp:10-2-3 Comp:10-1-3 0.364MBps 45.0ms</bind>
  <bind>Comp:10-1-3 Comp:10-2-3 0.364MBps 45.0ms</bind>
  <bind>Comp:10-2-4 Comp:10-1-4 0.364MBps 45.0ms</bind>
  <bind>Comp:10-1-4 Comp:10-2-4 0.364MBps 45.0ms</bind>
  <bind>Comp:10-2-5 Comp:10-1-5 0.364MBps 45.0ms</bind>
  <bind>Comp:10-1-5 Comp:10-2-5 0.364MBps 45.0ms</bind>
  <bind>Comp:10-2-0 Comp:10-1-6 0.364MBps 45.0ms</bind>
  <bind>Comp:10-1-6 Comp:10-2-0 0.364MBps 45.0ms</bind>
  <bind>Comp:10-2-1 Comp:10-1-7 0.364MBps 45.0ms</bind>
  <bind>Comp:10-1-7 Comp:10-2-1 0.364MBps 45.0ms</bind>
  <bind>Comp:10-2-2 Comp:10-1-8 0.364MBps 45.0ms</bind>
  <bind>Comp:10-1-8 Comp:10-2-2 0.364MBps 45.0ms</bind>
  <bind>Comp:10-3-0 Comp:10-2-0 0.0773MBps 34.1ms</bind>
  <bind>Comp:10-2-0 Comp:10-3-0 0.0773MBps 34.1ms</bind>
  <bind>Comp:10-3-1 Comp:10-2-1 0.0773MBps 34.1ms</bind>
  <bind>Comp:10-2-1 Comp:10-3-1 0.0773MBps 34.1ms</bind>
  <bind>Comp:10-3-2 Comp:10-2-2 0.0773MBps 34.1ms</bind>
  <bind>Comp:10-2-2 Comp:10-3-2 0.0773MBps 34.1ms</bind>
  <bind>Comp:10-3-3 Comp:10-2-3 0.0773MBps 34.1ms</bind>
  <bind>Comp:10-2-3 Comp:10-3-3 0.0773MBps 34.1ms</bind>
  <bind>Comp:10-3-4 Comp:10-2-4 0.0773MBps 34.1ms</bind>
  <bind>Comp:10-2-4 Comp:10-3-4 0.0773MBps 34.1ms</bind>
  <bind>Comp:10-3-0 Comp:10-2-5 0.0773MBps 34.1ms</bind>
  <bind>Comp:10-2-5 Comp:10-3-0 0.0773MBps 34.1ms</bind>
  <bind>Comp:10-3-0 Appliance-259 0.624MBps 40.8ms</bind>
  <bind>Appliance-259 Comp:10-3-0 0.624MBps 40.8ms</bind>
  <bind>Comp:10-3-1 Appliance-339 0.624MBps 40.8ms</bind>
  <bind>Appliance-339 Comp:10-3-1 0.624MBps 40.8ms</bind>
  <bind>Comp:10-3-2 Appliance-179 0.624MBps 40.8ms</bind>
  <bind>Appliance-179 Comp:10-3-2 0.624MBps 40.8ms</bind>
  <bind>Comp:10-3-3 Appliance-17 0.624MBps 40.8ms</bind>
  <bind>Appliance-17 Comp:10-3-3 0.624MBps 40.8ms</bind>
  <bind>Comp:10-3-4 Appliance-159 0.624MBps 40.8ms</bind>
  <bind>Appliance-159 Comp:10-3-4 0.624MBps 40.8ms</bind>
  <bind>Comp:10-3-0 Appliance-22 0.624MBps 40.8ms</bind>
  <bind>Appliance-22 Comp:10-3-0 0.624MBps 40.8ms</bind>
  <bind>Comp:10-3-1 Appliance-344 0.624MBps 40.8ms</bind>
  <bind>Appliance-344 Comp:10-3-1 0.624MBps 40.8ms</bind>
  <bind>Comp:10-3-2 Appliance-59 0.624MBps 40.8ms</bind>
  <bind>Appliance-59 Comp:10-3-2 0.624MBps 40.8ms</bind>
</app>
<app>
  <id>App11</id>
<comp>
  <id>Comp:11-1-0</id>
  <CPU>0.73Gf</CPU>
  <RAM>0.67GB</RAM>
  <DISK>0.843GB</DISK>
</comp>
  <bind>Comp:11-1-0 Appliance-26 0.259MBps 41.9ms</bind>
  <bind>Appliance-26 Comp:11-1-0 0.259MBps 41.9ms</bind>
  <bind>Comp:11-1-0 Appliance-78 0.259MBps 41.9ms</bind>
  <bind>Appliance-78 Comp:11-1-0 0.259MBps 41.9ms</bind>
  <bind>Comp:11-1-0 Appliance-193 0.259MBps 41.9ms</bind>
  <bind>Appliance-193 Comp:11-1-0 0.259MBps 41.9ms</bind>
  <bind>Comp:11-1-0 Appliance-263 0.259MBps 41.9ms</bind>
  <bind>Appliance-263 Comp:11-1-0 0.259MBps 41.9ms</bind>
  <bind>Comp:11-1-0 Appliance-156 0.259MBps 41.9ms</bind>
  <bind>Appliance-156 Comp:11-1-0 0.259MBps 41.9ms</bind>
  <bind>Comp:11-1-0 Appliance-159 0.259MBps 41.9ms</bind>
  <bind>Appliance-159 Comp:11-1-0 0.259MBps 41.9ms</bind>
  <bind>Comp:11-1-0 Appliance-258 0.259MBps 41.9ms</bind>
  <bind>Appliance-258 Comp:11-1-0 0.259MBps 41.9ms</bind>
  <bind>Comp:11-1-0 Appliance-78 0.259MBps 41.9ms</bind>
  <bind>Appliance-78 Comp:11-1-0 0.259MBps 41.9ms</bind>
  <bind>Comp:11-1-0 Appliance-70 0.444MBps 32.0ms</bind>
  <bind>Appliance-70 Comp:11-1-0 0.444MBps 32.0ms</bind>
  <bind>Comp:11-1-0 Appliance-258 0.444MBps 32.0ms</bind>
  <bind>Appliance-258 Comp:11-1-0 0.444MBps 32.0ms</bind>
  <bind>Comp:11-1-0 Appliance-51 0.444MBps 32.0ms</bind>
  <bind>Appliance-51 Comp:11-1-0 0.444MBps 32.0ms</bind>
  <bind>Comp:11-1-0 Appliance-175 0.444MBps 32.0ms</bind>
  <bind>Appliance-175 Comp:11-1-0 0.444MBps 32.0ms</bind>
  <bind>Comp:11-1-0 Appliance-179 0.444MBps 32.0ms</bind>
  <bind>Appliance-179 Comp:11-1-0 0.444MBps 32.0ms</bind>
  <bind>Comp:11-1-0 Appliance-179 0.444MBps 32.0ms</bind>
  <bind>Appliance-179 Comp:11-1-0 0.444MBps 32.0ms</bind>
</app>
<app>
  <id>App12</id>
<comp>
  <id>Comp:12-1-0</id>
  <CPU>0.585Gf</CPU>
  <RAM>0.669GB</RAM>
  <DISK>1.2GB</DISK>
</comp>
<comp>
  <id>Comp:12-1-1</id>
  <CPU>0.585Gf</CPU>
  <RAM>0.669GB</RAM>
  <DISK>1.2GB</DISK>
</comp>
<comp>
  <id>Comp:12-2-0</id>
  <CPU>0.336Gf</CPU>
  <RAM>0.877GB</RAM>
  <DISK>0.61GB</DISK>
</comp>
<comp>
  <id>Comp:12-2-1</id>
  <CPU>0.336Gf</CPU>
  <RAM>0.877GB</RAM>
  <DISK>0.61GB</DISK>
</comp>
<comp>
  <id>Comp:12-3-0</id>
  <CPU>0.162Gf</CPU>
  <RAM>0.399GB</RAM>
  <DISK>1.35GB</DISK>
</comp>
<comp>
  <id>Comp:12-3-1</id>
  <CPU>0.162Gf</CPU>
  <RAM>0.399GB</RAM>
  <DISK>1.35GB</DISK>
</comp>
<comp>
  <id>Comp:12-3-2</id>
  <CPU>0.162Gf</CPU>
  <RAM>0.399GB</RAM>
  <DISK>1.35GB</DISK>
</comp>
<comp>
  <id>Comp:12-3-3</id>
  <CPU>0.162Gf</CPU>
  <RAM>0.399GB</RAM>
  <DISK>1.35GB</DISK>
</comp>
<comp>
  <id>Comp:12-3-4</id>
  <CPU>0.162Gf</CPU>
  <RAM>0.399GB</RAM>
  <DISK>1.35GB</DISK>
</comp>
<comp>
  <id>Comp:12-3-5</id>
  <CPU>0.162Gf</CPU>
  <RAM>0.399GB</RAM>
  <DISK>1.35GB</DISK>
</comp>
<comp>
  <id>Comp:12-3-6</id>
  <CPU>0.162Gf</CPU>
  <RAM>0.399GB</RAM>
  <DISK>1.35GB</DISK>
</comp>
<comp>
  <id>Comp:12-4-0</id>
  <CPU>0.836Gf</CPU>
  <RAM>0.621GB</RAM>
  <DISK>1.35GB</DISK>
</comp>
<comp>
  <id>Comp:12-4-1</id>
  <CPU>0.836Gf</CPU>
  <RAM>0.621GB</RAM>
  <DISK>1.35GB</DISK>
</comp>
<comp>
  <id>Comp:12-4-2</id>
  <CPU>0.836Gf</CPU>
  <RAM>0.621GB</RAM>
  <DISK>1.35GB</DISK>
</comp>
<comp>
  <id>Comp:12-4-3</id>
  <CPU>0.836Gf</CPU>
  <RAM>0.621GB</RAM>
  <DISK>1.35GB</DISK>
</comp>
<comp>
  <id>Comp:12-5-0</id>
  <CPU>0.781Gf</CPU>
  <RAM>0.886GB</RAM>
  <DISK>0.686GB</DISK>
</comp>
<comp>
  <id>Comp:12-6-0</id>
  <CPU>0.231Gf</CPU>
  <RAM>0.234GB</RAM>
  <DISK>1.41GB</DISK>
</comp>
<comp>
  <id>Comp:12-6-1</id>
  <CPU>0.231Gf</CPU>
  <RAM>0.234GB</RAM>
  <DISK>1.41GB</DISK>
</comp>
<comp>
  <id>Comp:12-6-2</id>
  <CPU>0.231Gf</CPU>
  <RAM>0.234GB</RAM>
  <DISK>1.41GB</DISK>
</comp>
  <bind>Comp:12-1-0 Appliance-285 0.797MBps 39.8ms</bind>
  <bind>Appliance-285 Comp:12-1-0 0.797MBps 39.8ms</bind>
  <bind>Comp:12-1-1 Appliance-27 0.797MBps 39.8ms</bind>
  <bind>Appliance-27 Comp:12-1-1 0.797MBps 39.8ms</bind>
  <bind>Comp:12-1-0 Appliance-193 0.797MBps 39.8ms</bind>
  <bind>Appliance-193 Comp:12-1-0 0.797MBps 39.8ms</bind>
  <bind>Comp:12-1-1 Appliance-360 0.797MBps 39.8ms</bind>
  <bind>Appliance-360 Comp:12-1-1 0.797MBps 39.8ms</bind>
  <bind>Comp:12-1-0 Appliance-36 0.797MBps 39.8ms</bind>
  <bind>Appliance-36 Comp:12-1-0 0.797MBps 39.8ms</bind>
  <bind>Comp:12-1-1 Appliance-156 0.797MBps 39.8ms</bind>
  <bind>Appliance-156 Comp:12-1-1 0.797MBps 39.8ms</bind>
  <bind>Comp:12-1-0 Appliance-32 0.797MBps 39.8ms</bind>
  <bind>Appliance-32 Comp:12-1-0 0.797MBps 39.8ms</bind>
  <bind>Comp:12-1-1 Appliance-59 0.797MBps 39.8ms</bind>
  <bind>Appliance-59 Comp:12-1-1 0.797MBps 39.8ms</bind>
  <bind>Comp:12-2-0 Comp:12-1-0 0.3MBps 25.4ms</bind>
  <bind>Comp:12-1-0 Comp:12-2-0 0.3MBps 25.4ms</bind>
  <bind>Comp:12-2-1 Comp:12-1-1 0.3MBps 25.4ms</bind>
  <bind>Comp:12-1-1 Comp:12-2-1 0.3MBps 25.4ms</bind>
  <bind>Comp:12-3-0 Comp:12-2-0 0.284MBps 36.1ms</bind>
  <bind>Comp:12-2-0 Comp:12-3-0 0.284MBps 36.1ms</bind>
  <bind>Comp:12-3-1 Comp:12-2-1 0.284MBps 36.1ms</bind>
  <bind>Comp:12-2-1 Comp:12-3-1 0.284MBps 36.1ms</bind>
  <bind>Comp:12-3-2 Comp:12-2-0 0.284MBps 36.1ms</bind>
  <bind>Comp:12-2-0 Comp:12-3-2 0.284MBps 36.1ms</bind>
  <bind>Comp:12-3-3 Comp:12-2-1 0.284MBps 36.1ms</bind>
  <bind>Comp:12-2-1 Comp:12-3-3 0.284MBps 36.1ms</bind>
  <bind>Comp:12-3-4 Comp:12-2-0 0.284MBps 36.1ms</bind>
  <bind>Comp:12-2-0 Comp:12-3-4 0.284MBps 36.1ms</bind>
  <bind>Comp:12-3-5 Comp:12-2-1 0.284MBps 36.1ms</bind>
  <bind>Comp:12-2-1 Comp:12-3-5 0.284MBps 36.1ms</bind>
  <bind>Comp:12-3-6 Comp:12-2-0 0.284MBps 36.1ms</bind>
  <bind>Comp:12-2-0 Comp:12-3-6 0.284MBps 36.1ms</bind>
  <bind>Comp:12-4-0 Comp:12-3-0 0.93MBps 42.9ms</bind>
  <bind>Comp:12-3-0 Comp:12-4-0 0.93MBps 42.9ms</bind>
  <bind>Comp:12-4-1 Comp:12-3-1 0.93MBps 42.9ms</bind>
  <bind>Comp:12-3-1 Comp:12-4-1 0.93MBps 42.9ms</bind>
  <bind>Comp:12-4-2 Comp:12-3-2 0.93MBps 42.9ms</bind>
  <bind>Comp:12-3-2 Comp:12-4-2 0.93MBps 42.9ms</bind>
  <bind>Comp:12-4-3 Comp:12-3-3 0.93MBps 42.9ms</bind>
  <bind>Comp:12-3-3 Comp:12-4-3 0.93MBps 42.9ms</bind>
  <bind>Comp:12-4-0 Comp:12-3-4 0.93MBps 42.9ms</bind>
  <bind>Comp:12-3-4 Comp:12-4-0 0.93MBps 42.9ms</bind>
  <bind>Comp:12-4-1 Comp:12-3-5 0.93MBps 42.9ms</bind>
  <bind>Comp:12-3-5 Comp:12-4-1 0.93MBps 42.9ms</bind>
  <bind>Comp:12-4-2 Comp:12-3-6 0.93MBps 42.9ms</bind>
  <bind>Comp:12-3-6 Comp:12-4-2 0.93MBps 42.9ms</bind>
  <bind>Comp:12-5-0 Comp:12-4-0 0.0547MBps 41.8ms</bind>
  <bind>Comp:12-4-0 Comp:12-5-0 0.0547MBps 41.8ms</bind>
  <bind>Comp:12-5-0 Comp:12-4-1 0.0547MBps 41.8ms</bind>
  <bind>Comp:12-4-1 Comp:12-5-0 0.0547MBps 41.8ms</bind>
  <bind>Comp:12-5-0 Comp:12-4-2 0.0547MBps 41.8ms</bind>
  <bind>Comp:12-4-2 Comp:12-5-0 0.0547MBps 41.8ms</bind>
  <bind>Comp:12-5-0 Comp:12-4-3 0.0547MBps 41.8ms</bind>
  <bind>Comp:12-4-3 Comp:12-5-0 0.0547MBps 41.8ms</bind>
  <bind>Comp:12-5-0 Comp:12-6-0 0.331MBps 47.9ms</bind>
  <bind>Comp:12-6-0 Comp:12-5-0 0.331MBps 47.9ms</bind>
  <bind>Comp:12-5-0 Comp:12-6-1 0.331MBps 47.9ms</bind>
  <bind>Comp:12-6-1 Comp:12-5-0 0.331MBps 47.9ms</bind>
  <bind>Comp:12-5-0 Comp:12-6-2 0.331MBps 47.9ms</bind>
  <bind>Comp:12-6-2 Comp:12-5-0 0.331MBps 47.9ms</bind>
</app>
<app>
  <id>App13</id>
<comp>
  <id>Comp:13-0-0</id>
  <CPU>0.667Gf</CPU>
  <RAM>0.338GB</RAM>
  <DISK>1.65GB</DISK>
</comp>
<comp>
  <id>Comp:13-0-1</id>
  <CPU>0.667Gf</CPU>
  <RAM>0.338GB</RAM>
  <DISK>1.65GB</DISK>
</comp>
<comp>
  <id>Comp:13-0-2</id>
  <CPU>0.667Gf</CPU>
  <RAM>0.338GB</RAM>
  <DISK>1.65GB</DISK>
</comp>
<comp>
  <id>Comp:13-0-3</id>
  <CPU>0.667Gf</CPU>
  <RAM>0.338GB</RAM>
  <DISK>1.65GB</DISK>
</comp>
<comp>
  <id>Comp:13-0-4</id>
  <CPU>0.667Gf</CPU>
  <RAM>0.338GB</RAM>
  <DISK>1.65GB</DISK>
</comp>
<comp>
  <id>Comp:13-0-5</id>
  <CPU>0.667Gf</CPU>
  <RAM>0.338GB</RAM>
  <DISK>1.65GB</DISK>
</comp>
<comp>
  <id>Comp:13-0-6</id>
  <CPU>0.667Gf</CPU>
  <RAM>0.338GB</RAM>
  <DISK>1.65GB</DISK>
</comp>
<comp>
  <id>Comp:13-0-7</id>
  <CPU>0.667Gf</CPU>
  <RAM>0.338GB</RAM>
  <DISK>1.65GB</DISK>
</comp>
<comp>
  <id>Comp:13-0-8</id>
  <CPU>0.667Gf</CPU>
  <RAM>0.338GB</RAM>
  <DISK>1.65GB</DISK>
</comp>
<comp>
  <id>Comp:13-0-9</id>
  <CPU>0.667Gf</CPU>
  <RAM>0.338GB</RAM>
  <DISK>1.65GB</DISK>
</comp>
<comp>
  <id>Comp:13-1-0</id>
  <CPU>0.454Gf</CPU>
  <RAM>0.439GB</RAM>
  <DISK>0.286GB</DISK>
</comp>
<comp>
  <id>Comp:13-1-1</id>
  <CPU>0.454Gf</CPU>
  <RAM>0.439GB</RAM>
  <DISK>0.286GB</DISK>
</comp>
<comp>
  <id>Comp:13-1-2</id>
  <CPU>0.454Gf</CPU>
  <RAM>0.439GB</RAM>
  <DISK>0.286GB</DISK>
</comp>
<comp>
  <id>Comp:13-1-3</id>
  <CPU>0.454Gf</CPU>
  <RAM>0.439GB</RAM>
  <DISK>0.286GB</DISK>
</comp>
<comp>
  <id>Comp:13-1-4</id>
  <CPU>0.454Gf</CPU>
  <RAM>0.439GB</RAM>
  <DISK>0.286GB</DISK>
</comp>
<comp>
  <id>Comp:13-1-5</id>
  <CPU>0.454Gf</CPU>
  <RAM>0.439GB</RAM>
  <DISK>0.286GB</DISK>
</comp>
<comp>
  <id>Comp:13-1-6</id>
  <CPU>0.454Gf</CPU>
  <RAM>0.439GB</RAM>
  <DISK>0.286GB</DISK>
</comp>
  <bind>Comp:13-1-0 Comp:13-0-0 0.064MBps 41.7ms</bind>
  <bind>Comp:13-0-0 Comp:13-1-0 0.064MBps 41.7ms</bind>
  <bind>Comp:13-1-1 Comp:13-0-1 0.064MBps 41.7ms</bind>
  <bind>Comp:13-0-1 Comp:13-1-1 0.064MBps 41.7ms</bind>
  <bind>Comp:13-1-2 Comp:13-0-2 0.064MBps 41.7ms</bind>
  <bind>Comp:13-0-2 Comp:13-1-2 0.064MBps 41.7ms</bind>
  <bind>Comp:13-1-3 Comp:13-0-3 0.064MBps 41.7ms</bind>
  <bind>Comp:13-0-3 Comp:13-1-3 0.064MBps 41.7ms</bind>
  <bind>Comp:13-1-4 Comp:13-0-4 0.064MBps 41.7ms</bind>
  <bind>Comp:13-0-4 Comp:13-1-4 0.064MBps 41.7ms</bind>
  <bind>Comp:13-1-5 Comp:13-0-5 0.064MBps 41.7ms</bind>
  <bind>Comp:13-0-5 Comp:13-1-5 0.064MBps 41.7ms</bind>
  <bind>Comp:13-1-6 Comp:13-0-6 0.064MBps 41.7ms</bind>
  <bind>Comp:13-0-6 Comp:13-1-6 0.064MBps 41.7ms</bind>
  <bind>Comp:13-1-0 Comp:13-0-7 0.064MBps 41.7ms</bind>
  <bind>Comp:13-0-7 Comp:13-1-0 0.064MBps 41.7ms</bind>
  <bind>Comp:13-1-1 Comp:13-0-8 0.064MBps 41.7ms</bind>
  <bind>Comp:13-0-8 Comp:13-1-1 0.064MBps 41.7ms</bind>
  <bind>Comp:13-1-2 Comp:13-0-9 0.064MBps 41.7ms</bind>
  <bind>Comp:13-0-9 Comp:13-1-2 0.064MBps 41.7ms</bind>
  <bind>Comp:13-1-0 Appliance-299 0.14MBps 44.2ms</bind>
  <bind>Appliance-299 Comp:13-1-0 0.14MBps 44.2ms</bind>
  <bind>Comp:13-1-1 Appliance-136 0.14MBps 44.2ms</bind>
  <bind>Appliance-136 Comp:13-1-1 0.14MBps 44.2ms</bind>
  <bind>Comp:13-1-2 Appliance-19 0.14MBps 44.2ms</bind>
  <bind>Appliance-19 Comp:13-1-2 0.14MBps 44.2ms</bind>
  <bind>Comp:13-1-3 Appliance-315 0.14MBps 44.2ms</bind>
  <bind>Appliance-315 Comp:13-1-3 0.14MBps 44.2ms</bind>
  <bind>Comp:13-1-4 Appliance-189 0.14MBps 44.2ms</bind>
  <bind>Appliance-189 Comp:13-1-4 0.14MBps 44.2ms</bind>
  <bind>Comp:13-1-5 Appliance-38 0.14MBps 44.2ms</bind>
  <bind>Appliance-38 Comp:13-1-5 0.14MBps 44.2ms</bind>
  <bind>Comp:13-1-6 Appliance-399 0.14MBps 44.2ms</bind>
  <bind>Appliance-399 Comp:13-1-6 0.14MBps 44.2ms</bind>
</app>
<app>
  <id>App14</id>
<comp>
  <id>Comp:14-1-0</id>
  <CPU>0.999Gf</CPU>
  <RAM>0.158GB</RAM>
  <DISK>0.225GB</DISK>
</comp>
<comp>
  <id>Comp:14-1-1</id>
  <CPU>0.999Gf</CPU>
  <RAM>0.158GB</RAM>
  <DISK>0.225GB</DISK>
</comp>
<comp>
  <id>Comp:14-1-2</id>
  <CPU>0.999Gf</CPU>
  <RAM>0.158GB</RAM>
  <DISK>0.225GB</DISK>
</comp>
<comp>
  <id>Comp:14-1-3</id>
  <CPU>0.999Gf</CPU>
  <RAM>0.158GB</RAM>
  <DISK>0.225GB</DISK>
</comp>
<comp>
  <id>Comp:14-1-4</id>
  <CPU>0.999Gf</CPU>
  <RAM>0.158GB</RAM>
  <DISK>0.225GB</DISK>
</comp>
<comp>
  <id>Comp:14-1-5</id>
  <CPU>0.999Gf</CPU>
  <RAM>0.158GB</RAM>
  <DISK>0.225GB</DISK>
</comp>
<comp>
  <id>Comp:14-1-6</id>
  <CPU>0.999Gf</CPU>
  <RAM>0.158GB</RAM>
  <DISK>0.225GB</DISK>
</comp>
<comp>
  <id>Comp:14-2-0</id>
  <CPU>0.692Gf</CPU>
  <RAM>0.208GB</RAM>
  <DISK>1.47GB</DISK>
</comp>
<comp>
  <id>Comp:14-2-1</id>
  <CPU>0.692Gf</CPU>
  <RAM>0.208GB</RAM>
  <DISK>1.47GB</DISK>
</comp>
<comp>
  <id>Comp:14-2-2</id>
  <CPU>0.692Gf</CPU>
  <RAM>0.208GB</RAM>
  <DISK>1.47GB</DISK>
</comp>
<comp>
  <id>Comp:14-2-3</id>
  <CPU>0.692Gf</CPU>
  <RAM>0.208GB</RAM>
  <DISK>1.47GB</DISK>
</comp>
<comp>
  <id>Comp:14-2-4</id>
  <CPU>0.692Gf</CPU>
  <RAM>0.208GB</RAM>
  <DISK>1.47GB</DISK>
</comp>
<comp>
  <id>Comp:14-2-5</id>
  <CPU>0.692Gf</CPU>
  <RAM>0.208GB</RAM>
  <DISK>1.47GB</DISK>
</comp>
<comp>
  <id>Comp:14-2-6</id>
  <CPU>0.692Gf</CPU>
  <RAM>0.208GB</RAM>
  <DISK>1.47GB</DISK>
</comp>
<comp>
  <id>Comp:14-2-7</id>
  <CPU>0.692Gf</CPU>
  <RAM>0.208GB</RAM>
  <DISK>1.47GB</DISK>
</comp>
<comp>
  <id>Comp:14-2-8</id>
  <CPU>0.692Gf</CPU>
  <RAM>0.208GB</RAM>
  <DISK>1.47GB</DISK>
</comp>
<comp>
  <id>Comp:14-3-0</id>
  <CPU>0.772Gf</CPU>
  <RAM>0.295GB</RAM>
  <DISK>0.201GB</DISK>
</comp>
<comp>
  <id>Comp:14-3-1</id>
  <CPU>0.772Gf</CPU>
  <RAM>0.295GB</RAM>
  <DISK>0.201GB</DISK>
</comp>
<comp>
  <id>Comp:14-3-2</id>
  <CPU>0.772Gf</CPU>
  <RAM>0.295GB</RAM>
  <DISK>0.201GB</DISK>
</comp>
<comp>
  <id>Comp:14-3-3</id>
  <CPU>0.772Gf</CPU>
  <RAM>0.295GB</RAM>
  <DISK>0.201GB</DISK>
</comp>
<comp>
  <id>Comp:14-3-4</id>
  <CPU>0.772Gf</CPU>
  <RAM>0.295GB</RAM>
  <DISK>0.201GB</DISK>
</comp>
<comp>
  <id>Comp:14-3-5</id>
  <CPU>0.772Gf</CPU>
  <RAM>0.295GB</RAM>
  <DISK>0.201GB</DISK>
</comp>
<comp>
  <id>Comp:14-3-6</id>
  <CPU>0.772Gf</CPU>
  <RAM>0.295GB</RAM>
  <DISK>0.201GB</DISK>
</comp>
<comp>
  <id>Comp:14-3-7</id>
  <CPU>0.772Gf</CPU>
  <RAM>0.295GB</RAM>
  <DISK>0.201GB</DISK>
</comp>
<comp>
  <id>Comp:14-3-8</id>
  <CPU>0.772Gf</CPU>
  <RAM>0.295GB</RAM>
  <DISK>0.201GB</DISK>
</comp>
<comp>
  <id>Comp:14-4-0</id>
  <CPU>0.714Gf</CPU>
  <RAM>0.157GB</RAM>
  <DISK>1.99GB</DISK>
</comp>
<comp>
  <id>Comp:14-4-1</id>
  <CPU>0.714Gf</CPU>
  <RAM>0.157GB</RAM>
  <DISK>1.99GB</DISK>
</comp>
<comp>
  <id>Comp:14-4-2</id>
  <CPU>0.714Gf</CPU>
  <RAM>0.157GB</RAM>
  <DISK>1.99GB</DISK>
</comp>
<comp>
  <id>Comp:14-4-3</id>
  <CPU>0.714Gf</CPU>
  <RAM>0.157GB</RAM>
  <DISK>1.99GB</DISK>
</comp>
<comp>
  <id>Comp:14-4-4</id>
  <CPU>0.714Gf</CPU>
  <RAM>0.157GB</RAM>
  <DISK>1.99GB</DISK>
</comp>
<comp>
  <id>Comp:14-4-5</id>
  <CPU>0.714Gf</CPU>
  <RAM>0.157GB</RAM>
  <DISK>1.99GB</DISK>
</comp>
<comp>
  <id>Comp:14-4-6</id>
  <CPU>0.714Gf</CPU>
  <RAM>0.157GB</RAM>
  <DISK>1.99GB</DISK>
</comp>
<comp>
  <id>Comp:14-4-7</id>
  <CPU>0.714Gf</CPU>
  <RAM>0.157GB</RAM>
  <DISK>1.99GB</DISK>
</comp>
<comp>
  <id>Comp:14-4-8</id>
  <CPU>0.714Gf</CPU>
  <RAM>0.157GB</RAM>
  <DISK>1.99GB</DISK>
</comp>
<comp>
  <id>Comp:14-4-9</id>
  <CPU>0.714Gf</CPU>
  <RAM>0.157GB</RAM>
  <DISK>1.99GB</DISK>
</comp>
<comp>
  <id>Comp:14-5-0</id>
  <CPU>0.316Gf</CPU>
  <RAM>0.454GB</RAM>
  <DISK>1.69GB</DISK>
</comp>
<comp>
  <id>Comp:14-5-1</id>
  <CPU>0.316Gf</CPU>
  <RAM>0.454GB</RAM>
  <DISK>1.69GB</DISK>
</comp>
<comp>
  <id>Comp:14-5-2</id>
  <CPU>0.316Gf</CPU>
  <RAM>0.454GB</RAM>
  <DISK>1.69GB</DISK>
</comp>
<comp>
  <id>Comp:14-5-3</id>
  <CPU>0.316Gf</CPU>
  <RAM>0.454GB</RAM>
  <DISK>1.69GB</DISK>
</comp>
<comp>
  <id>Comp:14-5-4</id>
  <CPU>0.316Gf</CPU>
  <RAM>0.454GB</RAM>
  <DISK>1.69GB</DISK>
</comp>
<comp>
  <id>Comp:14-5-5</id>
  <CPU>0.316Gf</CPU>
  <RAM>0.454GB</RAM>
  <DISK>1.69GB</DISK>
</comp>
<comp>
  <id>Comp:14-5-6</id>
  <CPU>0.316Gf</CPU>
  <RAM>0.454GB</RAM>
  <DISK>1.69GB</DISK>
</comp>
<comp>
  <id>Comp:14-5-7</id>
  <CPU>0.316Gf</CPU>
  <RAM>0.454GB</RAM>
  <DISK>1.69GB</DISK>
</comp>
<comp>
  <id>Comp:14-5-8</id>
  <CPU>0.316Gf</CPU>
  <RAM>0.454GB</RAM>
  <DISK>1.69GB</DISK>
</comp>
<comp>
  <id>Comp:14-5-9</id>
  <CPU>0.316Gf</CPU>
  <RAM>0.454GB</RAM>
  <DISK>1.69GB</DISK>
</comp>
  <bind>Comp:14-1-0 Appliance-382 0.948MBps 42.0ms</bind>
  <bind>Appliance-382 Comp:14-1-0 0.948MBps 42.0ms</bind>
  <bind>Comp:14-1-1 Appliance-5 0.948MBps 42.0ms</bind>
  <bind>Appliance-5 Comp:14-1-1 0.948MBps 42.0ms</bind>
  <bind>Comp:14-1-2 Appliance-377 0.948MBps 42.0ms</bind>
  <bind>Appliance-377 Comp:14-1-2 0.948MBps 42.0ms</bind>
  <bind>Comp:14-1-3 Appliance-270 0.948MBps 42.0ms</bind>
  <bind>Appliance-270 Comp:14-1-3 0.948MBps 42.0ms</bind>
  <bind>Comp:14-1-4 Appliance-382 0.948MBps 42.0ms</bind>
  <bind>Appliance-382 Comp:14-1-4 0.948MBps 42.0ms</bind>
  <bind>Comp:14-1-5 Appliance-5 0.948MBps 42.0ms</bind>
  <bind>Appliance-5 Comp:14-1-5 0.948MBps 42.0ms</bind>
  <bind>Comp:14-1-6 Appliance-377 0.948MBps 42.0ms</bind>
  <bind>Appliance-377 Comp:14-1-6 0.948MBps 42.0ms</bind>
  <bind>Comp:14-2-0 Comp:14-1-0 0.801MBps 38.9ms</bind>
  <bind>Comp:14-1-0 Comp:14-2-0 0.801MBps 38.9ms</bind>
  <bind>Comp:14-2-1 Comp:14-1-1 0.801MBps 38.9ms</bind>
  <bind>Comp:14-1-1 Comp:14-2-1 0.801MBps 38.9ms</bind>
  <bind>Comp:14-2-2 Comp:14-1-2 0.801MBps 38.9ms</bind>
  <bind>Comp:14-1-2 Comp:14-2-2 0.801MBps 38.9ms</bind>
  <bind>Comp:14-2-3 Comp:14-1-3 0.801MBps 38.9ms</bind>
  <bind>Comp:14-1-3 Comp:14-2-3 0.801MBps 38.9ms</bind>
  <bind>Comp:14-2-4 Comp:14-1-4 0.801MBps 38.9ms</bind>
  <bind>Comp:14-1-4 Comp:14-2-4 0.801MBps 38.9ms</bind>
  <bind>Comp:14-2-5 Comp:14-1-5 0.801MBps 38.9ms</bind>
  <bind>Comp:14-1-5 Comp:14-2-5 0.801MBps 38.9ms</bind>
  <bind>Comp:14-2-6 Comp:14-1-6 0.801MBps 38.9ms</bind>
  <bind>Comp:14-1-6 Comp:14-2-6 0.801MBps 38.9ms</bind>
  <bind>Comp:14-2-7 Comp:14-1-0 0.801MBps 38.9ms</bind>
  <bind>Comp:14-1-0 Comp:14-2-7 0.801MBps 38.9ms</bind>
  <bind>Comp:14-2-8 Comp:14-1-1 0.801MBps 38.9ms</bind>
  <bind>Comp:14-1-1 Comp:14-2-8 0.801MBps 38.9ms</bind>
  <bind>Comp:14-3-0 Comp:14-2-0 0.388MBps 39.7ms</bind>
  <bind>Comp:14-2-0 Comp:14-3-0 0.388MBps 39.7ms</bind>
  <bind>Comp:14-3-1 Comp:14-2-1 0.388MBps 39.7ms</bind>
  <bind>Comp:14-2-1 Comp:14-3-1 0.388MBps 39.7ms</bind>
  <bind>Comp:14-3-2 Comp:14-2-2 0.388MBps 39.7ms</bind>
  <bind>Comp:14-2-2 Comp:14-3-2 0.388MBps 39.7ms</bind>
  <bind>Comp:14-3-3 Comp:14-2-3 0.388MBps 39.7ms</bind>
  <bind>Comp:14-2-3 Comp:14-3-3 0.388MBps 39.7ms</bind>
  <bind>Comp:14-3-4 Comp:14-2-4 0.388MBps 39.7ms</bind>
  <bind>Comp:14-2-4 Comp:14-3-4 0.388MBps 39.7ms</bind>
  <bind>Comp:14-3-5 Comp:14-2-5 0.388MBps 39.7ms</bind>
  <bind>Comp:14-2-5 Comp:14-3-5 0.388MBps 39.7ms</bind>
  <bind>Comp:14-3-6 Comp:14-2-6 0.388MBps 39.7ms</bind>
  <bind>Comp:14-2-6 Comp:14-3-6 0.388MBps 39.7ms</bind>
  <bind>Comp:14-3-7 Comp:14-2-7 0.388MBps 39.7ms</bind>
  <bind>Comp:14-2-7 Comp:14-3-7 0.388MBps 39.7ms</bind>
  <bind>Comp:14-3-8 Comp:14-2-8 0.388MBps 39.7ms</bind>
  <bind>Comp:14-2-8 Comp:14-3-8 0.388MBps 39.7ms</bind>
  <bind>Comp:14-4-0 Comp:14-3-0 0.93MBps 48.9ms</bind>
  <bind>Comp:14-3-0 Comp:14-4-0 0.93MBps 48.9ms</bind>
  <bind>Comp:14-4-1 Comp:14-3-1 0.93MBps 48.9ms</bind>
  <bind>Comp:14-3-1 Comp:14-4-1 0.93MBps 48.9ms</bind>
  <bind>Comp:14-4-2 Comp:14-3-2 0.93MBps 48.9ms</bind>
  <bind>Comp:14-3-2 Comp:14-4-2 0.93MBps 48.9ms</bind>
  <bind>Comp:14-4-3 Comp:14-3-3 0.93MBps 48.9ms</bind>
  <bind>Comp:14-3-3 Comp:14-4-3 0.93MBps 48.9ms</bind>
  <bind>Comp:14-4-4 Comp:14-3-4 0.93MBps 48.9ms</bind>
  <bind>Comp:14-3-4 Comp:14-4-4 0.93MBps 48.9ms</bind>
  <bind>Comp:14-4-5 Comp:14-3-5 0.93MBps 48.9ms</bind>
  <bind>Comp:14-3-5 Comp:14-4-5 0.93MBps 48.9ms</bind>
  <bind>Comp:14-4-6 Comp:14-3-6 0.93MBps 48.9ms</bind>
  <bind>Comp:14-3-6 Comp:14-4-6 0.93MBps 48.9ms</bind>
  <bind>Comp:14-4-7 Comp:14-3-7 0.93MBps 48.9ms</bind>
  <bind>Comp:14-3-7 Comp:14-4-7 0.93MBps 48.9ms</bind>
  <bind>Comp:14-4-8 Comp:14-3-8 0.93MBps 48.9ms</bind>
  <bind>Comp:14-3-8 Comp:14-4-8 0.93MBps 48.9ms</bind>
  <bind>Comp:14-4-9 Comp:14-3-0 0.93MBps 48.9ms</bind>
  <bind>Comp:14-3-0 Comp:14-4-9 0.93MBps 48.9ms</bind>
  <bind>Comp:14-4-0 Comp:14-5-0 0.894MBps 31.7ms</bind>
  <bind>Comp:14-5-0 Comp:14-4-0 0.894MBps 31.7ms</bind>
  <bind>Comp:14-4-1 Comp:14-5-1 0.894MBps 31.7ms</bind>
  <bind>Comp:14-5-1 Comp:14-4-1 0.894MBps 31.7ms</bind>
  <bind>Comp:14-4-2 Comp:14-5-2 0.894MBps 31.7ms</bind>
  <bind>Comp:14-5-2 Comp:14-4-2 0.894MBps 31.7ms</bind>
  <bind>Comp:14-4-3 Comp:14-5-3 0.894MBps 31.7ms</bind>
  <bind>Comp:14-5-3 Comp:14-4-3 0.894MBps 31.7ms</bind>
  <bind>Comp:14-4-4 Comp:14-5-4 0.894MBps 31.7ms</bind>
  <bind>Comp:14-5-4 Comp:14-4-4 0.894MBps 31.7ms</bind>
  <bind>Comp:14-4-5 Comp:14-5-5 0.894MBps 31.7ms</bind>
  <bind>Comp:14-5-5 Comp:14-4-5 0.894MBps 31.7ms</bind>
  <bind>Comp:14-4-6 Comp:14-5-6 0.894MBps 31.7ms</bind>
  <bind>Comp:14-5-6 Comp:14-4-6 0.894MBps 31.7ms</bind>
  <bind>Comp:14-4-7 Comp:14-5-7 0.894MBps 31.7ms</bind>
  <bind>Comp:14-5-7 Comp:14-4-7 0.894MBps 31.7ms</bind>
  <bind>Comp:14-4-8 Comp:14-5-8 0.894MBps 31.7ms</bind>
  <bind>Comp:14-5-8 Comp:14-4-8 0.894MBps 31.7ms</bind>
  <bind>Comp:14-4-9 Comp:14-5-9 0.894MBps 31.7ms</bind>
  <bind>Comp:14-5-9 Comp:14-4-9 0.894MBps 31.7ms</bind>
</app>
<app>
  <id>App15</id>
<comp>
  <id>Comp:15-1-0</id>
  <CPU>0.717Gf</CPU>
  <RAM>0.677GB</RAM>
  <DISK>1.74GB</DISK>
</comp>
<comp>
  <id>Comp:15-1-1</id>
  <CPU>0.717Gf</CPU>
  <RAM>0.677GB</RAM>
  <DISK>1.74GB</DISK>
</comp>
<comp>
  <id>Comp:15-1-2</id>
  <CPU>0.717Gf</CPU>
  <RAM>0.677GB</RAM>
  <DISK>1.74GB</DISK>
</comp>
<comp>
  <id>Comp:15-1-3</id>
  <CPU>0.717Gf</CPU>
  <RAM>0.677GB</RAM>
  <DISK>1.74GB</DISK>
</comp>
<comp>
  <id>Comp:15-2-0</id>
  <CPU>0.618Gf</CPU>
  <RAM>0.823GB</RAM>
  <DISK>1.56GB</DISK>
</comp>
<comp>
  <id>Comp:15-2-1</id>
  <CPU>0.618Gf</CPU>
  <RAM>0.823GB</RAM>
  <DISK>1.56GB</DISK>
</comp>
<comp>
  <id>Comp:15-2-2</id>
  <CPU>0.618Gf</CPU>
  <RAM>0.823GB</RAM>
  <DISK>1.56GB</DISK>
</comp>
  <bind>Comp:15-1-0 Appliance-168 0.566MBps 39.1ms</bind>
  <bind>Appliance-168 Comp:15-1-0 0.566MBps 39.1ms</bind>
  <bind>Comp:15-1-1 Appliance-168 0.566MBps 39.1ms</bind>
  <bind>Appliance-168 Comp:15-1-1 0.566MBps 39.1ms</bind>
  <bind>Comp:15-1-2 Appliance-168 0.566MBps 39.1ms</bind>
  <bind>Appliance-168 Comp:15-1-2 0.566MBps 39.1ms</bind>
  <bind>Comp:15-1-3 Appliance-168 0.566MBps 39.1ms</bind>
  <bind>Appliance-168 Comp:15-1-3 0.566MBps 39.1ms</bind>
  <bind>Comp:15-1-0 Comp:15-2-0 0.0502MBps 37.7ms</bind>
  <bind>Comp:15-2-0 Comp:15-1-0 0.0502MBps 37.7ms</bind>
  <bind>Comp:15-1-1 Comp:15-2-1 0.0502MBps 37.7ms</bind>
  <bind>Comp:15-2-1 Comp:15-1-1 0.0502MBps 37.7ms</bind>
  <bind>Comp:15-1-2 Comp:15-2-2 0.0502MBps 37.7ms</bind>
  <bind>Comp:15-2-2 Comp:15-1-2 0.0502MBps 37.7ms</bind>
  <bind>Comp:15-1-3 Comp:15-2-0 0.0502MBps 37.7ms</bind>
  <bind>Comp:15-2-0 Comp:15-1-3 0.0502MBps 37.7ms</bind>
</app>
<app>
  <id>App16</id>
<comp>
  <id>Comp:16-0-0</id>
  <CPU>0.705Gf</CPU>
  <RAM>0.762GB</RAM>
  <DISK>1.35GB</DISK>
</comp>
<comp>
  <id>Comp:16-0-1</id>
  <CPU>0.705Gf</CPU>
  <RAM>0.762GB</RAM>
  <DISK>1.35GB</DISK>
</comp>
<comp>
  <id>Comp:16-0-2</id>
  <CPU>0.705Gf</CPU>
  <RAM>0.762GB</RAM>
  <DISK>1.35GB</DISK>
</comp>
<comp>
  <id>Comp:16-0-3</id>
  <CPU>0.705Gf</CPU>
  <RAM>0.762GB</RAM>
  <DISK>1.35GB</DISK>
</comp>
<comp>
  <id>Comp:16-1-0</id>
  <CPU>0.171Gf</CPU>
  <RAM>0.797GB</RAM>
  <DISK>0.418GB</DISK>
</comp>
<comp>
  <id>Comp:16-1-1</id>
  <CPU>0.171Gf</CPU>
  <RAM>0.797GB</RAM>
  <DISK>0.418GB</DISK>
</comp>
<comp>
  <id>Comp:16-1-2</id>
  <CPU>0.171Gf</CPU>
  <RAM>0.797GB</RAM>
  <DISK>0.418GB</DISK>
</comp>
<comp>
  <id>Comp:16-1-3</id>
  <CPU>0.171Gf</CPU>
  <RAM>0.797GB</RAM>
  <DISK>0.418GB</DISK>
</comp>
<comp>
  <id>Comp:16-1-4</id>
  <CPU>0.171Gf</CPU>
  <RAM>0.797GB</RAM>
  <DISK>0.418GB</DISK>
</comp>
<comp>
  <id>Comp:16-1-5</id>
  <CPU>0.171Gf</CPU>
  <RAM>0.797GB</RAM>
  <DISK>0.418GB</DISK>
</comp>
<comp>
  <id>Comp:16-1-6</id>
  <CPU>0.171Gf</CPU>
  <RAM>0.797GB</RAM>
  <DISK>0.418GB</DISK>
</comp>
<comp>
  <id>Comp:16-1-7</id>
  <CPU>0.171Gf</CPU>
  <RAM>0.797GB</RAM>
  <DISK>0.418GB</DISK>
</comp>
<comp>
  <id>Comp:16-1-8</id>
  <CPU>0.171Gf</CPU>
  <RAM>0.797GB</RAM>
  <DISK>0.418GB</DISK>
</comp>
<comp>
  <id>Comp:16-1-9</id>
  <CPU>0.171Gf</CPU>
  <RAM>0.797GB</RAM>
  <DISK>0.418GB</DISK>
</comp>
  <bind>Comp:16-1-0 Comp:16-0-0 0.963MBps 32.9ms</bind>
  <bind>Comp:16-0-0 Comp:16-1-0 0.963MBps 32.9ms</bind>
  <bind>Comp:16-1-1 Comp:16-0-1 0.963MBps 32.9ms</bind>
  <bind>Comp:16-0-1 Comp:16-1-1 0.963MBps 32.9ms</bind>
  <bind>Comp:16-1-2 Comp:16-0-2 0.963MBps 32.9ms</bind>
  <bind>Comp:16-0-2 Comp:16-1-2 0.963MBps 32.9ms</bind>
  <bind>Comp:16-1-3 Comp:16-0-3 0.963MBps 32.9ms</bind>
  <bind>Comp:16-0-3 Comp:16-1-3 0.963MBps 32.9ms</bind>
  <bind>Comp:16-1-4 Comp:16-0-0 0.963MBps 32.9ms</bind>
  <bind>Comp:16-0-0 Comp:16-1-4 0.963MBps 32.9ms</bind>
  <bind>Comp:16-1-5 Comp:16-0-1 0.963MBps 32.9ms</bind>
  <bind>Comp:16-0-1 Comp:16-1-5 0.963MBps 32.9ms</bind>
  <bind>Comp:16-1-6 Comp:16-0-2 0.963MBps 32.9ms</bind>
  <bind>Comp:16-0-2 Comp:16-1-6 0.963MBps 32.9ms</bind>
  <bind>Comp:16-1-7 Comp:16-0-3 0.963MBps 32.9ms</bind>
  <bind>Comp:16-0-3 Comp:16-1-7 0.963MBps 32.9ms</bind>
  <bind>Comp:16-1-8 Comp:16-0-0 0.963MBps 32.9ms</bind>
  <bind>Comp:16-0-0 Comp:16-1-8 0.963MBps 32.9ms</bind>
  <bind>Comp:16-1-9 Comp:16-0-1 0.963MBps 32.9ms</bind>
  <bind>Comp:16-0-1 Comp:16-1-9 0.963MBps 32.9ms</bind>
  <bind>Comp:16-1-0 Appliance-199 0.271MBps 39.6ms</bind>
  <bind>Appliance-199 Comp:16-1-0 0.271MBps 39.6ms</bind>
  <bind>Comp:16-1-1 Appliance-218 0.271MBps 39.6ms</bind>
  <bind>Appliance-218 Comp:16-1-1 0.271MBps 39.6ms</bind>
  <bind>Comp:16-1-2 Appliance-199 0.271MBps 39.6ms</bind>
  <bind>Appliance-199 Comp:16-1-2 0.271MBps 39.6ms</bind>
  <bind>Comp:16-1-3 Appliance-218 0.271MBps 39.6ms</bind>
  <bind>Appliance-218 Comp:16-1-3 0.271MBps 39.6ms</bind>
  <bind>Comp:16-1-4 Appliance-199 0.271MBps 39.6ms</bind>
  <bind>Appliance-199 Comp:16-1-4 0.271MBps 39.6ms</bind>
  <bind>Comp:16-1-5 Appliance-218 0.271MBps 39.6ms</bind>
  <bind>Appliance-218 Comp:16-1-5 0.271MBps 39.6ms</bind>
  <bind>Comp:16-1-6 Appliance-199 0.271MBps 39.6ms</bind>
  <bind>Appliance-199 Comp:16-1-6 0.271MBps 39.6ms</bind>
  <bind>Comp:16-1-7 Appliance-218 0.271MBps 39.6ms</bind>
  <bind>Appliance-218 Comp:16-1-7 0.271MBps 39.6ms</bind>
  <bind>Comp:16-1-8 Appliance-199 0.271MBps 39.6ms</bind>
  <bind>Appliance-199 Comp:16-1-8 0.271MBps 39.6ms</bind>
  <bind>Comp:16-1-9 Appliance-218 0.271MBps 39.6ms</bind>
  <bind>Appliance-218 Comp:16-1-9 0.271MBps 39.6ms</bind>
</app>
</apps>
