<?xml version="1.0"?>
<apps>
<app>
  <id>App1</id>
<comp>
  <id>Comp:1-0-0</id>
  <CPU>0.545Gf</CPU>
  <RAM>0.541GB</RAM>
  <DISK>0.713GB</DISK>
</comp>
<comp>
  <id>Comp:1-0-1</id>
  <CPU>0.545Gf</CPU>
  <RAM>0.541GB</RAM>
  <DISK>0.713GB</DISK>
</comp>
<comp>
  <id>Comp:1-0-2</id>
  <CPU>0.545Gf</CPU>
  <RAM>0.541GB</RAM>
  <DISK>0.713GB</DISK>
</comp>
<comp>
  <id>Comp:1-0-3</id>
  <CPU>0.545Gf</CPU>
  <RAM>0.541GB</RAM>
  <DISK>0.713GB</DISK>
</comp>
<comp>
  <id>Comp:1-0-4</id>
  <CPU>0.545Gf</CPU>
  <RAM>0.541GB</RAM>
  <DISK>0.713GB</DISK>
</comp>
<comp>
  <id>Comp:1-1-0</id>
  <CPU>0.464Gf</CPU>
  <RAM>0.777GB</RAM>
  <DISK>1.25GB</DISK>
</comp>
<comp>
  <id>Comp:1-1-1</id>
  <CPU>0.464Gf</CPU>
  <RAM>0.777GB</RAM>
  <DISK>1.25GB</DISK>
</comp>
<comp>
  <id>Comp:1-1-2</id>
  <CPU>0.464Gf</CPU>
  <RAM>0.777GB</RAM>
  <DISK>1.25GB</DISK>
</comp>
<comp>
  <id>Comp:1-1-3</id>
  <CPU>0.464Gf</CPU>
  <RAM>0.777GB</RAM>
  <DISK>1.25GB</DISK>
</comp>
<comp>
  <id>Comp:1-2-0</id>
  <CPU>0.446Gf</CPU>
  <RAM>0.497GB</RAM>
  <DISK>1.68GB</DISK>
</comp>
<comp>
  <id>Comp:1-3-0</id>
  <CPU>0.428Gf</CPU>
  <RAM>0.987GB</RAM>
  <DISK>0.839GB</DISK>
</comp>
<comp>
  <id>Comp:1-3-1</id>
  <CPU>0.428Gf</CPU>
  <RAM>0.987GB</RAM>
  <DISK>0.839GB</DISK>
</comp>
<comp>
  <id>Comp:1-3-2</id>
  <CPU>0.428Gf</CPU>
  <RAM>0.987GB</RAM>
  <DISK>0.839GB</DISK>
</comp>
<comp>
  <id>Comp:1-3-3</id>
  <CPU>0.428Gf</CPU>
  <RAM>0.987GB</RAM>
  <DISK>0.839GB</DISK>
</comp>
<comp>
  <id>Comp:1-3-4</id>
  <CPU>0.428Gf</CPU>
  <RAM>0.987GB</RAM>
  <DISK>0.839GB</DISK>
</comp>
<comp>
  <id>Comp:1-4-0</id>
  <CPU>0.795Gf</CPU>
  <RAM>0.142GB</RAM>
  <DISK>1.43GB</DISK>
</comp>
<comp>
  <id>Comp:1-4-1</id>
  <CPU>0.795Gf</CPU>
  <RAM>0.142GB</RAM>
  <DISK>1.43GB</DISK>
</comp>
<comp>
  <id>Comp:1-4-2</id>
  <CPU>0.795Gf</CPU>
  <RAM>0.142GB</RAM>
  <DISK>1.43GB</DISK>
</comp>
<comp>
  <id>Comp:1-5-0</id>
  <CPU>0.385Gf</CPU>
  <RAM>0.157GB</RAM>
  <DISK>0.296GB</DISK>
</comp>
<comp>
  <id>Comp:1-5-1</id>
  <CPU>0.385Gf</CPU>
  <RAM>0.157GB</RAM>
  <DISK>0.296GB</DISK>
</comp>
<comp>
  <id>Comp:1-5-2</id>
  <CPU>0.385Gf</CPU>
  <RAM>0.157GB</RAM>
  <DISK>0.296GB</DISK>
</comp>
<comp>
  <id>Comp:1-5-3</id>
  <CPU>0.385Gf</CPU>
  <RAM>0.157GB</RAM>
  <DISK>0.296GB</DISK>
</comp>
  <bind>Comp:1-1-0 Comp:1-0-0 0.112MBps 49.7ms</bind>
  <bind>Comp:1-0-0 Comp:1-1-0 0.112MBps 49.7ms</bind>
  <bind>Comp:1-1-1 Comp:1-0-1 0.112MBps 49.7ms</bind>
  <bind>Comp:1-0-1 Comp:1-1-1 0.112MBps 49.7ms</bind>
  <bind>Comp:1-1-2 Comp:1-0-2 0.112MBps 49.7ms</bind>
  <bind>Comp:1-0-2 Comp:1-1-2 0.112MBps 49.7ms</bind>
  <bind>Comp:1-1-3 Comp:1-0-3 0.112MBps 49.7ms</bind>
  <bind>Comp:1-0-3 Comp:1-1-3 0.112MBps 49.7ms</bind>
  <bind>Comp:1-1-0 Comp:1-0-4 0.112MBps 49.7ms</bind>
  <bind>Comp:1-0-4 Comp:1-1-0 0.112MBps 49.7ms</bind>
  <bind>Comp:1-2-0 Comp:1-1-0 0.945MBps 39.7ms</bind>
  <bind>Comp:1-1-0 Comp:1-2-0 0.945MBps 39.7ms</bind>
  <bind>Comp:1-2-0 Comp:1-1-1 0.945MBps 39.7ms</bind>
  <bind>Comp:1-1-1 Comp:1-2-0 0.945MBps 39.7ms</bind>
  <bind>Comp:1-2-0 Comp:1-1-2 0.945MBps 39.7ms</bind>
  <bind>Comp:1-1-2 Comp:1-2-0 0.945MBps 39.7ms</bind>
  <bind>Comp:1-2-0 Comp:1-1-3 0.945MBps 39.7ms</bind>
  <bind>Comp:1-1-3 Comp:1-2-0 0.945MBps 39.7ms</bind>
  <bind>Comp:1-3-0 Comp:1-2-0 0.146MBps 39.5ms</bind>
  <bind>Comp:1-2-0 Comp:1-3-0 0.146MBps 39.5ms</bind>
  <bind>Comp:1-3-1 Comp:1-2-0 0.146MBps 39.5ms</bind>
  <bind>Comp:1-2-0 Comp:1-3-1 0.146MBps 39.5ms</bind>
  <bind>Comp:1-3-2 Comp:1-2-0 0.146MBps 39.5ms</bind>
  <bind>Comp:1-2-0 Comp:1-3-2 0.146MBps 39.5ms</bind>
  <bind>Comp:1-3-3 Comp:1-2-0 0.146MBps 39.5ms</bind>
  <bind>Comp:1-2-0 Comp:1-3-3 0.146MBps 39.5ms</bind>
  <bind>Comp:1-3-4 Comp:1-2-0 0.146MBps 39.5ms</bind>
  <bind>Comp:1-2-0 Comp:1-3-4 0.146MBps 39.5ms</bind>
  <bind>Comp:1-4-0 Comp:1-3-0 0.613MBps 28.5ms</bind>
  <bind>Comp:1-3-0 Comp:1-4-0 0.613MBps 28.5ms</bind>
  <bind>Comp:1-4-1 Comp:1-3-1 0.613MBps 28.5ms</bind>
  <bind>Comp:1-3-1 Comp:1-4-1 0.613MBps 28.5ms</bind>
  <bind>Comp:1-4-2 Comp:1-3-2 0.613MBps 28.5ms</bind>
  <bind>Comp:1-3-2 Comp:1-4-2 0.613MBps 28.5ms</bind>
  <bind>Comp:1-4-0 Comp:1-3-3 0.613MBps 28.5ms</bind>
  <bind>Comp:1-3-3 Comp:1-4-0 0.613MBps 28.5ms</bind>
  <bind>Comp:1-4-1 Comp:1-3-4 0.613MBps 28.5ms</bind>
  <bind>Comp:1-3-4 Comp:1-4-1 0.613MBps 28.5ms</bind>
  <bind>Comp:1-5-0 Comp:1-4-0 0.827MBps 29.0ms</bind>
  <bind>Comp:1-4-0 Comp:1-5-0 0.827MBps 29.0ms</bind>
  <bind>Comp:1-5-1 Comp:1-4-1 0.827MBps 29.0ms</bind>
  <bind>Comp:1-4-1 Comp:1-5-1 0.827MBps 29.0ms</bind>
  <bind>Comp:1-5-2 Comp:1-4-2 0.827MBps 29.0ms</bind>
  <bind>Comp:1-4-2 Comp:1-5-2 0.827MBps 29.0ms</bind>
  <bind>Comp:1-5-3 Comp:1-4-0 0.827MBps 29.0ms</bind>
  <bind>Comp:1-4-0 Comp:1-5-3 0.827MBps 29.0ms</bind>
  <bind>Comp:1-5-0 Appliance-16 0.383MBps 39.5ms</bind>
  <bind>Appliance-16 Comp:1-5-0 0.383MBps 39.5ms</bind>
  <bind>Comp:1-5-1 Appliance-37 0.383MBps 39.5ms</bind>
  <bind>Appliance-37 Comp:1-5-1 0.383MBps 39.5ms</bind>
  <bind>Comp:1-5-2 Appliance-22 0.383MBps 39.5ms</bind>
  <bind>Appliance-22 Comp:1-5-2 0.383MBps 39.5ms</bind>
  <bind>Comp:1-5-3 Appliance-19 0.383MBps 39.5ms</bind>
  <bind>Appliance-19 Comp:1-5-3 0.383MBps 39.5ms</bind>
  <bind>Comp:1-5-0 Appliance-15 0.383MBps 39.5ms</bind>
  <bind>Appliance-15 Comp:1-5-0 0.383MBps 39.5ms</bind>
  <bind>Comp:1-5-1 Appliance-22 0.383MBps 39.5ms</bind>
  <bind>Appliance-22 Comp:1-5-1 0.383MBps 39.5ms</bind>
  <bind>Comp:1-5-2 Appliance-8 0.383MBps 39.5ms</bind>
  <bind>Appliance-8 Comp:1-5-2 0.383MBps 39.5ms</bind>
  <bind>Comp:1-5-3 Appliance-4 0.383MBps 39.5ms</bind>
  <bind>Appliance-4 Comp:1-5-3 0.383MBps 39.5ms</bind>
  <bind>Comp:1-5-0 Appliance-34 0.383MBps 39.5ms</bind>
  <bind>Appliance-34 Comp:1-5-0 0.383MBps 39.5ms</bind>
  <bind>Comp:1-5-1 Appliance-16 0.383MBps 39.5ms</bind>
  <bind>Appliance-16 Comp:1-5-1 0.383MBps 39.5ms</bind>
</app>
<app>
  <id>App10</id>
<comp>
  <id>Comp:10-1-0</id>
  <CPU>0.131Gf</CPU>
  <RAM>0.378GB</RAM>
  <DISK>1.36GB</DISK>
</comp>
<comp>
  <id>Comp:10-1-1</id>
  <CPU>0.131Gf</CPU>
  <RAM>0.378GB</RAM>
  <DISK>1.36GB</DISK>
</comp>
<comp>
  <id>Comp:10-1-2</id>
  <CPU>0.131Gf</CPU>
  <RAM>0.378GB</RAM>
  <DISK>1.36GB</DISK>
</comp>
<comp>
  <id>Comp:10-1-3</id>
  <CPU>0.131Gf</CPU>
  <RAM>0.378GB</RAM>
  <DISK>1.36GB</DISK>
</comp>
<comp>
  <id>Comp:10-1-4</id>
  <CPU>0.131Gf</CPU>
  <RAM>0.378GB</RAM>
  <DISK>1.36GB</DISK>
</comp>
<comp>
  <id>Comp:10-1-5</id>
  <CPU>0.131Gf</CPU>
  <RAM>0.378GB</RAM>
  <DISK>1.36GB</DISK>
</comp>
<comp>
  <id>Comp:10-1-6</id>
  <CPU>0.131Gf</CPU>
  <RAM>0.378GB</RAM>
  <DISK>1.36GB</DISK>
</comp>
<comp>
  <id>Comp:10-2-0</id>
  <CPU>0.629Gf</CPU>
  <RAM>0.802GB</RAM>
  <DISK>1.9GB</DISK>
</comp>
<comp>
  <id>Comp:10-2-1</id>
  <CPU>0.629Gf</CPU>
  <RAM>0.802GB</RAM>
  <DISK>1.9GB</DISK>
</comp>
<comp>
  <id>Comp:10-2-2</id>
  <CPU>0.629Gf</CPU>
  <RAM>0.802GB</RAM>
  <DISK>1.9GB</DISK>
</comp>
<comp>
  <id>Comp:10-2-3</id>
  <CPU>0.629Gf</CPU>
  <RAM>0.802GB</RAM>
  <DISK>1.9GB</DISK>
</comp>
<comp>
  <id>Comp:10-2-4</id>
  <CPU>0.629Gf</CPU>
  <RAM>0.802GB</RAM>
  <DISK>1.9GB</DISK>
</comp>
<comp>
  <id>Comp:10-2-5</id>
  <CPU>0.629Gf</CPU>
  <RAM>0.802GB</RAM>
  <DISK>1.9GB</DISK>
</comp>
<comp>
  <id>Comp:10-2-6</id>
  <CPU>0.629Gf</CPU>
  <RAM>0.802GB</RAM>
  <DISK>1.9GB</DISK>
</comp>
<comp>
  <id>Comp:10-2-7</id>
  <CPU>0.629Gf</CPU>
  <RAM>0.802GB</RAM>
  <DISK>1.9GB</DISK>
</comp>
<comp>
  <id>Comp:10-2-8</id>
  <CPU>0.629Gf</CPU>
  <RAM>0.802GB</RAM>
  <DISK>1.9GB</DISK>
</comp>
<comp>
  <id>Comp:10-2-9</id>
  <CPU>0.629Gf</CPU>
  <RAM>0.802GB</RAM>
  <DISK>1.9GB</DISK>
</comp>
<comp>
  <id>Comp:10-3-0</id>
  <CPU>0.393Gf</CPU>
  <RAM>0.225GB</RAM>
  <DISK>0.304GB</DISK>
</comp>
<comp>
  <id>Comp:10-3-1</id>
  <CPU>0.393Gf</CPU>
  <RAM>0.225GB</RAM>
  <DISK>0.304GB</DISK>
</comp>
<comp>
  <id>Comp:10-3-2</id>
  <CPU>0.393Gf</CPU>
  <RAM>0.225GB</RAM>
  <DISK>0.304GB</DISK>
</comp>
<comp>
  <id>Comp:10-3-3</id>
  <CPU>0.393Gf</CPU>
  <RAM>0.225GB</RAM>
  <DISK>0.304GB</DISK>
</comp>
<comp>
  <id>Comp:10-3-4</id>
  <CPU>0.393Gf</CPU>
  <RAM>0.225GB</RAM>
  <DISK>0.304GB</DISK>
</comp>
<comp>
  <id>Comp:10-3-5</id>
  <CPU>0.393Gf</CPU>
  <RAM>0.225GB</RAM>
  <DISK>0.304GB</DISK>
</comp>
<comp>
  <id>Comp:10-3-6</id>
  <CPU>0.393Gf</CPU>
  <RAM>0.225GB</RAM>
  <DISK>0.304GB</DISK>
</comp>
<comp>
  <id>Comp:10-3-7</id>
  <CPU>0.393Gf</CPU>
  <RAM>0.225GB</RAM>
  <DISK>0.304GB</DISK>
</comp>
<comp>
  <id>Comp:10-3-8</id>
  <CPU>0.393Gf</CPU>
  <RAM>0.225GB</RAM>
  <DISK>0.304GB</DISK>
</comp>
  <bind>Comp:10-1-0 Appliance-24 0.873MBps 43.9ms</bind>
  <bind>Appliance-24 Comp:10-1-0 0.873MBps 43.9ms</bind>
  <bind>Comp:10-1-1 Appliance-7 0.873MBps 43.9ms</bind>
  <bind>Appliance-7 Comp:10-1-1 0.873MBps 43.9ms</bind>
  <bind>Comp:10-1-2 Appliance-14 0.873MBps 43.9ms</bind>
  <bind>Appliance-14 Comp:10-1-2 0.873MBps 43.9ms</bind>
  <bind>Comp:10-1-3 Appliance-24 0.873MBps 43.9ms</bind>
  <bind>Appliance-24 Comp:10-1-3 0.873MBps 43.9ms</bind>
  <bind>Comp:10-1-4 Appliance-7 0.873MBps 43.9ms</bind>
  <bind>Appliance-7 Comp:10-1-4 0.873MBps 43.9ms</bind>
  <bind>Comp:10-1-5 Appliance-14 0.873MBps 43.9ms</bind>
  <bind>Appliance-14 Comp:10-1-5 0.873MBps 43.9ms</bind>
  <bind>Comp:10-1-6 Appliance-24 0.873MBps 43.9ms</bind>
  <bind>Appliance-24 Comp:10-1-6 0.873MBps 43.9ms</bind>
  <bind>Comp:10-2-0 Comp:10-1-0 0.381MBps 45.0ms</bind>
  <bind>Comp:10-1-0 Comp:10-2-0 0.381MBps 45.0ms</bind>
  <bind>Comp:10-2-1 Comp:10-1-1 0.381MBps 45.0ms</bind>
  <bind>Comp:10-1-1 Comp:10-2-1 0.381MBps 45.0ms</bind>
  <bind>Comp:10-2-2 Comp:10-1-2 0.381MBps 45.0ms</bind>
  <bind>Comp:10-1-2 Comp:10-2-2 0.381MBps 45.0ms</bind>
  <bind>Comp:10-2-3 Comp:10-1-3 0.381MBps 45.0ms</bind>
  <bind>Comp:10-1-3 Comp:10-2-3 0.381MBps 45.0ms</bind>
  <bind>Comp:10-2-4 Comp:10-1-4 0.381MBps 45.0ms</bind>
  <bind>Comp:10-1-4 Comp:10-2-4 0.381MBps 45.0ms</bind>
  <bind>Comp:10-2-5 Comp:10-1-5 0.381MBps 45.0ms</bind>
  <bind>Comp:10-1-5 Comp:10-2-5 0.381MBps 45.0ms</bind>
  <bind>Comp:10-2-6 Comp:10-1-6 0.381MBps 45.0ms</bind>
  <bind>Comp:10-1-6 Comp:10-2-6 0.381MBps 45.0ms</bind>
  <bind>Comp:10-2-7 Comp:10-1-0 0.381MBps 45.0ms</bind>
  <bind>Comp:10-1-0 Comp:10-2-7 0.381MBps 45.0ms</bind>
  <bind>Comp:10-2-8 Comp:10-1-1 0.381MBps 45.0ms</bind>
  <bind>Comp:10-1-1 Comp:10-2-8 0.381MBps 45.0ms</bind>
  <bind>Comp:10-2-9 Comp:10-1-2 0.381MBps 45.0ms</bind>
  <bind>Comp:10-1-2 Comp:10-2-9 0.381MBps 45.0ms</bind>
  <bind>Comp:10-3-0 Comp:10-2-0 0.103MBps 33.7ms</bind>
  <bind>Comp:10-2-0 Comp:10-3-0 0.103MBps 33.7ms</bind>
  <bind>Comp:10-3-1 Comp:10-2-1 0.103MBps 33.7ms</bind>
  <bind>Comp:10-2-1 Comp:10-3-1 0.103MBps 33.7ms</bind>
  <bind>Comp:10-3-2 Comp:10-2-2 0.103MBps 33.7ms</bind>
  <bind>Comp:10-2-2 Comp:10-3-2 0.103MBps 33.7ms</bind>
  <bind>Comp:10-3-3 Comp:10-2-3 0.103MBps 33.7ms</bind>
  <bind>Comp:10-2-3 Comp:10-3-3 0.103MBps 33.7ms</bind>
  <bind>Comp:10-3-4 Comp:10-2-4 0.103MBps 33.7ms</bind>
  <bind>Comp:10-2-4 Comp:10-3-4 0.103MBps 33.7ms</bind>
  <bind>Comp:10-3-5 Comp:10-2-5 0.103MBps 33.7ms</bind>
  <bind>Comp:10-2-5 Comp:10-3-5 0.103MBps 33.7ms</bind>
  <bind>Comp:10-3-6 Comp:10-2-6 0.103MBps 33.7ms</bind>
  <bind>Comp:10-2-6 Comp:10-3-6 0.103MBps 33.7ms</bind>
  <bind>Comp:10-3-7 Comp:10-2-7 0.103MBps 33.7ms</bind>
  <bind>Comp:10-2-7 Comp:10-3-7 0.103MBps 33.7ms</bind>
  <bind>Comp:10-3-8 Comp:10-2-8 0.103MBps 33.7ms</bind>
  <bind>Comp:10-2-8 Comp:10-3-8 0.103MBps 33.7ms</bind>
  <bind>Comp:10-3-0 Comp:10-2-9 0.103MBps 33.7ms</bind>
  <bind>Comp:10-2-9 Comp:10-3-0 0.103MBps 33.7ms</bind>
  <bind>Comp:10-3-0 Appliance-31 0.0787MBps 32.1ms</bind>
  <bind>Appliance-31 Comp:10-3-0 0.0787MBps 32.1ms</bind>
  <bind>Comp:10-3-1 Appliance-3 0.0787MBps 32.1ms</bind>
  <bind>Appliance-3 Comp:10-3-1 0.0787MBps 32.1ms</bind>
  <bind>Comp:10-3-2 Appliance-31 0.0787MBps 32.1ms</bind>
  <bind>Appliance-31 Comp:10-3-2 0.0787MBps 32.1ms</bind>
  <bind>Comp:10-3-3 Appliance-3 0.0787MBps 32.1ms</bind>
  <bind>Appliance-3 Comp:10-3-3 0.0787MBps 32.1ms</bind>
  <bind>Comp:10-3-4 Appliance-31 0.0787MBps 32.1ms</bind>
  <bind>Appliance-31 Comp:10-3-4 0.0787MBps 32.1ms</bind>
  <bind>Comp:10-3-5 Appliance-3 0.0787MBps 32.1ms</bind>
  <bind>Appliance-3 Comp:10-3-5 0.0787MBps 32.1ms</bind>
  <bind>Comp:10-3-6 Appliance-31 0.0787MBps 32.1ms</bind>
  <bind>Appliance-31 Comp:10-3-6 0.0787MBps 32.1ms</bind>
  <bind>Comp:10-3-7 Appliance-3 0.0787MBps 32.1ms</bind>
  <bind>Appliance-3 Comp:10-3-7 0.0787MBps 32.1ms</bind>
  <bind>Comp:10-3-8 Appliance-31 0.0787MBps 32.1ms</bind>
  <bind>Appliance-31 Comp:10-3-8 0.0787MBps 32.1ms</bind>
</app>
<app>
  <id>App11</id>
<comp>
  <id>Comp:11-0-0</id>
  <CPU>0.434Gf</CPU>
  <RAM>0.684GB</RAM>
  <DISK>1.95GB</DISK>
</comp>
<comp>
  <id>Comp:11-0-1</id>
  <CPU>0.434Gf</CPU>
  <RAM>0.684GB</RAM>
  <DISK>1.95GB</DISK>
</comp>
<comp>
  <id>Comp:11-0-2</id>
  <CPU>0.434Gf</CPU>
  <RAM>0.684GB</RAM>
  <DISK>1.95GB</DISK>
</comp>
<comp>
  <id>Comp:11-0-3</id>
  <CPU>0.434Gf</CPU>
  <RAM>0.684GB</RAM>
  <DISK>1.95GB</DISK>
</comp>
<comp>
  <id>Comp:11-0-4</id>
  <CPU>0.434Gf</CPU>
  <RAM>0.684GB</RAM>
  <DISK>1.95GB</DISK>
</comp>
<comp>
  <id>Comp:11-0-5</id>
  <CPU>0.434Gf</CPU>
  <RAM>0.684GB</RAM>
  <DISK>1.95GB</DISK>
</comp>
<comp>
  <id>Comp:11-0-6</id>
  <CPU>0.434Gf</CPU>
  <RAM>0.684GB</RAM>
  <DISK>1.95GB</DISK>
</comp>
<comp>
  <id>Comp:11-1-0</id>
  <CPU>0.815Gf</CPU>
  <RAM>0.967GB</RAM>
  <DISK>1.68GB</DISK>
</comp>
<comp>
  <id>Comp:11-1-1</id>
  <CPU>0.815Gf</CPU>
  <RAM>0.967GB</RAM>
  <DISK>1.68GB</DISK>
</comp>
<comp>
  <id>Comp:11-1-2</id>
  <CPU>0.815Gf</CPU>
  <RAM>0.967GB</RAM>
  <DISK>1.68GB</DISK>
</comp>
<comp>
  <id>Comp:11-1-3</id>
  <CPU>0.815Gf</CPU>
  <RAM>0.967GB</RAM>
  <DISK>1.68GB</DISK>
</comp>
<comp>
  <id>Comp:11-1-4</id>
  <CPU>0.815Gf</CPU>
  <RAM>0.967GB</RAM>
  <DISK>1.68GB</DISK>
</comp>
<comp>
  <id>Comp:11-1-5</id>
  <CPU>0.815Gf</CPU>
  <RAM>0.967GB</RAM>
  <DISK>1.68GB</DISK>
</comp>
<comp>
  <id>Comp:11-1-6</id>
  <CPU>0.815Gf</CPU>
  <RAM>0.967GB</RAM>
  <DISK>1.68GB</DISK>
</comp>
<comp>
  <id>Comp:11-1-7</id>
  <CPU>0.815Gf</CPU>
  <RAM>0.967GB</RAM>
  <DISK>1.68GB</DISK>
</comp>
<comp>
  <id>Comp:11-2-0</id>
  <CPU>0.742Gf</CPU>
  <RAM>0.966GB</RAM>
  <DISK>0.853GB</DISK>
</comp>
<comp>
  <id>Comp:11-2-1</id>
  <CPU>0.742Gf</CPU>
  <RAM>0.966GB</RAM>
  <DISK>0.853GB</DISK>
</comp>
<comp>
  <id>Comp:11-2-2</id>
  <CPU>0.742Gf</CPU>
  <RAM>0.966GB</RAM>
  <DISK>0.853GB</DISK>
</comp>
<comp>
  <id>Comp:11-2-3</id>
  <CPU>0.742Gf</CPU>
  <RAM>0.966GB</RAM>
  <DISK>0.853GB</DISK>
</comp>
<comp>
  <id>Comp:11-2-4</id>
  <CPU>0.742Gf</CPU>
  <RAM>0.966GB</RAM>
  <DISK>0.853GB</DISK>
</comp>
<comp>
  <id>Comp:11-3-0</id>
  <CPU>0.908Gf</CPU>
  <RAM>0.182GB</RAM>
  <DISK>1.66GB</DISK>
</comp>
<comp>
  <id>Comp:11-3-1</id>
  <CPU>0.908Gf</CPU>
  <RAM>0.182GB</RAM>
  <DISK>1.66GB</DISK>
</comp>
<comp>
  <id>Comp:11-4-0</id>
  <CPU>0.331Gf</CPU>
  <RAM>0.385GB</RAM>
  <DISK>1.23GB</DISK>
</comp>
<comp>
  <id>Comp:11-4-1</id>
  <CPU>0.331Gf</CPU>
  <RAM>0.385GB</RAM>
  <DISK>1.23GB</DISK>
</comp>
<comp>
  <id>Comp:11-4-2</id>
  <CPU>0.331Gf</CPU>
  <RAM>0.385GB</RAM>
  <DISK>1.23GB</DISK>
</comp>
<comp>
  <id>Comp:11-4-3</id>
  <CPU>0.331Gf</CPU>
  <RAM>0.385GB</RAM>
  <DISK>1.23GB</DISK>
</comp>
<comp>
  <id>Comp:11-4-4</id>
  <CPU>0.331Gf</CPU>
  <RAM>0.385GB</RAM>
  <DISK>1.23GB</DISK>
</comp>
<comp>
  <id>Comp:11-4-5</id>
  <CPU>0.331Gf</CPU>
  <RAM>0.385GB</RAM>
  <DISK>1.23GB</DISK>
</comp>
<comp>
  <id>Comp:11-4-6</id>
  <CPU>0.331Gf</CPU>
  <RAM>0.385GB</RAM>
  <DISK>1.23GB</DISK>
</comp>
<comp>
  <id>Comp:11-4-7</id>
  <CPU>0.331Gf</CPU>
  <RAM>0.385GB</RAM>
  <DISK>1.23GB</DISK>
</comp>
<comp>
  <id>Comp:11-4-8</id>
  <CPU>0.331Gf</CPU>
  <RAM>0.385GB</RAM>
  <DISK>1.23GB</DISK>
</comp>
<comp>
  <id>Comp:11-5-0</id>
  <CPU>0.335Gf</CPU>
  <RAM>0.821GB</RAM>
  <DISK>0.37GB</DISK>
</comp>
<comp>
  <id>Comp:11-5-1</id>
  <CPU>0.335Gf</CPU>
  <RAM>0.821GB</RAM>
  <DISK>0.37GB</DISK>
</comp>
<comp>
  <id>Comp:11-5-2</id>
  <CPU>0.335Gf</CPU>
  <RAM>0.821GB</RAM>
  <DISK>0.37GB</DISK>
</comp>
<comp>
  <id>Comp:11-5-3</id>
  <CPU>0.335Gf</CPU>
  <RAM>0.821GB</RAM>
  <DISK>0.37GB</DISK>
</comp>
<comp>
  <id>Comp:11-5-4</id>
  <CPU>0.335Gf</CPU>
  <RAM>0.821GB</RAM>
  <DISK>0.37GB</DISK>
</comp>
<comp>
  <id>Comp:11-5-5</id>
  <CPU>0.335Gf</CPU>
  <RAM>0.821GB</RAM>
  <DISK>0.37GB</DISK>
</comp>
<comp>
  <id>Comp:11-5-6</id>
  <CPU>0.335Gf</CPU>
  <RAM>0.821GB</RAM>
  <DISK>0.37GB</DISK>
</comp>
<comp>
  <id>Comp:11-5-7</id>
  <CPU>0.335Gf</CPU>
  <RAM>0.821GB</RAM>
  <DISK>0.37GB</DISK>
</comp>
<comp>
  <id>Comp:11-5-8</id>
  <CPU>0.335Gf</CPU>
  <RAM>0.821GB</RAM>
  <DISK>0.37GB</DISK>
</comp>
  <bind>Comp:11-1-0 Comp:11-0-0 0.63MBps 25.5ms</bind>
  <bind>Comp:11-0-0 Comp:11-1-0 0.63MBps 25.5ms</bind>
  <bind>Comp:11-1-1 Comp:11-0-1 0.63MBps 25.5ms</bind>
  <bind>Comp:11-0-1 Comp:11-1-1 0.63MBps 25.5ms</bind>
  <bind>Comp:11-1-2 Comp:11-0-2 0.63MBps 25.5ms</bind>
  <bind>Comp:11-0-2 Comp:11-1-2 0.63MBps 25.5ms</bind>
  <bind>Comp:11-1-3 Comp:11-0-3 0.63MBps 25.5ms</bind>
  <bind>Comp:11-0-3 Comp:11-1-3 0.63MBps 25.5ms</bind>
  <bind>Comp:11-1-4 Comp:11-0-4 0.63MBps 25.5ms</bind>
  <bind>Comp:11-0-4 Comp:11-1-4 0.63MBps 25.5ms</bind>
  <bind>Comp:11-1-5 Comp:11-0-5 0.63MBps 25.5ms</bind>
  <bind>Comp:11-0-5 Comp:11-1-5 0.63MBps 25.5ms</bind>
  <bind>Comp:11-1-6 Comp:11-0-6 0.63MBps 25.5ms</bind>
  <bind>Comp:11-0-6 Comp:11-1-6 0.63MBps 25.5ms</bind>
  <bind>Comp:11-1-7 Comp:11-0-0 0.63MBps 25.5ms</bind>
  <bind>Comp:11-0-0 Comp:11-1-7 0.63MBps 25.5ms</bind>
  <bind>Comp:11-2-0 Comp:11-1-0 0.456MBps 27.1ms</bind>
  <bind>Comp:11-1-0 Comp:11-2-0 0.456MBps 27.1ms</bind>
  <bind>Comp:11-2-1 Comp:11-1-1 0.456MBps 27.1ms</bind>
  <bind>Comp:11-1-1 Comp:11-2-1 0.456MBps 27.1ms</bind>
  <bind>Comp:11-2-2 Comp:11-1-2 0.456MBps 27.1ms</bind>
  <bind>Comp:11-1-2 Comp:11-2-2 0.456MBps 27.1ms</bind>
  <bind>Comp:11-2-3 Comp:11-1-3 0.456MBps 27.1ms</bind>
  <bind>Comp:11-1-3 Comp:11-2-3 0.456MBps 27.1ms</bind>
  <bind>Comp:11-2-4 Comp:11-1-4 0.456MBps 27.1ms</bind>
  <bind>Comp:11-1-4 Comp:11-2-4 0.456MBps 27.1ms</bind>
  <bind>Comp:11-2-0 Comp:11-1-5 0.456MBps 27.1ms</bind>
  <bind>Comp:11-1-5 Comp:11-2-0 0.456MBps 27.1ms</bind>
  <bind>Comp:11-2-1 Comp:11-1-6 0.456MBps 27.1ms</bind>
  <bind>Comp:11-1-6 Comp:11-2-1 0.456MBps 27.1ms</bind>
  <bind>Comp:11-2-2 Comp:11-1-7 0.456MBps 27.1ms</bind>
  <bind>Comp:11-1-7 Comp:11-2-2 0.456MBps 27.1ms</bind>
  <bind>Comp:11-3-0 Comp:11-2-0 0.588MBps 43.2ms</bind>
  <bind>Comp:11-2-0 Comp:11-3-0 0.588MBps 43.2ms</bind>
  <bind>Comp:11-3-1 Comp:11-2-1 0.588MBps 43.2ms</bind>
  <bind>Comp:11-2-1 Comp:11-3-1 0.588MBps 43.2ms</bind>
  <bind>Comp:11-3-0 Comp:11-2-2 0.588MBps 43.2ms</bind>
  <bind>Comp:11-2-2 Comp:11-3-0 0.588MBps 43.2ms</bind>
  <bind>Comp:11-3-1 Comp:11-2-3 0.588MBps 43.2ms</bind>
  <bind>Comp:11-2-3 Comp:11-3-1 0.588MBps 43.2ms</bind>
  <bind>Comp:11-3-0 Comp:11-2-4 0.588MBps 43.2ms</bind>
  <bind>Comp:11-2-4 Comp:11-3-0 0.588MBps 43.2ms</bind>
  <bind>Comp:11-4-0 Comp:11-3-0 0.314MBps 48.1ms</bind>
  <bind>Comp:11-3-0 Comp:11-4-0 0.314MBps 48.1ms</bind>
  <bind>Comp:11-4-1 Comp:11-3-1 0.314MBps 48.1ms</bind>
  <bind>Comp:11-3-1 Comp:11-4-1 0.314MBps 48.1ms</bind>
  <bind>Comp:11-4-2 Comp:11-3-0 0.314MBps 48.1ms</bind>
  <bind>Comp:11-3-0 Comp:11-4-2 0.314MBps 48.1ms</bind>
  <bind>Comp:11-4-3 Comp:11-3-1 0.314MBps 48.1ms</bind>
  <bind>Comp:11-3-1 Comp:11-4-3 0.314MBps 48.1ms</bind>
  <bind>Comp:11-4-4 Comp:11-3-0 0.314MBps 48.1ms</bind>
  <bind>Comp:11-3-0 Comp:11-4-4 0.314MBps 48.1ms</bind>
  <bind>Comp:11-4-5 Comp:11-3-1 0.314MBps 48.1ms</bind>
  <bind>Comp:11-3-1 Comp:11-4-5 0.314MBps 48.1ms</bind>
  <bind>Comp:11-4-6 Comp:11-3-0 0.314MBps 48.1ms</bind>
  <bind>Comp:11-3-0 Comp:11-4-6 0.314MBps 48.1ms</bind>
  <bind>Comp:11-4-7 Comp:11-3-1 0.314MBps 48.1ms</bind>
  <bind>Comp:11-3-1 Comp:11-4-7 0.314MBps 48.1ms</bind>
  <bind>Comp:11-4-8 Comp:11-3-0 0.314MBps 48.1ms</bind>
  <bind>Comp:11-3-0 Comp:11-4-8 0.314MBps 48.1ms</bind>
  <bind>Comp:11-5-0 Comp:11-4-0 0.613MBps 39.0ms</bind>
  <bind>Comp:11-4-0 Comp:11-5-0 0.613MBps 39.0ms</bind>
  <bind>Comp:11-5-1 Comp:11-4-1 0.613MBps 39.0ms</bind>
  <bind>Comp:11-4-1 Comp:11-5-1 0.613MBps 39.0ms</bind>
  <bind>Comp:11-5-2 Comp:11-4-2 0.613MBps 39.0ms</bind>
  <bind>Comp:11-4-2 Comp:11-5-2 0.613MBps 39.0ms</bind>
  <bind>Comp:11-5-3 Comp:11-4-3 0.613MBps 39.0ms</bind>
  <bind>Comp:11-4-3 Comp:11-5-3 0.613MBps 39.0ms</bind>
  <bind>Comp:11-5-4 Comp:11-4-4 0.613MBps 39.0ms</bind>
  <bind>Comp:11-4-4 Comp:11-5-4 0.613MBps 39.0ms</bind>
  <bind>Comp:11-5-5 Comp:11-4-5 0.613MBps 39.0ms</bind>
  <bind>Comp:11-4-5 Comp:11-5-5 0.613MBps 39.0ms</bind>
  <bind>Comp:11-5-6 Comp:11-4-6 0.613MBps 39.0ms</bind>
  <bind>Comp:11-4-6 Comp:11-5-6 0.613MBps 39.0ms</bind>
  <bind>Comp:11-5-7 Comp:11-4-7 0.613MBps 39.0ms</bind>
  <bind>Comp:11-4-7 Comp:11-5-7 0.613MBps 39.0ms</bind>
  <bind>Comp:11-5-8 Comp:11-4-8 0.613MBps 39.0ms</bind>
  <bind>Comp:11-4-8 Comp:11-5-8 0.613MBps 39.0ms</bind>
  <bind>Comp:11-5-0 Appliance-4 0.856MBps 33.7ms</bind>
  <bind>Appliance-4 Comp:11-5-0 0.856MBps 33.7ms</bind>
  <bind>Comp:11-5-1 Appliance-4 0.856MBps 33.7ms</bind>
  <bind>Appliance-4 Comp:11-5-1 0.856MBps 33.7ms</bind>
  <bind>Comp:11-5-2 Appliance-4 0.856MBps 33.7ms</bind>
  <bind>Appliance-4 Comp:11-5-2 0.856MBps 33.7ms</bind>
  <bind>Comp:11-5-3 Appliance-4 0.856MBps 33.7ms</bind>
  <bind>Appliance-4 Comp:11-5-3 0.856MBps 33.7ms</bind>
  <bind>Comp:11-5-4 Appliance-4 0.856MBps 33.7ms</bind>
  <bind>Appliance-4 Comp:11-5-4 0.856MBps 33.7ms</bind>
  <bind>Comp:11-5-5 Appliance-4 0.856MBps 33.7ms</bind>
  <bind>Appliance-4 Comp:11-5-5 0.856MBps 33.7ms</bind>
  <bind>Comp:11-5-6 Appliance-4 0.856MBps 33.7ms</bind>
  <bind>Appliance-4 Comp:11-5-6 0.856MBps 33.7ms</bind>
  <bind>Comp:11-5-7 Appliance-4 0.856MBps 33.7ms</bind>
  <bind>Appliance-4 Comp:11-5-7 0.856MBps 33.7ms</bind>
  <bind>Comp:11-5-8 Appliance-4 0.856MBps 33.7ms</bind>
  <bind>Appliance-4 Comp:11-5-8 0.856MBps 33.7ms</bind>
</app>
<app>
  <id>App12</id>
<comp>
  <id>Comp:12-1-0</id>
  <CPU>0.279Gf</CPU>
  <RAM>0.722GB</RAM>
  <DISK>1.44GB</DISK>
</comp>
<comp>
  <id>Comp:12-1-1</id>
  <CPU>0.279Gf</CPU>
  <RAM>0.722GB</RAM>
  <DISK>1.44GB</DISK>
</comp>
<comp>
  <id>Comp:12-1-2</id>
  <CPU>0.279Gf</CPU>
  <RAM>0.722GB</RAM>
  <DISK>1.44GB</DISK>
</comp>
<comp>
  <id>Comp:12-2-0</id>
  <CPU>0.734Gf</CPU>
  <RAM>0.994GB</RAM>
  <DISK>0.974GB</DISK>
</comp>
<comp>
  <id>Comp:12-2-1</id>
  <CPU>0.734Gf</CPU>
  <RAM>0.994GB</RAM>
  <DISK>0.974GB</DISK>
</comp>
<comp>
  <id>Comp:12-2-2</id>
  <CPU>0.734Gf</CPU>
  <RAM>0.994GB</RAM>
  <DISK>0.974GB</DISK>
</comp>
<comp>
  <id>Comp:12-2-3</id>
  <CPU>0.734Gf</CPU>
  <RAM>0.994GB</RAM>
  <DISK>0.974GB</DISK>
</comp>
<comp>
  <id>Comp:12-2-4</id>
  <CPU>0.734Gf</CPU>
  <RAM>0.994GB</RAM>
  <DISK>0.974GB</DISK>
</comp>
<comp>
  <id>Comp:12-2-5</id>
  <CPU>0.734Gf</CPU>
  <RAM>0.994GB</RAM>
  <DISK>0.974GB</DISK>
</comp>
<comp>
  <id>Comp:12-2-6</id>
  <CPU>0.734Gf</CPU>
  <RAM>0.994GB</RAM>
  <DISK>0.974GB</DISK>
</comp>
  <bind>Comp:12-1-0 Appliance-15 0.318MBps 46.7ms</bind>
  <bind>Appliance-15 Comp:12-1-0 0.318MBps 46.7ms</bind>
  <bind>Comp:12-1-1 Appliance-32 0.318MBps 46.7ms</bind>
  <bind>Appliance-32 Comp:12-1-1 0.318MBps 46.7ms</bind>
  <bind>Comp:12-1-2 Appliance-29 0.318MBps 46.7ms</bind>
  <bind>Appliance-29 Comp:12-1-2 0.318MBps 46.7ms</bind>
  <bind>Comp:12-1-0 Appliance-34 0.318MBps 46.7ms</bind>
  <bind>Appliance-34 Comp:12-1-0 0.318MBps 46.7ms</bind>
  <bind>Comp:12-2-0 Comp:12-1-0 0.609MBps 40.4ms</bind>
  <bind>Comp:12-1-0 Comp:12-2-0 0.609MBps 40.4ms</bind>
  <bind>Comp:12-2-1 Comp:12-1-1 0.609MBps 40.4ms</bind>
  <bind>Comp:12-1-1 Comp:12-2-1 0.609MBps 40.4ms</bind>
  <bind>Comp:12-2-2 Comp:12-1-2 0.609MBps 40.4ms</bind>
  <bind>Comp:12-1-2 Comp:12-2-2 0.609MBps 40.4ms</bind>
  <bind>Comp:12-2-3 Comp:12-1-0 0.609MBps 40.4ms</bind>
  <bind>Comp:12-1-0 Comp:12-2-3 0.609MBps 40.4ms</bind>
  <bind>Comp:12-2-4 Comp:12-1-1 0.609MBps 40.4ms</bind>
  <bind>Comp:12-1-1 Comp:12-2-4 0.609MBps 40.4ms</bind>
  <bind>Comp:12-2-5 Comp:12-1-2 0.609MBps 40.4ms</bind>
  <bind>Comp:12-1-2 Comp:12-2-5 0.609MBps 40.4ms</bind>
  <bind>Comp:12-2-6 Comp:12-1-0 0.609MBps 40.4ms</bind>
  <bind>Comp:12-1-0 Comp:12-2-6 0.609MBps 40.4ms</bind>
  <bind>Comp:12-2-0 Appliance-8 0.0489MBps 43.9ms</bind>
  <bind>Appliance-8 Comp:12-2-0 0.0489MBps 43.9ms</bind>
  <bind>Comp:12-2-1 Appliance-37 0.0489MBps 43.9ms</bind>
  <bind>Appliance-37 Comp:12-2-1 0.0489MBps 43.9ms</bind>
  <bind>Comp:12-2-2 Appliance-34 0.0489MBps 43.9ms</bind>
  <bind>Appliance-34 Comp:12-2-2 0.0489MBps 43.9ms</bind>
  <bind>Comp:12-2-3 Appliance-33 0.0489MBps 43.9ms</bind>
  <bind>Appliance-33 Comp:12-2-3 0.0489MBps 43.9ms</bind>
  <bind>Comp:12-2-4 Appliance-32 0.0489MBps 43.9ms</bind>
  <bind>Appliance-32 Comp:12-2-4 0.0489MBps 43.9ms</bind>
  <bind>Comp:12-2-5 Appliance-33 0.0489MBps 43.9ms</bind>
  <bind>Appliance-33 Comp:12-2-5 0.0489MBps 43.9ms</bind>
  <bind>Comp:12-2-6 Appliance-4 0.0489MBps 43.9ms</bind>
  <bind>Appliance-4 Comp:12-2-6 0.0489MBps 43.9ms</bind>
  <bind>Comp:12-2-0 Appliance-32 0.0489MBps 43.9ms</bind>
  <bind>Appliance-32 Comp:12-2-0 0.0489MBps 43.9ms</bind>
  <bind>Comp:12-2-1 Appliance-29 0.0489MBps 43.9ms</bind>
  <bind>Appliance-29 Comp:12-2-1 0.0489MBps 43.9ms</bind>
  <bind>Comp:12-2-2 Appliance-29 0.0489MBps 43.9ms</bind>
  <bind>Appliance-29 Comp:12-2-2 0.0489MBps 43.9ms</bind>
</app>
<app>
  <id>App13</id>
<comp>
  <id>Comp:13-0-0</id>
  <CPU>0.804Gf</CPU>
  <RAM>0.868GB</RAM>
  <DISK>1.78GB</DISK>
</comp>
<comp>
  <id>Comp:13-0-1</id>
  <CPU>0.804Gf</CPU>
  <RAM>0.868GB</RAM>
  <DISK>1.78GB</DISK>
</comp>
<comp>
  <id>Comp:13-0-2</id>
  <CPU>0.804Gf</CPU>
  <RAM>0.868GB</RAM>
  <DISK>1.78GB</DISK>
</comp>
<comp>
  <id>Comp:13-0-3</id>
  <CPU>0.804Gf</CPU>
  <RAM>0.868GB</RAM>
  <DISK>1.78GB</DISK>
</comp>
<comp>
  <id>Comp:13-0-4</id>
  <CPU>0.804Gf</CPU>
  <RAM>0.868GB</RAM>
  <DISK>1.78GB</DISK>
</comp>
<comp>
  <id>Comp:13-1-0</id>
  <CPU>0.744Gf</CPU>
  <RAM>0.214GB</RAM>
  <DISK>0.46GB</DISK>
</comp>
<comp>
  <id>Comp:13-2-0</id>
  <CPU>0.317Gf</CPU>
  <RAM>0.534GB</RAM>
  <DISK>0.823GB</DISK>
</comp>
<comp>
  <id>Comp:13-2-1</id>
  <CPU>0.317Gf</CPU>
  <RAM>0.534GB</RAM>
  <DISK>0.823GB</DISK>
</comp>
<comp>
  <id>Comp:13-2-2</id>
  <CPU>0.317Gf</CPU>
  <RAM>0.534GB</RAM>
  <DISK>0.823GB</DISK>
</comp>
<comp>
  <id>Comp:13-2-3</id>
  <CPU>0.317Gf</CPU>
  <RAM>0.534GB</RAM>
  <DISK>0.823GB</DISK>
</comp>
<comp>
  <id>Comp:13-3-0</id>
  <CPU>0.206Gf</CPU>
  <RAM>0.737GB</RAM>
  <DISK>0.937GB</DISK>
</comp>
<comp>
  <id>Comp:13-3-1</id>
  <CPU>0.206Gf</CPU>
  <RAM>0.737GB</RAM>
  <DISK>0.937GB</DISK>
</comp>
<comp>
  <id>Comp:13-3-2</id>
  <CPU>0.206Gf</CPU>
  <RAM>0.737GB</RAM>
  <DISK>0.937GB</DISK>
</comp>
<comp>
  <id>Comp:13-3-3</id>
  <CPU>0.206Gf</CPU>
  <RAM>0.737GB</RAM>
  <DISK>0.937GB</DISK>
</comp>
  <bind>Comp:13-1-0 Comp:13-0-0 0.885MBps 35.2ms</bind>
  <bind>Comp:13-0-0 Comp:13-1-0 0.885MBps 35.2ms</bind>
  <bind>Comp:13-1-0 Comp:13-0-1 0.885MBps 35.2ms</bind>
  <bind>Comp:13-0-1 Comp:13-1-0 0.885MBps 35.2ms</bind>
  <bind>Comp:13-1-0 Comp:13-0-2 0.885MBps 35.2ms</bind>
  <bind>Comp:13-0-2 Comp:13-1-0 0.885MBps 35.2ms</bind>
  <bind>Comp:13-1-0 Comp:13-0-3 0.885MBps 35.2ms</bind>
  <bind>Comp:13-0-3 Comp:13-1-0 0.885MBps 35.2ms</bind>
  <bind>Comp:13-1-0 Comp:13-0-4 0.885MBps 35.2ms</bind>
  <bind>Comp:13-0-4 Comp:13-1-0 0.885MBps 35.2ms</bind>
  <bind>Comp:13-2-0 Comp:13-1-0 0.843MBps 25.2ms</bind>
  <bind>Comp:13-1-0 Comp:13-2-0 0.843MBps 25.2ms</bind>
  <bind>Comp:13-2-1 Comp:13-1-0 0.843MBps 25.2ms</bind>
  <bind>Comp:13-1-0 Comp:13-2-1 0.843MBps 25.2ms</bind>
  <bind>Comp:13-2-2 Comp:13-1-0 0.843MBps 25.2ms</bind>
  <bind>Comp:13-1-0 Comp:13-2-2 0.843MBps 25.2ms</bind>
  <bind>Comp:13-2-3 Comp:13-1-0 0.843MBps 25.2ms</bind>
  <bind>Comp:13-1-0 Comp:13-2-3 0.843MBps 25.2ms</bind>
  <bind>Comp:13-3-0 Comp:13-2-0 0.804MBps 33.7ms</bind>
  <bind>Comp:13-2-0 Comp:13-3-0 0.804MBps 33.7ms</bind>
  <bind>Comp:13-3-1 Comp:13-2-1 0.804MBps 33.7ms</bind>
  <bind>Comp:13-2-1 Comp:13-3-1 0.804MBps 33.7ms</bind>
  <bind>Comp:13-3-2 Comp:13-2-2 0.804MBps 33.7ms</bind>
  <bind>Comp:13-2-2 Comp:13-3-2 0.804MBps 33.7ms</bind>
  <bind>Comp:13-3-3 Comp:13-2-3 0.804MBps 33.7ms</bind>
  <bind>Comp:13-2-3 Comp:13-3-3 0.804MBps 33.7ms</bind>
  <bind>Comp:13-3-0 Appliance-27 0.976MBps 48.0ms</bind>
  <bind>Appliance-27 Comp:13-3-0 0.976MBps 48.0ms</bind>
  <bind>Comp:13-3-1 Appliance-0 0.976MBps 48.0ms</bind>
  <bind>Appliance-0 Comp:13-3-1 0.976MBps 48.0ms</bind>
  <bind>Comp:13-3-2 Appliance-21 0.976MBps 48.0ms</bind>
  <bind>Appliance-21 Comp:13-3-2 0.976MBps 48.0ms</bind>
  <bind>Comp:13-3-3 Appliance-7 0.976MBps 48.0ms</bind>
  <bind>Appliance-7 Comp:13-3-3 0.976MBps 48.0ms</bind>
  <bind>Comp:13-3-0 Appliance-7 0.976MBps 48.0ms</bind>
  <bind>Appliance-7 Comp:13-3-0 0.976MBps 48.0ms</bind>
  <bind>Comp:13-3-1 Appliance-2 0.976MBps 48.0ms</bind>
  <bind>Appliance-2 Comp:13-3-1 0.976MBps 48.0ms</bind>
  <bind>Comp:13-3-2 Appliance-11 0.976MBps 48.0ms</bind>
  <bind>Appliance-11 Comp:13-3-2 0.976MBps 48.0ms</bind>
  <bind>Comp:13-3-3 Appliance-13 0.976MBps 48.0ms</bind>
  <bind>Appliance-13 Comp:13-3-3 0.976MBps 48.0ms</bind>
</app>
<app>
  <id>App14</id>
<comp>
  <id>Comp:14-0-0</id>
  <CPU>0.596Gf</CPU>
  <RAM>0.583GB</RAM>
  <DISK>1.33GB</DISK>
</comp>
<comp>
  <id>Comp:14-0-1</id>
  <CPU>0.596Gf</CPU>
  <RAM>0.583GB</RAM>
  <DISK>1.33GB</DISK>
</comp>
<comp>
  <id>Comp:14-0-2</id>
  <CPU>0.596Gf</CPU>
  <RAM>0.583GB</RAM>
  <DISK>1.33GB</DISK>
</comp>
<comp>
  <id>Comp:14-0-3</id>
  <CPU>0.596Gf</CPU>
  <RAM>0.583GB</RAM>
  <DISK>1.33GB</DISK>
</comp>
<comp>
  <id>Comp:14-1-0</id>
  <CPU>0.159Gf</CPU>
  <RAM>0.142GB</RAM>
  <DISK>0.717GB</DISK>
</comp>
<comp>
  <id>Comp:14-1-1</id>
  <CPU>0.159Gf</CPU>
  <RAM>0.142GB</RAM>
  <DISK>0.717GB</DISK>
</comp>
<comp>
  <id>Comp:14-1-2</id>
  <CPU>0.159Gf</CPU>
  <RAM>0.142GB</RAM>
  <DISK>0.717GB</DISK>
</comp>
<comp>
  <id>Comp:14-1-3</id>
  <CPU>0.159Gf</CPU>
  <RAM>0.142GB</RAM>
  <DISK>0.717GB</DISK>
</comp>
<comp>
  <id>Comp:14-1-4</id>
  <CPU>0.159Gf</CPU>
  <RAM>0.142GB</RAM>
  <DISK>0.717GB</DISK>
</comp>
<comp>
  <id>Comp:14-1-5</id>
  <CPU>0.159Gf</CPU>
  <RAM>0.142GB</RAM>
  <DISK>0.717GB</DISK>
</comp>
<comp>
  <id>Comp:14-2-0</id>
  <CPU>0.995Gf</CPU>
  <RAM>0.247GB</RAM>
  <DISK>0.902GB</DISK>
</comp>
<comp>
  <id>Comp:14-2-1</id>
  <CPU>0.995Gf</CPU>
  <RAM>0.247GB</RAM>
  <DISK>0.902GB</DISK>
</comp>
<comp>
  <id>Comp:14-2-2</id>
  <CPU>0.995Gf</CPU>
  <RAM>0.247GB</RAM>
  <DISK>0.902GB</DISK>
</comp>
<comp>
  <id>Comp:14-2-3</id>
  <CPU>0.995Gf</CPU>
  <RAM>0.247GB</RAM>
  <DISK>0.902GB</DISK>
</comp>
<comp>
  <id>Comp:14-2-4</id>
  <CPU>0.995Gf</CPU>
  <RAM>0.247GB</RAM>
  <DISK>0.902GB</DISK>
</comp>
<comp>
  <id>Comp:14-2-5</id>
  <CPU>0.995Gf</CPU>
  <RAM>0.247GB</RAM>
  <DISK>0.902GB</DISK>
</comp>
  <bind>Comp:14-1-0 Comp:14-0-0 0.336MBps 26.2ms</bind>
  <bind>Comp:14-0-0 Comp:14-1-0 0.336MBps 26.2ms</bind>
  <bind>Comp:14-1-1 Comp:14-0-1 0.336MBps 26.2ms</bind>
  <bind>Comp:14-0-1 Comp:14-1-1 0.336MBps 26.2ms</bind>
  <bind>Comp:14-1-2 Comp:14-0-2 0.336MBps 26.2ms</bind>
  <bind>Comp:14-0-2 Comp:14-1-2 0.336MBps 26.2ms</bind>
  <bind>Comp:14-1-3 Comp:14-0-3 0.336MBps 26.2ms</bind>
  <bind>Comp:14-0-3 Comp:14-1-3 0.336MBps 26.2ms</bind>
  <bind>Comp:14-1-4 Comp:14-0-0 0.336MBps 26.2ms</bind>
  <bind>Comp:14-0-0 Comp:14-1-4 0.336MBps 26.2ms</bind>
  <bind>Comp:14-1-5 Comp:14-0-1 0.336MBps 26.2ms</bind>
  <bind>Comp:14-0-1 Comp:14-1-5 0.336MBps 26.2ms</bind>
  <bind>Comp:14-2-0 Comp:14-1-0 0.804MBps 45.9ms</bind>
  <bind>Comp:14-1-0 Comp:14-2-0 0.804MBps 45.9ms</bind>
  <bind>Comp:14-2-1 Comp:14-1-1 0.804MBps 45.9ms</bind>
  <bind>Comp:14-1-1 Comp:14-2-1 0.804MBps 45.9ms</bind>
  <bind>Comp:14-2-2 Comp:14-1-2 0.804MBps 45.9ms</bind>
  <bind>Comp:14-1-2 Comp:14-2-2 0.804MBps 45.9ms</bind>
  <bind>Comp:14-2-3 Comp:14-1-3 0.804MBps 45.9ms</bind>
  <bind>Comp:14-1-3 Comp:14-2-3 0.804MBps 45.9ms</bind>
  <bind>Comp:14-2-4 Comp:14-1-4 0.804MBps 45.9ms</bind>
  <bind>Comp:14-1-4 Comp:14-2-4 0.804MBps 45.9ms</bind>
  <bind>Comp:14-2-5 Comp:14-1-5 0.804MBps 45.9ms</bind>
  <bind>Comp:14-1-5 Comp:14-2-5 0.804MBps 45.9ms</bind>
  <bind>Comp:14-2-0 Appliance-30 0.523MBps 33.5ms</bind>
  <bind>Appliance-30 Comp:14-2-0 0.523MBps 33.5ms</bind>
  <bind>Comp:14-2-1 Appliance-37 0.523MBps 33.5ms</bind>
  <bind>Appliance-37 Comp:14-2-1 0.523MBps 33.5ms</bind>
  <bind>Comp:14-2-2 Appliance-22 0.523MBps 33.5ms</bind>
  <bind>Appliance-22 Comp:14-2-2 0.523MBps 33.5ms</bind>
  <bind>Comp:14-2-3 Appliance-8 0.523MBps 33.5ms</bind>
  <bind>Appliance-8 Comp:14-2-3 0.523MBps 33.5ms</bind>
  <bind>Comp:14-2-4 Appliance-30 0.523MBps 33.5ms</bind>
  <bind>Appliance-30 Comp:14-2-4 0.523MBps 33.5ms</bind>
  <bind>Comp:14-2-5 Appliance-32 0.523MBps 33.5ms</bind>
  <bind>Appliance-32 Comp:14-2-5 0.523MBps 33.5ms</bind>
  <bind>Comp:14-2-0 Appliance-37 0.523MBps 33.5ms</bind>
  <bind>Appliance-37 Comp:14-2-0 0.523MBps 33.5ms</bind>
</app>
<app>
  <id>App15</id>
<comp>
  <id>Comp:15-1-0</id>
  <CPU>0.974Gf</CPU>
  <RAM>0.686GB</RAM>
  <DISK>1.32GB</DISK>
</comp>
<comp>
  <id>Comp:15-2-0</id>
  <CPU>0.758Gf</CPU>
  <RAM>0.565GB</RAM>
  <DISK>1.52GB</DISK>
</comp>
<comp>
  <id>Comp:15-2-1</id>
  <CPU>0.758Gf</CPU>
  <RAM>0.565GB</RAM>
  <DISK>1.52GB</DISK>
</comp>
<comp>
  <id>Comp:15-2-2</id>
  <CPU>0.758Gf</CPU>
  <RAM>0.565GB</RAM>
  <DISK>1.52GB</DISK>
</comp>
<comp>
  <id>Comp:15-3-0</id>
  <CPU>0.716Gf</CPU>
  <RAM>0.602GB</RAM>
  <DISK>0.628GB</DISK>
</comp>
<comp>
  <id>Comp:15-3-1</id>
  <CPU>0.716Gf</CPU>
  <RAM>0.602GB</RAM>
  <DISK>0.628GB</DISK>
</comp>
  <bind>Comp:15-1-0 Appliance-33 0.356MBps 49.6ms</bind>
  <bind>Appliance-33 Comp:15-1-0 0.356MBps 49.6ms</bind>
  <bind>Comp:15-1-0 Appliance-15 0.356MBps 49.6ms</bind>
  <bind>Appliance-15 Comp:15-1-0 0.356MBps 49.6ms</bind>
  <bind>Comp:15-1-0 Appliance-15 0.356MBps 49.6ms</bind>
  <bind>Appliance-15 Comp:15-1-0 0.356MBps 49.6ms</bind>
  <bind>Comp:15-1-0 Appliance-19 0.356MBps 49.6ms</bind>
  <bind>Appliance-19 Comp:15-1-0 0.356MBps 49.6ms</bind>
  <bind>Comp:15-2-0 Comp:15-1-0 0.305MBps 26.9ms</bind>
  <bind>Comp:15-1-0 Comp:15-2-0 0.305MBps 26.9ms</bind>
  <bind>Comp:15-2-1 Comp:15-1-0 0.305MBps 26.9ms</bind>
  <bind>Comp:15-1-0 Comp:15-2-1 0.305MBps 26.9ms</bind>
  <bind>Comp:15-2-2 Comp:15-1-0 0.305MBps 26.9ms</bind>
  <bind>Comp:15-1-0 Comp:15-2-2 0.305MBps 26.9ms</bind>
  <bind>Comp:15-3-0 Comp:15-2-0 0.32MBps 26.7ms</bind>
  <bind>Comp:15-2-0 Comp:15-3-0 0.32MBps 26.7ms</bind>
  <bind>Comp:15-3-1 Comp:15-2-1 0.32MBps 26.7ms</bind>
  <bind>Comp:15-2-1 Comp:15-3-1 0.32MBps 26.7ms</bind>
  <bind>Comp:15-3-0 Comp:15-2-2 0.32MBps 26.7ms</bind>
  <bind>Comp:15-2-2 Comp:15-3-0 0.32MBps 26.7ms</bind>
  <bind>Comp:15-3-0 Appliance-29 0.392MBps 40.3ms</bind>
  <bind>Appliance-29 Comp:15-3-0 0.392MBps 40.3ms</bind>
  <bind>Comp:15-3-1 Appliance-4 0.392MBps 40.3ms</bind>
  <bind>Appliance-4 Comp:15-3-1 0.392MBps 40.3ms</bind>
  <bind>Comp:15-3-0 Appliance-4 0.392MBps 40.3ms</bind>
  <bind>Appliance-4 Comp:15-3-0 0.392MBps 40.3ms</bind>
  <bind>Comp:15-3-1 Appliance-29 0.392MBps 40.3ms</bind>
  <bind>Appliance-29 Comp:15-3-1 0.392MBps 40.3ms</bind>
</app>
<app>
  <id>App17</id>
<comp>
  <id>Comp:17-0-0</id>
  <CPU>0.788Gf</CPU>
  <RAM>0.126GB</RAM>
  <DISK>0.566GB</DISK>
</comp>
<comp>
  <id>Comp:17-0-1</id>
  <CPU>0.788Gf</CPU>
  <RAM>0.126GB</RAM>
  <DISK>0.566GB</DISK>
</comp>
<comp>
  <id>Comp:17-0-2</id>
  <CPU>0.788Gf</CPU>
  <RAM>0.126GB</RAM>
  <DISK>0.566GB</DISK>
</comp>
<comp>
  <id>Comp:17-0-3</id>
  <CPU>0.788Gf</CPU>
  <RAM>0.126GB</RAM>
  <DISK>0.566GB</DISK>
</comp>
<comp>
  <id>Comp:17-0-4</id>
  <CPU>0.788Gf</CPU>
  <RAM>0.126GB</RAM>
  <DISK>0.566GB</DISK>
</comp>
<comp>
  <id>Comp:17-0-5</id>
  <CPU>0.788Gf</CPU>
  <RAM>0.126GB</RAM>
  <DISK>0.566GB</DISK>
</comp>
<comp>
  <id>Comp:17-0-6</id>
  <CPU>0.788Gf</CPU>
  <RAM>0.126GB</RAM>
  <DISK>0.566GB</DISK>
</comp>
<comp>
  <id>Comp:17-0-7</id>
  <CPU>0.788Gf</CPU>
  <RAM>0.126GB</RAM>
  <DISK>0.566GB</DISK>
</comp>
<comp>
  <id>Comp:17-0-8</id>
  <CPU>0.788Gf</CPU>
  <RAM>0.126GB</RAM>
  <DISK>0.566GB</DISK>
</comp>
<comp>
  <id>Comp:17-0-9</id>
  <CPU>0.788Gf</CPU>
  <RAM>0.126GB</RAM>
  <DISK>0.566GB</DISK>
</comp>
<comp>
  <id>Comp:17-1-0</id>
  <CPU>0.746Gf</CPU>
  <RAM>0.871GB</RAM>
  <DISK>0.498GB</DISK>
</comp>
<comp>
  <id>Comp:17-1-1</id>
  <CPU>0.746Gf</CPU>
  <RAM>0.871GB</RAM>
  <DISK>0.498GB</DISK>
</comp>
<comp>
  <id>Comp:17-1-2</id>
  <CPU>0.746Gf</CPU>
  <RAM>0.871GB</RAM>
  <DISK>0.498GB</DISK>
</comp>
<comp>
  <id>Comp:17-2-0</id>
  <CPU>0.407Gf</CPU>
  <RAM>0.871GB</RAM>
  <DISK>1.37GB</DISK>
</comp>
<comp>
  <id>Comp:17-2-1</id>
  <CPU>0.407Gf</CPU>
  <RAM>0.871GB</RAM>
  <DISK>1.37GB</DISK>
</comp>
<comp>
  <id>Comp:17-3-0</id>
  <CPU>0.317Gf</CPU>
  <RAM>0.397GB</RAM>
  <DISK>1.4GB</DISK>
</comp>
<comp>
  <id>Comp:17-3-1</id>
  <CPU>0.317Gf</CPU>
  <RAM>0.397GB</RAM>
  <DISK>1.4GB</DISK>
</comp>
<comp>
  <id>Comp:17-3-2</id>
  <CPU>0.317Gf</CPU>
  <RAM>0.397GB</RAM>
  <DISK>1.4GB</DISK>
</comp>
<comp>
  <id>Comp:17-3-3</id>
  <CPU>0.317Gf</CPU>
  <RAM>0.397GB</RAM>
  <DISK>1.4GB</DISK>
</comp>
<comp>
  <id>Comp:17-3-4</id>
  <CPU>0.317Gf</CPU>
  <RAM>0.397GB</RAM>
  <DISK>1.4GB</DISK>
</comp>
<comp>
  <id>Comp:17-3-5</id>
  <CPU>0.317Gf</CPU>
  <RAM>0.397GB</RAM>
  <DISK>1.4GB</DISK>
</comp>
<comp>
  <id>Comp:17-3-6</id>
  <CPU>0.317Gf</CPU>
  <RAM>0.397GB</RAM>
  <DISK>1.4GB</DISK>
</comp>
<comp>
  <id>Comp:17-3-7</id>
  <CPU>0.317Gf</CPU>
  <RAM>0.397GB</RAM>
  <DISK>1.4GB</DISK>
</comp>
<comp>
  <id>Comp:17-3-8</id>
  <CPU>0.317Gf</CPU>
  <RAM>0.397GB</RAM>
  <DISK>1.4GB</DISK>
</comp>
<comp>
  <id>Comp:17-4-0</id>
  <CPU>0.81Gf</CPU>
  <RAM>0.591GB</RAM>
  <DISK>0.225GB</DISK>
</comp>
<comp>
  <id>Comp:17-4-1</id>
  <CPU>0.81Gf</CPU>
  <RAM>0.591GB</RAM>
  <DISK>0.225GB</DISK>
</comp>
<comp>
  <id>Comp:17-4-2</id>
  <CPU>0.81Gf</CPU>
  <RAM>0.591GB</RAM>
  <DISK>0.225GB</DISK>
</comp>
<comp>
  <id>Comp:17-4-3</id>
  <CPU>0.81Gf</CPU>
  <RAM>0.591GB</RAM>
  <DISK>0.225GB</DISK>
</comp>
<comp>
  <id>Comp:17-4-4</id>
  <CPU>0.81Gf</CPU>
  <RAM>0.591GB</RAM>
  <DISK>0.225GB</DISK>
</comp>
<comp>
  <id>Comp:17-4-5</id>
  <CPU>0.81Gf</CPU>
  <RAM>0.591GB</RAM>
  <DISK>0.225GB</DISK>
</comp>
<comp>
  <id>Comp:17-4-6</id>
  <CPU>0.81Gf</CPU>
  <RAM>0.591GB</RAM>
  <DISK>0.225GB</DISK>
</comp>
<comp>
  <id>Comp:17-4-7</id>
  <CPU>0.81Gf</CPU>
  <RAM>0.591GB</RAM>
  <DISK>0.225GB</DISK>
</comp>
  <bind>Comp:17-1-0 Comp:17-0-0 0.253MBps 27.0ms</bind>
  <bind>Comp:17-0-0 Comp:17-1-0 0.253MBps 27.0ms</bind>
  <bind>Comp:17-1-1 Comp:17-0-1 0.253MBps 27.0ms</bind>
  <bind>Comp:17-0-1 Comp:17-1-1 0.253MBps 27.0ms</bind>
  <bind>Comp:17-1-2 Comp:17-0-2 0.253MBps 27.0ms</bind>
  <bind>Comp:17-0-2 Comp:17-1-2 0.253MBps 27.0ms</bind>
  <bind>Comp:17-1-0 Comp:17-0-3 0.253MBps 27.0ms</bind>
  <bind>Comp:17-0-3 Comp:17-1-0 0.253MBps 27.0ms</bind>
  <bind>Comp:17-1-1 Comp:17-0-4 0.253MBps 27.0ms</bind>
  <bind>Comp:17-0-4 Comp:17-1-1 0.253MBps 27.0ms</bind>
  <bind>Comp:17-1-2 Comp:17-0-5 0.253MBps 27.0ms</bind>
  <bind>Comp:17-0-5 Comp:17-1-2 0.253MBps 27.0ms</bind>
  <bind>Comp:17-1-0 Comp:17-0-6 0.253MBps 27.0ms</bind>
  <bind>Comp:17-0-6 Comp:17-1-0 0.253MBps 27.0ms</bind>
  <bind>Comp:17-1-1 Comp:17-0-7 0.253MBps 27.0ms</bind>
  <bind>Comp:17-0-7 Comp:17-1-1 0.253MBps 27.0ms</bind>
  <bind>Comp:17-1-2 Comp:17-0-8 0.253MBps 27.0ms</bind>
  <bind>Comp:17-0-8 Comp:17-1-2 0.253MBps 27.0ms</bind>
  <bind>Comp:17-1-0 Comp:17-0-9 0.253MBps 27.0ms</bind>
  <bind>Comp:17-0-9 Comp:17-1-0 0.253MBps 27.0ms</bind>
  <bind>Comp:17-2-0 Comp:17-1-0 0.799MBps 49.2ms</bind>
  <bind>Comp:17-1-0 Comp:17-2-0 0.799MBps 49.2ms</bind>
  <bind>Comp:17-2-1 Comp:17-1-1 0.799MBps 49.2ms</bind>
  <bind>Comp:17-1-1 Comp:17-2-1 0.799MBps 49.2ms</bind>
  <bind>Comp:17-2-0 Comp:17-1-2 0.799MBps 49.2ms</bind>
  <bind>Comp:17-1-2 Comp:17-2-0 0.799MBps 49.2ms</bind>
  <bind>Comp:17-3-0 Comp:17-2-0 0.791MBps 40.4ms</bind>
  <bind>Comp:17-2-0 Comp:17-3-0 0.791MBps 40.4ms</bind>
  <bind>Comp:17-3-1 Comp:17-2-1 0.791MBps 40.4ms</bind>
  <bind>Comp:17-2-1 Comp:17-3-1 0.791MBps 40.4ms</bind>
  <bind>Comp:17-3-2 Comp:17-2-0 0.791MBps 40.4ms</bind>
  <bind>Comp:17-2-0 Comp:17-3-2 0.791MBps 40.4ms</bind>
  <bind>Comp:17-3-3 Comp:17-2-1 0.791MBps 40.4ms</bind>
  <bind>Comp:17-2-1 Comp:17-3-3 0.791MBps 40.4ms</bind>
  <bind>Comp:17-3-4 Comp:17-2-0 0.791MBps 40.4ms</bind>
  <bind>Comp:17-2-0 Comp:17-3-4 0.791MBps 40.4ms</bind>
  <bind>Comp:17-3-5 Comp:17-2-1 0.791MBps 40.4ms</bind>
  <bind>Comp:17-2-1 Comp:17-3-5 0.791MBps 40.4ms</bind>
  <bind>Comp:17-3-6 Comp:17-2-0 0.791MBps 40.4ms</bind>
  <bind>Comp:17-2-0 Comp:17-3-6 0.791MBps 40.4ms</bind>
  <bind>Comp:17-3-7 Comp:17-2-1 0.791MBps 40.4ms</bind>
  <bind>Comp:17-2-1 Comp:17-3-7 0.791MBps 40.4ms</bind>
  <bind>Comp:17-3-8 Comp:17-2-0 0.791MBps 40.4ms</bind>
  <bind>Comp:17-2-0 Comp:17-3-8 0.791MBps 40.4ms</bind>
  <bind>Comp:17-4-0 Comp:17-3-0 0.703MBps 26.0ms</bind>
  <bind>Comp:17-3-0 Comp:17-4-0 0.703MBps 26.0ms</bind>
  <bind>Comp:17-4-1 Comp:17-3-1 0.703MBps 26.0ms</bind>
  <bind>Comp:17-3-1 Comp:17-4-1 0.703MBps 26.0ms</bind>
  <bind>Comp:17-4-2 Comp:17-3-2 0.703MBps 26.0ms</bind>
  <bind>Comp:17-3-2 Comp:17-4-2 0.703MBps 26.0ms</bind>
  <bind>Comp:17-4-3 Comp:17-3-3 0.703MBps 26.0ms</bind>
  <bind>Comp:17-3-3 Comp:17-4-3 0.703MBps 26.0ms</bind>
  <bind>Comp:17-4-4 Comp:17-3-4 0.703MBps 26.0ms</bind>
  <bind>Comp:17-3-4 Comp:17-4-4 0.703MBps 26.0ms</bind>
  <bind>Comp:17-4-5 Comp:17-3-5 0.703MBps 26.0ms</bind>
  <bind>Comp:17-3-5 Comp:17-4-5 0.703MBps 26.0ms</bind>
  <bind>Comp:17-4-6 Comp:17-3-6 0.703MBps 26.0ms</bind>
  <bind>Comp:17-3-6 Comp:17-4-6 0.703MBps 26.0ms</bind>
  <bind>Comp:17-4-7 Comp:17-3-7 0.703MBps 26.0ms</bind>
  <bind>Comp:17-3-7 Comp:17-4-7 0.703MBps 26.0ms</bind>
  <bind>Comp:17-4-0 Comp:17-3-8 0.703MBps 26.0ms</bind>
  <bind>Comp:17-3-8 Comp:17-4-0 0.703MBps 26.0ms</bind>
  <bind>Comp:17-4-0 Appliance-22 0.133MBps 27.5ms</bind>
  <bind>Appliance-22 Comp:17-4-0 0.133MBps 27.5ms</bind>
  <bind>Comp:17-4-1 Appliance-19 0.133MBps 27.5ms</bind>
  <bind>Appliance-19 Comp:17-4-1 0.133MBps 27.5ms</bind>
  <bind>Comp:17-4-2 Appliance-30 0.133MBps 27.5ms</bind>
  <bind>Appliance-30 Comp:17-4-2 0.133MBps 27.5ms</bind>
  <bind>Comp:17-4-3 Appliance-37 0.133MBps 27.5ms</bind>
  <bind>Appliance-37 Comp:17-4-3 0.133MBps 27.5ms</bind>
  <bind>Comp:17-4-4 Appliance-16 0.133MBps 27.5ms</bind>
  <bind>Appliance-16 Comp:17-4-4 0.133MBps 27.5ms</bind>
  <bind>Comp:17-4-5 Appliance-22 0.133MBps 27.5ms</bind>
  <bind>Appliance-22 Comp:17-4-5 0.133MBps 27.5ms</bind>
  <bind>Comp:17-4-6 Appliance-19 0.133MBps 27.5ms</bind>
  <bind>Appliance-19 Comp:17-4-6 0.133MBps 27.5ms</bind>
  <bind>Comp:17-4-7 Appliance-30 0.133MBps 27.5ms</bind>
  <bind>Appliance-30 Comp:17-4-7 0.133MBps 27.5ms</bind>
</app>
</apps>
