<?xml version="1.0"?>
<apps>
<app>
  <id>App1</id>
<comp>
  <id>Comp:1-0-0</id>
  <CPU>0.77Gf</CPU>
  <RAM>0.357GB</RAM>
  <DISK>0.855GB</DISK>
</comp>
<comp>
  <id>Comp:1-0-1</id>
  <CPU>0.77Gf</CPU>
  <RAM>0.357GB</RAM>
  <DISK>0.855GB</DISK>
</comp>
<comp>
  <id>Comp:1-0-2</id>
  <CPU>0.77Gf</CPU>
  <RAM>0.357GB</RAM>
  <DISK>0.855GB</DISK>
</comp>
<comp>
  <id>Comp:1-0-3</id>
  <CPU>0.77Gf</CPU>
  <RAM>0.357GB</RAM>
  <DISK>0.855GB</DISK>
</comp>
<comp>
  <id>Comp:1-0-4</id>
  <CPU>0.77Gf</CPU>
  <RAM>0.357GB</RAM>
  <DISK>0.855GB</DISK>
</comp>
<comp>
  <id>Comp:1-0-5</id>
  <CPU>0.77Gf</CPU>
  <RAM>0.357GB</RAM>
  <DISK>0.855GB</DISK>
</comp>
<comp>
  <id>Comp:1-0-6</id>
  <CPU>0.77Gf</CPU>
  <RAM>0.357GB</RAM>
  <DISK>0.855GB</DISK>
</comp>
<comp>
  <id>Comp:1-0-7</id>
  <CPU>0.77Gf</CPU>
  <RAM>0.357GB</RAM>
  <DISK>0.855GB</DISK>
</comp>
<comp>
  <id>Comp:1-1-0</id>
  <CPU>0.675Gf</CPU>
  <RAM>0.664GB</RAM>
  <DISK>0.371GB</DISK>
</comp>
<comp>
  <id>Comp:1-1-1</id>
  <CPU>0.675Gf</CPU>
  <RAM>0.664GB</RAM>
  <DISK>0.371GB</DISK>
</comp>
<comp>
  <id>Comp:1-1-2</id>
  <CPU>0.675Gf</CPU>
  <RAM>0.664GB</RAM>
  <DISK>0.371GB</DISK>
</comp>
<comp>
  <id>Comp:1-1-3</id>
  <CPU>0.675Gf</CPU>
  <RAM>0.664GB</RAM>
  <DISK>0.371GB</DISK>
</comp>
<comp>
  <id>Comp:1-1-4</id>
  <CPU>0.675Gf</CPU>
  <RAM>0.664GB</RAM>
  <DISK>0.371GB</DISK>
</comp>
<comp>
  <id>Comp:1-1-5</id>
  <CPU>0.675Gf</CPU>
  <RAM>0.664GB</RAM>
  <DISK>0.371GB</DISK>
</comp>
<comp>
  <id>Comp:1-1-6</id>
  <CPU>0.675Gf</CPU>
  <RAM>0.664GB</RAM>
  <DISK>0.371GB</DISK>
</comp>
<comp>
  <id>Comp:1-1-7</id>
  <CPU>0.675Gf</CPU>
  <RAM>0.664GB</RAM>
  <DISK>0.371GB</DISK>
</comp>
  <bind>Comp:1-1-0 Comp:1-0-0 0.805MBps 42.0ms</bind>
  <bind>Comp:1-0-0 Comp:1-1-0 0.805MBps 42.0ms</bind>
  <bind>Comp:1-1-1 Comp:1-0-1 0.805MBps 42.0ms</bind>
  <bind>Comp:1-0-1 Comp:1-1-1 0.805MBps 42.0ms</bind>
  <bind>Comp:1-1-2 Comp:1-0-2 0.805MBps 42.0ms</bind>
  <bind>Comp:1-0-2 Comp:1-1-2 0.805MBps 42.0ms</bind>
  <bind>Comp:1-1-3 Comp:1-0-3 0.805MBps 42.0ms</bind>
  <bind>Comp:1-0-3 Comp:1-1-3 0.805MBps 42.0ms</bind>
  <bind>Comp:1-1-4 Comp:1-0-4 0.805MBps 42.0ms</bind>
  <bind>Comp:1-0-4 Comp:1-1-4 0.805MBps 42.0ms</bind>
  <bind>Comp:1-1-5 Comp:1-0-5 0.805MBps 42.0ms</bind>
  <bind>Comp:1-0-5 Comp:1-1-5 0.805MBps 42.0ms</bind>
  <bind>Comp:1-1-6 Comp:1-0-6 0.805MBps 42.0ms</bind>
  <bind>Comp:1-0-6 Comp:1-1-6 0.805MBps 42.0ms</bind>
  <bind>Comp:1-1-7 Comp:1-0-7 0.805MBps 42.0ms</bind>
  <bind>Comp:1-0-7 Comp:1-1-7 0.805MBps 42.0ms</bind>
  <bind>Comp:1-1-0 Appliance-241 0.0186MBps 37.8ms</bind>
  <bind>Appliance-241 Comp:1-1-0 0.0186MBps 37.8ms</bind>
  <bind>Comp:1-1-1 Appliance-241 0.0186MBps 37.8ms</bind>
  <bind>Appliance-241 Comp:1-1-1 0.0186MBps 37.8ms</bind>
  <bind>Comp:1-1-2 Appliance-123 0.0186MBps 37.8ms</bind>
  <bind>Appliance-123 Comp:1-1-2 0.0186MBps 37.8ms</bind>
  <bind>Comp:1-1-3 Appliance-295 0.0186MBps 37.8ms</bind>
  <bind>Appliance-295 Comp:1-1-3 0.0186MBps 37.8ms</bind>
  <bind>Comp:1-1-4 Appliance-353 0.0186MBps 37.8ms</bind>
  <bind>Appliance-353 Comp:1-1-4 0.0186MBps 37.8ms</bind>
  <bind>Comp:1-1-5 Appliance-241 0.0186MBps 37.8ms</bind>
  <bind>Appliance-241 Comp:1-1-5 0.0186MBps 37.8ms</bind>
  <bind>Comp:1-1-6 Appliance-241 0.0186MBps 37.8ms</bind>
  <bind>Appliance-241 Comp:1-1-6 0.0186MBps 37.8ms</bind>
  <bind>Comp:1-1-7 Appliance-123 0.0186MBps 37.8ms</bind>
  <bind>Appliance-123 Comp:1-1-7 0.0186MBps 37.8ms</bind>
</app>
</apps>
