<?xml version="1.0"?>
<apps>
<app>
  <id>App1</id>
<comp>
  <id>Comp:1-0-0</id>
  <CPU>0.77Gf</CPU>
  <RAM>0.357GB</RAM>
  <DISK>0.855GB</DISK>
</comp>
<comp>
  <id>Comp:1-0-1</id>
  <CPU>0.77Gf</CPU>
  <RAM>0.357GB</RAM>
  <DISK>0.855GB</DISK>
</comp>
<comp>
  <id>Comp:1-0-2</id>
  <CPU>0.77Gf</CPU>
  <RAM>0.357GB</RAM>
  <DISK>0.855GB</DISK>
</comp>
<comp>
  <id>Comp:1-0-3</id>
  <CPU>0.77Gf</CPU>
  <RAM>0.357GB</RAM>
  <DISK>0.855GB</DISK>
</comp>
<comp>
  <id>Comp:1-0-4</id>
  <CPU>0.77Gf</CPU>
  <RAM>0.357GB</RAM>
  <DISK>0.855GB</DISK>
</comp>
<comp>
  <id>Comp:1-0-5</id>
  <CPU>0.77Gf</CPU>
  <RAM>0.357GB</RAM>
  <DISK>0.855GB</DISK>
</comp>
<comp>
  <id>Comp:1-0-6</id>
  <CPU>0.77Gf</CPU>
  <RAM>0.357GB</RAM>
  <DISK>0.855GB</DISK>
</comp>
<comp>
  <id>Comp:1-0-7</id>
  <CPU>0.77Gf</CPU>
  <RAM>0.357GB</RAM>
  <DISK>0.855GB</DISK>
</comp>
<comp>
  <id>Comp:1-1-0</id>
  <CPU>0.675Gf</CPU>
  <RAM>0.664GB</RAM>
  <DISK>0.371GB</DISK>
</comp>
<comp>
  <id>Comp:1-1-1</id>
  <CPU>0.675Gf</CPU>
  <RAM>0.664GB</RAM>
  <DISK>0.371GB</DISK>
</comp>
<comp>
  <id>Comp:1-1-2</id>
  <CPU>0.675Gf</CPU>
  <RAM>0.664GB</RAM>
  <DISK>0.371GB</DISK>
</comp>
<comp>
  <id>Comp:1-1-3</id>
  <CPU>0.675Gf</CPU>
  <RAM>0.664GB</RAM>
  <DISK>0.371GB</DISK>
</comp>
<comp>
  <id>Comp:1-1-4</id>
  <CPU>0.675Gf</CPU>
  <RAM>0.664GB</RAM>
  <DISK>0.371GB</DISK>
</comp>
<comp>
  <id>Comp:1-1-5</id>
  <CPU>0.675Gf</CPU>
  <RAM>0.664GB</RAM>
  <DISK>0.371GB</DISK>
</comp>
<comp>
  <id>Comp:1-1-6</id>
  <CPU>0.675Gf</CPU>
  <RAM>0.664GB</RAM>
  <DISK>0.371GB</DISK>
</comp>
<comp>
  <id>Comp:1-1-7</id>
  <CPU>0.675Gf</CPU>
  <RAM>0.664GB</RAM>
  <DISK>0.371GB</DISK>
</comp>
  <bind>Comp:1-1-0 Comp:1-0-0 0.805MBps 42.0ms</bind>
  <bind>Comp:1-0-0 Comp:1-1-0 0.805MBps 42.0ms</bind>
  <bind>Comp:1-1-1 Comp:1-0-1 0.805MBps 42.0ms</bind>
  <bind>Comp:1-0-1 Comp:1-1-1 0.805MBps 42.0ms</bind>
  <bind>Comp:1-1-2 Comp:1-0-2 0.805MBps 42.0ms</bind>
  <bind>Comp:1-0-2 Comp:1-1-2 0.805MBps 42.0ms</bind>
  <bind>Comp:1-1-3 Comp:1-0-3 0.805MBps 42.0ms</bind>
  <bind>Comp:1-0-3 Comp:1-1-3 0.805MBps 42.0ms</bind>
  <bind>Comp:1-1-4 Comp:1-0-4 0.805MBps 42.0ms</bind>
  <bind>Comp:1-0-4 Comp:1-1-4 0.805MBps 42.0ms</bind>
  <bind>Comp:1-1-5 Comp:1-0-5 0.805MBps 42.0ms</bind>
  <bind>Comp:1-0-5 Comp:1-1-5 0.805MBps 42.0ms</bind>
  <bind>Comp:1-1-6 Comp:1-0-6 0.805MBps 42.0ms</bind>
  <bind>Comp:1-0-6 Comp:1-1-6 0.805MBps 42.0ms</bind>
  <bind>Comp:1-1-7 Comp:1-0-7 0.805MBps 42.0ms</bind>
  <bind>Comp:1-0-7 Comp:1-1-7 0.805MBps 42.0ms</bind>
  <bind>Comp:1-1-0 Appliance-241 0.0186MBps 37.8ms</bind>
  <bind>Appliance-241 Comp:1-1-0 0.0186MBps 37.8ms</bind>
  <bind>Comp:1-1-1 Appliance-241 0.0186MBps 37.8ms</bind>
  <bind>Appliance-241 Comp:1-1-1 0.0186MBps 37.8ms</bind>
  <bind>Comp:1-1-2 Appliance-123 0.0186MBps 37.8ms</bind>
  <bind>Appliance-123 Comp:1-1-2 0.0186MBps 37.8ms</bind>
  <bind>Comp:1-1-3 Appliance-295 0.0186MBps 37.8ms</bind>
  <bind>Appliance-295 Comp:1-1-3 0.0186MBps 37.8ms</bind>
  <bind>Comp:1-1-4 Appliance-353 0.0186MBps 37.8ms</bind>
  <bind>Appliance-353 Comp:1-1-4 0.0186MBps 37.8ms</bind>
  <bind>Comp:1-1-5 Appliance-241 0.0186MBps 37.8ms</bind>
  <bind>Appliance-241 Comp:1-1-5 0.0186MBps 37.8ms</bind>
  <bind>Comp:1-1-6 Appliance-241 0.0186MBps 37.8ms</bind>
  <bind>Appliance-241 Comp:1-1-6 0.0186MBps 37.8ms</bind>
  <bind>Comp:1-1-7 Appliance-123 0.0186MBps 37.8ms</bind>
  <bind>Appliance-123 Comp:1-1-7 0.0186MBps 37.8ms</bind>
</app>
<app>
  <id>App10</id>
<comp>
  <id>Comp:10-0-0</id>
  <CPU>0.892Gf</CPU>
  <RAM>0.1GB</RAM>
  <DISK>0.617GB</DISK>
</comp>
<comp>
  <id>Comp:10-0-1</id>
  <CPU>0.892Gf</CPU>
  <RAM>0.1GB</RAM>
  <DISK>0.617GB</DISK>
</comp>
<comp>
  <id>Comp:10-0-2</id>
  <CPU>0.892Gf</CPU>
  <RAM>0.1GB</RAM>
  <DISK>0.617GB</DISK>
</comp>
<comp>
  <id>Comp:10-0-3</id>
  <CPU>0.892Gf</CPU>
  <RAM>0.1GB</RAM>
  <DISK>0.617GB</DISK>
</comp>
<comp>
  <id>Comp:10-1-0</id>
  <CPU>0.283Gf</CPU>
  <RAM>0.894GB</RAM>
  <DISK>1.58GB</DISK>
</comp>
<comp>
  <id>Comp:10-1-1</id>
  <CPU>0.283Gf</CPU>
  <RAM>0.894GB</RAM>
  <DISK>1.58GB</DISK>
</comp>
<comp>
  <id>Comp:10-1-2</id>
  <CPU>0.283Gf</CPU>
  <RAM>0.894GB</RAM>
  <DISK>1.58GB</DISK>
</comp>
<comp>
  <id>Comp:10-1-3</id>
  <CPU>0.283Gf</CPU>
  <RAM>0.894GB</RAM>
  <DISK>1.58GB</DISK>
</comp>
<comp>
  <id>Comp:10-1-4</id>
  <CPU>0.283Gf</CPU>
  <RAM>0.894GB</RAM>
  <DISK>1.58GB</DISK>
</comp>
<comp>
  <id>Comp:10-1-5</id>
  <CPU>0.283Gf</CPU>
  <RAM>0.894GB</RAM>
  <DISK>1.58GB</DISK>
</comp>
<comp>
  <id>Comp:10-1-6</id>
  <CPU>0.283Gf</CPU>
  <RAM>0.894GB</RAM>
  <DISK>1.58GB</DISK>
</comp>
<comp>
  <id>Comp:10-2-0</id>
  <CPU>0.632Gf</CPU>
  <RAM>0.82GB</RAM>
  <DISK>0.282GB</DISK>
</comp>
<comp>
  <id>Comp:10-2-1</id>
  <CPU>0.632Gf</CPU>
  <RAM>0.82GB</RAM>
  <DISK>0.282GB</DISK>
</comp>
<comp>
  <id>Comp:10-2-2</id>
  <CPU>0.632Gf</CPU>
  <RAM>0.82GB</RAM>
  <DISK>0.282GB</DISK>
</comp>
<comp>
  <id>Comp:10-2-3</id>
  <CPU>0.632Gf</CPU>
  <RAM>0.82GB</RAM>
  <DISK>0.282GB</DISK>
</comp>
<comp>
  <id>Comp:10-2-4</id>
  <CPU>0.632Gf</CPU>
  <RAM>0.82GB</RAM>
  <DISK>0.282GB</DISK>
</comp>
<comp>
  <id>Comp:10-2-5</id>
  <CPU>0.632Gf</CPU>
  <RAM>0.82GB</RAM>
  <DISK>0.282GB</DISK>
</comp>
<comp>
  <id>Comp:10-2-6</id>
  <CPU>0.632Gf</CPU>
  <RAM>0.82GB</RAM>
  <DISK>0.282GB</DISK>
</comp>
<comp>
  <id>Comp:10-2-7</id>
  <CPU>0.632Gf</CPU>
  <RAM>0.82GB</RAM>
  <DISK>0.282GB</DISK>
</comp>
<comp>
  <id>Comp:10-3-0</id>
  <CPU>0.786Gf</CPU>
  <RAM>0.458GB</RAM>
  <DISK>1.79GB</DISK>
</comp>
<comp>
  <id>Comp:10-4-0</id>
  <CPU>0.669Gf</CPU>
  <RAM>0.104GB</RAM>
  <DISK>0.607GB</DISK>
</comp>
<comp>
  <id>Comp:10-5-0</id>
  <CPU>0.175Gf</CPU>
  <RAM>0.704GB</RAM>
  <DISK>0.121GB</DISK>
</comp>
  <bind>Comp:10-1-0 Comp:10-0-0 0.0939MBps 28.7ms</bind>
  <bind>Comp:10-0-0 Comp:10-1-0 0.0939MBps 28.7ms</bind>
  <bind>Comp:10-1-1 Comp:10-0-1 0.0939MBps 28.7ms</bind>
  <bind>Comp:10-0-1 Comp:10-1-1 0.0939MBps 28.7ms</bind>
  <bind>Comp:10-1-2 Comp:10-0-2 0.0939MBps 28.7ms</bind>
  <bind>Comp:10-0-2 Comp:10-1-2 0.0939MBps 28.7ms</bind>
  <bind>Comp:10-1-3 Comp:10-0-3 0.0939MBps 28.7ms</bind>
  <bind>Comp:10-0-3 Comp:10-1-3 0.0939MBps 28.7ms</bind>
  <bind>Comp:10-1-4 Comp:10-0-0 0.0939MBps 28.7ms</bind>
  <bind>Comp:10-0-0 Comp:10-1-4 0.0939MBps 28.7ms</bind>
  <bind>Comp:10-1-5 Comp:10-0-1 0.0939MBps 28.7ms</bind>
  <bind>Comp:10-0-1 Comp:10-1-5 0.0939MBps 28.7ms</bind>
  <bind>Comp:10-1-6 Comp:10-0-2 0.0939MBps 28.7ms</bind>
  <bind>Comp:10-0-2 Comp:10-1-6 0.0939MBps 28.7ms</bind>
  <bind>Comp:10-2-0 Comp:10-1-0 0.104MBps 35.9ms</bind>
  <bind>Comp:10-1-0 Comp:10-2-0 0.104MBps 35.9ms</bind>
  <bind>Comp:10-2-1 Comp:10-1-1 0.104MBps 35.9ms</bind>
  <bind>Comp:10-1-1 Comp:10-2-1 0.104MBps 35.9ms</bind>
  <bind>Comp:10-2-2 Comp:10-1-2 0.104MBps 35.9ms</bind>
  <bind>Comp:10-1-2 Comp:10-2-2 0.104MBps 35.9ms</bind>
  <bind>Comp:10-2-3 Comp:10-1-3 0.104MBps 35.9ms</bind>
  <bind>Comp:10-1-3 Comp:10-2-3 0.104MBps 35.9ms</bind>
  <bind>Comp:10-2-4 Comp:10-1-4 0.104MBps 35.9ms</bind>
  <bind>Comp:10-1-4 Comp:10-2-4 0.104MBps 35.9ms</bind>
  <bind>Comp:10-2-5 Comp:10-1-5 0.104MBps 35.9ms</bind>
  <bind>Comp:10-1-5 Comp:10-2-5 0.104MBps 35.9ms</bind>
  <bind>Comp:10-2-6 Comp:10-1-6 0.104MBps 35.9ms</bind>
  <bind>Comp:10-1-6 Comp:10-2-6 0.104MBps 35.9ms</bind>
  <bind>Comp:10-2-7 Comp:10-1-0 0.104MBps 35.9ms</bind>
  <bind>Comp:10-1-0 Comp:10-2-7 0.104MBps 35.9ms</bind>
  <bind>Comp:10-3-0 Comp:10-2-0 0.521MBps 41.2ms</bind>
  <bind>Comp:10-2-0 Comp:10-3-0 0.521MBps 41.2ms</bind>
  <bind>Comp:10-3-0 Comp:10-2-1 0.521MBps 41.2ms</bind>
  <bind>Comp:10-2-1 Comp:10-3-0 0.521MBps 41.2ms</bind>
  <bind>Comp:10-3-0 Comp:10-2-2 0.521MBps 41.2ms</bind>
  <bind>Comp:10-2-2 Comp:10-3-0 0.521MBps 41.2ms</bind>
  <bind>Comp:10-3-0 Comp:10-2-3 0.521MBps 41.2ms</bind>
  <bind>Comp:10-2-3 Comp:10-3-0 0.521MBps 41.2ms</bind>
  <bind>Comp:10-3-0 Comp:10-2-4 0.521MBps 41.2ms</bind>
  <bind>Comp:10-2-4 Comp:10-3-0 0.521MBps 41.2ms</bind>
  <bind>Comp:10-3-0 Comp:10-2-5 0.521MBps 41.2ms</bind>
  <bind>Comp:10-2-5 Comp:10-3-0 0.521MBps 41.2ms</bind>
  <bind>Comp:10-3-0 Comp:10-2-6 0.521MBps 41.2ms</bind>
  <bind>Comp:10-2-6 Comp:10-3-0 0.521MBps 41.2ms</bind>
  <bind>Comp:10-3-0 Comp:10-2-7 0.521MBps 41.2ms</bind>
  <bind>Comp:10-2-7 Comp:10-3-0 0.521MBps 41.2ms</bind>
  <bind>Comp:10-4-0 Comp:10-3-0 0.893MBps 37.0ms</bind>
  <bind>Comp:10-3-0 Comp:10-4-0 0.893MBps 37.0ms</bind>
  <bind>Comp:10-5-0 Comp:10-4-0 0.8MBps 29.6ms</bind>
  <bind>Comp:10-4-0 Comp:10-5-0 0.8MBps 29.6ms</bind>
  <bind>Comp:10-5-0 Appliance-11 0.151MBps 30.3ms</bind>
  <bind>Appliance-11 Comp:10-5-0 0.151MBps 30.3ms</bind>
  <bind>Comp:10-5-0 Appliance-162 0.151MBps 30.3ms</bind>
  <bind>Appliance-162 Comp:10-5-0 0.151MBps 30.3ms</bind>
  <bind>Comp:10-5-0 Appliance-235 0.151MBps 30.3ms</bind>
  <bind>Appliance-235 Comp:10-5-0 0.151MBps 30.3ms</bind>
  <bind>Comp:10-5-0 Appliance-172 0.151MBps 30.3ms</bind>
  <bind>Appliance-172 Comp:10-5-0 0.151MBps 30.3ms</bind>
  <bind>Comp:10-5-0 Appliance-190 0.151MBps 30.3ms</bind>
  <bind>Appliance-190 Comp:10-5-0 0.151MBps 30.3ms</bind>
  <bind>Comp:10-5-0 Appliance-371 0.151MBps 30.3ms</bind>
  <bind>Appliance-371 Comp:10-5-0 0.151MBps 30.3ms</bind>
  <bind>Comp:10-5-0 Appliance-222 0.151MBps 30.3ms</bind>
  <bind>Appliance-222 Comp:10-5-0 0.151MBps 30.3ms</bind>
</app>
<app>
  <id>App11</id>
<comp>
  <id>Comp:11-1-0</id>
  <CPU>0.76Gf</CPU>
  <RAM>0.487GB</RAM>
  <DISK>1.48GB</DISK>
</comp>
<comp>
  <id>Comp:11-1-1</id>
  <CPU>0.76Gf</CPU>
  <RAM>0.487GB</RAM>
  <DISK>1.48GB</DISK>
</comp>
<comp>
  <id>Comp:11-1-2</id>
  <CPU>0.76Gf</CPU>
  <RAM>0.487GB</RAM>
  <DISK>1.48GB</DISK>
</comp>
<comp>
  <id>Comp:11-1-3</id>
  <CPU>0.76Gf</CPU>
  <RAM>0.487GB</RAM>
  <DISK>1.48GB</DISK>
</comp>
<comp>
  <id>Comp:11-1-4</id>
  <CPU>0.76Gf</CPU>
  <RAM>0.487GB</RAM>
  <DISK>1.48GB</DISK>
</comp>
<comp>
  <id>Comp:11-2-0</id>
  <CPU>0.918Gf</CPU>
  <RAM>0.296GB</RAM>
  <DISK>1.38GB</DISK>
</comp>
<comp>
  <id>Comp:11-2-1</id>
  <CPU>0.918Gf</CPU>
  <RAM>0.296GB</RAM>
  <DISK>1.38GB</DISK>
</comp>
<comp>
  <id>Comp:11-2-2</id>
  <CPU>0.918Gf</CPU>
  <RAM>0.296GB</RAM>
  <DISK>1.38GB</DISK>
</comp>
<comp>
  <id>Comp:11-2-3</id>
  <CPU>0.918Gf</CPU>
  <RAM>0.296GB</RAM>
  <DISK>1.38GB</DISK>
</comp>
<comp>
  <id>Comp:11-2-4</id>
  <CPU>0.918Gf</CPU>
  <RAM>0.296GB</RAM>
  <DISK>1.38GB</DISK>
</comp>
<comp>
  <id>Comp:11-2-5</id>
  <CPU>0.918Gf</CPU>
  <RAM>0.296GB</RAM>
  <DISK>1.38GB</DISK>
</comp>
<comp>
  <id>Comp:11-2-6</id>
  <CPU>0.918Gf</CPU>
  <RAM>0.296GB</RAM>
  <DISK>1.38GB</DISK>
</comp>
<comp>
  <id>Comp:11-2-7</id>
  <CPU>0.918Gf</CPU>
  <RAM>0.296GB</RAM>
  <DISK>1.38GB</DISK>
</comp>
<comp>
  <id>Comp:11-3-0</id>
  <CPU>0.507Gf</CPU>
  <RAM>0.752GB</RAM>
  <DISK>1.6GB</DISK>
</comp>
<comp>
  <id>Comp:11-3-1</id>
  <CPU>0.507Gf</CPU>
  <RAM>0.752GB</RAM>
  <DISK>1.6GB</DISK>
</comp>
<comp>
  <id>Comp:11-3-2</id>
  <CPU>0.507Gf</CPU>
  <RAM>0.752GB</RAM>
  <DISK>1.6GB</DISK>
</comp>
<comp>
  <id>Comp:11-4-0</id>
  <CPU>0.476Gf</CPU>
  <RAM>0.198GB</RAM>
  <DISK>0.213GB</DISK>
</comp>
<comp>
  <id>Comp:11-4-1</id>
  <CPU>0.476Gf</CPU>
  <RAM>0.198GB</RAM>
  <DISK>0.213GB</DISK>
</comp>
<comp>
  <id>Comp:11-4-2</id>
  <CPU>0.476Gf</CPU>
  <RAM>0.198GB</RAM>
  <DISK>0.213GB</DISK>
</comp>
<comp>
  <id>Comp:11-4-3</id>
  <CPU>0.476Gf</CPU>
  <RAM>0.198GB</RAM>
  <DISK>0.213GB</DISK>
</comp>
<comp>
  <id>Comp:11-4-4</id>
  <CPU>0.476Gf</CPU>
  <RAM>0.198GB</RAM>
  <DISK>0.213GB</DISK>
</comp>
<comp>
  <id>Comp:11-4-5</id>
  <CPU>0.476Gf</CPU>
  <RAM>0.198GB</RAM>
  <DISK>0.213GB</DISK>
</comp>
<comp>
  <id>Comp:11-4-6</id>
  <CPU>0.476Gf</CPU>
  <RAM>0.198GB</RAM>
  <DISK>0.213GB</DISK>
</comp>
<comp>
  <id>Comp:11-4-7</id>
  <CPU>0.476Gf</CPU>
  <RAM>0.198GB</RAM>
  <DISK>0.213GB</DISK>
</comp>
<comp>
  <id>Comp:11-4-8</id>
  <CPU>0.476Gf</CPU>
  <RAM>0.198GB</RAM>
  <DISK>0.213GB</DISK>
</comp>
  <bind>Comp:11-1-0 Appliance-221 0.852MBps 37.6ms</bind>
  <bind>Appliance-221 Comp:11-1-0 0.852MBps 37.6ms</bind>
  <bind>Comp:11-1-1 Appliance-379 0.852MBps 37.6ms</bind>
  <bind>Appliance-379 Comp:11-1-1 0.852MBps 37.6ms</bind>
  <bind>Comp:11-1-2 Appliance-74 0.852MBps 37.6ms</bind>
  <bind>Appliance-74 Comp:11-1-2 0.852MBps 37.6ms</bind>
  <bind>Comp:11-1-3 Appliance-281 0.852MBps 37.6ms</bind>
  <bind>Appliance-281 Comp:11-1-3 0.852MBps 37.6ms</bind>
  <bind>Comp:11-1-4 Appliance-276 0.852MBps 37.6ms</bind>
  <bind>Appliance-276 Comp:11-1-4 0.852MBps 37.6ms</bind>
  <bind>Comp:11-1-0 Appliance-177 0.852MBps 37.6ms</bind>
  <bind>Appliance-177 Comp:11-1-0 0.852MBps 37.6ms</bind>
  <bind>Comp:11-1-1 Appliance-308 0.852MBps 37.6ms</bind>
  <bind>Appliance-308 Comp:11-1-1 0.852MBps 37.6ms</bind>
  <bind>Comp:11-1-2 Appliance-158 0.852MBps 37.6ms</bind>
  <bind>Appliance-158 Comp:11-1-2 0.852MBps 37.6ms</bind>
  <bind>Comp:11-2-0 Comp:11-1-0 0.0835MBps 26.8ms</bind>
  <bind>Comp:11-1-0 Comp:11-2-0 0.0835MBps 26.8ms</bind>
  <bind>Comp:11-2-1 Comp:11-1-1 0.0835MBps 26.8ms</bind>
  <bind>Comp:11-1-1 Comp:11-2-1 0.0835MBps 26.8ms</bind>
  <bind>Comp:11-2-2 Comp:11-1-2 0.0835MBps 26.8ms</bind>
  <bind>Comp:11-1-2 Comp:11-2-2 0.0835MBps 26.8ms</bind>
  <bind>Comp:11-2-3 Comp:11-1-3 0.0835MBps 26.8ms</bind>
  <bind>Comp:11-1-3 Comp:11-2-3 0.0835MBps 26.8ms</bind>
  <bind>Comp:11-2-4 Comp:11-1-4 0.0835MBps 26.8ms</bind>
  <bind>Comp:11-1-4 Comp:11-2-4 0.0835MBps 26.8ms</bind>
  <bind>Comp:11-2-5 Comp:11-1-0 0.0835MBps 26.8ms</bind>
  <bind>Comp:11-1-0 Comp:11-2-5 0.0835MBps 26.8ms</bind>
  <bind>Comp:11-2-6 Comp:11-1-1 0.0835MBps 26.8ms</bind>
  <bind>Comp:11-1-1 Comp:11-2-6 0.0835MBps 26.8ms</bind>
  <bind>Comp:11-2-7 Comp:11-1-2 0.0835MBps 26.8ms</bind>
  <bind>Comp:11-1-2 Comp:11-2-7 0.0835MBps 26.8ms</bind>
  <bind>Comp:11-3-0 Comp:11-2-0 0.517MBps 45.8ms</bind>
  <bind>Comp:11-2-0 Comp:11-3-0 0.517MBps 45.8ms</bind>
  <bind>Comp:11-3-1 Comp:11-2-1 0.517MBps 45.8ms</bind>
  <bind>Comp:11-2-1 Comp:11-3-1 0.517MBps 45.8ms</bind>
  <bind>Comp:11-3-2 Comp:11-2-2 0.517MBps 45.8ms</bind>
  <bind>Comp:11-2-2 Comp:11-3-2 0.517MBps 45.8ms</bind>
  <bind>Comp:11-3-0 Comp:11-2-3 0.517MBps 45.8ms</bind>
  <bind>Comp:11-2-3 Comp:11-3-0 0.517MBps 45.8ms</bind>
  <bind>Comp:11-3-1 Comp:11-2-4 0.517MBps 45.8ms</bind>
  <bind>Comp:11-2-4 Comp:11-3-1 0.517MBps 45.8ms</bind>
  <bind>Comp:11-3-2 Comp:11-2-5 0.517MBps 45.8ms</bind>
  <bind>Comp:11-2-5 Comp:11-3-2 0.517MBps 45.8ms</bind>
  <bind>Comp:11-3-0 Comp:11-2-6 0.517MBps 45.8ms</bind>
  <bind>Comp:11-2-6 Comp:11-3-0 0.517MBps 45.8ms</bind>
  <bind>Comp:11-3-1 Comp:11-2-7 0.517MBps 45.8ms</bind>
  <bind>Comp:11-2-7 Comp:11-3-1 0.517MBps 45.8ms</bind>
  <bind>Comp:11-4-0 Comp:11-3-0 0.529MBps 26.8ms</bind>
  <bind>Comp:11-3-0 Comp:11-4-0 0.529MBps 26.8ms</bind>
  <bind>Comp:11-4-1 Comp:11-3-1 0.529MBps 26.8ms</bind>
  <bind>Comp:11-3-1 Comp:11-4-1 0.529MBps 26.8ms</bind>
  <bind>Comp:11-4-2 Comp:11-3-2 0.529MBps 26.8ms</bind>
  <bind>Comp:11-3-2 Comp:11-4-2 0.529MBps 26.8ms</bind>
  <bind>Comp:11-4-3 Comp:11-3-0 0.529MBps 26.8ms</bind>
  <bind>Comp:11-3-0 Comp:11-4-3 0.529MBps 26.8ms</bind>
  <bind>Comp:11-4-4 Comp:11-3-1 0.529MBps 26.8ms</bind>
  <bind>Comp:11-3-1 Comp:11-4-4 0.529MBps 26.8ms</bind>
  <bind>Comp:11-4-5 Comp:11-3-2 0.529MBps 26.8ms</bind>
  <bind>Comp:11-3-2 Comp:11-4-5 0.529MBps 26.8ms</bind>
  <bind>Comp:11-4-6 Comp:11-3-0 0.529MBps 26.8ms</bind>
  <bind>Comp:11-3-0 Comp:11-4-6 0.529MBps 26.8ms</bind>
  <bind>Comp:11-4-7 Comp:11-3-1 0.529MBps 26.8ms</bind>
  <bind>Comp:11-3-1 Comp:11-4-7 0.529MBps 26.8ms</bind>
  <bind>Comp:11-4-8 Comp:11-3-2 0.529MBps 26.8ms</bind>
  <bind>Comp:11-3-2 Comp:11-4-8 0.529MBps 26.8ms</bind>
  <bind>Comp:11-4-0 Appliance-116 0.661MBps 30.3ms</bind>
  <bind>Appliance-116 Comp:11-4-0 0.661MBps 30.3ms</bind>
  <bind>Comp:11-4-1 Appliance-373 0.661MBps 30.3ms</bind>
  <bind>Appliance-373 Comp:11-4-1 0.661MBps 30.3ms</bind>
  <bind>Comp:11-4-2 Appliance-138 0.661MBps 30.3ms</bind>
  <bind>Appliance-138 Comp:11-4-2 0.661MBps 30.3ms</bind>
  <bind>Comp:11-4-3 Appliance-364 0.661MBps 30.3ms</bind>
  <bind>Appliance-364 Comp:11-4-3 0.661MBps 30.3ms</bind>
  <bind>Comp:11-4-4 Appliance-115 0.661MBps 30.3ms</bind>
  <bind>Appliance-115 Comp:11-4-4 0.661MBps 30.3ms</bind>
  <bind>Comp:11-4-5 Appliance-373 0.661MBps 30.3ms</bind>
  <bind>Appliance-373 Comp:11-4-5 0.661MBps 30.3ms</bind>
  <bind>Comp:11-4-6 Appliance-116 0.661MBps 30.3ms</bind>
  <bind>Appliance-116 Comp:11-4-6 0.661MBps 30.3ms</bind>
  <bind>Comp:11-4-7 Appliance-373 0.661MBps 30.3ms</bind>
  <bind>Appliance-373 Comp:11-4-7 0.661MBps 30.3ms</bind>
  <bind>Comp:11-4-8 Appliance-138 0.661MBps 30.3ms</bind>
  <bind>Appliance-138 Comp:11-4-8 0.661MBps 30.3ms</bind>
</app>
<app>
  <id>App12</id>
<comp>
  <id>Comp:12-1-0</id>
  <CPU>0.429Gf</CPU>
  <RAM>0.127GB</RAM>
  <DISK>0.886GB</DISK>
</comp>
<comp>
  <id>Comp:12-1-1</id>
  <CPU>0.429Gf</CPU>
  <RAM>0.127GB</RAM>
  <DISK>0.886GB</DISK>
</comp>
<comp>
  <id>Comp:12-1-2</id>
  <CPU>0.429Gf</CPU>
  <RAM>0.127GB</RAM>
  <DISK>0.886GB</DISK>
</comp>
<comp>
  <id>Comp:12-1-3</id>
  <CPU>0.429Gf</CPU>
  <RAM>0.127GB</RAM>
  <DISK>0.886GB</DISK>
</comp>
<comp>
  <id>Comp:12-1-4</id>
  <CPU>0.429Gf</CPU>
  <RAM>0.127GB</RAM>
  <DISK>0.886GB</DISK>
</comp>
<comp>
  <id>Comp:12-1-5</id>
  <CPU>0.429Gf</CPU>
  <RAM>0.127GB</RAM>
  <DISK>0.886GB</DISK>
</comp>
<comp>
  <id>Comp:12-1-6</id>
  <CPU>0.429Gf</CPU>
  <RAM>0.127GB</RAM>
  <DISK>0.886GB</DISK>
</comp>
<comp>
  <id>Comp:12-1-7</id>
  <CPU>0.429Gf</CPU>
  <RAM>0.127GB</RAM>
  <DISK>0.886GB</DISK>
</comp>
<comp>
  <id>Comp:12-1-8</id>
  <CPU>0.429Gf</CPU>
  <RAM>0.127GB</RAM>
  <DISK>0.886GB</DISK>
</comp>
<comp>
  <id>Comp:12-2-0</id>
  <CPU>0.358Gf</CPU>
  <RAM>0.776GB</RAM>
  <DISK>1.51GB</DISK>
</comp>
<comp>
  <id>Comp:12-2-1</id>
  <CPU>0.358Gf</CPU>
  <RAM>0.776GB</RAM>
  <DISK>1.51GB</DISK>
</comp>
<comp>
  <id>Comp:12-2-2</id>
  <CPU>0.358Gf</CPU>
  <RAM>0.776GB</RAM>
  <DISK>1.51GB</DISK>
</comp>
  <bind>Comp:12-1-0 Appliance-131 0.336MBps 34.7ms</bind>
  <bind>Appliance-131 Comp:12-1-0 0.336MBps 34.7ms</bind>
  <bind>Comp:12-1-1 Appliance-241 0.336MBps 34.7ms</bind>
  <bind>Appliance-241 Comp:12-1-1 0.336MBps 34.7ms</bind>
  <bind>Comp:12-1-2 Appliance-278 0.336MBps 34.7ms</bind>
  <bind>Appliance-278 Comp:12-1-2 0.336MBps 34.7ms</bind>
  <bind>Comp:12-1-3 Appliance-131 0.336MBps 34.7ms</bind>
  <bind>Appliance-131 Comp:12-1-3 0.336MBps 34.7ms</bind>
  <bind>Comp:12-1-4 Appliance-241 0.336MBps 34.7ms</bind>
  <bind>Appliance-241 Comp:12-1-4 0.336MBps 34.7ms</bind>
  <bind>Comp:12-1-5 Appliance-278 0.336MBps 34.7ms</bind>
  <bind>Appliance-278 Comp:12-1-5 0.336MBps 34.7ms</bind>
  <bind>Comp:12-1-6 Appliance-131 0.336MBps 34.7ms</bind>
  <bind>Appliance-131 Comp:12-1-6 0.336MBps 34.7ms</bind>
  <bind>Comp:12-1-7 Appliance-241 0.336MBps 34.7ms</bind>
  <bind>Appliance-241 Comp:12-1-7 0.336MBps 34.7ms</bind>
  <bind>Comp:12-1-8 Appliance-278 0.336MBps 34.7ms</bind>
  <bind>Appliance-278 Comp:12-1-8 0.336MBps 34.7ms</bind>
  <bind>Comp:12-1-0 Comp:12-2-0 0.789MBps 49.0ms</bind>
  <bind>Comp:12-2-0 Comp:12-1-0 0.789MBps 49.0ms</bind>
  <bind>Comp:12-1-1 Comp:12-2-1 0.789MBps 49.0ms</bind>
  <bind>Comp:12-2-1 Comp:12-1-1 0.789MBps 49.0ms</bind>
  <bind>Comp:12-1-2 Comp:12-2-2 0.789MBps 49.0ms</bind>
  <bind>Comp:12-2-2 Comp:12-1-2 0.789MBps 49.0ms</bind>
  <bind>Comp:12-1-3 Comp:12-2-0 0.789MBps 49.0ms</bind>
  <bind>Comp:12-2-0 Comp:12-1-3 0.789MBps 49.0ms</bind>
  <bind>Comp:12-1-4 Comp:12-2-1 0.789MBps 49.0ms</bind>
  <bind>Comp:12-2-1 Comp:12-1-4 0.789MBps 49.0ms</bind>
  <bind>Comp:12-1-5 Comp:12-2-2 0.789MBps 49.0ms</bind>
  <bind>Comp:12-2-2 Comp:12-1-5 0.789MBps 49.0ms</bind>
  <bind>Comp:12-1-6 Comp:12-2-0 0.789MBps 49.0ms</bind>
  <bind>Comp:12-2-0 Comp:12-1-6 0.789MBps 49.0ms</bind>
  <bind>Comp:12-1-7 Comp:12-2-1 0.789MBps 49.0ms</bind>
  <bind>Comp:12-2-1 Comp:12-1-7 0.789MBps 49.0ms</bind>
  <bind>Comp:12-1-8 Comp:12-2-2 0.789MBps 49.0ms</bind>
  <bind>Comp:12-2-2 Comp:12-1-8 0.789MBps 49.0ms</bind>
</app>
<app>
  <id>App13</id>
<comp>
  <id>Comp:13-1-0</id>
  <CPU>0.972Gf</CPU>
  <RAM>0.593GB</RAM>
  <DISK>1.02GB</DISK>
</comp>
<comp>
  <id>Comp:13-1-1</id>
  <CPU>0.972Gf</CPU>
  <RAM>0.593GB</RAM>
  <DISK>1.02GB</DISK>
</comp>
<comp>
  <id>Comp:13-1-2</id>
  <CPU>0.972Gf</CPU>
  <RAM>0.593GB</RAM>
  <DISK>1.02GB</DISK>
</comp>
<comp>
  <id>Comp:13-1-3</id>
  <CPU>0.972Gf</CPU>
  <RAM>0.593GB</RAM>
  <DISK>1.02GB</DISK>
</comp>
<comp>
  <id>Comp:13-1-4</id>
  <CPU>0.972Gf</CPU>
  <RAM>0.593GB</RAM>
  <DISK>1.02GB</DISK>
</comp>
<comp>
  <id>Comp:13-1-5</id>
  <CPU>0.972Gf</CPU>
  <RAM>0.593GB</RAM>
  <DISK>1.02GB</DISK>
</comp>
<comp>
  <id>Comp:13-1-6</id>
  <CPU>0.972Gf</CPU>
  <RAM>0.593GB</RAM>
  <DISK>1.02GB</DISK>
</comp>
<comp>
  <id>Comp:13-1-7</id>
  <CPU>0.972Gf</CPU>
  <RAM>0.593GB</RAM>
  <DISK>1.02GB</DISK>
</comp>
<comp>
  <id>Comp:13-1-8</id>
  <CPU>0.972Gf</CPU>
  <RAM>0.593GB</RAM>
  <DISK>1.02GB</DISK>
</comp>
<comp>
  <id>Comp:13-1-9</id>
  <CPU>0.972Gf</CPU>
  <RAM>0.593GB</RAM>
  <DISK>1.02GB</DISK>
</comp>
<comp>
  <id>Comp:13-2-0</id>
  <CPU>0.536Gf</CPU>
  <RAM>0.825GB</RAM>
  <DISK>1.69GB</DISK>
</comp>
<comp>
  <id>Comp:13-3-0</id>
  <CPU>0.543Gf</CPU>
  <RAM>0.315GB</RAM>
  <DISK>0.939GB</DISK>
</comp>
<comp>
  <id>Comp:13-3-1</id>
  <CPU>0.543Gf</CPU>
  <RAM>0.315GB</RAM>
  <DISK>0.939GB</DISK>
</comp>
<comp>
  <id>Comp:13-3-2</id>
  <CPU>0.543Gf</CPU>
  <RAM>0.315GB</RAM>
  <DISK>0.939GB</DISK>
</comp>
<comp>
  <id>Comp:13-3-3</id>
  <CPU>0.543Gf</CPU>
  <RAM>0.315GB</RAM>
  <DISK>0.939GB</DISK>
</comp>
<comp>
  <id>Comp:13-3-4</id>
  <CPU>0.543Gf</CPU>
  <RAM>0.315GB</RAM>
  <DISK>0.939GB</DISK>
</comp>
<comp>
  <id>Comp:13-4-0</id>
  <CPU>0.747Gf</CPU>
  <RAM>0.623GB</RAM>
  <DISK>0.985GB</DISK>
</comp>
<comp>
  <id>Comp:13-5-0</id>
  <CPU>0.274Gf</CPU>
  <RAM>0.544GB</RAM>
  <DISK>0.391GB</DISK>
</comp>
<comp>
  <id>Comp:13-6-0</id>
  <CPU>0.872Gf</CPU>
  <RAM>0.428GB</RAM>
  <DISK>0.449GB</DISK>
</comp>
  <bind>Comp:13-1-0 Appliance-376 0.255MBps 29.3ms</bind>
  <bind>Appliance-376 Comp:13-1-0 0.255MBps 29.3ms</bind>
  <bind>Comp:13-1-1 Appliance-379 0.255MBps 29.3ms</bind>
  <bind>Appliance-379 Comp:13-1-1 0.255MBps 29.3ms</bind>
  <bind>Comp:13-1-2 Appliance-39 0.255MBps 29.3ms</bind>
  <bind>Appliance-39 Comp:13-1-2 0.255MBps 29.3ms</bind>
  <bind>Comp:13-1-3 Appliance-189 0.255MBps 29.3ms</bind>
  <bind>Appliance-189 Comp:13-1-3 0.255MBps 29.3ms</bind>
  <bind>Comp:13-1-4 Appliance-108 0.255MBps 29.3ms</bind>
  <bind>Appliance-108 Comp:13-1-4 0.255MBps 29.3ms</bind>
  <bind>Comp:13-1-5 Appliance-169 0.255MBps 29.3ms</bind>
  <bind>Appliance-169 Comp:13-1-5 0.255MBps 29.3ms</bind>
  <bind>Comp:13-1-6 Appliance-251 0.255MBps 29.3ms</bind>
  <bind>Appliance-251 Comp:13-1-6 0.255MBps 29.3ms</bind>
  <bind>Comp:13-1-7 Appliance-150 0.255MBps 29.3ms</bind>
  <bind>Appliance-150 Comp:13-1-7 0.255MBps 29.3ms</bind>
  <bind>Comp:13-1-8 Appliance-376 0.255MBps 29.3ms</bind>
  <bind>Appliance-376 Comp:13-1-8 0.255MBps 29.3ms</bind>
  <bind>Comp:13-1-9 Appliance-379 0.255MBps 29.3ms</bind>
  <bind>Appliance-379 Comp:13-1-9 0.255MBps 29.3ms</bind>
  <bind>Comp:13-2-0 Comp:13-1-0 0.888MBps 46.6ms</bind>
  <bind>Comp:13-1-0 Comp:13-2-0 0.888MBps 46.6ms</bind>
  <bind>Comp:13-2-0 Comp:13-1-1 0.888MBps 46.6ms</bind>
  <bind>Comp:13-1-1 Comp:13-2-0 0.888MBps 46.6ms</bind>
  <bind>Comp:13-2-0 Comp:13-1-2 0.888MBps 46.6ms</bind>
  <bind>Comp:13-1-2 Comp:13-2-0 0.888MBps 46.6ms</bind>
  <bind>Comp:13-2-0 Comp:13-1-3 0.888MBps 46.6ms</bind>
  <bind>Comp:13-1-3 Comp:13-2-0 0.888MBps 46.6ms</bind>
  <bind>Comp:13-2-0 Comp:13-1-4 0.888MBps 46.6ms</bind>
  <bind>Comp:13-1-4 Comp:13-2-0 0.888MBps 46.6ms</bind>
  <bind>Comp:13-2-0 Comp:13-1-5 0.888MBps 46.6ms</bind>
  <bind>Comp:13-1-5 Comp:13-2-0 0.888MBps 46.6ms</bind>
  <bind>Comp:13-2-0 Comp:13-1-6 0.888MBps 46.6ms</bind>
  <bind>Comp:13-1-6 Comp:13-2-0 0.888MBps 46.6ms</bind>
  <bind>Comp:13-2-0 Comp:13-1-7 0.888MBps 46.6ms</bind>
  <bind>Comp:13-1-7 Comp:13-2-0 0.888MBps 46.6ms</bind>
  <bind>Comp:13-2-0 Comp:13-1-8 0.888MBps 46.6ms</bind>
  <bind>Comp:13-1-8 Comp:13-2-0 0.888MBps 46.6ms</bind>
  <bind>Comp:13-2-0 Comp:13-1-9 0.888MBps 46.6ms</bind>
  <bind>Comp:13-1-9 Comp:13-2-0 0.888MBps 46.6ms</bind>
  <bind>Comp:13-3-0 Comp:13-2-0 0.644MBps 27.0ms</bind>
  <bind>Comp:13-2-0 Comp:13-3-0 0.644MBps 27.0ms</bind>
  <bind>Comp:13-3-1 Comp:13-2-0 0.644MBps 27.0ms</bind>
  <bind>Comp:13-2-0 Comp:13-3-1 0.644MBps 27.0ms</bind>
  <bind>Comp:13-3-2 Comp:13-2-0 0.644MBps 27.0ms</bind>
  <bind>Comp:13-2-0 Comp:13-3-2 0.644MBps 27.0ms</bind>
  <bind>Comp:13-3-3 Comp:13-2-0 0.644MBps 27.0ms</bind>
  <bind>Comp:13-2-0 Comp:13-3-3 0.644MBps 27.0ms</bind>
  <bind>Comp:13-3-4 Comp:13-2-0 0.644MBps 27.0ms</bind>
  <bind>Comp:13-2-0 Comp:13-3-4 0.644MBps 27.0ms</bind>
  <bind>Comp:13-4-0 Comp:13-3-0 0.403MBps 43.9ms</bind>
  <bind>Comp:13-3-0 Comp:13-4-0 0.403MBps 43.9ms</bind>
  <bind>Comp:13-4-0 Comp:13-3-1 0.403MBps 43.9ms</bind>
  <bind>Comp:13-3-1 Comp:13-4-0 0.403MBps 43.9ms</bind>
  <bind>Comp:13-4-0 Comp:13-3-2 0.403MBps 43.9ms</bind>
  <bind>Comp:13-3-2 Comp:13-4-0 0.403MBps 43.9ms</bind>
  <bind>Comp:13-4-0 Comp:13-3-3 0.403MBps 43.9ms</bind>
  <bind>Comp:13-3-3 Comp:13-4-0 0.403MBps 43.9ms</bind>
  <bind>Comp:13-4-0 Comp:13-3-4 0.403MBps 43.9ms</bind>
  <bind>Comp:13-3-4 Comp:13-4-0 0.403MBps 43.9ms</bind>
  <bind>Comp:13-5-0 Comp:13-4-0 0.812MBps 48.7ms</bind>
  <bind>Comp:13-4-0 Comp:13-5-0 0.812MBps 48.7ms</bind>
  <bind>Comp:13-5-0 Comp:13-6-0 0.0399MBps 48.6ms</bind>
  <bind>Comp:13-6-0 Comp:13-5-0 0.0399MBps 48.6ms</bind>
</app>
<app>
  <id>App14</id>
<comp>
  <id>Comp:14-1-0</id>
  <CPU>0.298Gf</CPU>
  <RAM>0.644GB</RAM>
  <DISK>1.13GB</DISK>
</comp>
<comp>
  <id>Comp:14-1-1</id>
  <CPU>0.298Gf</CPU>
  <RAM>0.644GB</RAM>
  <DISK>1.13GB</DISK>
</comp>
<comp>
  <id>Comp:14-1-2</id>
  <CPU>0.298Gf</CPU>
  <RAM>0.644GB</RAM>
  <DISK>1.13GB</DISK>
</comp>
<comp>
  <id>Comp:14-1-3</id>
  <CPU>0.298Gf</CPU>
  <RAM>0.644GB</RAM>
  <DISK>1.13GB</DISK>
</comp>
<comp>
  <id>Comp:14-1-4</id>
  <CPU>0.298Gf</CPU>
  <RAM>0.644GB</RAM>
  <DISK>1.13GB</DISK>
</comp>
<comp>
  <id>Comp:14-1-5</id>
  <CPU>0.298Gf</CPU>
  <RAM>0.644GB</RAM>
  <DISK>1.13GB</DISK>
</comp>
<comp>
  <id>Comp:14-1-6</id>
  <CPU>0.298Gf</CPU>
  <RAM>0.644GB</RAM>
  <DISK>1.13GB</DISK>
</comp>
<comp>
  <id>Comp:14-1-7</id>
  <CPU>0.298Gf</CPU>
  <RAM>0.644GB</RAM>
  <DISK>1.13GB</DISK>
</comp>
<comp>
  <id>Comp:14-1-8</id>
  <CPU>0.298Gf</CPU>
  <RAM>0.644GB</RAM>
  <DISK>1.13GB</DISK>
</comp>
<comp>
  <id>Comp:14-2-0</id>
  <CPU>0.573Gf</CPU>
  <RAM>0.102GB</RAM>
  <DISK>0.83GB</DISK>
</comp>
<comp>
  <id>Comp:14-3-0</id>
  <CPU>0.632Gf</CPU>
  <RAM>0.193GB</RAM>
  <DISK>1.59GB</DISK>
</comp>
<comp>
  <id>Comp:14-4-0</id>
  <CPU>0.858Gf</CPU>
  <RAM>0.99GB</RAM>
  <DISK>0.262GB</DISK>
</comp>
<comp>
  <id>Comp:14-4-1</id>
  <CPU>0.858Gf</CPU>
  <RAM>0.99GB</RAM>
  <DISK>0.262GB</DISK>
</comp>
<comp>
  <id>Comp:14-4-2</id>
  <CPU>0.858Gf</CPU>
  <RAM>0.99GB</RAM>
  <DISK>0.262GB</DISK>
</comp>
<comp>
  <id>Comp:14-5-0</id>
  <CPU>0.499Gf</CPU>
  <RAM>0.368GB</RAM>
  <DISK>0.283GB</DISK>
</comp>
<comp>
  <id>Comp:14-5-1</id>
  <CPU>0.499Gf</CPU>
  <RAM>0.368GB</RAM>
  <DISK>0.283GB</DISK>
</comp>
<comp>
  <id>Comp:14-5-2</id>
  <CPU>0.499Gf</CPU>
  <RAM>0.368GB</RAM>
  <DISK>0.283GB</DISK>
</comp>
<comp>
  <id>Comp:14-5-3</id>
  <CPU>0.499Gf</CPU>
  <RAM>0.368GB</RAM>
  <DISK>0.283GB</DISK>
</comp>
<comp>
  <id>Comp:14-5-4</id>
  <CPU>0.499Gf</CPU>
  <RAM>0.368GB</RAM>
  <DISK>0.283GB</DISK>
</comp>
<comp>
  <id>Comp:14-5-5</id>
  <CPU>0.499Gf</CPU>
  <RAM>0.368GB</RAM>
  <DISK>0.283GB</DISK>
</comp>
<comp>
  <id>Comp:14-5-6</id>
  <CPU>0.499Gf</CPU>
  <RAM>0.368GB</RAM>
  <DISK>0.283GB</DISK>
</comp>
<comp>
  <id>Comp:14-5-7</id>
  <CPU>0.499Gf</CPU>
  <RAM>0.368GB</RAM>
  <DISK>0.283GB</DISK>
</comp>
<comp>
  <id>Comp:14-5-8</id>
  <CPU>0.499Gf</CPU>
  <RAM>0.368GB</RAM>
  <DISK>0.283GB</DISK>
</comp>
<comp>
  <id>Comp:14-5-9</id>
  <CPU>0.499Gf</CPU>
  <RAM>0.368GB</RAM>
  <DISK>0.283GB</DISK>
</comp>
<comp>
  <id>Comp:14-6-0</id>
  <CPU>0.173Gf</CPU>
  <RAM>0.962GB</RAM>
  <DISK>0.697GB</DISK>
</comp>
<comp>
  <id>Comp:14-6-1</id>
  <CPU>0.173Gf</CPU>
  <RAM>0.962GB</RAM>
  <DISK>0.697GB</DISK>
</comp>
<comp>
  <id>Comp:14-6-2</id>
  <CPU>0.173Gf</CPU>
  <RAM>0.962GB</RAM>
  <DISK>0.697GB</DISK>
</comp>
<comp>
  <id>Comp:14-6-3</id>
  <CPU>0.173Gf</CPU>
  <RAM>0.962GB</RAM>
  <DISK>0.697GB</DISK>
</comp>
<comp>
  <id>Comp:14-6-4</id>
  <CPU>0.173Gf</CPU>
  <RAM>0.962GB</RAM>
  <DISK>0.697GB</DISK>
</comp>
<comp>
  <id>Comp:14-6-5</id>
  <CPU>0.173Gf</CPU>
  <RAM>0.962GB</RAM>
  <DISK>0.697GB</DISK>
</comp>
  <bind>Comp:14-1-0 Appliance-265 0.488MBps 30.8ms</bind>
  <bind>Appliance-265 Comp:14-1-0 0.488MBps 30.8ms</bind>
  <bind>Comp:14-1-1 Appliance-262 0.488MBps 30.8ms</bind>
  <bind>Appliance-262 Comp:14-1-1 0.488MBps 30.8ms</bind>
  <bind>Comp:14-1-2 Appliance-265 0.488MBps 30.8ms</bind>
  <bind>Appliance-265 Comp:14-1-2 0.488MBps 30.8ms</bind>
  <bind>Comp:14-1-3 Appliance-262 0.488MBps 30.8ms</bind>
  <bind>Appliance-262 Comp:14-1-3 0.488MBps 30.8ms</bind>
  <bind>Comp:14-1-4 Appliance-265 0.488MBps 30.8ms</bind>
  <bind>Appliance-265 Comp:14-1-4 0.488MBps 30.8ms</bind>
  <bind>Comp:14-1-5 Appliance-262 0.488MBps 30.8ms</bind>
  <bind>Appliance-262 Comp:14-1-5 0.488MBps 30.8ms</bind>
  <bind>Comp:14-1-6 Appliance-265 0.488MBps 30.8ms</bind>
  <bind>Appliance-265 Comp:14-1-6 0.488MBps 30.8ms</bind>
  <bind>Comp:14-1-7 Appliance-262 0.488MBps 30.8ms</bind>
  <bind>Appliance-262 Comp:14-1-7 0.488MBps 30.8ms</bind>
  <bind>Comp:14-1-8 Appliance-265 0.488MBps 30.8ms</bind>
  <bind>Appliance-265 Comp:14-1-8 0.488MBps 30.8ms</bind>
  <bind>Comp:14-2-0 Comp:14-1-0 0.831MBps 31.0ms</bind>
  <bind>Comp:14-1-0 Comp:14-2-0 0.831MBps 31.0ms</bind>
  <bind>Comp:14-2-0 Comp:14-1-1 0.831MBps 31.0ms</bind>
  <bind>Comp:14-1-1 Comp:14-2-0 0.831MBps 31.0ms</bind>
  <bind>Comp:14-2-0 Comp:14-1-2 0.831MBps 31.0ms</bind>
  <bind>Comp:14-1-2 Comp:14-2-0 0.831MBps 31.0ms</bind>
  <bind>Comp:14-2-0 Comp:14-1-3 0.831MBps 31.0ms</bind>
  <bind>Comp:14-1-3 Comp:14-2-0 0.831MBps 31.0ms</bind>
  <bind>Comp:14-2-0 Comp:14-1-4 0.831MBps 31.0ms</bind>
  <bind>Comp:14-1-4 Comp:14-2-0 0.831MBps 31.0ms</bind>
  <bind>Comp:14-2-0 Comp:14-1-5 0.831MBps 31.0ms</bind>
  <bind>Comp:14-1-5 Comp:14-2-0 0.831MBps 31.0ms</bind>
  <bind>Comp:14-2-0 Comp:14-1-6 0.831MBps 31.0ms</bind>
  <bind>Comp:14-1-6 Comp:14-2-0 0.831MBps 31.0ms</bind>
  <bind>Comp:14-2-0 Comp:14-1-7 0.831MBps 31.0ms</bind>
  <bind>Comp:14-1-7 Comp:14-2-0 0.831MBps 31.0ms</bind>
  <bind>Comp:14-2-0 Comp:14-1-8 0.831MBps 31.0ms</bind>
  <bind>Comp:14-1-8 Comp:14-2-0 0.831MBps 31.0ms</bind>
  <bind>Comp:14-3-0 Comp:14-2-0 0.289MBps 38.3ms</bind>
  <bind>Comp:14-2-0 Comp:14-3-0 0.289MBps 38.3ms</bind>
  <bind>Comp:14-4-0 Comp:14-3-0 0.447MBps 46.7ms</bind>
  <bind>Comp:14-3-0 Comp:14-4-0 0.447MBps 46.7ms</bind>
  <bind>Comp:14-4-1 Comp:14-3-0 0.447MBps 46.7ms</bind>
  <bind>Comp:14-3-0 Comp:14-4-1 0.447MBps 46.7ms</bind>
  <bind>Comp:14-4-2 Comp:14-3-0 0.447MBps 46.7ms</bind>
  <bind>Comp:14-3-0 Comp:14-4-2 0.447MBps 46.7ms</bind>
  <bind>Comp:14-5-0 Comp:14-4-0 0.183MBps 31.7ms</bind>
  <bind>Comp:14-4-0 Comp:14-5-0 0.183MBps 31.7ms</bind>
  <bind>Comp:14-5-1 Comp:14-4-1 0.183MBps 31.7ms</bind>
  <bind>Comp:14-4-1 Comp:14-5-1 0.183MBps 31.7ms</bind>
  <bind>Comp:14-5-2 Comp:14-4-2 0.183MBps 31.7ms</bind>
  <bind>Comp:14-4-2 Comp:14-5-2 0.183MBps 31.7ms</bind>
  <bind>Comp:14-5-3 Comp:14-4-0 0.183MBps 31.7ms</bind>
  <bind>Comp:14-4-0 Comp:14-5-3 0.183MBps 31.7ms</bind>
  <bind>Comp:14-5-4 Comp:14-4-1 0.183MBps 31.7ms</bind>
  <bind>Comp:14-4-1 Comp:14-5-4 0.183MBps 31.7ms</bind>
  <bind>Comp:14-5-5 Comp:14-4-2 0.183MBps 31.7ms</bind>
  <bind>Comp:14-4-2 Comp:14-5-5 0.183MBps 31.7ms</bind>
  <bind>Comp:14-5-6 Comp:14-4-0 0.183MBps 31.7ms</bind>
  <bind>Comp:14-4-0 Comp:14-5-6 0.183MBps 31.7ms</bind>
  <bind>Comp:14-5-7 Comp:14-4-1 0.183MBps 31.7ms</bind>
  <bind>Comp:14-4-1 Comp:14-5-7 0.183MBps 31.7ms</bind>
  <bind>Comp:14-5-8 Comp:14-4-2 0.183MBps 31.7ms</bind>
  <bind>Comp:14-4-2 Comp:14-5-8 0.183MBps 31.7ms</bind>
  <bind>Comp:14-5-9 Comp:14-4-0 0.183MBps 31.7ms</bind>
  <bind>Comp:14-4-0 Comp:14-5-9 0.183MBps 31.7ms</bind>
  <bind>Comp:14-5-0 Comp:14-6-0 0.902MBps 43.7ms</bind>
  <bind>Comp:14-6-0 Comp:14-5-0 0.902MBps 43.7ms</bind>
  <bind>Comp:14-5-1 Comp:14-6-1 0.902MBps 43.7ms</bind>
  <bind>Comp:14-6-1 Comp:14-5-1 0.902MBps 43.7ms</bind>
  <bind>Comp:14-5-2 Comp:14-6-2 0.902MBps 43.7ms</bind>
  <bind>Comp:14-6-2 Comp:14-5-2 0.902MBps 43.7ms</bind>
  <bind>Comp:14-5-3 Comp:14-6-3 0.902MBps 43.7ms</bind>
  <bind>Comp:14-6-3 Comp:14-5-3 0.902MBps 43.7ms</bind>
  <bind>Comp:14-5-4 Comp:14-6-4 0.902MBps 43.7ms</bind>
  <bind>Comp:14-6-4 Comp:14-5-4 0.902MBps 43.7ms</bind>
  <bind>Comp:14-5-5 Comp:14-6-5 0.902MBps 43.7ms</bind>
  <bind>Comp:14-6-5 Comp:14-5-5 0.902MBps 43.7ms</bind>
  <bind>Comp:14-5-6 Comp:14-6-0 0.902MBps 43.7ms</bind>
  <bind>Comp:14-6-0 Comp:14-5-6 0.902MBps 43.7ms</bind>
  <bind>Comp:14-5-7 Comp:14-6-1 0.902MBps 43.7ms</bind>
  <bind>Comp:14-6-1 Comp:14-5-7 0.902MBps 43.7ms</bind>
  <bind>Comp:14-5-8 Comp:14-6-2 0.902MBps 43.7ms</bind>
  <bind>Comp:14-6-2 Comp:14-5-8 0.902MBps 43.7ms</bind>
  <bind>Comp:14-5-9 Comp:14-6-3 0.902MBps 43.7ms</bind>
  <bind>Comp:14-6-3 Comp:14-5-9 0.902MBps 43.7ms</bind>
</app>
<app>
  <id>App15</id>
<comp>
  <id>Comp:15-0-0</id>
  <CPU>0.291Gf</CPU>
  <RAM>0.346GB</RAM>
  <DISK>1.6GB</DISK>
</comp>
<comp>
  <id>Comp:15-1-0</id>
  <CPU>0.328Gf</CPU>
  <RAM>0.522GB</RAM>
  <DISK>1.34GB</DISK>
</comp>
<comp>
  <id>Comp:15-1-1</id>
  <CPU>0.328Gf</CPU>
  <RAM>0.522GB</RAM>
  <DISK>1.34GB</DISK>
</comp>
<comp>
  <id>Comp:15-1-2</id>
  <CPU>0.328Gf</CPU>
  <RAM>0.522GB</RAM>
  <DISK>1.34GB</DISK>
</comp>
<comp>
  <id>Comp:15-1-3</id>
  <CPU>0.328Gf</CPU>
  <RAM>0.522GB</RAM>
  <DISK>1.34GB</DISK>
</comp>
<comp>
  <id>Comp:15-1-4</id>
  <CPU>0.328Gf</CPU>
  <RAM>0.522GB</RAM>
  <DISK>1.34GB</DISK>
</comp>
<comp>
  <id>Comp:15-1-5</id>
  <CPU>0.328Gf</CPU>
  <RAM>0.522GB</RAM>
  <DISK>1.34GB</DISK>
</comp>
<comp>
  <id>Comp:15-1-6</id>
  <CPU>0.328Gf</CPU>
  <RAM>0.522GB</RAM>
  <DISK>1.34GB</DISK>
</comp>
<comp>
  <id>Comp:15-1-7</id>
  <CPU>0.328Gf</CPU>
  <RAM>0.522GB</RAM>
  <DISK>1.34GB</DISK>
</comp>
<comp>
  <id>Comp:15-1-8</id>
  <CPU>0.328Gf</CPU>
  <RAM>0.522GB</RAM>
  <DISK>1.34GB</DISK>
</comp>
<comp>
  <id>Comp:15-1-9</id>
  <CPU>0.328Gf</CPU>
  <RAM>0.522GB</RAM>
  <DISK>1.34GB</DISK>
</comp>
<comp>
  <id>Comp:15-2-0</id>
  <CPU>0.941Gf</CPU>
  <RAM>0.339GB</RAM>
  <DISK>1.81GB</DISK>
</comp>
<comp>
  <id>Comp:15-3-0</id>
  <CPU>0.117Gf</CPU>
  <RAM>0.824GB</RAM>
  <DISK>1.07GB</DISK>
</comp>
<comp>
  <id>Comp:15-3-1</id>
  <CPU>0.117Gf</CPU>
  <RAM>0.824GB</RAM>
  <DISK>1.07GB</DISK>
</comp>
<comp>
  <id>Comp:15-3-2</id>
  <CPU>0.117Gf</CPU>
  <RAM>0.824GB</RAM>
  <DISK>1.07GB</DISK>
</comp>
<comp>
  <id>Comp:15-3-3</id>
  <CPU>0.117Gf</CPU>
  <RAM>0.824GB</RAM>
  <DISK>1.07GB</DISK>
</comp>
<comp>
  <id>Comp:15-3-4</id>
  <CPU>0.117Gf</CPU>
  <RAM>0.824GB</RAM>
  <DISK>1.07GB</DISK>
</comp>
<comp>
  <id>Comp:15-3-5</id>
  <CPU>0.117Gf</CPU>
  <RAM>0.824GB</RAM>
  <DISK>1.07GB</DISK>
</comp>
<comp>
  <id>Comp:15-3-6</id>
  <CPU>0.117Gf</CPU>
  <RAM>0.824GB</RAM>
  <DISK>1.07GB</DISK>
</comp>
<comp>
  <id>Comp:15-3-7</id>
  <CPU>0.117Gf</CPU>
  <RAM>0.824GB</RAM>
  <DISK>1.07GB</DISK>
</comp>
<comp>
  <id>Comp:15-3-8</id>
  <CPU>0.117Gf</CPU>
  <RAM>0.824GB</RAM>
  <DISK>1.07GB</DISK>
</comp>
<comp>
  <id>Comp:15-4-0</id>
  <CPU>0.421Gf</CPU>
  <RAM>0.522GB</RAM>
  <DISK>1.08GB</DISK>
</comp>
<comp>
  <id>Comp:15-4-1</id>
  <CPU>0.421Gf</CPU>
  <RAM>0.522GB</RAM>
  <DISK>1.08GB</DISK>
</comp>
  <bind>Comp:15-1-0 Comp:15-0-0 0.304MBps 47.5ms</bind>
  <bind>Comp:15-0-0 Comp:15-1-0 0.304MBps 47.5ms</bind>
  <bind>Comp:15-1-1 Comp:15-0-0 0.304MBps 47.5ms</bind>
  <bind>Comp:15-0-0 Comp:15-1-1 0.304MBps 47.5ms</bind>
  <bind>Comp:15-1-2 Comp:15-0-0 0.304MBps 47.5ms</bind>
  <bind>Comp:15-0-0 Comp:15-1-2 0.304MBps 47.5ms</bind>
  <bind>Comp:15-1-3 Comp:15-0-0 0.304MBps 47.5ms</bind>
  <bind>Comp:15-0-0 Comp:15-1-3 0.304MBps 47.5ms</bind>
  <bind>Comp:15-1-4 Comp:15-0-0 0.304MBps 47.5ms</bind>
  <bind>Comp:15-0-0 Comp:15-1-4 0.304MBps 47.5ms</bind>
  <bind>Comp:15-1-5 Comp:15-0-0 0.304MBps 47.5ms</bind>
  <bind>Comp:15-0-0 Comp:15-1-5 0.304MBps 47.5ms</bind>
  <bind>Comp:15-1-6 Comp:15-0-0 0.304MBps 47.5ms</bind>
  <bind>Comp:15-0-0 Comp:15-1-6 0.304MBps 47.5ms</bind>
  <bind>Comp:15-1-7 Comp:15-0-0 0.304MBps 47.5ms</bind>
  <bind>Comp:15-0-0 Comp:15-1-7 0.304MBps 47.5ms</bind>
  <bind>Comp:15-1-8 Comp:15-0-0 0.304MBps 47.5ms</bind>
  <bind>Comp:15-0-0 Comp:15-1-8 0.304MBps 47.5ms</bind>
  <bind>Comp:15-1-9 Comp:15-0-0 0.304MBps 47.5ms</bind>
  <bind>Comp:15-0-0 Comp:15-1-9 0.304MBps 47.5ms</bind>
  <bind>Comp:15-2-0 Comp:15-1-0 0.843MBps 45.5ms</bind>
  <bind>Comp:15-1-0 Comp:15-2-0 0.843MBps 45.5ms</bind>
  <bind>Comp:15-2-0 Comp:15-1-1 0.843MBps 45.5ms</bind>
  <bind>Comp:15-1-1 Comp:15-2-0 0.843MBps 45.5ms</bind>
  <bind>Comp:15-2-0 Comp:15-1-2 0.843MBps 45.5ms</bind>
  <bind>Comp:15-1-2 Comp:15-2-0 0.843MBps 45.5ms</bind>
  <bind>Comp:15-2-0 Comp:15-1-3 0.843MBps 45.5ms</bind>
  <bind>Comp:15-1-3 Comp:15-2-0 0.843MBps 45.5ms</bind>
  <bind>Comp:15-2-0 Comp:15-1-4 0.843MBps 45.5ms</bind>
  <bind>Comp:15-1-4 Comp:15-2-0 0.843MBps 45.5ms</bind>
  <bind>Comp:15-2-0 Comp:15-1-5 0.843MBps 45.5ms</bind>
  <bind>Comp:15-1-5 Comp:15-2-0 0.843MBps 45.5ms</bind>
  <bind>Comp:15-2-0 Comp:15-1-6 0.843MBps 45.5ms</bind>
  <bind>Comp:15-1-6 Comp:15-2-0 0.843MBps 45.5ms</bind>
  <bind>Comp:15-2-0 Comp:15-1-7 0.843MBps 45.5ms</bind>
  <bind>Comp:15-1-7 Comp:15-2-0 0.843MBps 45.5ms</bind>
  <bind>Comp:15-2-0 Comp:15-1-8 0.843MBps 45.5ms</bind>
  <bind>Comp:15-1-8 Comp:15-2-0 0.843MBps 45.5ms</bind>
  <bind>Comp:15-2-0 Comp:15-1-9 0.843MBps 45.5ms</bind>
  <bind>Comp:15-1-9 Comp:15-2-0 0.843MBps 45.5ms</bind>
  <bind>Comp:15-3-0 Comp:15-2-0 0.443MBps 38.0ms</bind>
  <bind>Comp:15-2-0 Comp:15-3-0 0.443MBps 38.0ms</bind>
  <bind>Comp:15-3-1 Comp:15-2-0 0.443MBps 38.0ms</bind>
  <bind>Comp:15-2-0 Comp:15-3-1 0.443MBps 38.0ms</bind>
  <bind>Comp:15-3-2 Comp:15-2-0 0.443MBps 38.0ms</bind>
  <bind>Comp:15-2-0 Comp:15-3-2 0.443MBps 38.0ms</bind>
  <bind>Comp:15-3-3 Comp:15-2-0 0.443MBps 38.0ms</bind>
  <bind>Comp:15-2-0 Comp:15-3-3 0.443MBps 38.0ms</bind>
  <bind>Comp:15-3-4 Comp:15-2-0 0.443MBps 38.0ms</bind>
  <bind>Comp:15-2-0 Comp:15-3-4 0.443MBps 38.0ms</bind>
  <bind>Comp:15-3-5 Comp:15-2-0 0.443MBps 38.0ms</bind>
  <bind>Comp:15-2-0 Comp:15-3-5 0.443MBps 38.0ms</bind>
  <bind>Comp:15-3-6 Comp:15-2-0 0.443MBps 38.0ms</bind>
  <bind>Comp:15-2-0 Comp:15-3-6 0.443MBps 38.0ms</bind>
  <bind>Comp:15-3-7 Comp:15-2-0 0.443MBps 38.0ms</bind>
  <bind>Comp:15-2-0 Comp:15-3-7 0.443MBps 38.0ms</bind>
  <bind>Comp:15-3-8 Comp:15-2-0 0.443MBps 38.0ms</bind>
  <bind>Comp:15-2-0 Comp:15-3-8 0.443MBps 38.0ms</bind>
  <bind>Comp:15-4-0 Comp:15-3-0 0.577MBps 38.1ms</bind>
  <bind>Comp:15-3-0 Comp:15-4-0 0.577MBps 38.1ms</bind>
  <bind>Comp:15-4-1 Comp:15-3-1 0.577MBps 38.1ms</bind>
  <bind>Comp:15-3-1 Comp:15-4-1 0.577MBps 38.1ms</bind>
  <bind>Comp:15-4-0 Comp:15-3-2 0.577MBps 38.1ms</bind>
  <bind>Comp:15-3-2 Comp:15-4-0 0.577MBps 38.1ms</bind>
  <bind>Comp:15-4-1 Comp:15-3-3 0.577MBps 38.1ms</bind>
  <bind>Comp:15-3-3 Comp:15-4-1 0.577MBps 38.1ms</bind>
  <bind>Comp:15-4-0 Comp:15-3-4 0.577MBps 38.1ms</bind>
  <bind>Comp:15-3-4 Comp:15-4-0 0.577MBps 38.1ms</bind>
  <bind>Comp:15-4-1 Comp:15-3-5 0.577MBps 38.1ms</bind>
  <bind>Comp:15-3-5 Comp:15-4-1 0.577MBps 38.1ms</bind>
  <bind>Comp:15-4-0 Comp:15-3-6 0.577MBps 38.1ms</bind>
  <bind>Comp:15-3-6 Comp:15-4-0 0.577MBps 38.1ms</bind>
  <bind>Comp:15-4-1 Comp:15-3-7 0.577MBps 38.1ms</bind>
  <bind>Comp:15-3-7 Comp:15-4-1 0.577MBps 38.1ms</bind>
  <bind>Comp:15-4-0 Comp:15-3-8 0.577MBps 38.1ms</bind>
  <bind>Comp:15-3-8 Comp:15-4-0 0.577MBps 38.1ms</bind>
  <bind>Comp:15-4-0 Appliance-368 0.937MBps 42.1ms</bind>
  <bind>Appliance-368 Comp:15-4-0 0.937MBps 42.1ms</bind>
  <bind>Comp:15-4-1 Appliance-399 0.937MBps 42.1ms</bind>
  <bind>Appliance-399 Comp:15-4-1 0.937MBps 42.1ms</bind>
</app>
<app>
  <id>App16</id>
<comp>
  <id>Comp:16-0-0</id>
  <CPU>0.342Gf</CPU>
  <RAM>0.634GB</RAM>
  <DISK>1.33GB</DISK>
</comp>
<comp>
  <id>Comp:16-0-1</id>
  <CPU>0.342Gf</CPU>
  <RAM>0.634GB</RAM>
  <DISK>1.33GB</DISK>
</comp>
<comp>
  <id>Comp:16-1-0</id>
  <CPU>0.273Gf</CPU>
  <RAM>0.263GB</RAM>
  <DISK>1.19GB</DISK>
</comp>
<comp>
  <id>Comp:16-1-1</id>
  <CPU>0.273Gf</CPU>
  <RAM>0.263GB</RAM>
  <DISK>1.19GB</DISK>
</comp>
<comp>
  <id>Comp:16-1-2</id>
  <CPU>0.273Gf</CPU>
  <RAM>0.263GB</RAM>
  <DISK>1.19GB</DISK>
</comp>
<comp>
  <id>Comp:16-1-3</id>
  <CPU>0.273Gf</CPU>
  <RAM>0.263GB</RAM>
  <DISK>1.19GB</DISK>
</comp>
<comp>
  <id>Comp:16-1-4</id>
  <CPU>0.273Gf</CPU>
  <RAM>0.263GB</RAM>
  <DISK>1.19GB</DISK>
</comp>
<comp>
  <id>Comp:16-1-5</id>
  <CPU>0.273Gf</CPU>
  <RAM>0.263GB</RAM>
  <DISK>1.19GB</DISK>
</comp>
<comp>
  <id>Comp:16-1-6</id>
  <CPU>0.273Gf</CPU>
  <RAM>0.263GB</RAM>
  <DISK>1.19GB</DISK>
</comp>
<comp>
  <id>Comp:16-1-7</id>
  <CPU>0.273Gf</CPU>
  <RAM>0.263GB</RAM>
  <DISK>1.19GB</DISK>
</comp>
<comp>
  <id>Comp:16-2-0</id>
  <CPU>0.124Gf</CPU>
  <RAM>0.755GB</RAM>
  <DISK>0.0589GB</DISK>
</comp>
<comp>
  <id>Comp:16-2-1</id>
  <CPU>0.124Gf</CPU>
  <RAM>0.755GB</RAM>
  <DISK>0.0589GB</DISK>
</comp>
<comp>
  <id>Comp:16-2-2</id>
  <CPU>0.124Gf</CPU>
  <RAM>0.755GB</RAM>
  <DISK>0.0589GB</DISK>
</comp>
<comp>
  <id>Comp:16-2-3</id>
  <CPU>0.124Gf</CPU>
  <RAM>0.755GB</RAM>
  <DISK>0.0589GB</DISK>
</comp>
<comp>
  <id>Comp:16-2-4</id>
  <CPU>0.124Gf</CPU>
  <RAM>0.755GB</RAM>
  <DISK>0.0589GB</DISK>
</comp>
<comp>
  <id>Comp:16-2-5</id>
  <CPU>0.124Gf</CPU>
  <RAM>0.755GB</RAM>
  <DISK>0.0589GB</DISK>
</comp>
<comp>
  <id>Comp:16-2-6</id>
  <CPU>0.124Gf</CPU>
  <RAM>0.755GB</RAM>
  <DISK>0.0589GB</DISK>
</comp>
<comp>
  <id>Comp:16-2-7</id>
  <CPU>0.124Gf</CPU>
  <RAM>0.755GB</RAM>
  <DISK>0.0589GB</DISK>
</comp>
<comp>
  <id>Comp:16-2-8</id>
  <CPU>0.124Gf</CPU>
  <RAM>0.755GB</RAM>
  <DISK>0.0589GB</DISK>
</comp>
<comp>
  <id>Comp:16-2-9</id>
  <CPU>0.124Gf</CPU>
  <RAM>0.755GB</RAM>
  <DISK>0.0589GB</DISK>
</comp>
<comp>
  <id>Comp:16-3-0</id>
  <CPU>0.16Gf</CPU>
  <RAM>0.416GB</RAM>
  <DISK>1.33GB</DISK>
</comp>
<comp>
  <id>Comp:16-3-1</id>
  <CPU>0.16Gf</CPU>
  <RAM>0.416GB</RAM>
  <DISK>1.33GB</DISK>
</comp>
<comp>
  <id>Comp:16-4-0</id>
  <CPU>0.611Gf</CPU>
  <RAM>0.129GB</RAM>
  <DISK>0.866GB</DISK>
</comp>
<comp>
  <id>Comp:16-4-1</id>
  <CPU>0.611Gf</CPU>
  <RAM>0.129GB</RAM>
  <DISK>0.866GB</DISK>
</comp>
<comp>
  <id>Comp:16-4-2</id>
  <CPU>0.611Gf</CPU>
  <RAM>0.129GB</RAM>
  <DISK>0.866GB</DISK>
</comp>
<comp>
  <id>Comp:16-4-3</id>
  <CPU>0.611Gf</CPU>
  <RAM>0.129GB</RAM>
  <DISK>0.866GB</DISK>
</comp>
<comp>
  <id>Comp:16-4-4</id>
  <CPU>0.611Gf</CPU>
  <RAM>0.129GB</RAM>
  <DISK>0.866GB</DISK>
</comp>
<comp>
  <id>Comp:16-4-5</id>
  <CPU>0.611Gf</CPU>
  <RAM>0.129GB</RAM>
  <DISK>0.866GB</DISK>
</comp>
<comp>
  <id>Comp:16-4-6</id>
  <CPU>0.611Gf</CPU>
  <RAM>0.129GB</RAM>
  <DISK>0.866GB</DISK>
</comp>
  <bind>Comp:16-1-0 Comp:16-0-0 0.46MBps 27.7ms</bind>
  <bind>Comp:16-0-0 Comp:16-1-0 0.46MBps 27.7ms</bind>
  <bind>Comp:16-1-1 Comp:16-0-1 0.46MBps 27.7ms</bind>
  <bind>Comp:16-0-1 Comp:16-1-1 0.46MBps 27.7ms</bind>
  <bind>Comp:16-1-2 Comp:16-0-0 0.46MBps 27.7ms</bind>
  <bind>Comp:16-0-0 Comp:16-1-2 0.46MBps 27.7ms</bind>
  <bind>Comp:16-1-3 Comp:16-0-1 0.46MBps 27.7ms</bind>
  <bind>Comp:16-0-1 Comp:16-1-3 0.46MBps 27.7ms</bind>
  <bind>Comp:16-1-4 Comp:16-0-0 0.46MBps 27.7ms</bind>
  <bind>Comp:16-0-0 Comp:16-1-4 0.46MBps 27.7ms</bind>
  <bind>Comp:16-1-5 Comp:16-0-1 0.46MBps 27.7ms</bind>
  <bind>Comp:16-0-1 Comp:16-1-5 0.46MBps 27.7ms</bind>
  <bind>Comp:16-1-6 Comp:16-0-0 0.46MBps 27.7ms</bind>
  <bind>Comp:16-0-0 Comp:16-1-6 0.46MBps 27.7ms</bind>
  <bind>Comp:16-1-7 Comp:16-0-1 0.46MBps 27.7ms</bind>
  <bind>Comp:16-0-1 Comp:16-1-7 0.46MBps 27.7ms</bind>
  <bind>Comp:16-2-0 Comp:16-1-0 0.116MBps 40.1ms</bind>
  <bind>Comp:16-1-0 Comp:16-2-0 0.116MBps 40.1ms</bind>
  <bind>Comp:16-2-1 Comp:16-1-1 0.116MBps 40.1ms</bind>
  <bind>Comp:16-1-1 Comp:16-2-1 0.116MBps 40.1ms</bind>
  <bind>Comp:16-2-2 Comp:16-1-2 0.116MBps 40.1ms</bind>
  <bind>Comp:16-1-2 Comp:16-2-2 0.116MBps 40.1ms</bind>
  <bind>Comp:16-2-3 Comp:16-1-3 0.116MBps 40.1ms</bind>
  <bind>Comp:16-1-3 Comp:16-2-3 0.116MBps 40.1ms</bind>
  <bind>Comp:16-2-4 Comp:16-1-4 0.116MBps 40.1ms</bind>
  <bind>Comp:16-1-4 Comp:16-2-4 0.116MBps 40.1ms</bind>
  <bind>Comp:16-2-5 Comp:16-1-5 0.116MBps 40.1ms</bind>
  <bind>Comp:16-1-5 Comp:16-2-5 0.116MBps 40.1ms</bind>
  <bind>Comp:16-2-6 Comp:16-1-6 0.116MBps 40.1ms</bind>
  <bind>Comp:16-1-6 Comp:16-2-6 0.116MBps 40.1ms</bind>
  <bind>Comp:16-2-7 Comp:16-1-7 0.116MBps 40.1ms</bind>
  <bind>Comp:16-1-7 Comp:16-2-7 0.116MBps 40.1ms</bind>
  <bind>Comp:16-2-8 Comp:16-1-0 0.116MBps 40.1ms</bind>
  <bind>Comp:16-1-0 Comp:16-2-8 0.116MBps 40.1ms</bind>
  <bind>Comp:16-2-9 Comp:16-1-1 0.116MBps 40.1ms</bind>
  <bind>Comp:16-1-1 Comp:16-2-9 0.116MBps 40.1ms</bind>
  <bind>Comp:16-3-0 Comp:16-2-0 0.218MBps 39.5ms</bind>
  <bind>Comp:16-2-0 Comp:16-3-0 0.218MBps 39.5ms</bind>
  <bind>Comp:16-3-1 Comp:16-2-1 0.218MBps 39.5ms</bind>
  <bind>Comp:16-2-1 Comp:16-3-1 0.218MBps 39.5ms</bind>
  <bind>Comp:16-3-0 Comp:16-2-2 0.218MBps 39.5ms</bind>
  <bind>Comp:16-2-2 Comp:16-3-0 0.218MBps 39.5ms</bind>
  <bind>Comp:16-3-1 Comp:16-2-3 0.218MBps 39.5ms</bind>
  <bind>Comp:16-2-3 Comp:16-3-1 0.218MBps 39.5ms</bind>
  <bind>Comp:16-3-0 Comp:16-2-4 0.218MBps 39.5ms</bind>
  <bind>Comp:16-2-4 Comp:16-3-0 0.218MBps 39.5ms</bind>
  <bind>Comp:16-3-1 Comp:16-2-5 0.218MBps 39.5ms</bind>
  <bind>Comp:16-2-5 Comp:16-3-1 0.218MBps 39.5ms</bind>
  <bind>Comp:16-3-0 Comp:16-2-6 0.218MBps 39.5ms</bind>
  <bind>Comp:16-2-6 Comp:16-3-0 0.218MBps 39.5ms</bind>
  <bind>Comp:16-3-1 Comp:16-2-7 0.218MBps 39.5ms</bind>
  <bind>Comp:16-2-7 Comp:16-3-1 0.218MBps 39.5ms</bind>
  <bind>Comp:16-3-0 Comp:16-2-8 0.218MBps 39.5ms</bind>
  <bind>Comp:16-2-8 Comp:16-3-0 0.218MBps 39.5ms</bind>
  <bind>Comp:16-3-1 Comp:16-2-9 0.218MBps 39.5ms</bind>
  <bind>Comp:16-2-9 Comp:16-3-1 0.218MBps 39.5ms</bind>
  <bind>Comp:16-4-0 Comp:16-3-0 0.748MBps 40.7ms</bind>
  <bind>Comp:16-3-0 Comp:16-4-0 0.748MBps 40.7ms</bind>
  <bind>Comp:16-4-1 Comp:16-3-1 0.748MBps 40.7ms</bind>
  <bind>Comp:16-3-1 Comp:16-4-1 0.748MBps 40.7ms</bind>
  <bind>Comp:16-4-2 Comp:16-3-0 0.748MBps 40.7ms</bind>
  <bind>Comp:16-3-0 Comp:16-4-2 0.748MBps 40.7ms</bind>
  <bind>Comp:16-4-3 Comp:16-3-1 0.748MBps 40.7ms</bind>
  <bind>Comp:16-3-1 Comp:16-4-3 0.748MBps 40.7ms</bind>
  <bind>Comp:16-4-4 Comp:16-3-0 0.748MBps 40.7ms</bind>
  <bind>Comp:16-3-0 Comp:16-4-4 0.748MBps 40.7ms</bind>
  <bind>Comp:16-4-5 Comp:16-3-1 0.748MBps 40.7ms</bind>
  <bind>Comp:16-3-1 Comp:16-4-5 0.748MBps 40.7ms</bind>
  <bind>Comp:16-4-6 Comp:16-3-0 0.748MBps 40.7ms</bind>
  <bind>Comp:16-3-0 Comp:16-4-6 0.748MBps 40.7ms</bind>
  <bind>Comp:16-4-0 Appliance-232 0.767MBps 38.8ms</bind>
  <bind>Appliance-232 Comp:16-4-0 0.767MBps 38.8ms</bind>
  <bind>Comp:16-4-1 Appliance-149 0.767MBps 38.8ms</bind>
  <bind>Appliance-149 Comp:16-4-1 0.767MBps 38.8ms</bind>
  <bind>Comp:16-4-2 Appliance-37 0.767MBps 38.8ms</bind>
  <bind>Appliance-37 Comp:16-4-2 0.767MBps 38.8ms</bind>
  <bind>Comp:16-4-3 Appliance-162 0.767MBps 38.8ms</bind>
  <bind>Appliance-162 Comp:16-4-3 0.767MBps 38.8ms</bind>
  <bind>Comp:16-4-4 Appliance-322 0.767MBps 38.8ms</bind>
  <bind>Appliance-322 Comp:16-4-4 0.767MBps 38.8ms</bind>
  <bind>Comp:16-4-5 Appliance-169 0.767MBps 38.8ms</bind>
  <bind>Appliance-169 Comp:16-4-5 0.767MBps 38.8ms</bind>
  <bind>Comp:16-4-6 Appliance-235 0.767MBps 38.8ms</bind>
  <bind>Appliance-235 Comp:16-4-6 0.767MBps 38.8ms</bind>
</app>
<app>
  <id>App17</id>
<comp>
  <id>Comp:17-1-0</id>
  <CPU>0.207Gf</CPU>
  <RAM>0.733GB</RAM>
  <DISK>0.597GB</DISK>
</comp>
<comp>
  <id>Comp:17-1-1</id>
  <CPU>0.207Gf</CPU>
  <RAM>0.733GB</RAM>
  <DISK>0.597GB</DISK>
</comp>
<comp>
  <id>Comp:17-2-0</id>
  <CPU>0.657Gf</CPU>
  <RAM>0.961GB</RAM>
  <DISK>0.0615GB</DISK>
</comp>
<comp>
  <id>Comp:17-2-1</id>
  <CPU>0.657Gf</CPU>
  <RAM>0.961GB</RAM>
  <DISK>0.0615GB</DISK>
</comp>
<comp>
  <id>Comp:17-2-2</id>
  <CPU>0.657Gf</CPU>
  <RAM>0.961GB</RAM>
  <DISK>0.0615GB</DISK>
</comp>
<comp>
  <id>Comp:17-2-3</id>
  <CPU>0.657Gf</CPU>
  <RAM>0.961GB</RAM>
  <DISK>0.0615GB</DISK>
</comp>
  <bind>Comp:17-1-0 Appliance-274 0.769MBps 49.0ms</bind>
  <bind>Appliance-274 Comp:17-1-0 0.769MBps 49.0ms</bind>
  <bind>Comp:17-1-1 Appliance-50 0.769MBps 49.0ms</bind>
  <bind>Appliance-50 Comp:17-1-1 0.769MBps 49.0ms</bind>
  <bind>Comp:17-1-0 Appliance-141 0.769MBps 49.0ms</bind>
  <bind>Appliance-141 Comp:17-1-0 0.769MBps 49.0ms</bind>
  <bind>Comp:17-1-1 Appliance-205 0.769MBps 49.0ms</bind>
  <bind>Appliance-205 Comp:17-1-1 0.769MBps 49.0ms</bind>
  <bind>Comp:17-1-0 Appliance-21 0.769MBps 49.0ms</bind>
  <bind>Appliance-21 Comp:17-1-0 0.769MBps 49.0ms</bind>
  <bind>Comp:17-1-1 Appliance-251 0.769MBps 49.0ms</bind>
  <bind>Appliance-251 Comp:17-1-1 0.769MBps 49.0ms</bind>
  <bind>Comp:17-1-0 Appliance-138 0.769MBps 49.0ms</bind>
  <bind>Appliance-138 Comp:17-1-0 0.769MBps 49.0ms</bind>
  <bind>Comp:17-1-1 Appliance-341 0.769MBps 49.0ms</bind>
  <bind>Appliance-341 Comp:17-1-1 0.769MBps 49.0ms</bind>
  <bind>Comp:17-1-0 Comp:17-2-0 0.124MBps 45.1ms</bind>
  <bind>Comp:17-2-0 Comp:17-1-0 0.124MBps 45.1ms</bind>
  <bind>Comp:17-1-1 Comp:17-2-1 0.124MBps 45.1ms</bind>
  <bind>Comp:17-2-1 Comp:17-1-1 0.124MBps 45.1ms</bind>
  <bind>Comp:17-1-0 Comp:17-2-2 0.124MBps 45.1ms</bind>
  <bind>Comp:17-2-2 Comp:17-1-0 0.124MBps 45.1ms</bind>
  <bind>Comp:17-1-1 Comp:17-2-3 0.124MBps 45.1ms</bind>
  <bind>Comp:17-2-3 Comp:17-1-1 0.124MBps 45.1ms</bind>
</app>
<app>
  <id>App18</id>
<comp>
  <id>Comp:18-1-0</id>
  <CPU>0.855Gf</CPU>
  <RAM>0.189GB</RAM>
  <DISK>1.14GB</DISK>
</comp>
<comp>
  <id>Comp:18-1-1</id>
  <CPU>0.855Gf</CPU>
  <RAM>0.189GB</RAM>
  <DISK>1.14GB</DISK>
</comp>
<comp>
  <id>Comp:18-1-2</id>
  <CPU>0.855Gf</CPU>
  <RAM>0.189GB</RAM>
  <DISK>1.14GB</DISK>
</comp>
<comp>
  <id>Comp:18-1-3</id>
  <CPU>0.855Gf</CPU>
  <RAM>0.189GB</RAM>
  <DISK>1.14GB</DISK>
</comp>
<comp>
  <id>Comp:18-1-4</id>
  <CPU>0.855Gf</CPU>
  <RAM>0.189GB</RAM>
  <DISK>1.14GB</DISK>
</comp>
<comp>
  <id>Comp:18-1-5</id>
  <CPU>0.855Gf</CPU>
  <RAM>0.189GB</RAM>
  <DISK>1.14GB</DISK>
</comp>
<comp>
  <id>Comp:18-1-6</id>
  <CPU>0.855Gf</CPU>
  <RAM>0.189GB</RAM>
  <DISK>1.14GB</DISK>
</comp>
<comp>
  <id>Comp:18-1-7</id>
  <CPU>0.855Gf</CPU>
  <RAM>0.189GB</RAM>
  <DISK>1.14GB</DISK>
</comp>
<comp>
  <id>Comp:18-1-8</id>
  <CPU>0.855Gf</CPU>
  <RAM>0.189GB</RAM>
  <DISK>1.14GB</DISK>
</comp>
<comp>
  <id>Comp:18-1-9</id>
  <CPU>0.855Gf</CPU>
  <RAM>0.189GB</RAM>
  <DISK>1.14GB</DISK>
</comp>
<comp>
  <id>Comp:18-2-0</id>
  <CPU>0.405Gf</CPU>
  <RAM>0.835GB</RAM>
  <DISK>0.404GB</DISK>
</comp>
<comp>
  <id>Comp:18-2-1</id>
  <CPU>0.405Gf</CPU>
  <RAM>0.835GB</RAM>
  <DISK>0.404GB</DISK>
</comp>
<comp>
  <id>Comp:18-2-2</id>
  <CPU>0.405Gf</CPU>
  <RAM>0.835GB</RAM>
  <DISK>0.404GB</DISK>
</comp>
<comp>
  <id>Comp:18-2-3</id>
  <CPU>0.405Gf</CPU>
  <RAM>0.835GB</RAM>
  <DISK>0.404GB</DISK>
</comp>
<comp>
  <id>Comp:18-2-4</id>
  <CPU>0.405Gf</CPU>
  <RAM>0.835GB</RAM>
  <DISK>0.404GB</DISK>
</comp>
<comp>
  <id>Comp:18-2-5</id>
  <CPU>0.405Gf</CPU>
  <RAM>0.835GB</RAM>
  <DISK>0.404GB</DISK>
</comp>
<comp>
  <id>Comp:18-2-6</id>
  <CPU>0.405Gf</CPU>
  <RAM>0.835GB</RAM>
  <DISK>0.404GB</DISK>
</comp>
<comp>
  <id>Comp:18-2-7</id>
  <CPU>0.405Gf</CPU>
  <RAM>0.835GB</RAM>
  <DISK>0.404GB</DISK>
</comp>
<comp>
  <id>Comp:18-2-8</id>
  <CPU>0.405Gf</CPU>
  <RAM>0.835GB</RAM>
  <DISK>0.404GB</DISK>
</comp>
  <bind>Comp:18-1-0 Appliance-66 0.811MBps 27.1ms</bind>
  <bind>Appliance-66 Comp:18-1-0 0.811MBps 27.1ms</bind>
  <bind>Comp:18-1-1 Appliance-66 0.811MBps 27.1ms</bind>
  <bind>Appliance-66 Comp:18-1-1 0.811MBps 27.1ms</bind>
  <bind>Comp:18-1-2 Appliance-66 0.811MBps 27.1ms</bind>
  <bind>Appliance-66 Comp:18-1-2 0.811MBps 27.1ms</bind>
  <bind>Comp:18-1-3 Appliance-66 0.811MBps 27.1ms</bind>
  <bind>Appliance-66 Comp:18-1-3 0.811MBps 27.1ms</bind>
  <bind>Comp:18-1-4 Appliance-66 0.811MBps 27.1ms</bind>
  <bind>Appliance-66 Comp:18-1-4 0.811MBps 27.1ms</bind>
  <bind>Comp:18-1-5 Appliance-66 0.811MBps 27.1ms</bind>
  <bind>Appliance-66 Comp:18-1-5 0.811MBps 27.1ms</bind>
  <bind>Comp:18-1-6 Appliance-66 0.811MBps 27.1ms</bind>
  <bind>Appliance-66 Comp:18-1-6 0.811MBps 27.1ms</bind>
  <bind>Comp:18-1-7 Appliance-66 0.811MBps 27.1ms</bind>
  <bind>Appliance-66 Comp:18-1-7 0.811MBps 27.1ms</bind>
  <bind>Comp:18-1-8 Appliance-66 0.811MBps 27.1ms</bind>
  <bind>Appliance-66 Comp:18-1-8 0.811MBps 27.1ms</bind>
  <bind>Comp:18-1-9 Appliance-66 0.811MBps 27.1ms</bind>
  <bind>Appliance-66 Comp:18-1-9 0.811MBps 27.1ms</bind>
  <bind>Comp:18-1-0 Comp:18-2-0 0.682MBps 31.0ms</bind>
  <bind>Comp:18-2-0 Comp:18-1-0 0.682MBps 31.0ms</bind>
  <bind>Comp:18-1-1 Comp:18-2-1 0.682MBps 31.0ms</bind>
  <bind>Comp:18-2-1 Comp:18-1-1 0.682MBps 31.0ms</bind>
  <bind>Comp:18-1-2 Comp:18-2-2 0.682MBps 31.0ms</bind>
  <bind>Comp:18-2-2 Comp:18-1-2 0.682MBps 31.0ms</bind>
  <bind>Comp:18-1-3 Comp:18-2-3 0.682MBps 31.0ms</bind>
  <bind>Comp:18-2-3 Comp:18-1-3 0.682MBps 31.0ms</bind>
  <bind>Comp:18-1-4 Comp:18-2-4 0.682MBps 31.0ms</bind>
  <bind>Comp:18-2-4 Comp:18-1-4 0.682MBps 31.0ms</bind>
  <bind>Comp:18-1-5 Comp:18-2-5 0.682MBps 31.0ms</bind>
  <bind>Comp:18-2-5 Comp:18-1-5 0.682MBps 31.0ms</bind>
  <bind>Comp:18-1-6 Comp:18-2-6 0.682MBps 31.0ms</bind>
  <bind>Comp:18-2-6 Comp:18-1-6 0.682MBps 31.0ms</bind>
  <bind>Comp:18-1-7 Comp:18-2-7 0.682MBps 31.0ms</bind>
  <bind>Comp:18-2-7 Comp:18-1-7 0.682MBps 31.0ms</bind>
  <bind>Comp:18-1-8 Comp:18-2-8 0.682MBps 31.0ms</bind>
  <bind>Comp:18-2-8 Comp:18-1-8 0.682MBps 31.0ms</bind>
  <bind>Comp:18-1-9 Comp:18-2-0 0.682MBps 31.0ms</bind>
  <bind>Comp:18-2-0 Comp:18-1-9 0.682MBps 31.0ms</bind>
</app>
<app>
  <id>App19</id>
<comp>
  <id>Comp:19-1-0</id>
  <CPU>0.13Gf</CPU>
  <RAM>0.324GB</RAM>
  <DISK>1.06GB</DISK>
</comp>
<comp>
  <id>Comp:19-2-0</id>
  <CPU>0.166Gf</CPU>
  <RAM>0.437GB</RAM>
  <DISK>0.256GB</DISK>
</comp>
<comp>
  <id>Comp:19-2-1</id>
  <CPU>0.166Gf</CPU>
  <RAM>0.437GB</RAM>
  <DISK>0.256GB</DISK>
</comp>
<comp>
  <id>Comp:19-2-2</id>
  <CPU>0.166Gf</CPU>
  <RAM>0.437GB</RAM>
  <DISK>0.256GB</DISK>
</comp>
<comp>
  <id>Comp:19-2-3</id>
  <CPU>0.166Gf</CPU>
  <RAM>0.437GB</RAM>
  <DISK>0.256GB</DISK>
</comp>
<comp>
  <id>Comp:19-2-4</id>
  <CPU>0.166Gf</CPU>
  <RAM>0.437GB</RAM>
  <DISK>0.256GB</DISK>
</comp>
<comp>
  <id>Comp:19-2-5</id>
  <CPU>0.166Gf</CPU>
  <RAM>0.437GB</RAM>
  <DISK>0.256GB</DISK>
</comp>
<comp>
  <id>Comp:19-2-6</id>
  <CPU>0.166Gf</CPU>
  <RAM>0.437GB</RAM>
  <DISK>0.256GB</DISK>
</comp>
<comp>
  <id>Comp:19-2-7</id>
  <CPU>0.166Gf</CPU>
  <RAM>0.437GB</RAM>
  <DISK>0.256GB</DISK>
</comp>
<comp>
  <id>Comp:19-2-8</id>
  <CPU>0.166Gf</CPU>
  <RAM>0.437GB</RAM>
  <DISK>0.256GB</DISK>
</comp>
<comp>
  <id>Comp:19-3-0</id>
  <CPU>0.192Gf</CPU>
  <RAM>0.794GB</RAM>
  <DISK>1.74GB</DISK>
</comp>
<comp>
  <id>Comp:19-3-1</id>
  <CPU>0.192Gf</CPU>
  <RAM>0.794GB</RAM>
  <DISK>1.74GB</DISK>
</comp>
<comp>
  <id>Comp:19-3-2</id>
  <CPU>0.192Gf</CPU>
  <RAM>0.794GB</RAM>
  <DISK>1.74GB</DISK>
</comp>
<comp>
  <id>Comp:19-4-0</id>
  <CPU>0.359Gf</CPU>
  <RAM>0.991GB</RAM>
  <DISK>0.449GB</DISK>
</comp>
<comp>
  <id>Comp:19-4-1</id>
  <CPU>0.359Gf</CPU>
  <RAM>0.991GB</RAM>
  <DISK>0.449GB</DISK>
</comp>
<comp>
  <id>Comp:19-4-2</id>
  <CPU>0.359Gf</CPU>
  <RAM>0.991GB</RAM>
  <DISK>0.449GB</DISK>
</comp>
<comp>
  <id>Comp:19-5-0</id>
  <CPU>0.217Gf</CPU>
  <RAM>0.527GB</RAM>
  <DISK>1.65GB</DISK>
</comp>
<comp>
  <id>Comp:19-5-1</id>
  <CPU>0.217Gf</CPU>
  <RAM>0.527GB</RAM>
  <DISK>1.65GB</DISK>
</comp>
<comp>
  <id>Comp:19-6-0</id>
  <CPU>0.704Gf</CPU>
  <RAM>0.911GB</RAM>
  <DISK>0.578GB</DISK>
</comp>
<comp>
  <id>Comp:19-6-1</id>
  <CPU>0.704Gf</CPU>
  <RAM>0.911GB</RAM>
  <DISK>0.578GB</DISK>
</comp>
<comp>
  <id>Comp:19-6-2</id>
  <CPU>0.704Gf</CPU>
  <RAM>0.911GB</RAM>
  <DISK>0.578GB</DISK>
</comp>
<comp>
  <id>Comp:19-6-3</id>
  <CPU>0.704Gf</CPU>
  <RAM>0.911GB</RAM>
  <DISK>0.578GB</DISK>
</comp>
<comp>
  <id>Comp:19-6-4</id>
  <CPU>0.704Gf</CPU>
  <RAM>0.911GB</RAM>
  <DISK>0.578GB</DISK>
</comp>
<comp>
  <id>Comp:19-6-5</id>
  <CPU>0.704Gf</CPU>
  <RAM>0.911GB</RAM>
  <DISK>0.578GB</DISK>
</comp>
<comp>
  <id>Comp:19-6-6</id>
  <CPU>0.704Gf</CPU>
  <RAM>0.911GB</RAM>
  <DISK>0.578GB</DISK>
</comp>
  <bind>Comp:19-1-0 Appliance-390 0.43MBps 49.4ms</bind>
  <bind>Appliance-390 Comp:19-1-0 0.43MBps 49.4ms</bind>
  <bind>Comp:19-1-0 Appliance-116 0.43MBps 49.4ms</bind>
  <bind>Appliance-116 Comp:19-1-0 0.43MBps 49.4ms</bind>
  <bind>Comp:19-1-0 Appliance-117 0.43MBps 49.4ms</bind>
  <bind>Appliance-117 Comp:19-1-0 0.43MBps 49.4ms</bind>
  <bind>Comp:19-1-0 Appliance-213 0.43MBps 49.4ms</bind>
  <bind>Appliance-213 Comp:19-1-0 0.43MBps 49.4ms</bind>
  <bind>Comp:19-1-0 Appliance-243 0.43MBps 49.4ms</bind>
  <bind>Appliance-243 Comp:19-1-0 0.43MBps 49.4ms</bind>
  <bind>Comp:19-1-0 Appliance-53 0.43MBps 49.4ms</bind>
  <bind>Appliance-53 Comp:19-1-0 0.43MBps 49.4ms</bind>
  <bind>Comp:19-1-0 Appliance-207 0.43MBps 49.4ms</bind>
  <bind>Appliance-207 Comp:19-1-0 0.43MBps 49.4ms</bind>
  <bind>Comp:19-1-0 Appliance-24 0.43MBps 49.4ms</bind>
  <bind>Appliance-24 Comp:19-1-0 0.43MBps 49.4ms</bind>
  <bind>Comp:19-1-0 Appliance-258 0.43MBps 49.4ms</bind>
  <bind>Appliance-258 Comp:19-1-0 0.43MBps 49.4ms</bind>
  <bind>Comp:19-1-0 Appliance-329 0.43MBps 49.4ms</bind>
  <bind>Appliance-329 Comp:19-1-0 0.43MBps 49.4ms</bind>
  <bind>Comp:19-2-0 Comp:19-1-0 0.611MBps 42.4ms</bind>
  <bind>Comp:19-1-0 Comp:19-2-0 0.611MBps 42.4ms</bind>
  <bind>Comp:19-2-1 Comp:19-1-0 0.611MBps 42.4ms</bind>
  <bind>Comp:19-1-0 Comp:19-2-1 0.611MBps 42.4ms</bind>
  <bind>Comp:19-2-2 Comp:19-1-0 0.611MBps 42.4ms</bind>
  <bind>Comp:19-1-0 Comp:19-2-2 0.611MBps 42.4ms</bind>
  <bind>Comp:19-2-3 Comp:19-1-0 0.611MBps 42.4ms</bind>
  <bind>Comp:19-1-0 Comp:19-2-3 0.611MBps 42.4ms</bind>
  <bind>Comp:19-2-4 Comp:19-1-0 0.611MBps 42.4ms</bind>
  <bind>Comp:19-1-0 Comp:19-2-4 0.611MBps 42.4ms</bind>
  <bind>Comp:19-2-5 Comp:19-1-0 0.611MBps 42.4ms</bind>
  <bind>Comp:19-1-0 Comp:19-2-5 0.611MBps 42.4ms</bind>
  <bind>Comp:19-2-6 Comp:19-1-0 0.611MBps 42.4ms</bind>
  <bind>Comp:19-1-0 Comp:19-2-6 0.611MBps 42.4ms</bind>
  <bind>Comp:19-2-7 Comp:19-1-0 0.611MBps 42.4ms</bind>
  <bind>Comp:19-1-0 Comp:19-2-7 0.611MBps 42.4ms</bind>
  <bind>Comp:19-2-8 Comp:19-1-0 0.611MBps 42.4ms</bind>
  <bind>Comp:19-1-0 Comp:19-2-8 0.611MBps 42.4ms</bind>
  <bind>Comp:19-3-0 Comp:19-2-0 0.262MBps 47.1ms</bind>
  <bind>Comp:19-2-0 Comp:19-3-0 0.262MBps 47.1ms</bind>
  <bind>Comp:19-3-1 Comp:19-2-1 0.262MBps 47.1ms</bind>
  <bind>Comp:19-2-1 Comp:19-3-1 0.262MBps 47.1ms</bind>
  <bind>Comp:19-3-2 Comp:19-2-2 0.262MBps 47.1ms</bind>
  <bind>Comp:19-2-2 Comp:19-3-2 0.262MBps 47.1ms</bind>
  <bind>Comp:19-3-0 Comp:19-2-3 0.262MBps 47.1ms</bind>
  <bind>Comp:19-2-3 Comp:19-3-0 0.262MBps 47.1ms</bind>
  <bind>Comp:19-3-1 Comp:19-2-4 0.262MBps 47.1ms</bind>
  <bind>Comp:19-2-4 Comp:19-3-1 0.262MBps 47.1ms</bind>
  <bind>Comp:19-3-2 Comp:19-2-5 0.262MBps 47.1ms</bind>
  <bind>Comp:19-2-5 Comp:19-3-2 0.262MBps 47.1ms</bind>
  <bind>Comp:19-3-0 Comp:19-2-6 0.262MBps 47.1ms</bind>
  <bind>Comp:19-2-6 Comp:19-3-0 0.262MBps 47.1ms</bind>
  <bind>Comp:19-3-1 Comp:19-2-7 0.262MBps 47.1ms</bind>
  <bind>Comp:19-2-7 Comp:19-3-1 0.262MBps 47.1ms</bind>
  <bind>Comp:19-3-2 Comp:19-2-8 0.262MBps 47.1ms</bind>
  <bind>Comp:19-2-8 Comp:19-3-2 0.262MBps 47.1ms</bind>
  <bind>Comp:19-4-0 Comp:19-3-0 0.8MBps 48.8ms</bind>
  <bind>Comp:19-3-0 Comp:19-4-0 0.8MBps 48.8ms</bind>
  <bind>Comp:19-4-1 Comp:19-3-1 0.8MBps 48.8ms</bind>
  <bind>Comp:19-3-1 Comp:19-4-1 0.8MBps 48.8ms</bind>
  <bind>Comp:19-4-2 Comp:19-3-2 0.8MBps 48.8ms</bind>
  <bind>Comp:19-3-2 Comp:19-4-2 0.8MBps 48.8ms</bind>
  <bind>Comp:19-5-0 Comp:19-4-0 0.832MBps 49.8ms</bind>
  <bind>Comp:19-4-0 Comp:19-5-0 0.832MBps 49.8ms</bind>
  <bind>Comp:19-5-1 Comp:19-4-1 0.832MBps 49.8ms</bind>
  <bind>Comp:19-4-1 Comp:19-5-1 0.832MBps 49.8ms</bind>
  <bind>Comp:19-5-0 Comp:19-4-2 0.832MBps 49.8ms</bind>
  <bind>Comp:19-4-2 Comp:19-5-0 0.832MBps 49.8ms</bind>
  <bind>Comp:19-5-0 Comp:19-6-0 0.221MBps 31.6ms</bind>
  <bind>Comp:19-6-0 Comp:19-5-0 0.221MBps 31.6ms</bind>
  <bind>Comp:19-5-1 Comp:19-6-1 0.221MBps 31.6ms</bind>
  <bind>Comp:19-6-1 Comp:19-5-1 0.221MBps 31.6ms</bind>
  <bind>Comp:19-5-0 Comp:19-6-2 0.221MBps 31.6ms</bind>
  <bind>Comp:19-6-2 Comp:19-5-0 0.221MBps 31.6ms</bind>
  <bind>Comp:19-5-1 Comp:19-6-3 0.221MBps 31.6ms</bind>
  <bind>Comp:19-6-3 Comp:19-5-1 0.221MBps 31.6ms</bind>
  <bind>Comp:19-5-0 Comp:19-6-4 0.221MBps 31.6ms</bind>
  <bind>Comp:19-6-4 Comp:19-5-0 0.221MBps 31.6ms</bind>
  <bind>Comp:19-5-1 Comp:19-6-5 0.221MBps 31.6ms</bind>
  <bind>Comp:19-6-5 Comp:19-5-1 0.221MBps 31.6ms</bind>
  <bind>Comp:19-5-0 Comp:19-6-6 0.221MBps 31.6ms</bind>
  <bind>Comp:19-6-6 Comp:19-5-0 0.221MBps 31.6ms</bind>
</app>
<app>
  <id>App2</id>
<comp>
  <id>Comp:2-1-0</id>
  <CPU>0.688Gf</CPU>
  <RAM>0.673GB</RAM>
  <DISK>0.869GB</DISK>
</comp>
<comp>
  <id>Comp:2-1-1</id>
  <CPU>0.688Gf</CPU>
  <RAM>0.673GB</RAM>
  <DISK>0.869GB</DISK>
</comp>
<comp>
  <id>Comp:2-1-2</id>
  <CPU>0.688Gf</CPU>
  <RAM>0.673GB</RAM>
  <DISK>0.869GB</DISK>
</comp>
<comp>
  <id>Comp:2-1-3</id>
  <CPU>0.688Gf</CPU>
  <RAM>0.673GB</RAM>
  <DISK>0.869GB</DISK>
</comp>
<comp>
  <id>Comp:2-2-0</id>
  <CPU>0.381Gf</CPU>
  <RAM>0.228GB</RAM>
  <DISK>0.961GB</DISK>
</comp>
<comp>
  <id>Comp:2-2-1</id>
  <CPU>0.381Gf</CPU>
  <RAM>0.228GB</RAM>
  <DISK>0.961GB</DISK>
</comp>
<comp>
  <id>Comp:2-2-2</id>
  <CPU>0.381Gf</CPU>
  <RAM>0.228GB</RAM>
  <DISK>0.961GB</DISK>
</comp>
<comp>
  <id>Comp:2-2-3</id>
  <CPU>0.381Gf</CPU>
  <RAM>0.228GB</RAM>
  <DISK>0.961GB</DISK>
</comp>
<comp>
  <id>Comp:2-3-0</id>
  <CPU>0.135Gf</CPU>
  <RAM>0.944GB</RAM>
  <DISK>0.395GB</DISK>
</comp>
<comp>
  <id>Comp:2-3-1</id>
  <CPU>0.135Gf</CPU>
  <RAM>0.944GB</RAM>
  <DISK>0.395GB</DISK>
</comp>
<comp>
  <id>Comp:2-3-2</id>
  <CPU>0.135Gf</CPU>
  <RAM>0.944GB</RAM>
  <DISK>0.395GB</DISK>
</comp>
<comp>
  <id>Comp:2-3-3</id>
  <CPU>0.135Gf</CPU>
  <RAM>0.944GB</RAM>
  <DISK>0.395GB</DISK>
</comp>
<comp>
  <id>Comp:2-3-4</id>
  <CPU>0.135Gf</CPU>
  <RAM>0.944GB</RAM>
  <DISK>0.395GB</DISK>
</comp>
<comp>
  <id>Comp:2-3-5</id>
  <CPU>0.135Gf</CPU>
  <RAM>0.944GB</RAM>
  <DISK>0.395GB</DISK>
</comp>
<comp>
  <id>Comp:2-3-6</id>
  <CPU>0.135Gf</CPU>
  <RAM>0.944GB</RAM>
  <DISK>0.395GB</DISK>
</comp>
<comp>
  <id>Comp:2-3-7</id>
  <CPU>0.135Gf</CPU>
  <RAM>0.944GB</RAM>
  <DISK>0.395GB</DISK>
</comp>
<comp>
  <id>Comp:2-3-8</id>
  <CPU>0.135Gf</CPU>
  <RAM>0.944GB</RAM>
  <DISK>0.395GB</DISK>
</comp>
<comp>
  <id>Comp:2-3-9</id>
  <CPU>0.135Gf</CPU>
  <RAM>0.944GB</RAM>
  <DISK>0.395GB</DISK>
</comp>
<comp>
  <id>Comp:2-4-0</id>
  <CPU>0.213Gf</CPU>
  <RAM>0.149GB</RAM>
  <DISK>0.809GB</DISK>
</comp>
<comp>
  <id>Comp:2-4-1</id>
  <CPU>0.213Gf</CPU>
  <RAM>0.149GB</RAM>
  <DISK>0.809GB</DISK>
</comp>
<comp>
  <id>Comp:2-4-2</id>
  <CPU>0.213Gf</CPU>
  <RAM>0.149GB</RAM>
  <DISK>0.809GB</DISK>
</comp>
<comp>
  <id>Comp:2-4-3</id>
  <CPU>0.213Gf</CPU>
  <RAM>0.149GB</RAM>
  <DISK>0.809GB</DISK>
</comp>
<comp>
  <id>Comp:2-5-0</id>
  <CPU>0.403Gf</CPU>
  <RAM>0.32GB</RAM>
  <DISK>0.718GB</DISK>
</comp>
<comp>
  <id>Comp:2-5-1</id>
  <CPU>0.403Gf</CPU>
  <RAM>0.32GB</RAM>
  <DISK>0.718GB</DISK>
</comp>
<comp>
  <id>Comp:2-5-2</id>
  <CPU>0.403Gf</CPU>
  <RAM>0.32GB</RAM>
  <DISK>0.718GB</DISK>
</comp>
<comp>
  <id>Comp:2-5-3</id>
  <CPU>0.403Gf</CPU>
  <RAM>0.32GB</RAM>
  <DISK>0.718GB</DISK>
</comp>
<comp>
  <id>Comp:2-5-4</id>
  <CPU>0.403Gf</CPU>
  <RAM>0.32GB</RAM>
  <DISK>0.718GB</DISK>
</comp>
<comp>
  <id>Comp:2-5-5</id>
  <CPU>0.403Gf</CPU>
  <RAM>0.32GB</RAM>
  <DISK>0.718GB</DISK>
</comp>
<comp>
  <id>Comp:2-5-6</id>
  <CPU>0.403Gf</CPU>
  <RAM>0.32GB</RAM>
  <DISK>0.718GB</DISK>
</comp>
<comp>
  <id>Comp:2-5-7</id>
  <CPU>0.403Gf</CPU>
  <RAM>0.32GB</RAM>
  <DISK>0.718GB</DISK>
</comp>
<comp>
  <id>Comp:2-5-8</id>
  <CPU>0.403Gf</CPU>
  <RAM>0.32GB</RAM>
  <DISK>0.718GB</DISK>
</comp>
  <bind>Comp:2-1-0 Appliance-286 0.0317MBps 44.8ms</bind>
  <bind>Appliance-286 Comp:2-1-0 0.0317MBps 44.8ms</bind>
  <bind>Comp:2-1-1 Appliance-9 0.0317MBps 44.8ms</bind>
  <bind>Appliance-9 Comp:2-1-1 0.0317MBps 44.8ms</bind>
  <bind>Comp:2-1-2 Appliance-274 0.0317MBps 44.8ms</bind>
  <bind>Appliance-274 Comp:2-1-2 0.0317MBps 44.8ms</bind>
  <bind>Comp:2-1-3 Appliance-71 0.0317MBps 44.8ms</bind>
  <bind>Appliance-71 Comp:2-1-3 0.0317MBps 44.8ms</bind>
  <bind>Comp:2-1-0 Appliance-189 0.0317MBps 44.8ms</bind>
  <bind>Appliance-189 Comp:2-1-0 0.0317MBps 44.8ms</bind>
  <bind>Comp:2-2-0 Comp:2-1-0 0.908MBps 36.6ms</bind>
  <bind>Comp:2-1-0 Comp:2-2-0 0.908MBps 36.6ms</bind>
  <bind>Comp:2-2-1 Comp:2-1-1 0.908MBps 36.6ms</bind>
  <bind>Comp:2-1-1 Comp:2-2-1 0.908MBps 36.6ms</bind>
  <bind>Comp:2-2-2 Comp:2-1-2 0.908MBps 36.6ms</bind>
  <bind>Comp:2-1-2 Comp:2-2-2 0.908MBps 36.6ms</bind>
  <bind>Comp:2-2-3 Comp:2-1-3 0.908MBps 36.6ms</bind>
  <bind>Comp:2-1-3 Comp:2-2-3 0.908MBps 36.6ms</bind>
  <bind>Comp:2-3-0 Comp:2-2-0 0.69MBps 28.3ms</bind>
  <bind>Comp:2-2-0 Comp:2-3-0 0.69MBps 28.3ms</bind>
  <bind>Comp:2-3-1 Comp:2-2-1 0.69MBps 28.3ms</bind>
  <bind>Comp:2-2-1 Comp:2-3-1 0.69MBps 28.3ms</bind>
  <bind>Comp:2-3-2 Comp:2-2-2 0.69MBps 28.3ms</bind>
  <bind>Comp:2-2-2 Comp:2-3-2 0.69MBps 28.3ms</bind>
  <bind>Comp:2-3-3 Comp:2-2-3 0.69MBps 28.3ms</bind>
  <bind>Comp:2-2-3 Comp:2-3-3 0.69MBps 28.3ms</bind>
  <bind>Comp:2-3-4 Comp:2-2-0 0.69MBps 28.3ms</bind>
  <bind>Comp:2-2-0 Comp:2-3-4 0.69MBps 28.3ms</bind>
  <bind>Comp:2-3-5 Comp:2-2-1 0.69MBps 28.3ms</bind>
  <bind>Comp:2-2-1 Comp:2-3-5 0.69MBps 28.3ms</bind>
  <bind>Comp:2-3-6 Comp:2-2-2 0.69MBps 28.3ms</bind>
  <bind>Comp:2-2-2 Comp:2-3-6 0.69MBps 28.3ms</bind>
  <bind>Comp:2-3-7 Comp:2-2-3 0.69MBps 28.3ms</bind>
  <bind>Comp:2-2-3 Comp:2-3-7 0.69MBps 28.3ms</bind>
  <bind>Comp:2-3-8 Comp:2-2-0 0.69MBps 28.3ms</bind>
  <bind>Comp:2-2-0 Comp:2-3-8 0.69MBps 28.3ms</bind>
  <bind>Comp:2-3-9 Comp:2-2-1 0.69MBps 28.3ms</bind>
  <bind>Comp:2-2-1 Comp:2-3-9 0.69MBps 28.3ms</bind>
  <bind>Comp:2-4-0 Comp:2-3-0 0.799MBps 37.3ms</bind>
  <bind>Comp:2-3-0 Comp:2-4-0 0.799MBps 37.3ms</bind>
  <bind>Comp:2-4-1 Comp:2-3-1 0.799MBps 37.3ms</bind>
  <bind>Comp:2-3-1 Comp:2-4-1 0.799MBps 37.3ms</bind>
  <bind>Comp:2-4-2 Comp:2-3-2 0.799MBps 37.3ms</bind>
  <bind>Comp:2-3-2 Comp:2-4-2 0.799MBps 37.3ms</bind>
  <bind>Comp:2-4-3 Comp:2-3-3 0.799MBps 37.3ms</bind>
  <bind>Comp:2-3-3 Comp:2-4-3 0.799MBps 37.3ms</bind>
  <bind>Comp:2-4-0 Comp:2-3-4 0.799MBps 37.3ms</bind>
  <bind>Comp:2-3-4 Comp:2-4-0 0.799MBps 37.3ms</bind>
  <bind>Comp:2-4-1 Comp:2-3-5 0.799MBps 37.3ms</bind>
  <bind>Comp:2-3-5 Comp:2-4-1 0.799MBps 37.3ms</bind>
  <bind>Comp:2-4-2 Comp:2-3-6 0.799MBps 37.3ms</bind>
  <bind>Comp:2-3-6 Comp:2-4-2 0.799MBps 37.3ms</bind>
  <bind>Comp:2-4-3 Comp:2-3-7 0.799MBps 37.3ms</bind>
  <bind>Comp:2-3-7 Comp:2-4-3 0.799MBps 37.3ms</bind>
  <bind>Comp:2-4-0 Comp:2-3-8 0.799MBps 37.3ms</bind>
  <bind>Comp:2-3-8 Comp:2-4-0 0.799MBps 37.3ms</bind>
  <bind>Comp:2-4-1 Comp:2-3-9 0.799MBps 37.3ms</bind>
  <bind>Comp:2-3-9 Comp:2-4-1 0.799MBps 37.3ms</bind>
  <bind>Comp:2-4-0 Comp:2-5-0 0.664MBps 39.1ms</bind>
  <bind>Comp:2-5-0 Comp:2-4-0 0.664MBps 39.1ms</bind>
  <bind>Comp:2-4-1 Comp:2-5-1 0.664MBps 39.1ms</bind>
  <bind>Comp:2-5-1 Comp:2-4-1 0.664MBps 39.1ms</bind>
  <bind>Comp:2-4-2 Comp:2-5-2 0.664MBps 39.1ms</bind>
  <bind>Comp:2-5-2 Comp:2-4-2 0.664MBps 39.1ms</bind>
  <bind>Comp:2-4-3 Comp:2-5-3 0.664MBps 39.1ms</bind>
  <bind>Comp:2-5-3 Comp:2-4-3 0.664MBps 39.1ms</bind>
  <bind>Comp:2-4-0 Comp:2-5-4 0.664MBps 39.1ms</bind>
  <bind>Comp:2-5-4 Comp:2-4-0 0.664MBps 39.1ms</bind>
  <bind>Comp:2-4-1 Comp:2-5-5 0.664MBps 39.1ms</bind>
  <bind>Comp:2-5-5 Comp:2-4-1 0.664MBps 39.1ms</bind>
  <bind>Comp:2-4-2 Comp:2-5-6 0.664MBps 39.1ms</bind>
  <bind>Comp:2-5-6 Comp:2-4-2 0.664MBps 39.1ms</bind>
  <bind>Comp:2-4-3 Comp:2-5-7 0.664MBps 39.1ms</bind>
  <bind>Comp:2-5-7 Comp:2-4-3 0.664MBps 39.1ms</bind>
  <bind>Comp:2-4-0 Comp:2-5-8 0.664MBps 39.1ms</bind>
  <bind>Comp:2-5-8 Comp:2-4-0 0.664MBps 39.1ms</bind>
</app>
<app>
  <id>App20</id>
<comp>
  <id>Comp:20-0-0</id>
  <CPU>0.216Gf</CPU>
  <RAM>0.853GB</RAM>
  <DISK>0.742GB</DISK>
</comp>
<comp>
  <id>Comp:20-0-1</id>
  <CPU>0.216Gf</CPU>
  <RAM>0.853GB</RAM>
  <DISK>0.742GB</DISK>
</comp>
<comp>
  <id>Comp:20-0-2</id>
  <CPU>0.216Gf</CPU>
  <RAM>0.853GB</RAM>
  <DISK>0.742GB</DISK>
</comp>
<comp>
  <id>Comp:20-0-3</id>
  <CPU>0.216Gf</CPU>
  <RAM>0.853GB</RAM>
  <DISK>0.742GB</DISK>
</comp>
<comp>
  <id>Comp:20-0-4</id>
  <CPU>0.216Gf</CPU>
  <RAM>0.853GB</RAM>
  <DISK>0.742GB</DISK>
</comp>
<comp>
  <id>Comp:20-0-5</id>
  <CPU>0.216Gf</CPU>
  <RAM>0.853GB</RAM>
  <DISK>0.742GB</DISK>
</comp>
<comp>
  <id>Comp:20-0-6</id>
  <CPU>0.216Gf</CPU>
  <RAM>0.853GB</RAM>
  <DISK>0.742GB</DISK>
</comp>
<comp>
  <id>Comp:20-1-0</id>
  <CPU>0.239Gf</CPU>
  <RAM>0.932GB</RAM>
  <DISK>1.09GB</DISK>
</comp>
<comp>
  <id>Comp:20-1-1</id>
  <CPU>0.239Gf</CPU>
  <RAM>0.932GB</RAM>
  <DISK>1.09GB</DISK>
</comp>
<comp>
  <id>Comp:20-1-2</id>
  <CPU>0.239Gf</CPU>
  <RAM>0.932GB</RAM>
  <DISK>1.09GB</DISK>
</comp>
<comp>
  <id>Comp:20-1-3</id>
  <CPU>0.239Gf</CPU>
  <RAM>0.932GB</RAM>
  <DISK>1.09GB</DISK>
</comp>
  <bind>Comp:20-1-0 Comp:20-0-0 0.629MBps 31.7ms</bind>
  <bind>Comp:20-0-0 Comp:20-1-0 0.629MBps 31.7ms</bind>
  <bind>Comp:20-1-1 Comp:20-0-1 0.629MBps 31.7ms</bind>
  <bind>Comp:20-0-1 Comp:20-1-1 0.629MBps 31.7ms</bind>
  <bind>Comp:20-1-2 Comp:20-0-2 0.629MBps 31.7ms</bind>
  <bind>Comp:20-0-2 Comp:20-1-2 0.629MBps 31.7ms</bind>
  <bind>Comp:20-1-3 Comp:20-0-3 0.629MBps 31.7ms</bind>
  <bind>Comp:20-0-3 Comp:20-1-3 0.629MBps 31.7ms</bind>
  <bind>Comp:20-1-0 Comp:20-0-4 0.629MBps 31.7ms</bind>
  <bind>Comp:20-0-4 Comp:20-1-0 0.629MBps 31.7ms</bind>
  <bind>Comp:20-1-1 Comp:20-0-5 0.629MBps 31.7ms</bind>
  <bind>Comp:20-0-5 Comp:20-1-1 0.629MBps 31.7ms</bind>
  <bind>Comp:20-1-2 Comp:20-0-6 0.629MBps 31.7ms</bind>
  <bind>Comp:20-0-6 Comp:20-1-2 0.629MBps 31.7ms</bind>
  <bind>Comp:20-1-0 Appliance-99 0.67MBps 45.5ms</bind>
  <bind>Appliance-99 Comp:20-1-0 0.67MBps 45.5ms</bind>
  <bind>Comp:20-1-1 Appliance-133 0.67MBps 45.5ms</bind>
  <bind>Appliance-133 Comp:20-1-1 0.67MBps 45.5ms</bind>
  <bind>Comp:20-1-2 Appliance-249 0.67MBps 45.5ms</bind>
  <bind>Appliance-249 Comp:20-1-2 0.67MBps 45.5ms</bind>
  <bind>Comp:20-1-3 Appliance-148 0.67MBps 45.5ms</bind>
  <bind>Appliance-148 Comp:20-1-3 0.67MBps 45.5ms</bind>
  <bind>Comp:20-1-0 Appliance-54 0.67MBps 45.5ms</bind>
  <bind>Appliance-54 Comp:20-1-0 0.67MBps 45.5ms</bind>
  <bind>Comp:20-1-1 Appliance-73 0.67MBps 45.5ms</bind>
  <bind>Appliance-73 Comp:20-1-1 0.67MBps 45.5ms</bind>
  <bind>Comp:20-1-2 Appliance-182 0.67MBps 45.5ms</bind>
  <bind>Appliance-182 Comp:20-1-2 0.67MBps 45.5ms</bind>
  <bind>Comp:20-1-3 Appliance-129 0.67MBps 45.5ms</bind>
  <bind>Appliance-129 Comp:20-1-3 0.67MBps 45.5ms</bind>
</app>
</apps>
