<?xml version="1.0"?>
<apps>
<app>
  <id>App1</id>
<comp>
  <id>Comp:1-0-0</id>
  <CPU>0.77Gf</CPU>
  <RAM>0.357GB</RAM>
  <DISK>0.855GB</DISK>
</comp>
<comp>
  <id>Comp:1-0-1</id>
  <CPU>0.77Gf</CPU>
  <RAM>0.357GB</RAM>
  <DISK>0.855GB</DISK>
</comp>
<comp>
  <id>Comp:1-0-2</id>
  <CPU>0.77Gf</CPU>
  <RAM>0.357GB</RAM>
  <DISK>0.855GB</DISK>
</comp>
<comp>
  <id>Comp:1-0-3</id>
  <CPU>0.77Gf</CPU>
  <RAM>0.357GB</RAM>
  <DISK>0.855GB</DISK>
</comp>
<comp>
  <id>Comp:1-0-4</id>
  <CPU>0.77Gf</CPU>
  <RAM>0.357GB</RAM>
  <DISK>0.855GB</DISK>
</comp>
<comp>
  <id>Comp:1-0-5</id>
  <CPU>0.77Gf</CPU>
  <RAM>0.357GB</RAM>
  <DISK>0.855GB</DISK>
</comp>
<comp>
  <id>Comp:1-0-6</id>
  <CPU>0.77Gf</CPU>
  <RAM>0.357GB</RAM>
  <DISK>0.855GB</DISK>
</comp>
<comp>
  <id>Comp:1-0-7</id>
  <CPU>0.77Gf</CPU>
  <RAM>0.357GB</RAM>
  <DISK>0.855GB</DISK>
</comp>
<comp>
  <id>Comp:1-1-0</id>
  <CPU>0.675Gf</CPU>
  <RAM>0.664GB</RAM>
  <DISK>0.371GB</DISK>
</comp>
<comp>
  <id>Comp:1-1-1</id>
  <CPU>0.675Gf</CPU>
  <RAM>0.664GB</RAM>
  <DISK>0.371GB</DISK>
</comp>
<comp>
  <id>Comp:1-1-2</id>
  <CPU>0.675Gf</CPU>
  <RAM>0.664GB</RAM>
  <DISK>0.371GB</DISK>
</comp>
<comp>
  <id>Comp:1-1-3</id>
  <CPU>0.675Gf</CPU>
  <RAM>0.664GB</RAM>
  <DISK>0.371GB</DISK>
</comp>
<comp>
  <id>Comp:1-1-4</id>
  <CPU>0.675Gf</CPU>
  <RAM>0.664GB</RAM>
  <DISK>0.371GB</DISK>
</comp>
<comp>
  <id>Comp:1-1-5</id>
  <CPU>0.675Gf</CPU>
  <RAM>0.664GB</RAM>
  <DISK>0.371GB</DISK>
</comp>
<comp>
  <id>Comp:1-1-6</id>
  <CPU>0.675Gf</CPU>
  <RAM>0.664GB</RAM>
  <DISK>0.371GB</DISK>
</comp>
<comp>
  <id>Comp:1-1-7</id>
  <CPU>0.675Gf</CPU>
  <RAM>0.664GB</RAM>
  <DISK>0.371GB</DISK>
</comp>
  <bind>Comp:1-1-0 Comp:1-0-0 0.805MBps 42.0ms</bind>
  <bind>Comp:1-0-0 Comp:1-1-0 0.805MBps 42.0ms</bind>
  <bind>Comp:1-1-1 Comp:1-0-1 0.805MBps 42.0ms</bind>
  <bind>Comp:1-0-1 Comp:1-1-1 0.805MBps 42.0ms</bind>
  <bind>Comp:1-1-2 Comp:1-0-2 0.805MBps 42.0ms</bind>
  <bind>Comp:1-0-2 Comp:1-1-2 0.805MBps 42.0ms</bind>
  <bind>Comp:1-1-3 Comp:1-0-3 0.805MBps 42.0ms</bind>
  <bind>Comp:1-0-3 Comp:1-1-3 0.805MBps 42.0ms</bind>
  <bind>Comp:1-1-4 Comp:1-0-4 0.805MBps 42.0ms</bind>
  <bind>Comp:1-0-4 Comp:1-1-4 0.805MBps 42.0ms</bind>
  <bind>Comp:1-1-5 Comp:1-0-5 0.805MBps 42.0ms</bind>
  <bind>Comp:1-0-5 Comp:1-1-5 0.805MBps 42.0ms</bind>
  <bind>Comp:1-1-6 Comp:1-0-6 0.805MBps 42.0ms</bind>
  <bind>Comp:1-0-6 Comp:1-1-6 0.805MBps 42.0ms</bind>
  <bind>Comp:1-1-7 Comp:1-0-7 0.805MBps 42.0ms</bind>
  <bind>Comp:1-0-7 Comp:1-1-7 0.805MBps 42.0ms</bind>
  <bind>Comp:1-1-0 Appliance-241 0.0186MBps 37.8ms</bind>
  <bind>Appliance-241 Comp:1-1-0 0.0186MBps 37.8ms</bind>
  <bind>Comp:1-1-1 Appliance-241 0.0186MBps 37.8ms</bind>
  <bind>Appliance-241 Comp:1-1-1 0.0186MBps 37.8ms</bind>
  <bind>Comp:1-1-2 Appliance-123 0.0186MBps 37.8ms</bind>
  <bind>Appliance-123 Comp:1-1-2 0.0186MBps 37.8ms</bind>
  <bind>Comp:1-1-3 Appliance-295 0.0186MBps 37.8ms</bind>
  <bind>Appliance-295 Comp:1-1-3 0.0186MBps 37.8ms</bind>
  <bind>Comp:1-1-4 Appliance-353 0.0186MBps 37.8ms</bind>
  <bind>Appliance-353 Comp:1-1-4 0.0186MBps 37.8ms</bind>
  <bind>Comp:1-1-5 Appliance-241 0.0186MBps 37.8ms</bind>
  <bind>Appliance-241 Comp:1-1-5 0.0186MBps 37.8ms</bind>
  <bind>Comp:1-1-6 Appliance-241 0.0186MBps 37.8ms</bind>
  <bind>Appliance-241 Comp:1-1-6 0.0186MBps 37.8ms</bind>
  <bind>Comp:1-1-7 Appliance-123 0.0186MBps 37.8ms</bind>
  <bind>Appliance-123 Comp:1-1-7 0.0186MBps 37.8ms</bind>
</app>
<app>
  <id>App10</id>
<comp>
  <id>Comp:10-0-0</id>
  <CPU>0.892Gf</CPU>
  <RAM>0.1GB</RAM>
  <DISK>0.617GB</DISK>
</comp>
<comp>
  <id>Comp:10-0-1</id>
  <CPU>0.892Gf</CPU>
  <RAM>0.1GB</RAM>
  <DISK>0.617GB</DISK>
</comp>
<comp>
  <id>Comp:10-0-2</id>
  <CPU>0.892Gf</CPU>
  <RAM>0.1GB</RAM>
  <DISK>0.617GB</DISK>
</comp>
<comp>
  <id>Comp:10-0-3</id>
  <CPU>0.892Gf</CPU>
  <RAM>0.1GB</RAM>
  <DISK>0.617GB</DISK>
</comp>
<comp>
  <id>Comp:10-1-0</id>
  <CPU>0.283Gf</CPU>
  <RAM>0.894GB</RAM>
  <DISK>1.58GB</DISK>
</comp>
<comp>
  <id>Comp:10-1-1</id>
  <CPU>0.283Gf</CPU>
  <RAM>0.894GB</RAM>
  <DISK>1.58GB</DISK>
</comp>
<comp>
  <id>Comp:10-1-2</id>
  <CPU>0.283Gf</CPU>
  <RAM>0.894GB</RAM>
  <DISK>1.58GB</DISK>
</comp>
<comp>
  <id>Comp:10-1-3</id>
  <CPU>0.283Gf</CPU>
  <RAM>0.894GB</RAM>
  <DISK>1.58GB</DISK>
</comp>
<comp>
  <id>Comp:10-1-4</id>
  <CPU>0.283Gf</CPU>
  <RAM>0.894GB</RAM>
  <DISK>1.58GB</DISK>
</comp>
<comp>
  <id>Comp:10-1-5</id>
  <CPU>0.283Gf</CPU>
  <RAM>0.894GB</RAM>
  <DISK>1.58GB</DISK>
</comp>
<comp>
  <id>Comp:10-1-6</id>
  <CPU>0.283Gf</CPU>
  <RAM>0.894GB</RAM>
  <DISK>1.58GB</DISK>
</comp>
<comp>
  <id>Comp:10-2-0</id>
  <CPU>0.632Gf</CPU>
  <RAM>0.82GB</RAM>
  <DISK>0.282GB</DISK>
</comp>
<comp>
  <id>Comp:10-2-1</id>
  <CPU>0.632Gf</CPU>
  <RAM>0.82GB</RAM>
  <DISK>0.282GB</DISK>
</comp>
<comp>
  <id>Comp:10-2-2</id>
  <CPU>0.632Gf</CPU>
  <RAM>0.82GB</RAM>
  <DISK>0.282GB</DISK>
</comp>
<comp>
  <id>Comp:10-2-3</id>
  <CPU>0.632Gf</CPU>
  <RAM>0.82GB</RAM>
  <DISK>0.282GB</DISK>
</comp>
<comp>
  <id>Comp:10-2-4</id>
  <CPU>0.632Gf</CPU>
  <RAM>0.82GB</RAM>
  <DISK>0.282GB</DISK>
</comp>
<comp>
  <id>Comp:10-2-5</id>
  <CPU>0.632Gf</CPU>
  <RAM>0.82GB</RAM>
  <DISK>0.282GB</DISK>
</comp>
<comp>
  <id>Comp:10-2-6</id>
  <CPU>0.632Gf</CPU>
  <RAM>0.82GB</RAM>
  <DISK>0.282GB</DISK>
</comp>
<comp>
  <id>Comp:10-2-7</id>
  <CPU>0.632Gf</CPU>
  <RAM>0.82GB</RAM>
  <DISK>0.282GB</DISK>
</comp>
<comp>
  <id>Comp:10-3-0</id>
  <CPU>0.786Gf</CPU>
  <RAM>0.458GB</RAM>
  <DISK>1.79GB</DISK>
</comp>
<comp>
  <id>Comp:10-4-0</id>
  <CPU>0.669Gf</CPU>
  <RAM>0.104GB</RAM>
  <DISK>0.607GB</DISK>
</comp>
<comp>
  <id>Comp:10-5-0</id>
  <CPU>0.175Gf</CPU>
  <RAM>0.704GB</RAM>
  <DISK>0.121GB</DISK>
</comp>
  <bind>Comp:10-1-0 Comp:10-0-0 0.0939MBps 28.7ms</bind>
  <bind>Comp:10-0-0 Comp:10-1-0 0.0939MBps 28.7ms</bind>
  <bind>Comp:10-1-1 Comp:10-0-1 0.0939MBps 28.7ms</bind>
  <bind>Comp:10-0-1 Comp:10-1-1 0.0939MBps 28.7ms</bind>
  <bind>Comp:10-1-2 Comp:10-0-2 0.0939MBps 28.7ms</bind>
  <bind>Comp:10-0-2 Comp:10-1-2 0.0939MBps 28.7ms</bind>
  <bind>Comp:10-1-3 Comp:10-0-3 0.0939MBps 28.7ms</bind>
  <bind>Comp:10-0-3 Comp:10-1-3 0.0939MBps 28.7ms</bind>
  <bind>Comp:10-1-4 Comp:10-0-0 0.0939MBps 28.7ms</bind>
  <bind>Comp:10-0-0 Comp:10-1-4 0.0939MBps 28.7ms</bind>
  <bind>Comp:10-1-5 Comp:10-0-1 0.0939MBps 28.7ms</bind>
  <bind>Comp:10-0-1 Comp:10-1-5 0.0939MBps 28.7ms</bind>
  <bind>Comp:10-1-6 Comp:10-0-2 0.0939MBps 28.7ms</bind>
  <bind>Comp:10-0-2 Comp:10-1-6 0.0939MBps 28.7ms</bind>
  <bind>Comp:10-2-0 Comp:10-1-0 0.104MBps 35.9ms</bind>
  <bind>Comp:10-1-0 Comp:10-2-0 0.104MBps 35.9ms</bind>
  <bind>Comp:10-2-1 Comp:10-1-1 0.104MBps 35.9ms</bind>
  <bind>Comp:10-1-1 Comp:10-2-1 0.104MBps 35.9ms</bind>
  <bind>Comp:10-2-2 Comp:10-1-2 0.104MBps 35.9ms</bind>
  <bind>Comp:10-1-2 Comp:10-2-2 0.104MBps 35.9ms</bind>
  <bind>Comp:10-2-3 Comp:10-1-3 0.104MBps 35.9ms</bind>
  <bind>Comp:10-1-3 Comp:10-2-3 0.104MBps 35.9ms</bind>
  <bind>Comp:10-2-4 Comp:10-1-4 0.104MBps 35.9ms</bind>
  <bind>Comp:10-1-4 Comp:10-2-4 0.104MBps 35.9ms</bind>
  <bind>Comp:10-2-5 Comp:10-1-5 0.104MBps 35.9ms</bind>
  <bind>Comp:10-1-5 Comp:10-2-5 0.104MBps 35.9ms</bind>
  <bind>Comp:10-2-6 Comp:10-1-6 0.104MBps 35.9ms</bind>
  <bind>Comp:10-1-6 Comp:10-2-6 0.104MBps 35.9ms</bind>
  <bind>Comp:10-2-7 Comp:10-1-0 0.104MBps 35.9ms</bind>
  <bind>Comp:10-1-0 Comp:10-2-7 0.104MBps 35.9ms</bind>
  <bind>Comp:10-3-0 Comp:10-2-0 0.521MBps 41.2ms</bind>
  <bind>Comp:10-2-0 Comp:10-3-0 0.521MBps 41.2ms</bind>
  <bind>Comp:10-3-0 Comp:10-2-1 0.521MBps 41.2ms</bind>
  <bind>Comp:10-2-1 Comp:10-3-0 0.521MBps 41.2ms</bind>
  <bind>Comp:10-3-0 Comp:10-2-2 0.521MBps 41.2ms</bind>
  <bind>Comp:10-2-2 Comp:10-3-0 0.521MBps 41.2ms</bind>
  <bind>Comp:10-3-0 Comp:10-2-3 0.521MBps 41.2ms</bind>
  <bind>Comp:10-2-3 Comp:10-3-0 0.521MBps 41.2ms</bind>
  <bind>Comp:10-3-0 Comp:10-2-4 0.521MBps 41.2ms</bind>
  <bind>Comp:10-2-4 Comp:10-3-0 0.521MBps 41.2ms</bind>
  <bind>Comp:10-3-0 Comp:10-2-5 0.521MBps 41.2ms</bind>
  <bind>Comp:10-2-5 Comp:10-3-0 0.521MBps 41.2ms</bind>
  <bind>Comp:10-3-0 Comp:10-2-6 0.521MBps 41.2ms</bind>
  <bind>Comp:10-2-6 Comp:10-3-0 0.521MBps 41.2ms</bind>
  <bind>Comp:10-3-0 Comp:10-2-7 0.521MBps 41.2ms</bind>
  <bind>Comp:10-2-7 Comp:10-3-0 0.521MBps 41.2ms</bind>
  <bind>Comp:10-4-0 Comp:10-3-0 0.893MBps 37.0ms</bind>
  <bind>Comp:10-3-0 Comp:10-4-0 0.893MBps 37.0ms</bind>
  <bind>Comp:10-5-0 Comp:10-4-0 0.8MBps 29.6ms</bind>
  <bind>Comp:10-4-0 Comp:10-5-0 0.8MBps 29.6ms</bind>
  <bind>Comp:10-5-0 Appliance-11 0.151MBps 30.3ms</bind>
  <bind>Appliance-11 Comp:10-5-0 0.151MBps 30.3ms</bind>
  <bind>Comp:10-5-0 Appliance-162 0.151MBps 30.3ms</bind>
  <bind>Appliance-162 Comp:10-5-0 0.151MBps 30.3ms</bind>
  <bind>Comp:10-5-0 Appliance-235 0.151MBps 30.3ms</bind>
  <bind>Appliance-235 Comp:10-5-0 0.151MBps 30.3ms</bind>
  <bind>Comp:10-5-0 Appliance-172 0.151MBps 30.3ms</bind>
  <bind>Appliance-172 Comp:10-5-0 0.151MBps 30.3ms</bind>
  <bind>Comp:10-5-0 Appliance-190 0.151MBps 30.3ms</bind>
  <bind>Appliance-190 Comp:10-5-0 0.151MBps 30.3ms</bind>
  <bind>Comp:10-5-0 Appliance-371 0.151MBps 30.3ms</bind>
  <bind>Appliance-371 Comp:10-5-0 0.151MBps 30.3ms</bind>
  <bind>Comp:10-5-0 Appliance-222 0.151MBps 30.3ms</bind>
  <bind>Appliance-222 Comp:10-5-0 0.151MBps 30.3ms</bind>
</app>
<app>
  <id>App11</id>
<comp>
  <id>Comp:11-1-0</id>
  <CPU>0.76Gf</CPU>
  <RAM>0.487GB</RAM>
  <DISK>1.48GB</DISK>
</comp>
<comp>
  <id>Comp:11-1-1</id>
  <CPU>0.76Gf</CPU>
  <RAM>0.487GB</RAM>
  <DISK>1.48GB</DISK>
</comp>
<comp>
  <id>Comp:11-1-2</id>
  <CPU>0.76Gf</CPU>
  <RAM>0.487GB</RAM>
  <DISK>1.48GB</DISK>
</comp>
<comp>
  <id>Comp:11-1-3</id>
  <CPU>0.76Gf</CPU>
  <RAM>0.487GB</RAM>
  <DISK>1.48GB</DISK>
</comp>
<comp>
  <id>Comp:11-1-4</id>
  <CPU>0.76Gf</CPU>
  <RAM>0.487GB</RAM>
  <DISK>1.48GB</DISK>
</comp>
<comp>
  <id>Comp:11-2-0</id>
  <CPU>0.918Gf</CPU>
  <RAM>0.296GB</RAM>
  <DISK>1.38GB</DISK>
</comp>
<comp>
  <id>Comp:11-2-1</id>
  <CPU>0.918Gf</CPU>
  <RAM>0.296GB</RAM>
  <DISK>1.38GB</DISK>
</comp>
<comp>
  <id>Comp:11-2-2</id>
  <CPU>0.918Gf</CPU>
  <RAM>0.296GB</RAM>
  <DISK>1.38GB</DISK>
</comp>
<comp>
  <id>Comp:11-2-3</id>
  <CPU>0.918Gf</CPU>
  <RAM>0.296GB</RAM>
  <DISK>1.38GB</DISK>
</comp>
<comp>
  <id>Comp:11-2-4</id>
  <CPU>0.918Gf</CPU>
  <RAM>0.296GB</RAM>
  <DISK>1.38GB</DISK>
</comp>
<comp>
  <id>Comp:11-2-5</id>
  <CPU>0.918Gf</CPU>
  <RAM>0.296GB</RAM>
  <DISK>1.38GB</DISK>
</comp>
<comp>
  <id>Comp:11-2-6</id>
  <CPU>0.918Gf</CPU>
  <RAM>0.296GB</RAM>
  <DISK>1.38GB</DISK>
</comp>
<comp>
  <id>Comp:11-2-7</id>
  <CPU>0.918Gf</CPU>
  <RAM>0.296GB</RAM>
  <DISK>1.38GB</DISK>
</comp>
<comp>
  <id>Comp:11-3-0</id>
  <CPU>0.507Gf</CPU>
  <RAM>0.752GB</RAM>
  <DISK>1.6GB</DISK>
</comp>
<comp>
  <id>Comp:11-3-1</id>
  <CPU>0.507Gf</CPU>
  <RAM>0.752GB</RAM>
  <DISK>1.6GB</DISK>
</comp>
<comp>
  <id>Comp:11-3-2</id>
  <CPU>0.507Gf</CPU>
  <RAM>0.752GB</RAM>
  <DISK>1.6GB</DISK>
</comp>
<comp>
  <id>Comp:11-4-0</id>
  <CPU>0.476Gf</CPU>
  <RAM>0.198GB</RAM>
  <DISK>0.213GB</DISK>
</comp>
<comp>
  <id>Comp:11-4-1</id>
  <CPU>0.476Gf</CPU>
  <RAM>0.198GB</RAM>
  <DISK>0.213GB</DISK>
</comp>
<comp>
  <id>Comp:11-4-2</id>
  <CPU>0.476Gf</CPU>
  <RAM>0.198GB</RAM>
  <DISK>0.213GB</DISK>
</comp>
<comp>
  <id>Comp:11-4-3</id>
  <CPU>0.476Gf</CPU>
  <RAM>0.198GB</RAM>
  <DISK>0.213GB</DISK>
</comp>
<comp>
  <id>Comp:11-4-4</id>
  <CPU>0.476Gf</CPU>
  <RAM>0.198GB</RAM>
  <DISK>0.213GB</DISK>
</comp>
<comp>
  <id>Comp:11-4-5</id>
  <CPU>0.476Gf</CPU>
  <RAM>0.198GB</RAM>
  <DISK>0.213GB</DISK>
</comp>
<comp>
  <id>Comp:11-4-6</id>
  <CPU>0.476Gf</CPU>
  <RAM>0.198GB</RAM>
  <DISK>0.213GB</DISK>
</comp>
<comp>
  <id>Comp:11-4-7</id>
  <CPU>0.476Gf</CPU>
  <RAM>0.198GB</RAM>
  <DISK>0.213GB</DISK>
</comp>
<comp>
  <id>Comp:11-4-8</id>
  <CPU>0.476Gf</CPU>
  <RAM>0.198GB</RAM>
  <DISK>0.213GB</DISK>
</comp>
  <bind>Comp:11-1-0 Appliance-221 0.852MBps 37.6ms</bind>
  <bind>Appliance-221 Comp:11-1-0 0.852MBps 37.6ms</bind>
  <bind>Comp:11-1-1 Appliance-379 0.852MBps 37.6ms</bind>
  <bind>Appliance-379 Comp:11-1-1 0.852MBps 37.6ms</bind>
  <bind>Comp:11-1-2 Appliance-74 0.852MBps 37.6ms</bind>
  <bind>Appliance-74 Comp:11-1-2 0.852MBps 37.6ms</bind>
  <bind>Comp:11-1-3 Appliance-281 0.852MBps 37.6ms</bind>
  <bind>Appliance-281 Comp:11-1-3 0.852MBps 37.6ms</bind>
  <bind>Comp:11-1-4 Appliance-276 0.852MBps 37.6ms</bind>
  <bind>Appliance-276 Comp:11-1-4 0.852MBps 37.6ms</bind>
  <bind>Comp:11-1-0 Appliance-177 0.852MBps 37.6ms</bind>
  <bind>Appliance-177 Comp:11-1-0 0.852MBps 37.6ms</bind>
  <bind>Comp:11-1-1 Appliance-308 0.852MBps 37.6ms</bind>
  <bind>Appliance-308 Comp:11-1-1 0.852MBps 37.6ms</bind>
  <bind>Comp:11-1-2 Appliance-158 0.852MBps 37.6ms</bind>
  <bind>Appliance-158 Comp:11-1-2 0.852MBps 37.6ms</bind>
  <bind>Comp:11-2-0 Comp:11-1-0 0.0835MBps 26.8ms</bind>
  <bind>Comp:11-1-0 Comp:11-2-0 0.0835MBps 26.8ms</bind>
  <bind>Comp:11-2-1 Comp:11-1-1 0.0835MBps 26.8ms</bind>
  <bind>Comp:11-1-1 Comp:11-2-1 0.0835MBps 26.8ms</bind>
  <bind>Comp:11-2-2 Comp:11-1-2 0.0835MBps 26.8ms</bind>
  <bind>Comp:11-1-2 Comp:11-2-2 0.0835MBps 26.8ms</bind>
  <bind>Comp:11-2-3 Comp:11-1-3 0.0835MBps 26.8ms</bind>
  <bind>Comp:11-1-3 Comp:11-2-3 0.0835MBps 26.8ms</bind>
  <bind>Comp:11-2-4 Comp:11-1-4 0.0835MBps 26.8ms</bind>
  <bind>Comp:11-1-4 Comp:11-2-4 0.0835MBps 26.8ms</bind>
  <bind>Comp:11-2-5 Comp:11-1-0 0.0835MBps 26.8ms</bind>
  <bind>Comp:11-1-0 Comp:11-2-5 0.0835MBps 26.8ms</bind>
  <bind>Comp:11-2-6 Comp:11-1-1 0.0835MBps 26.8ms</bind>
  <bind>Comp:11-1-1 Comp:11-2-6 0.0835MBps 26.8ms</bind>
  <bind>Comp:11-2-7 Comp:11-1-2 0.0835MBps 26.8ms</bind>
  <bind>Comp:11-1-2 Comp:11-2-7 0.0835MBps 26.8ms</bind>
  <bind>Comp:11-3-0 Comp:11-2-0 0.517MBps 45.8ms</bind>
  <bind>Comp:11-2-0 Comp:11-3-0 0.517MBps 45.8ms</bind>
  <bind>Comp:11-3-1 Comp:11-2-1 0.517MBps 45.8ms</bind>
  <bind>Comp:11-2-1 Comp:11-3-1 0.517MBps 45.8ms</bind>
  <bind>Comp:11-3-2 Comp:11-2-2 0.517MBps 45.8ms</bind>
  <bind>Comp:11-2-2 Comp:11-3-2 0.517MBps 45.8ms</bind>
  <bind>Comp:11-3-0 Comp:11-2-3 0.517MBps 45.8ms</bind>
  <bind>Comp:11-2-3 Comp:11-3-0 0.517MBps 45.8ms</bind>
  <bind>Comp:11-3-1 Comp:11-2-4 0.517MBps 45.8ms</bind>
  <bind>Comp:11-2-4 Comp:11-3-1 0.517MBps 45.8ms</bind>
  <bind>Comp:11-3-2 Comp:11-2-5 0.517MBps 45.8ms</bind>
  <bind>Comp:11-2-5 Comp:11-3-2 0.517MBps 45.8ms</bind>
  <bind>Comp:11-3-0 Comp:11-2-6 0.517MBps 45.8ms</bind>
  <bind>Comp:11-2-6 Comp:11-3-0 0.517MBps 45.8ms</bind>
  <bind>Comp:11-3-1 Comp:11-2-7 0.517MBps 45.8ms</bind>
  <bind>Comp:11-2-7 Comp:11-3-1 0.517MBps 45.8ms</bind>
  <bind>Comp:11-4-0 Comp:11-3-0 0.529MBps 26.8ms</bind>
  <bind>Comp:11-3-0 Comp:11-4-0 0.529MBps 26.8ms</bind>
  <bind>Comp:11-4-1 Comp:11-3-1 0.529MBps 26.8ms</bind>
  <bind>Comp:11-3-1 Comp:11-4-1 0.529MBps 26.8ms</bind>
  <bind>Comp:11-4-2 Comp:11-3-2 0.529MBps 26.8ms</bind>
  <bind>Comp:11-3-2 Comp:11-4-2 0.529MBps 26.8ms</bind>
  <bind>Comp:11-4-3 Comp:11-3-0 0.529MBps 26.8ms</bind>
  <bind>Comp:11-3-0 Comp:11-4-3 0.529MBps 26.8ms</bind>
  <bind>Comp:11-4-4 Comp:11-3-1 0.529MBps 26.8ms</bind>
  <bind>Comp:11-3-1 Comp:11-4-4 0.529MBps 26.8ms</bind>
  <bind>Comp:11-4-5 Comp:11-3-2 0.529MBps 26.8ms</bind>
  <bind>Comp:11-3-2 Comp:11-4-5 0.529MBps 26.8ms</bind>
  <bind>Comp:11-4-6 Comp:11-3-0 0.529MBps 26.8ms</bind>
  <bind>Comp:11-3-0 Comp:11-4-6 0.529MBps 26.8ms</bind>
  <bind>Comp:11-4-7 Comp:11-3-1 0.529MBps 26.8ms</bind>
  <bind>Comp:11-3-1 Comp:11-4-7 0.529MBps 26.8ms</bind>
  <bind>Comp:11-4-8 Comp:11-3-2 0.529MBps 26.8ms</bind>
  <bind>Comp:11-3-2 Comp:11-4-8 0.529MBps 26.8ms</bind>
  <bind>Comp:11-4-0 Appliance-116 0.661MBps 30.3ms</bind>
  <bind>Appliance-116 Comp:11-4-0 0.661MBps 30.3ms</bind>
  <bind>Comp:11-4-1 Appliance-373 0.661MBps 30.3ms</bind>
  <bind>Appliance-373 Comp:11-4-1 0.661MBps 30.3ms</bind>
  <bind>Comp:11-4-2 Appliance-138 0.661MBps 30.3ms</bind>
  <bind>Appliance-138 Comp:11-4-2 0.661MBps 30.3ms</bind>
  <bind>Comp:11-4-3 Appliance-364 0.661MBps 30.3ms</bind>
  <bind>Appliance-364 Comp:11-4-3 0.661MBps 30.3ms</bind>
  <bind>Comp:11-4-4 Appliance-115 0.661MBps 30.3ms</bind>
  <bind>Appliance-115 Comp:11-4-4 0.661MBps 30.3ms</bind>
  <bind>Comp:11-4-5 Appliance-373 0.661MBps 30.3ms</bind>
  <bind>Appliance-373 Comp:11-4-5 0.661MBps 30.3ms</bind>
  <bind>Comp:11-4-6 Appliance-116 0.661MBps 30.3ms</bind>
  <bind>Appliance-116 Comp:11-4-6 0.661MBps 30.3ms</bind>
  <bind>Comp:11-4-7 Appliance-373 0.661MBps 30.3ms</bind>
  <bind>Appliance-373 Comp:11-4-7 0.661MBps 30.3ms</bind>
  <bind>Comp:11-4-8 Appliance-138 0.661MBps 30.3ms</bind>
  <bind>Appliance-138 Comp:11-4-8 0.661MBps 30.3ms</bind>
</app>
</apps>
