<?xml version="1.0"?>
<apps>
<app>
  <id>App1</id>
<comp>
  <id>Comp:1-1-0</id>
  <CPU>0.624Gf</CPU>
  <RAM>0.108GB</RAM>
  <DISK>0.453GB</DISK>
</comp>
<comp>
  <id>Comp:1-2-0</id>
  <CPU>0.427Gf</CPU>
  <RAM>0.883GB</RAM>
  <DISK>1.54GB</DISK>
</comp>
<comp>
  <id>Comp:1-2-1</id>
  <CPU>0.427Gf</CPU>
  <RAM>0.883GB</RAM>
  <DISK>1.54GB</DISK>
</comp>
<comp>
  <id>Comp:1-2-2</id>
  <CPU>0.427Gf</CPU>
  <RAM>0.883GB</RAM>
  <DISK>1.54GB</DISK>
</comp>
<comp>
  <id>Comp:1-2-3</id>
  <CPU>0.427Gf</CPU>
  <RAM>0.883GB</RAM>
  <DISK>1.54GB</DISK>
</comp>
<comp>
  <id>Comp:1-2-4</id>
  <CPU>0.427Gf</CPU>
  <RAM>0.883GB</RAM>
  <DISK>1.54GB</DISK>
</comp>
<comp>
  <id>Comp:1-3-0</id>
  <CPU>0.222Gf</CPU>
  <RAM>0.247GB</RAM>
  <DISK>1.23GB</DISK>
</comp>
<comp>
  <id>Comp:1-3-1</id>
  <CPU>0.222Gf</CPU>
  <RAM>0.247GB</RAM>
  <DISK>1.23GB</DISK>
</comp>
<comp>
  <id>Comp:1-3-2</id>
  <CPU>0.222Gf</CPU>
  <RAM>0.247GB</RAM>
  <DISK>1.23GB</DISK>
</comp>
<comp>
  <id>Comp:1-4-0</id>
  <CPU>0.708Gf</CPU>
  <RAM>0.605GB</RAM>
  <DISK>1.11GB</DISK>
</comp>
<comp>
  <id>Comp:1-4-1</id>
  <CPU>0.708Gf</CPU>
  <RAM>0.605GB</RAM>
  <DISK>1.11GB</DISK>
</comp>
<comp>
  <id>Comp:1-5-0</id>
  <CPU>0.926Gf</CPU>
  <RAM>0.895GB</RAM>
  <DISK>1.56GB</DISK>
</comp>
<comp>
  <id>Comp:1-5-1</id>
  <CPU>0.926Gf</CPU>
  <RAM>0.895GB</RAM>
  <DISK>1.56GB</DISK>
</comp>
<comp>
  <id>Comp:1-5-2</id>
  <CPU>0.926Gf</CPU>
  <RAM>0.895GB</RAM>
  <DISK>1.56GB</DISK>
</comp>
<comp>
  <id>Comp:1-5-3</id>
  <CPU>0.926Gf</CPU>
  <RAM>0.895GB</RAM>
  <DISK>1.56GB</DISK>
</comp>
<comp>
  <id>Comp:1-5-4</id>
  <CPU>0.926Gf</CPU>
  <RAM>0.895GB</RAM>
  <DISK>1.56GB</DISK>
</comp>
<comp>
  <id>Comp:1-6-0</id>
  <CPU>0.293Gf</CPU>
  <RAM>0.436GB</RAM>
  <DISK>0.34GB</DISK>
</comp>
<comp>
  <id>Comp:1-6-1</id>
  <CPU>0.293Gf</CPU>
  <RAM>0.436GB</RAM>
  <DISK>0.34GB</DISK>
</comp>
<comp>
  <id>Comp:1-6-2</id>
  <CPU>0.293Gf</CPU>
  <RAM>0.436GB</RAM>
  <DISK>0.34GB</DISK>
</comp>
<comp>
  <id>Comp:1-6-3</id>
  <CPU>0.293Gf</CPU>
  <RAM>0.436GB</RAM>
  <DISK>0.34GB</DISK>
</comp>
<comp>
  <id>Comp:1-6-4</id>
  <CPU>0.293Gf</CPU>
  <RAM>0.436GB</RAM>
  <DISK>0.34GB</DISK>
</comp>
<comp>
  <id>Comp:1-6-5</id>
  <CPU>0.293Gf</CPU>
  <RAM>0.436GB</RAM>
  <DISK>0.34GB</DISK>
</comp>
<comp>
  <id>Comp:1-6-6</id>
  <CPU>0.293Gf</CPU>
  <RAM>0.436GB</RAM>
  <DISK>0.34GB</DISK>
</comp>
  <bind>Comp:1-1-0 Appliance-8 0.964MBps 35.3ms</bind>
  <bind>Appliance-8 Comp:1-1-0 0.964MBps 35.3ms</bind>
  <bind>Comp:1-1-0 Appliance-25 0.964MBps 35.3ms</bind>
  <bind>Appliance-25 Comp:1-1-0 0.964MBps 35.3ms</bind>
  <bind>Comp:1-1-0 Appliance-25 0.964MBps 35.3ms</bind>
  <bind>Appliance-25 Comp:1-1-0 0.964MBps 35.3ms</bind>
  <bind>Comp:1-1-0 Appliance-18 0.964MBps 35.3ms</bind>
  <bind>Appliance-18 Comp:1-1-0 0.964MBps 35.3ms</bind>
  <bind>Comp:1-1-0 Appliance-37 0.964MBps 35.3ms</bind>
  <bind>Appliance-37 Comp:1-1-0 0.964MBps 35.3ms</bind>
  <bind>Comp:1-1-0 Appliance-29 0.964MBps 35.3ms</bind>
  <bind>Appliance-29 Comp:1-1-0 0.964MBps 35.3ms</bind>
  <bind>Comp:1-2-0 Comp:1-1-0 0.0393MBps 30.8ms</bind>
  <bind>Comp:1-1-0 Comp:1-2-0 0.0393MBps 30.8ms</bind>
  <bind>Comp:1-2-1 Comp:1-1-0 0.0393MBps 30.8ms</bind>
  <bind>Comp:1-1-0 Comp:1-2-1 0.0393MBps 30.8ms</bind>
  <bind>Comp:1-2-2 Comp:1-1-0 0.0393MBps 30.8ms</bind>
  <bind>Comp:1-1-0 Comp:1-2-2 0.0393MBps 30.8ms</bind>
  <bind>Comp:1-2-3 Comp:1-1-0 0.0393MBps 30.8ms</bind>
  <bind>Comp:1-1-0 Comp:1-2-3 0.0393MBps 30.8ms</bind>
  <bind>Comp:1-2-4 Comp:1-1-0 0.0393MBps 30.8ms</bind>
  <bind>Comp:1-1-0 Comp:1-2-4 0.0393MBps 30.8ms</bind>
  <bind>Comp:1-3-0 Comp:1-2-0 0.4MBps 45.2ms</bind>
  <bind>Comp:1-2-0 Comp:1-3-0 0.4MBps 45.2ms</bind>
  <bind>Comp:1-3-1 Comp:1-2-1 0.4MBps 45.2ms</bind>
  <bind>Comp:1-2-1 Comp:1-3-1 0.4MBps 45.2ms</bind>
  <bind>Comp:1-3-2 Comp:1-2-2 0.4MBps 45.2ms</bind>
  <bind>Comp:1-2-2 Comp:1-3-2 0.4MBps 45.2ms</bind>
  <bind>Comp:1-3-0 Comp:1-2-3 0.4MBps 45.2ms</bind>
  <bind>Comp:1-2-3 Comp:1-3-0 0.4MBps 45.2ms</bind>
  <bind>Comp:1-3-1 Comp:1-2-4 0.4MBps 45.2ms</bind>
  <bind>Comp:1-2-4 Comp:1-3-1 0.4MBps 45.2ms</bind>
  <bind>Comp:1-4-0 Comp:1-3-0 0.115MBps 35.9ms</bind>
  <bind>Comp:1-3-0 Comp:1-4-0 0.115MBps 35.9ms</bind>
  <bind>Comp:1-4-1 Comp:1-3-1 0.115MBps 35.9ms</bind>
  <bind>Comp:1-3-1 Comp:1-4-1 0.115MBps 35.9ms</bind>
  <bind>Comp:1-4-0 Comp:1-3-2 0.115MBps 35.9ms</bind>
  <bind>Comp:1-3-2 Comp:1-4-0 0.115MBps 35.9ms</bind>
  <bind>Comp:1-5-0 Comp:1-4-0 0.402MBps 32.5ms</bind>
  <bind>Comp:1-4-0 Comp:1-5-0 0.402MBps 32.5ms</bind>
  <bind>Comp:1-5-1 Comp:1-4-1 0.402MBps 32.5ms</bind>
  <bind>Comp:1-4-1 Comp:1-5-1 0.402MBps 32.5ms</bind>
  <bind>Comp:1-5-2 Comp:1-4-0 0.402MBps 32.5ms</bind>
  <bind>Comp:1-4-0 Comp:1-5-2 0.402MBps 32.5ms</bind>
  <bind>Comp:1-5-3 Comp:1-4-1 0.402MBps 32.5ms</bind>
  <bind>Comp:1-4-1 Comp:1-5-3 0.402MBps 32.5ms</bind>
  <bind>Comp:1-5-4 Comp:1-4-0 0.402MBps 32.5ms</bind>
  <bind>Comp:1-4-0 Comp:1-5-4 0.402MBps 32.5ms</bind>
  <bind>Comp:1-5-0 Comp:1-6-0 0.239MBps 37.0ms</bind>
  <bind>Comp:1-6-0 Comp:1-5-0 0.239MBps 37.0ms</bind>
  <bind>Comp:1-5-1 Comp:1-6-1 0.239MBps 37.0ms</bind>
  <bind>Comp:1-6-1 Comp:1-5-1 0.239MBps 37.0ms</bind>
  <bind>Comp:1-5-2 Comp:1-6-2 0.239MBps 37.0ms</bind>
  <bind>Comp:1-6-2 Comp:1-5-2 0.239MBps 37.0ms</bind>
  <bind>Comp:1-5-3 Comp:1-6-3 0.239MBps 37.0ms</bind>
  <bind>Comp:1-6-3 Comp:1-5-3 0.239MBps 37.0ms</bind>
  <bind>Comp:1-5-4 Comp:1-6-4 0.239MBps 37.0ms</bind>
  <bind>Comp:1-6-4 Comp:1-5-4 0.239MBps 37.0ms</bind>
  <bind>Comp:1-5-0 Comp:1-6-5 0.239MBps 37.0ms</bind>
  <bind>Comp:1-6-5 Comp:1-5-0 0.239MBps 37.0ms</bind>
  <bind>Comp:1-5-1 Comp:1-6-6 0.239MBps 37.0ms</bind>
  <bind>Comp:1-6-6 Comp:1-5-1 0.239MBps 37.0ms</bind>
</app>
<app>
  <id>App10</id>
<comp>
  <id>Comp:10-1-0</id>
  <CPU>0.136Gf</CPU>
  <RAM>0.343GB</RAM>
  <DISK>0.172GB</DISK>
</comp>
<comp>
  <id>Comp:10-1-1</id>
  <CPU>0.136Gf</CPU>
  <RAM>0.343GB</RAM>
  <DISK>0.172GB</DISK>
</comp>
<comp>
  <id>Comp:10-1-2</id>
  <CPU>0.136Gf</CPU>
  <RAM>0.343GB</RAM>
  <DISK>0.172GB</DISK>
</comp>
<comp>
  <id>Comp:10-1-3</id>
  <CPU>0.136Gf</CPU>
  <RAM>0.343GB</RAM>
  <DISK>0.172GB</DISK>
</comp>
<comp>
  <id>Comp:10-2-0</id>
  <CPU>0.178Gf</CPU>
  <RAM>0.621GB</RAM>
  <DISK>1.74GB</DISK>
</comp>
<comp>
  <id>Comp:10-2-1</id>
  <CPU>0.178Gf</CPU>
  <RAM>0.621GB</RAM>
  <DISK>1.74GB</DISK>
</comp>
<comp>
  <id>Comp:10-3-0</id>
  <CPU>0.792Gf</CPU>
  <RAM>0.287GB</RAM>
  <DISK>0.551GB</DISK>
</comp>
<comp>
  <id>Comp:10-3-1</id>
  <CPU>0.792Gf</CPU>
  <RAM>0.287GB</RAM>
  <DISK>0.551GB</DISK>
</comp>
<comp>
  <id>Comp:10-3-2</id>
  <CPU>0.792Gf</CPU>
  <RAM>0.287GB</RAM>
  <DISK>0.551GB</DISK>
</comp>
<comp>
  <id>Comp:10-3-3</id>
  <CPU>0.792Gf</CPU>
  <RAM>0.287GB</RAM>
  <DISK>0.551GB</DISK>
</comp>
<comp>
  <id>Comp:10-3-4</id>
  <CPU>0.792Gf</CPU>
  <RAM>0.287GB</RAM>
  <DISK>0.551GB</DISK>
</comp>
<comp>
  <id>Comp:10-3-5</id>
  <CPU>0.792Gf</CPU>
  <RAM>0.287GB</RAM>
  <DISK>0.551GB</DISK>
</comp>
<comp>
  <id>Comp:10-4-0</id>
  <CPU>0.651Gf</CPU>
  <RAM>0.783GB</RAM>
  <DISK>1.65GB</DISK>
</comp>
<comp>
  <id>Comp:10-4-1</id>
  <CPU>0.651Gf</CPU>
  <RAM>0.783GB</RAM>
  <DISK>1.65GB</DISK>
</comp>
<comp>
  <id>Comp:10-4-2</id>
  <CPU>0.651Gf</CPU>
  <RAM>0.783GB</RAM>
  <DISK>1.65GB</DISK>
</comp>
<comp>
  <id>Comp:10-4-3</id>
  <CPU>0.651Gf</CPU>
  <RAM>0.783GB</RAM>
  <DISK>1.65GB</DISK>
</comp>
<comp>
  <id>Comp:10-4-4</id>
  <CPU>0.651Gf</CPU>
  <RAM>0.783GB</RAM>
  <DISK>1.65GB</DISK>
</comp>
<comp>
  <id>Comp:10-4-5</id>
  <CPU>0.651Gf</CPU>
  <RAM>0.783GB</RAM>
  <DISK>1.65GB</DISK>
</comp>
<comp>
  <id>Comp:10-4-6</id>
  <CPU>0.651Gf</CPU>
  <RAM>0.783GB</RAM>
  <DISK>1.65GB</DISK>
</comp>
<comp>
  <id>Comp:10-4-7</id>
  <CPU>0.651Gf</CPU>
  <RAM>0.783GB</RAM>
  <DISK>1.65GB</DISK>
</comp>
<comp>
  <id>Comp:10-4-8</id>
  <CPU>0.651Gf</CPU>
  <RAM>0.783GB</RAM>
  <DISK>1.65GB</DISK>
</comp>
  <bind>Comp:10-1-0 Appliance-36 0.646MBps 26.1ms</bind>
  <bind>Appliance-36 Comp:10-1-0 0.646MBps 26.1ms</bind>
  <bind>Comp:10-1-1 Appliance-28 0.646MBps 26.1ms</bind>
  <bind>Appliance-28 Comp:10-1-1 0.646MBps 26.1ms</bind>
  <bind>Comp:10-1-2 Appliance-19 0.646MBps 26.1ms</bind>
  <bind>Appliance-19 Comp:10-1-2 0.646MBps 26.1ms</bind>
  <bind>Comp:10-1-3 Appliance-2 0.646MBps 26.1ms</bind>
  <bind>Appliance-2 Comp:10-1-3 0.646MBps 26.1ms</bind>
  <bind>Comp:10-1-0 Appliance-31 0.646MBps 26.1ms</bind>
  <bind>Appliance-31 Comp:10-1-0 0.646MBps 26.1ms</bind>
  <bind>Comp:10-1-1 Appliance-20 0.646MBps 26.1ms</bind>
  <bind>Appliance-20 Comp:10-1-1 0.646MBps 26.1ms</bind>
  <bind>Comp:10-1-2 Appliance-19 0.646MBps 26.1ms</bind>
  <bind>Appliance-19 Comp:10-1-2 0.646MBps 26.1ms</bind>
  <bind>Comp:10-1-3 Appliance-30 0.646MBps 26.1ms</bind>
  <bind>Appliance-30 Comp:10-1-3 0.646MBps 26.1ms</bind>
  <bind>Comp:10-1-0 Appliance-16 0.646MBps 26.1ms</bind>
  <bind>Appliance-16 Comp:10-1-0 0.646MBps 26.1ms</bind>
  <bind>Comp:10-1-1 Appliance-20 0.646MBps 26.1ms</bind>
  <bind>Appliance-20 Comp:10-1-1 0.646MBps 26.1ms</bind>
  <bind>Comp:10-2-0 Comp:10-1-0 0.236MBps 26.1ms</bind>
  <bind>Comp:10-1-0 Comp:10-2-0 0.236MBps 26.1ms</bind>
  <bind>Comp:10-2-1 Comp:10-1-1 0.236MBps 26.1ms</bind>
  <bind>Comp:10-1-1 Comp:10-2-1 0.236MBps 26.1ms</bind>
  <bind>Comp:10-2-0 Comp:10-1-2 0.236MBps 26.1ms</bind>
  <bind>Comp:10-1-2 Comp:10-2-0 0.236MBps 26.1ms</bind>
  <bind>Comp:10-2-1 Comp:10-1-3 0.236MBps 26.1ms</bind>
  <bind>Comp:10-1-3 Comp:10-2-1 0.236MBps 26.1ms</bind>
  <bind>Comp:10-3-0 Comp:10-2-0 0.496MBps 43.4ms</bind>
  <bind>Comp:10-2-0 Comp:10-3-0 0.496MBps 43.4ms</bind>
  <bind>Comp:10-3-1 Comp:10-2-1 0.496MBps 43.4ms</bind>
  <bind>Comp:10-2-1 Comp:10-3-1 0.496MBps 43.4ms</bind>
  <bind>Comp:10-3-2 Comp:10-2-0 0.496MBps 43.4ms</bind>
  <bind>Comp:10-2-0 Comp:10-3-2 0.496MBps 43.4ms</bind>
  <bind>Comp:10-3-3 Comp:10-2-1 0.496MBps 43.4ms</bind>
  <bind>Comp:10-2-1 Comp:10-3-3 0.496MBps 43.4ms</bind>
  <bind>Comp:10-3-4 Comp:10-2-0 0.496MBps 43.4ms</bind>
  <bind>Comp:10-2-0 Comp:10-3-4 0.496MBps 43.4ms</bind>
  <bind>Comp:10-3-5 Comp:10-2-1 0.496MBps 43.4ms</bind>
  <bind>Comp:10-2-1 Comp:10-3-5 0.496MBps 43.4ms</bind>
  <bind>Comp:10-4-0 Comp:10-3-0 0.782MBps 40.2ms</bind>
  <bind>Comp:10-3-0 Comp:10-4-0 0.782MBps 40.2ms</bind>
  <bind>Comp:10-4-1 Comp:10-3-1 0.782MBps 40.2ms</bind>
  <bind>Comp:10-3-1 Comp:10-4-1 0.782MBps 40.2ms</bind>
  <bind>Comp:10-4-2 Comp:10-3-2 0.782MBps 40.2ms</bind>
  <bind>Comp:10-3-2 Comp:10-4-2 0.782MBps 40.2ms</bind>
  <bind>Comp:10-4-3 Comp:10-3-3 0.782MBps 40.2ms</bind>
  <bind>Comp:10-3-3 Comp:10-4-3 0.782MBps 40.2ms</bind>
  <bind>Comp:10-4-4 Comp:10-3-4 0.782MBps 40.2ms</bind>
  <bind>Comp:10-3-4 Comp:10-4-4 0.782MBps 40.2ms</bind>
  <bind>Comp:10-4-5 Comp:10-3-5 0.782MBps 40.2ms</bind>
  <bind>Comp:10-3-5 Comp:10-4-5 0.782MBps 40.2ms</bind>
  <bind>Comp:10-4-6 Comp:10-3-0 0.782MBps 40.2ms</bind>
  <bind>Comp:10-3-0 Comp:10-4-6 0.782MBps 40.2ms</bind>
  <bind>Comp:10-4-7 Comp:10-3-1 0.782MBps 40.2ms</bind>
  <bind>Comp:10-3-1 Comp:10-4-7 0.782MBps 40.2ms</bind>
  <bind>Comp:10-4-8 Comp:10-3-2 0.782MBps 40.2ms</bind>
  <bind>Comp:10-3-2 Comp:10-4-8 0.782MBps 40.2ms</bind>
  <bind>Comp:10-4-0 Appliance-33 0.31MBps 49.0ms</bind>
  <bind>Appliance-33 Comp:10-4-0 0.31MBps 49.0ms</bind>
  <bind>Comp:10-4-1 Appliance-33 0.31MBps 49.0ms</bind>
  <bind>Appliance-33 Comp:10-4-1 0.31MBps 49.0ms</bind>
  <bind>Comp:10-4-2 Appliance-28 0.31MBps 49.0ms</bind>
  <bind>Appliance-28 Comp:10-4-2 0.31MBps 49.0ms</bind>
  <bind>Comp:10-4-3 Appliance-34 0.31MBps 49.0ms</bind>
  <bind>Appliance-34 Comp:10-4-3 0.31MBps 49.0ms</bind>
  <bind>Comp:10-4-4 Appliance-26 0.31MBps 49.0ms</bind>
  <bind>Appliance-26 Comp:10-4-4 0.31MBps 49.0ms</bind>
  <bind>Comp:10-4-5 Appliance-36 0.31MBps 49.0ms</bind>
  <bind>Appliance-36 Comp:10-4-5 0.31MBps 49.0ms</bind>
  <bind>Comp:10-4-6 Appliance-33 0.31MBps 49.0ms</bind>
  <bind>Appliance-33 Comp:10-4-6 0.31MBps 49.0ms</bind>
  <bind>Comp:10-4-7 Appliance-33 0.31MBps 49.0ms</bind>
  <bind>Appliance-33 Comp:10-4-7 0.31MBps 49.0ms</bind>
  <bind>Comp:10-4-8 Appliance-28 0.31MBps 49.0ms</bind>
  <bind>Appliance-28 Comp:10-4-8 0.31MBps 49.0ms</bind>
</app>
<app>
  <id>App11</id>
<comp>
  <id>Comp:11-1-0</id>
  <CPU>0.365Gf</CPU>
  <RAM>0.551GB</RAM>
  <DISK>0.645GB</DISK>
</comp>
<comp>
  <id>Comp:11-1-1</id>
  <CPU>0.365Gf</CPU>
  <RAM>0.551GB</RAM>
  <DISK>0.645GB</DISK>
</comp>
<comp>
  <id>Comp:11-1-2</id>
  <CPU>0.365Gf</CPU>
  <RAM>0.551GB</RAM>
  <DISK>0.645GB</DISK>
</comp>
<comp>
  <id>Comp:11-1-3</id>
  <CPU>0.365Gf</CPU>
  <RAM>0.551GB</RAM>
  <DISK>0.645GB</DISK>
</comp>
<comp>
  <id>Comp:11-1-4</id>
  <CPU>0.365Gf</CPU>
  <RAM>0.551GB</RAM>
  <DISK>0.645GB</DISK>
</comp>
<comp>
  <id>Comp:11-1-5</id>
  <CPU>0.365Gf</CPU>
  <RAM>0.551GB</RAM>
  <DISK>0.645GB</DISK>
</comp>
<comp>
  <id>Comp:11-1-6</id>
  <CPU>0.365Gf</CPU>
  <RAM>0.551GB</RAM>
  <DISK>0.645GB</DISK>
</comp>
<comp>
  <id>Comp:11-1-7</id>
  <CPU>0.365Gf</CPU>
  <RAM>0.551GB</RAM>
  <DISK>0.645GB</DISK>
</comp>
<comp>
  <id>Comp:11-1-8</id>
  <CPU>0.365Gf</CPU>
  <RAM>0.551GB</RAM>
  <DISK>0.645GB</DISK>
</comp>
<comp>
  <id>Comp:11-2-0</id>
  <CPU>0.146Gf</CPU>
  <RAM>0.673GB</RAM>
  <DISK>0.515GB</DISK>
</comp>
<comp>
  <id>Comp:11-2-1</id>
  <CPU>0.146Gf</CPU>
  <RAM>0.673GB</RAM>
  <DISK>0.515GB</DISK>
</comp>
<comp>
  <id>Comp:11-2-2</id>
  <CPU>0.146Gf</CPU>
  <RAM>0.673GB</RAM>
  <DISK>0.515GB</DISK>
</comp>
  <bind>Comp:11-1-0 Appliance-39 0.401MBps 37.0ms</bind>
  <bind>Appliance-39 Comp:11-1-0 0.401MBps 37.0ms</bind>
  <bind>Comp:11-1-1 Appliance-10 0.401MBps 37.0ms</bind>
  <bind>Appliance-10 Comp:11-1-1 0.401MBps 37.0ms</bind>
  <bind>Comp:11-1-2 Appliance-39 0.401MBps 37.0ms</bind>
  <bind>Appliance-39 Comp:11-1-2 0.401MBps 37.0ms</bind>
  <bind>Comp:11-1-3 Appliance-10 0.401MBps 37.0ms</bind>
  <bind>Appliance-10 Comp:11-1-3 0.401MBps 37.0ms</bind>
  <bind>Comp:11-1-4 Appliance-39 0.401MBps 37.0ms</bind>
  <bind>Appliance-39 Comp:11-1-4 0.401MBps 37.0ms</bind>
  <bind>Comp:11-1-5 Appliance-10 0.401MBps 37.0ms</bind>
  <bind>Appliance-10 Comp:11-1-5 0.401MBps 37.0ms</bind>
  <bind>Comp:11-1-6 Appliance-39 0.401MBps 37.0ms</bind>
  <bind>Appliance-39 Comp:11-1-6 0.401MBps 37.0ms</bind>
  <bind>Comp:11-1-7 Appliance-10 0.401MBps 37.0ms</bind>
  <bind>Appliance-10 Comp:11-1-7 0.401MBps 37.0ms</bind>
  <bind>Comp:11-1-8 Appliance-39 0.401MBps 37.0ms</bind>
  <bind>Appliance-39 Comp:11-1-8 0.401MBps 37.0ms</bind>
  <bind>Comp:11-1-0 Comp:11-2-0 0.577MBps 43.3ms</bind>
  <bind>Comp:11-2-0 Comp:11-1-0 0.577MBps 43.3ms</bind>
  <bind>Comp:11-1-1 Comp:11-2-1 0.577MBps 43.3ms</bind>
  <bind>Comp:11-2-1 Comp:11-1-1 0.577MBps 43.3ms</bind>
  <bind>Comp:11-1-2 Comp:11-2-2 0.577MBps 43.3ms</bind>
  <bind>Comp:11-2-2 Comp:11-1-2 0.577MBps 43.3ms</bind>
  <bind>Comp:11-1-3 Comp:11-2-0 0.577MBps 43.3ms</bind>
  <bind>Comp:11-2-0 Comp:11-1-3 0.577MBps 43.3ms</bind>
  <bind>Comp:11-1-4 Comp:11-2-1 0.577MBps 43.3ms</bind>
  <bind>Comp:11-2-1 Comp:11-1-4 0.577MBps 43.3ms</bind>
  <bind>Comp:11-1-5 Comp:11-2-2 0.577MBps 43.3ms</bind>
  <bind>Comp:11-2-2 Comp:11-1-5 0.577MBps 43.3ms</bind>
  <bind>Comp:11-1-6 Comp:11-2-0 0.577MBps 43.3ms</bind>
  <bind>Comp:11-2-0 Comp:11-1-6 0.577MBps 43.3ms</bind>
  <bind>Comp:11-1-7 Comp:11-2-1 0.577MBps 43.3ms</bind>
  <bind>Comp:11-2-1 Comp:11-1-7 0.577MBps 43.3ms</bind>
  <bind>Comp:11-1-8 Comp:11-2-2 0.577MBps 43.3ms</bind>
  <bind>Comp:11-2-2 Comp:11-1-8 0.577MBps 43.3ms</bind>
</app>
<app>
  <id>App12</id>
<comp>
  <id>Comp:12-0-0</id>
  <CPU>0.675Gf</CPU>
  <RAM>0.909GB</RAM>
  <DISK>0.663GB</DISK>
</comp>
<comp>
  <id>Comp:12-0-1</id>
  <CPU>0.675Gf</CPU>
  <RAM>0.909GB</RAM>
  <DISK>0.663GB</DISK>
</comp>
<comp>
  <id>Comp:12-1-0</id>
  <CPU>0.655Gf</CPU>
  <RAM>0.147GB</RAM>
  <DISK>1.9GB</DISK>
</comp>
<comp>
  <id>Comp:12-1-1</id>
  <CPU>0.655Gf</CPU>
  <RAM>0.147GB</RAM>
  <DISK>1.9GB</DISK>
</comp>
<comp>
  <id>Comp:12-1-2</id>
  <CPU>0.655Gf</CPU>
  <RAM>0.147GB</RAM>
  <DISK>1.9GB</DISK>
</comp>
<comp>
  <id>Comp:12-1-3</id>
  <CPU>0.655Gf</CPU>
  <RAM>0.147GB</RAM>
  <DISK>1.9GB</DISK>
</comp>
<comp>
  <id>Comp:12-1-4</id>
  <CPU>0.655Gf</CPU>
  <RAM>0.147GB</RAM>
  <DISK>1.9GB</DISK>
</comp>
<comp>
  <id>Comp:12-2-0</id>
  <CPU>0.876Gf</CPU>
  <RAM>0.836GB</RAM>
  <DISK>1.4GB</DISK>
</comp>
<comp>
  <id>Comp:12-2-1</id>
  <CPU>0.876Gf</CPU>
  <RAM>0.836GB</RAM>
  <DISK>1.4GB</DISK>
</comp>
<comp>
  <id>Comp:12-2-2</id>
  <CPU>0.876Gf</CPU>
  <RAM>0.836GB</RAM>
  <DISK>1.4GB</DISK>
</comp>
<comp>
  <id>Comp:12-2-3</id>
  <CPU>0.876Gf</CPU>
  <RAM>0.836GB</RAM>
  <DISK>1.4GB</DISK>
</comp>
<comp>
  <id>Comp:12-2-4</id>
  <CPU>0.876Gf</CPU>
  <RAM>0.836GB</RAM>
  <DISK>1.4GB</DISK>
</comp>
<comp>
  <id>Comp:12-2-5</id>
  <CPU>0.876Gf</CPU>
  <RAM>0.836GB</RAM>
  <DISK>1.4GB</DISK>
</comp>
<comp>
  <id>Comp:12-2-6</id>
  <CPU>0.876Gf</CPU>
  <RAM>0.836GB</RAM>
  <DISK>1.4GB</DISK>
</comp>
<comp>
  <id>Comp:12-2-7</id>
  <CPU>0.876Gf</CPU>
  <RAM>0.836GB</RAM>
  <DISK>1.4GB</DISK>
</comp>
<comp>
  <id>Comp:12-2-8</id>
  <CPU>0.876Gf</CPU>
  <RAM>0.836GB</RAM>
  <DISK>1.4GB</DISK>
</comp>
  <bind>Comp:12-1-0 Comp:12-0-0 0.337MBps 37.8ms</bind>
  <bind>Comp:12-0-0 Comp:12-1-0 0.337MBps 37.8ms</bind>
  <bind>Comp:12-1-1 Comp:12-0-1 0.337MBps 37.8ms</bind>
  <bind>Comp:12-0-1 Comp:12-1-1 0.337MBps 37.8ms</bind>
  <bind>Comp:12-1-2 Comp:12-0-0 0.337MBps 37.8ms</bind>
  <bind>Comp:12-0-0 Comp:12-1-2 0.337MBps 37.8ms</bind>
  <bind>Comp:12-1-3 Comp:12-0-1 0.337MBps 37.8ms</bind>
  <bind>Comp:12-0-1 Comp:12-1-3 0.337MBps 37.8ms</bind>
  <bind>Comp:12-1-4 Comp:12-0-0 0.337MBps 37.8ms</bind>
  <bind>Comp:12-0-0 Comp:12-1-4 0.337MBps 37.8ms</bind>
  <bind>Comp:12-2-0 Comp:12-1-0 0.381MBps 38.8ms</bind>
  <bind>Comp:12-1-0 Comp:12-2-0 0.381MBps 38.8ms</bind>
  <bind>Comp:12-2-1 Comp:12-1-1 0.381MBps 38.8ms</bind>
  <bind>Comp:12-1-1 Comp:12-2-1 0.381MBps 38.8ms</bind>
  <bind>Comp:12-2-2 Comp:12-1-2 0.381MBps 38.8ms</bind>
  <bind>Comp:12-1-2 Comp:12-2-2 0.381MBps 38.8ms</bind>
  <bind>Comp:12-2-3 Comp:12-1-3 0.381MBps 38.8ms</bind>
  <bind>Comp:12-1-3 Comp:12-2-3 0.381MBps 38.8ms</bind>
  <bind>Comp:12-2-4 Comp:12-1-4 0.381MBps 38.8ms</bind>
  <bind>Comp:12-1-4 Comp:12-2-4 0.381MBps 38.8ms</bind>
  <bind>Comp:12-2-5 Comp:12-1-0 0.381MBps 38.8ms</bind>
  <bind>Comp:12-1-0 Comp:12-2-5 0.381MBps 38.8ms</bind>
  <bind>Comp:12-2-6 Comp:12-1-1 0.381MBps 38.8ms</bind>
  <bind>Comp:12-1-1 Comp:12-2-6 0.381MBps 38.8ms</bind>
  <bind>Comp:12-2-7 Comp:12-1-2 0.381MBps 38.8ms</bind>
  <bind>Comp:12-1-2 Comp:12-2-7 0.381MBps 38.8ms</bind>
  <bind>Comp:12-2-8 Comp:12-1-3 0.381MBps 38.8ms</bind>
  <bind>Comp:12-1-3 Comp:12-2-8 0.381MBps 38.8ms</bind>
  <bind>Comp:12-2-0 Appliance-32 0.132MBps 37.5ms</bind>
  <bind>Appliance-32 Comp:12-2-0 0.132MBps 37.5ms</bind>
  <bind>Comp:12-2-1 Appliance-1 0.132MBps 37.5ms</bind>
  <bind>Appliance-1 Comp:12-2-1 0.132MBps 37.5ms</bind>
  <bind>Comp:12-2-2 Appliance-7 0.132MBps 37.5ms</bind>
  <bind>Appliance-7 Comp:12-2-2 0.132MBps 37.5ms</bind>
  <bind>Comp:12-2-3 Appliance-5 0.132MBps 37.5ms</bind>
  <bind>Appliance-5 Comp:12-2-3 0.132MBps 37.5ms</bind>
  <bind>Comp:12-2-4 Appliance-6 0.132MBps 37.5ms</bind>
  <bind>Appliance-6 Comp:12-2-4 0.132MBps 37.5ms</bind>
  <bind>Comp:12-2-5 Appliance-14 0.132MBps 37.5ms</bind>
  <bind>Appliance-14 Comp:12-2-5 0.132MBps 37.5ms</bind>
  <bind>Comp:12-2-6 Appliance-12 0.132MBps 37.5ms</bind>
  <bind>Appliance-12 Comp:12-2-6 0.132MBps 37.5ms</bind>
  <bind>Comp:12-2-7 Appliance-18 0.132MBps 37.5ms</bind>
  <bind>Appliance-18 Comp:12-2-7 0.132MBps 37.5ms</bind>
  <bind>Comp:12-2-8 Appliance-5 0.132MBps 37.5ms</bind>
  <bind>Appliance-5 Comp:12-2-8 0.132MBps 37.5ms</bind>
  <bind>Comp:12-2-0 Appliance-24 0.132MBps 37.5ms</bind>
  <bind>Appliance-24 Comp:12-2-0 0.132MBps 37.5ms</bind>
</app>
<app>
  <id>App13</id>
<comp>
  <id>Comp:13-0-0</id>
  <CPU>0.203Gf</CPU>
  <RAM>0.602GB</RAM>
  <DISK>0.898GB</DISK>
</comp>
<comp>
  <id>Comp:13-1-0</id>
  <CPU>0.979Gf</CPU>
  <RAM>0.876GB</RAM>
  <DISK>1.84GB</DISK>
</comp>
<comp>
  <id>Comp:13-1-1</id>
  <CPU>0.979Gf</CPU>
  <RAM>0.876GB</RAM>
  <DISK>1.84GB</DISK>
</comp>
<comp>
  <id>Comp:13-1-2</id>
  <CPU>0.979Gf</CPU>
  <RAM>0.876GB</RAM>
  <DISK>1.84GB</DISK>
</comp>
<comp>
  <id>Comp:13-1-3</id>
  <CPU>0.979Gf</CPU>
  <RAM>0.876GB</RAM>
  <DISK>1.84GB</DISK>
</comp>
<comp>
  <id>Comp:13-1-4</id>
  <CPU>0.979Gf</CPU>
  <RAM>0.876GB</RAM>
  <DISK>1.84GB</DISK>
</comp>
<comp>
  <id>Comp:13-1-5</id>
  <CPU>0.979Gf</CPU>
  <RAM>0.876GB</RAM>
  <DISK>1.84GB</DISK>
</comp>
<comp>
  <id>Comp:13-2-0</id>
  <CPU>0.456Gf</CPU>
  <RAM>0.591GB</RAM>
  <DISK>1.43GB</DISK>
</comp>
<comp>
  <id>Comp:13-2-1</id>
  <CPU>0.456Gf</CPU>
  <RAM>0.591GB</RAM>
  <DISK>1.43GB</DISK>
</comp>
<comp>
  <id>Comp:13-2-2</id>
  <CPU>0.456Gf</CPU>
  <RAM>0.591GB</RAM>
  <DISK>1.43GB</DISK>
</comp>
<comp>
  <id>Comp:13-3-0</id>
  <CPU>0.845Gf</CPU>
  <RAM>0.91GB</RAM>
  <DISK>1.4GB</DISK>
</comp>
<comp>
  <id>Comp:13-3-1</id>
  <CPU>0.845Gf</CPU>
  <RAM>0.91GB</RAM>
  <DISK>1.4GB</DISK>
</comp>
<comp>
  <id>Comp:13-3-2</id>
  <CPU>0.845Gf</CPU>
  <RAM>0.91GB</RAM>
  <DISK>1.4GB</DISK>
</comp>
<comp>
  <id>Comp:13-3-3</id>
  <CPU>0.845Gf</CPU>
  <RAM>0.91GB</RAM>
  <DISK>1.4GB</DISK>
</comp>
<comp>
  <id>Comp:13-3-4</id>
  <CPU>0.845Gf</CPU>
  <RAM>0.91GB</RAM>
  <DISK>1.4GB</DISK>
</comp>
<comp>
  <id>Comp:13-3-5</id>
  <CPU>0.845Gf</CPU>
  <RAM>0.91GB</RAM>
  <DISK>1.4GB</DISK>
</comp>
<comp>
  <id>Comp:13-4-0</id>
  <CPU>0.127Gf</CPU>
  <RAM>0.199GB</RAM>
  <DISK>1.23GB</DISK>
</comp>
<comp>
  <id>Comp:13-4-1</id>
  <CPU>0.127Gf</CPU>
  <RAM>0.199GB</RAM>
  <DISK>1.23GB</DISK>
</comp>
<comp>
  <id>Comp:13-4-2</id>
  <CPU>0.127Gf</CPU>
  <RAM>0.199GB</RAM>
  <DISK>1.23GB</DISK>
</comp>
<comp>
  <id>Comp:13-4-3</id>
  <CPU>0.127Gf</CPU>
  <RAM>0.199GB</RAM>
  <DISK>1.23GB</DISK>
</comp>
<comp>
  <id>Comp:13-4-4</id>
  <CPU>0.127Gf</CPU>
  <RAM>0.199GB</RAM>
  <DISK>1.23GB</DISK>
</comp>
<comp>
  <id>Comp:13-4-5</id>
  <CPU>0.127Gf</CPU>
  <RAM>0.199GB</RAM>
  <DISK>1.23GB</DISK>
</comp>
<comp>
  <id>Comp:13-4-6</id>
  <CPU>0.127Gf</CPU>
  <RAM>0.199GB</RAM>
  <DISK>1.23GB</DISK>
</comp>
<comp>
  <id>Comp:13-4-7</id>
  <CPU>0.127Gf</CPU>
  <RAM>0.199GB</RAM>
  <DISK>1.23GB</DISK>
</comp>
<comp>
  <id>Comp:13-4-8</id>
  <CPU>0.127Gf</CPU>
  <RAM>0.199GB</RAM>
  <DISK>1.23GB</DISK>
</comp>
<comp>
  <id>Comp:13-4-9</id>
  <CPU>0.127Gf</CPU>
  <RAM>0.199GB</RAM>
  <DISK>1.23GB</DISK>
</comp>
<comp>
  <id>Comp:13-5-0</id>
  <CPU>0.217Gf</CPU>
  <RAM>0.783GB</RAM>
  <DISK>0.234GB</DISK>
</comp>
<comp>
  <id>Comp:13-5-1</id>
  <CPU>0.217Gf</CPU>
  <RAM>0.783GB</RAM>
  <DISK>0.234GB</DISK>
</comp>
<comp>
  <id>Comp:13-5-2</id>
  <CPU>0.217Gf</CPU>
  <RAM>0.783GB</RAM>
  <DISK>0.234GB</DISK>
</comp>
<comp>
  <id>Comp:13-5-3</id>
  <CPU>0.217Gf</CPU>
  <RAM>0.783GB</RAM>
  <DISK>0.234GB</DISK>
</comp>
<comp>
  <id>Comp:13-5-4</id>
  <CPU>0.217Gf</CPU>
  <RAM>0.783GB</RAM>
  <DISK>0.234GB</DISK>
</comp>
<comp>
  <id>Comp:13-5-5</id>
  <CPU>0.217Gf</CPU>
  <RAM>0.783GB</RAM>
  <DISK>0.234GB</DISK>
</comp>
<comp>
  <id>Comp:13-5-6</id>
  <CPU>0.217Gf</CPU>
  <RAM>0.783GB</RAM>
  <DISK>0.234GB</DISK>
</comp>
<comp>
  <id>Comp:13-5-7</id>
  <CPU>0.217Gf</CPU>
  <RAM>0.783GB</RAM>
  <DISK>0.234GB</DISK>
</comp>
  <bind>Comp:13-1-0 Comp:13-0-0 0.128MBps 32.4ms</bind>
  <bind>Comp:13-0-0 Comp:13-1-0 0.128MBps 32.4ms</bind>
  <bind>Comp:13-1-1 Comp:13-0-0 0.128MBps 32.4ms</bind>
  <bind>Comp:13-0-0 Comp:13-1-1 0.128MBps 32.4ms</bind>
  <bind>Comp:13-1-2 Comp:13-0-0 0.128MBps 32.4ms</bind>
  <bind>Comp:13-0-0 Comp:13-1-2 0.128MBps 32.4ms</bind>
  <bind>Comp:13-1-3 Comp:13-0-0 0.128MBps 32.4ms</bind>
  <bind>Comp:13-0-0 Comp:13-1-3 0.128MBps 32.4ms</bind>
  <bind>Comp:13-1-4 Comp:13-0-0 0.128MBps 32.4ms</bind>
  <bind>Comp:13-0-0 Comp:13-1-4 0.128MBps 32.4ms</bind>
  <bind>Comp:13-1-5 Comp:13-0-0 0.128MBps 32.4ms</bind>
  <bind>Comp:13-0-0 Comp:13-1-5 0.128MBps 32.4ms</bind>
  <bind>Comp:13-2-0 Comp:13-1-0 0.734MBps 28.9ms</bind>
  <bind>Comp:13-1-0 Comp:13-2-0 0.734MBps 28.9ms</bind>
  <bind>Comp:13-2-1 Comp:13-1-1 0.734MBps 28.9ms</bind>
  <bind>Comp:13-1-1 Comp:13-2-1 0.734MBps 28.9ms</bind>
  <bind>Comp:13-2-2 Comp:13-1-2 0.734MBps 28.9ms</bind>
  <bind>Comp:13-1-2 Comp:13-2-2 0.734MBps 28.9ms</bind>
  <bind>Comp:13-2-0 Comp:13-1-3 0.734MBps 28.9ms</bind>
  <bind>Comp:13-1-3 Comp:13-2-0 0.734MBps 28.9ms</bind>
  <bind>Comp:13-2-1 Comp:13-1-4 0.734MBps 28.9ms</bind>
  <bind>Comp:13-1-4 Comp:13-2-1 0.734MBps 28.9ms</bind>
  <bind>Comp:13-2-2 Comp:13-1-5 0.734MBps 28.9ms</bind>
  <bind>Comp:13-1-5 Comp:13-2-2 0.734MBps 28.9ms</bind>
  <bind>Comp:13-3-0 Comp:13-2-0 0.0396MBps 36.6ms</bind>
  <bind>Comp:13-2-0 Comp:13-3-0 0.0396MBps 36.6ms</bind>
  <bind>Comp:13-3-1 Comp:13-2-1 0.0396MBps 36.6ms</bind>
  <bind>Comp:13-2-1 Comp:13-3-1 0.0396MBps 36.6ms</bind>
  <bind>Comp:13-3-2 Comp:13-2-2 0.0396MBps 36.6ms</bind>
  <bind>Comp:13-2-2 Comp:13-3-2 0.0396MBps 36.6ms</bind>
  <bind>Comp:13-3-3 Comp:13-2-0 0.0396MBps 36.6ms</bind>
  <bind>Comp:13-2-0 Comp:13-3-3 0.0396MBps 36.6ms</bind>
  <bind>Comp:13-3-4 Comp:13-2-1 0.0396MBps 36.6ms</bind>
  <bind>Comp:13-2-1 Comp:13-3-4 0.0396MBps 36.6ms</bind>
  <bind>Comp:13-3-5 Comp:13-2-2 0.0396MBps 36.6ms</bind>
  <bind>Comp:13-2-2 Comp:13-3-5 0.0396MBps 36.6ms</bind>
  <bind>Comp:13-4-0 Comp:13-3-0 0.964MBps 36.8ms</bind>
  <bind>Comp:13-3-0 Comp:13-4-0 0.964MBps 36.8ms</bind>
  <bind>Comp:13-4-1 Comp:13-3-1 0.964MBps 36.8ms</bind>
  <bind>Comp:13-3-1 Comp:13-4-1 0.964MBps 36.8ms</bind>
  <bind>Comp:13-4-2 Comp:13-3-2 0.964MBps 36.8ms</bind>
  <bind>Comp:13-3-2 Comp:13-4-2 0.964MBps 36.8ms</bind>
  <bind>Comp:13-4-3 Comp:13-3-3 0.964MBps 36.8ms</bind>
  <bind>Comp:13-3-3 Comp:13-4-3 0.964MBps 36.8ms</bind>
  <bind>Comp:13-4-4 Comp:13-3-4 0.964MBps 36.8ms</bind>
  <bind>Comp:13-3-4 Comp:13-4-4 0.964MBps 36.8ms</bind>
  <bind>Comp:13-4-5 Comp:13-3-5 0.964MBps 36.8ms</bind>
  <bind>Comp:13-3-5 Comp:13-4-5 0.964MBps 36.8ms</bind>
  <bind>Comp:13-4-6 Comp:13-3-0 0.964MBps 36.8ms</bind>
  <bind>Comp:13-3-0 Comp:13-4-6 0.964MBps 36.8ms</bind>
  <bind>Comp:13-4-7 Comp:13-3-1 0.964MBps 36.8ms</bind>
  <bind>Comp:13-3-1 Comp:13-4-7 0.964MBps 36.8ms</bind>
  <bind>Comp:13-4-8 Comp:13-3-2 0.964MBps 36.8ms</bind>
  <bind>Comp:13-3-2 Comp:13-4-8 0.964MBps 36.8ms</bind>
  <bind>Comp:13-4-9 Comp:13-3-3 0.964MBps 36.8ms</bind>
  <bind>Comp:13-3-3 Comp:13-4-9 0.964MBps 36.8ms</bind>
  <bind>Comp:13-5-0 Comp:13-4-0 0.0741MBps 40.8ms</bind>
  <bind>Comp:13-4-0 Comp:13-5-0 0.0741MBps 40.8ms</bind>
  <bind>Comp:13-5-1 Comp:13-4-1 0.0741MBps 40.8ms</bind>
  <bind>Comp:13-4-1 Comp:13-5-1 0.0741MBps 40.8ms</bind>
  <bind>Comp:13-5-2 Comp:13-4-2 0.0741MBps 40.8ms</bind>
  <bind>Comp:13-4-2 Comp:13-5-2 0.0741MBps 40.8ms</bind>
  <bind>Comp:13-5-3 Comp:13-4-3 0.0741MBps 40.8ms</bind>
  <bind>Comp:13-4-3 Comp:13-5-3 0.0741MBps 40.8ms</bind>
  <bind>Comp:13-5-4 Comp:13-4-4 0.0741MBps 40.8ms</bind>
  <bind>Comp:13-4-4 Comp:13-5-4 0.0741MBps 40.8ms</bind>
  <bind>Comp:13-5-5 Comp:13-4-5 0.0741MBps 40.8ms</bind>
  <bind>Comp:13-4-5 Comp:13-5-5 0.0741MBps 40.8ms</bind>
  <bind>Comp:13-5-6 Comp:13-4-6 0.0741MBps 40.8ms</bind>
  <bind>Comp:13-4-6 Comp:13-5-6 0.0741MBps 40.8ms</bind>
  <bind>Comp:13-5-7 Comp:13-4-7 0.0741MBps 40.8ms</bind>
  <bind>Comp:13-4-7 Comp:13-5-7 0.0741MBps 40.8ms</bind>
  <bind>Comp:13-5-0 Comp:13-4-8 0.0741MBps 40.8ms</bind>
  <bind>Comp:13-4-8 Comp:13-5-0 0.0741MBps 40.8ms</bind>
  <bind>Comp:13-5-1 Comp:13-4-9 0.0741MBps 40.8ms</bind>
  <bind>Comp:13-4-9 Comp:13-5-1 0.0741MBps 40.8ms</bind>
  <bind>Comp:13-5-0 Appliance-5 0.468MBps 31.7ms</bind>
  <bind>Appliance-5 Comp:13-5-0 0.468MBps 31.7ms</bind>
  <bind>Comp:13-5-1 Appliance-3 0.468MBps 31.7ms</bind>
  <bind>Appliance-3 Comp:13-5-1 0.468MBps 31.7ms</bind>
  <bind>Comp:13-5-2 Appliance-5 0.468MBps 31.7ms</bind>
  <bind>Appliance-5 Comp:13-5-2 0.468MBps 31.7ms</bind>
  <bind>Comp:13-5-3 Appliance-3 0.468MBps 31.7ms</bind>
  <bind>Appliance-3 Comp:13-5-3 0.468MBps 31.7ms</bind>
  <bind>Comp:13-5-4 Appliance-5 0.468MBps 31.7ms</bind>
  <bind>Appliance-5 Comp:13-5-4 0.468MBps 31.7ms</bind>
  <bind>Comp:13-5-5 Appliance-3 0.468MBps 31.7ms</bind>
  <bind>Appliance-3 Comp:13-5-5 0.468MBps 31.7ms</bind>
  <bind>Comp:13-5-6 Appliance-5 0.468MBps 31.7ms</bind>
  <bind>Appliance-5 Comp:13-5-6 0.468MBps 31.7ms</bind>
  <bind>Comp:13-5-7 Appliance-3 0.468MBps 31.7ms</bind>
  <bind>Appliance-3 Comp:13-5-7 0.468MBps 31.7ms</bind>
</app>
<app>
  <id>App14</id>
<comp>
  <id>Comp:14-1-0</id>
  <CPU>0.812Gf</CPU>
  <RAM>0.487GB</RAM>
  <DISK>1.94GB</DISK>
</comp>
<comp>
  <id>Comp:14-1-1</id>
  <CPU>0.812Gf</CPU>
  <RAM>0.487GB</RAM>
  <DISK>1.94GB</DISK>
</comp>
<comp>
  <id>Comp:14-2-0</id>
  <CPU>0.119Gf</CPU>
  <RAM>0.109GB</RAM>
  <DISK>0.534GB</DISK>
</comp>
<comp>
  <id>Comp:14-3-0</id>
  <CPU>0.115Gf</CPU>
  <RAM>0.822GB</RAM>
  <DISK>0.804GB</DISK>
</comp>
<comp>
  <id>Comp:14-3-1</id>
  <CPU>0.115Gf</CPU>
  <RAM>0.822GB</RAM>
  <DISK>0.804GB</DISK>
</comp>
  <bind>Comp:14-1-0 Appliance-25 0.521MBps 48.2ms</bind>
  <bind>Appliance-25 Comp:14-1-0 0.521MBps 48.2ms</bind>
  <bind>Comp:14-1-1 Appliance-14 0.521MBps 48.2ms</bind>
  <bind>Appliance-14 Comp:14-1-1 0.521MBps 48.2ms</bind>
  <bind>Comp:14-2-0 Comp:14-1-0 0.36MBps 28.2ms</bind>
  <bind>Comp:14-1-0 Comp:14-2-0 0.36MBps 28.2ms</bind>
  <bind>Comp:14-2-0 Comp:14-1-1 0.36MBps 28.2ms</bind>
  <bind>Comp:14-1-1 Comp:14-2-0 0.36MBps 28.2ms</bind>
  <bind>Comp:14-2-0 Comp:14-3-0 0.051MBps 35.6ms</bind>
  <bind>Comp:14-3-0 Comp:14-2-0 0.051MBps 35.6ms</bind>
  <bind>Comp:14-2-0 Comp:14-3-1 0.051MBps 35.6ms</bind>
  <bind>Comp:14-3-1 Comp:14-2-0 0.051MBps 35.6ms</bind>
</app>
<app>
  <id>App15</id>
<comp>
  <id>Comp:15-0-0</id>
  <CPU>0.911Gf</CPU>
  <RAM>0.216GB</RAM>
  <DISK>1.35GB</DISK>
</comp>
<comp>
  <id>Comp:15-0-1</id>
  <CPU>0.911Gf</CPU>
  <RAM>0.216GB</RAM>
  <DISK>1.35GB</DISK>
</comp>
<comp>
  <id>Comp:15-0-2</id>
  <CPU>0.911Gf</CPU>
  <RAM>0.216GB</RAM>
  <DISK>1.35GB</DISK>
</comp>
<comp>
  <id>Comp:15-0-3</id>
  <CPU>0.911Gf</CPU>
  <RAM>0.216GB</RAM>
  <DISK>1.35GB</DISK>
</comp>
<comp>
  <id>Comp:15-0-4</id>
  <CPU>0.911Gf</CPU>
  <RAM>0.216GB</RAM>
  <DISK>1.35GB</DISK>
</comp>
<comp>
  <id>Comp:15-0-5</id>
  <CPU>0.911Gf</CPU>
  <RAM>0.216GB</RAM>
  <DISK>1.35GB</DISK>
</comp>
<comp>
  <id>Comp:15-0-6</id>
  <CPU>0.911Gf</CPU>
  <RAM>0.216GB</RAM>
  <DISK>1.35GB</DISK>
</comp>
<comp>
  <id>Comp:15-0-7</id>
  <CPU>0.911Gf</CPU>
  <RAM>0.216GB</RAM>
  <DISK>1.35GB</DISK>
</comp>
<comp>
  <id>Comp:15-0-8</id>
  <CPU>0.911Gf</CPU>
  <RAM>0.216GB</RAM>
  <DISK>1.35GB</DISK>
</comp>
<comp>
  <id>Comp:15-0-9</id>
  <CPU>0.911Gf</CPU>
  <RAM>0.216GB</RAM>
  <DISK>1.35GB</DISK>
</comp>
<comp>
  <id>Comp:15-1-0</id>
  <CPU>0.585Gf</CPU>
  <RAM>0.928GB</RAM>
  <DISK>0.659GB</DISK>
</comp>
<comp>
  <id>Comp:15-1-1</id>
  <CPU>0.585Gf</CPU>
  <RAM>0.928GB</RAM>
  <DISK>0.659GB</DISK>
</comp>
<comp>
  <id>Comp:15-1-2</id>
  <CPU>0.585Gf</CPU>
  <RAM>0.928GB</RAM>
  <DISK>0.659GB</DISK>
</comp>
<comp>
  <id>Comp:15-2-0</id>
  <CPU>0.993Gf</CPU>
  <RAM>0.79GB</RAM>
  <DISK>0.379GB</DISK>
</comp>
<comp>
  <id>Comp:15-2-1</id>
  <CPU>0.993Gf</CPU>
  <RAM>0.79GB</RAM>
  <DISK>0.379GB</DISK>
</comp>
<comp>
  <id>Comp:15-2-2</id>
  <CPU>0.993Gf</CPU>
  <RAM>0.79GB</RAM>
  <DISK>0.379GB</DISK>
</comp>
<comp>
  <id>Comp:15-2-3</id>
  <CPU>0.993Gf</CPU>
  <RAM>0.79GB</RAM>
  <DISK>0.379GB</DISK>
</comp>
<comp>
  <id>Comp:15-2-4</id>
  <CPU>0.993Gf</CPU>
  <RAM>0.79GB</RAM>
  <DISK>0.379GB</DISK>
</comp>
<comp>
  <id>Comp:15-2-5</id>
  <CPU>0.993Gf</CPU>
  <RAM>0.79GB</RAM>
  <DISK>0.379GB</DISK>
</comp>
<comp>
  <id>Comp:15-2-6</id>
  <CPU>0.993Gf</CPU>
  <RAM>0.79GB</RAM>
  <DISK>0.379GB</DISK>
</comp>
<comp>
  <id>Comp:15-2-7</id>
  <CPU>0.993Gf</CPU>
  <RAM>0.79GB</RAM>
  <DISK>0.379GB</DISK>
</comp>
<comp>
  <id>Comp:15-2-8</id>
  <CPU>0.993Gf</CPU>
  <RAM>0.79GB</RAM>
  <DISK>0.379GB</DISK>
</comp>
<comp>
  <id>Comp:15-2-9</id>
  <CPU>0.993Gf</CPU>
  <RAM>0.79GB</RAM>
  <DISK>0.379GB</DISK>
</comp>
  <bind>Comp:15-1-0 Comp:15-0-0 0.538MBps 45.5ms</bind>
  <bind>Comp:15-0-0 Comp:15-1-0 0.538MBps 45.5ms</bind>
  <bind>Comp:15-1-1 Comp:15-0-1 0.538MBps 45.5ms</bind>
  <bind>Comp:15-0-1 Comp:15-1-1 0.538MBps 45.5ms</bind>
  <bind>Comp:15-1-2 Comp:15-0-2 0.538MBps 45.5ms</bind>
  <bind>Comp:15-0-2 Comp:15-1-2 0.538MBps 45.5ms</bind>
  <bind>Comp:15-1-0 Comp:15-0-3 0.538MBps 45.5ms</bind>
  <bind>Comp:15-0-3 Comp:15-1-0 0.538MBps 45.5ms</bind>
  <bind>Comp:15-1-1 Comp:15-0-4 0.538MBps 45.5ms</bind>
  <bind>Comp:15-0-4 Comp:15-1-1 0.538MBps 45.5ms</bind>
  <bind>Comp:15-1-2 Comp:15-0-5 0.538MBps 45.5ms</bind>
  <bind>Comp:15-0-5 Comp:15-1-2 0.538MBps 45.5ms</bind>
  <bind>Comp:15-1-0 Comp:15-0-6 0.538MBps 45.5ms</bind>
  <bind>Comp:15-0-6 Comp:15-1-0 0.538MBps 45.5ms</bind>
  <bind>Comp:15-1-1 Comp:15-0-7 0.538MBps 45.5ms</bind>
  <bind>Comp:15-0-7 Comp:15-1-1 0.538MBps 45.5ms</bind>
  <bind>Comp:15-1-2 Comp:15-0-8 0.538MBps 45.5ms</bind>
  <bind>Comp:15-0-8 Comp:15-1-2 0.538MBps 45.5ms</bind>
  <bind>Comp:15-1-0 Comp:15-0-9 0.538MBps 45.5ms</bind>
  <bind>Comp:15-0-9 Comp:15-1-0 0.538MBps 45.5ms</bind>
  <bind>Comp:15-2-0 Comp:15-1-0 0.0278MBps 29.3ms</bind>
  <bind>Comp:15-1-0 Comp:15-2-0 0.0278MBps 29.3ms</bind>
  <bind>Comp:15-2-1 Comp:15-1-1 0.0278MBps 29.3ms</bind>
  <bind>Comp:15-1-1 Comp:15-2-1 0.0278MBps 29.3ms</bind>
  <bind>Comp:15-2-2 Comp:15-1-2 0.0278MBps 29.3ms</bind>
  <bind>Comp:15-1-2 Comp:15-2-2 0.0278MBps 29.3ms</bind>
  <bind>Comp:15-2-3 Comp:15-1-0 0.0278MBps 29.3ms</bind>
  <bind>Comp:15-1-0 Comp:15-2-3 0.0278MBps 29.3ms</bind>
  <bind>Comp:15-2-4 Comp:15-1-1 0.0278MBps 29.3ms</bind>
  <bind>Comp:15-1-1 Comp:15-2-4 0.0278MBps 29.3ms</bind>
  <bind>Comp:15-2-5 Comp:15-1-2 0.0278MBps 29.3ms</bind>
  <bind>Comp:15-1-2 Comp:15-2-5 0.0278MBps 29.3ms</bind>
  <bind>Comp:15-2-6 Comp:15-1-0 0.0278MBps 29.3ms</bind>
  <bind>Comp:15-1-0 Comp:15-2-6 0.0278MBps 29.3ms</bind>
  <bind>Comp:15-2-7 Comp:15-1-1 0.0278MBps 29.3ms</bind>
  <bind>Comp:15-1-1 Comp:15-2-7 0.0278MBps 29.3ms</bind>
  <bind>Comp:15-2-8 Comp:15-1-2 0.0278MBps 29.3ms</bind>
  <bind>Comp:15-1-2 Comp:15-2-8 0.0278MBps 29.3ms</bind>
  <bind>Comp:15-2-9 Comp:15-1-0 0.0278MBps 29.3ms</bind>
  <bind>Comp:15-1-0 Comp:15-2-9 0.0278MBps 29.3ms</bind>
  <bind>Comp:15-2-0 Appliance-25 0.406MBps 35.2ms</bind>
  <bind>Appliance-25 Comp:15-2-0 0.406MBps 35.2ms</bind>
  <bind>Comp:15-2-1 Appliance-0 0.406MBps 35.2ms</bind>
  <bind>Appliance-0 Comp:15-2-1 0.406MBps 35.2ms</bind>
  <bind>Comp:15-2-2 Appliance-18 0.406MBps 35.2ms</bind>
  <bind>Appliance-18 Comp:15-2-2 0.406MBps 35.2ms</bind>
  <bind>Comp:15-2-3 Appliance-32 0.406MBps 35.2ms</bind>
  <bind>Appliance-32 Comp:15-2-3 0.406MBps 35.2ms</bind>
  <bind>Comp:15-2-4 Appliance-6 0.406MBps 35.2ms</bind>
  <bind>Appliance-6 Comp:15-2-4 0.406MBps 35.2ms</bind>
  <bind>Comp:15-2-5 Appliance-4 0.406MBps 35.2ms</bind>
  <bind>Appliance-4 Comp:15-2-5 0.406MBps 35.2ms</bind>
  <bind>Comp:15-2-6 Appliance-29 0.406MBps 35.2ms</bind>
  <bind>Appliance-29 Comp:15-2-6 0.406MBps 35.2ms</bind>
  <bind>Comp:15-2-7 Appliance-24 0.406MBps 35.2ms</bind>
  <bind>Appliance-24 Comp:15-2-7 0.406MBps 35.2ms</bind>
  <bind>Comp:15-2-8 Appliance-6 0.406MBps 35.2ms</bind>
  <bind>Appliance-6 Comp:15-2-8 0.406MBps 35.2ms</bind>
  <bind>Comp:15-2-9 Appliance-11 0.406MBps 35.2ms</bind>
  <bind>Appliance-11 Comp:15-2-9 0.406MBps 35.2ms</bind>
</app>
<app>
  <id>App16</id>
<comp>
  <id>Comp:16-0-0</id>
  <CPU>0.952Gf</CPU>
  <RAM>0.561GB</RAM>
  <DISK>1.39GB</DISK>
</comp>
<comp>
  <id>Comp:16-0-1</id>
  <CPU>0.952Gf</CPU>
  <RAM>0.561GB</RAM>
  <DISK>1.39GB</DISK>
</comp>
<comp>
  <id>Comp:16-0-2</id>
  <CPU>0.952Gf</CPU>
  <RAM>0.561GB</RAM>
  <DISK>1.39GB</DISK>
</comp>
<comp>
  <id>Comp:16-0-3</id>
  <CPU>0.952Gf</CPU>
  <RAM>0.561GB</RAM>
  <DISK>1.39GB</DISK>
</comp>
<comp>
  <id>Comp:16-0-4</id>
  <CPU>0.952Gf</CPU>
  <RAM>0.561GB</RAM>
  <DISK>1.39GB</DISK>
</comp>
<comp>
  <id>Comp:16-0-5</id>
  <CPU>0.952Gf</CPU>
  <RAM>0.561GB</RAM>
  <DISK>1.39GB</DISK>
</comp>
<comp>
  <id>Comp:16-1-0</id>
  <CPU>0.761Gf</CPU>
  <RAM>0.884GB</RAM>
  <DISK>0.571GB</DISK>
</comp>
<comp>
  <id>Comp:16-2-0</id>
  <CPU>0.25Gf</CPU>
  <RAM>0.693GB</RAM>
  <DISK>0.963GB</DISK>
</comp>
<comp>
  <id>Comp:16-2-1</id>
  <CPU>0.25Gf</CPU>
  <RAM>0.693GB</RAM>
  <DISK>0.963GB</DISK>
</comp>
  <bind>Comp:16-1-0 Comp:16-0-0 0.0134MBps 26.2ms</bind>
  <bind>Comp:16-0-0 Comp:16-1-0 0.0134MBps 26.2ms</bind>
  <bind>Comp:16-1-0 Comp:16-0-1 0.0134MBps 26.2ms</bind>
  <bind>Comp:16-0-1 Comp:16-1-0 0.0134MBps 26.2ms</bind>
  <bind>Comp:16-1-0 Comp:16-0-2 0.0134MBps 26.2ms</bind>
  <bind>Comp:16-0-2 Comp:16-1-0 0.0134MBps 26.2ms</bind>
  <bind>Comp:16-1-0 Comp:16-0-3 0.0134MBps 26.2ms</bind>
  <bind>Comp:16-0-3 Comp:16-1-0 0.0134MBps 26.2ms</bind>
  <bind>Comp:16-1-0 Comp:16-0-4 0.0134MBps 26.2ms</bind>
  <bind>Comp:16-0-4 Comp:16-1-0 0.0134MBps 26.2ms</bind>
  <bind>Comp:16-1-0 Comp:16-0-5 0.0134MBps 26.2ms</bind>
  <bind>Comp:16-0-5 Comp:16-1-0 0.0134MBps 26.2ms</bind>
  <bind>Comp:16-2-0 Comp:16-1-0 0.441MBps 46.2ms</bind>
  <bind>Comp:16-1-0 Comp:16-2-0 0.441MBps 46.2ms</bind>
  <bind>Comp:16-2-1 Comp:16-1-0 0.441MBps 46.2ms</bind>
  <bind>Comp:16-1-0 Comp:16-2-1 0.441MBps 46.2ms</bind>
  <bind>Comp:16-2-0 Appliance-22 0.391MBps 33.8ms</bind>
  <bind>Appliance-22 Comp:16-2-0 0.391MBps 33.8ms</bind>
  <bind>Comp:16-2-1 Appliance-5 0.391MBps 33.8ms</bind>
  <bind>Appliance-5 Comp:16-2-1 0.391MBps 33.8ms</bind>
  <bind>Comp:16-2-0 Appliance-11 0.391MBps 33.8ms</bind>
  <bind>Appliance-11 Comp:16-2-0 0.391MBps 33.8ms</bind>
  <bind>Comp:16-2-1 Appliance-24 0.391MBps 33.8ms</bind>
  <bind>Appliance-24 Comp:16-2-1 0.391MBps 33.8ms</bind>
  <bind>Comp:16-2-0 Appliance-39 0.391MBps 33.8ms</bind>
  <bind>Appliance-39 Comp:16-2-0 0.391MBps 33.8ms</bind>
  <bind>Comp:16-2-1 Appliance-11 0.391MBps 33.8ms</bind>
  <bind>Appliance-11 Comp:16-2-1 0.391MBps 33.8ms</bind>
  <bind>Comp:16-2-0 Appliance-29 0.391MBps 33.8ms</bind>
  <bind>Appliance-29 Comp:16-2-0 0.391MBps 33.8ms</bind>
  <bind>Comp:16-2-1 Appliance-8 0.391MBps 33.8ms</bind>
  <bind>Appliance-8 Comp:16-2-1 0.391MBps 33.8ms</bind>
</app>
<app>
  <id>App17</id>
<comp>
  <id>Comp:17-0-0</id>
  <CPU>0.767Gf</CPU>
  <RAM>0.23GB</RAM>
  <DISK>1.91GB</DISK>
</comp>
<comp>
  <id>Comp:17-0-1</id>
  <CPU>0.767Gf</CPU>
  <RAM>0.23GB</RAM>
  <DISK>1.91GB</DISK>
</comp>
<comp>
  <id>Comp:17-0-2</id>
  <CPU>0.767Gf</CPU>
  <RAM>0.23GB</RAM>
  <DISK>1.91GB</DISK>
</comp>
<comp>
  <id>Comp:17-0-3</id>
  <CPU>0.767Gf</CPU>
  <RAM>0.23GB</RAM>
  <DISK>1.91GB</DISK>
</comp>
<comp>
  <id>Comp:17-0-4</id>
  <CPU>0.767Gf</CPU>
  <RAM>0.23GB</RAM>
  <DISK>1.91GB</DISK>
</comp>
<comp>
  <id>Comp:17-1-0</id>
  <CPU>0.11Gf</CPU>
  <RAM>0.665GB</RAM>
  <DISK>0.252GB</DISK>
</comp>
<comp>
  <id>Comp:17-1-1</id>
  <CPU>0.11Gf</CPU>
  <RAM>0.665GB</RAM>
  <DISK>0.252GB</DISK>
</comp>
<comp>
  <id>Comp:17-1-2</id>
  <CPU>0.11Gf</CPU>
  <RAM>0.665GB</RAM>
  <DISK>0.252GB</DISK>
</comp>
<comp>
  <id>Comp:17-1-3</id>
  <CPU>0.11Gf</CPU>
  <RAM>0.665GB</RAM>
  <DISK>0.252GB</DISK>
</comp>
<comp>
  <id>Comp:17-1-4</id>
  <CPU>0.11Gf</CPU>
  <RAM>0.665GB</RAM>
  <DISK>0.252GB</DISK>
</comp>
<comp>
  <id>Comp:17-1-5</id>
  <CPU>0.11Gf</CPU>
  <RAM>0.665GB</RAM>
  <DISK>0.252GB</DISK>
</comp>
<comp>
  <id>Comp:17-1-6</id>
  <CPU>0.11Gf</CPU>
  <RAM>0.665GB</RAM>
  <DISK>0.252GB</DISK>
</comp>
<comp>
  <id>Comp:17-1-7</id>
  <CPU>0.11Gf</CPU>
  <RAM>0.665GB</RAM>
  <DISK>0.252GB</DISK>
</comp>
<comp>
  <id>Comp:17-1-8</id>
  <CPU>0.11Gf</CPU>
  <RAM>0.665GB</RAM>
  <DISK>0.252GB</DISK>
</comp>
<comp>
  <id>Comp:17-2-0</id>
  <CPU>0.488Gf</CPU>
  <RAM>0.417GB</RAM>
  <DISK>1.26GB</DISK>
</comp>
<comp>
  <id>Comp:17-2-1</id>
  <CPU>0.488Gf</CPU>
  <RAM>0.417GB</RAM>
  <DISK>1.26GB</DISK>
</comp>
<comp>
  <id>Comp:17-2-2</id>
  <CPU>0.488Gf</CPU>
  <RAM>0.417GB</RAM>
  <DISK>1.26GB</DISK>
</comp>
<comp>
  <id>Comp:17-2-3</id>
  <CPU>0.488Gf</CPU>
  <RAM>0.417GB</RAM>
  <DISK>1.26GB</DISK>
</comp>
<comp>
  <id>Comp:17-2-4</id>
  <CPU>0.488Gf</CPU>
  <RAM>0.417GB</RAM>
  <DISK>1.26GB</DISK>
</comp>
<comp>
  <id>Comp:17-2-5</id>
  <CPU>0.488Gf</CPU>
  <RAM>0.417GB</RAM>
  <DISK>1.26GB</DISK>
</comp>
<comp>
  <id>Comp:17-3-0</id>
  <CPU>0.355Gf</CPU>
  <RAM>0.228GB</RAM>
  <DISK>0.766GB</DISK>
</comp>
<comp>
  <id>Comp:17-3-1</id>
  <CPU>0.355Gf</CPU>
  <RAM>0.228GB</RAM>
  <DISK>0.766GB</DISK>
</comp>
<comp>
  <id>Comp:17-3-2</id>
  <CPU>0.355Gf</CPU>
  <RAM>0.228GB</RAM>
  <DISK>0.766GB</DISK>
</comp>
<comp>
  <id>Comp:17-4-0</id>
  <CPU>0.304Gf</CPU>
  <RAM>0.921GB</RAM>
  <DISK>1.85GB</DISK>
</comp>
<comp>
  <id>Comp:17-4-1</id>
  <CPU>0.304Gf</CPU>
  <RAM>0.921GB</RAM>
  <DISK>1.85GB</DISK>
</comp>
<comp>
  <id>Comp:17-5-0</id>
  <CPU>0.26Gf</CPU>
  <RAM>0.312GB</RAM>
  <DISK>1.46GB</DISK>
</comp>
<comp>
  <id>Comp:17-5-1</id>
  <CPU>0.26Gf</CPU>
  <RAM>0.312GB</RAM>
  <DISK>1.46GB</DISK>
</comp>
<comp>
  <id>Comp:17-5-2</id>
  <CPU>0.26Gf</CPU>
  <RAM>0.312GB</RAM>
  <DISK>1.46GB</DISK>
</comp>
<comp>
  <id>Comp:17-5-3</id>
  <CPU>0.26Gf</CPU>
  <RAM>0.312GB</RAM>
  <DISK>1.46GB</DISK>
</comp>
<comp>
  <id>Comp:17-5-4</id>
  <CPU>0.26Gf</CPU>
  <RAM>0.312GB</RAM>
  <DISK>1.46GB</DISK>
</comp>
<comp>
  <id>Comp:17-5-5</id>
  <CPU>0.26Gf</CPU>
  <RAM>0.312GB</RAM>
  <DISK>1.46GB</DISK>
</comp>
  <bind>Comp:17-1-0 Comp:17-0-0 0.522MBps 45.5ms</bind>
  <bind>Comp:17-0-0 Comp:17-1-0 0.522MBps 45.5ms</bind>
  <bind>Comp:17-1-1 Comp:17-0-1 0.522MBps 45.5ms</bind>
  <bind>Comp:17-0-1 Comp:17-1-1 0.522MBps 45.5ms</bind>
  <bind>Comp:17-1-2 Comp:17-0-2 0.522MBps 45.5ms</bind>
  <bind>Comp:17-0-2 Comp:17-1-2 0.522MBps 45.5ms</bind>
  <bind>Comp:17-1-3 Comp:17-0-3 0.522MBps 45.5ms</bind>
  <bind>Comp:17-0-3 Comp:17-1-3 0.522MBps 45.5ms</bind>
  <bind>Comp:17-1-4 Comp:17-0-4 0.522MBps 45.5ms</bind>
  <bind>Comp:17-0-4 Comp:17-1-4 0.522MBps 45.5ms</bind>
  <bind>Comp:17-1-5 Comp:17-0-0 0.522MBps 45.5ms</bind>
  <bind>Comp:17-0-0 Comp:17-1-5 0.522MBps 45.5ms</bind>
  <bind>Comp:17-1-6 Comp:17-0-1 0.522MBps 45.5ms</bind>
  <bind>Comp:17-0-1 Comp:17-1-6 0.522MBps 45.5ms</bind>
  <bind>Comp:17-1-7 Comp:17-0-2 0.522MBps 45.5ms</bind>
  <bind>Comp:17-0-2 Comp:17-1-7 0.522MBps 45.5ms</bind>
  <bind>Comp:17-1-8 Comp:17-0-3 0.522MBps 45.5ms</bind>
  <bind>Comp:17-0-3 Comp:17-1-8 0.522MBps 45.5ms</bind>
  <bind>Comp:17-2-0 Comp:17-1-0 0.845MBps 29.1ms</bind>
  <bind>Comp:17-1-0 Comp:17-2-0 0.845MBps 29.1ms</bind>
  <bind>Comp:17-2-1 Comp:17-1-1 0.845MBps 29.1ms</bind>
  <bind>Comp:17-1-1 Comp:17-2-1 0.845MBps 29.1ms</bind>
  <bind>Comp:17-2-2 Comp:17-1-2 0.845MBps 29.1ms</bind>
  <bind>Comp:17-1-2 Comp:17-2-2 0.845MBps 29.1ms</bind>
  <bind>Comp:17-2-3 Comp:17-1-3 0.845MBps 29.1ms</bind>
  <bind>Comp:17-1-3 Comp:17-2-3 0.845MBps 29.1ms</bind>
  <bind>Comp:17-2-4 Comp:17-1-4 0.845MBps 29.1ms</bind>
  <bind>Comp:17-1-4 Comp:17-2-4 0.845MBps 29.1ms</bind>
  <bind>Comp:17-2-5 Comp:17-1-5 0.845MBps 29.1ms</bind>
  <bind>Comp:17-1-5 Comp:17-2-5 0.845MBps 29.1ms</bind>
  <bind>Comp:17-2-0 Comp:17-1-6 0.845MBps 29.1ms</bind>
  <bind>Comp:17-1-6 Comp:17-2-0 0.845MBps 29.1ms</bind>
  <bind>Comp:17-2-1 Comp:17-1-7 0.845MBps 29.1ms</bind>
  <bind>Comp:17-1-7 Comp:17-2-1 0.845MBps 29.1ms</bind>
  <bind>Comp:17-2-2 Comp:17-1-8 0.845MBps 29.1ms</bind>
  <bind>Comp:17-1-8 Comp:17-2-2 0.845MBps 29.1ms</bind>
  <bind>Comp:17-3-0 Comp:17-2-0 0.194MBps 45.1ms</bind>
  <bind>Comp:17-2-0 Comp:17-3-0 0.194MBps 45.1ms</bind>
  <bind>Comp:17-3-1 Comp:17-2-1 0.194MBps 45.1ms</bind>
  <bind>Comp:17-2-1 Comp:17-3-1 0.194MBps 45.1ms</bind>
  <bind>Comp:17-3-2 Comp:17-2-2 0.194MBps 45.1ms</bind>
  <bind>Comp:17-2-2 Comp:17-3-2 0.194MBps 45.1ms</bind>
  <bind>Comp:17-3-0 Comp:17-2-3 0.194MBps 45.1ms</bind>
  <bind>Comp:17-2-3 Comp:17-3-0 0.194MBps 45.1ms</bind>
  <bind>Comp:17-3-1 Comp:17-2-4 0.194MBps 45.1ms</bind>
  <bind>Comp:17-2-4 Comp:17-3-1 0.194MBps 45.1ms</bind>
  <bind>Comp:17-3-2 Comp:17-2-5 0.194MBps 45.1ms</bind>
  <bind>Comp:17-2-5 Comp:17-3-2 0.194MBps 45.1ms</bind>
  <bind>Comp:17-4-0 Comp:17-3-0 0.125MBps 34.7ms</bind>
  <bind>Comp:17-3-0 Comp:17-4-0 0.125MBps 34.7ms</bind>
  <bind>Comp:17-4-1 Comp:17-3-1 0.125MBps 34.7ms</bind>
  <bind>Comp:17-3-1 Comp:17-4-1 0.125MBps 34.7ms</bind>
  <bind>Comp:17-4-0 Comp:17-3-2 0.125MBps 34.7ms</bind>
  <bind>Comp:17-3-2 Comp:17-4-0 0.125MBps 34.7ms</bind>
  <bind>Comp:17-5-0 Comp:17-4-0 0.405MBps 30.7ms</bind>
  <bind>Comp:17-4-0 Comp:17-5-0 0.405MBps 30.7ms</bind>
  <bind>Comp:17-5-1 Comp:17-4-1 0.405MBps 30.7ms</bind>
  <bind>Comp:17-4-1 Comp:17-5-1 0.405MBps 30.7ms</bind>
  <bind>Comp:17-5-2 Comp:17-4-0 0.405MBps 30.7ms</bind>
  <bind>Comp:17-4-0 Comp:17-5-2 0.405MBps 30.7ms</bind>
  <bind>Comp:17-5-3 Comp:17-4-1 0.405MBps 30.7ms</bind>
  <bind>Comp:17-4-1 Comp:17-5-3 0.405MBps 30.7ms</bind>
  <bind>Comp:17-5-4 Comp:17-4-0 0.405MBps 30.7ms</bind>
  <bind>Comp:17-4-0 Comp:17-5-4 0.405MBps 30.7ms</bind>
  <bind>Comp:17-5-5 Comp:17-4-1 0.405MBps 30.7ms</bind>
  <bind>Comp:17-4-1 Comp:17-5-5 0.405MBps 30.7ms</bind>
  <bind>Comp:17-5-0 Appliance-27 0.28MBps 34.6ms</bind>
  <bind>Appliance-27 Comp:17-5-0 0.28MBps 34.6ms</bind>
  <bind>Comp:17-5-1 Appliance-22 0.28MBps 34.6ms</bind>
  <bind>Appliance-22 Comp:17-5-1 0.28MBps 34.6ms</bind>
  <bind>Comp:17-5-2 Appliance-27 0.28MBps 34.6ms</bind>
  <bind>Appliance-27 Comp:17-5-2 0.28MBps 34.6ms</bind>
  <bind>Comp:17-5-3 Appliance-22 0.28MBps 34.6ms</bind>
  <bind>Appliance-22 Comp:17-5-3 0.28MBps 34.6ms</bind>
  <bind>Comp:17-5-4 Appliance-27 0.28MBps 34.6ms</bind>
  <bind>Appliance-27 Comp:17-5-4 0.28MBps 34.6ms</bind>
  <bind>Comp:17-5-5 Appliance-22 0.28MBps 34.6ms</bind>
  <bind>Appliance-22 Comp:17-5-5 0.28MBps 34.6ms</bind>
</app>
<app>
  <id>App18</id>
<comp>
  <id>Comp:18-1-0</id>
  <CPU>0.255Gf</CPU>
  <RAM>0.522GB</RAM>
  <DISK>0.894GB</DISK>
</comp>
<comp>
  <id>Comp:18-1-1</id>
  <CPU>0.255Gf</CPU>
  <RAM>0.522GB</RAM>
  <DISK>0.894GB</DISK>
</comp>
<comp>
  <id>Comp:18-1-2</id>
  <CPU>0.255Gf</CPU>
  <RAM>0.522GB</RAM>
  <DISK>0.894GB</DISK>
</comp>
<comp>
  <id>Comp:18-2-0</id>
  <CPU>0.162Gf</CPU>
  <RAM>0.337GB</RAM>
  <DISK>1.19GB</DISK>
</comp>
<comp>
  <id>Comp:18-2-1</id>
  <CPU>0.162Gf</CPU>
  <RAM>0.337GB</RAM>
  <DISK>1.19GB</DISK>
</comp>
<comp>
  <id>Comp:18-2-2</id>
  <CPU>0.162Gf</CPU>
  <RAM>0.337GB</RAM>
  <DISK>1.19GB</DISK>
</comp>
<comp>
  <id>Comp:18-2-3</id>
  <CPU>0.162Gf</CPU>
  <RAM>0.337GB</RAM>
  <DISK>1.19GB</DISK>
</comp>
<comp>
  <id>Comp:18-3-0</id>
  <CPU>0.51Gf</CPU>
  <RAM>0.184GB</RAM>
  <DISK>1.8GB</DISK>
</comp>
<comp>
  <id>Comp:18-3-1</id>
  <CPU>0.51Gf</CPU>
  <RAM>0.184GB</RAM>
  <DISK>1.8GB</DISK>
</comp>
<comp>
  <id>Comp:18-3-2</id>
  <CPU>0.51Gf</CPU>
  <RAM>0.184GB</RAM>
  <DISK>1.8GB</DISK>
</comp>
<comp>
  <id>Comp:18-3-3</id>
  <CPU>0.51Gf</CPU>
  <RAM>0.184GB</RAM>
  <DISK>1.8GB</DISK>
</comp>
<comp>
  <id>Comp:18-3-4</id>
  <CPU>0.51Gf</CPU>
  <RAM>0.184GB</RAM>
  <DISK>1.8GB</DISK>
</comp>
<comp>
  <id>Comp:18-4-0</id>
  <CPU>0.625Gf</CPU>
  <RAM>0.974GB</RAM>
  <DISK>1.46GB</DISK>
</comp>
<comp>
  <id>Comp:18-4-1</id>
  <CPU>0.625Gf</CPU>
  <RAM>0.974GB</RAM>
  <DISK>1.46GB</DISK>
</comp>
<comp>
  <id>Comp:18-4-2</id>
  <CPU>0.625Gf</CPU>
  <RAM>0.974GB</RAM>
  <DISK>1.46GB</DISK>
</comp>
<comp>
  <id>Comp:18-4-3</id>
  <CPU>0.625Gf</CPU>
  <RAM>0.974GB</RAM>
  <DISK>1.46GB</DISK>
</comp>
<comp>
  <id>Comp:18-4-4</id>
  <CPU>0.625Gf</CPU>
  <RAM>0.974GB</RAM>
  <DISK>1.46GB</DISK>
</comp>
<comp>
  <id>Comp:18-4-5</id>
  <CPU>0.625Gf</CPU>
  <RAM>0.974GB</RAM>
  <DISK>1.46GB</DISK>
</comp>
<comp>
  <id>Comp:18-4-6</id>
  <CPU>0.625Gf</CPU>
  <RAM>0.974GB</RAM>
  <DISK>1.46GB</DISK>
</comp>
  <bind>Comp:18-1-0 Appliance-26 0.215MBps 40.9ms</bind>
  <bind>Appliance-26 Comp:18-1-0 0.215MBps 40.9ms</bind>
  <bind>Comp:18-1-1 Appliance-26 0.215MBps 40.9ms</bind>
  <bind>Appliance-26 Comp:18-1-1 0.215MBps 40.9ms</bind>
  <bind>Comp:18-1-2 Appliance-26 0.215MBps 40.9ms</bind>
  <bind>Appliance-26 Comp:18-1-2 0.215MBps 40.9ms</bind>
  <bind>Comp:18-2-0 Comp:18-1-0 0.232MBps 31.1ms</bind>
  <bind>Comp:18-1-0 Comp:18-2-0 0.232MBps 31.1ms</bind>
  <bind>Comp:18-2-1 Comp:18-1-1 0.232MBps 31.1ms</bind>
  <bind>Comp:18-1-1 Comp:18-2-1 0.232MBps 31.1ms</bind>
  <bind>Comp:18-2-2 Comp:18-1-2 0.232MBps 31.1ms</bind>
  <bind>Comp:18-1-2 Comp:18-2-2 0.232MBps 31.1ms</bind>
  <bind>Comp:18-2-3 Comp:18-1-0 0.232MBps 31.1ms</bind>
  <bind>Comp:18-1-0 Comp:18-2-3 0.232MBps 31.1ms</bind>
  <bind>Comp:18-3-0 Comp:18-2-0 0.315MBps 47.1ms</bind>
  <bind>Comp:18-2-0 Comp:18-3-0 0.315MBps 47.1ms</bind>
  <bind>Comp:18-3-1 Comp:18-2-1 0.315MBps 47.1ms</bind>
  <bind>Comp:18-2-1 Comp:18-3-1 0.315MBps 47.1ms</bind>
  <bind>Comp:18-3-2 Comp:18-2-2 0.315MBps 47.1ms</bind>
  <bind>Comp:18-2-2 Comp:18-3-2 0.315MBps 47.1ms</bind>
  <bind>Comp:18-3-3 Comp:18-2-3 0.315MBps 47.1ms</bind>
  <bind>Comp:18-2-3 Comp:18-3-3 0.315MBps 47.1ms</bind>
  <bind>Comp:18-3-4 Comp:18-2-0 0.315MBps 47.1ms</bind>
  <bind>Comp:18-2-0 Comp:18-3-4 0.315MBps 47.1ms</bind>
  <bind>Comp:18-3-0 Comp:18-4-0 0.151MBps 31.5ms</bind>
  <bind>Comp:18-4-0 Comp:18-3-0 0.151MBps 31.5ms</bind>
  <bind>Comp:18-3-1 Comp:18-4-1 0.151MBps 31.5ms</bind>
  <bind>Comp:18-4-1 Comp:18-3-1 0.151MBps 31.5ms</bind>
  <bind>Comp:18-3-2 Comp:18-4-2 0.151MBps 31.5ms</bind>
  <bind>Comp:18-4-2 Comp:18-3-2 0.151MBps 31.5ms</bind>
  <bind>Comp:18-3-3 Comp:18-4-3 0.151MBps 31.5ms</bind>
  <bind>Comp:18-4-3 Comp:18-3-3 0.151MBps 31.5ms</bind>
  <bind>Comp:18-3-4 Comp:18-4-4 0.151MBps 31.5ms</bind>
  <bind>Comp:18-4-4 Comp:18-3-4 0.151MBps 31.5ms</bind>
  <bind>Comp:18-3-0 Comp:18-4-5 0.151MBps 31.5ms</bind>
  <bind>Comp:18-4-5 Comp:18-3-0 0.151MBps 31.5ms</bind>
  <bind>Comp:18-3-1 Comp:18-4-6 0.151MBps 31.5ms</bind>
  <bind>Comp:18-4-6 Comp:18-3-1 0.151MBps 31.5ms</bind>
</app>
<app>
  <id>App19</id>
<comp>
  <id>Comp:19-0-0</id>
  <CPU>0.737Gf</CPU>
  <RAM>0.68GB</RAM>
  <DISK>0.0242GB</DISK>
</comp>
<comp>
  <id>Comp:19-1-0</id>
  <CPU>0.61Gf</CPU>
  <RAM>0.87GB</RAM>
  <DISK>0.246GB</DISK>
</comp>
<comp>
  <id>Comp:19-1-1</id>
  <CPU>0.61Gf</CPU>
  <RAM>0.87GB</RAM>
  <DISK>0.246GB</DISK>
</comp>
<comp>
  <id>Comp:19-2-0</id>
  <CPU>0.833Gf</CPU>
  <RAM>0.466GB</RAM>
  <DISK>1.11GB</DISK>
</comp>
<comp>
  <id>Comp:19-2-1</id>
  <CPU>0.833Gf</CPU>
  <RAM>0.466GB</RAM>
  <DISK>1.11GB</DISK>
</comp>
<comp>
  <id>Comp:19-2-2</id>
  <CPU>0.833Gf</CPU>
  <RAM>0.466GB</RAM>
  <DISK>1.11GB</DISK>
</comp>
<comp>
  <id>Comp:19-2-3</id>
  <CPU>0.833Gf</CPU>
  <RAM>0.466GB</RAM>
  <DISK>1.11GB</DISK>
</comp>
<comp>
  <id>Comp:19-2-4</id>
  <CPU>0.833Gf</CPU>
  <RAM>0.466GB</RAM>
  <DISK>1.11GB</DISK>
</comp>
<comp>
  <id>Comp:19-2-5</id>
  <CPU>0.833Gf</CPU>
  <RAM>0.466GB</RAM>
  <DISK>1.11GB</DISK>
</comp>
<comp>
  <id>Comp:19-2-6</id>
  <CPU>0.833Gf</CPU>
  <RAM>0.466GB</RAM>
  <DISK>1.11GB</DISK>
</comp>
<comp>
  <id>Comp:19-2-7</id>
  <CPU>0.833Gf</CPU>
  <RAM>0.466GB</RAM>
  <DISK>1.11GB</DISK>
</comp>
<comp>
  <id>Comp:19-2-8</id>
  <CPU>0.833Gf</CPU>
  <RAM>0.466GB</RAM>
  <DISK>1.11GB</DISK>
</comp>
<comp>
  <id>Comp:19-3-0</id>
  <CPU>0.631Gf</CPU>
  <RAM>0.301GB</RAM>
  <DISK>0.43GB</DISK>
</comp>
<comp>
  <id>Comp:19-3-1</id>
  <CPU>0.631Gf</CPU>
  <RAM>0.301GB</RAM>
  <DISK>0.43GB</DISK>
</comp>
<comp>
  <id>Comp:19-3-2</id>
  <CPU>0.631Gf</CPU>
  <RAM>0.301GB</RAM>
  <DISK>0.43GB</DISK>
</comp>
<comp>
  <id>Comp:19-3-3</id>
  <CPU>0.631Gf</CPU>
  <RAM>0.301GB</RAM>
  <DISK>0.43GB</DISK>
</comp>
<comp>
  <id>Comp:19-3-4</id>
  <CPU>0.631Gf</CPU>
  <RAM>0.301GB</RAM>
  <DISK>0.43GB</DISK>
</comp>
<comp>
  <id>Comp:19-3-5</id>
  <CPU>0.631Gf</CPU>
  <RAM>0.301GB</RAM>
  <DISK>0.43GB</DISK>
</comp>
<comp>
  <id>Comp:19-3-6</id>
  <CPU>0.631Gf</CPU>
  <RAM>0.301GB</RAM>
  <DISK>0.43GB</DISK>
</comp>
<comp>
  <id>Comp:19-4-0</id>
  <CPU>0.48Gf</CPU>
  <RAM>0.621GB</RAM>
  <DISK>0.902GB</DISK>
</comp>
<comp>
  <id>Comp:19-4-1</id>
  <CPU>0.48Gf</CPU>
  <RAM>0.621GB</RAM>
  <DISK>0.902GB</DISK>
</comp>
<comp>
  <id>Comp:19-5-0</id>
  <CPU>0.531Gf</CPU>
  <RAM>0.92GB</RAM>
  <DISK>1.17GB</DISK>
</comp>
<comp>
  <id>Comp:19-5-1</id>
  <CPU>0.531Gf</CPU>
  <RAM>0.92GB</RAM>
  <DISK>1.17GB</DISK>
</comp>
<comp>
  <id>Comp:19-5-2</id>
  <CPU>0.531Gf</CPU>
  <RAM>0.92GB</RAM>
  <DISK>1.17GB</DISK>
</comp>
  <bind>Comp:19-1-0 Comp:19-0-0 0.102MBps 35.5ms</bind>
  <bind>Comp:19-0-0 Comp:19-1-0 0.102MBps 35.5ms</bind>
  <bind>Comp:19-1-1 Comp:19-0-0 0.102MBps 35.5ms</bind>
  <bind>Comp:19-0-0 Comp:19-1-1 0.102MBps 35.5ms</bind>
  <bind>Comp:19-2-0 Comp:19-1-0 0.126MBps 32.5ms</bind>
  <bind>Comp:19-1-0 Comp:19-2-0 0.126MBps 32.5ms</bind>
  <bind>Comp:19-2-1 Comp:19-1-1 0.126MBps 32.5ms</bind>
  <bind>Comp:19-1-1 Comp:19-2-1 0.126MBps 32.5ms</bind>
  <bind>Comp:19-2-2 Comp:19-1-0 0.126MBps 32.5ms</bind>
  <bind>Comp:19-1-0 Comp:19-2-2 0.126MBps 32.5ms</bind>
  <bind>Comp:19-2-3 Comp:19-1-1 0.126MBps 32.5ms</bind>
  <bind>Comp:19-1-1 Comp:19-2-3 0.126MBps 32.5ms</bind>
  <bind>Comp:19-2-4 Comp:19-1-0 0.126MBps 32.5ms</bind>
  <bind>Comp:19-1-0 Comp:19-2-4 0.126MBps 32.5ms</bind>
  <bind>Comp:19-2-5 Comp:19-1-1 0.126MBps 32.5ms</bind>
  <bind>Comp:19-1-1 Comp:19-2-5 0.126MBps 32.5ms</bind>
  <bind>Comp:19-2-6 Comp:19-1-0 0.126MBps 32.5ms</bind>
  <bind>Comp:19-1-0 Comp:19-2-6 0.126MBps 32.5ms</bind>
  <bind>Comp:19-2-7 Comp:19-1-1 0.126MBps 32.5ms</bind>
  <bind>Comp:19-1-1 Comp:19-2-7 0.126MBps 32.5ms</bind>
  <bind>Comp:19-2-8 Comp:19-1-0 0.126MBps 32.5ms</bind>
  <bind>Comp:19-1-0 Comp:19-2-8 0.126MBps 32.5ms</bind>
  <bind>Comp:19-3-0 Comp:19-2-0 0.186MBps 46.5ms</bind>
  <bind>Comp:19-2-0 Comp:19-3-0 0.186MBps 46.5ms</bind>
  <bind>Comp:19-3-1 Comp:19-2-1 0.186MBps 46.5ms</bind>
  <bind>Comp:19-2-1 Comp:19-3-1 0.186MBps 46.5ms</bind>
  <bind>Comp:19-3-2 Comp:19-2-2 0.186MBps 46.5ms</bind>
  <bind>Comp:19-2-2 Comp:19-3-2 0.186MBps 46.5ms</bind>
  <bind>Comp:19-3-3 Comp:19-2-3 0.186MBps 46.5ms</bind>
  <bind>Comp:19-2-3 Comp:19-3-3 0.186MBps 46.5ms</bind>
  <bind>Comp:19-3-4 Comp:19-2-4 0.186MBps 46.5ms</bind>
  <bind>Comp:19-2-4 Comp:19-3-4 0.186MBps 46.5ms</bind>
  <bind>Comp:19-3-5 Comp:19-2-5 0.186MBps 46.5ms</bind>
  <bind>Comp:19-2-5 Comp:19-3-5 0.186MBps 46.5ms</bind>
  <bind>Comp:19-3-6 Comp:19-2-6 0.186MBps 46.5ms</bind>
  <bind>Comp:19-2-6 Comp:19-3-6 0.186MBps 46.5ms</bind>
  <bind>Comp:19-3-0 Comp:19-2-7 0.186MBps 46.5ms</bind>
  <bind>Comp:19-2-7 Comp:19-3-0 0.186MBps 46.5ms</bind>
  <bind>Comp:19-3-1 Comp:19-2-8 0.186MBps 46.5ms</bind>
  <bind>Comp:19-2-8 Comp:19-3-1 0.186MBps 46.5ms</bind>
  <bind>Comp:19-4-0 Comp:19-3-0 0.0834MBps 37.1ms</bind>
  <bind>Comp:19-3-0 Comp:19-4-0 0.0834MBps 37.1ms</bind>
  <bind>Comp:19-4-1 Comp:19-3-1 0.0834MBps 37.1ms</bind>
  <bind>Comp:19-3-1 Comp:19-4-1 0.0834MBps 37.1ms</bind>
  <bind>Comp:19-4-0 Comp:19-3-2 0.0834MBps 37.1ms</bind>
  <bind>Comp:19-3-2 Comp:19-4-0 0.0834MBps 37.1ms</bind>
  <bind>Comp:19-4-1 Comp:19-3-3 0.0834MBps 37.1ms</bind>
  <bind>Comp:19-3-3 Comp:19-4-1 0.0834MBps 37.1ms</bind>
  <bind>Comp:19-4-0 Comp:19-3-4 0.0834MBps 37.1ms</bind>
  <bind>Comp:19-3-4 Comp:19-4-0 0.0834MBps 37.1ms</bind>
  <bind>Comp:19-4-1 Comp:19-3-5 0.0834MBps 37.1ms</bind>
  <bind>Comp:19-3-5 Comp:19-4-1 0.0834MBps 37.1ms</bind>
  <bind>Comp:19-4-0 Comp:19-3-6 0.0834MBps 37.1ms</bind>
  <bind>Comp:19-3-6 Comp:19-4-0 0.0834MBps 37.1ms</bind>
  <bind>Comp:19-5-0 Comp:19-4-0 0.427MBps 45.3ms</bind>
  <bind>Comp:19-4-0 Comp:19-5-0 0.427MBps 45.3ms</bind>
  <bind>Comp:19-5-1 Comp:19-4-1 0.427MBps 45.3ms</bind>
  <bind>Comp:19-4-1 Comp:19-5-1 0.427MBps 45.3ms</bind>
  <bind>Comp:19-5-2 Comp:19-4-0 0.427MBps 45.3ms</bind>
  <bind>Comp:19-4-0 Comp:19-5-2 0.427MBps 45.3ms</bind>
  <bind>Comp:19-5-0 Appliance-12 0.162MBps 42.6ms</bind>
  <bind>Appliance-12 Comp:19-5-0 0.162MBps 42.6ms</bind>
  <bind>Comp:19-5-1 Appliance-10 0.162MBps 42.6ms</bind>
  <bind>Appliance-10 Comp:19-5-1 0.162MBps 42.6ms</bind>
  <bind>Comp:19-5-2 Appliance-12 0.162MBps 42.6ms</bind>
  <bind>Appliance-12 Comp:19-5-2 0.162MBps 42.6ms</bind>
</app>
<app>
  <id>App2</id>
<comp>
  <id>Comp:2-0-0</id>
  <CPU>0.924Gf</CPU>
  <RAM>0.869GB</RAM>
  <DISK>0.755GB</DISK>
</comp>
<comp>
  <id>Comp:2-0-1</id>
  <CPU>0.924Gf</CPU>
  <RAM>0.869GB</RAM>
  <DISK>0.755GB</DISK>
</comp>
<comp>
  <id>Comp:2-0-2</id>
  <CPU>0.924Gf</CPU>
  <RAM>0.869GB</RAM>
  <DISK>0.755GB</DISK>
</comp>
<comp>
  <id>Comp:2-0-3</id>
  <CPU>0.924Gf</CPU>
  <RAM>0.869GB</RAM>
  <DISK>0.755GB</DISK>
</comp>
<comp>
  <id>Comp:2-0-4</id>
  <CPU>0.924Gf</CPU>
  <RAM>0.869GB</RAM>
  <DISK>0.755GB</DISK>
</comp>
<comp>
  <id>Comp:2-0-5</id>
  <CPU>0.924Gf</CPU>
  <RAM>0.869GB</RAM>
  <DISK>0.755GB</DISK>
</comp>
<comp>
  <id>Comp:2-0-6</id>
  <CPU>0.924Gf</CPU>
  <RAM>0.869GB</RAM>
  <DISK>0.755GB</DISK>
</comp>
<comp>
  <id>Comp:2-0-7</id>
  <CPU>0.924Gf</CPU>
  <RAM>0.869GB</RAM>
  <DISK>0.755GB</DISK>
</comp>
<comp>
  <id>Comp:2-1-0</id>
  <CPU>0.296Gf</CPU>
  <RAM>0.747GB</RAM>
  <DISK>0.19GB</DISK>
</comp>
<comp>
  <id>Comp:2-1-1</id>
  <CPU>0.296Gf</CPU>
  <RAM>0.747GB</RAM>
  <DISK>0.19GB</DISK>
</comp>
<comp>
  <id>Comp:2-1-2</id>
  <CPU>0.296Gf</CPU>
  <RAM>0.747GB</RAM>
  <DISK>0.19GB</DISK>
</comp>
<comp>
  <id>Comp:2-1-3</id>
  <CPU>0.296Gf</CPU>
  <RAM>0.747GB</RAM>
  <DISK>0.19GB</DISK>
</comp>
<comp>
  <id>Comp:2-1-4</id>
  <CPU>0.296Gf</CPU>
  <RAM>0.747GB</RAM>
  <DISK>0.19GB</DISK>
</comp>
<comp>
  <id>Comp:2-1-5</id>
  <CPU>0.296Gf</CPU>
  <RAM>0.747GB</RAM>
  <DISK>0.19GB</DISK>
</comp>
<comp>
  <id>Comp:2-1-6</id>
  <CPU>0.296Gf</CPU>
  <RAM>0.747GB</RAM>
  <DISK>0.19GB</DISK>
</comp>
<comp>
  <id>Comp:2-1-7</id>
  <CPU>0.296Gf</CPU>
  <RAM>0.747GB</RAM>
  <DISK>0.19GB</DISK>
</comp>
<comp>
  <id>Comp:2-1-8</id>
  <CPU>0.296Gf</CPU>
  <RAM>0.747GB</RAM>
  <DISK>0.19GB</DISK>
</comp>
<comp>
  <id>Comp:2-1-9</id>
  <CPU>0.296Gf</CPU>
  <RAM>0.747GB</RAM>
  <DISK>0.19GB</DISK>
</comp>
  <bind>Comp:2-1-0 Comp:2-0-0 0.0123MBps 49.5ms</bind>
  <bind>Comp:2-0-0 Comp:2-1-0 0.0123MBps 49.5ms</bind>
  <bind>Comp:2-1-1 Comp:2-0-1 0.0123MBps 49.5ms</bind>
  <bind>Comp:2-0-1 Comp:2-1-1 0.0123MBps 49.5ms</bind>
  <bind>Comp:2-1-2 Comp:2-0-2 0.0123MBps 49.5ms</bind>
  <bind>Comp:2-0-2 Comp:2-1-2 0.0123MBps 49.5ms</bind>
  <bind>Comp:2-1-3 Comp:2-0-3 0.0123MBps 49.5ms</bind>
  <bind>Comp:2-0-3 Comp:2-1-3 0.0123MBps 49.5ms</bind>
  <bind>Comp:2-1-4 Comp:2-0-4 0.0123MBps 49.5ms</bind>
  <bind>Comp:2-0-4 Comp:2-1-4 0.0123MBps 49.5ms</bind>
  <bind>Comp:2-1-5 Comp:2-0-5 0.0123MBps 49.5ms</bind>
  <bind>Comp:2-0-5 Comp:2-1-5 0.0123MBps 49.5ms</bind>
  <bind>Comp:2-1-6 Comp:2-0-6 0.0123MBps 49.5ms</bind>
  <bind>Comp:2-0-6 Comp:2-1-6 0.0123MBps 49.5ms</bind>
  <bind>Comp:2-1-7 Comp:2-0-7 0.0123MBps 49.5ms</bind>
  <bind>Comp:2-0-7 Comp:2-1-7 0.0123MBps 49.5ms</bind>
  <bind>Comp:2-1-8 Comp:2-0-0 0.0123MBps 49.5ms</bind>
  <bind>Comp:2-0-0 Comp:2-1-8 0.0123MBps 49.5ms</bind>
  <bind>Comp:2-1-9 Comp:2-0-1 0.0123MBps 49.5ms</bind>
  <bind>Comp:2-0-1 Comp:2-1-9 0.0123MBps 49.5ms</bind>
  <bind>Comp:2-1-0 Appliance-36 0.803MBps 43.5ms</bind>
  <bind>Appliance-36 Comp:2-1-0 0.803MBps 43.5ms</bind>
  <bind>Comp:2-1-1 Appliance-36 0.803MBps 43.5ms</bind>
  <bind>Appliance-36 Comp:2-1-1 0.803MBps 43.5ms</bind>
  <bind>Comp:2-1-2 Appliance-31 0.803MBps 43.5ms</bind>
  <bind>Appliance-31 Comp:2-1-2 0.803MBps 43.5ms</bind>
  <bind>Comp:2-1-3 Appliance-34 0.803MBps 43.5ms</bind>
  <bind>Appliance-34 Comp:2-1-3 0.803MBps 43.5ms</bind>
  <bind>Comp:2-1-4 Appliance-36 0.803MBps 43.5ms</bind>
  <bind>Appliance-36 Comp:2-1-4 0.803MBps 43.5ms</bind>
  <bind>Comp:2-1-5 Appliance-36 0.803MBps 43.5ms</bind>
  <bind>Appliance-36 Comp:2-1-5 0.803MBps 43.5ms</bind>
  <bind>Comp:2-1-6 Appliance-31 0.803MBps 43.5ms</bind>
  <bind>Appliance-31 Comp:2-1-6 0.803MBps 43.5ms</bind>
  <bind>Comp:2-1-7 Appliance-34 0.803MBps 43.5ms</bind>
  <bind>Appliance-34 Comp:2-1-7 0.803MBps 43.5ms</bind>
  <bind>Comp:2-1-8 Appliance-36 0.803MBps 43.5ms</bind>
  <bind>Appliance-36 Comp:2-1-8 0.803MBps 43.5ms</bind>
  <bind>Comp:2-1-9 Appliance-36 0.803MBps 43.5ms</bind>
  <bind>Appliance-36 Comp:2-1-9 0.803MBps 43.5ms</bind>
</app>
<app>
  <id>App20</id>
<comp>
  <id>Comp:20-0-0</id>
  <CPU>0.897Gf</CPU>
  <RAM>0.333GB</RAM>
  <DISK>1.91GB</DISK>
</comp>
<comp>
  <id>Comp:20-0-1</id>
  <CPU>0.897Gf</CPU>
  <RAM>0.333GB</RAM>
  <DISK>1.91GB</DISK>
</comp>
<comp>
  <id>Comp:20-0-2</id>
  <CPU>0.897Gf</CPU>
  <RAM>0.333GB</RAM>
  <DISK>1.91GB</DISK>
</comp>
<comp>
  <id>Comp:20-0-3</id>
  <CPU>0.897Gf</CPU>
  <RAM>0.333GB</RAM>
  <DISK>1.91GB</DISK>
</comp>
<comp>
  <id>Comp:20-0-4</id>
  <CPU>0.897Gf</CPU>
  <RAM>0.333GB</RAM>
  <DISK>1.91GB</DISK>
</comp>
<comp>
  <id>Comp:20-0-5</id>
  <CPU>0.897Gf</CPU>
  <RAM>0.333GB</RAM>
  <DISK>1.91GB</DISK>
</comp>
<comp>
  <id>Comp:20-1-0</id>
  <CPU>0.374Gf</CPU>
  <RAM>0.597GB</RAM>
  <DISK>0.0788GB</DISK>
</comp>
<comp>
  <id>Comp:20-1-1</id>
  <CPU>0.374Gf</CPU>
  <RAM>0.597GB</RAM>
  <DISK>0.0788GB</DISK>
</comp>
<comp>
  <id>Comp:20-1-2</id>
  <CPU>0.374Gf</CPU>
  <RAM>0.597GB</RAM>
  <DISK>0.0788GB</DISK>
</comp>
<comp>
  <id>Comp:20-1-3</id>
  <CPU>0.374Gf</CPU>
  <RAM>0.597GB</RAM>
  <DISK>0.0788GB</DISK>
</comp>
<comp>
  <id>Comp:20-1-4</id>
  <CPU>0.374Gf</CPU>
  <RAM>0.597GB</RAM>
  <DISK>0.0788GB</DISK>
</comp>
<comp>
  <id>Comp:20-1-5</id>
  <CPU>0.374Gf</CPU>
  <RAM>0.597GB</RAM>
  <DISK>0.0788GB</DISK>
</comp>
<comp>
  <id>Comp:20-1-6</id>
  <CPU>0.374Gf</CPU>
  <RAM>0.597GB</RAM>
  <DISK>0.0788GB</DISK>
</comp>
<comp>
  <id>Comp:20-1-7</id>
  <CPU>0.374Gf</CPU>
  <RAM>0.597GB</RAM>
  <DISK>0.0788GB</DISK>
</comp>
<comp>
  <id>Comp:20-1-8</id>
  <CPU>0.374Gf</CPU>
  <RAM>0.597GB</RAM>
  <DISK>0.0788GB</DISK>
</comp>
<comp>
  <id>Comp:20-1-9</id>
  <CPU>0.374Gf</CPU>
  <RAM>0.597GB</RAM>
  <DISK>0.0788GB</DISK>
</comp>
<comp>
  <id>Comp:20-2-0</id>
  <CPU>0.744Gf</CPU>
  <RAM>0.769GB</RAM>
  <DISK>1.34GB</DISK>
</comp>
<comp>
  <id>Comp:20-2-1</id>
  <CPU>0.744Gf</CPU>
  <RAM>0.769GB</RAM>
  <DISK>1.34GB</DISK>
</comp>
<comp>
  <id>Comp:20-2-2</id>
  <CPU>0.744Gf</CPU>
  <RAM>0.769GB</RAM>
  <DISK>1.34GB</DISK>
</comp>
<comp>
  <id>Comp:20-2-3</id>
  <CPU>0.744Gf</CPU>
  <RAM>0.769GB</RAM>
  <DISK>1.34GB</DISK>
</comp>
<comp>
  <id>Comp:20-2-4</id>
  <CPU>0.744Gf</CPU>
  <RAM>0.769GB</RAM>
  <DISK>1.34GB</DISK>
</comp>
<comp>
  <id>Comp:20-3-0</id>
  <CPU>0.464Gf</CPU>
  <RAM>0.181GB</RAM>
  <DISK>1.21GB</DISK>
</comp>
<comp>
  <id>Comp:20-3-1</id>
  <CPU>0.464Gf</CPU>
  <RAM>0.181GB</RAM>
  <DISK>1.21GB</DISK>
</comp>
<comp>
  <id>Comp:20-3-2</id>
  <CPU>0.464Gf</CPU>
  <RAM>0.181GB</RAM>
  <DISK>1.21GB</DISK>
</comp>
<comp>
  <id>Comp:20-3-3</id>
  <CPU>0.464Gf</CPU>
  <RAM>0.181GB</RAM>
  <DISK>1.21GB</DISK>
</comp>
<comp>
  <id>Comp:20-3-4</id>
  <CPU>0.464Gf</CPU>
  <RAM>0.181GB</RAM>
  <DISK>1.21GB</DISK>
</comp>
<comp>
  <id>Comp:20-3-5</id>
  <CPU>0.464Gf</CPU>
  <RAM>0.181GB</RAM>
  <DISK>1.21GB</DISK>
</comp>
<comp>
  <id>Comp:20-3-6</id>
  <CPU>0.464Gf</CPU>
  <RAM>0.181GB</RAM>
  <DISK>1.21GB</DISK>
</comp>
<comp>
  <id>Comp:20-4-0</id>
  <CPU>0.877Gf</CPU>
  <RAM>0.747GB</RAM>
  <DISK>1.8GB</DISK>
</comp>
<comp>
  <id>Comp:20-4-1</id>
  <CPU>0.877Gf</CPU>
  <RAM>0.747GB</RAM>
  <DISK>1.8GB</DISK>
</comp>
<comp>
  <id>Comp:20-5-0</id>
  <CPU>0.133Gf</CPU>
  <RAM>0.41GB</RAM>
  <DISK>1.74GB</DISK>
</comp>
<comp>
  <id>Comp:20-5-1</id>
  <CPU>0.133Gf</CPU>
  <RAM>0.41GB</RAM>
  <DISK>1.74GB</DISK>
</comp>
<comp>
  <id>Comp:20-5-2</id>
  <CPU>0.133Gf</CPU>
  <RAM>0.41GB</RAM>
  <DISK>1.74GB</DISK>
</comp>
<comp>
  <id>Comp:20-5-3</id>
  <CPU>0.133Gf</CPU>
  <RAM>0.41GB</RAM>
  <DISK>1.74GB</DISK>
</comp>
<comp>
  <id>Comp:20-5-4</id>
  <CPU>0.133Gf</CPU>
  <RAM>0.41GB</RAM>
  <DISK>1.74GB</DISK>
</comp>
<comp>
  <id>Comp:20-5-5</id>
  <CPU>0.133Gf</CPU>
  <RAM>0.41GB</RAM>
  <DISK>1.74GB</DISK>
</comp>
<comp>
  <id>Comp:20-5-6</id>
  <CPU>0.133Gf</CPU>
  <RAM>0.41GB</RAM>
  <DISK>1.74GB</DISK>
</comp>
<comp>
  <id>Comp:20-5-7</id>
  <CPU>0.133Gf</CPU>
  <RAM>0.41GB</RAM>
  <DISK>1.74GB</DISK>
</comp>
<comp>
  <id>Comp:20-5-8</id>
  <CPU>0.133Gf</CPU>
  <RAM>0.41GB</RAM>
  <DISK>1.74GB</DISK>
</comp>
  <bind>Comp:20-1-0 Comp:20-0-0 0.333MBps 31.7ms</bind>
  <bind>Comp:20-0-0 Comp:20-1-0 0.333MBps 31.7ms</bind>
  <bind>Comp:20-1-1 Comp:20-0-1 0.333MBps 31.7ms</bind>
  <bind>Comp:20-0-1 Comp:20-1-1 0.333MBps 31.7ms</bind>
  <bind>Comp:20-1-2 Comp:20-0-2 0.333MBps 31.7ms</bind>
  <bind>Comp:20-0-2 Comp:20-1-2 0.333MBps 31.7ms</bind>
  <bind>Comp:20-1-3 Comp:20-0-3 0.333MBps 31.7ms</bind>
  <bind>Comp:20-0-3 Comp:20-1-3 0.333MBps 31.7ms</bind>
  <bind>Comp:20-1-4 Comp:20-0-4 0.333MBps 31.7ms</bind>
  <bind>Comp:20-0-4 Comp:20-1-4 0.333MBps 31.7ms</bind>
  <bind>Comp:20-1-5 Comp:20-0-5 0.333MBps 31.7ms</bind>
  <bind>Comp:20-0-5 Comp:20-1-5 0.333MBps 31.7ms</bind>
  <bind>Comp:20-1-6 Comp:20-0-0 0.333MBps 31.7ms</bind>
  <bind>Comp:20-0-0 Comp:20-1-6 0.333MBps 31.7ms</bind>
  <bind>Comp:20-1-7 Comp:20-0-1 0.333MBps 31.7ms</bind>
  <bind>Comp:20-0-1 Comp:20-1-7 0.333MBps 31.7ms</bind>
  <bind>Comp:20-1-8 Comp:20-0-2 0.333MBps 31.7ms</bind>
  <bind>Comp:20-0-2 Comp:20-1-8 0.333MBps 31.7ms</bind>
  <bind>Comp:20-1-9 Comp:20-0-3 0.333MBps 31.7ms</bind>
  <bind>Comp:20-0-3 Comp:20-1-9 0.333MBps 31.7ms</bind>
  <bind>Comp:20-2-0 Comp:20-1-0 0.692MBps 26.6ms</bind>
  <bind>Comp:20-1-0 Comp:20-2-0 0.692MBps 26.6ms</bind>
  <bind>Comp:20-2-1 Comp:20-1-1 0.692MBps 26.6ms</bind>
  <bind>Comp:20-1-1 Comp:20-2-1 0.692MBps 26.6ms</bind>
  <bind>Comp:20-2-2 Comp:20-1-2 0.692MBps 26.6ms</bind>
  <bind>Comp:20-1-2 Comp:20-2-2 0.692MBps 26.6ms</bind>
  <bind>Comp:20-2-3 Comp:20-1-3 0.692MBps 26.6ms</bind>
  <bind>Comp:20-1-3 Comp:20-2-3 0.692MBps 26.6ms</bind>
  <bind>Comp:20-2-4 Comp:20-1-4 0.692MBps 26.6ms</bind>
  <bind>Comp:20-1-4 Comp:20-2-4 0.692MBps 26.6ms</bind>
  <bind>Comp:20-2-0 Comp:20-1-5 0.692MBps 26.6ms</bind>
  <bind>Comp:20-1-5 Comp:20-2-0 0.692MBps 26.6ms</bind>
  <bind>Comp:20-2-1 Comp:20-1-6 0.692MBps 26.6ms</bind>
  <bind>Comp:20-1-6 Comp:20-2-1 0.692MBps 26.6ms</bind>
  <bind>Comp:20-2-2 Comp:20-1-7 0.692MBps 26.6ms</bind>
  <bind>Comp:20-1-7 Comp:20-2-2 0.692MBps 26.6ms</bind>
  <bind>Comp:20-2-3 Comp:20-1-8 0.692MBps 26.6ms</bind>
  <bind>Comp:20-1-8 Comp:20-2-3 0.692MBps 26.6ms</bind>
  <bind>Comp:20-2-4 Comp:20-1-9 0.692MBps 26.6ms</bind>
  <bind>Comp:20-1-9 Comp:20-2-4 0.692MBps 26.6ms</bind>
  <bind>Comp:20-3-0 Comp:20-2-0 0.373MBps 37.1ms</bind>
  <bind>Comp:20-2-0 Comp:20-3-0 0.373MBps 37.1ms</bind>
  <bind>Comp:20-3-1 Comp:20-2-1 0.373MBps 37.1ms</bind>
  <bind>Comp:20-2-1 Comp:20-3-1 0.373MBps 37.1ms</bind>
  <bind>Comp:20-3-2 Comp:20-2-2 0.373MBps 37.1ms</bind>
  <bind>Comp:20-2-2 Comp:20-3-2 0.373MBps 37.1ms</bind>
  <bind>Comp:20-3-3 Comp:20-2-3 0.373MBps 37.1ms</bind>
  <bind>Comp:20-2-3 Comp:20-3-3 0.373MBps 37.1ms</bind>
  <bind>Comp:20-3-4 Comp:20-2-4 0.373MBps 37.1ms</bind>
  <bind>Comp:20-2-4 Comp:20-3-4 0.373MBps 37.1ms</bind>
  <bind>Comp:20-3-5 Comp:20-2-0 0.373MBps 37.1ms</bind>
  <bind>Comp:20-2-0 Comp:20-3-5 0.373MBps 37.1ms</bind>
  <bind>Comp:20-3-6 Comp:20-2-1 0.373MBps 37.1ms</bind>
  <bind>Comp:20-2-1 Comp:20-3-6 0.373MBps 37.1ms</bind>
  <bind>Comp:20-4-0 Comp:20-3-0 0.429MBps 38.0ms</bind>
  <bind>Comp:20-3-0 Comp:20-4-0 0.429MBps 38.0ms</bind>
  <bind>Comp:20-4-1 Comp:20-3-1 0.429MBps 38.0ms</bind>
  <bind>Comp:20-3-1 Comp:20-4-1 0.429MBps 38.0ms</bind>
  <bind>Comp:20-4-0 Comp:20-3-2 0.429MBps 38.0ms</bind>
  <bind>Comp:20-3-2 Comp:20-4-0 0.429MBps 38.0ms</bind>
  <bind>Comp:20-4-1 Comp:20-3-3 0.429MBps 38.0ms</bind>
  <bind>Comp:20-3-3 Comp:20-4-1 0.429MBps 38.0ms</bind>
  <bind>Comp:20-4-0 Comp:20-3-4 0.429MBps 38.0ms</bind>
  <bind>Comp:20-3-4 Comp:20-4-0 0.429MBps 38.0ms</bind>
  <bind>Comp:20-4-1 Comp:20-3-5 0.429MBps 38.0ms</bind>
  <bind>Comp:20-3-5 Comp:20-4-1 0.429MBps 38.0ms</bind>
  <bind>Comp:20-4-0 Comp:20-3-6 0.429MBps 38.0ms</bind>
  <bind>Comp:20-3-6 Comp:20-4-0 0.429MBps 38.0ms</bind>
  <bind>Comp:20-5-0 Comp:20-4-0 0.287MBps 27.3ms</bind>
  <bind>Comp:20-4-0 Comp:20-5-0 0.287MBps 27.3ms</bind>
  <bind>Comp:20-5-1 Comp:20-4-1 0.287MBps 27.3ms</bind>
  <bind>Comp:20-4-1 Comp:20-5-1 0.287MBps 27.3ms</bind>
  <bind>Comp:20-5-2 Comp:20-4-0 0.287MBps 27.3ms</bind>
  <bind>Comp:20-4-0 Comp:20-5-2 0.287MBps 27.3ms</bind>
  <bind>Comp:20-5-3 Comp:20-4-1 0.287MBps 27.3ms</bind>
  <bind>Comp:20-4-1 Comp:20-5-3 0.287MBps 27.3ms</bind>
  <bind>Comp:20-5-4 Comp:20-4-0 0.287MBps 27.3ms</bind>
  <bind>Comp:20-4-0 Comp:20-5-4 0.287MBps 27.3ms</bind>
  <bind>Comp:20-5-5 Comp:20-4-1 0.287MBps 27.3ms</bind>
  <bind>Comp:20-4-1 Comp:20-5-5 0.287MBps 27.3ms</bind>
  <bind>Comp:20-5-6 Comp:20-4-0 0.287MBps 27.3ms</bind>
  <bind>Comp:20-4-0 Comp:20-5-6 0.287MBps 27.3ms</bind>
  <bind>Comp:20-5-7 Comp:20-4-1 0.287MBps 27.3ms</bind>
  <bind>Comp:20-4-1 Comp:20-5-7 0.287MBps 27.3ms</bind>
  <bind>Comp:20-5-8 Comp:20-4-0 0.287MBps 27.3ms</bind>
  <bind>Comp:20-4-0 Comp:20-5-8 0.287MBps 27.3ms</bind>
  <bind>Comp:20-5-0 Appliance-16 0.377MBps 37.0ms</bind>
  <bind>Appliance-16 Comp:20-5-0 0.377MBps 37.0ms</bind>
  <bind>Comp:20-5-1 Appliance-19 0.377MBps 37.0ms</bind>
  <bind>Appliance-19 Comp:20-5-1 0.377MBps 37.0ms</bind>
  <bind>Comp:20-5-2 Appliance-34 0.377MBps 37.0ms</bind>
  <bind>Appliance-34 Comp:20-5-2 0.377MBps 37.0ms</bind>
  <bind>Comp:20-5-3 Appliance-38 0.377MBps 37.0ms</bind>
  <bind>Appliance-38 Comp:20-5-3 0.377MBps 37.0ms</bind>
  <bind>Comp:20-5-4 Appliance-30 0.377MBps 37.0ms</bind>
  <bind>Appliance-30 Comp:20-5-4 0.377MBps 37.0ms</bind>
  <bind>Comp:20-5-5 Appliance-16 0.377MBps 37.0ms</bind>
  <bind>Appliance-16 Comp:20-5-5 0.377MBps 37.0ms</bind>
  <bind>Comp:20-5-6 Appliance-30 0.377MBps 37.0ms</bind>
  <bind>Appliance-30 Comp:20-5-6 0.377MBps 37.0ms</bind>
  <bind>Comp:20-5-7 Appliance-15 0.377MBps 37.0ms</bind>
  <bind>Appliance-15 Comp:20-5-7 0.377MBps 37.0ms</bind>
  <bind>Comp:20-5-8 Appliance-2 0.377MBps 37.0ms</bind>
  <bind>Appliance-2 Comp:20-5-8 0.377MBps 37.0ms</bind>
</app>
</apps>
