<?xml version="1.0"?>
<apps>
<app>
  <id>App1</id>
<comp>
  <id>Comp:1-1-0</id>
  <CPU>0.624Gf</CPU>
  <RAM>0.108GB</RAM>
  <DISK>0.453GB</DISK>
</comp>
<comp>
  <id>Comp:1-2-0</id>
  <CPU>0.427Gf</CPU>
  <RAM>0.883GB</RAM>
  <DISK>1.54GB</DISK>
</comp>
<comp>
  <id>Comp:1-2-1</id>
  <CPU>0.427Gf</CPU>
  <RAM>0.883GB</RAM>
  <DISK>1.54GB</DISK>
</comp>
<comp>
  <id>Comp:1-2-2</id>
  <CPU>0.427Gf</CPU>
  <RAM>0.883GB</RAM>
  <DISK>1.54GB</DISK>
</comp>
<comp>
  <id>Comp:1-2-3</id>
  <CPU>0.427Gf</CPU>
  <RAM>0.883GB</RAM>
  <DISK>1.54GB</DISK>
</comp>
<comp>
  <id>Comp:1-2-4</id>
  <CPU>0.427Gf</CPU>
  <RAM>0.883GB</RAM>
  <DISK>1.54GB</DISK>
</comp>
<comp>
  <id>Comp:1-3-0</id>
  <CPU>0.222Gf</CPU>
  <RAM>0.247GB</RAM>
  <DISK>1.23GB</DISK>
</comp>
<comp>
  <id>Comp:1-3-1</id>
  <CPU>0.222Gf</CPU>
  <RAM>0.247GB</RAM>
  <DISK>1.23GB</DISK>
</comp>
<comp>
  <id>Comp:1-3-2</id>
  <CPU>0.222Gf</CPU>
  <RAM>0.247GB</RAM>
  <DISK>1.23GB</DISK>
</comp>
<comp>
  <id>Comp:1-4-0</id>
  <CPU>0.708Gf</CPU>
  <RAM>0.605GB</RAM>
  <DISK>1.11GB</DISK>
</comp>
<comp>
  <id>Comp:1-4-1</id>
  <CPU>0.708Gf</CPU>
  <RAM>0.605GB</RAM>
  <DISK>1.11GB</DISK>
</comp>
<comp>
  <id>Comp:1-5-0</id>
  <CPU>0.926Gf</CPU>
  <RAM>0.895GB</RAM>
  <DISK>1.56GB</DISK>
</comp>
<comp>
  <id>Comp:1-5-1</id>
  <CPU>0.926Gf</CPU>
  <RAM>0.895GB</RAM>
  <DISK>1.56GB</DISK>
</comp>
<comp>
  <id>Comp:1-5-2</id>
  <CPU>0.926Gf</CPU>
  <RAM>0.895GB</RAM>
  <DISK>1.56GB</DISK>
</comp>
<comp>
  <id>Comp:1-5-3</id>
  <CPU>0.926Gf</CPU>
  <RAM>0.895GB</RAM>
  <DISK>1.56GB</DISK>
</comp>
<comp>
  <id>Comp:1-5-4</id>
  <CPU>0.926Gf</CPU>
  <RAM>0.895GB</RAM>
  <DISK>1.56GB</DISK>
</comp>
<comp>
  <id>Comp:1-6-0</id>
  <CPU>0.293Gf</CPU>
  <RAM>0.436GB</RAM>
  <DISK>0.34GB</DISK>
</comp>
<comp>
  <id>Comp:1-6-1</id>
  <CPU>0.293Gf</CPU>
  <RAM>0.436GB</RAM>
  <DISK>0.34GB</DISK>
</comp>
<comp>
  <id>Comp:1-6-2</id>
  <CPU>0.293Gf</CPU>
  <RAM>0.436GB</RAM>
  <DISK>0.34GB</DISK>
</comp>
<comp>
  <id>Comp:1-6-3</id>
  <CPU>0.293Gf</CPU>
  <RAM>0.436GB</RAM>
  <DISK>0.34GB</DISK>
</comp>
<comp>
  <id>Comp:1-6-4</id>
  <CPU>0.293Gf</CPU>
  <RAM>0.436GB</RAM>
  <DISK>0.34GB</DISK>
</comp>
<comp>
  <id>Comp:1-6-5</id>
  <CPU>0.293Gf</CPU>
  <RAM>0.436GB</RAM>
  <DISK>0.34GB</DISK>
</comp>
<comp>
  <id>Comp:1-6-6</id>
  <CPU>0.293Gf</CPU>
  <RAM>0.436GB</RAM>
  <DISK>0.34GB</DISK>
</comp>
  <bind>Comp:1-1-0 Appliance-8 0.964MBps 35.3ms</bind>
  <bind>Appliance-8 Comp:1-1-0 0.964MBps 35.3ms</bind>
  <bind>Comp:1-1-0 Appliance-25 0.964MBps 35.3ms</bind>
  <bind>Appliance-25 Comp:1-1-0 0.964MBps 35.3ms</bind>
  <bind>Comp:1-1-0 Appliance-25 0.964MBps 35.3ms</bind>
  <bind>Appliance-25 Comp:1-1-0 0.964MBps 35.3ms</bind>
  <bind>Comp:1-1-0 Appliance-18 0.964MBps 35.3ms</bind>
  <bind>Appliance-18 Comp:1-1-0 0.964MBps 35.3ms</bind>
  <bind>Comp:1-1-0 Appliance-37 0.964MBps 35.3ms</bind>
  <bind>Appliance-37 Comp:1-1-0 0.964MBps 35.3ms</bind>
  <bind>Comp:1-1-0 Appliance-29 0.964MBps 35.3ms</bind>
  <bind>Appliance-29 Comp:1-1-0 0.964MBps 35.3ms</bind>
  <bind>Comp:1-2-0 Comp:1-1-0 0.0393MBps 30.8ms</bind>
  <bind>Comp:1-1-0 Comp:1-2-0 0.0393MBps 30.8ms</bind>
  <bind>Comp:1-2-1 Comp:1-1-0 0.0393MBps 30.8ms</bind>
  <bind>Comp:1-1-0 Comp:1-2-1 0.0393MBps 30.8ms</bind>
  <bind>Comp:1-2-2 Comp:1-1-0 0.0393MBps 30.8ms</bind>
  <bind>Comp:1-1-0 Comp:1-2-2 0.0393MBps 30.8ms</bind>
  <bind>Comp:1-2-3 Comp:1-1-0 0.0393MBps 30.8ms</bind>
  <bind>Comp:1-1-0 Comp:1-2-3 0.0393MBps 30.8ms</bind>
  <bind>Comp:1-2-4 Comp:1-1-0 0.0393MBps 30.8ms</bind>
  <bind>Comp:1-1-0 Comp:1-2-4 0.0393MBps 30.8ms</bind>
  <bind>Comp:1-3-0 Comp:1-2-0 0.4MBps 45.2ms</bind>
  <bind>Comp:1-2-0 Comp:1-3-0 0.4MBps 45.2ms</bind>
  <bind>Comp:1-3-1 Comp:1-2-1 0.4MBps 45.2ms</bind>
  <bind>Comp:1-2-1 Comp:1-3-1 0.4MBps 45.2ms</bind>
  <bind>Comp:1-3-2 Comp:1-2-2 0.4MBps 45.2ms</bind>
  <bind>Comp:1-2-2 Comp:1-3-2 0.4MBps 45.2ms</bind>
  <bind>Comp:1-3-0 Comp:1-2-3 0.4MBps 45.2ms</bind>
  <bind>Comp:1-2-3 Comp:1-3-0 0.4MBps 45.2ms</bind>
  <bind>Comp:1-3-1 Comp:1-2-4 0.4MBps 45.2ms</bind>
  <bind>Comp:1-2-4 Comp:1-3-1 0.4MBps 45.2ms</bind>
  <bind>Comp:1-4-0 Comp:1-3-0 0.115MBps 35.9ms</bind>
  <bind>Comp:1-3-0 Comp:1-4-0 0.115MBps 35.9ms</bind>
  <bind>Comp:1-4-1 Comp:1-3-1 0.115MBps 35.9ms</bind>
  <bind>Comp:1-3-1 Comp:1-4-1 0.115MBps 35.9ms</bind>
  <bind>Comp:1-4-0 Comp:1-3-2 0.115MBps 35.9ms</bind>
  <bind>Comp:1-3-2 Comp:1-4-0 0.115MBps 35.9ms</bind>
  <bind>Comp:1-5-0 Comp:1-4-0 0.402MBps 32.5ms</bind>
  <bind>Comp:1-4-0 Comp:1-5-0 0.402MBps 32.5ms</bind>
  <bind>Comp:1-5-1 Comp:1-4-1 0.402MBps 32.5ms</bind>
  <bind>Comp:1-4-1 Comp:1-5-1 0.402MBps 32.5ms</bind>
  <bind>Comp:1-5-2 Comp:1-4-0 0.402MBps 32.5ms</bind>
  <bind>Comp:1-4-0 Comp:1-5-2 0.402MBps 32.5ms</bind>
  <bind>Comp:1-5-3 Comp:1-4-1 0.402MBps 32.5ms</bind>
  <bind>Comp:1-4-1 Comp:1-5-3 0.402MBps 32.5ms</bind>
  <bind>Comp:1-5-4 Comp:1-4-0 0.402MBps 32.5ms</bind>
  <bind>Comp:1-4-0 Comp:1-5-4 0.402MBps 32.5ms</bind>
  <bind>Comp:1-5-0 Comp:1-6-0 0.239MBps 37.0ms</bind>
  <bind>Comp:1-6-0 Comp:1-5-0 0.239MBps 37.0ms</bind>
  <bind>Comp:1-5-1 Comp:1-6-1 0.239MBps 37.0ms</bind>
  <bind>Comp:1-6-1 Comp:1-5-1 0.239MBps 37.0ms</bind>
  <bind>Comp:1-5-2 Comp:1-6-2 0.239MBps 37.0ms</bind>
  <bind>Comp:1-6-2 Comp:1-5-2 0.239MBps 37.0ms</bind>
  <bind>Comp:1-5-3 Comp:1-6-3 0.239MBps 37.0ms</bind>
  <bind>Comp:1-6-3 Comp:1-5-3 0.239MBps 37.0ms</bind>
  <bind>Comp:1-5-4 Comp:1-6-4 0.239MBps 37.0ms</bind>
  <bind>Comp:1-6-4 Comp:1-5-4 0.239MBps 37.0ms</bind>
  <bind>Comp:1-5-0 Comp:1-6-5 0.239MBps 37.0ms</bind>
  <bind>Comp:1-6-5 Comp:1-5-0 0.239MBps 37.0ms</bind>
  <bind>Comp:1-5-1 Comp:1-6-6 0.239MBps 37.0ms</bind>
  <bind>Comp:1-6-6 Comp:1-5-1 0.239MBps 37.0ms</bind>
</app>
<app>
  <id>App10</id>
<comp>
  <id>Comp:10-1-0</id>
  <CPU>0.136Gf</CPU>
  <RAM>0.343GB</RAM>
  <DISK>0.172GB</DISK>
</comp>
<comp>
  <id>Comp:10-1-1</id>
  <CPU>0.136Gf</CPU>
  <RAM>0.343GB</RAM>
  <DISK>0.172GB</DISK>
</comp>
<comp>
  <id>Comp:10-1-2</id>
  <CPU>0.136Gf</CPU>
  <RAM>0.343GB</RAM>
  <DISK>0.172GB</DISK>
</comp>
<comp>
  <id>Comp:10-1-3</id>
  <CPU>0.136Gf</CPU>
  <RAM>0.343GB</RAM>
  <DISK>0.172GB</DISK>
</comp>
<comp>
  <id>Comp:10-2-0</id>
  <CPU>0.178Gf</CPU>
  <RAM>0.621GB</RAM>
  <DISK>1.74GB</DISK>
</comp>
<comp>
  <id>Comp:10-2-1</id>
  <CPU>0.178Gf</CPU>
  <RAM>0.621GB</RAM>
  <DISK>1.74GB</DISK>
</comp>
<comp>
  <id>Comp:10-3-0</id>
  <CPU>0.792Gf</CPU>
  <RAM>0.287GB</RAM>
  <DISK>0.551GB</DISK>
</comp>
<comp>
  <id>Comp:10-3-1</id>
  <CPU>0.792Gf</CPU>
  <RAM>0.287GB</RAM>
  <DISK>0.551GB</DISK>
</comp>
<comp>
  <id>Comp:10-3-2</id>
  <CPU>0.792Gf</CPU>
  <RAM>0.287GB</RAM>
  <DISK>0.551GB</DISK>
</comp>
<comp>
  <id>Comp:10-3-3</id>
  <CPU>0.792Gf</CPU>
  <RAM>0.287GB</RAM>
  <DISK>0.551GB</DISK>
</comp>
<comp>
  <id>Comp:10-3-4</id>
  <CPU>0.792Gf</CPU>
  <RAM>0.287GB</RAM>
  <DISK>0.551GB</DISK>
</comp>
<comp>
  <id>Comp:10-3-5</id>
  <CPU>0.792Gf</CPU>
  <RAM>0.287GB</RAM>
  <DISK>0.551GB</DISK>
</comp>
<comp>
  <id>Comp:10-4-0</id>
  <CPU>0.651Gf</CPU>
  <RAM>0.783GB</RAM>
  <DISK>1.65GB</DISK>
</comp>
<comp>
  <id>Comp:10-4-1</id>
  <CPU>0.651Gf</CPU>
  <RAM>0.783GB</RAM>
  <DISK>1.65GB</DISK>
</comp>
<comp>
  <id>Comp:10-4-2</id>
  <CPU>0.651Gf</CPU>
  <RAM>0.783GB</RAM>
  <DISK>1.65GB</DISK>
</comp>
<comp>
  <id>Comp:10-4-3</id>
  <CPU>0.651Gf</CPU>
  <RAM>0.783GB</RAM>
  <DISK>1.65GB</DISK>
</comp>
<comp>
  <id>Comp:10-4-4</id>
  <CPU>0.651Gf</CPU>
  <RAM>0.783GB</RAM>
  <DISK>1.65GB</DISK>
</comp>
<comp>
  <id>Comp:10-4-5</id>
  <CPU>0.651Gf</CPU>
  <RAM>0.783GB</RAM>
  <DISK>1.65GB</DISK>
</comp>
<comp>
  <id>Comp:10-4-6</id>
  <CPU>0.651Gf</CPU>
  <RAM>0.783GB</RAM>
  <DISK>1.65GB</DISK>
</comp>
<comp>
  <id>Comp:10-4-7</id>
  <CPU>0.651Gf</CPU>
  <RAM>0.783GB</RAM>
  <DISK>1.65GB</DISK>
</comp>
<comp>
  <id>Comp:10-4-8</id>
  <CPU>0.651Gf</CPU>
  <RAM>0.783GB</RAM>
  <DISK>1.65GB</DISK>
</comp>
  <bind>Comp:10-1-0 Appliance-36 0.646MBps 26.1ms</bind>
  <bind>Appliance-36 Comp:10-1-0 0.646MBps 26.1ms</bind>
  <bind>Comp:10-1-1 Appliance-28 0.646MBps 26.1ms</bind>
  <bind>Appliance-28 Comp:10-1-1 0.646MBps 26.1ms</bind>
  <bind>Comp:10-1-2 Appliance-19 0.646MBps 26.1ms</bind>
  <bind>Appliance-19 Comp:10-1-2 0.646MBps 26.1ms</bind>
  <bind>Comp:10-1-3 Appliance-2 0.646MBps 26.1ms</bind>
  <bind>Appliance-2 Comp:10-1-3 0.646MBps 26.1ms</bind>
  <bind>Comp:10-1-0 Appliance-31 0.646MBps 26.1ms</bind>
  <bind>Appliance-31 Comp:10-1-0 0.646MBps 26.1ms</bind>
  <bind>Comp:10-1-1 Appliance-20 0.646MBps 26.1ms</bind>
  <bind>Appliance-20 Comp:10-1-1 0.646MBps 26.1ms</bind>
  <bind>Comp:10-1-2 Appliance-19 0.646MBps 26.1ms</bind>
  <bind>Appliance-19 Comp:10-1-2 0.646MBps 26.1ms</bind>
  <bind>Comp:10-1-3 Appliance-30 0.646MBps 26.1ms</bind>
  <bind>Appliance-30 Comp:10-1-3 0.646MBps 26.1ms</bind>
  <bind>Comp:10-1-0 Appliance-16 0.646MBps 26.1ms</bind>
  <bind>Appliance-16 Comp:10-1-0 0.646MBps 26.1ms</bind>
  <bind>Comp:10-1-1 Appliance-20 0.646MBps 26.1ms</bind>
  <bind>Appliance-20 Comp:10-1-1 0.646MBps 26.1ms</bind>
  <bind>Comp:10-2-0 Comp:10-1-0 0.236MBps 26.1ms</bind>
  <bind>Comp:10-1-0 Comp:10-2-0 0.236MBps 26.1ms</bind>
  <bind>Comp:10-2-1 Comp:10-1-1 0.236MBps 26.1ms</bind>
  <bind>Comp:10-1-1 Comp:10-2-1 0.236MBps 26.1ms</bind>
  <bind>Comp:10-2-0 Comp:10-1-2 0.236MBps 26.1ms</bind>
  <bind>Comp:10-1-2 Comp:10-2-0 0.236MBps 26.1ms</bind>
  <bind>Comp:10-2-1 Comp:10-1-3 0.236MBps 26.1ms</bind>
  <bind>Comp:10-1-3 Comp:10-2-1 0.236MBps 26.1ms</bind>
  <bind>Comp:10-3-0 Comp:10-2-0 0.496MBps 43.4ms</bind>
  <bind>Comp:10-2-0 Comp:10-3-0 0.496MBps 43.4ms</bind>
  <bind>Comp:10-3-1 Comp:10-2-1 0.496MBps 43.4ms</bind>
  <bind>Comp:10-2-1 Comp:10-3-1 0.496MBps 43.4ms</bind>
  <bind>Comp:10-3-2 Comp:10-2-0 0.496MBps 43.4ms</bind>
  <bind>Comp:10-2-0 Comp:10-3-2 0.496MBps 43.4ms</bind>
  <bind>Comp:10-3-3 Comp:10-2-1 0.496MBps 43.4ms</bind>
  <bind>Comp:10-2-1 Comp:10-3-3 0.496MBps 43.4ms</bind>
  <bind>Comp:10-3-4 Comp:10-2-0 0.496MBps 43.4ms</bind>
  <bind>Comp:10-2-0 Comp:10-3-4 0.496MBps 43.4ms</bind>
  <bind>Comp:10-3-5 Comp:10-2-1 0.496MBps 43.4ms</bind>
  <bind>Comp:10-2-1 Comp:10-3-5 0.496MBps 43.4ms</bind>
  <bind>Comp:10-4-0 Comp:10-3-0 0.782MBps 40.2ms</bind>
  <bind>Comp:10-3-0 Comp:10-4-0 0.782MBps 40.2ms</bind>
  <bind>Comp:10-4-1 Comp:10-3-1 0.782MBps 40.2ms</bind>
  <bind>Comp:10-3-1 Comp:10-4-1 0.782MBps 40.2ms</bind>
  <bind>Comp:10-4-2 Comp:10-3-2 0.782MBps 40.2ms</bind>
  <bind>Comp:10-3-2 Comp:10-4-2 0.782MBps 40.2ms</bind>
  <bind>Comp:10-4-3 Comp:10-3-3 0.782MBps 40.2ms</bind>
  <bind>Comp:10-3-3 Comp:10-4-3 0.782MBps 40.2ms</bind>
  <bind>Comp:10-4-4 Comp:10-3-4 0.782MBps 40.2ms</bind>
  <bind>Comp:10-3-4 Comp:10-4-4 0.782MBps 40.2ms</bind>
  <bind>Comp:10-4-5 Comp:10-3-5 0.782MBps 40.2ms</bind>
  <bind>Comp:10-3-5 Comp:10-4-5 0.782MBps 40.2ms</bind>
  <bind>Comp:10-4-6 Comp:10-3-0 0.782MBps 40.2ms</bind>
  <bind>Comp:10-3-0 Comp:10-4-6 0.782MBps 40.2ms</bind>
  <bind>Comp:10-4-7 Comp:10-3-1 0.782MBps 40.2ms</bind>
  <bind>Comp:10-3-1 Comp:10-4-7 0.782MBps 40.2ms</bind>
  <bind>Comp:10-4-8 Comp:10-3-2 0.782MBps 40.2ms</bind>
  <bind>Comp:10-3-2 Comp:10-4-8 0.782MBps 40.2ms</bind>
  <bind>Comp:10-4-0 Appliance-33 0.31MBps 49.0ms</bind>
  <bind>Appliance-33 Comp:10-4-0 0.31MBps 49.0ms</bind>
  <bind>Comp:10-4-1 Appliance-33 0.31MBps 49.0ms</bind>
  <bind>Appliance-33 Comp:10-4-1 0.31MBps 49.0ms</bind>
  <bind>Comp:10-4-2 Appliance-28 0.31MBps 49.0ms</bind>
  <bind>Appliance-28 Comp:10-4-2 0.31MBps 49.0ms</bind>
  <bind>Comp:10-4-3 Appliance-34 0.31MBps 49.0ms</bind>
  <bind>Appliance-34 Comp:10-4-3 0.31MBps 49.0ms</bind>
  <bind>Comp:10-4-4 Appliance-26 0.31MBps 49.0ms</bind>
  <bind>Appliance-26 Comp:10-4-4 0.31MBps 49.0ms</bind>
  <bind>Comp:10-4-5 Appliance-36 0.31MBps 49.0ms</bind>
  <bind>Appliance-36 Comp:10-4-5 0.31MBps 49.0ms</bind>
  <bind>Comp:10-4-6 Appliance-33 0.31MBps 49.0ms</bind>
  <bind>Appliance-33 Comp:10-4-6 0.31MBps 49.0ms</bind>
  <bind>Comp:10-4-7 Appliance-33 0.31MBps 49.0ms</bind>
  <bind>Appliance-33 Comp:10-4-7 0.31MBps 49.0ms</bind>
  <bind>Comp:10-4-8 Appliance-28 0.31MBps 49.0ms</bind>
  <bind>Appliance-28 Comp:10-4-8 0.31MBps 49.0ms</bind>
</app>
<app>
  <id>App11</id>
<comp>
  <id>Comp:11-1-0</id>
  <CPU>0.365Gf</CPU>
  <RAM>0.551GB</RAM>
  <DISK>0.645GB</DISK>
</comp>
<comp>
  <id>Comp:11-1-1</id>
  <CPU>0.365Gf</CPU>
  <RAM>0.551GB</RAM>
  <DISK>0.645GB</DISK>
</comp>
<comp>
  <id>Comp:11-1-2</id>
  <CPU>0.365Gf</CPU>
  <RAM>0.551GB</RAM>
  <DISK>0.645GB</DISK>
</comp>
<comp>
  <id>Comp:11-1-3</id>
  <CPU>0.365Gf</CPU>
  <RAM>0.551GB</RAM>
  <DISK>0.645GB</DISK>
</comp>
<comp>
  <id>Comp:11-1-4</id>
  <CPU>0.365Gf</CPU>
  <RAM>0.551GB</RAM>
  <DISK>0.645GB</DISK>
</comp>
<comp>
  <id>Comp:11-1-5</id>
  <CPU>0.365Gf</CPU>
  <RAM>0.551GB</RAM>
  <DISK>0.645GB</DISK>
</comp>
<comp>
  <id>Comp:11-1-6</id>
  <CPU>0.365Gf</CPU>
  <RAM>0.551GB</RAM>
  <DISK>0.645GB</DISK>
</comp>
<comp>
  <id>Comp:11-1-7</id>
  <CPU>0.365Gf</CPU>
  <RAM>0.551GB</RAM>
  <DISK>0.645GB</DISK>
</comp>
<comp>
  <id>Comp:11-1-8</id>
  <CPU>0.365Gf</CPU>
  <RAM>0.551GB</RAM>
  <DISK>0.645GB</DISK>
</comp>
<comp>
  <id>Comp:11-2-0</id>
  <CPU>0.146Gf</CPU>
  <RAM>0.673GB</RAM>
  <DISK>0.515GB</DISK>
</comp>
<comp>
  <id>Comp:11-2-1</id>
  <CPU>0.146Gf</CPU>
  <RAM>0.673GB</RAM>
  <DISK>0.515GB</DISK>
</comp>
<comp>
  <id>Comp:11-2-2</id>
  <CPU>0.146Gf</CPU>
  <RAM>0.673GB</RAM>
  <DISK>0.515GB</DISK>
</comp>
  <bind>Comp:11-1-0 Appliance-39 0.401MBps 37.0ms</bind>
  <bind>Appliance-39 Comp:11-1-0 0.401MBps 37.0ms</bind>
  <bind>Comp:11-1-1 Appliance-10 0.401MBps 37.0ms</bind>
  <bind>Appliance-10 Comp:11-1-1 0.401MBps 37.0ms</bind>
  <bind>Comp:11-1-2 Appliance-39 0.401MBps 37.0ms</bind>
  <bind>Appliance-39 Comp:11-1-2 0.401MBps 37.0ms</bind>
  <bind>Comp:11-1-3 Appliance-10 0.401MBps 37.0ms</bind>
  <bind>Appliance-10 Comp:11-1-3 0.401MBps 37.0ms</bind>
  <bind>Comp:11-1-4 Appliance-39 0.401MBps 37.0ms</bind>
  <bind>Appliance-39 Comp:11-1-4 0.401MBps 37.0ms</bind>
  <bind>Comp:11-1-5 Appliance-10 0.401MBps 37.0ms</bind>
  <bind>Appliance-10 Comp:11-1-5 0.401MBps 37.0ms</bind>
  <bind>Comp:11-1-6 Appliance-39 0.401MBps 37.0ms</bind>
  <bind>Appliance-39 Comp:11-1-6 0.401MBps 37.0ms</bind>
  <bind>Comp:11-1-7 Appliance-10 0.401MBps 37.0ms</bind>
  <bind>Appliance-10 Comp:11-1-7 0.401MBps 37.0ms</bind>
  <bind>Comp:11-1-8 Appliance-39 0.401MBps 37.0ms</bind>
  <bind>Appliance-39 Comp:11-1-8 0.401MBps 37.0ms</bind>
  <bind>Comp:11-1-0 Comp:11-2-0 0.577MBps 43.3ms</bind>
  <bind>Comp:11-2-0 Comp:11-1-0 0.577MBps 43.3ms</bind>
  <bind>Comp:11-1-1 Comp:11-2-1 0.577MBps 43.3ms</bind>
  <bind>Comp:11-2-1 Comp:11-1-1 0.577MBps 43.3ms</bind>
  <bind>Comp:11-1-2 Comp:11-2-2 0.577MBps 43.3ms</bind>
  <bind>Comp:11-2-2 Comp:11-1-2 0.577MBps 43.3ms</bind>
  <bind>Comp:11-1-3 Comp:11-2-0 0.577MBps 43.3ms</bind>
  <bind>Comp:11-2-0 Comp:11-1-3 0.577MBps 43.3ms</bind>
  <bind>Comp:11-1-4 Comp:11-2-1 0.577MBps 43.3ms</bind>
  <bind>Comp:11-2-1 Comp:11-1-4 0.577MBps 43.3ms</bind>
  <bind>Comp:11-1-5 Comp:11-2-2 0.577MBps 43.3ms</bind>
  <bind>Comp:11-2-2 Comp:11-1-5 0.577MBps 43.3ms</bind>
  <bind>Comp:11-1-6 Comp:11-2-0 0.577MBps 43.3ms</bind>
  <bind>Comp:11-2-0 Comp:11-1-6 0.577MBps 43.3ms</bind>
  <bind>Comp:11-1-7 Comp:11-2-1 0.577MBps 43.3ms</bind>
  <bind>Comp:11-2-1 Comp:11-1-7 0.577MBps 43.3ms</bind>
  <bind>Comp:11-1-8 Comp:11-2-2 0.577MBps 43.3ms</bind>
  <bind>Comp:11-2-2 Comp:11-1-8 0.577MBps 43.3ms</bind>
</app>
<app>
  <id>App12</id>
<comp>
  <id>Comp:12-0-0</id>
  <CPU>0.675Gf</CPU>
  <RAM>0.909GB</RAM>
  <DISK>0.663GB</DISK>
</comp>
<comp>
  <id>Comp:12-0-1</id>
  <CPU>0.675Gf</CPU>
  <RAM>0.909GB</RAM>
  <DISK>0.663GB</DISK>
</comp>
<comp>
  <id>Comp:12-1-0</id>
  <CPU>0.655Gf</CPU>
  <RAM>0.147GB</RAM>
  <DISK>1.9GB</DISK>
</comp>
<comp>
  <id>Comp:12-1-1</id>
  <CPU>0.655Gf</CPU>
  <RAM>0.147GB</RAM>
  <DISK>1.9GB</DISK>
</comp>
<comp>
  <id>Comp:12-1-2</id>
  <CPU>0.655Gf</CPU>
  <RAM>0.147GB</RAM>
  <DISK>1.9GB</DISK>
</comp>
<comp>
  <id>Comp:12-1-3</id>
  <CPU>0.655Gf</CPU>
  <RAM>0.147GB</RAM>
  <DISK>1.9GB</DISK>
</comp>
<comp>
  <id>Comp:12-1-4</id>
  <CPU>0.655Gf</CPU>
  <RAM>0.147GB</RAM>
  <DISK>1.9GB</DISK>
</comp>
<comp>
  <id>Comp:12-2-0</id>
  <CPU>0.876Gf</CPU>
  <RAM>0.836GB</RAM>
  <DISK>1.4GB</DISK>
</comp>
<comp>
  <id>Comp:12-2-1</id>
  <CPU>0.876Gf</CPU>
  <RAM>0.836GB</RAM>
  <DISK>1.4GB</DISK>
</comp>
<comp>
  <id>Comp:12-2-2</id>
  <CPU>0.876Gf</CPU>
  <RAM>0.836GB</RAM>
  <DISK>1.4GB</DISK>
</comp>
<comp>
  <id>Comp:12-2-3</id>
  <CPU>0.876Gf</CPU>
  <RAM>0.836GB</RAM>
  <DISK>1.4GB</DISK>
</comp>
<comp>
  <id>Comp:12-2-4</id>
  <CPU>0.876Gf</CPU>
  <RAM>0.836GB</RAM>
  <DISK>1.4GB</DISK>
</comp>
<comp>
  <id>Comp:12-2-5</id>
  <CPU>0.876Gf</CPU>
  <RAM>0.836GB</RAM>
  <DISK>1.4GB</DISK>
</comp>
<comp>
  <id>Comp:12-2-6</id>
  <CPU>0.876Gf</CPU>
  <RAM>0.836GB</RAM>
  <DISK>1.4GB</DISK>
</comp>
<comp>
  <id>Comp:12-2-7</id>
  <CPU>0.876Gf</CPU>
  <RAM>0.836GB</RAM>
  <DISK>1.4GB</DISK>
</comp>
<comp>
  <id>Comp:12-2-8</id>
  <CPU>0.876Gf</CPU>
  <RAM>0.836GB</RAM>
  <DISK>1.4GB</DISK>
</comp>
  <bind>Comp:12-1-0 Comp:12-0-0 0.337MBps 37.8ms</bind>
  <bind>Comp:12-0-0 Comp:12-1-0 0.337MBps 37.8ms</bind>
  <bind>Comp:12-1-1 Comp:12-0-1 0.337MBps 37.8ms</bind>
  <bind>Comp:12-0-1 Comp:12-1-1 0.337MBps 37.8ms</bind>
  <bind>Comp:12-1-2 Comp:12-0-0 0.337MBps 37.8ms</bind>
  <bind>Comp:12-0-0 Comp:12-1-2 0.337MBps 37.8ms</bind>
  <bind>Comp:12-1-3 Comp:12-0-1 0.337MBps 37.8ms</bind>
  <bind>Comp:12-0-1 Comp:12-1-3 0.337MBps 37.8ms</bind>
  <bind>Comp:12-1-4 Comp:12-0-0 0.337MBps 37.8ms</bind>
  <bind>Comp:12-0-0 Comp:12-1-4 0.337MBps 37.8ms</bind>
  <bind>Comp:12-2-0 Comp:12-1-0 0.381MBps 38.8ms</bind>
  <bind>Comp:12-1-0 Comp:12-2-0 0.381MBps 38.8ms</bind>
  <bind>Comp:12-2-1 Comp:12-1-1 0.381MBps 38.8ms</bind>
  <bind>Comp:12-1-1 Comp:12-2-1 0.381MBps 38.8ms</bind>
  <bind>Comp:12-2-2 Comp:12-1-2 0.381MBps 38.8ms</bind>
  <bind>Comp:12-1-2 Comp:12-2-2 0.381MBps 38.8ms</bind>
  <bind>Comp:12-2-3 Comp:12-1-3 0.381MBps 38.8ms</bind>
  <bind>Comp:12-1-3 Comp:12-2-3 0.381MBps 38.8ms</bind>
  <bind>Comp:12-2-4 Comp:12-1-4 0.381MBps 38.8ms</bind>
  <bind>Comp:12-1-4 Comp:12-2-4 0.381MBps 38.8ms</bind>
  <bind>Comp:12-2-5 Comp:12-1-0 0.381MBps 38.8ms</bind>
  <bind>Comp:12-1-0 Comp:12-2-5 0.381MBps 38.8ms</bind>
  <bind>Comp:12-2-6 Comp:12-1-1 0.381MBps 38.8ms</bind>
  <bind>Comp:12-1-1 Comp:12-2-6 0.381MBps 38.8ms</bind>
  <bind>Comp:12-2-7 Comp:12-1-2 0.381MBps 38.8ms</bind>
  <bind>Comp:12-1-2 Comp:12-2-7 0.381MBps 38.8ms</bind>
  <bind>Comp:12-2-8 Comp:12-1-3 0.381MBps 38.8ms</bind>
  <bind>Comp:12-1-3 Comp:12-2-8 0.381MBps 38.8ms</bind>
  <bind>Comp:12-2-0 Appliance-32 0.132MBps 37.5ms</bind>
  <bind>Appliance-32 Comp:12-2-0 0.132MBps 37.5ms</bind>
  <bind>Comp:12-2-1 Appliance-1 0.132MBps 37.5ms</bind>
  <bind>Appliance-1 Comp:12-2-1 0.132MBps 37.5ms</bind>
  <bind>Comp:12-2-2 Appliance-7 0.132MBps 37.5ms</bind>
  <bind>Appliance-7 Comp:12-2-2 0.132MBps 37.5ms</bind>
  <bind>Comp:12-2-3 Appliance-5 0.132MBps 37.5ms</bind>
  <bind>Appliance-5 Comp:12-2-3 0.132MBps 37.5ms</bind>
  <bind>Comp:12-2-4 Appliance-6 0.132MBps 37.5ms</bind>
  <bind>Appliance-6 Comp:12-2-4 0.132MBps 37.5ms</bind>
  <bind>Comp:12-2-5 Appliance-14 0.132MBps 37.5ms</bind>
  <bind>Appliance-14 Comp:12-2-5 0.132MBps 37.5ms</bind>
  <bind>Comp:12-2-6 Appliance-12 0.132MBps 37.5ms</bind>
  <bind>Appliance-12 Comp:12-2-6 0.132MBps 37.5ms</bind>
  <bind>Comp:12-2-7 Appliance-18 0.132MBps 37.5ms</bind>
  <bind>Appliance-18 Comp:12-2-7 0.132MBps 37.5ms</bind>
  <bind>Comp:12-2-8 Appliance-5 0.132MBps 37.5ms</bind>
  <bind>Appliance-5 Comp:12-2-8 0.132MBps 37.5ms</bind>
  <bind>Comp:12-2-0 Appliance-24 0.132MBps 37.5ms</bind>
  <bind>Appliance-24 Comp:12-2-0 0.132MBps 37.5ms</bind>
</app>
<app>
  <id>App13</id>
<comp>
  <id>Comp:13-0-0</id>
  <CPU>0.203Gf</CPU>
  <RAM>0.602GB</RAM>
  <DISK>0.898GB</DISK>
</comp>
<comp>
  <id>Comp:13-1-0</id>
  <CPU>0.979Gf</CPU>
  <RAM>0.876GB</RAM>
  <DISK>1.84GB</DISK>
</comp>
<comp>
  <id>Comp:13-1-1</id>
  <CPU>0.979Gf</CPU>
  <RAM>0.876GB</RAM>
  <DISK>1.84GB</DISK>
</comp>
<comp>
  <id>Comp:13-1-2</id>
  <CPU>0.979Gf</CPU>
  <RAM>0.876GB</RAM>
  <DISK>1.84GB</DISK>
</comp>
<comp>
  <id>Comp:13-1-3</id>
  <CPU>0.979Gf</CPU>
  <RAM>0.876GB</RAM>
  <DISK>1.84GB</DISK>
</comp>
<comp>
  <id>Comp:13-1-4</id>
  <CPU>0.979Gf</CPU>
  <RAM>0.876GB</RAM>
  <DISK>1.84GB</DISK>
</comp>
<comp>
  <id>Comp:13-1-5</id>
  <CPU>0.979Gf</CPU>
  <RAM>0.876GB</RAM>
  <DISK>1.84GB</DISK>
</comp>
<comp>
  <id>Comp:13-2-0</id>
  <CPU>0.456Gf</CPU>
  <RAM>0.591GB</RAM>
  <DISK>1.43GB</DISK>
</comp>
<comp>
  <id>Comp:13-2-1</id>
  <CPU>0.456Gf</CPU>
  <RAM>0.591GB</RAM>
  <DISK>1.43GB</DISK>
</comp>
<comp>
  <id>Comp:13-2-2</id>
  <CPU>0.456Gf</CPU>
  <RAM>0.591GB</RAM>
  <DISK>1.43GB</DISK>
</comp>
<comp>
  <id>Comp:13-3-0</id>
  <CPU>0.845Gf</CPU>
  <RAM>0.91GB</RAM>
  <DISK>1.4GB</DISK>
</comp>
<comp>
  <id>Comp:13-3-1</id>
  <CPU>0.845Gf</CPU>
  <RAM>0.91GB</RAM>
  <DISK>1.4GB</DISK>
</comp>
<comp>
  <id>Comp:13-3-2</id>
  <CPU>0.845Gf</CPU>
  <RAM>0.91GB</RAM>
  <DISK>1.4GB</DISK>
</comp>
<comp>
  <id>Comp:13-3-3</id>
  <CPU>0.845Gf</CPU>
  <RAM>0.91GB</RAM>
  <DISK>1.4GB</DISK>
</comp>
<comp>
  <id>Comp:13-3-4</id>
  <CPU>0.845Gf</CPU>
  <RAM>0.91GB</RAM>
  <DISK>1.4GB</DISK>
</comp>
<comp>
  <id>Comp:13-3-5</id>
  <CPU>0.845Gf</CPU>
  <RAM>0.91GB</RAM>
  <DISK>1.4GB</DISK>
</comp>
<comp>
  <id>Comp:13-4-0</id>
  <CPU>0.127Gf</CPU>
  <RAM>0.199GB</RAM>
  <DISK>1.23GB</DISK>
</comp>
<comp>
  <id>Comp:13-4-1</id>
  <CPU>0.127Gf</CPU>
  <RAM>0.199GB</RAM>
  <DISK>1.23GB</DISK>
</comp>
<comp>
  <id>Comp:13-4-2</id>
  <CPU>0.127Gf</CPU>
  <RAM>0.199GB</RAM>
  <DISK>1.23GB</DISK>
</comp>
<comp>
  <id>Comp:13-4-3</id>
  <CPU>0.127Gf</CPU>
  <RAM>0.199GB</RAM>
  <DISK>1.23GB</DISK>
</comp>
<comp>
  <id>Comp:13-4-4</id>
  <CPU>0.127Gf</CPU>
  <RAM>0.199GB</RAM>
  <DISK>1.23GB</DISK>
</comp>
<comp>
  <id>Comp:13-4-5</id>
  <CPU>0.127Gf</CPU>
  <RAM>0.199GB</RAM>
  <DISK>1.23GB</DISK>
</comp>
<comp>
  <id>Comp:13-4-6</id>
  <CPU>0.127Gf</CPU>
  <RAM>0.199GB</RAM>
  <DISK>1.23GB</DISK>
</comp>
<comp>
  <id>Comp:13-4-7</id>
  <CPU>0.127Gf</CPU>
  <RAM>0.199GB</RAM>
  <DISK>1.23GB</DISK>
</comp>
<comp>
  <id>Comp:13-4-8</id>
  <CPU>0.127Gf</CPU>
  <RAM>0.199GB</RAM>
  <DISK>1.23GB</DISK>
</comp>
<comp>
  <id>Comp:13-4-9</id>
  <CPU>0.127Gf</CPU>
  <RAM>0.199GB</RAM>
  <DISK>1.23GB</DISK>
</comp>
<comp>
  <id>Comp:13-5-0</id>
  <CPU>0.217Gf</CPU>
  <RAM>0.783GB</RAM>
  <DISK>0.234GB</DISK>
</comp>
<comp>
  <id>Comp:13-5-1</id>
  <CPU>0.217Gf</CPU>
  <RAM>0.783GB</RAM>
  <DISK>0.234GB</DISK>
</comp>
<comp>
  <id>Comp:13-5-2</id>
  <CPU>0.217Gf</CPU>
  <RAM>0.783GB</RAM>
  <DISK>0.234GB</DISK>
</comp>
<comp>
  <id>Comp:13-5-3</id>
  <CPU>0.217Gf</CPU>
  <RAM>0.783GB</RAM>
  <DISK>0.234GB</DISK>
</comp>
<comp>
  <id>Comp:13-5-4</id>
  <CPU>0.217Gf</CPU>
  <RAM>0.783GB</RAM>
  <DISK>0.234GB</DISK>
</comp>
<comp>
  <id>Comp:13-5-5</id>
  <CPU>0.217Gf</CPU>
  <RAM>0.783GB</RAM>
  <DISK>0.234GB</DISK>
</comp>
<comp>
  <id>Comp:13-5-6</id>
  <CPU>0.217Gf</CPU>
  <RAM>0.783GB</RAM>
  <DISK>0.234GB</DISK>
</comp>
<comp>
  <id>Comp:13-5-7</id>
  <CPU>0.217Gf</CPU>
  <RAM>0.783GB</RAM>
  <DISK>0.234GB</DISK>
</comp>
  <bind>Comp:13-1-0 Comp:13-0-0 0.128MBps 32.4ms</bind>
  <bind>Comp:13-0-0 Comp:13-1-0 0.128MBps 32.4ms</bind>
  <bind>Comp:13-1-1 Comp:13-0-0 0.128MBps 32.4ms</bind>
  <bind>Comp:13-0-0 Comp:13-1-1 0.128MBps 32.4ms</bind>
  <bind>Comp:13-1-2 Comp:13-0-0 0.128MBps 32.4ms</bind>
  <bind>Comp:13-0-0 Comp:13-1-2 0.128MBps 32.4ms</bind>
  <bind>Comp:13-1-3 Comp:13-0-0 0.128MBps 32.4ms</bind>
  <bind>Comp:13-0-0 Comp:13-1-3 0.128MBps 32.4ms</bind>
  <bind>Comp:13-1-4 Comp:13-0-0 0.128MBps 32.4ms</bind>
  <bind>Comp:13-0-0 Comp:13-1-4 0.128MBps 32.4ms</bind>
  <bind>Comp:13-1-5 Comp:13-0-0 0.128MBps 32.4ms</bind>
  <bind>Comp:13-0-0 Comp:13-1-5 0.128MBps 32.4ms</bind>
  <bind>Comp:13-2-0 Comp:13-1-0 0.734MBps 28.9ms</bind>
  <bind>Comp:13-1-0 Comp:13-2-0 0.734MBps 28.9ms</bind>
  <bind>Comp:13-2-1 Comp:13-1-1 0.734MBps 28.9ms</bind>
  <bind>Comp:13-1-1 Comp:13-2-1 0.734MBps 28.9ms</bind>
  <bind>Comp:13-2-2 Comp:13-1-2 0.734MBps 28.9ms</bind>
  <bind>Comp:13-1-2 Comp:13-2-2 0.734MBps 28.9ms</bind>
  <bind>Comp:13-2-0 Comp:13-1-3 0.734MBps 28.9ms</bind>
  <bind>Comp:13-1-3 Comp:13-2-0 0.734MBps 28.9ms</bind>
  <bind>Comp:13-2-1 Comp:13-1-4 0.734MBps 28.9ms</bind>
  <bind>Comp:13-1-4 Comp:13-2-1 0.734MBps 28.9ms</bind>
  <bind>Comp:13-2-2 Comp:13-1-5 0.734MBps 28.9ms</bind>
  <bind>Comp:13-1-5 Comp:13-2-2 0.734MBps 28.9ms</bind>
  <bind>Comp:13-3-0 Comp:13-2-0 0.0396MBps 36.6ms</bind>
  <bind>Comp:13-2-0 Comp:13-3-0 0.0396MBps 36.6ms</bind>
  <bind>Comp:13-3-1 Comp:13-2-1 0.0396MBps 36.6ms</bind>
  <bind>Comp:13-2-1 Comp:13-3-1 0.0396MBps 36.6ms</bind>
  <bind>Comp:13-3-2 Comp:13-2-2 0.0396MBps 36.6ms</bind>
  <bind>Comp:13-2-2 Comp:13-3-2 0.0396MBps 36.6ms</bind>
  <bind>Comp:13-3-3 Comp:13-2-0 0.0396MBps 36.6ms</bind>
  <bind>Comp:13-2-0 Comp:13-3-3 0.0396MBps 36.6ms</bind>
  <bind>Comp:13-3-4 Comp:13-2-1 0.0396MBps 36.6ms</bind>
  <bind>Comp:13-2-1 Comp:13-3-4 0.0396MBps 36.6ms</bind>
  <bind>Comp:13-3-5 Comp:13-2-2 0.0396MBps 36.6ms</bind>
  <bind>Comp:13-2-2 Comp:13-3-5 0.0396MBps 36.6ms</bind>
  <bind>Comp:13-4-0 Comp:13-3-0 0.964MBps 36.8ms</bind>
  <bind>Comp:13-3-0 Comp:13-4-0 0.964MBps 36.8ms</bind>
  <bind>Comp:13-4-1 Comp:13-3-1 0.964MBps 36.8ms</bind>
  <bind>Comp:13-3-1 Comp:13-4-1 0.964MBps 36.8ms</bind>
  <bind>Comp:13-4-2 Comp:13-3-2 0.964MBps 36.8ms</bind>
  <bind>Comp:13-3-2 Comp:13-4-2 0.964MBps 36.8ms</bind>
  <bind>Comp:13-4-3 Comp:13-3-3 0.964MBps 36.8ms</bind>
  <bind>Comp:13-3-3 Comp:13-4-3 0.964MBps 36.8ms</bind>
  <bind>Comp:13-4-4 Comp:13-3-4 0.964MBps 36.8ms</bind>
  <bind>Comp:13-3-4 Comp:13-4-4 0.964MBps 36.8ms</bind>
  <bind>Comp:13-4-5 Comp:13-3-5 0.964MBps 36.8ms</bind>
  <bind>Comp:13-3-5 Comp:13-4-5 0.964MBps 36.8ms</bind>
  <bind>Comp:13-4-6 Comp:13-3-0 0.964MBps 36.8ms</bind>
  <bind>Comp:13-3-0 Comp:13-4-6 0.964MBps 36.8ms</bind>
  <bind>Comp:13-4-7 Comp:13-3-1 0.964MBps 36.8ms</bind>
  <bind>Comp:13-3-1 Comp:13-4-7 0.964MBps 36.8ms</bind>
  <bind>Comp:13-4-8 Comp:13-3-2 0.964MBps 36.8ms</bind>
  <bind>Comp:13-3-2 Comp:13-4-8 0.964MBps 36.8ms</bind>
  <bind>Comp:13-4-9 Comp:13-3-3 0.964MBps 36.8ms</bind>
  <bind>Comp:13-3-3 Comp:13-4-9 0.964MBps 36.8ms</bind>
  <bind>Comp:13-5-0 Comp:13-4-0 0.0741MBps 40.8ms</bind>
  <bind>Comp:13-4-0 Comp:13-5-0 0.0741MBps 40.8ms</bind>
  <bind>Comp:13-5-1 Comp:13-4-1 0.0741MBps 40.8ms</bind>
  <bind>Comp:13-4-1 Comp:13-5-1 0.0741MBps 40.8ms</bind>
  <bind>Comp:13-5-2 Comp:13-4-2 0.0741MBps 40.8ms</bind>
  <bind>Comp:13-4-2 Comp:13-5-2 0.0741MBps 40.8ms</bind>
  <bind>Comp:13-5-3 Comp:13-4-3 0.0741MBps 40.8ms</bind>
  <bind>Comp:13-4-3 Comp:13-5-3 0.0741MBps 40.8ms</bind>
  <bind>Comp:13-5-4 Comp:13-4-4 0.0741MBps 40.8ms</bind>
  <bind>Comp:13-4-4 Comp:13-5-4 0.0741MBps 40.8ms</bind>
  <bind>Comp:13-5-5 Comp:13-4-5 0.0741MBps 40.8ms</bind>
  <bind>Comp:13-4-5 Comp:13-5-5 0.0741MBps 40.8ms</bind>
  <bind>Comp:13-5-6 Comp:13-4-6 0.0741MBps 40.8ms</bind>
  <bind>Comp:13-4-6 Comp:13-5-6 0.0741MBps 40.8ms</bind>
  <bind>Comp:13-5-7 Comp:13-4-7 0.0741MBps 40.8ms</bind>
  <bind>Comp:13-4-7 Comp:13-5-7 0.0741MBps 40.8ms</bind>
  <bind>Comp:13-5-0 Comp:13-4-8 0.0741MBps 40.8ms</bind>
  <bind>Comp:13-4-8 Comp:13-5-0 0.0741MBps 40.8ms</bind>
  <bind>Comp:13-5-1 Comp:13-4-9 0.0741MBps 40.8ms</bind>
  <bind>Comp:13-4-9 Comp:13-5-1 0.0741MBps 40.8ms</bind>
  <bind>Comp:13-5-0 Appliance-5 0.468MBps 31.7ms</bind>
  <bind>Appliance-5 Comp:13-5-0 0.468MBps 31.7ms</bind>
  <bind>Comp:13-5-1 Appliance-3 0.468MBps 31.7ms</bind>
  <bind>Appliance-3 Comp:13-5-1 0.468MBps 31.7ms</bind>
  <bind>Comp:13-5-2 Appliance-5 0.468MBps 31.7ms</bind>
  <bind>Appliance-5 Comp:13-5-2 0.468MBps 31.7ms</bind>
  <bind>Comp:13-5-3 Appliance-3 0.468MBps 31.7ms</bind>
  <bind>Appliance-3 Comp:13-5-3 0.468MBps 31.7ms</bind>
  <bind>Comp:13-5-4 Appliance-5 0.468MBps 31.7ms</bind>
  <bind>Appliance-5 Comp:13-5-4 0.468MBps 31.7ms</bind>
  <bind>Comp:13-5-5 Appliance-3 0.468MBps 31.7ms</bind>
  <bind>Appliance-3 Comp:13-5-5 0.468MBps 31.7ms</bind>
  <bind>Comp:13-5-6 Appliance-5 0.468MBps 31.7ms</bind>
  <bind>Appliance-5 Comp:13-5-6 0.468MBps 31.7ms</bind>
  <bind>Comp:13-5-7 Appliance-3 0.468MBps 31.7ms</bind>
  <bind>Appliance-3 Comp:13-5-7 0.468MBps 31.7ms</bind>
</app>
</apps>
